timestamp,open,high,low,close
1998-09-28 00:00:00+00:00,284.0,291.0,284.0,290.54998779296875
1998-09-29 00:00:00+00:00,282.0,284.0,282.0,282.0
1998-09-30 00:00:00+00:00,279.0,283.0,277.0,281.1499938964844
1998-10-01 00:00:00+00:00,282.0,286.0,282.0,284.5
1998-10-02 00:00:00+00:00,282.0,283.5,282.0,283.5
1998-10-05 00:00:00+00:00,282.0,283.5,279.0,280.0
1998-10-06 00:00:00+00:00,280.0,283.0,278.25,282.6000061035156
1998-10-07 00:00:00+00:00,285.8999938964844,288.0,284.5,286.29998779296875
1998-10-08 00:00:00+00:00,285.0,287.0,282.1000061035156,282.75
1998-10-09 00:00:00+00:00,282.0,284.0,281.0,283.75
1998-10-12 00:00:00+00:00,283.0,283.0,278.5,278.5
1998-10-13 00:00:00+00:00,278.0,281.0,278.0,279.0
1998-10-14 00:00:00+00:00,275.20001220703125,279.0,275.0,278.0
1998-10-15 00:00:00+00:00,275.0,277.0,274.5,275.0
1998-10-16 00:00:00+00:00,278.0,282.0,277.0,280.95001220703125
1998-10-19 00:00:00+00:00,278.0,278.0,275.5,276.0
1998-10-20 00:00:00+00:00,274.20001220703125,274.20001220703125,270.5,272.75
1998-10-21 00:00:00+00:00,273.29998779296875,278.0,273.29998779296875,275.0
1998-10-22 00:00:00+00:00,275.0,275.0,273.5,273.8500061035156
1998-10-23 00:00:00+00:00,275.0,277.0,275.0,276.79998779296875
1998-10-26 00:00:00+00:00,278.0,278.8999938964844,275.1000061035156,275.5
1998-10-27 00:00:00+00:00,277.0,283.8999938964844,277.0,282.04998779296875
1998-10-28 00:00:00+00:00,281.5,281.5,279.1000061035156,281.0
1998-10-29 00:00:00+00:00,279.0,279.5,276.0,276.6000061035156
1998-10-30 00:00:00+00:00,275.1000061035156,277.0,275.0,277.0
1998-11-02 00:00:00+00:00,274.0,274.0,273.0,273.0
1998-11-03 00:00:00+00:00,273.0,274.0,272.5,272.75
1998-11-04 00:00:00+00:00,274.0,276.0,273.0,275.0
1998-11-05 00:00:00+00:00,275.0,276.5,275.0,276.0
1998-11-06 00:00:00+00:00,273.0,273.5,272.0,272.6000061035156
1998-11-09 00:00:00+00:00,270.29998779296875,272.6000061035156,270.0,271.20001220703125
1998-11-10 00:00:00+00:00,272.0,272.5,271.20001220703125,272.3999938964844
1998-11-11 00:00:00+00:00,272.29998779296875,273.5,272.0,273.5
1998-11-12 00:00:00+00:00,276.0,279.0,276.0,278.25
1998-11-13 00:00:00+00:00,278.5,278.5,275.0,277.5
1998-11-16 00:00:00+00:00,276.0,279.0,275.0,278.5
1998-11-17 00:00:00+00:00,278.0,282.0,278.0,280.8500061035156
1998-11-18 00:00:00+00:00,283.5,292.5,280.8500061035156,292.5
1998-11-19 00:00:00+00:00,296.0,310.0,296.0,306.6000061035156
1998-11-20 00:00:00+00:00,303.0,304.0,292.5,293.6499938964844
1998-11-23 00:00:00+00:00,286.0,286.0,281.0,281.25
1998-11-24 00:00:00+00:00,275.0,277.0,274.0,275.95001220703125
1998-11-25 00:00:00+00:00,279.0,279.0,274.5,277.79998779296875
1998-11-30 00:00:00+00:00,274.0,275.0,273.0,274.0
1998-12-01 00:00:00+00:00,273.0,273.0,271.5,272.6499938964844
1998-12-02 00:00:00+00:00,270.5,273.0,270.1000061035156,272.6000061035156
1998-12-03 00:00:00+00:00,272.0,272.0,272.0,272.0
1998-12-04 00:00:00+00:00,272.20001220703125,272.20001220703125,272.20001220703125,272.20001220703125
1998-12-07 00:00:00+00:00,272.20001220703125,272.0,272.0,270.75
1998-12-08 00:00:00+00:00,274.04998779296875,274.04998779296875,274.04998779296875,274.04998779296875
1998-12-09 00:00:00+00:00,284.8500061035156,284.8500061035156,284.8500061035156,284.8500061035156
1998-12-10 00:00:00+00:00,298.6499938964844,298.6499938964844,298.6499938964844,298.6499938964844
1998-12-11 00:00:00+00:00,292.79998779296875,292.79998779296875,292.79998779296875,292.79998779296875
1998-12-14 00:00:00+00:00,291.5,291.5,291.5,291.5
1998-12-15 00:00:00+00:00,294.6499938964844,294.6499938964844,294.6499938964844,294.6499938964844
1998-12-16 00:00:00+00:00,317.8999938964844,317.8999938964844,317.8999938964844,317.8999938964844
1998-12-17 00:00:00+00:00,326.8999938964844,326.8999938964844,326.8999938964844,326.8999938964844
1998-12-18 00:00:00+00:00,311.79998779296875,311.79998779296875,311.79998779296875,311.79998779296875
1998-12-21 00:00:00+00:00,314.8999938964844,314.8999938964844,314.8999938964844,314.8999938964844
1998-12-22 00:00:00+00:00,313.8999938964844,313.8999938964844,313.8999938964844,313.8999938964844
1998-12-23 00:00:00+00:00,314.0,314.0,314.0,314.0
1998-12-24 00:00:00+00:00,312.54998779296875,312.54998779296875,312.54998779296875,312.54998779296875
1998-12-28 00:00:00+00:00,312.0,319.79998779296875,312.0,319.20001220703125
1998-12-29 00:00:00+00:00,326.0,328.0,324.6000061035156,325.6499938964844
1998-12-30 00:00:00+00:00,327.0,330.0,327.0,327.95001220703125
1998-12-31 00:00:00+00:00,332.0,334.0,330.0,332.1499938964844
1999-01-04 00:00:00+00:00,333.0,340.0,333.0,339.45001220703125
1999-01-05 00:00:00+00:00,335.0,337.0,327.0,328.75
1999-01-06 00:00:00+00:00,329.5,330.0,315.20001220703125,318.95001220703125
1999-01-07 00:00:00+00:00,311.0,316.0,309.0,310.5
1999-01-08 00:00:00+00:00,312.5,319.5,312.5,317.0
1999-01-11 00:00:00+00:00,316.0,319.0,315.0,316.75
1999-01-12 00:00:00+00:00,318.0,319.8999938964844,311.20001220703125,314.5
1999-01-13 00:00:00+00:00,311.20001220703125,312.0,308.20001220703125,310.5
1999-01-14 00:00:00+00:00,307.0,313.0,307.0,312.79998779296875
1999-01-15 00:00:00+00:00,311.0,312.20001220703125,309.0,310.0
1999-01-19 00:00:00+00:00,316.0,323.5,316.0,322.1000061035156
1999-01-20 00:00:00+00:00,318.0,324.0,318.0,318.3999938964844
1999-01-21 00:00:00+00:00,320.0,322.0,319.0,320.0
1999-01-22 00:00:00+00:00,320.0,321.5,319.0,321.04998779296875
1999-01-25 00:00:00+00:00,321.04998779296875,329.0,321.04998779296875,325.0
1999-01-26 00:00:00+00:00,325.5,327.0,325.5,326.75
1999-01-27 00:00:00+00:00,329.0,330.0,329.0,329.0
1999-01-28 00:00:00+00:00,328.54998779296875,332.0,328.0,331.75
1999-01-29 00:00:00+00:00,337.0,337.0,334.0,336.5
1999-02-01 00:00:00+00:00,340.0,344.0,340.0,343.6499938964844
1999-02-02 00:00:00+00:00,342.0,342.0,331.1000061035156,340.75
1999-02-03 00:00:00+00:00,351.0,351.0,351.0,351.0
1999-02-04 00:00:00+00:00,356.0,368.0,352.0,362.70001220703125
1999-02-05 00:00:00+00:00,357.0,359.5,343.0,346.0
1999-02-08 00:00:00+00:00,343.0,352.0,341.0,346.0
1999-02-09 00:00:00+00:00,347.0,353.75,343.0,351.5
1999-02-10 00:00:00+00:00,355.0,367.0,354.5,356.8999938964844
1999-02-11 00:00:00+00:00,357.0,358.5,352.0,354.0
1999-02-12 00:00:00+00:00,358.0,364.0,355.0,357.5
1999-02-16 00:00:00+00:00,353.0,354.75,349.0,350.0
1999-02-17 00:00:00+00:00,349.0,349.5,342.0,344.1000061035156
1999-02-18 00:00:00+00:00,348.0,358.3999938964844,348.0,358.0
1999-02-19 00:00:00+00:00,359.0,362.0,350.8500061035156,353.20001220703125
1999-02-22 00:00:00+00:00,353.20001220703125,353.20001220703125,347.0,347.3999938964844
1999-02-23 00:00:00+00:00,345.0,349.0,343.5,346.3999938964844
1999-02-24 00:00:00+00:00,347.0,353.0,344.0,350.6000061035156
1999-02-25 00:00:00+00:00,351.0,355.1000061035156,351.0,356.0
1999-02-26 00:00:00+00:00,354.5,356.0,347.0,350.6000061035156
1999-03-01 00:00:00+00:00,350.0,350.0,348.0,350.0
1999-03-02 00:00:00+00:00,349.5,352.0,347.0,353.29998779296875
1999-03-03 00:00:00+00:00,350.0,350.0,347.5,346.6000061035156
1999-03-04 00:00:00+00:00,348.0,348.0,348.0,346.8500061035156
1999-03-05 00:00:00+00:00,348.0,348.0,348.0,347.0
1999-03-08 00:00:00+00:00,349.0,349.0,349.0,348.45001220703125
1999-03-09 00:00:00+00:00,349.0,349.0,349.0,347.6000061035156
1999-03-10 00:00:00+00:00,345.0,347.0,345.0,347.0
1999-03-11 00:00:00+00:00,345.0,345.0,345.0,347.0
1999-03-12 00:00:00+00:00,356.0,356.0,356.0,350.3999938964844
1999-03-15 00:00:00+00:00,356.0,356.0,356.0,351.95001220703125
1999-03-16 00:00:00+00:00,353.0,353.0,353.0,352.0
1999-03-17 00:00:00+00:00,353.0,353.0,353.0,349.75
1999-03-18 00:00:00+00:00,349.75,353.0,353.0,352.0
1999-03-19 00:00:00+00:00,353.0,356.0,353.0,359.20001220703125
1999-03-22 00:00:00+00:00,361.0,361.0,359.0,359.79998779296875
1999-03-23 00:00:00+00:00,358.25,358.25,358.0,357.75
1999-03-24 00:00:00+00:00,357.5,357.5,357.5,357.5
1999-03-25 00:00:00+00:00,365.0,365.0,365.0,363.75
1999-03-26 00:00:00+00:00,372.0,372.0,372.0,370.5
1999-03-29 00:00:00+00:00,368.0,369.0,361.0,362.75
1999-03-30 00:00:00+00:00,360.0,362.0,357.5,360.0
1999-03-31 00:00:00+00:00,358.5,361.0,358.0,358.20001220703125
1999-04-01 00:00:00+00:00,348.0,361.0,345.0,353.8500061035156
1999-04-05 00:00:00+00:00,353.8500061035156,358.0,353.8500061035156,356.0
1999-04-06 00:00:00+00:00,356.0,362.0,356.0,361.0
1999-04-07 00:00:00+00:00,361.0,367.0,361.0,365.1000061035156
1999-04-08 00:00:00+00:00,364.1000061035156,365.0,358.5,358.8500061035156
1999-04-09 00:00:00+00:00,363.75,366.0,357.1000061035156,363.75
1999-04-12 00:00:00+00:00,365.0,366.0,362.75,365.25
1999-04-13 00:00:00+00:00,365.95001220703125,368.0,365.95001220703125,366.20001220703125
1999-04-14 00:00:00+00:00,365.0,369.5,365.0,366.8999938964844
1999-04-15 00:00:00+00:00,369.0,369.79998779296875,368.0,368.1499938964844
1999-04-16 00:00:00+00:00,371.5,372.0,370.0,371.5
1999-04-19 00:00:00+00:00,380.0,383.0,373.0,381.20001220703125
1999-04-20 00:00:00+00:00,385.0,387.0,382.0,385.04998779296875
1999-04-21 00:00:00+00:00,380.0,381.5,375.0,376.8999938964844
1999-04-22 00:00:00+00:00,367.0,372.0,365.20001220703125,371.1499938964844
1999-04-23 00:00:00+00:00,355.95001220703125,367.0,355.0,355.95001220703125
1999-04-26 00:00:00+00:00,355.95001220703125,355.95001220703125,349.0,349.75
1999-04-27 00:00:00+00:00,350.0,354.0,350.0,351.0
1999-04-28 00:00:00+00:00,346.0,347.0,334.0,335.5
1999-04-29 00:00:00+00:00,329.0,342.0,328.0,340.8999938964844
1999-04-30 00:00:00+00:00,335.0,336.0,296.0,308.0
1999-05-03 00:00:00+00:00,305.0,305.0,296.0,296.29998779296875
1999-05-04 00:00:00+00:00,293.3999938964844,293.3999938964844,285.0,288.04998779296875
1999-05-05 00:00:00+00:00,286.0,297.0,280.0,294.20001220703125
1999-05-06 00:00:00+00:00,308.0,316.0,296.0,313.45001220703125
1999-05-07 00:00:00+00:00,325.0,337.0,308.1000061035156,336.1000061035156
1999-05-10 00:00:00+00:00,329.79998779296875,334.5,325.1000061035156,329.0
1999-05-11 00:00:00+00:00,330.0,334.0,326.0,333.0
1999-05-12 00:00:00+00:00,333.0,343.0,333.0,337.0
1999-05-13 00:00:00+00:00,339.0,343.0,339.0,342.25
1999-05-14 00:00:00+00:00,345.0,347.0,343.0,343.0
1999-05-17 00:00:00+00:00,338.0,341.0,338.0,340.5
1999-05-18 00:00:00+00:00,345.0,345.0,341.0,341.20001220703125
1999-05-19 00:00:00+00:00,337.0,345.20001220703125,334.0,336.0
1999-05-20 00:00:00+00:00,334.0,334.0,327.5,328.0
1999-05-21 00:00:00+00:00,332.5,340.0,328.5,336.95001220703125
1999-05-24 00:00:00+00:00,332.0,333.5,330.0,333.04998779296875
1999-05-25 00:00:00+00:00,331.0,338.0,328.20001220703125,338.0
1999-05-26 00:00:00+00:00,339.25,348.0,339.25,341.5
1999-05-27 00:00:00+00:00,338.5,342.0,338.5,342.0
1999-05-28 00:00:00+00:00,337.0,341.0,335.0,341.6499938964844
1999-06-01 00:00:00+00:00,339.0,340.0,339.0,342.45001220703125
1999-06-02 00:00:00+00:00,343.0,343.5,343.0,344.5
1999-06-03 00:00:00+00:00,348.0,348.0,348.0,343.25
1999-06-04 00:00:00+00:00,348.0,348.0,348.0,344.5
1999-06-07 00:00:00+00:00,344.5,348.0,348.0,345.5
1999-06-08 00:00:00+00:00,347.0,347.0,345.0,347.3999938964844
1999-06-09 00:00:00+00:00,352.0,352.5,352.0,351.0
1999-06-10 00:00:00+00:00,350.0,350.0,348.0,350.3999938964844
1999-06-11 00:00:00+00:00,343.0,343.0,343.0,344.29998779296875
1999-06-14 00:00:00+00:00,338.0,338.0,338.0,336.29998779296875
1999-06-15 00:00:00+00:00,338.0,338.0,338.0,337.6499938964844
1999-06-16 00:00:00+00:00,340.0,340.0,340.0,337.0
1999-06-17 00:00:00+00:00,338.0,338.0,338.0,338.95001220703125
1999-06-18 00:00:00+00:00,340.0,340.0,340.0,341.5
1999-06-21 00:00:00+00:00,335.0,337.0,333.0,334.5
1999-06-22 00:00:00+00:00,330.0,334.0,330.0,332.5
1999-06-23 00:00:00+00:00,325.0,326.5,324.0,325.79998779296875
1999-06-24 00:00:00+00:00,325.0,326.5,324.0,329.75
1999-06-25 00:00:00+00:00,329.75,326.5,324.0,329.29998779296875
1999-06-28 00:00:00+00:00,327.0,327.5,325.0,327.5
1999-06-29 00:00:00+00:00,324.0,325.0,322.0,323.25
1999-06-30 00:00:00+00:00,321.0,324.0,320.0,320.29998779296875
1999-07-01 00:00:00+00:00,320.0,322.0,319.0,321.5
1999-07-02 00:00:00+00:00,318.5,319.79998779296875,318.0,318.5
1999-07-06 00:00:00+00:00,317.79998779296875,317.79998779296875,315.25,316.0
1999-07-07 00:00:00+00:00,315.1499938964844,324.79998779296875,314.0,321.0
1999-07-08 00:00:00+00:00,327.1000061035156,331.75,324.8999938964844,331.0
1999-07-09 00:00:00+00:00,332.0,335.0,331.0,331.0
1999-07-12 00:00:00+00:00,333.0,336.0,333.0,335.0
1999-07-13 00:00:00+00:00,334.95001220703125,339.0,334.0,339.0
1999-07-14 00:00:00+00:00,338.5,345.0,336.0,343.0
1999-07-15 00:00:00+00:00,342.0,342.0,337.5,338.0
1999-07-16 00:00:00+00:00,337.5,339.5,337.0,337.0
1999-07-19 00:00:00+00:00,337.5,337.5,335.0,337.0
1999-07-20 00:00:00+00:00,336.75,338.5,336.75,338.5
1999-07-21 00:00:00+00:00,338.5,344.0,338.0,342.0
1999-07-22 00:00:00+00:00,342.5,344.0,341.0,342.0
1999-07-23 00:00:00+00:00,343.0,345.0,342.75,344.0
1999-07-26 00:00:00+00:00,343.0,343.0,343.0,343.0
1999-07-27 00:00:00+00:00,342.5,344.0,337.0,338.0
1999-07-28 00:00:00+00:00,338.5,340.0,336.0,339.5
1999-07-29 00:00:00+00:00,340.0,344.0,340.0,343.0
1999-07-30 00:00:00+00:00,342.5,342.5,336.20001220703125,338.0
1999-08-02 00:00:00+00:00,334.0,334.0,331.0,333.5
1999-08-03 00:00:00+00:00,333.5,338.0,331.0,337.0
1999-08-04 00:00:00+00:00,340.0,343.0,340.0,341.8999938964844
1999-08-05 00:00:00+00:00,342.5,342.5,339.75,339.75
1999-08-06 00:00:00+00:00,338.04998779296875,341.5,338.0,341.5
1999-08-09 00:00:00+00:00,348.0,348.0,345.0,345.0
1999-08-10 00:00:00+00:00,341.5,341.5,339.0,340.0
1999-08-11 00:00:00+00:00,342.1000061035156,344.0,339.04998779296875,342.0
1999-08-12 00:00:00+00:00,342.29998779296875,343.0,342.29998779296875,342.5
1999-08-13 00:00:00+00:00,343.0,343.0,336.0,339.0
1999-08-16 00:00:00+00:00,334.0,338.5,334.0,338.5
1999-08-17 00:00:00+00:00,337.0,339.0,337.0,338.5
1999-08-18 00:00:00+00:00,341.79998779296875,342.5,341.0,342.0
1999-08-19 00:00:00+00:00,342.0,347.0,342.0,345.0
1999-08-20 00:00:00+00:00,348.5,348.5,345.0,346.0
1999-08-23 00:00:00+00:00,345.20001220703125,346.0,343.0,346.0
1999-08-24 00:00:00+00:00,343.25,345.0,340.20001220703125,344.0
1999-08-25 00:00:00+00:00,340.25,342.0,340.0,341.0
1999-08-26 00:00:00+00:00,340.5,341.0,339.0,339.0
1999-08-27 00:00:00+00:00,339.0,339.5,336.20001220703125,335.8500061035156
1999-08-30 00:00:00+00:00,336.20001220703125,338.79998779296875,332.0,337.79998779296875
1999-08-31 00:00:00+00:00,340.0,342.0,340.0,341.95001220703125
1999-09-01 00:00:00+00:00,341.5,344.0,341.0,344.0
1999-09-02 00:00:00+00:00,349.0,355.0,349.0,353.45001220703125
1999-09-03 00:00:00+00:00,353.0,354.0,353.0,352.54998779296875
1999-09-07 00:00:00+00:00,358.0,358.0,356.0,360.25
1999-09-08 00:00:00+00:00,358.0,358.0,358.0,354.8500061035156
1999-09-09 00:00:00+00:00,358.0,358.0,358.0,363.8500061035156
1999-09-10 00:00:00+00:00,362.0,362.0,362.0,365.6499938964844
1999-09-13 00:00:00+00:00,362.0,362.0,362.0,371.25
1999-09-14 00:00:00+00:00,371.25,371.25,371.25,373.0
1999-09-15 00:00:00+00:00,370.0,370.0,370.0,370.0
1999-09-16 00:00:00+00:00,370.0,370.0,370.0,373.29998779296875
1999-09-17 00:00:00+00:00,373.29998779296875,370.0,370.0,366.6000061035156
1999-09-20 00:00:00+00:00,366.6000061035156,370.0,370.0,365.0
1999-09-21 00:00:00+00:00,373.0,373.0,373.0,369.70001220703125
1999-09-22 00:00:00+00:00,373.0,373.0,373.0,369.5
1999-09-23 00:00:00+00:00,369.5,373.0,373.0,366.95001220703125
1999-09-24 00:00:00+00:00,359.0,360.0,359.0,361.3999938964844
1999-09-27 00:00:00+00:00,359.0,360.0,359.0,366.6000061035156
1999-09-28 00:00:00+00:00,371.8999938964844,381.0,371.1000061035156,378.1499938964844
1999-09-29 00:00:00+00:00,396.95001220703125,405.0,380.0,391.8500061035156
1999-09-30 00:00:00+00:00,378.0,395.0,366.0,369.3999938964844
1999-10-01 00:00:00+00:00,384.0,384.0,375.8999938964844,376.75
1999-10-04 00:00:00+00:00,386.0,389.0,384.0,389.0
1999-10-05 00:00:00+00:00,390.0,390.0,383.0,384.75
1999-10-06 00:00:00+00:00,382.0,388.1000061035156,379.0,382.0
1999-10-07 00:00:00+00:00,382.0,393.0,382.0,389.75
1999-10-08 00:00:00+00:00,389.75,392.0,386.0,386.75
1999-10-11 00:00:00+00:00,393.0,393.0,391.0,391.6000061035156
1999-10-12 00:00:00+00:00,393.0,394.0,389.5,393.0
1999-10-13 00:00:00+00:00,386.0,394.20001220703125,381.0,382.8500061035156
1999-10-14 00:00:00+00:00,382.0,383.1000061035156,376.0,378.0
1999-10-15 00:00:00+00:00,374.0,381.0,363.0,377.75
1999-10-18 00:00:00+00:00,377.0,377.5,373.5,375.0
1999-10-19 00:00:00+00:00,376.0,380.75,376.0,379.5
1999-10-20 00:00:00+00:00,382.0,391.5,382.0,387.8999938964844
1999-10-21 00:00:00+00:00,386.0,387.0,384.5,385.0
1999-10-22 00:00:00+00:00,385.0,392.0,385.0,391.5
1999-10-25 00:00:00+00:00,393.0,398.0,392.0,393.1000061035156
1999-10-26 00:00:00+00:00,394.5,394.5,386.5,392.0
1999-10-27 00:00:00+00:00,390.25,394.8999938964844,390.0,391.1499938964844
1999-10-28 00:00:00+00:00,392.0,392.0,390.0,391.0
1999-10-29 00:00:00+00:00,393.0,396.75,392.0,393.6000061035156
1999-11-01 00:00:00+00:00,391.0,393.0,391.0,391.75
1999-11-02 00:00:00+00:00,391.0,391.0,388.5,390.70001220703125
1999-11-03 00:00:00+00:00,392.0,395.8999938964844,390.5,392.1499938964844
1999-11-04 00:00:00+00:00,392.0,395.0,392.0,394.79998779296875
1999-11-05 00:00:00+00:00,394.79998779296875,398.0,393.5,396.0
1999-11-08 00:00:00+00:00,395.5,398.5,395.5,396.5
1999-11-09 00:00:00+00:00,397.0,406.0,397.0,403.1499938964844
1999-11-10 00:00:00+00:00,405.0,415.0,405.0,413.6499938964844
1999-11-11 00:00:00+00:00,417.0,420.0,414.0,414.0
1999-11-12 00:00:00+00:00,408.5,417.5,408.5,414.6000061035156
1999-11-15 00:00:00+00:00,414.0,415.0,414.0,414.5
1999-11-16 00:00:00+00:00,411.0,413.0,405.0,407.0
1999-11-17 00:00:00+00:00,414.0,416.0,400.5,409.75
1999-11-18 00:00:00+00:00,405.20001220703125,406.0,395.5,398.5
1999-11-19 00:00:00+00:00,392.20001220703125,398.0,391.25,395.5
1999-11-22 00:00:00+00:00,393.0,405.0,393.0,404.0
1999-11-23 00:00:00+00:00,404.0,407.0,403.0,404.5
1999-11-24 00:00:00+00:00,400.0,404.0,398.0,403.3999938964844
1999-11-29 00:00:00+00:00,393.0,400.0,393.0,398.0
1999-11-30 00:00:00+00:00,398.0,398.0,396.5,397.29998779296875
1999-12-01 00:00:00+00:00,397.29998779296875,400.0,397.29998779296875,397.5
1999-12-02 00:00:00+00:00,398.5,402.5,398.5,402.6499938964844
1999-12-03 00:00:00+00:00,404.0,404.0,404.0,406.5
1999-12-06 00:00:00+00:00,409.0,414.0,409.0,414.95001220703125
1999-12-07 00:00:00+00:00,412.0,412.0,410.0,412.6000061035156
1999-12-08 00:00:00+00:00,412.0,414.0,410.0,412.29998779296875
1999-12-09 00:00:00+00:00,412.0,414.0,410.0,413.20001220703125
1999-12-10 00:00:00+00:00,418.0,418.0,418.0,422.04998779296875
1999-12-13 00:00:00+00:00,418.0,418.0,418.0,429.0
1999-12-14 00:00:00+00:00,428.0,431.5,428.0,435.1499938964844
1999-12-15 00:00:00+00:00,428.0,433.0,428.0,435.75
1999-12-16 00:00:00+00:00,440.0,440.0,440.0,443.75
1999-12-17 00:00:00+00:00,449.0,449.0,447.0,447.8500061035156
1999-12-20 00:00:00+00:00,441.0,445.5,441.0,445.45001220703125
1999-12-21 00:00:00+00:00,444.5,444.5,443.0,443.8999938964844
1999-12-22 00:00:00+00:00,444.5,444.5,443.0,445.8500061035156
1999-12-23 00:00:00+00:00,449.5,449.5,449.0,448.5
1999-12-27 00:00:00+00:00,450.0,454.0,450.0,456.95001220703125
1999-12-28 00:00:00+00:00,448.0,449.79998779296875,448.0,449.1499938964844
1999-12-29 00:00:00+00:00,449.0,455.0,449.0,454.6499938964844
1999-12-30 00:00:00+00:00,454.6499938964844,454.6499938964844,445.0,449.20001220703125
2000-01-04 00:00:00+00:00,445.0,446.0,439.0,441.8999938964844
2000-01-05 00:00:00+00:00,436.0,439.0,433.0,438.1000061035156
2000-01-06 00:00:00+00:00,434.5,437.0,430.20001220703125,435.29998779296875
2000-01-07 00:00:00+00:00,437.0,444.5,436.5,443.8999938964844
2000-01-10 00:00:00+00:00,443.8999938964844,456.0,443.8999938964844,451.95001220703125
2000-01-11 00:00:00+00:00,452.0,452.0,447.5,449.3999938964844
2000-01-12 00:00:00+00:00,453.0,453.0,448.25,452.25
2000-01-13 00:00:00+00:00,445.0,448.1000061035156,441.20001220703125,447.0
2000-01-14 00:00:00+00:00,439.0,443.1000061035156,436.20001220703125,441.0
2000-01-18 00:00:00+00:00,438.0,440.0,436.5,438.70001220703125
2000-01-19 00:00:00+00:00,443.0,445.0,438.6000061035156,442.75
2000-01-20 00:00:00+00:00,442.0,451.79998779296875,442.0,451.70001220703125
2000-01-21 00:00:00+00:00,452.0,458.0,448.1000061035156,457.1000061035156
2000-01-24 00:00:00+00:00,460.0,470.5,460.0,470.25
2000-01-25 00:00:00+00:00,477.0,482.0,475.20001220703125,479.0
2000-01-26 00:00:00+00:00,474.0,480.0,468.0,472.0
2000-01-27 00:00:00+00:00,479.0,483.20001220703125,476.0,483.0
2000-01-28 00:00:00+00:00,492.0,492.0,483.0,485.8999938964844
2000-01-31 00:00:00+00:00,485.79998779296875,488.5,483.5,484.70001220703125
2000-02-01 00:00:00+00:00,485.0,499.5,481.1000061035156,492.54998779296875
2000-02-02 00:00:00+00:00,502.0,506.0,492.5,502.25
2000-02-03 00:00:00+00:00,510.0,517.0,495.1000061035156,514.0499877929688
2000-02-04 00:00:00+00:00,516.0,530.0,509.0,530.0
2000-02-07 00:00:00+00:00,535.0,544.0,529.0,540.9000244140625
2000-02-08 00:00:00+00:00,570.0,580.0,536.5999755859375,579.7999877929688
2000-02-09 00:00:00+00:00,578.0,598.0,570.0,590.1500244140625
2000-02-10 00:00:00+00:00,576.0,589.0,571.0,580.0
2000-02-11 00:00:00+00:00,593.0,600.0,570.2000122070312,598.8499755859375
2000-02-14 00:00:00+00:00,602.0,609.0,570.0999755859375,605.5
2000-02-15 00:00:00+00:00,655.0,662.0,605.4000244140625,658.3499755859375
2000-02-16 00:00:00+00:00,670.0,720.0,659.0,711.1500244140625
2000-02-17 00:00:00+00:00,730.0,747.0,695.0,705.5499877929688
2000-02-18 00:00:00+00:00,700.0,720.0,662.0,701.25
2000-02-22 00:00:00+00:00,745.0,835.0,720.7999877929688,816.7999877929688
2000-02-23 00:00:00+00:00,780.0,816.0,710.0,720.0
2000-02-24 00:00:00+00:00,690.0,720.0,690.0,697.4000244140625
2000-02-25 00:00:00+00:00,685.0,700.0,665.0,689.0
2000-02-28 00:00:00+00:00,700.0,725.0,700.0,721.2000122070312
2000-02-29 00:00:00+00:00,725.0,725.0,710.0,712.0
2000-03-01 00:00:00+00:00,700.0,700.0,690.0,690.9000244140625
2000-03-02 00:00:00+00:00,667.0,675.0,667.0,665.4000244140625
2000-03-03 00:00:00+00:00,652.0,652.0,652.0,655.0
2000-03-06 00:00:00+00:00,654.0,654.0,649.0,660.0
2000-03-07 00:00:00+00:00,645.0,645.0,645.0,665.5
2000-03-08 00:00:00+00:00,645.0,645.0,645.0,704.7000122070312
2000-03-09 00:00:00+00:00,720.0,720.0,720.0,694.5
2000-03-10 00:00:00+00:00,720.0,720.0,720.0,707.5
2000-03-13 00:00:00+00:00,707.5,720.0,720.0,692.5
2000-03-14 00:00:00+00:00,692.5,720.0,720.0,697.5
2000-03-15 00:00:00+00:00,697.5,720.0,720.0,706.0
2000-03-16 00:00:00+00:00,706.0,720.0,720.0,720.0
2000-03-17 00:00:00+00:00,720.0,720.0,720.0,718.5
2000-03-20 00:00:00+00:00,711.0,711.0,711.0,686.9000244140625
2000-03-21 00:00:00+00:00,695.0,695.0,660.0,663.5
2000-03-22 00:00:00+00:00,695.0,695.0,660.0,660.5499877929688
2000-03-23 00:00:00+00:00,660.5499877929688,695.0,660.0,650.5
2000-03-24 00:00:00+00:00,630.0,638.0,615.0999755859375,618.0
2000-03-27 00:00:00+00:00,610.0,620.0,605.0,614.75
2000-03-28 00:00:00+00:00,616.5,622.0,615.0,615.5499877929688
2000-03-29 00:00:00+00:00,620.0,620.0,607.0,610.0
2000-03-30 00:00:00+00:00,610.0,610.0,595.0,602.7999877929688
2000-03-31 00:00:00+00:00,600.0,600.0,555.0,595.5
2000-04-03 00:00:00+00:00,585.0,588.0,578.0,582.0
2000-04-04 00:00:00+00:00,582.0,598.0,582.0,595.0
2000-04-05 00:00:00+00:00,595.0,599.0,590.0,595.7000122070312
2000-04-06 00:00:00+00:00,590.0,595.0,585.0,586.0
2000-04-07 00:00:00+00:00,582.0,585.0,572.0,579.0
2000-04-10 00:00:00+00:00,567.0,568.0,550.0,555.0
2000-04-11 00:00:00+00:00,548.0,568.0,547.5,565.2000122070312
2000-04-12 00:00:00+00:00,562.0,566.0,562.0,562.0
2000-04-13 00:00:00+00:00,564.0,564.0,559.0,560.7000122070312
2000-04-14 00:00:00+00:00,563.0,581.0,563.0,580.9500122070312
2000-04-17 00:00:00+00:00,577.0,581.0,570.0,577.5
2000-04-18 00:00:00+00:00,579.0,587.0,579.0,585.1500244140625
2000-04-19 00:00:00+00:00,583.0,583.0,570.2000122070312,574.2999877929688
2000-04-20 00:00:00+00:00,560.0,569.9000244140625,560.0,562.0999755859375
2000-04-24 00:00:00+00:00,563.0,565.9000244140625,562.5,565.4000244140625
2000-04-25 00:00:00+00:00,564.0,580.0,564.0,578.75
2000-04-26 00:00:00+00:00,575.0,576.0,566.0999755859375,574.9000244140625
2000-04-27 00:00:00+00:00,577.0,595.0,577.0,590.7999877929688
2000-04-28 00:00:00+00:00,600.0,625.0,594.0,620.5999755859375
2000-05-01 00:00:00+00:00,620.0,649.9000244140625,614.0,630.0
2000-05-02 00:00:00+00:00,630.0,630.0,588.0,599.0
2000-05-03 00:00:00+00:00,590.0,600.0,578.0,593.25
2000-05-04 00:00:00+00:00,575.2000122070312,589.0,569.9000244140625,588.5
2000-05-05 00:00:00+00:00,580.0,586.0,580.0,585.4000244140625
2000-05-08 00:00:00+00:00,580.0,584.0,580.0,584.0
2000-05-09 00:00:00+00:00,589.4000244140625,589.4000244140625,581.0,584.3499755859375
2000-05-10 00:00:00+00:00,579.5,584.5,577.0,583.5999755859375
2000-05-11 00:00:00+00:00,578.0,581.0,576.0,577.5999755859375
2000-05-12 00:00:00+00:00,575.0,576.0,572.5,573.5
2000-05-15 00:00:00+00:00,571.0,573.0,562.0999755859375,567.5
2000-05-16 00:00:00+00:00,565.5,579.9000244140625,565.5,576.0
2000-05-17 00:00:00+00:00,568.0,579.9000244140625,568.0,572.25
2000-05-18 00:00:00+00:00,572.9000244140625,574.5,572.25,574.5
2000-05-19 00:00:00+00:00,575.0,592.0,574.5,578.5
2000-05-22 00:00:00+00:00,572.0,573.5,565.0,570.0999755859375
2000-05-23 00:00:00+00:00,566.0,578.0,566.0,575.0
2000-05-24 00:00:00+00:00,566.0,570.0,564.0999755859375,569.0
2000-05-25 00:00:00+00:00,565.0,566.0,563.0,565.0
2000-05-26 00:00:00+00:00,563.0,566.0,563.0,565.5
2000-05-30 00:00:00+00:00,565.5,572.0,565.0,570.2000122070312
2000-05-31 00:00:00+00:00,574.0,580.0,570.0,581.8499755859375
2000-06-01 00:00:00+00:00,575.0,583.0,572.0,578.5
2000-06-02 00:00:00+00:00,588.0,589.0,588.0,594.3499755859375
2000-06-05 00:00:00+00:00,614.0,616.0,614.0,618.6500244140625
2000-06-06 00:00:00+00:00,618.0,618.0,618.0,620.6500244140625
2000-06-07 00:00:00+00:00,635.0,640.0,635.0,641.1500244140625
2000-06-08 00:00:00+00:00,646.0,646.0,646.0,644.2000122070312
2000-06-09 00:00:00+00:00,648.0,648.0,648.0,645.0499877929688
2000-06-12 00:00:00+00:00,648.5,648.5,648.5,645.75
2000-06-13 00:00:00+00:00,645.75,648.5,648.5,666.2999877929688
2000-06-14 00:00:00+00:00,666.2999877929688,648.5,648.5,665.0
2000-06-15 00:00:00+00:00,673.5,673.5,673.5,671.9000244140625
2000-06-16 00:00:00+00:00,690.0,690.0,690.0,684.9500122070312
2000-06-19 00:00:00+00:00,690.0,690.0,690.0,692.1500244140625
2000-06-20 00:00:00+00:00,691.0,691.0,691.0,688.0
2000-06-21 00:00:00+00:00,691.0,691.0,691.0,679.4500122070312
2000-06-22 00:00:00+00:00,679.4500122070312,691.0,691.0,651.6500244140625
2000-06-23 00:00:00+00:00,665.0,665.0,665.0,662.0
2000-06-26 00:00:00+00:00,665.0,665.0,665.0,667.0
2000-06-27 00:00:00+00:00,667.0,665.0,665.0,654.1500244140625
2000-06-28 00:00:00+00:00,654.1500244140625,665.0,650.0,660.25
2000-06-29 00:00:00+00:00,659.5999755859375,659.5999755859375,652.0,654.2999877929688
2000-06-30 00:00:00+00:00,635.0,651.0999755859375,635.0,647.9500122070312
2000-07-05 00:00:00+00:00,624.0,627.0,618.0,625.5499877929688
2000-07-06 00:00:00+00:00,626.0,645.0,626.0,641.4000244140625
2000-07-07 00:00:00+00:00,647.0,664.0,647.0,662.3499755859375
2000-07-10 00:00:00+00:00,675.0,675.0,665.0,671.0
2000-07-11 00:00:00+00:00,675.0,678.0,670.0,672.9500122070312
2000-07-12 00:00:00+00:00,676.0,676.0,663.5,665.2000122070312
2000-07-13 00:00:00+00:00,662.0,670.0,660.0,669.5
2000-07-14 00:00:00+00:00,673.0,689.5,672.0,686.6500244140625
2000-07-17 00:00:00+00:00,698.0,710.0,689.9000244140625,708.25
2000-07-18 00:00:00+00:00,719.0,719.0,711.0,717.5
2000-07-19 00:00:00+00:00,713.0,718.0,704.0,713.75
2000-07-20 00:00:00+00:00,720.0,740.0,715.0,735.8499755859375
2000-07-21 00:00:00+00:00,775.0,780.0,738.0,765.4000244140625
2000-07-24 00:00:00+00:00,773.0,776.0,762.0,762.9500122070312
2000-07-25 00:00:00+00:00,769.0,770.0,762.5,764.0
2000-07-26 00:00:00+00:00,762.0,768.0,760.0,764.0
2000-07-27 00:00:00+00:00,761.0,766.0,760.0,762.0
2000-07-28 00:00:00+00:00,768.0,774.0,766.0,773.0
2000-07-31 00:00:00+00:00,805.0,828.0,779.0999755859375,818.0
2000-08-01 00:00:00+00:00,836.0,848.0,829.9000244140625,842.0
2000-08-02 00:00:00+00:00,851.0,859.0,851.0,855.1500244140625
2000-08-03 00:00:00+00:00,825.0,830.0,791.0999755859375,792.0999755859375
2000-08-04 00:00:00+00:00,795.0,814.0,763.0,781.75
2000-08-07 00:00:00+00:00,720.0,747.0,720.0,738.4000244140625
2000-08-08 00:00:00+00:00,727.0,785.0,727.0,775.0
2000-08-09 00:00:00+00:00,790.0,800.0,775.0,785.6500244140625
2000-08-10 00:00:00+00:00,790.0,797.0,785.0,792.9000244140625
2000-08-11 00:00:00+00:00,793.0,793.0,775.0,785.5
2000-08-14 00:00:00+00:00,782.0,782.0,725.25,744.4500122070312
2000-08-15 00:00:00+00:00,744.4500122070312,775.0,744.4500122070312,771.6500244140625
2000-08-16 00:00:00+00:00,747.0,760.0,747.0,759.9000244140625
2000-08-17 00:00:00+00:00,755.0,755.0,742.0,745.0
2000-08-18 00:00:00+00:00,750.0,750.0,738.0,736.75
2000-08-21 00:00:00+00:00,730.0,749.0,730.0,744.5
2000-08-22 00:00:00+00:00,742.5,742.5,742.5,739.1500244140625
2000-08-23 00:00:00+00:00,732.0,732.5,730.0,730.0
2000-08-24 00:00:00+00:00,730.0,730.0,722.0,721.0
2000-08-25 00:00:00+00:00,720.0,724.0,718.0,723.9500122070312
2000-08-28 00:00:00+00:00,710.0,710.0,709.5,712.0
2000-08-29 00:00:00+00:00,710.0,715.0,709.0,726.0
2000-08-30 00:00:00+00:00,717.0,717.0,714.0,711.0499877929688
2000-08-31 00:00:00+00:00,710.0,710.0,710.0,716.75
2000-09-01 00:00:00+00:00,710.0,710.0,710.0,724.7000122070312
2000-09-05 00:00:00+00:00,710.0,710.0,710.0,720.6500244140625
2000-09-06 00:00:00+00:00,720.6500244140625,710.0,710.0,738.0
2000-09-07 00:00:00+00:00,738.0,710.0,710.0,761.2999877929688
2000-09-08 00:00:00+00:00,779.0,779.0,752.0,756.5
2000-09-11 00:00:00+00:00,760.0,760.0,751.0,753.6500244140625
2000-09-12 00:00:00+00:00,760.0,770.0,760.0,767.9000244140625
2000-09-13 00:00:00+00:00,757.0,757.0,734.0,745.0
2000-09-14 00:00:00+00:00,731.0999755859375,731.0999755859375,717.0,720.0
2000-09-15 00:00:00+00:00,710.0,725.0,705.0,723.0
2000-09-18 00:00:00+00:00,720.0,722.0,710.0,711.0
2000-09-19 00:00:00+00:00,716.0,725.0,710.0,722.0
2000-09-20 00:00:00+00:00,720.0,735.0,715.0999755859375,717.25
2000-09-21 00:00:00+00:00,718.0,727.5,718.0,727.5
2000-09-22 00:00:00+00:00,732.0,742.0,729.9000244140625,738.0
2000-09-25 00:00:00+00:00,725.0,725.0999755859375,713.0,716.25
2000-09-26 00:00:00+00:00,714.0,718.0,710.0999755859375,718.0
2000-09-27 00:00:00+00:00,716.0,719.5,714.0,716.5
2000-09-28 00:00:00+00:00,716.5,716.5,707.0,708.0
2000-09-29 00:00:00+00:00,707.0,716.0,707.0,714.8499755859375
2000-10-02 00:00:00+00:00,712.25,719.0,712.25,717.0
2000-10-03 00:00:00+00:00,718.0,750.0,716.0,727.7999877929688
2000-10-04 00:00:00+00:00,733.0,735.0,720.7000122070312,734.1500244140625
2000-10-05 00:00:00+00:00,744.0,745.0,737.0,744.0
2000-10-06 00:00:00+00:00,749.0,749.0,740.0,740.8499755859375
2000-10-09 00:00:00+00:00,739.75,739.75,733.0,736.9000244140625
2000-10-10 00:00:00+00:00,736.9000244140625,739.5,736.0,736.75
2000-10-11 00:00:00+00:00,736.75,743.0,736.75,739.3499755859375
2000-10-12 00:00:00+00:00,739.3499755859375,741.0,736.0,741.0
2000-10-13 00:00:00+00:00,738.0,739.0,738.0,738.0
2000-10-16 00:00:00+00:00,738.0,739.0,737.0,738.6500244140625
2000-10-17 00:00:00+00:00,739.5,739.5,736.5,738.5
2000-10-18 00:00:00+00:00,742.0,742.0,740.0,740.0
2000-10-19 00:00:00+00:00,740.0,761.0,740.0,760.7000122070312
2000-10-20 00:00:00+00:00,755.0,760.0,754.0,760.0
2000-10-23 00:00:00+00:00,758.0,762.0,755.0,761.3499755859375
2000-10-24 00:00:00+00:00,758.0,758.0,750.0,752.0
2000-10-25 00:00:00+00:00,750.0,757.0,750.0,753.9000244140625
2000-10-26 00:00:00+00:00,754.0,758.0,752.5,755.0
2000-10-27 00:00:00+00:00,757.0,757.0,754.0,756.0
2000-10-30 00:00:00+00:00,756.0,759.0,752.0,752.0
2000-10-31 00:00:00+00:00,754.0,785.0,754.0,782.0499877929688
2000-11-01 00:00:00+00:00,775.0,782.0,770.0,777.2000122070312
2000-11-02 00:00:00+00:00,784.0,794.0,782.0,794.0
2000-11-03 00:00:00+00:00,799.0,799.0,789.0,790.5
2000-11-06 00:00:00+00:00,782.0,782.0,775.0,777.5
2000-11-07 00:00:00+00:00,780.0,781.0,778.0,780.75
2000-11-08 00:00:00+00:00,785.0,785.0,781.0,781.0
2000-11-09 00:00:00+00:00,781.0,787.0,781.0,784.5499877929688
2000-11-10 00:00:00+00:00,784.5499877929688,786.0,783.0,785.0499877929688
2000-11-13 00:00:00+00:00,781.0,781.0,777.0,777.0
2000-11-14 00:00:00+00:00,780.0,788.0,780.0,785.0
2000-11-15 00:00:00+00:00,783.0,788.0,783.0,785.0
2000-11-16 00:00:00+00:00,785.0,787.0,780.0,785.0
2000-11-17 00:00:00+00:00,783.0,785.0,783.0,783.0999755859375
2000-11-20 00:00:00+00:00,785.0,787.0,785.0,785.0
2000-11-21 00:00:00+00:00,786.0,788.75,785.0,785.0
2000-11-22 00:00:00+00:00,790.6500244140625,791.0,787.0,790.6500244140625
2000-11-27 00:00:00+00:00,789.0,792.0,789.0,793.5
2000-11-28 00:00:00+00:00,803.0,804.5,800.0,804.5
2000-11-29 00:00:00+00:00,804.5,804.5,800.0,808.8499755859375
2000-11-30 00:00:00+00:00,816.0,816.0,816.0,819.0
2000-12-01 00:00:00+00:00,816.0,816.0,816.0,838.0999755859375
2000-12-04 00:00:00+00:00,838.0999755859375,816.0,816.0,878.5
2000-12-05 00:00:00+00:00,878.5,816.0,816.0,866.5
2000-12-06 00:00:00+00:00,845.0,857.0,845.0,857.4500122070312
2000-12-07 00:00:00+00:00,875.0,875.0,875.0,901.0
2000-12-08 00:00:00+00:00,875.0,875.0,875.0,905.7999877929688
2000-12-11 00:00:00+00:00,905.7999877929688,875.0,875.0,919.0499877929688
2000-12-12 00:00:00+00:00,940.0,940.0,940.0,931.1500244140625
2000-12-13 00:00:00+00:00,925.0,925.0,915.0,903.4500122070312
2000-12-14 00:00:00+00:00,925.0,925.0,915.0,930.5499877929688
2000-12-15 00:00:00+00:00,930.5499877929688,925.0,915.0,949.5
2000-12-18 00:00:00+00:00,949.5,925.0,915.0,947.2000122070312
2000-12-19 00:00:00+00:00,947.2000122070312,925.0,915.0,918.0
2000-12-20 00:00:00+00:00,918.0,925.0,915.0,946.0
2000-12-21 00:00:00+00:00,946.0,925.0,915.0,953.0
2000-12-22 00:00:00+00:00,953.0,925.0,915.0,968.0
2000-12-26 00:00:00+00:00,968.0,925.0,915.0,967.0
2000-12-27 00:00:00+00:00,968.0,975.0,960.0,964.0
2000-12-28 00:00:00+00:00,965.0,965.0,952.0,953.0
2000-12-29 00:00:00+00:00,951.0,959.0,951.0,954.4500122070312
2001-01-02 00:00:00+00:00,964.0,968.5,964.0,968.5
2001-01-03 00:00:00+00:00,979.0,995.0,979.0,988.4000244140625
2001-01-04 00:00:00+00:00,993.0,999.0,982.0,982.0
2001-01-05 00:00:00+00:00,978.0,986.0,971.0,986.0
2001-01-08 00:00:00+00:00,998.9000244140625,1035.0,998.9000244140625,1025.5999755859375
2001-01-09 00:00:00+00:00,1028.0,1041.0,981.0999755859375,1034.4000244140625
2001-01-10 00:00:00+00:00,1042.0,1082.5,1040.0,1072.800048828125
2001-01-11 00:00:00+00:00,1060.0,1064.0,1022.0,1045.25
2001-01-12 00:00:00+00:00,1050.0,1058.0,1041.0,1050.800048828125
2001-01-16 00:00:00+00:00,1070.0,1070.0,1025.0,1028.3499755859375
2001-01-17 00:00:00+00:00,1040.0,1044.0,995.0,999.2999877929688
2001-01-18 00:00:00+00:00,1005.0,1032.0,1005.0,1030.0
2001-01-19 00:00:00+00:00,1055.0,1070.0,1053.0,1062.5
2001-01-22 00:00:00+00:00,1080.0,1085.0,1075.0,1075.199951171875
2001-01-23 00:00:00+00:00,1070.0,1070.0,1051.0,1060.0
2001-01-24 00:00:00+00:00,1055.0,1061.0,1041.0,1047.5999755859375
2001-01-25 00:00:00+00:00,1055.0,1075.0,1055.0,1075.0
2001-01-26 00:00:00+00:00,1086.0,1090.0,1070.0,1079.0
2001-01-29 00:00:00+00:00,1072.0,1072.0,1051.0,1054.0
2001-01-30 00:00:00+00:00,1050.0,1059.0,1050.0,1058.75
2001-01-31 00:00:00+00:00,1057.0,1058.0,1044.0,1054.800048828125
2001-02-01 00:00:00+00:00,1045.0,1055.0,1040.0,1053.5999755859375
2001-02-02 00:00:00+00:00,1060.0,1060.0,1052.0,1055.1500244140625
2001-02-05 00:00:00+00:00,1060.0,1084.0,1060.0,1082.800048828125
2001-02-06 00:00:00+00:00,1079.0,1080.0,1075.0,1076.5
2001-02-07 00:00:00+00:00,1074.75,1080.5,1070.199951171875,1072.0
2001-02-08 00:00:00+00:00,1065.0,1070.0999755859375,1040.199951171875,1041.9000244140625
2001-02-09 00:00:00+00:00,1027.0,1040.0,1000.0,1010.0
2001-02-12 00:00:00+00:00,980.0,980.0,965.0,965.0999755859375
2001-02-13 00:00:00+00:00,965.0,990.0,961.0,983.5499877929688
2001-02-14 00:00:00+00:00,980.0,980.0,975.0,975.1500244140625
2001-02-15 00:00:00+00:00,972.0,988.0,970.0,985.0
2001-02-16 00:00:00+00:00,987.0,987.0,976.0,979.0
2001-02-20 00:00:00+00:00,975.0,980.0,969.0,973.0
2001-02-21 00:00:00+00:00,960.0,960.0,925.0,925.0
2001-02-22 00:00:00+00:00,910.0,924.0,892.0,893.0
2001-02-23 00:00:00+00:00,841.0,860.0,841.0,855.0
2001-02-26 00:00:00+00:00,855.0,860.0,855.0,855.9500122070312
2001-02-27 00:00:00+00:00,853.0,853.0,845.0,850.0
2001-02-28 00:00:00+00:00,845.0,845.0,845.0,837.0
2001-03-01 00:00:00+00:00,790.0,797.0,790.0,797.5499877929688
2001-03-02 00:00:00+00:00,764.0,764.0,764.0,764.0
2001-03-05 00:00:00+00:00,763.0,763.0,763.0,775.0
2001-03-06 00:00:00+00:00,777.0,777.0,777.0,772.1500244140625
2001-03-07 00:00:00+00:00,777.0,777.0,777.0,796.6500244140625
2001-03-08 00:00:00+00:00,796.6500244140625,777.0,777.0,821.5
2001-03-09 00:00:00+00:00,825.0,825.0,825.0,812.3499755859375
2001-03-12 00:00:00+00:00,825.0,825.0,825.0,782.2000122070312
2001-03-13 00:00:00+00:00,789.0,789.0,789.0,789.0
2001-03-14 00:00:00+00:00,789.0,825.0,825.0,800.0
2001-03-15 00:00:00+00:00,800.0,825.0,825.0,801.0
2001-03-16 00:00:00+00:00,810.5,810.5,810.5,810.5
2001-03-19 00:00:00+00:00,808.0,808.0,808.0,808.0
2001-03-20 00:00:00+00:00,795.0,797.0,792.0,797.0
2001-03-21 00:00:00+00:00,785.0,785.0,785.0,785.0
2001-03-22 00:00:00+00:00,780.0,780.0,775.0,777.0
2001-03-23 00:00:00+00:00,777.0,780.0,777.0,780.0
2001-03-26 00:00:00+00:00,772.0,774.0,772.0,774.0
2001-03-27 00:00:00+00:00,771.0,771.0,771.0,771.0
2001-03-28 00:00:00+00:00,770.0,770.0,755.0,758.7000122070312
2001-03-29 00:00:00+00:00,750.2000122070312,750.5,738.0,738.0
2001-03-30 00:00:00+00:00,734.0,745.0,734.0,744.0
2001-04-02 00:00:00+00:00,730.0,739.0,725.0,725.0
2001-04-03 00:00:00+00:00,712.0,730.0,691.0,698.0
2001-04-04 00:00:00+00:00,690.0,715.0,690.0,696.6500244140625
2001-04-05 00:00:00+00:00,700.0,709.5999755859375,683.0,685.0
2001-04-06 00:00:00+00:00,690.0,694.0,685.0,692.5499877929688
2001-04-09 00:00:00+00:00,685.0,693.0,685.0,687.2999877929688
2001-04-10 00:00:00+00:00,672.0,680.0,672.0,678.0
2001-04-11 00:00:00+00:00,675.0,675.0,668.0,668.0
2001-04-12 00:00:00+00:00,660.0,660.0,656.0,657.8499755859375
2001-04-16 00:00:00+00:00,660.0,664.0,660.0,664.0
2001-04-17 00:00:00+00:00,705.0,765.0,672.0,764.0
2001-04-18 00:00:00+00:00,779.0,789.9000244140625,735.0,737.0
2001-04-19 00:00:00+00:00,717.0,717.0,695.0,704.0
2001-04-20 00:00:00+00:00,690.0,707.0,691.0,705.5499877929688
2001-04-23 00:00:00+00:00,725.7999877929688,733.0,701.0,720.0
2001-04-24 00:00:00+00:00,700.0,714.9000244140625,695.0,710.0
2001-04-25 00:00:00+00:00,706.0,710.0,706.0,707.75
2001-04-26 00:00:00+00:00,707.5499877929688,707.75,701.2000122070312,701.2000122070312
2001-04-27 00:00:00+00:00,694.5,694.5,685.0,688.2999877929688
2001-04-30 00:00:00+00:00,680.0,688.0,680.0,688.0
2001-05-01 00:00:00+00:00,695.0,695.0,673.0,678.0
2001-05-02 00:00:00+00:00,674.0,682.0,673.0,674.0
2001-05-03 00:00:00+00:00,665.0,672.0,665.0,672.0
2001-05-04 00:00:00+00:00,680.0,681.0,677.0,680.0
2001-05-07 00:00:00+00:00,677.0,677.5,670.2000122070312,671.25
2001-05-08 00:00:00+00:00,671.0,673.5,670.0,673.5
2001-05-09 00:00:00+00:00,668.0,676.0,668.0,674.0
2001-05-10 00:00:00+00:00,670.0,670.0,650.5,660.5999755859375
2001-05-11 00:00:00+00:00,660.0,663.0,651.0,656.0
2001-05-14 00:00:00+00:00,640.0,650.0999755859375,627.0,627.0
2001-05-15 00:00:00+00:00,641.0,643.0,626.9500122070312,643.0
2001-05-16 00:00:00+00:00,643.0,643.0,642.9000244140625,642.9000244140625
2001-05-17 00:00:00+00:00,635.0,658.5,635.0,654.75
2001-05-18 00:00:00+00:00,652.0,654.0,652.0,652.0
2001-05-21 00:00:00+00:00,646.0,660.0,655.0,656.5
2001-05-22 00:00:00+00:00,656.0,656.0,650.0,650.5
2001-05-23 00:00:00+00:00,643.0,644.5,642.5,643.5
2001-05-24 00:00:00+00:00,643.5,655.0,643.5,655.0
2001-05-25 00:00:00+00:00,665.0,665.0,659.0,660.0
2001-05-29 00:00:00+00:00,670.0,670.0,660.0,660.5
2001-05-30 00:00:00+00:00,661.0,661.0,647.0,647.5
2001-05-31 00:00:00+00:00,642.0,642.0,642.0,639.5499877929688
2001-06-01 00:00:00+00:00,637.0,637.0,637.0,635.0
2001-06-04 00:00:00+00:00,635.0,635.0,635.0,635.0
2001-06-05 00:00:00+00:00,632.0,632.0,627.0,629.2000122070312
2001-06-06 00:00:00+00:00,620.0,620.0,620.0,620.0
2001-06-07 00:00:00+00:00,620.0,615.0,615.0,614.25
2001-06-08 00:00:00+00:00,615.7999877929688,615.7999877929688,615.7999877929688,615.7999877929688
2001-06-11 00:00:00+00:00,610.0,610.0,610.0,613.0
2001-06-12 00:00:00+00:00,601.75,601.75,601.75,601.75
2001-06-13 00:00:00+00:00,597.6500244140625,597.6500244140625,597.6500244140625,597.6500244140625
2001-06-14 00:00:00+00:00,601.0,601.0,601.0,601.0
2001-06-15 00:00:00+00:00,606.0,606.0,606.0,606.0
2001-06-18 00:00:00+00:00,609.3499755859375,609.3499755859375,609.3499755859375,609.3499755859375
2001-06-19 00:00:00+00:00,614.0,614.0,614.0,614.0
2001-06-20 00:00:00+00:00,626.0,626.0,626.0,626.0
2001-06-21 00:00:00+00:00,619.3499755859375,619.3499755859375,619.3499755859375,619.3499755859375
2001-06-22 00:00:00+00:00,618.0,618.0,616.0,618.0
2001-06-25 00:00:00+00:00,617.0,616.0,614.0,614.0
2001-06-26 00:00:00+00:00,614.0,614.0,610.0,612.0
2001-06-27 00:00:00+00:00,609.0,610.0,607.5,608.0
2001-06-28 00:00:00+00:00,606.0,607.0,595.0,595.0
2001-06-29 00:00:00+00:00,597.25,605.0,597.25,599.9500122070312
2001-07-02 00:00:00+00:00,605.0,605.0,600.0,602.0
2001-07-03 00:00:00+00:00,597.0,597.0,586.5,587.0
2001-07-05 00:00:00+00:00,585.0,585.0,582.5,584.0
2001-07-06 00:00:00+00:00,588.0,588.0,574.5,577.0
2001-07-09 00:00:00+00:00,575.0,580.0,575.0,576.3499755859375
2001-07-10 00:00:00+00:00,565.0,568.0,564.0,564.0
2001-07-11 00:00:00+00:00,565.0,568.0,564.5,565.0
2001-07-12 00:00:00+00:00,564.0,566.0,564.0,565.3499755859375
2001-07-13 00:00:00+00:00,567.0,567.0,550.0,555.0
2001-07-16 00:00:00+00:00,548.0,558.0,545.0,545.0999755859375
2001-07-17 00:00:00+00:00,533.0,533.0,522.5,525.0
2001-07-18 00:00:00+00:00,510.0,521.0,506.0,520.7999877929688
2001-07-19 00:00:00+00:00,521.0,521.0,512.0,512.0
2001-07-20 00:00:00+00:00,490.0,500.1000061035156,476.0,479.29998779296875
2001-07-23 00:00:00+00:00,480.0,480.0,471.0,475.5
2001-07-24 00:00:00+00:00,458.0,474.0,450.0,472.75
2001-07-25 00:00:00+00:00,473.0,473.0,464.0,469.0
2001-07-26 00:00:00+00:00,460.0,469.0,463.0,465.0
2001-07-27 00:00:00+00:00,458.0,460.0,454.5,454.75
2001-07-30 00:00:00+00:00,447.0,450.5,435.0,437.04998779296875
2001-07-31 00:00:00+00:00,445.0,464.0,426.0,461.5
2001-08-01 00:00:00+00:00,462.0,477.0,462.0,470.0
2001-08-02 00:00:00+00:00,471.0,485.5,471.0,482.5
2001-08-03 00:00:00+00:00,489.0,489.0,482.0,486.95001220703125
2001-08-06 00:00:00+00:00,478.0,478.0,470.0,470.3999938964844
2001-08-07 00:00:00+00:00,454.0,460.1000061035156,437.0,445.25
2001-08-08 00:00:00+00:00,446.0,447.0,440.0,444.0
2001-08-09 00:00:00+00:00,443.5,457.0,443.5,454.0
2001-08-10 00:00:00+00:00,469.79998779296875,485.0,463.0,475.0
2001-08-13 00:00:00+00:00,478.0,478.0,470.0,472.0
2001-08-14 00:00:00+00:00,464.0,464.0,450.20001220703125,450.20001220703125
2001-08-15 00:00:00+00:00,440.0,440.0,435.0,440.0
2001-08-16 00:00:00+00:00,428.0,447.0,428.0,443.0
2001-08-17 00:00:00+00:00,447.0,454.0,447.0,450.0
2001-08-20 00:00:00+00:00,449.0,449.0,445.0,445.0
2001-08-21 00:00:00+00:00,450.0,450.0,447.0,447.0
2001-08-22 00:00:00+00:00,460.0,460.0,450.0,450.0
2001-08-23 00:00:00+00:00,448.0,448.0,441.0,443.5
2001-08-24 00:00:00+00:00,444.0,448.0,444.0,449.5
2001-08-27 00:00:00+00:00,448.0,448.0,447.0,447.25
2001-08-28 00:00:00+00:00,465.0,479.0,463.0,472.5
2001-08-29 00:00:00+00:00,473.0,474.0,471.0,472.6499938964844
2001-08-30 00:00:00+00:00,435.0,445.0,435.0,468.6499938964844
2001-08-31 00:00:00+00:00,449.0,461.0,449.0,453.0
2001-09-04 00:00:00+00:00,445.0,456.0,445.0,456.0
2001-09-05 00:00:00+00:00,463.1499938964844,463.1499938964844,463.1499938964844,463.1499938964844
2001-09-06 00:00:00+00:00,458.0,458.0,458.0,455.5
2001-09-07 00:00:00+00:00,452.1499938964844,452.1499938964844,452.1499938964844,452.1499938964844
2001-09-10 00:00:00+00:00,457.0,459.0,459.0,456.0
2001-09-14 00:00:00+00:00,456.0,456.0,456.0,456.0
2001-09-17 00:00:00+00:00,480.0,480.0,480.0,467.0
2001-09-18 00:00:00+00:00,467.0,467.0,467.0,470.0
2001-09-19 00:00:00+00:00,475.0,475.0,475.0,465.0
2001-09-20 00:00:00+00:00,465.0,465.0,465.0,451.0
2001-09-21 00:00:00+00:00,442.0,442.0,442.0,442.0
2001-09-24 00:00:00+00:00,431.0,431.0,431.0,431.0
2001-09-25 00:00:00+00:00,421.0,421.0,421.0,421.0
2001-09-26 00:00:00+00:00,403.0,403.0,380.0,394.3999938964844
2001-09-27 00:00:00+00:00,384.0,384.0,375.0,380.0
2001-09-28 00:00:00+00:00,365.0,365.0,355.0,357.0
2001-10-01 00:00:00+00:00,335.0,335.0,324.0,325.04998779296875
2001-10-02 00:00:00+00:00,324.0,337.0,318.0,335.0
2001-10-03 00:00:00+00:00,350.0,358.0,340.0,343.0
2001-10-04 00:00:00+00:00,333.0,340.0,333.0,341.0
2001-10-05 00:00:00+00:00,355.0,360.0,340.0,347.5
2001-10-08 00:00:00+00:00,343.0,355.0,343.0,346.1499938964844
2001-10-09 00:00:00+00:00,346.0,349.5,342.0,342.0
2001-10-10 00:00:00+00:00,340.0,347.0,339.0,345.0
2001-10-11 00:00:00+00:00,347.0,355.0,347.0,352.0
2001-10-12 00:00:00+00:00,338.0,357.0,338.0,355.79998779296875
2001-10-15 00:00:00+00:00,360.0,368.0,360.0,360.0
2001-10-16 00:00:00+00:00,357.0,357.0,335.0,338.0
2001-10-17 00:00:00+00:00,333.0,335.0,329.0,333.0
2001-10-18 00:00:00+00:00,329.0,329.5,326.0,327.6000061035156
2001-10-19 00:00:00+00:00,324.0,325.0,321.0,321.0
2001-10-22 00:00:00+00:00,316.0,325.0,316.0,318.6499938964844
2001-10-23 00:00:00+00:00,322.0,325.0,305.0,325.0
2001-10-24 00:00:00+00:00,315.0,321.5,315.0,318.5
2001-10-25 00:00:00+00:00,321.0,322.0,315.0,321.0
2001-10-26 00:00:00+00:00,324.0,343.0,324.0,343.0
2001-10-29 00:00:00+00:00,361.0,359.79998779296875,345.0,347.0
2001-10-30 00:00:00+00:00,339.0,360.0,329.0,330.0
2001-10-31 00:00:00+00:00,334.0,334.0,316.0,316.3999938964844
2001-11-01 00:00:00+00:00,317.0,320.0,314.0,317.0
2001-11-02 00:00:00+00:00,322.0,337.5,320.0,335.0
2001-11-05 00:00:00+00:00,330.0,335.0,327.0,327.6499938964844
2001-11-06 00:00:00+00:00,325.0,327.0,325.0,325.25
2001-11-07 00:00:00+00:00,325.0,326.5,324.0,325.0
2001-11-08 00:00:00+00:00,320.20001220703125,327.0,320.20001220703125,326.0
2001-11-09 00:00:00+00:00,324.0,325.5,322.0,325.5
2001-11-12 00:00:00+00:00,326.0,340.0,326.0,335.5
2001-11-13 00:00:00+00:00,320.20001220703125,322.0,310.0,315.0
2001-11-14 00:00:00+00:00,315.0,320.0,310.0,319.0
2001-11-15 00:00:00+00:00,319.0,329.0,319.0,325.95001220703125
2001-11-16 00:00:00+00:00,330.0,342.0,330.0,342.0
2001-11-19 00:00:00+00:00,342.0,347.0,337.0,339.0
2001-11-20 00:00:00+00:00,336.0,338.0,329.0,330.1000061035156
2001-11-21 00:00:00+00:00,332.0,335.0,332.0,335.0
2001-11-26 00:00:00+00:00,335.0,335.0,330.0,333.0
2001-11-27 00:00:00+00:00,337.0,339.0,335.0,335.75
2001-11-28 00:00:00+00:00,339.0,339.0,338.0,336.5
2001-11-29 00:00:00+00:00,331.0,337.0,331.0,334.29998779296875
2001-11-30 00:00:00+00:00,340.0,348.0,340.0,350.3999938964844
2001-12-03 00:00:00+00:00,356.5,365.5,356.5,361.25
2001-12-04 00:00:00+00:00,366.25,366.25,366.25,366.25
2001-12-05 00:00:00+00:00,380.0,380.0,375.0,370.70001220703125
2001-12-06 00:00:00+00:00,392.8999938964844,392.8999938964844,392.8999938964844,392.8999938964844
2001-12-07 00:00:00+00:00,421.0,421.0,421.0,417.25
2001-12-10 00:00:00+00:00,428.5,428.5,428.5,428.5
2001-12-11 00:00:00+00:00,398.29998779296875,398.29998779296875,398.29998779296875,398.29998779296875
2001-12-12 00:00:00+00:00,372.8999938964844,372.8999938964844,372.8999938964844,372.8999938964844
2001-12-13 00:00:00+00:00,399.0,399.0,399.0,386.25
2001-12-14 00:00:00+00:00,400.25,400.25,400.25,399.75
2001-12-17 00:00:00+00:00,407.5,407.5,407.5,407.5
2001-12-18 00:00:00+00:00,403.5,403.5,403.5,403.5
2001-12-19 00:00:00+00:00,405.0,405.0,405.0,398.0
2001-12-20 00:00:00+00:00,395.5,395.5,395.5,395.5
2001-12-21 00:00:00+00:00,410.29998779296875,410.29998779296875,410.29998779296875,410.29998779296875
2001-12-26 00:00:00+00:00,423.5,423.5,423.5,423.5
2001-12-27 00:00:00+00:00,430.0,439.0,430.0,436.0
2001-12-28 00:00:00+00:00,445.0,449.5,435.0,449.5
2001-12-31 00:00:00+00:00,444.5,448.0,444.5,448.0
2002-01-02 00:00:00+00:00,447.0,447.0,434.0,439.0
2002-01-03 00:00:00+00:00,433.0,439.0,432.0,435.20001220703125
2002-01-04 00:00:00+00:00,425.0,427.0,424.20001220703125,425.5
2002-01-07 00:00:00+00:00,426.0,428.0,420.0,424.0
2002-01-08 00:00:00+00:00,435.0,435.0,429.0,431.0
2002-01-09 00:00:00+00:00,433.0,439.5,433.0,435.0
2002-01-10 00:00:00+00:00,439.0,439.0,424.0,436.5
2002-01-11 00:00:00+00:00,437.0,439.0,432.5,433.3500061035156
2002-01-14 00:00:00+00:00,434.0,435.5,429.0,429.8999938964844
2002-01-15 00:00:00+00:00,420.0,420.0,405.0,414.0
2002-01-16 00:00:00+00:00,413.0,427.0,413.0,425.0
2002-01-17 00:00:00+00:00,422.0,425.0,420.0,420.5
2002-01-18 00:00:00+00:00,416.0,416.0,413.25,414.8500061035156
2002-01-22 00:00:00+00:00,410.0,410.0,395.0,398.0
2002-01-23 00:00:00+00:00,395.5,396.0,383.0,383.5
2002-01-24 00:00:00+00:00,375.0,385.0,375.0,382.0
2002-01-25 00:00:00+00:00,376.0,389.0,376.0,388.1499938964844
2002-01-28 00:00:00+00:00,376.0,390.0,377.0,377.0
2002-01-29 00:00:00+00:00,376.0,374.0,355.5,371.0
2002-01-30 00:00:00+00:00,376.0,373.5,369.0,372.3500061035156
2002-01-31 00:00:00+00:00,376.0,378.0,369.0,369.0
2002-02-01 00:00:00+00:00,376.0,380.0,363.0,370.0
2002-02-04 00:00:00+00:00,376.0,375.0,369.0,374.0
2002-02-05 00:00:00+00:00,376.0,373.0,362.0,373.0
2002-02-06 00:00:00+00:00,376.0,375.0,370.0,370.8500061035156
2002-02-07 00:00:00+00:00,376.0,376.0,372.0,376.0
2002-02-08 00:00:00+00:00,376.0,383.0,370.0,374.0
2002-02-11 00:00:00+00:00,376.0,372.0,368.0,371.0
2002-02-12 00:00:00+00:00,365.0,375.0,364.0,373.0
2002-02-13 00:00:00+00:00,365.0,395.0,375.0,393.0
2002-02-14 00:00:00+00:00,365.0,396.0,378.0,386.70001220703125
2002-02-15 00:00:00+00:00,365.0,386.0,378.0,378.6499938964844
2002-02-19 00:00:00+00:00,365.0,378.0,375.0,375.0
2002-02-20 00:00:00+00:00,365.0,372.0,366.0,370.0
2002-02-21 00:00:00+00:00,365.0,378.0,366.0,373.75
2002-02-22 00:00:00+00:00,365.0,380.0,367.0,369.79998779296875
2002-02-25 00:00:00+00:00,365.0,380.0,375.0,374.25
2002-02-26 00:00:00+00:00,365.0,380.0,375.0,379.6499938964844
2002-02-27 00:00:00+00:00,365.0,385.0,380.0,382.0
2002-02-28 00:00:00+00:00,365.0,368.0,365.0,372.04998779296875
2002-03-01 00:00:00+00:00,365.0,375.0,374.0,375.0
2002-03-04 00:00:00+00:00,365.0,377.0,377.0,379.5
2002-03-05 00:00:00+00:00,365.0,372.0,363.0,365.0
2002-03-06 00:00:00+00:00,365.0,368.0,365.0,365.5
2002-03-07 00:00:00+00:00,365.0,364.0,364.0,367.1499938964844
2002-03-08 00:00:00+00:00,377.5,377.5,377.5,377.5
2002-03-11 00:00:00+00:00,381.1499938964844,381.1499938964844,381.1499938964844,381.1499938964844
2002-03-12 00:00:00+00:00,377.5,377.5,377.5,377.5
2002-03-13 00:00:00+00:00,369.29998779296875,369.29998779296875,369.29998779296875,369.29998779296875
2002-03-14 00:00:00+00:00,373.0,373.0,373.0,373.0
2002-03-15 00:00:00+00:00,375.0,375.0,375.0,375.0
2002-03-18 00:00:00+00:00,380.0,380.0,380.0,380.0
2002-03-19 00:00:00+00:00,381.0,381.0,381.0,381.0
2002-03-20 00:00:00+00:00,384.0,384.0,384.0,384.0
2002-03-21 00:00:00+00:00,383.5,383.5,383.5,383.5
2002-03-22 00:00:00+00:00,387.04998779296875,387.04998779296875,387.04998779296875,387.04998779296875
2002-03-25 00:00:00+00:00,403.0,403.0,403.0,403.0
2002-03-26 00:00:00+00:00,379.0,403.0,392.0,392.20001220703125
2002-03-27 00:00:00+00:00,379.0,395.0,386.0,388.5
2002-03-28 00:00:00+00:00,385.0,389.79998779296875,385.0,388.8999938964844
2002-04-01 00:00:00+00:00,385.0,394.0,388.0,390.6499938964844
2002-04-02 00:00:00+00:00,385.0,391.0,388.5,390.0
2002-04-03 00:00:00+00:00,388.0,388.0,370.0,370.25
2002-04-04 00:00:00+00:00,388.0,369.0,360.20001220703125,361.0
2002-04-05 00:00:00+00:00,365.0,365.0,361.5,362.0
2002-04-08 00:00:00+00:00,365.0,364.0,360.0,363.0
2002-04-09 00:00:00+00:00,365.0,365.5,363.0,364.0
2002-04-10 00:00:00+00:00,365.0,368.0,365.5,365.5
2002-04-11 00:00:00+00:00,370.0,375.0,368.0,374.0
2002-04-12 00:00:00+00:00,370.0,374.0,366.0,370.0
2002-04-15 00:00:00+00:00,370.0,373.0,368.1000061035156,369.0
2002-04-16 00:00:00+00:00,370.0,372.0,368.0,369.6499938964844
2002-04-17 00:00:00+00:00,370.0,370.0,368.0,369.0
2002-04-18 00:00:00+00:00,370.0,378.0,370.0,377.79998779296875
2002-04-19 00:00:00+00:00,370.0,379.5,373.0,374.25
2002-04-22 00:00:00+00:00,370.0,376.0,370.20001220703125,370.54998779296875
2002-04-23 00:00:00+00:00,370.0,374.0,369.0,371.0
2002-04-24 00:00:00+00:00,370.0,374.5,370.0,371.0
2002-04-25 00:00:00+00:00,370.0,372.0,365.0,367.0
2002-04-26 00:00:00+00:00,370.0,369.0,365.5,366.79998779296875
2002-04-29 00:00:00+00:00,370.0,365.0,362.5,362.79998779296875
2002-04-30 00:00:00+00:00,370.0,361.5,355.20001220703125,355.5
2002-05-01 00:00:00+00:00,370.0,353.0,349.0,351.1000061035156
2002-05-02 00:00:00+00:00,370.0,355.0,346.0,348.0
2002-05-03 00:00:00+00:00,370.0,355.0,347.0,351.04998779296875
2002-05-06 00:00:00+00:00,370.0,370.0,355.0,355.0
2002-05-07 00:00:00+00:00,370.0,358.0,352.0,358.0
2002-05-08 00:00:00+00:00,360.0,360.0,357.5,359.0
2002-05-09 00:00:00+00:00,360.0,357.0,350.25,352.5
2002-05-10 00:00:00+00:00,360.0,357.0,346.5,354.0
2002-05-13 00:00:00+00:00,360.0,353.0,348.5,349.1000061035156
2002-05-14 00:00:00+00:00,360.0,356.0,350.0,353.0
2002-05-15 00:00:00+00:00,360.0,369.0,356.0,368.0
2002-05-16 00:00:00+00:00,360.0,382.0,365.20001220703125,370.0
2002-05-17 00:00:00+00:00,360.0,375.0,368.0,374.5
2002-05-20 00:00:00+00:00,360.0,385.0,377.0,382.79998779296875
2002-05-21 00:00:00+00:00,360.0,382.5,368.0,370.1499938964844
2002-05-22 00:00:00+00:00,360.0,368.0,356.0,361.0
2002-05-23 00:00:00+00:00,360.0,357.0,353.5,354.0
2002-05-24 00:00:00+00:00,346.0,353.5,346.0,351.0
2002-05-28 00:00:00+00:00,350.20001220703125,356.0,349.0,355.79998779296875
2002-05-29 00:00:00+00:00,354.0,354.0,352.0,353.5
2002-05-30 00:00:00+00:00,354.0,354.0,352.0,352.25
2002-05-31 00:00:00+00:00,348.0,348.5,343.0,347.3999938964844
2002-06-03 00:00:00+00:00,348.0,349.25,346.0,351.25
2002-06-04 00:00:00+00:00,354.29998779296875,354.29998779296875,354.29998779296875,354.29998779296875
2002-06-05 00:00:00+00:00,351.0,351.0,351.0,349.5
2002-06-06 00:00:00+00:00,354.29998779296875,356.0,356.0,353.0
2002-06-07 00:00:00+00:00,358.0,358.0,358.0,351.3999938964844
2002-06-10 00:00:00+00:00,348.5,348.5,348.5,348.5
2002-06-11 00:00:00+00:00,343.5,343.5,343.5,343.5
2002-06-12 00:00:00+00:00,339.0,339.0,339.0,333.75
2002-06-13 00:00:00+00:00,333.5,335.0,333.0,332.0
2002-06-14 00:00:00+00:00,334.25,334.25,334.25,334.25
2002-06-17 00:00:00+00:00,334.0,334.0,334.0,334.0
2002-06-18 00:00:00+00:00,334.5,334.5,334.5,334.5
2002-06-19 00:00:00+00:00,334.0,334.0,334.0,334.0
2002-06-20 00:00:00+00:00,332.6499938964844,332.6499938964844,332.6499938964844,332.6499938964844
2002-06-21 00:00:00+00:00,328.0,328.0,328.0,328.0
2002-06-24 00:00:00+00:00,323.5,323.5,323.5,323.5
2002-06-25 00:00:00+00:00,321.6499938964844,321.6499938964844,321.6499938964844,321.6499938964844
2002-06-26 00:00:00+00:00,320.0,325.0,319.0,322.0
2002-06-27 00:00:00+00:00,318.0,321.0,314.0,317.0
2002-06-28 00:00:00+00:00,315.0,322.5,315.0,319.20001220703125
2002-07-01 00:00:00+00:00,314.5,322.0,314.5,320.0
2002-07-02 00:00:00+00:00,315.5,320.0,314.5,319.0
2002-07-03 00:00:00+00:00,322.0,322.0,314.0,319.0
2002-07-08 00:00:00+00:00,325.0,325.0,317.0,323.0
2002-07-09 00:00:00+00:00,324.79998779296875,327.5,320.5,325.1499938964844
2002-07-10 00:00:00+00:00,326.0,327.5,324.0,327.0
2002-07-11 00:00:00+00:00,326.0,327.0,323.0,327.0
2002-07-12 00:00:00+00:00,327.0,327.0,318.0,320.0
2002-07-15 00:00:00+00:00,319.0,321.5,318.5,318.5
2002-07-16 00:00:00+00:00,320.0,325.0,320.0,322.5
2002-07-17 00:00:00+00:00,323.0,325.0,321.0,322.0
2002-07-18 00:00:00+00:00,323.0,326.0,323.0,323.5
2002-07-19 00:00:00+00:00,323.0,324.0,321.5,324.0
2002-07-22 00:00:00+00:00,324.0,324.0,316.5,316.5
2002-07-23 00:00:00+00:00,317.20001220703125,323.79998779296875,317.0,319.0
2002-07-24 00:00:00+00:00,321.0,323.0,320.5,322.0
2002-07-25 00:00:00+00:00,326.0,332.0,326.0,331.6000061035156
2002-07-26 00:00:00+00:00,334.0,335.0,331.0,334.45001220703125
2002-07-29 00:00:00+00:00,330.0,336.0,330.0,332.5
2002-07-30 00:00:00+00:00,335.0,325.0,319.0,319.29998779296875
2002-07-31 00:00:00+00:00,319.0,324.0,318.5,319.45001220703125
2002-08-01 00:00:00+00:00,318.0,318.0,315.25,316.6499938964844
2002-08-02 00:00:00+00:00,318.0,318.0,313.0,317.29998779296875
2002-08-05 00:00:00+00:00,316.0,321.79998779296875,316.0,321.79998779296875
2002-08-06 00:00:00+00:00,322.0,324.0,319.0,321.0
2002-08-07 00:00:00+00:00,322.0,323.0,320.0,320.0
2002-08-08 00:00:00+00:00,320.0,323.5,320.0,323.5
2002-08-09 00:00:00+00:00,320.0,323.5,320.0,321.1000061035156
2002-08-12 00:00:00+00:00,325.79998779296875,325.79998779296875,322.0,323.5
2002-08-13 00:00:00+00:00,325.79998779296875,325.79998779296875,323.0,324.5
2002-08-14 00:00:00+00:00,321.0,325.5,321.0,325.5
2002-08-15 00:00:00+00:00,323.0,325.0,321.0,323.3500061035156
2002-08-16 00:00:00+00:00,321.0,322.0,318.20001220703125,319.1000061035156
2002-08-19 00:00:00+00:00,321.0,322.0,320.0,322.0
2002-08-20 00:00:00+00:00,322.0,322.5,320.25,322.0
2002-08-21 00:00:00+00:00,321.0,321.0,318.0,319.0
2002-08-22 00:00:00+00:00,321.0,322.0,320.0,320.5
2002-08-23 00:00:00+00:00,321.5,323.0,321.5,322.0
2002-08-26 00:00:00+00:00,324.0,334.0,323.0,334.3500061035156
2002-08-27 00:00:00+00:00,336.0,366.0,333.29998779296875,362.3500061035156
2002-08-28 00:00:00+00:00,355.0,380.0,348.0,344.75
2002-08-29 00:00:00+00:00,340.0,349.0,337.0,341.1000061035156
2002-08-30 00:00:00+00:00,333.5,333.5,325.0,327.79998779296875
2002-09-03 00:00:00+00:00,319.20001220703125,319.20001220703125,319.20001220703125,323.95001220703125
2002-09-04 00:00:00+00:00,323.5,323.5,323.5,322.5
2002-09-05 00:00:00+00:00,325.0,325.0,325.0,325.0
2002-09-06 00:00:00+00:00,332.3999938964844,332.3999938964844,332.3999938964844,332.3999938964844
2002-09-09 00:00:00+00:00,335.0,335.0,335.0,333.70001220703125
2002-09-10 00:00:00+00:00,336.0,336.0,333.0,331.0
2002-09-11 00:00:00+00:00,332.0,332.0,332.0,332.0
2002-09-12 00:00:00+00:00,333.5,333.5,333.5,333.5
2002-09-13 00:00:00+00:00,339.5,339.5,339.5,339.5
2002-09-16 00:00:00+00:00,335.5,335.5,335.5,335.5
2002-09-17 00:00:00+00:00,336.5,336.5,336.5,336.5
2002-09-18 00:00:00+00:00,336.5,336.5,336.5,336.5
2002-09-19 00:00:00+00:00,332.0,334.0,330.20001220703125,333.5
2002-09-20 00:00:00+00:00,332.0,332.0,331.0,331.0
2002-09-23 00:00:00+00:00,333.0,333.0,330.0,330.0
2002-09-24 00:00:00+00:00,332.0,333.5,327.0,329.54998779296875
2002-09-25 00:00:00+00:00,326.0,326.0,322.20001220703125,325.1000061035156
2002-09-26 00:00:00+00:00,320.5,323.0,319.0,319.3999938964844
2002-09-27 00:00:00+00:00,317.5,318.20001220703125,314.20001220703125,315.1000061035156
2002-09-30 00:00:00+00:00,315.0,319.79998779296875,313.0,319.0
2002-10-01 00:00:00+00:00,318.25,322.79998779296875,318.25,318.5
2002-10-02 00:00:00+00:00,318.5,329.0,318.5,326.25
2002-10-03 00:00:00+00:00,325.5,325.5,317.0,318.0
2002-10-04 00:00:00+00:00,315.0,317.0,314.20001220703125,316.0
2002-10-07 00:00:00+00:00,316.0,316.0,312.0,315.5
2002-10-08 00:00:00+00:00,314.0,317.5,314.0,316.6000061035156
2002-10-09 00:00:00+00:00,318.79998779296875,325.5,318.79998779296875,323.0
2002-10-10 00:00:00+00:00,323.0,325.0,320.0,320.0
2002-10-11 00:00:00+00:00,319.0,322.0,319.0,321.3999938964844
2002-10-14 00:00:00+00:00,317.5,324.0,317.5,318.5
2002-10-15 00:00:00+00:00,317.5,322.5,315.20001220703125,321.5
2002-10-16 00:00:00+00:00,318.5,322.0,318.5,319.5
2002-10-17 00:00:00+00:00,318.5,321.5,318.5,321.5
2002-10-18 00:00:00+00:00,319.0,322.75,318.5,319.0
2002-10-21 00:00:00+00:00,317.0,324.5,317.0,321.3500061035156
2002-10-22 00:00:00+00:00,319.0,322.0,318.0,322.0
2002-10-23 00:00:00+00:00,318.0,320.0,316.0,316.0
2002-10-24 00:00:00+00:00,316.5,316.5,309.0,310.5
2002-10-25 00:00:00+00:00,310.5,315.0,309.5,311.3999938964844
2002-10-28 00:00:00+00:00,312.0,314.79998779296875,310.0,314.0
2002-10-29 00:00:00+00:00,313.0,317.5,313.0,316.0
2002-10-30 00:00:00+00:00,312.0,314.0,311.5,312.5
2002-10-31 00:00:00+00:00,311.20001220703125,311.3999938964844,309.20001220703125,310.5
2002-11-01 00:00:00+00:00,311.0,311.0,306.0,309.75
2002-11-04 00:00:00+00:00,310.0,312.79998779296875,308.0,312.45001220703125
2002-11-05 00:00:00+00:00,312.79998779296875,315.0,312.79998779296875,315.0
2002-11-06 00:00:00+00:00,316.0,316.0,311.79998779296875,313.0
2002-11-07 00:00:00+00:00,307.25,310.0,307.25,308.75
2002-11-08 00:00:00+00:00,305.0,306.0,297.5,303.25
2002-11-11 00:00:00+00:00,299.0,299.0,285.0,289.54998779296875
2002-11-12 00:00:00+00:00,284.0,289.0,284.0,286.0
2002-11-13 00:00:00+00:00,283.0,289.0,283.0,286.0
2002-11-14 00:00:00+00:00,290.0,292.79998779296875,288.0,292.79998779296875
2002-11-15 00:00:00+00:00,292.0,294.0,288.5,292.1000061035156
2002-11-18 00:00:00+00:00,289.5,289.5,282.20001220703125,283.0
2002-11-19 00:00:00+00:00,280.0,280.0,272.20001220703125,278.29998779296875
2002-11-20 00:00:00+00:00,278.29998779296875,279.6000061035156,278.29998779296875,279.1499938964844
2002-11-21 00:00:00+00:00,280.0,283.0,277.5,279.79998779296875
2002-11-22 00:00:00+00:00,280.0,280.0,272.0,272.0
2002-11-25 00:00:00+00:00,267.0,268.0,263.0,263.75
2002-11-26 00:00:00+00:00,270.0,270.0,266.0,266.0
2002-11-27 00:00:00+00:00,269.0,269.0,265.0,266.0
2002-12-02 00:00:00+00:00,270.0,270.0,255.0,262.04998779296875
2002-12-03 00:00:00+00:00,266.0,266.0,266.0,262.0
2002-12-04 00:00:00+00:00,253.0,253.0,253.0,253.0
2002-12-05 00:00:00+00:00,246.4499969482422,246.4499969482422,246.4499969482422,246.4499969482422
2002-12-06 00:00:00+00:00,249.5,249.5,249.5,249.5
2002-12-09 00:00:00+00:00,247.5,247.5,247.5,247.5
2002-12-10 00:00:00+00:00,247.14999389648438,247.14999389648438,247.14999389648438,247.14999389648438
2002-12-11 00:00:00+00:00,244.0,244.0,244.0,244.0
2002-12-12 00:00:00+00:00,242.5,242.5,242.5,242.5
2002-12-13 00:00:00+00:00,238.64999389648438,238.64999389648438,238.64999389648438,238.64999389648438
2002-12-16 00:00:00+00:00,239.25,239.25,239.25,239.25
2002-12-17 00:00:00+00:00,242.75,242.75,242.75,242.75
2002-12-18 00:00:00+00:00,247.5500030517578,247.5500030517578,247.5500030517578,247.5500030517578
2002-12-19 00:00:00+00:00,243.0,243.0,243.0,239.60000610351562
2002-12-20 00:00:00+00:00,229.6999969482422,229.6999969482422,229.6999969482422,229.6999969482422
2002-12-23 00:00:00+00:00,230.0,230.0,230.0,230.0
2002-12-24 00:00:00+00:00,235.0,235.0,235.0,235.0
2002-12-26 00:00:00+00:00,234.0,234.0,234.0,234.0
2002-12-27 00:00:00+00:00,236.0,239.0,232.0,238.75
2002-12-30 00:00:00+00:00,234.0,239.5,234.0,238.5
2002-12-31 00:00:00+00:00,236.0,239.5,234.0,238.0
2003-01-02 00:00:00+00:00,234.5,239.8000030517578,232.0,239.8000030517578
2003-01-03 00:00:00+00:00,240.0,242.0,233.0,241.5500030517578
2003-01-06 00:00:00+00:00,243.0,246.5,242.0,244.9499969482422
2003-01-07 00:00:00+00:00,245.0,245.0,240.1999969482422,241.5
2003-01-08 00:00:00+00:00,244.0,259.79998779296875,243.0,259.0
2003-01-09 00:00:00+00:00,259.79998779296875,265.0,256.0,263.6499938964844
2003-01-10 00:00:00+00:00,266.0,269.79998779296875,265.0,269.29998779296875
2003-01-13 00:00:00+00:00,270.0,270.0,248.0,255.5500030517578
2003-01-14 00:00:00+00:00,254.0,255.0,243.0,250.0
2003-01-15 00:00:00+00:00,248.0,248.0,245.0,245.39999389648438
2003-01-16 00:00:00+00:00,245.0,250.5,244.0,250.5
2003-01-17 00:00:00+00:00,255.0,260.0,255.0,258.0
2003-01-21 00:00:00+00:00,263.0,269.0,261.0,264.0
2003-01-22 00:00:00+00:00,271.0,274.0,267.0,271.75
2003-01-23 00:00:00+00:00,274.0,274.0,264.0,269.0
2003-01-24 00:00:00+00:00,269.0,269.5,266.0,269.0
2003-01-27 00:00:00+00:00,268.0,268.0,263.5,266.3500061035156
2003-01-28 00:00:00+00:00,263.25,269.0,261.0,267.3500061035156
2003-01-29 00:00:00+00:00,265.0,270.0,263.0,268.95001220703125
2003-01-30 00:00:00+00:00,265.0,265.0,255.0,258.1499938964844
2003-01-31 00:00:00+00:00,256.0,262.0,255.5,259.0
2003-02-03 00:00:00+00:00,263.0,268.79998779296875,263.0,267.6499938964844
2003-02-04 00:00:00+00:00,270.0,271.0,267.0,268.0
2003-02-05 00:00:00+00:00,275.0,275.0,264.0,264.5
2003-02-06 00:00:00+00:00,264.5,264.5,250.1999969482422,252.64999389648438
2003-02-07 00:00:00+00:00,251.0,253.0,249.0,250.5
2003-02-10 00:00:00+00:00,248.5,253.89999389648438,248.5,251.0500030517578
2003-02-11 00:00:00+00:00,250.0,254.0,248.5,252.0
2003-02-12 00:00:00+00:00,252.0,259.79998779296875,252.0,253.5500030517578
2003-02-13 00:00:00+00:00,254.75,255.0,253.0,255.0
2003-02-14 00:00:00+00:00,254.5,258.0,252.25,254.0
2003-02-18 00:00:00+00:00,249.0,260.0,249.0,251.0
2003-02-19 00:00:00+00:00,252.0,255.0,252.0,255.0
2003-02-20 00:00:00+00:00,253.0,255.0,252.0,254.0
2003-02-21 00:00:00+00:00,252.0,254.0,247.0,250.5
2003-02-24 00:00:00+00:00,250.5,252.5,250.0,250.64999389648438
2003-02-25 00:00:00+00:00,251.0,254.0,247.5,251.5
2003-02-26 00:00:00+00:00,248.0,252.5,248.0,252.0500030517578
2003-02-27 00:00:00+00:00,245.0,245.0,241.0,244.0
2003-02-28 00:00:00+00:00,243.5,245.0,240.5,243.6999969482422
2003-03-03 00:00:00+00:00,245.0,245.0,236.0,237.64999389648438
2003-03-04 00:00:00+00:00,239.89999389648438,241.0,239.89999389648438,238.89999389648438
2003-03-05 00:00:00+00:00,238.0,238.0,238.0,238.0
2003-03-06 00:00:00+00:00,233.0,238.0,233.0,237.5500030517578
2003-03-07 00:00:00+00:00,237.5500030517578,237.5500030517578,237.5500030517578,237.5500030517578
2003-03-10 00:00:00+00:00,241.14999389648438,241.14999389648438,241.14999389648438,241.14999389648438
2003-03-11 00:00:00+00:00,242.60000610351562,242.60000610351562,242.60000610351562,242.60000610351562
2003-03-12 00:00:00+00:00,237.5,237.5,235.0,235.89999389648438
2003-03-13 00:00:00+00:00,232.5,232.5,225.0,233.5
2003-03-14 00:00:00+00:00,233.60000610351562,233.60000610351562,233.60000610351562,233.60000610351562
2003-03-17 00:00:00+00:00,232.1999969482422,232.1999969482422,232.1999969482422,232.1999969482422
2003-03-18 00:00:00+00:00,233.0,233.0,233.0,235.1999969482422
2003-03-19 00:00:00+00:00,232.60000610351562,232.60000610351562,232.60000610351562,232.60000610351562
2003-03-20 00:00:00+00:00,229.3000030517578,229.3000030517578,229.3000030517578,229.3000030517578
2003-03-21 00:00:00+00:00,231.0,231.0,231.0,230.0
2003-03-24 00:00:00+00:00,216.35000610351562,216.35000610351562,216.35000610351562,216.35000610351562
2003-03-25 00:00:00+00:00,198.0,198.0,197.5,204.6999969482422
2003-03-26 00:00:00+00:00,197.0,197.0,197.0,194.8000030517578
2003-03-27 00:00:00+00:00,198.5,199.0,194.0,197.64999389648438
2003-03-28 00:00:00+00:00,194.60000610351562,197.0,178.0,188.0
2003-03-31 00:00:00+00:00,185.0,188.0,181.0,182.4499969482422
2003-04-01 00:00:00+00:00,181.0,182.75,180.0,181.35000610351562
2003-04-02 00:00:00+00:00,179.25,181.0,179.0,179.0
2003-04-03 00:00:00+00:00,177.0,178.0,174.0,175.5
2003-04-04 00:00:00+00:00,172.5,183.0,171.5,178.5
2003-04-07 00:00:00+00:00,177.60000610351562,177.60000610351562,169.5,173.0500030517578
2003-04-08 00:00:00+00:00,170.0,177.0,169.5,175.5
2003-04-09 00:00:00+00:00,175.5,175.5,168.5,174.14999389648438
2003-04-10 00:00:00+00:00,175.0,175.5,171.0,175.5
2003-04-11 00:00:00+00:00,174.0,174.0,166.5,172.0
2003-04-14 00:00:00+00:00,168.0,170.0,162.0,168.0
2003-04-15 00:00:00+00:00,168.0,168.0,163.60000610351562,164.0
2003-04-16 00:00:00+00:00,160.0,160.0,146.25,148.5
2003-04-17 00:00:00+00:00,150.0,156.0,145.0,152.75
2003-04-21 00:00:00+00:00,158.0,163.0,154.5,157.4499969482422
2003-04-22 00:00:00+00:00,158.0,165.0,155.0,163.25
2003-04-23 00:00:00+00:00,160.0,161.5,156.0,157.0500030517578
2003-04-24 00:00:00+00:00,155.0,157.0,153.0,157.0
2003-04-25 00:00:00+00:00,157.0,157.0,147.25,150.5
2003-04-28 00:00:00+00:00,148.0,150.0,147.5,150.0
2003-04-29 00:00:00+00:00,148.0,155.5,148.0,152.35000610351562
2003-04-30 00:00:00+00:00,151.0,156.5,151.0,156.0
2003-05-01 00:00:00+00:00,156.0,157.5,151.0,152.89999389648438
2003-05-02 00:00:00+00:00,154.75,154.75,152.5,154.0
2003-05-05 00:00:00+00:00,152.5,155.75,152.5,154.89999389648438
2003-05-06 00:00:00+00:00,157.0,159.8000030517578,155.25,159.8000030517578
2003-05-07 00:00:00+00:00,159.6999969482422,164.0,159.6999969482422,162.75
2003-05-08 00:00:00+00:00,165.0,166.0,158.1999969482422,162.1999969482422
2003-05-09 00:00:00+00:00,157.0,160.0,155.5,155.5
2003-05-12 00:00:00+00:00,154.5,161.0,153.5,158.5
2003-05-13 00:00:00+00:00,162.0,164.0,155.1999969482422,158.5
2003-05-14 00:00:00+00:00,160.0,162.8000030517578,158.5,158.5
2003-05-15 00:00:00+00:00,158.0,159.75,158.0,159.14999389648438
2003-05-16 00:00:00+00:00,159.0,161.5,158.0,159.85000610351562
2003-05-19 00:00:00+00:00,160.0,166.8000030517578,160.0,165.6999969482422
2003-05-20 00:00:00+00:00,165.6999969482422,176.0,165.6999969482422,171.89999389648438
2003-05-21 00:00:00+00:00,173.39999389648438,181.0,173.39999389648438,179.0
2003-05-22 00:00:00+00:00,176.5,178.0,173.0,173.0
2003-05-23 00:00:00+00:00,170.0,190.0,170.0,183.0
2003-05-27 00:00:00+00:00,187.0,208.0,187.0,197.75
2003-05-28 00:00:00+00:00,192.75,198.0,184.0,185.14999389648438
2003-05-29 00:00:00+00:00,176.0,184.0,176.0,182.14999389648438
2003-05-30 00:00:00+00:00,180.0,185.0,180.0,185.0
2003-06-02 00:00:00+00:00,188.5,188.5,185.0,187.0
2003-06-03 00:00:00+00:00,191.5,191.5,191.5,192.5
2003-06-04 00:00:00+00:00,190.0,190.0,190.0,190.60000610351562
2003-06-05 00:00:00+00:00,187.5,187.5,187.5,187.5
2003-06-06 00:00:00+00:00,177.6999969482422,180.0,177.6999969482422,179.5
2003-06-09 00:00:00+00:00,173.64999389648438,173.64999389648438,173.64999389648438,173.64999389648438
2003-06-10 00:00:00+00:00,180.0,180.0,180.0,180.0
2003-06-11 00:00:00+00:00,175.5,175.5,175.5,175.5
2003-06-12 00:00:00+00:00,183.89999389648438,183.89999389648438,183.89999389648438,183.89999389648438
2003-06-13 00:00:00+00:00,188.0,188.0,188.0,188.0
2003-06-16 00:00:00+00:00,189.0,189.0,189.0,186.5
2003-06-17 00:00:00+00:00,178.0,178.0,178.0,178.0
2003-06-18 00:00:00+00:00,180.25,180.25,180.25,180.25
2003-06-19 00:00:00+00:00,173.0,173.0,173.0,178.0
2003-06-20 00:00:00+00:00,180.0,180.0,180.0,180.0
2003-06-23 00:00:00+00:00,180.3000030517578,180.3000030517578,180.3000030517578,180.3000030517578
2003-06-24 00:00:00+00:00,181.75,175.0,175.0,177.1999969482422
2003-06-25 00:00:00+00:00,182.14999389648438,182.14999389648438,182.14999389648438,182.14999389648438
2003-06-26 00:00:00+00:00,180.89999389648438,180.89999389648438,173.1999969482422,178.4499969482422
2003-06-27 00:00:00+00:00,175.0,180.0,175.0,176.5
2003-06-30 00:00:00+00:00,175.0,183.8000030517578,175.0,181.35000610351562
2003-07-01 00:00:00+00:00,184.0,189.8000030517578,182.5,188.75
2003-07-02 00:00:00+00:00,189.0,194.0,186.0,187.1999969482422
2003-07-03 00:00:00+00:00,186.0,190.0,186.0,188.0
2003-07-07 00:00:00+00:00,189.0,189.0,183.0,183.0
2003-07-08 00:00:00+00:00,181.0,181.0,174.5,179.25
2003-07-09 00:00:00+00:00,174.5,177.5,171.0,173.14999389648438
2003-07-10 00:00:00+00:00,174.0,177.0,172.0,176.0
2003-07-11 00:00:00+00:00,176.0,178.0,173.5,175.75
2003-07-14 00:00:00+00:00,179.9499969482422,179.9499969482422,174.0,176.5
2003-07-15 00:00:00+00:00,179.5,179.5,173.1999969482422,174.75
2003-07-16 00:00:00+00:00,175.0,175.0,168.0,172.0
2003-07-17 00:00:00+00:00,170.5,173.0,167.1999969482422,169.0500030517578
2003-07-18 00:00:00+00:00,165.0,168.5,163.0,168.25
2003-07-21 00:00:00+00:00,165.5,169.0,165.5,167.9499969482422
2003-07-22 00:00:00+00:00,168.0,171.0,165.5,165.9499969482422
2003-07-23 00:00:00+00:00,160.5,167.5,160.0,167.5
2003-07-24 00:00:00+00:00,168.5,172.0,166.0,169.0
2003-07-25 00:00:00+00:00,169.0,172.25,165.0,167.5
2003-07-28 00:00:00+00:00,168.0,174.89999389648438,168.0,173.5
2003-07-29 00:00:00+00:00,174.0,179.5,172.0,178.35000610351562
2003-07-30 00:00:00+00:00,179.0,179.5,174.10000610351562,177.0
2003-07-31 00:00:00+00:00,175.0,184.0,175.0,182.0
2003-08-01 00:00:00+00:00,185.0,187.0,185.0,185.25
2003-08-04 00:00:00+00:00,185.75,185.75,181.0,183.85000610351562
2003-08-05 00:00:00+00:00,181.8000030517578,182.0,175.0,178.5
2003-08-06 00:00:00+00:00,178.5,179.0,176.5,177.75
2003-08-07 00:00:00+00:00,181.0,181.0,177.75,180.0
2003-08-08 00:00:00+00:00,181.0,181.0,176.10000610351562,178.8000030517578
2003-08-11 00:00:00+00:00,178.0,182.5,176.0,182.39999389648438
2003-08-12 00:00:00+00:00,178.5,179.0,177.0,177.0
2003-08-13 00:00:00+00:00,176.0,176.0,171.0,173.5
2003-08-14 00:00:00+00:00,174.0,180.5,174.0,180.14999389648438
2003-08-15 00:00:00+00:00,179.89999389648438,184.0,179.89999389648438,183.0
2003-08-18 00:00:00+00:00,183.0,183.0,180.0,181.0
2003-08-19 00:00:00+00:00,181.0,181.0,179.5,181.0
2003-08-20 00:00:00+00:00,182.0,189.8000030517578,181.5,187.35000610351562
2003-08-21 00:00:00+00:00,184.75,189.75,184.75,187.0
2003-08-22 00:00:00+00:00,187.5,198.0,187.5,195.14999389648438
2003-08-25 00:00:00+00:00,198.0,201.3000030517578,195.0,199.3000030517578
2003-08-26 00:00:00+00:00,198.0,208.0,197.0,206.5
2003-08-27 00:00:00+00:00,206.0,207.0,199.0,205.5
2003-08-28 00:00:00+00:00,201.0,207.0,201.0,202.5
2003-08-29 00:00:00+00:00,204.0,207.0,201.25,201.8000030517578
2003-09-02 00:00:00+00:00,205.0,207.0,199.0,199.75
2003-09-03 00:00:00+00:00,198.5,201.5,193.0,200.8000030517578
2003-09-04 00:00:00+00:00,204.5,204.5,200.0,206.5500030517578
2003-09-05 00:00:00+00:00,215.0,222.0,215.0,220.39999389648438
2003-09-08 00:00:00+00:00,230.9499969482422,231.0,219.0,230.9499969482422
2003-09-09 00:00:00+00:00,232.0,234.0,232.0,230.89999389648438
2003-09-10 00:00:00+00:00,226.0,226.0,225.0,219.64999389648438
2003-09-11 00:00:00+00:00,217.5,217.5,217.5,217.5
2003-09-12 00:00:00+00:00,213.60000610351562,213.60000610351562,213.60000610351562,213.60000610351562
2003-09-15 00:00:00+00:00,205.5500030517578,205.5500030517578,205.5500030517578,205.5500030517578
2003-09-16 00:00:00+00:00,221.1999969482422,221.1999969482422,221.1999969482422,221.1999969482422
2003-09-17 00:00:00+00:00,215.75,215.75,215.75,215.75
2003-09-18 00:00:00+00:00,215.0,215.0,215.0,215.0
2003-09-19 00:00:00+00:00,221.25,221.25,221.25,221.25
2003-09-22 00:00:00+00:00,218.5,218.5,218.5,218.5
2003-09-23 00:00:00+00:00,216.5,216.5,216.5,216.5
2003-09-24 00:00:00+00:00,221.0,221.0,221.0,221.0
2003-09-25 00:00:00+00:00,219.0,219.0,219.0,216.85000610351562
2003-09-26 00:00:00+00:00,215.0,218.0,203.1999969482422,211.5500030517578
2003-09-29 00:00:00+00:00,209.0,214.89999389648438,208.0,208.60000610351562
2003-09-30 00:00:00+00:00,208.0,216.0,208.0,215.14999389648438
2003-10-01 00:00:00+00:00,212.0,217.5,212.0,213.8000030517578
2003-10-02 00:00:00+00:00,214.5,216.0,211.0,212.10000610351562
2003-10-03 00:00:00+00:00,213.0,213.5,210.0,210.1999969482422
2003-10-06 00:00:00+00:00,210.1999969482422,214.0,209.5,210.75
2003-10-07 00:00:00+00:00,208.0,210.0,205.0,205.5500030517578
2003-10-08 00:00:00+00:00,206.0,215.89999389648438,206.0,215.0
2003-10-09 00:00:00+00:00,217.0,220.0,208.5,211.75
2003-10-10 00:00:00+00:00,211.0,213.5,210.0,210.5
2003-10-13 00:00:00+00:00,210.5,213.5,209.1999969482422,209.5
2003-10-14 00:00:00+00:00,208.1999969482422,209.89999389648438,205.5,206.0500030517578
2003-10-15 00:00:00+00:00,206.0,206.5,190.1999969482422,191.64999389648438
2003-10-16 00:00:00+00:00,191.89999389648438,196.0,182.5,193.0
2003-10-17 00:00:00+00:00,196.89999389648438,199.0,190.10000610351562,196.0
2003-10-20 00:00:00+00:00,196.0,198.89999389648438,192.0,197.1999969482422
2003-10-21 00:00:00+00:00,195.0,200.89999389648438,193.5,198.85000610351562
2003-10-22 00:00:00+00:00,198.5,202.5,198.0,201.64999389648438
2003-10-23 00:00:00+00:00,203.0,204.8000030517578,201.64999389648438,202.4499969482422
2003-10-24 00:00:00+00:00,201.0,201.0,193.0,198.0500030517578
2003-10-27 00:00:00+00:00,197.0,200.5,197.0,199.0500030517578
2003-10-28 00:00:00+00:00,198.10000610351562,200.0,196.10000610351562,199.6999969482422
2003-10-29 00:00:00+00:00,195.0,207.0,195.0,206.5
2003-10-30 00:00:00+00:00,206.60000610351562,225.0,205.0,209.0
2003-10-31 00:00:00+00:00,210.5,210.5,205.0,208.14999389648438
2003-11-03 00:00:00+00:00,206.0,213.0,205.0,210.0
2003-11-04 00:00:00+00:00,208.10000610351562,210.75,207.1999969482422,208.0
2003-11-05 00:00:00+00:00,209.8000030517578,212.0,208.0,208.39999389648438
2003-11-06 00:00:00+00:00,208.10000610351562,209.3000030517578,206.0,206.0
2003-11-07 00:00:00+00:00,207.0,209.0,205.5,206.0
2003-11-10 00:00:00+00:00,210.0,210.0,202.25,204.0
2003-11-11 00:00:00+00:00,203.0,203.0,195.0,199.25
2003-11-12 00:00:00+00:00,198.0,200.0,195.0,199.0
2003-11-13 00:00:00+00:00,199.0,203.8000030517578,198.5,202.35000610351562
2003-11-14 00:00:00+00:00,202.0,205.0,202.0,203.0
2003-11-17 00:00:00+00:00,202.0,202.0,198.0,199.0500030517578
2003-11-18 00:00:00+00:00,200.0,203.5,200.0,203.4499969482422
2003-11-19 00:00:00+00:00,204.0,204.39999389648438,197.0,198.25
2003-11-20 00:00:00+00:00,198.5,199.0,196.5,196.5
2003-11-21 00:00:00+00:00,202.9499969482422,202.9499969482422,195.0,196.0
2003-11-24 00:00:00+00:00,193.0,194.5,192.0,192.0
2003-11-25 00:00:00+00:00,194.5,194.5,188.0,188.89999389648438
2003-11-26 00:00:00+00:00,188.4499969482422,189.5,187.0,188.8000030517578
2003-12-01 00:00:00+00:00,189.0,189.0,186.0,189.0
2003-12-02 00:00:00+00:00,191.0,193.5,190.0,192.75
2003-12-03 00:00:00+00:00,190.0,193.0,190.0,192.35000610351562
2003-12-04 00:00:00+00:00,193.10000610351562,199.0,193.10000610351562,198.39999389648438
2003-12-05 00:00:00+00:00,201.0,201.0,196.5,201.3000030517578
2003-12-08 00:00:00+00:00,204.0,204.0,201.0,207.35000610351562
2003-12-09 00:00:00+00:00,205.5,211.0,205.5,213.3000030517578
2003-12-10 00:00:00+00:00,210.10000610351562,210.10000610351562,210.10000610351562,210.10000610351562
2003-12-11 00:00:00+00:00,210.10000610351562,210.10000610351562,210.10000610351562,207.89999389648438
2003-12-12 00:00:00+00:00,211.6999969482422,211.6999969482422,211.6999969482422,210.85000610351562
2003-12-15 00:00:00+00:00,206.75,206.75,206.75,206.75
2003-12-16 00:00:00+00:00,203.0,203.0,203.0,203.0
2003-12-17 00:00:00+00:00,203.0500030517578,203.0500030517578,203.0500030517578,203.0500030517578
2003-12-18 00:00:00+00:00,200.10000610351562,200.10000610351562,200.10000610351562,200.10000610351562
2003-12-19 00:00:00+00:00,198.75,198.75,198.75,198.75
2003-12-22 00:00:00+00:00,203.0,203.0,203.0,202.25
2003-12-23 00:00:00+00:00,206.14999389648438,206.14999389648438,206.14999389648438,206.14999389648438
2003-12-24 00:00:00+00:00,206.3000030517578,206.3000030517578,206.3000030517578,206.3000030517578
2003-12-29 00:00:00+00:00,205.0,209.85000610351562,201.0,204.1999969482422
2003-12-30 00:00:00+00:00,203.5,204.0,200.1999969482422,201.4499969482422
2003-12-31 00:00:00+00:00,204.0,204.0,194.0,197.5
2004-01-05 00:00:00+00:00,199.0,204.89999389648438,198.0,204.8000030517578
2004-01-06 00:00:00+00:00,205.0,208.5,203.0,204.64999389648438
2004-01-07 00:00:00+00:00,202.75,205.8000030517578,198.60000610351562,204.75
2004-01-08 00:00:00+00:00,201.0,206.0,201.0,204.0
2004-01-09 00:00:00+00:00,205.0,209.5,203.0,208.5500030517578
2004-01-12 00:00:00+00:00,211.0,222.0,208.0,219.39999389648438
2004-01-13 00:00:00+00:00,220.60000610351562,229.1999969482422,217.0,223.1999969482422
2004-01-14 00:00:00+00:00,222.0,225.0,212.0,221.1999969482422
2004-01-15 00:00:00+00:00,221.0,221.0,212.3000030517578,215.64999389648438
2004-01-16 00:00:00+00:00,211.0,219.8000030517578,211.0,219.64999389648438
2004-01-20 00:00:00+00:00,217.5,225.0,215.0,224.75
2004-01-21 00:00:00+00:00,224.9499969482422,243.5,223.75,240.14999389648438
2004-01-22 00:00:00+00:00,241.3000030517578,255.5,238.5,254.35000610351562
2004-01-23 00:00:00+00:00,254.0,254.0,236.0,242.64999389648438
2004-01-26 00:00:00+00:00,246.0,250.0,239.0,240.0
2004-01-27 00:00:00+00:00,239.0500030517578,247.0,222.5500030517578,244.0
2004-01-28 00:00:00+00:00,244.0,250.0,240.0,248.39999389648438
2004-01-29 00:00:00+00:00,242.0,246.0,224.0,228.0500030517578
2004-01-30 00:00:00+00:00,229.0,235.89999389648438,229.0,231.5500030517578
2004-02-02 00:00:00+00:00,232.0,236.8000030517578,226.0,226.8000030517578
2004-02-03 00:00:00+00:00,223.0,239.8000030517578,222.0,237.1999969482422
2004-02-04 00:00:00+00:00,233.0,243.5,231.0,241.14999389648438
2004-02-05 00:00:00+00:00,240.0,243.0,238.0,241.0
2004-02-06 00:00:00+00:00,237.0,246.8000030517578,235.0,241.5500030517578
2004-02-09 00:00:00+00:00,244.0,244.0,239.0,242.60000610351562
2004-02-10 00:00:00+00:00,242.60000610351562,243.5,237.0,241.5
2004-02-11 00:00:00+00:00,242.10000610351562,242.10000610351562,238.0,241.35000610351562
2004-02-12 00:00:00+00:00,247.0,248.5,242.0,248.35000610351562
2004-02-13 00:00:00+00:00,248.35000610351562,251.25,242.5,244.1999969482422
2004-02-17 00:00:00+00:00,247.0,247.0,241.1999969482422,246.0
2004-02-18 00:00:00+00:00,246.89999389648438,251.0,245.0,248.3000030517578
2004-02-19 00:00:00+00:00,248.0,247.8000030517578,241.0,243.25
2004-02-20 00:00:00+00:00,243.5,244.0,230.0,233.0
2004-02-23 00:00:00+00:00,233.0,235.0,222.0,229.10000610351562
2004-02-24 00:00:00+00:00,229.0,239.89999389648438,229.0,234.39999389648438
2004-02-25 00:00:00+00:00,236.0,237.0,225.0,225.0
2004-02-26 00:00:00+00:00,226.0,230.0,224.5,226.14999389648438
2004-02-27 00:00:00+00:00,226.0,231.0,226.0,229.14999389648438
2004-03-01 00:00:00+00:00,228.25,243.0,228.25,239.14999389648438
2004-03-02 00:00:00+00:00,241.0,241.0,236.0,237.85000610351562
2004-03-03 00:00:00+00:00,237.0,240.0,230.0,237.4499969482422
2004-03-04 00:00:00+00:00,235.0,241.0,235.0,241.0
2004-03-05 00:00:00+00:00,244.0,249.0,244.0,249.85000610351562
2004-03-08 00:00:00+00:00,255.0,265.0,255.0,264.25
2004-03-09 00:00:00+00:00,255.0,255.0,255.0,258.75
2004-03-10 00:00:00+00:00,270.6000061035156,270.6000061035156,270.6000061035156,270.6000061035156
2004-03-11 00:00:00+00:00,275.0,275.0,275.0,275.95001220703125
2004-03-12 00:00:00+00:00,276.54998779296875,276.54998779296875,276.54998779296875,276.54998779296875
2004-03-15 00:00:00+00:00,281.0,281.0,281.0,277.75
2004-03-16 00:00:00+00:00,279.0,279.0,279.0,279.6000061035156
2004-03-17 00:00:00+00:00,273.29998779296875,273.29998779296875,273.29998779296875,273.29998779296875
2004-03-18 00:00:00+00:00,279.95001220703125,279.95001220703125,279.95001220703125,279.95001220703125
2004-03-19 00:00:00+00:00,276.0,276.0,276.0,276.0
2004-03-22 00:00:00+00:00,289.04998779296875,289.04998779296875,289.04998779296875,288.8999938964844
2004-03-23 00:00:00+00:00,291.0,291.0,291.0,289.04998779296875
2004-03-24 00:00:00+00:00,292.0,292.0,292.0,286.5
2004-03-25 00:00:00+00:00,287.3999938964844,287.3999938964844,287.3999938964844,287.3999938964844
2004-03-26 00:00:00+00:00,289.70001220703125,289.70001220703125,289.70001220703125,289.70001220703125
2004-03-29 00:00:00+00:00,290.0,293.0,287.0,288.8999938964844
2004-03-30 00:00:00+00:00,288.0,293.5,285.0,289.1000061035156
2004-03-31 00:00:00+00:00,290.0,292.0,286.0,289.95001220703125
2004-04-01 00:00:00+00:00,291.0,302.0,288.0,301.20001220703125
2004-04-02 00:00:00+00:00,301.5,318.0,296.0,305.95001220703125
2004-04-05 00:00:00+00:00,309.0,319.0,305.0,309.95001220703125
2004-04-06 00:00:00+00:00,310.0,316.5,308.0,315.6499938964844
2004-04-07 00:00:00+00:00,316.0,332.0,316.0,322.5
2004-04-08 00:00:00+00:00,328.95001220703125,332.5,322.0,330.45001220703125
2004-04-12 00:00:00+00:00,332.95001220703125,344.70001220703125,332.95001220703125,337.20001220703125
2004-04-13 00:00:00+00:00,340.0,340.0,325.0,326.79998779296875
2004-04-14 00:00:00+00:00,326.0,328.79998779296875,297.5,317.29998779296875
2004-04-15 00:00:00+00:00,312.20001220703125,325.1000061035156,307.0,311.8500061035156
2004-04-16 00:00:00+00:00,312.0,315.0,307.0,313.75
2004-04-19 00:00:00+00:00,318.0,328.0,315.79998779296875,326.29998779296875
2004-04-20 00:00:00+00:00,325.0,326.0,310.0,317.0
2004-04-21 00:00:00+00:00,315.0,315.0,288.0,296.0
2004-04-22 00:00:00+00:00,291.0,291.5,254.1999969482422,273.79998779296875
2004-04-23 00:00:00+00:00,274.0,282.0,261.0,280.8500061035156
2004-04-26 00:00:00+00:00,281.20001220703125,281.20001220703125,270.0,273.1499938964844
2004-04-27 00:00:00+00:00,273.5,280.0,273.0,277.95001220703125
2004-04-28 00:00:00+00:00,278.0,278.95001220703125,245.0,253.60000610351562
2004-04-29 00:00:00+00:00,254.0,255.0,232.0,246.0500030517578
2004-04-30 00:00:00+00:00,246.0,260.0,245.8000030517578,258.29998779296875
2004-05-03 00:00:00+00:00,256.3999938964844,267.0,256.3999938964844,261.5
2004-05-04 00:00:00+00:00,263.0,270.0,252.0,255.8000030517578
2004-05-05 00:00:00+00:00,260.20001220703125,268.0,247.5,254.0500030517578
2004-05-06 00:00:00+00:00,252.0,255.0,247.5,254.0500030517578
2004-05-07 00:00:00+00:00,253.0,256.0,231.0,242.14999389648438
2004-05-10 00:00:00+00:00,239.5,239.5,227.0,236.0
2004-05-11 00:00:00+00:00,235.0,240.0,233.0,235.3000030517578
2004-05-12 00:00:00+00:00,234.1999969482422,246.0,234.1999969482422,240.25
2004-05-13 00:00:00+00:00,240.0,245.0,237.8000030517578,243.6999969482422
2004-05-14 00:00:00+00:00,247.0,247.0,236.0,242.8000030517578
2004-05-17 00:00:00+00:00,242.5,255.8000030517578,239.0,245.0
2004-05-18 00:00:00+00:00,244.89999389648438,245.8000030517578,236.1999969482422,240.1999969482422
2004-05-19 00:00:00+00:00,236.0,246.5,235.0,245.5
2004-05-20 00:00:00+00:00,245.0,246.0,236.0,240.0
2004-05-21 00:00:00+00:00,240.0,251.0,240.0,249.5
2004-05-24 00:00:00+00:00,252.0,253.0,245.1999969482422,253.0
2004-05-25 00:00:00+00:00,253.0,257.0,252.0,253.25
2004-05-26 00:00:00+00:00,252.0,255.0,248.0,250.64999389648438
2004-05-27 00:00:00+00:00,248.0,254.0,248.0,253.3000030517578
2004-05-28 00:00:00+00:00,253.0,254.0,246.0,257.45001220703125
2004-06-01 00:00:00+00:00,256.3999938964844,256.3999938964844,250.0,252.1999969482422
2004-06-02 00:00:00+00:00,250.0,250.0,243.0,245.39999389648438
2004-06-03 00:00:00+00:00,244.0,249.0,244.0,245.75
2004-06-04 00:00:00+00:00,237.0,239.0,237.0,243.0
2004-06-07 00:00:00+00:00,244.0,244.0,244.0,245.35000610351562
2004-06-08 00:00:00+00:00,245.25,245.25,245.25,241.75
2004-06-09 00:00:00+00:00,232.0,232.0,220.0,218.1999969482422
2004-06-10 00:00:00+00:00,221.0,221.0,221.0,219.0500030517578
2004-06-14 00:00:00+00:00,214.0,219.0,219.0,219.8000030517578
2004-06-15 00:00:00+00:00,214.5,219.0,213.1999969482422,222.64999389648438
2004-06-16 00:00:00+00:00,220.89999389648438,220.89999389648438,220.89999389648438,220.89999389648438
2004-06-17 00:00:00+00:00,225.0,225.0,225.0,225.89999389648438
2004-06-18 00:00:00+00:00,233.0,233.0,233.0,229.1999969482422
2004-06-21 00:00:00+00:00,228.0500030517578,228.0500030517578,228.0500030517578,228.0500030517578
2004-06-22 00:00:00+00:00,222.8000030517578,222.8000030517578,222.8000030517578,222.8000030517578
2004-06-23 00:00:00+00:00,222.3000030517578,222.3000030517578,222.3000030517578,222.3000030517578
2004-06-24 00:00:00+00:00,227.5,227.5,227.5,228.89999389648438
2004-06-25 00:00:00+00:00,226.1999969482422,226.1999969482422,226.1999969482422,226.1999969482422
2004-06-28 00:00:00+00:00,228.0,229.8000030517578,224.3000030517578,227.6999969482422
2004-06-29 00:00:00+00:00,225.0,225.0,217.0,219.5
2004-06-30 00:00:00+00:00,220.5,222.0,214.0,214.9499969482422
2004-07-01 00:00:00+00:00,213.1999969482422,216.0,212.0,215.0
2004-07-02 00:00:00+00:00,207.0,218.0,205.0,217.0
2004-07-06 00:00:00+00:00,217.0,223.5,217.0,221.0500030517578
2004-07-07 00:00:00+00:00,220.0,227.39999389648438,218.5,225.89999389648438
2004-07-08 00:00:00+00:00,226.60000610351562,228.0,223.0,226.9499969482422
2004-07-09 00:00:00+00:00,227.0,229.9499969482422,224.0,225.3000030517578
2004-07-12 00:00:00+00:00,227.0,227.8000030517578,224.0,224.75
2004-07-13 00:00:00+00:00,227.0,227.0,220.0,222.0
2004-07-14 00:00:00+00:00,223.0,229.0,222.0,228.35000610351562
2004-07-15 00:00:00+00:00,228.0,229.0,224.0,226.0
2004-07-16 00:00:00+00:00,223.5,229.8000030517578,223.5,229.5500030517578
2004-07-19 00:00:00+00:00,228.6999969482422,229.10000610351562,225.0,227.0
2004-07-20 00:00:00+00:00,227.39999389648438,232.39999389648438,226.0,231.85000610351562
2004-07-21 00:00:00+00:00,231.85000610351562,231.85000610351562,225.0,226.14999389648438
2004-07-22 00:00:00+00:00,227.0,227.0,223.0,225.75
2004-07-23 00:00:00+00:00,225.75,225.75,220.0,222.75
2004-07-26 00:00:00+00:00,222.75,222.75,219.5,220.0
2004-07-27 00:00:00+00:00,220.0,223.5,218.5,219.39999389648438
2004-07-28 00:00:00+00:00,220.0,220.0,213.0,213.75
2004-07-29 00:00:00+00:00,217.39999389648438,219.8000030517578,213.1999969482422,216.25
2004-07-30 00:00:00+00:00,216.0,219.5,214.6999969482422,217.1999969482422
2004-08-02 00:00:00+00:00,219.39999389648438,223.0,218.0,218.89999389648438
2004-08-03 00:00:00+00:00,217.0,218.0,214.0,217.5
2004-08-04 00:00:00+00:00,218.6999969482422,219.0,215.5,218.4499969482422
2004-08-05 00:00:00+00:00,218.8000030517578,219.0,211.1999969482422,213.39999389648438
2004-08-06 00:00:00+00:00,213.5,216.0,211.5,214.0
2004-08-09 00:00:00+00:00,214.0,218.0,214.0,215.75
2004-08-10 00:00:00+00:00,215.75,219.0,215.75,218.0
2004-08-11 00:00:00+00:00,218.0,220.0,212.0,213.39999389648438
2004-08-12 00:00:00+00:00,213.5,216.0,211.0,211.75
2004-08-13 00:00:00+00:00,213.0,214.0,210.1999969482422,212.0
2004-08-16 00:00:00+00:00,214.5,218.0,213.0,217.0
2004-08-17 00:00:00+00:00,218.0,218.89999389648438,215.0,218.64999389648438
2004-08-18 00:00:00+00:00,215.0,219.8000030517578,215.0,218.75
2004-08-19 00:00:00+00:00,222.0,228.5,219.8000030517578,223.3000030517578
2004-08-20 00:00:00+00:00,223.10000610351562,227.0,222.5,225.5
2004-08-23 00:00:00+00:00,224.60000610351562,225.39999389648438,218.5,220.39999389648438
2004-08-24 00:00:00+00:00,221.5,222.0,215.0,216.39999389648438
2004-08-25 00:00:00+00:00,216.0,217.0,210.0,215.5
2004-08-26 00:00:00+00:00,215.0,218.0,213.0,213.64999389648438
2004-08-27 00:00:00+00:00,216.0,216.0,209.0,213.0
2004-08-30 00:00:00+00:00,212.89999389648438,216.0,210.0,210.64999389648438
2004-08-31 00:00:00+00:00,211.0,215.0,210.25,214.3000030517578
2004-09-01 00:00:00+00:00,215.0,215.0,212.0,213.10000610351562
2004-09-02 00:00:00+00:00,214.5,214.5,210.0,212.0
2004-09-03 00:00:00+00:00,213.5,213.5,210.5,210.39999389648438
2004-09-07 00:00:00+00:00,210.39999389648438,210.39999389648438,210.39999389648438,205.6999969482422
2004-09-08 00:00:00+00:00,205.0,205.0,205.0,206.75
2004-09-09 00:00:00+00:00,207.5,208.5,207.5,205.0500030517578
2004-09-10 00:00:00+00:00,205.25,205.25,205.25,206.35000610351562
2004-09-13 00:00:00+00:00,209.75,209.75,209.75,209.0500030517578
2004-09-14 00:00:00+00:00,210.8000030517578,210.8000030517578,210.8000030517578,210.8000030517578
2004-09-15 00:00:00+00:00,210.0,210.0,210.0,210.0
2004-09-16 00:00:00+00:00,210.0500030517578,205.0,205.0,210.10000610351562
2004-09-17 00:00:00+00:00,207.6999969482422,207.6999969482422,207.6999969482422,207.6999969482422
2004-09-20 00:00:00+00:00,207.10000610351562,207.10000610351562,207.10000610351562,207.10000610351562
2004-09-21 00:00:00+00:00,209.39999389648438,209.39999389648438,209.39999389648438,209.39999389648438
2004-09-22 00:00:00+00:00,208.6999969482422,208.6999969482422,208.6999969482422,208.6999969482422
2004-09-23 00:00:00+00:00,215.64999389648438,215.64999389648438,215.64999389648438,215.64999389648438
2004-09-24 00:00:00+00:00,222.75,222.75,222.75,222.75
2004-09-27 00:00:00+00:00,225.85000610351562,225.85000610351562,225.85000610351562,225.85000610351562
2004-09-28 00:00:00+00:00,226.0,228.8000030517578,220.5,220.60000610351562
2004-09-29 00:00:00+00:00,222.8000030517578,222.8000030517578,217.5,219.89999389648438
2004-09-30 00:00:00+00:00,221.0,225.0,217.8000030517578,224.75
2004-10-01 00:00:00+00:00,226.0,227.89999389648438,221.1999969482422,222.8000030517578
2004-10-04 00:00:00+00:00,220.0,222.0,214.5,217.10000610351562
2004-10-05 00:00:00+00:00,217.3000030517578,225.8000030517578,216.60000610351562,224.9499969482422
2004-10-06 00:00:00+00:00,225.0,229.6999969482422,223.14999389648438,227.5
2004-10-07 00:00:00+00:00,227.5,236.0,226.5,233.4499969482422
2004-10-08 00:00:00+00:00,231.8000030517578,239.1999969482422,230.0,234.4499969482422
2004-10-11 00:00:00+00:00,234.0,234.0,226.1999969482422,231.0
2004-10-12 00:00:00+00:00,231.0,231.0,216.5,223.1999969482422
2004-10-13 00:00:00+00:00,224.39999389648438,225.0,209.60000610351562,217.4499969482422
2004-10-14 00:00:00+00:00,219.0,220.5,216.0,219.5
2004-10-15 00:00:00+00:00,219.0,224.0,218.0,218.35000610351562
2004-10-18 00:00:00+00:00,218.0,218.0,213.0,213.3000030517578
2004-10-19 00:00:00+00:00,213.3000030517578,216.89999389648438,212.60000610351562,216.64999389648438
2004-10-20 00:00:00+00:00,217.0,220.0,215.0,215.64999389648438
2004-10-21 00:00:00+00:00,217.5,219.1999969482422,214.0,216.89999389648438
2004-10-22 00:00:00+00:00,215.3000030517578,217.0,214.0,215.9499969482422
2004-10-25 00:00:00+00:00,215.1999969482422,220.0,215.1999969482422,218.9499969482422
2004-10-26 00:00:00+00:00,220.0,220.0,215.0,215.10000610351562
2004-10-27 00:00:00+00:00,216.0,219.0,214.25,214.5
2004-10-28 00:00:00+00:00,214.5,217.39999389648438,211.0,214.75
2004-10-29 00:00:00+00:00,214.0500030517578,215.0,211.5,212.1999969482422
2004-11-01 00:00:00+00:00,213.60000610351562,218.1999969482422,208.0,210.75
2004-11-02 00:00:00+00:00,212.0,212.89999389648438,208.25,210.5
2004-11-03 00:00:00+00:00,210.0,212.0,209.0,210.5
2004-11-04 00:00:00+00:00,213.0,216.8000030517578,212.89999389648438,214.75
2004-11-05 00:00:00+00:00,213.5,217.8000030517578,213.0,217.6999969482422
2004-11-08 00:00:00+00:00,217.8000030517578,219.0,215.10000610351562,217.5
2004-11-09 00:00:00+00:00,218.39999389648438,218.39999389648438,214.0,215.4499969482422
2004-11-10 00:00:00+00:00,216.0,216.5,214.89999389648438,215.0500030517578
2004-11-11 00:00:00+00:00,215.5,217.0,212.1999969482422,216.14999389648438
2004-11-12 00:00:00+00:00,216.75,222.0,215.75,221.14999389648438
2004-11-15 00:00:00+00:00,222.0,222.0,218.5,219.5
2004-11-16 00:00:00+00:00,220.0,222.0,217.8000030517578,222.0
2004-11-17 00:00:00+00:00,221.60000610351562,223.5,219.10000610351562,223.0
2004-11-18 00:00:00+00:00,223.0,223.0,218.0,219.8000030517578
2004-11-19 00:00:00+00:00,218.75,221.5,214.5,220.3000030517578
2004-11-22 00:00:00+00:00,220.25,220.25,216.0,218.5
2004-11-23 00:00:00+00:00,220.0,220.0,216.60000610351562,217.1999969482422
2004-11-24 00:00:00+00:00,216.10000610351562,217.8000030517578,214.0,214.0
2004-11-29 00:00:00+00:00,215.3000030517578,215.3000030517578,210.0,211.35000610351562
2004-11-30 00:00:00+00:00,211.3000030517578,213.0,209.0,210.60000610351562
2004-12-01 00:00:00+00:00,206.0,213.5,206.0,209.4499969482422
2004-12-02 00:00:00+00:00,210.0,210.5,208.0,207.0500030517578
2004-12-03 00:00:00+00:00,206.0,207.25,203.5,204.5500030517578
2004-12-06 00:00:00+00:00,204.39999389648438,210.0,203.0,209.85000610351562
2004-12-07 00:00:00+00:00,209.10000610351562,209.0,208.5,208.4499969482422
2004-12-08 00:00:00+00:00,204.0,204.0,201.0,202.5
2004-12-09 00:00:00+00:00,192.0,195.0,191.25,194.85000610351562
2004-12-10 00:00:00+00:00,193.35000610351562,193.35000610351562,193.35000610351562,193.35000610351562
2004-12-13 00:00:00+00:00,192.0,195.0,192.0,191.85000610351562
2004-12-14 00:00:00+00:00,184.0,188.0,184.0,184.60000610351562
2004-12-15 00:00:00+00:00,188.0,188.0,188.0,188.0
2004-12-16 00:00:00+00:00,184.0,184.0,184.0,184.0
2004-12-17 00:00:00+00:00,178.3000030517578,178.3000030517578,178.3000030517578,178.5
2004-12-20 00:00:00+00:00,183.1999969482422,183.1999969482422,183.1999969482422,183.1999969482422
2004-12-21 00:00:00+00:00,183.85000610351562,183.85000610351562,183.85000610351562,183.85000610351562
2004-12-22 00:00:00+00:00,185.89999389648438,185.89999389648438,185.89999389648438,185.89999389648438
2004-12-23 00:00:00+00:00,183.0,183.0,183.0,186.9499969482422
2004-12-27 00:00:00+00:00,188.5,188.5,188.5,188.5
2004-12-28 00:00:00+00:00,188.0,189.5,184.10000610351562,189.0
2004-12-29 00:00:00+00:00,187.1999969482422,187.1999969482422,183.0,185.64999389648438
2004-12-30 00:00:00+00:00,187.0,187.5,182.0,185.25
2005-01-03 00:00:00+00:00,181.6999969482422,184.0,178.25,179.0
2005-01-04 00:00:00+00:00,179.5500030517578,182.0,177.5,180.14999389648438
2005-01-05 00:00:00+00:00,181.60000610351562,183.89999389648438,180.0,183.3000030517578
2005-01-06 00:00:00+00:00,182.0,184.5,180.60000610351562,183.75
2005-01-07 00:00:00+00:00,184.5,186.0,182.5,184.0
2005-01-10 00:00:00+00:00,182.60000610351562,192.5,182.5,191.60000610351562
2005-01-11 00:00:00+00:00,191.60000610351562,195.89999389648438,191.60000610351562,195.8000030517578
2005-01-12 00:00:00+00:00,194.0,195.0,186.1999969482422,192.1999969482422
2005-01-13 00:00:00+00:00,190.5,191.0,188.0,189.0
2005-01-14 00:00:00+00:00,190.0,190.0,184.0500030517578,184.14999389648438
2005-01-18 00:00:00+00:00,184.5,186.89999389648438,183.0,185.4499969482422
2005-01-19 00:00:00+00:00,185.0,190.8000030517578,185.0,189.25
2005-01-20 00:00:00+00:00,185.60000610351562,188.25,185.0,187.14999389648438
2005-01-21 00:00:00+00:00,187.39999389648438,192.8000030517578,187.39999389648438,192.10000610351562
2005-01-24 00:00:00+00:00,192.0,195.0,190.0,192.89999389648438
2005-01-25 00:00:00+00:00,193.0,193.8000030517578,191.5,192.5500030517578
2005-01-26 00:00:00+00:00,191.0,192.8000030517578,189.0,192.0
2005-01-27 00:00:00+00:00,192.0,192.0,190.0,191.75
2005-01-28 00:00:00+00:00,190.5,192.8000030517578,190.0,192.14999389648438
2005-01-31 00:00:00+00:00,191.0,192.0,189.0,190.39999389648438
2005-02-01 00:00:00+00:00,190.1999969482422,193.5,190.0,191.39999389648438
2005-02-02 00:00:00+00:00,191.0,192.0,187.60000610351562,188.0
2005-02-03 00:00:00+00:00,188.0,189.75,182.1999969482422,183.5
2005-02-04 00:00:00+00:00,183.5,184.5,181.5,182.0500030517578
2005-02-07 00:00:00+00:00,182.5,183.0,177.5,180.75
2005-02-08 00:00:00+00:00,181.8000030517578,181.8000030517578,177.0,179.85000610351562
2005-02-09 00:00:00+00:00,180.0,181.0,178.5,180.0
2005-02-10 00:00:00+00:00,180.5,183.0,180.0,182.25
2005-02-11 00:00:00+00:00,182.89999389648438,185.0,181.0,184.9499969482422
2005-02-14 00:00:00+00:00,184.9499969482422,189.0,184.9499969482422,188.14999389648438
2005-02-15 00:00:00+00:00,187.0,187.75,183.0,185.35000610351562
2005-02-16 00:00:00+00:00,184.5,188.0,181.10000610351562,183.0500030517578
2005-02-17 00:00:00+00:00,183.5,184.6999969482422,182.0,183.0
2005-02-18 00:00:00+00:00,182.5500030517578,183.60000610351562,181.8000030517578,183.0
2005-02-22 00:00:00+00:00,182.0,185.0500030517578,181.8000030517578,184.75
2005-02-23 00:00:00+00:00,184.8000030517578,185.0,182.60000610351562,184.35000610351562
2005-02-24 00:00:00+00:00,185.0,187.0,183.0,183.89999389648438
2005-02-25 00:00:00+00:00,182.0,184.60000610351562,178.5,179.89999389648438
2005-02-28 00:00:00+00:00,182.25,183.0500030517578,182.25,183.0500030517578
2005-03-01 00:00:00+00:00,182.25,186.0,182.0,185.5
2005-03-02 00:00:00+00:00,187.25,187.8000030517578,183.5,187.8000030517578
2005-03-03 00:00:00+00:00,189.5,197.5,189.0,197.85000610351562
2005-03-04 00:00:00+00:00,199.0,215.0,199.0,208.0500030517578
2005-03-07 00:00:00+00:00,204.5500030517578,207.0,200.0,207.8000030517578
2005-03-08 00:00:00+00:00,207.9499969482422,207.9499969482422,207.9499969482422,207.9499969482422
2005-03-09 00:00:00+00:00,205.6999969482422,205.6999969482422,205.6999969482422,205.6999969482422
2005-03-10 00:00:00+00:00,202.0500030517578,202.0500030517578,202.0500030517578,202.0500030517578
2005-03-11 00:00:00+00:00,195.0,195.0,195.0,201.25
2005-03-14 00:00:00+00:00,199.85000610351562,199.85000610351562,199.85000610351562,199.85000610351562
2005-03-15 00:00:00+00:00,201.85000610351562,201.85000610351562,201.85000610351562,201.5500030517578
2005-03-16 00:00:00+00:00,205.14999389648438,205.14999389648438,205.14999389648438,205.14999389648438
2005-03-17 00:00:00+00:00,201.25,201.25,201.25,201.25
2005-03-18 00:00:00+00:00,201.39999389648438,201.39999389648438,201.39999389648438,201.39999389648438
2005-03-21 00:00:00+00:00,198.64999389648438,198.64999389648438,198.64999389648438,198.64999389648438
2005-03-22 00:00:00+00:00,199.14999389648438,199.14999389648438,199.14999389648438,199.14999389648438
2005-03-23 00:00:00+00:00,195.3000030517578,195.3000030517578,192.5,192.5
2005-03-24 00:00:00+00:00,191.25,192.5,191.25,194.75
2005-03-28 00:00:00+00:00,192.6999969482422,192.6999969482422,192.6999969482422,192.6999969482422
2005-03-29 00:00:00+00:00,194.0500030517578,194.0500030517578,194.0500030517578,194.0500030517578
2005-03-30 00:00:00+00:00,195.0,200.0,195.0,200.0
2005-03-31 00:00:00+00:00,199.3000030517578,203.89999389648438,198.1999969482422,203.5500030517578
2005-04-01 00:00:00+00:00,203.0,205.5,200.5,201.85000610351562
2005-04-04 00:00:00+00:00,201.10000610351562,201.89999389648438,199.0,200.10000610351562
2005-04-05 00:00:00+00:00,199.6999969482422,201.5,199.0,200.0
2005-04-06 00:00:00+00:00,201.0,202.0,198.5,201.60000610351562
2005-04-07 00:00:00+00:00,201.5500030517578,203.0,200.0,201.0
2005-04-08 00:00:00+00:00,200.5,200.60000610351562,197.0,198.9499969482422
2005-04-11 00:00:00+00:00,200.5,202.0,196.0,200.9499969482422
2005-04-12 00:00:00+00:00,201.1999969482422,201.1999969482422,196.5,197.3000030517578
2005-04-13 00:00:00+00:00,197.3000030517578,199.0,196.0,197.0
2005-04-14 00:00:00+00:00,198.5,200.5,197.5,198.5
2005-04-15 00:00:00+00:00,198.0,200.0,197.10000610351562,199.5500030517578
2005-04-18 00:00:00+00:00,199.5,200.8000030517578,198.5,200.39999389648438
2005-04-19 00:00:00+00:00,200.1999969482422,202.0,199.0,202.0
2005-04-20 00:00:00+00:00,202.5,206.6999969482422,202.25,206.25
2005-04-21 00:00:00+00:00,205.10000610351562,207.0,197.25,199.89999389648438
2005-04-22 00:00:00+00:00,199.1999969482422,202.0,199.0,201.5
2005-04-25 00:00:00+00:00,202.0,204.0,198.5,202.5
2005-04-26 00:00:00+00:00,202.0,202.4499969482422,200.0,202.0
2005-04-27 00:00:00+00:00,201.0,206.0,200.0,203.0
2005-04-28 00:00:00+00:00,204.0,204.0,195.0,196.0
2005-04-29 00:00:00+00:00,194.0500030517578,199.89999389648438,194.0500030517578,197.89999389648438
2005-05-02 00:00:00+00:00,197.89999389648438,197.89999389648438,192.0,193.64999389648438
2005-05-03 00:00:00+00:00,194.9499969482422,195.0,191.5,191.6999969482422
2005-05-04 00:00:00+00:00,191.75,195.5,191.75,194.35000610351562
2005-05-05 00:00:00+00:00,194.5,197.0,194.0,196.60000610351562
2005-05-06 00:00:00+00:00,197.1999969482422,197.39999389648438,192.10000610351562,193.8000030517578
2005-05-09 00:00:00+00:00,194.60000610351562,196.0,191.0,195.64999389648438
2005-05-10 00:00:00+00:00,195.0,196.25,194.0,195.64999389648438
2005-05-11 00:00:00+00:00,195.0,197.0,191.0,193.5500030517578
2005-05-12 00:00:00+00:00,194.89999389648438,194.89999389648438,190.1999969482422,191.89999389648438
2005-05-13 00:00:00+00:00,191.25,194.0,187.0,189.25
2005-05-16 00:00:00+00:00,189.0,189.0,185.8000030517578,187.3000030517578
2005-05-17 00:00:00+00:00,187.3000030517578,191.0,186.5,190.10000610351562
2005-05-18 00:00:00+00:00,189.25,193.0,186.5,192.0
2005-05-19 00:00:00+00:00,191.0,192.5,186.1999969482422,188.89999389648438
2005-05-20 00:00:00+00:00,189.0,191.0,186.5,187.85000610351562
2005-05-23 00:00:00+00:00,187.4499969482422,190.0,187.10000610351562,188.75
2005-05-24 00:00:00+00:00,188.39999389648438,189.0,187.25,188.39999389648438
2005-05-25 00:00:00+00:00,188.5,188.8000030517578,185.0,185.25
2005-05-26 00:00:00+00:00,186.0,186.6999969482422,182.1999969482422,183.35000610351562
2005-05-27 00:00:00+00:00,182.1999969482422,184.89999389648438,182.1999969482422,184.35000610351562
2005-05-31 00:00:00+00:00,184.0,185.0,180.60000610351562,182.4499969482422
2005-06-01 00:00:00+00:00,181.5,185.0,181.0,181.8000030517578
2005-06-02 00:00:00+00:00,180.5,183.0,180.5,182.0500030517578
2005-06-03 00:00:00+00:00,182.10000610351562,183.5,182.10000610351562,184.1999969482422
2005-06-06 00:00:00+00:00,183.89999389648438,191.0,183.85000610351562,189.64999389648438
2005-06-07 00:00:00+00:00,190.0,190.0,185.60000610351562,188.0
2005-06-08 00:00:00+00:00,185.60000610351562,185.60000610351562,185.60000610351562,187.8000030517578
2005-06-09 00:00:00+00:00,186.10000610351562,189.0,185.5,184.8000030517578
2005-06-10 00:00:00+00:00,184.5,184.5,184.5,184.5
2005-06-13 00:00:00+00:00,184.89999389648438,188.0,182.25,185.5
2005-06-14 00:00:00+00:00,188.0,188.0,184.0,185.0
2005-06-15 00:00:00+00:00,189.10000610351562,189.10000610351562,189.10000610351562,189.10000610351562
2005-06-16 00:00:00+00:00,188.5500030517578,188.5500030517578,188.5500030517578,188.5500030517578
2005-06-17 00:00:00+00:00,189.75,189.75,189.75,189.75
2005-06-20 00:00:00+00:00,190.9499969482422,190.9499969482422,190.9499969482422,190.9499969482422
2005-06-21 00:00:00+00:00,187.5500030517578,187.5500030517578,187.5500030517578,187.5500030517578
2005-06-22 00:00:00+00:00,188.89999389648438,188.89999389648438,188.89999389648438,188.89999389648438
2005-06-23 00:00:00+00:00,188.3000030517578,188.3000030517578,188.3000030517578,188.3000030517578
2005-06-24 00:00:00+00:00,187.3000030517578,187.3000030517578,187.3000030517578,187.3000030517578
2005-06-27 00:00:00+00:00,186.5,186.5,186.5,186.5
2005-06-28 00:00:00+00:00,184.0500030517578,184.0500030517578,184.0500030517578,184.0500030517578
2005-06-29 00:00:00+00:00,185.25,186.5,181.1999969482422,184.14999389648438
2005-06-30 00:00:00+00:00,185.8000030517578,185.8000030517578,181.5,181.9499969482422
2005-07-01 00:00:00+00:00,181.10000610351562,182.5,177.0,179.0
2005-07-05 00:00:00+00:00,178.5,182.8000030517578,170.1999969482422,179.64999389648438
2005-07-06 00:00:00+00:00,181.89999389648438,183.0,177.0,180.3000030517578
2005-07-07 00:00:00+00:00,180.3000030517578,184.8000030517578,180.0,183.6999969482422
2005-07-08 00:00:00+00:00,183.0,186.0,182.0,185.60000610351562
2005-07-11 00:00:00+00:00,185.5,186.0,182.0,185.75
2005-07-12 00:00:00+00:00,185.0,185.5,183.0,184.85000610351562
2005-07-13 00:00:00+00:00,185.0,186.1999969482422,182.0,182.35000610351562
2005-07-14 00:00:00+00:00,182.10000610351562,184.0,182.0,182.14999389648438
2005-07-15 00:00:00+00:00,180.10000610351562,185.89999389648438,180.10000610351562,183.75
2005-07-18 00:00:00+00:00,184.0,188.0,183.0,186.85000610351562
2005-07-19 00:00:00+00:00,186.0,189.0,185.10000610351562,188.85000610351562
2005-07-20 00:00:00+00:00,188.60000610351562,192.89999389648438,184.75,192.75
2005-07-21 00:00:00+00:00,192.6999969482422,198.0,191.0500030517578,197.3000030517578
2005-07-22 00:00:00+00:00,198.0,205.0,193.0,195.5500030517578
2005-07-25 00:00:00+00:00,192.5,196.0,192.0,194.8000030517578
2005-07-26 00:00:00+00:00,195.0,196.5,190.5,190.89999389648438
2005-07-27 00:00:00+00:00,191.0,192.0,188.0,191.60000610351562
2005-07-28 00:00:00+00:00,193.0,196.0,190.5,195.60000610351562
2005-07-29 00:00:00+00:00,194.3000030517578,196.5,193.75,194.60000610351562
2005-08-01 00:00:00+00:00,195.0,196.0,193.5,195.8000030517578
2005-08-02 00:00:00+00:00,195.5,196.5,194.5,195.5
2005-08-03 00:00:00+00:00,195.75,197.0,195.5,196.5
2005-08-04 00:00:00+00:00,196.0,196.5,192.0,193.5
2005-08-05 00:00:00+00:00,194.10000610351562,195.0,190.5,191.60000610351562
2005-08-08 00:00:00+00:00,190.5,194.5,189.0,190.0
2005-08-09 00:00:00+00:00,190.0,191.5500030517578,187.5,188.1999969482422
2005-08-10 00:00:00+00:00,188.10000610351562,188.10000610351562,185.3000030517578,187.6999969482422
2005-08-11 00:00:00+00:00,188.0,188.89999389648438,186.0,188.5
2005-08-12 00:00:00+00:00,189.8000030517578,191.75,185.1999969482422,185.5500030517578
2005-08-15 00:00:00+00:00,186.0,186.5,184.0,186.25
2005-08-16 00:00:00+00:00,185.64999389648438,187.0,184.0,185.0500030517578
2005-08-17 00:00:00+00:00,185.0,187.25,184.5,185.14999389648438
2005-08-18 00:00:00+00:00,185.89999389648438,186.0,183.0,183.85000610351562
2005-08-19 00:00:00+00:00,183.85000610351562,184.5,181.5,183.10000610351562
2005-08-22 00:00:00+00:00,182.0,183.8000030517578,181.0,182.4499969482422
2005-08-23 00:00:00+00:00,183.5,185.8000030517578,181.6999969482422,185.75
2005-08-24 00:00:00+00:00,184.75,186.1999969482422,182.1999969482422,184.5
2005-08-25 00:00:00+00:00,184.75,185.5,183.1999969482422,182.8000030517578
2005-08-26 00:00:00+00:00,182.5,185.0,182.0,182.5500030517578
2005-08-29 00:00:00+00:00,184.0,185.0,182.0,182.6999969482422
2005-08-30 00:00:00+00:00,183.0,183.75,180.5,180.64999389648438
2005-08-31 00:00:00+00:00,181.8000030517578,181.8000030517578,180.10000610351562,181.9499969482422
2005-09-01 00:00:00+00:00,181.60000610351562,183.9499969482422,181.60000610351562,183.9499969482422
2005-09-02 00:00:00+00:00,184.25,184.5,184.25,183.39999389648438
2005-09-06 00:00:00+00:00,182.8000030517578,182.8000030517578,182.8000030517578,182.8000030517578
2005-09-07 00:00:00+00:00,183.39999389648438,183.39999389648438,183.39999389648438,182.39999389648438
2005-09-08 00:00:00+00:00,183.5,184.5,182.5,184.14999389648438
2005-09-09 00:00:00+00:00,183.75,183.75,183.75,184.1999969482422
2005-09-12 00:00:00+00:00,183.14999389648438,183.14999389648438,183.14999389648438,183.14999389648438
2005-09-13 00:00:00+00:00,182.1999969482422,182.1999969482422,182.1999969482422,182.1999969482422
2005-09-14 00:00:00+00:00,182.9499969482422,182.9499969482422,182.9499969482422,182.9499969482422
2005-09-15 00:00:00+00:00,183.64999389648438,184.6999969482422,183.64999389648438,185.14999389648438
2005-09-16 00:00:00+00:00,190.0,191.0,190.0,191.14999389648438
2005-09-19 00:00:00+00:00,192.0,202.0,192.0,202.6999969482422
2005-09-20 00:00:00+00:00,200.0500030517578,200.0500030517578,200.0500030517578,200.0500030517578
2005-09-21 00:00:00+00:00,201.35000610351562,201.35000610351562,201.35000610351562,201.64999389648438
2005-09-22 00:00:00+00:00,199.1999969482422,199.1999969482422,199.1999969482422,199.1999969482422
2005-09-23 00:00:00+00:00,197.14999389648438,197.14999389648438,197.14999389648438,197.5500030517578
2005-09-26 00:00:00+00:00,200.0,200.0,200.0,196.10000610351562
2005-09-27 00:00:00+00:00,198.10000610351562,198.10000610351562,198.10000610351562,198.10000610351562
2005-09-28 00:00:00+00:00,199.64999389648438,199.64999389648438,199.64999389648438,199.64999389648438
2005-10-18 00:00:00+00:00,208.25,208.25,208.25,208.25
2005-10-19 00:00:00+00:00,206.5,206.5,206.5,206.5
2005-10-20 00:00:00+00:00,210.5500030517578,210.5500030517578,210.5500030517578,210.5500030517578
2005-10-21 00:00:00+00:00,210.5500030517578,210.5500030517578,210.5500030517578,210.5500030517578
2005-10-24 00:00:00+00:00,212.3000030517578,212.3000030517578,212.3000030517578,212.3000030517578
2005-10-25 00:00:00+00:00,220.0500030517578,220.0500030517578,220.0500030517578,220.0500030517578
2005-10-26 00:00:00+00:00,229.1999969482422,229.1999969482422,229.1999969482422,229.1999969482422
2005-10-27 00:00:00+00:00,229.1999969482422,229.1999969482422,229.1999969482422,227.4499969482422
2005-10-28 00:00:00+00:00,230.0,231.5,225.0,230.3000030517578
2005-10-31 00:00:00+00:00,231.0,233.75,226.5,227.14999389648438
2005-11-01 00:00:00+00:00,232.0,232.89999389648438,220.0,223.39999389648438
2005-11-02 00:00:00+00:00,223.0,229.0,222.0,228.64999389648438
2005-11-03 00:00:00+00:00,227.3000030517578,232.0,227.3000030517578,231.89999389648438
2005-11-04 00:00:00+00:00,229.89999389648438,232.5,223.39999389648438,226.35000610351562
2005-11-07 00:00:00+00:00,226.10000610351562,232.0,223.39999389648438,230.0
2005-11-08 00:00:00+00:00,230.0,233.89999389648438,228.39999389648438,233.0
2005-11-09 00:00:00+00:00,232.3000030517578,240.1999969482422,231.3000030517578,238.64999389648438
2005-11-10 00:00:00+00:00,236.0,246.89999389648438,236.0,242.9499969482422
2005-11-11 00:00:00+00:00,243.0,251.8000030517578,241.0,250.0500030517578
2005-11-14 00:00:00+00:00,250.0500030517578,258.8999938964844,249.0500030517578,254.5500030517578
2005-11-15 00:00:00+00:00,254.1999969482422,254.60000610351562,247.0,251.6999969482422
2005-11-16 00:00:00+00:00,251.6999969482422,261.79998779296875,251.6999969482422,261.5
2005-11-17 00:00:00+00:00,260.6000061035156,264.3500061035156,252.0,262.1000061035156
2005-11-18 00:00:00+00:00,261.0,267.8999938964844,259.0,267.0
2005-11-21 00:00:00+00:00,266.5,270.1000061035156,264.0,268.75
2005-11-22 00:00:00+00:00,268.5,270.0,260.0,260.25
2005-11-23 00:00:00+00:00,260.20001220703125,262.5,252.0,261.95001220703125
2005-11-28 00:00:00+00:00,261.95001220703125,267.70001220703125,259.0,262.70001220703125
2005-11-29 00:00:00+00:00,264.0,264.95001220703125,258.5,263.3999938964844
2005-11-30 00:00:00+00:00,260.75,262.25,257.0,255.5
2005-12-01 00:00:00+00:00,255.25,265.0,255.25,264.3999938964844
2005-12-02 00:00:00+00:00,269.29998779296875,270.0,264.0,269.1000061035156
2005-12-05 00:00:00+00:00,269.79998779296875,273.25,269.79998779296875,274.75
2005-12-06 00:00:00+00:00,267.0,267.0,267.0,275.70001220703125
2005-12-07 00:00:00+00:00,273.0,273.0,273.0,278.6499938964844
2005-12-08 00:00:00+00:00,278.0,278.0,278.0,285.1499938964844
2005-12-09 00:00:00+00:00,287.5,295.0,287.5,283.45001220703125
2005-12-12 00:00:00+00:00,297.1000061035156,297.1000061035156,297.1000061035156,289.1499938964844
2005-12-13 00:00:00+00:00,283.0,283.0,276.0,270.45001220703125
2005-12-14 00:00:00+00:00,270.5,270.5,270.5,262.1499938964844
2005-12-15 00:00:00+00:00,263.0,263.0,263.0,265.45001220703125
2005-12-16 00:00:00+00:00,262.5,262.5,262.5,262.5
2005-12-19 00:00:00+00:00,268.0,268.0,268.0,263.5
2005-12-20 00:00:00+00:00,258.0,258.0,258.0,254.85000610351562
2005-12-21 00:00:00+00:00,255.5,257.0,252.0,247.9499969482422
2005-12-22 00:00:00+00:00,247.0,247.0,247.0,249.1999969482422
2005-12-23 00:00:00+00:00,255.6999969482422,255.6999969482422,255.6999969482422,255.6999969482422
2005-12-27 00:00:00+00:00,256.25,256.25,256.25,256.25
2005-12-28 00:00:00+00:00,263.45001220703125,263.45001220703125,263.45001220703125,263.45001220703125
2006-01-12 00:00:00+00:00,275.0,275.0,275.0,275.0
2006-01-20 00:00:00+00:00,275.0,275.0,275.0,274.20001220703125
2006-01-23 00:00:00+00:00,275.79998779296875,275.79998779296875,275.79998779296875,275.79998779296875
2006-01-24 00:00:00+00:00,272.6000061035156,272.6000061035156,272.6000061035156,272.6000061035156
2006-01-25 00:00:00+00:00,280.3999938964844,280.3999938964844,280.3999938964844,280.3999938964844
2006-01-26 00:00:00+00:00,275.0,275.0,275.0,275.0
2006-01-27 00:00:00+00:00,274.5,274.5,274.5,274.5
2006-01-30 00:00:00+00:00,278.5,284.0,277.0,284.0
2006-01-31 00:00:00+00:00,284.8999938964844,297.79998779296875,282.0,296.95001220703125
2006-02-01 00:00:00+00:00,297.0,298.1000061035156,290.0,296.6000061035156
2006-02-02 00:00:00+00:00,296.0,311.8999938964844,285.0,308.8500061035156
2006-02-03 00:00:00+00:00,309.0,327.0,307.95001220703125,318.20001220703125
2006-02-06 00:00:00+00:00,321.0,324.0,304.0,312.79998779296875
2006-02-07 00:00:00+00:00,310.0,313.0,288.20001220703125,289.20001220703125
2006-02-08 00:00:00+00:00,288.5,294.79998779296875,281.5,292.75
2006-02-09 00:00:00+00:00,292.0,305.0,289.0,304.45001220703125
2006-02-10 00:00:00+00:00,304.5,306.0,283.0,284.6499938964844
2006-02-13 00:00:00+00:00,282.0,284.3999938964844,271.0,275.04998779296875
2006-02-14 00:00:00+00:00,274.3999938964844,282.79998779296875,267.70001220703125,280.8999938964844
2006-02-15 00:00:00+00:00,285.0,289.3999938964844,275.0,277.0
2006-02-16 00:00:00+00:00,282.0,282.5,270.20001220703125,277.20001220703125
2006-02-17 00:00:00+00:00,278.79998779296875,290.0,278.0,288.75
2006-02-21 00:00:00+00:00,289.5,296.5,289.5,294.0
2006-02-22 00:00:00+00:00,294.0,294.0,286.0,287.1499938964844
2006-02-23 00:00:00+00:00,289.0,289.0,284.5,285.0
2006-02-24 00:00:00+00:00,284.6000061035156,288.0,281.6000061035156,287.8500061035156
2006-02-27 00:00:00+00:00,289.5,289.5,280.0,280.79998779296875
2006-02-28 00:00:00+00:00,280.29998779296875,290.0,278.20001220703125,289.29998779296875
2006-03-01 00:00:00+00:00,290.0,295.0,288.5,295.45001220703125
2006-03-02 00:00:00+00:00,295.6000061035156,301.0,293.0,298.70001220703125
2006-03-03 00:00:00+00:00,304.0,310.0,303.0,304.70001220703125
2006-03-06 00:00:00+00:00,301.0,301.0,298.0,294.75
2006-03-07 00:00:00+00:00,295.0,295.0,295.0,289.1000061035156
2006-03-08 00:00:00+00:00,280.0,280.0,275.5,278.75
2006-03-09 00:00:00+00:00,287.5,287.5,287.5,289.0
2006-03-10 00:00:00+00:00,287.5,287.5,287.5,286.04998779296875
2006-03-13 00:00:00+00:00,297.8999938964844,297.8999938964844,297.8999938964844,297.8999938964844
2006-03-14 00:00:00+00:00,303.20001220703125,303.20001220703125,303.20001220703125,303.20001220703125
2006-03-15 00:00:00+00:00,315.04998779296875,315.04998779296875,315.04998779296875,315.04998779296875
2006-03-16 00:00:00+00:00,312.25,312.25,312.25,312.25
2006-03-17 00:00:00+00:00,316.6499938964844,316.6499938964844,316.6499938964844,316.6499938964844
2006-03-20 00:00:00+00:00,318.3999938964844,318.3999938964844,318.3999938964844,318.3999938964844
2006-03-21 00:00:00+00:00,314.95001220703125,314.95001220703125,314.95001220703125,314.95001220703125
2006-03-22 00:00:00+00:00,323.04998779296875,323.04998779296875,323.04998779296875,323.04998779296875
2006-03-23 00:00:00+00:00,320.29998779296875,320.29998779296875,320.29998779296875,320.29998779296875
2006-03-24 00:00:00+00:00,329.0,329.0,329.0,331.1499938964844
2006-03-27 00:00:00+00:00,345.0,345.0,345.0,340.1499938964844
2006-03-28 00:00:00+00:00,345.0,345.0,345.0,339.5
2006-03-29 00:00:00+00:00,334.6499938964844,334.6499938964844,334.6499938964844,334.6499938964844
2006-03-30 00:00:00+00:00,338.5,355.79998779296875,338.0,350.29998779296875
2006-03-31 00:00:00+00:00,350.29998779296875,353.5,321.5,336.79998779296875
2006-04-03 00:00:00+00:00,337.70001220703125,348.5,337.70001220703125,346.3999938964844
2006-04-04 00:00:00+00:00,347.0,349.3999938964844,338.1000061035156,342.3500061035156
2006-04-05 00:00:00+00:00,344.0,345.0,328.0,342.6499938964844
2006-04-06 00:00:00+00:00,345.0,361.75,343.0,358.04998779296875
2006-04-07 00:00:00+00:00,357.8999938964844,360.0,351.20001220703125,353.1499938964844
2006-04-10 00:00:00+00:00,353.1499938964844,364.0,353.1499938964844,359.8500061035156
2006-04-11 00:00:00+00:00,362.8999938964844,364.1000061035156,343.0,346.0
2006-04-12 00:00:00+00:00,347.0,352.0,341.0,349.95001220703125
2006-04-13 00:00:00+00:00,348.0,350.0,338.0,349.5
2006-04-17 00:00:00+00:00,351.0,362.8999938964844,350.29998779296875,362.45001220703125
2006-04-18 00:00:00+00:00,363.6000061035156,366.0,360.0,365.0
2006-04-19 00:00:00+00:00,366.1000061035156,375.1000061035156,365.0,373.8500061035156
2006-04-20 00:00:00+00:00,376.0,376.0,345.0,349.8999938964844
2006-04-21 00:00:00+00:00,351.20001220703125,360.79998779296875,341.5,359.79998779296875
2006-04-24 00:00:00+00:00,360.0,368.75,350.20001220703125,361.95001220703125
2006-04-25 00:00:00+00:00,359.0,368.79998779296875,353.0,368.25
2006-04-26 00:00:00+00:00,369.0,370.8999938964844,364.0,369.1499938964844
2006-04-27 00:00:00+00:00,370.0,370.0,354.0,364.29998779296875
2006-04-28 00:00:00+00:00,364.0,378.0,359.0,377.04998779296875
2006-05-01 00:00:00+00:00,373.75,386.79998779296875,373.0,386.25
2006-05-02 00:00:00+00:00,386.0,386.5,376.0,386.3500061035156
2006-05-03 00:00:00+00:00,385.75,390.1000061035156,378.0,382.3500061035156
2006-05-04 00:00:00+00:00,380.0,385.79998779296875,373.0,380.25
2006-05-05 00:00:00+00:00,380.1000061035156,386.29998779296875,375.25,378.75
2006-05-08 00:00:00+00:00,381.8999938964844,384.0,373.0,375.25
2006-05-09 00:00:00+00:00,376.75,395.0,376.5,394.8999938964844
2006-05-10 00:00:00+00:00,393.0,399.1000061035156,388.5,390.20001220703125
2006-05-11 00:00:00+00:00,393.0,401.1000061035156,390.0,400.0
2006-05-12 00:00:00+00:00,400.0,409.0,391.0,398.3500061035156
2006-05-15 00:00:00+00:00,399.1000061035156,399.1000061035156,354.25,374.75
2006-05-16 00:00:00+00:00,372.0,381.5,355.0,377.0
2006-05-17 00:00:00+00:00,372.3999938964844,391.0,361.6000061035156,383.1000061035156
2006-05-18 00:00:00+00:00,380.0,384.0,356.0,372.5
2006-05-19 00:00:00+00:00,365.0,372.5,328.1000061035156,351.79998779296875
2006-05-22 00:00:00+00:00,352.0,352.0,335.0,341.75
2006-05-23 00:00:00+00:00,341.75,366.3999938964844,340.0,363.3500061035156
2006-05-24 00:00:00+00:00,363.0,363.0,342.5,354.75
2006-05-25 00:00:00+00:00,350.1000061035156,356.79998779296875,344.29998779296875,352.0
2006-05-26 00:00:00+00:00,352.0,357.79998779296875,346.25,355.1000061035156
2006-05-29 00:00:00+00:00,349.0,354.70001220703125,340.0,354.5
2006-05-30 00:00:00+00:00,349.0,358.0,340.0,355.45001220703125
2006-05-31 00:00:00+00:00,353.3999938964844,356.0,332.0,347.25
2006-06-01 00:00:00+00:00,330.0,343.5,328.0,337.3999938964844
2006-06-02 00:00:00+00:00,336.3500061035156,350.0,336.3500061035156,353.1499938964844
2006-06-05 00:00:00+00:00,354.1000061035156,363.0,354.1000061035156,358.8999938964844
2006-06-06 00:00:00+00:00,351.0,355.0,335.0,345.8500061035156
2006-06-07 00:00:00+00:00,331.79998779296875,336.0,325.79998779296875,338.75
2006-06-08 00:00:00+00:00,329.0,329.0,312.0,318.25
2006-06-09 00:00:00+00:00,321.25,321.25,321.25,321.25
2006-06-12 00:00:00+00:00,318.0,318.5,310.0,311.75
2006-06-13 00:00:00+00:00,285.0,285.0,285.0,272.70001220703125
2006-06-14 00:00:00+00:00,271.0,271.0,271.0,288.6499938964844
2006-06-15 00:00:00+00:00,301.79998779296875,301.79998779296875,301.79998779296875,301.79998779296875
2006-06-16 00:00:00+00:00,302.04998779296875,302.04998779296875,302.04998779296875,302.04998779296875
2006-06-19 00:00:00+00:00,291.29998779296875,291.29998779296875,291.29998779296875,291.29998779296875
2006-06-20 00:00:00+00:00,291.0,291.0,291.0,300.20001220703125
2006-06-21 00:00:00+00:00,310.79998779296875,310.79998779296875,310.79998779296875,310.79998779296875
2006-06-22 00:00:00+00:00,310.20001220703125,310.20001220703125,310.20001220703125,310.20001220703125
2006-06-23 00:00:00+00:00,306.29998779296875,306.29998779296875,306.29998779296875,306.29998779296875
2006-06-26 00:00:00+00:00,317.25,317.25,317.25,317.25
2006-06-27 00:00:00+00:00,310.8999938964844,310.8999938964844,310.8999938964844,310.8999938964844
2006-06-28 00:00:00+00:00,315.0,315.0,315.0,309.5
2006-08-07 00:00:00+00:00,325.5,325.5,325.5,325.5
2006-08-25 00:00:00+00:00,325.5,325.5,325.5,325.5
2006-08-30 00:00:00+00:00,335.0,339.0,334.8999938964844,339.29998779296875
2006-08-31 00:00:00+00:00,341.0,342.0,336.0,343.20001220703125
2006-09-01 00:00:00+00:00,341.0,342.0,341.0,344.1000061035156
2006-09-04 00:00:00+00:00,341.0,342.0,341.0,344.1000061035156
2006-09-05 00:00:00+00:00,344.0,351.0,344.0,349.8999938964844
2006-09-06 00:00:00+00:00,348.0,353.0,348.0,354.04998779296875
2006-09-07 00:00:00+00:00,351.0,354.04998779296875,351.0,350.0
2006-09-08 00:00:00+00:00,331.6000061035156,331.6000061035156,320.0,328.6000061035156
2006-09-11 00:00:00+00:00,308.0,308.0,308.0,311.54998779296875
2006-09-12 00:00:00+00:00,320.0,320.0,320.0,307.6000061035156
2006-09-13 00:00:00+00:00,307.0,307.6000061035156,307.0,313.8500061035156
2006-09-14 00:00:00+00:00,322.70001220703125,322.70001220703125,322.70001220703125,322.70001220703125
2006-09-15 00:00:00+00:00,322.0,322.0,322.0,310.6000061035156
2006-09-18 00:00:00+00:00,307.54998779296875,307.54998779296875,307.54998779296875,307.54998779296875
2006-09-19 00:00:00+00:00,305.04998779296875,305.04998779296875,305.04998779296875,305.04998779296875
2006-09-20 00:00:00+00:00,302.54998779296875,302.54998779296875,302.54998779296875,302.54998779296875
2006-09-21 00:00:00+00:00,305.20001220703125,305.20001220703125,305.20001220703125,305.20001220703125
2006-09-22 00:00:00+00:00,317.8500061035156,317.8500061035156,317.8500061035156,317.8500061035156
2006-09-25 00:00:00+00:00,313.3999938964844,313.3999938964844,313.3999938964844,313.3999938964844
2006-09-26 00:00:00+00:00,302.0,302.0,302.0,314.8500061035156
2006-09-27 00:00:00+00:00,316.20001220703125,316.20001220703125,316.20001220703125,316.20001220703125
2006-10-03 00:00:00+00:00,313.0,313.0,313.0,313.0
2006-10-06 00:00:00+00:00,313.0,294.0,294.0,297.25
2006-10-09 00:00:00+00:00,300.25,300.25,300.25,300.25
2006-10-10 00:00:00+00:00,298.6000061035156,298.6000061035156,298.6000061035156,298.6000061035156
2006-10-11 00:00:00+00:00,305.95001220703125,305.95001220703125,305.95001220703125,305.95001220703125
2006-10-12 00:00:00+00:00,304.8999938964844,304.8999938964844,304.8999938964844,304.8999938964844
2006-10-13 00:00:00+00:00,312.95001220703125,312.95001220703125,312.95001220703125,312.95001220703125
2006-10-16 00:00:00+00:00,321.75,321.75,321.75,321.75
2006-10-17 00:00:00+00:00,316.79998779296875,316.79998779296875,316.79998779296875,316.79998779296875
2006-10-18 00:00:00+00:00,329.70001220703125,329.70001220703125,329.70001220703125,329.70001220703125
2006-10-19 00:00:00+00:00,334.6000061035156,334.6000061035156,334.6000061035156,334.6000061035156
2006-10-20 00:00:00+00:00,327.70001220703125,327.70001220703125,327.70001220703125,327.70001220703125
2006-10-23 00:00:00+00:00,318.54998779296875,318.54998779296875,318.54998779296875,318.54998779296875
2006-10-24 00:00:00+00:00,320.5,320.5,320.5,320.5
2006-10-25 00:00:00+00:00,320.6000061035156,320.6000061035156,320.6000061035156,320.6000061035156
2006-10-26 00:00:00+00:00,324.0,324.0,324.0,324.0
2006-10-27 00:00:00+00:00,320.5,320.5,320.5,320.5
2006-11-06 00:00:00+00:00,336.0,336.0,336.0,336.0
2006-11-29 00:00:00+00:00,324.0,324.0,315.0,322.29998779296875
2006-11-30 00:00:00+00:00,321.8999938964844,330.1499938964844,321.79998779296875,329.3500061035156
2006-12-01 00:00:00+00:00,325.8500061035156,329.0,325.0,327.75
2006-12-04 00:00:00+00:00,328.0,328.0,328.0,331.45001220703125
2006-12-05 00:00:00+00:00,333.29998779296875,330.0,330.0,332.0
2006-12-06 00:00:00+00:00,325.70001220703125,325.70001220703125,325.70001220703125,325.70001220703125
2006-12-07 00:00:00+00:00,326.6000061035156,326.6000061035156,326.6000061035156,326.6000061035156
2006-12-08 00:00:00+00:00,329.54998779296875,329.54998779296875,329.54998779296875,329.54998779296875
2006-12-11 00:00:00+00:00,329.45001220703125,329.45001220703125,329.45001220703125,329.45001220703125
2006-12-12 00:00:00+00:00,326.6000061035156,326.6000061035156,326.6000061035156,326.6000061035156
2006-12-13 00:00:00+00:00,325.3999938964844,325.3999938964844,325.3999938964844,325.3999938964844
2006-12-14 00:00:00+00:00,327.1499938964844,327.1499938964844,327.1499938964844,327.1499938964844
2006-12-15 00:00:00+00:00,326.6000061035156,326.6000061035156,320.0,321.04998779296875
2006-12-18 00:00:00+00:00,321.70001220703125,321.70001220703125,321.70001220703125,321.70001220703125
2006-12-19 00:00:00+00:00,325.75,325.75,325.75,325.75
2006-12-20 00:00:00+00:00,324.25,324.25,324.25,324.25
2006-12-21 00:00:00+00:00,320.0,320.0,320.0,323.79998779296875
2006-12-22 00:00:00+00:00,322.70001220703125,322.70001220703125,322.70001220703125,322.70001220703125
2006-12-25 00:00:00+00:00,322.70001220703125,322.70001220703125,322.70001220703125,322.70001220703125
2006-12-26 00:00:00+00:00,327.0,327.0,325.0,326.70001220703125
2006-12-27 00:00:00+00:00,326.3999938964844,326.3999938964844,326.3999938964844,326.3999938964844
2007-01-30 00:00:00+00:00,343.54998779296875,343.54998779296875,334.5,341.25
2007-01-31 00:00:00+00:00,340.0,343.0,332.0,340.54998779296875
2007-02-01 00:00:00+00:00,340.6000061035156,347.79998779296875,339.5,344.8999938964844
2007-02-02 00:00:00+00:00,344.1000061035156,344.5,333.0,338.25
2007-02-05 00:00:00+00:00,338.25,343.20001220703125,336.0,342.3500061035156
2007-02-06 00:00:00+00:00,341.79998779296875,347.45001220703125,341.25,344.04998779296875
2007-02-07 00:00:00+00:00,344.0,347.5,341.1499938964844,345.20001220703125
2007-02-08 00:00:00+00:00,342.0,343.20001220703125,336.25,341.0
2007-02-09 00:00:00+00:00,341.8500061035156,344.0,335.0,341.6499938964844
2007-02-12 00:00:00+00:00,341.5,341.5,335.5,337.75
2007-02-13 00:00:00+00:00,337.0,345.0,336.75,344.6000061035156
2007-02-14 00:00:00+00:00,342.8999938964844,347.5,342.8999938964844,345.8500061035156
2007-02-15 00:00:00+00:00,346.0,346.0,342.0,342.79998779296875
2007-02-16 00:00:00+00:00,342.8500061035156,344.8500061035156,335.95001220703125,341.79998779296875
2007-02-20 00:00:00+00:00,342.5,343.5,332.5,339.75
2007-02-21 00:00:00+00:00,337.1000061035156,347.0,336.0,344.1499938964844
2007-02-22 00:00:00+00:00,345.45001220703125,351.79998779296875,344.04998779296875,350.70001220703125
2007-02-23 00:00:00+00:00,348.1000061035156,358.8999938964844,346.0,358.1000061035156
2007-02-26 00:00:00+00:00,357.5,358.45001220703125,352.95001220703125,356.04998779296875
2007-02-27 00:00:00+00:00,354.45001220703125,355.0,345.0,351.1000061035156
2007-02-28 00:00:00+00:00,346.6000061035156,353.0,345.0,351.1000061035156
2007-03-01 00:00:00+00:00,351.1000061035156,353.1000061035156,347.0,348.79998779296875
2007-03-02 00:00:00+00:00,345.75,348.0,345.75,346.1000061035156
2007-03-05 00:00:00+00:00,340.5,345.0,340.5,342.5
2007-03-06 00:00:00+00:00,342.8500061035156,342.8500061035156,340.0,347.1000061035156
2007-03-07 00:00:00+00:00,349.25,349.25,349.25,349.25
2007-03-08 00:00:00+00:00,348.54998779296875,348.54998779296875,348.54998779296875,348.54998779296875
2007-03-09 00:00:00+00:00,347.1000061035156,347.1000061035156,347.1000061035156,352.0
2007-03-12 00:00:00+00:00,351.6000061035156,351.6000061035156,351.6000061035156,351.6000061035156
2007-03-13 00:00:00+00:00,349.6000061035156,349.6000061035156,349.6000061035156,349.6000061035156
2007-03-14 00:00:00+00:00,349.1000061035156,349.1000061035156,349.1000061035156,349.1000061035156
2007-03-15 00:00:00+00:00,348.8999938964844,349.1000061035156,348.8999938964844,347.3999938964844
2007-03-16 00:00:00+00:00,348.1000061035156,348.1000061035156,348.1000061035156,348.1000061035156
2007-03-19 00:00:00+00:00,349.79998779296875,349.79998779296875,349.79998779296875,349.79998779296875
2007-03-20 00:00:00+00:00,351.20001220703125,351.20001220703125,351.20001220703125,351.20001220703125
2007-03-21 00:00:00+00:00,351.95001220703125,351.95001220703125,351.20001220703125,348.0
2007-03-22 00:00:00+00:00,353.75,353.75,353.75,353.75
2007-03-23 00:00:00+00:00,355.79998779296875,355.79998779296875,355.79998779296875,355.79998779296875
2007-03-26 00:00:00+00:00,355.1000061035156,355.1000061035156,355.1000061035156,355.1000061035156
2007-03-27 00:00:00+00:00,352.3999938964844,352.3999938964844,352.3999938964844,352.3999938964844
2007-03-28 00:00:00+00:00,354.3500061035156,354.3500061035156,354.3500061035156,354.3500061035156
2007-05-30 00:00:00+00:00,365.0,367.0,362.0,366.04998779296875
2007-05-31 00:00:00+00:00,364.5,369.29998779296875,364.5,368.0
2007-06-01 00:00:00+00:00,370.0,372.29998779296875,369.1000061035156,372.20001220703125
2007-06-04 00:00:00+00:00,372.20001220703125,372.6000061035156,369.3500061035156,372.25
2007-06-05 00:00:00+00:00,371.0,371.0,365.79998779296875,366.3500061035156
2007-06-06 00:00:00+00:00,369.6499938964844,369.6499938964844,369.6499938964844,369.6499938964844
2007-06-07 00:00:00+00:00,369.6499938964844,369.6499938964844,369.6499938964844,367.45001220703125
2007-06-08 00:00:00+00:00,366.1000061035156,366.3999938964844,366.1000061035156,365.6000061035156
2007-06-11 00:00:00+00:00,366.1000061035156,366.1000061035156,366.1000061035156,368.0
2007-06-12 00:00:00+00:00,367.45001220703125,368.3500061035156,365.6499938964844,368.1000061035156
2007-06-13 00:00:00+00:00,365.6499938964844,365.6499938964844,363.70001220703125,366.3999938964844
2007-06-14 00:00:00+00:00,367.5,368.1499938964844,367.25,367.25
2007-06-15 00:00:00+00:00,370.95001220703125,371.0,370.95001220703125,369.25
2007-06-18 00:00:00+00:00,371.0,371.0,371.0,370.75
2007-06-19 00:00:00+00:00,372.25,372.25,372.25,372.25
2007-06-20 00:00:00+00:00,375.6499938964844,375.6499938964844,375.6499938964844,375.6499938964844
2007-06-21 00:00:00+00:00,375.1000061035156,375.1000061035156,375.1000061035156,375.1000061035156
2007-06-22 00:00:00+00:00,377.8500061035156,377.8500061035156,377.8500061035156,377.8500061035156
2007-06-25 00:00:00+00:00,371.25,371.25,371.25,371.25
2007-06-26 00:00:00+00:00,367.1000061035156,367.1000061035156,367.1000061035156,367.1000061035156
2007-06-27 00:00:00+00:00,364.1499938964844,364.1499938964844,364.1499938964844,364.1499938964844
2007-07-02 00:00:00+00:00,381.0,381.0,381.0,381.0
2007-07-09 00:00:00+00:00,381.0,381.0,381.0,381.0
2007-07-25 00:00:00+00:00,381.0,381.0,381.0,381.0
2007-08-30 00:00:00+00:00,330.0,330.79998779296875,325.1499938964844,330.70001220703125
2007-08-31 00:00:00+00:00,329.75,334.29998779296875,329.75,333.5
2007-09-04 00:00:00+00:00,331.8500061035156,334.0,331.8500061035156,335.3999938964844
2007-09-05 00:00:00+00:00,335.0,336.0,331.0,332.6000061035156
2007-09-06 00:00:00+00:00,334.25,335.54998779296875,333.6499938964844,337.0
2007-09-07 00:00:00+00:00,337.79998779296875,337.79998779296875,334.1499938964844,336.54998779296875
2007-09-10 00:00:00+00:00,332.0,332.0,332.0,332.0
2007-09-11 00:00:00+00:00,334.6499938964844,334.6499938964844,334.6499938964844,334.6499938964844
2007-09-12 00:00:00+00:00,335.3999938964844,335.70001220703125,335.3999938964844,335.70001220703125
2007-09-13 00:00:00+00:00,332.8500061035156,332.8500061035156,332.8500061035156,332.8500061035156
2007-09-14 00:00:00+00:00,330.5,331.0,330.5,330.0
2007-09-17 00:00:00+00:00,330.6499938964844,330.70001220703125,330.6499938964844,331.3500061035156
2007-09-18 00:00:00+00:00,331.70001220703125,331.70001220703125,331.70001220703125,331.70001220703125
2007-09-19 00:00:00+00:00,332.5,332.5,332.5,332.5
2007-09-20 00:00:00+00:00,338.0,338.0,338.0,340.6000061035156
2007-09-21 00:00:00+00:00,339.04998779296875,339.04998779296875,339.04998779296875,339.04998779296875
2007-09-24 00:00:00+00:00,341.8999938964844,341.8999938964844,341.8999938964844,342.0
2007-09-25 00:00:00+00:00,340.04998779296875,340.04998779296875,340.04998779296875,340.04998779296875
2007-09-26 00:00:00+00:00,341.8999938964844,341.8999938964844,341.8999938964844,341.8999938964844
2007-11-29 00:00:00+00:00,343.6499938964844,349.70001220703125,338.0,344.8500061035156
2007-11-30 00:00:00+00:00,342.0,346.5,342.0,348.6499938964844
2007-12-03 00:00:00+00:00,343.6499938964844,351.54998779296875,343.6499938964844,346.95001220703125
2007-12-04 00:00:00+00:00,345.8500061035156,368.0,343.20001220703125,348.8999938964844
2007-12-05 00:00:00+00:00,350.1000061035156,350.1000061035156,350.1000061035156,350.1000061035156
2007-12-06 00:00:00+00:00,347.3500061035156,347.3500061035156,347.3500061035156,347.3500061035156
2007-12-07 00:00:00+00:00,343.29998779296875,343.29998779296875,343.29998779296875,343.29998779296875
2007-12-10 00:00:00+00:00,345.0,345.0,345.0,345.0
2007-12-11 00:00:00+00:00,343.1499938964844,347.3999938964844,343.1499938964844,347.3999938964844
2007-12-12 00:00:00+00:00,348.1000061035156,348.1000061035156,348.1000061035156,348.1000061035156
2007-12-13 00:00:00+00:00,347.45001220703125,347.45001220703125,347.45001220703125,347.45001220703125
2007-12-14 00:00:00+00:00,345.0,353.5,345.0,353.5
2007-12-17 00:00:00+00:00,357.54998779296875,357.54998779296875,357.54998779296875,357.54998779296875
2007-12-18 00:00:00+00:00,359.6499938964844,359.6499938964844,359.6499938964844,359.6499938964844
2007-12-19 00:00:00+00:00,356.8999938964844,356.95001220703125,356.45001220703125,358.0
2007-12-20 00:00:00+00:00,355.3500061035156,355.3500061035156,355.3500061035156,355.3500061035156
2007-12-21 00:00:00+00:00,354.79998779296875,358.75,354.79998779296875,357.6499938964844
2007-12-24 00:00:00+00:00,359.5,359.5,358.6000061035156,360.0
2007-12-26 00:00:00+00:00,365.0,365.0,365.0,365.0
2007-12-27 00:00:00+00:00,365.04998779296875,365.04998779296875,365.04998779296875,365.04998779296875
2008-02-28 00:00:00+00:00,552.5499877929688,579.4500122070312,537.0999755859375,585.25
2008-02-29 00:00:00+00:00,581.9500122070312,585.1500244140625,552.0,571.9500122070312
2008-03-03 00:00:00+00:00,574.8499755859375,584.9500122070312,574.8499755859375,581.2000122070312
2008-03-04 00:00:00+00:00,579.4500122070312,595.0999755859375,545.7000122070312,565.4500122070312
2008-03-05 00:00:00+00:00,550.5,553.9500122070312,522.25,559.5499877929688
2008-03-06 00:00:00+00:00,552.0,556.4000244140625,514.0999755859375,525.2999877929688
2008-03-07 00:00:00+00:00,498.0,505.20001220703125,490.0,491.79998779296875
2008-03-10 00:00:00+00:00,467.8999938964844,471.0,464.6499938964844,480.95001220703125
2008-03-11 00:00:00+00:00,466.5,496.25,466.5,496.25
2008-03-12 00:00:00+00:00,507.54998779296875,507.54998779296875,507.54998779296875,507.54998779296875
2008-03-13 00:00:00+00:00,511.0,511.0,511.0,513.2000122070312
2008-03-14 00:00:00+00:00,511.70001220703125,511.70001220703125,511.70001220703125,511.70001220703125
2008-03-17 00:00:00+00:00,473.0,482.6000061035156,467.0,482.6000061035156
2008-03-18 00:00:00+00:00,487.29998779296875,487.29998779296875,487.29998779296875,487.29998779296875
2008-03-19 00:00:00+00:00,462.1000061035156,462.1000061035156,462.1000061035156,462.1000061035156
2008-03-20 00:00:00+00:00,453.0,453.0,437.70001220703125,444.75
2008-03-24 00:00:00+00:00,432.0,432.0,432.0,435.1000061035156
2008-03-25 00:00:00+00:00,461.8500061035156,461.8500061035156,461.8500061035156,461.8500061035156
2008-03-26 00:00:00+00:00,457.20001220703125,457.20001220703125,457.20001220703125,458.3999938964844
2008-03-27 00:00:00+00:00,452.5,452.5,452.5,452.5
2008-05-29 00:00:00+00:00,435.0,437.1000061035156,424.0,427.79998779296875
2008-05-30 00:00:00+00:00,426.79998779296875,436.20001220703125,424.3999938964844,435.0
2008-06-02 00:00:00+00:00,431.54998779296875,436.1000061035156,431.54998779296875,437.8999938964844
2008-06-03 00:00:00+00:00,430.0,430.0,430.0,435.04998779296875
2008-06-04 00:00:00+00:00,434.0,434.0,430.04998779296875,429.20001220703125
2008-06-05 00:00:00+00:00,425.54998779296875,428.25,419.95001220703125,422.8999938964844
2008-06-06 00:00:00+00:00,433.0,433.0,433.0,430.8999938964844
2008-06-09 00:00:00+00:00,430.0,433.0,424.0,426.70001220703125
2008-06-10 00:00:00+00:00,425.3500061035156,425.3500061035156,425.3500061035156,425.3500061035156
2008-06-11 00:00:00+00:00,430.29998779296875,430.29998779296875,430.29998779296875,430.29998779296875
2008-06-12 00:00:00+00:00,427.0,435.0,427.0,438.95001220703125
2008-06-13 00:00:00+00:00,452.70001220703125,452.70001220703125,450.0,451.75
2008-06-16 00:00:00+00:00,461.75,461.75,461.75,461.75
2008-06-17 00:00:00+00:00,459.0,461.1499938964844,459.0,461.1499938964844
2008-06-18 00:00:00+00:00,463.04998779296875,472.1499938964844,462.6000061035156,469.1000061035156
2008-06-19 00:00:00+00:00,473.6000061035156,475.0,473.6000061035156,476.5
2008-06-20 00:00:00+00:00,473.25,474.25,473.25,476.8500061035156
2008-06-23 00:00:00+00:00,471.8999938964844,471.8999938964844,471.8999938964844,471.8999938964844
2008-06-24 00:00:00+00:00,469.6000061035156,469.6000061035156,469.6000061035156,469.6000061035156
2008-06-25 00:00:00+00:00,462.6499938964844,462.6499938964844,462.6499938964844,462.6499938964844
2008-06-26 00:00:00+00:00,468.8999938964844,468.8999938964844,468.8999938964844,468.8999938964844
2008-06-27 00:00:00+00:00,471.20001220703125,473.1000061035156,471.20001220703125,471.20001220703125
2008-06-30 00:00:00+00:00,464.75,464.75,464.75,464.75
2008-07-01 00:00:00+00:00,472.04998779296875,472.04998779296875,472.04998779296875,472.04998779296875
2008-07-02 00:00:00+00:00,470.0,470.0,470.0,470.0
2008-07-03 00:00:00+00:00,462.95001220703125,471.1000061035156,462.95001220703125,462.95001220703125
2008-07-07 00:00:00+00:00,449.5,449.5,449.5,449.5
2008-07-08 00:00:00+00:00,442.45001220703125,442.45001220703125,442.45001220703125,442.45001220703125
2008-07-09 00:00:00+00:00,449.0,449.0,449.0,449.0
2008-07-10 00:00:00+00:00,452.0,452.0,452.0,452.0
2008-07-11 00:00:00+00:00,457.79998779296875,457.79998779296875,457.79998779296875,457.79998779296875
2008-07-14 00:00:00+00:00,456.3500061035156,456.3500061035156,456.3500061035156,456.3500061035156
2008-07-15 00:00:00+00:00,443.6499938964844,443.6499938964844,443.6499938964844,443.6499938964844
2008-07-16 00:00:00+00:00,432.1000061035156,432.1000061035156,432.1000061035156,432.1000061035156
2008-07-17 00:00:00+00:00,426.3500061035156,426.3500061035156,426.3500061035156,426.3500061035156
2008-07-18 00:00:00+00:00,416.6000061035156,416.6000061035156,416.6000061035156,416.6000061035156
2008-07-21 00:00:00+00:00,415.0,415.0,415.0,415.0
2008-07-22 00:00:00+00:00,411.5,411.5,411.5,411.5
2008-07-23 00:00:00+00:00,392.1499938964844,392.1499938964844,392.1499938964844,392.1499938964844
2008-07-24 00:00:00+00:00,387.0,387.0,387.0,387.0
2008-07-25 00:00:00+00:00,383.0,383.0,383.0,383.0
2008-07-28 00:00:00+00:00,391.25,391.25,391.25,391.25
2008-07-29 00:00:00+00:00,383.3500061035156,383.3500061035156,383.3500061035156,383.3500061035156
2008-08-28 00:00:00+00:00,288.79998779296875,298.3999938964844,288.5,293.1000061035156
2008-08-29 00:00:00+00:00,292.8999938964844,303.5,292.8999938964844,303.79998779296875
2008-09-02 00:00:00+00:00,304.8500061035156,304.95001220703125,285.0,290.25
2008-09-03 00:00:00+00:00,290.6000061035156,290.6000061035156,285.20001220703125,285.79998779296875
2008-09-04 00:00:00+00:00,282.0,291.5,282.0,287.54998779296875
2008-09-05 00:00:00+00:00,283.5,285.20001220703125,271.6000061035156,270.6499938964844
2008-09-08 00:00:00+00:00,265.79998779296875,265.79998779296875,260.79998779296875,263.5
2008-09-09 00:00:00+00:00,241.75,241.8000030517578,237.5,241.0
2008-09-10 00:00:00+00:00,224.75,231.39999389648438,224.75,227.0500030517578
2008-09-11 00:00:00+00:00,225.8000030517578,225.8000030517578,225.8000030517578,233.3000030517578
2008-09-12 00:00:00+00:00,240.0500030517578,241.89999389648438,240.0500030517578,238.8000030517578
2008-09-15 00:00:00+00:00,250.0,250.0,232.0,236.0
2008-09-16 00:00:00+00:00,226.35000610351562,226.35000610351562,226.35000610351562,224.0
2008-09-17 00:00:00+00:00,228.39999389648438,234.25,228.39999389648438,225.60000610351562
2008-09-18 00:00:00+00:00,235.25,237.9499969482422,235.25,237.9499969482422
2008-09-19 00:00:00+00:00,235.0,238.5,232.3000030517578,236.9499969482422
2008-09-22 00:00:00+00:00,258.25,259.20001220703125,255.75,255.75
2008-09-23 00:00:00+00:00,246.64999389648438,248.1999969482422,246.5,246.85000610351562
2008-09-24 00:00:00+00:00,250.0,251.0,249.0,252.14999389648438
2008-09-25 00:00:00+00:00,246.0,246.0,246.0,241.6999969482422
2008-09-26 00:00:00+00:00,224.5500030517578,224.5500030517578,224.5500030517578,224.5500030517578
2008-10-15 00:00:00+00:00,188.25,188.25,188.25,194.60000610351562
2008-10-16 00:00:00+00:00,157.75,157.75,157.75,171.9499969482422
2008-10-17 00:00:00+00:00,173.35000610351562,173.35000610351562,173.35000610351562,173.35000610351562
2008-10-20 00:00:00+00:00,178.89999389648438,178.89999389648438,178.89999389648438,178.89999389648438
2008-10-21 00:00:00+00:00,181.9499969482422,181.9499969482422,181.9499969482422,181.9499969482422
2008-10-22 00:00:00+00:00,178.9499969482422,178.9499969482422,178.9499969482422,178.9499969482422
2008-10-23 00:00:00+00:00,171.5,171.5,171.5,171.5
2008-10-24 00:00:00+00:00,172.8000030517578,172.8000030517578,172.8000030517578,172.8000030517578
2008-10-27 00:00:00+00:00,174.25,174.25,174.25,174.25
2008-10-28 00:00:00+00:00,182.60000610351562,182.60000610351562,182.60000610351562,182.60000610351562
2008-10-29 00:00:00+00:00,195.25,195.25,195.25,195.25
2008-10-30 00:00:00+00:00,196.0,196.0,196.0,196.0
2008-10-31 00:00:00+00:00,198.5500030517578,198.5500030517578,198.5500030517578,198.5500030517578
2008-11-03 00:00:00+00:00,201.60000610351562,201.60000610351562,201.60000610351562,201.60000610351562
2008-11-04 00:00:00+00:00,209.0,209.0,209.0,209.0
2008-11-05 00:00:00+00:00,218.3000030517578,218.3000030517578,218.3000030517578,218.3000030517578
2008-11-06 00:00:00+00:00,221.89999389648438,221.89999389648438,221.89999389648438,221.89999389648438
2008-11-07 00:00:00+00:00,223.3000030517578,223.3000030517578,223.3000030517578,223.3000030517578
2008-11-10 00:00:00+00:00,221.3000030517578,221.3000030517578,221.3000030517578,221.3000030517578
2008-11-11 00:00:00+00:00,218.5500030517578,218.5500030517578,218.5500030517578,218.5500030517578
2008-11-12 00:00:00+00:00,215.3000030517578,215.3000030517578,215.3000030517578,215.3000030517578
2008-11-13 00:00:00+00:00,213.25,213.25,213.25,213.25
2008-11-14 00:00:00+00:00,215.9499969482422,215.9499969482422,215.9499969482422,215.9499969482422
2008-11-17 00:00:00+00:00,217.0,217.0,217.0,217.0
2008-11-18 00:00:00+00:00,214.60000610351562,214.60000610351562,214.60000610351562,214.60000610351562
2008-11-19 00:00:00+00:00,193.14999389648438,193.14999389648438,193.14999389648438,193.14999389648438
2008-11-20 00:00:00+00:00,178.75,178.75,178.75,178.75
2008-11-21 00:00:00+00:00,178.14999389648438,178.14999389648438,178.14999389648438,178.14999389648438
2008-11-24 00:00:00+00:00,195.10000610351562,195.10000610351562,195.10000610351562,195.10000610351562
2008-11-25 00:00:00+00:00,195.5,195.5,195.5,195.5
2008-11-26 00:00:00+00:00,195.0,199.8000030517578,184.9499969482422,190.39999389648438
2008-11-28 00:00:00+00:00,194.0,194.6999969482422,183.3000030517578,192.60000610351562
2008-12-01 00:00:00+00:00,188.89999389648438,188.89999389648438,169.75,174.25
2008-12-02 00:00:00+00:00,176.5,176.9499969482422,171.9499969482422,172.4499969482422
2008-12-03 00:00:00+00:00,171.9499969482422,172.60000610351562,171.5,173.0
2008-12-04 00:00:00+00:00,172.3000030517578,173.89999389648438,171.5,171.5
2008-12-05 00:00:00+00:00,168.3000030517578,168.3000030517578,160.0,162.10000610351562
2008-12-08 00:00:00+00:00,177.1999969482422,179.25,174.0,174.5
2008-12-09 00:00:00+00:00,178.8000030517578,178.8000030517578,178.8000030517578,178.8000030517578
2008-12-10 00:00:00+00:00,185.0500030517578,185.0500030517578,185.0500030517578,185.0500030517578
2008-12-11 00:00:00+00:00,181.0,181.0,181.0,183.5
2008-12-12 00:00:00+00:00,174.8000030517578,174.8000030517578,171.8000030517578,174.5
2008-12-15 00:00:00+00:00,177.8000030517578,177.8000030517578,176.25,177.0
2008-12-16 00:00:00+00:00,177.35000610351562,179.5500030517578,175.4499969482422,177.0500030517578
2008-12-17 00:00:00+00:00,179.75,179.75,177.60000610351562,177.14999389648438
2008-12-18 00:00:00+00:00,179.5500030517578,180.0,179.5500030517578,178.0500030517578
2008-12-19 00:00:00+00:00,177.60000610351562,177.60000610351562,177.60000610351562,177.60000610351562
2008-12-22 00:00:00+00:00,174.3000030517578,174.3000030517578,174.3000030517578,174.3000030517578
2008-12-23 00:00:00+00:00,174.35000610351562,174.35000610351562,174.35000610351562,174.35000610351562
2008-12-24 00:00:00+00:00,174.5500030517578,174.5500030517578,174.5500030517578,174.5500030517578
2008-12-26 00:00:00+00:00,175.64999389648438,175.64999389648438,175.64999389648438,175.64999389648438
2008-12-29 00:00:00+00:00,186.64999389648438,186.64999389648438,186.64999389648438,186.64999389648438
2009-01-06 00:00:00+00:00,190.0,192.0,190.0,192.5500030517578
2009-01-07 00:00:00+00:00,194.0500030517578,194.0500030517578,194.0500030517578,194.0500030517578
2009-01-08 00:00:00+00:00,191.6999969482422,191.6999969482422,191.6999969482422,191.6999969482422
2009-01-09 00:00:00+00:00,185.39999389648438,185.39999389648438,185.39999389648438,185.39999389648438
2009-01-12 00:00:00+00:00,180.64999389648438,180.64999389648438,180.64999389648438,180.64999389648438
2009-01-13 00:00:00+00:00,178.75,178.75,178.75,178.75
2009-01-14 00:00:00+00:00,175.4499969482422,175.4499969482422,175.4499969482422,175.4499969482422
2009-01-15 00:00:00+00:00,173.39999389648438,173.39999389648438,173.39999389648438,173.39999389648438
2009-01-16 00:00:00+00:00,179.4499969482422,179.4499969482422,179.4499969482422,179.4499969482422
2009-01-20 00:00:00+00:00,178.0500030517578,178.0500030517578,178.0500030517578,178.0500030517578
2009-01-21 00:00:00+00:00,177.89999389648438,177.89999389648438,177.89999389648438,177.89999389648438
2009-01-22 00:00:00+00:00,178.3000030517578,178.3000030517578,178.3000030517578,178.3000030517578
2009-01-23 00:00:00+00:00,190.60000610351562,190.60000610351562,190.60000610351562,190.60000610351562
2009-01-26 00:00:00+00:00,186.5,186.5,186.5,186.5
2009-01-27 00:00:00+00:00,184.5,184.5,184.5,184.5
2009-01-28 00:00:00+00:00,184.5,184.5,184.5,184.5
2009-02-09 00:00:00+00:00,213.0,213.0,213.0,205.85000610351562
2009-02-10 00:00:00+00:00,208.89999389648438,208.89999389648438,208.89999389648438,212.0
2009-02-11 00:00:00+00:00,215.8000030517578,215.8000030517578,215.8000030517578,215.8000030517578
2009-02-12 00:00:00+00:00,216.5,216.5,216.5,216.5
2009-02-13 00:00:00+00:00,216.5,216.5,216.5,216.5
2009-02-17 00:00:00+00:00,217.89999389648438,217.89999389648438,217.89999389648438,217.89999389648438
2009-02-18 00:00:00+00:00,219.10000610351562,219.10000610351562,219.10000610351562,219.10000610351562
2009-02-19 00:00:00+00:00,216.60000610351562,216.60000610351562,216.60000610351562,216.60000610351562
2009-02-20 00:00:00+00:00,216.5500030517578,216.5500030517578,216.5500030517578,216.5500030517578
2009-02-23 00:00:00+00:00,200.25,200.25,200.25,200.25
2009-02-24 00:00:00+00:00,201.39999389648438,201.39999389648438,201.39999389648438,201.39999389648438
2009-02-25 00:00:00+00:00,200.4499969482422,200.4499969482422,200.4499969482422,200.4499969482422
2009-02-26 00:00:00+00:00,197.8000030517578,203.6999969482422,194.0,197.14999389648438
2009-02-27 00:00:00+00:00,197.39999389648438,199.3000030517578,193.0,194.85000610351562
2009-03-02 00:00:00+00:00,198.25,199.3000030517578,193.0,193.25
2009-03-03 00:00:00+00:00,192.5,195.25,189.9499969482422,192.3000030517578
2009-03-04 00:00:00+00:00,195.39999389648438,196.5500030517578,193.5500030517578,199.8000030517578
2009-03-05 00:00:00+00:00,199.8000030517578,199.8000030517578,199.8000030517578,199.8000030517578
2009-03-06 00:00:00+00:00,203.5,203.5,203.5,203.5
2009-03-09 00:00:00+00:00,197.0500030517578,198.60000610351562,197.0500030517578,198.60000610351562
2009-03-10 00:00:00+00:00,196.60000610351562,196.60000610351562,196.60000610351562,196.60000610351562
2009-03-11 00:00:00+00:00,197.9499969482422,198.35000610351562,197.9499969482422,198.60000610351562
2009-03-12 00:00:00+00:00,197.8000030517578,197.8000030517578,197.8000030517578,197.8000030517578
2009-03-13 00:00:00+00:00,199.5,199.5,199.5,199.5
2009-03-16 00:00:00+00:00,200.0,200.0,200.0,199.75
2009-03-17 00:00:00+00:00,196.8000030517578,198.4499969482422,196.8000030517578,197.10000610351562
2009-03-18 00:00:00+00:00,195.89999389648438,195.89999389648438,195.89999389648438,193.85000610351562
2009-03-19 00:00:00+00:00,206.5,206.5,204.89999389648438,205.8000030517578
2009-03-20 00:00:00+00:00,206.0,211.0,206.0,210.85000610351562
2009-03-23 00:00:00+00:00,206.0,211.0,206.0,213.1999969482422
2009-03-24 00:00:00+00:00,207.39999389648438,207.39999389648438,207.39999389648438,207.39999389648438
2009-03-25 00:00:00+00:00,205.35000610351562,215.39999389648438,205.35000610351562,211.64999389648438
2009-03-26 00:00:00+00:00,224.5500030517578,227.0,224.4499969482422,224.5
2009-03-27 00:00:00+00:00,220.0,220.0,220.0,223.60000610351562
2009-03-30 00:00:00+00:00,217.3000030517578,217.3000030517578,217.3000030517578,217.3000030517578
2009-03-31 00:00:00+00:00,218.8000030517578,218.8000030517578,218.8000030517578,218.8000030517578
2009-04-01 00:00:00+00:00,221.60000610351562,221.60000610351562,221.60000610351562,221.60000610351562
2009-04-02 00:00:00+00:00,222.8000030517578,222.8000030517578,222.8000030517578,222.8000030517578
2009-04-03 00:00:00+00:00,224.9499969482422,224.9499969482422,224.9499969482422,224.9499969482422
2009-04-06 00:00:00+00:00,225.75,225.75,225.75,225.75
2009-04-07 00:00:00+00:00,226.0,226.0,226.0,226.0
2009-04-08 00:00:00+00:00,235.6999969482422,235.6999969482422,235.6999969482422,235.6999969482422
2009-04-09 00:00:00+00:00,231.10000610351562,231.10000610351562,231.10000610351562,231.10000610351562
2009-04-13 00:00:00+00:00,242.35000610351562,242.35000610351562,242.35000610351562,242.35000610351562
2009-04-14 00:00:00+00:00,237.9499969482422,237.9499969482422,237.9499969482422,237.9499969482422
2009-04-15 00:00:00+00:00,238.5,238.5,238.5,238.5
2009-04-16 00:00:00+00:00,236.14999389648438,236.14999389648438,236.14999389648438,236.14999389648438
2009-04-17 00:00:00+00:00,233.5500030517578,233.5500030517578,233.5500030517578,233.5500030517578
2009-04-20 00:00:00+00:00,226.0,226.0,226.0,226.0
2009-04-21 00:00:00+00:00,222.14999389648438,222.14999389648438,222.14999389648438,222.14999389648438
2009-04-22 00:00:00+00:00,233.3000030517578,233.3000030517578,233.3000030517578,233.3000030517578
2009-04-23 00:00:00+00:00,232.5,232.5,232.5,232.5
2009-04-24 00:00:00+00:00,235.6999969482422,235.6999969482422,235.6999969482422,235.6999969482422
2009-04-27 00:00:00+00:00,228.9499969482422,228.9499969482422,228.9499969482422,228.9499969482422
2009-04-28 00:00:00+00:00,216.75,216.75,216.75,216.75
2009-04-29 00:00:00+00:00,221.0,221.0,221.0,223.10000610351562
2009-04-30 00:00:00+00:00,218.10000610351562,218.10000610351562,218.10000610351562,218.10000610351562
2009-05-01 00:00:00+00:00,213.8000030517578,213.8000030517578,213.8000030517578,213.8000030517578
2009-05-04 00:00:00+00:00,222.1999969482422,222.1999969482422,222.1999969482422,222.1999969482422
2009-05-05 00:00:00+00:00,222.8000030517578,222.8000030517578,222.8000030517578,222.8000030517578
2009-05-06 00:00:00+00:00,227.9499969482422,227.9499969482422,227.9499969482422,227.9499969482422
2009-05-07 00:00:00+00:00,241.60000610351562,241.60000610351562,241.60000610351562,241.60000610351562
2009-05-08 00:00:00+00:00,242.1999969482422,242.1999969482422,242.1999969482422,242.1999969482422
2009-05-11 00:00:00+00:00,236.89999389648438,236.89999389648438,236.89999389648438,236.89999389648438
2009-05-12 00:00:00+00:00,234.35000610351562,234.35000610351562,234.35000610351562,234.35000610351562
2009-05-13 00:00:00+00:00,226.64999389648438,226.64999389648438,226.64999389648438,226.64999389648438
2009-05-14 00:00:00+00:00,225.75,225.75,225.75,225.75
2009-05-15 00:00:00+00:00,226.85000610351562,226.85000610351562,226.85000610351562,226.85000610351562
2009-05-18 00:00:00+00:00,229.0,229.0,229.0,229.0
2009-05-19 00:00:00+00:00,234.0,234.0,234.0,234.0
2009-05-20 00:00:00+00:00,235.75,235.75,235.75,235.75
2009-05-21 00:00:00+00:00,235.39999389648438,235.39999389648438,235.39999389648438,235.39999389648438
2009-05-22 00:00:00+00:00,236.0,239.0,236.0,233.5500030517578
2009-05-26 00:00:00+00:00,231.4499969482422,231.4499969482422,231.4499969482422,231.4499969482422
2009-05-27 00:00:00+00:00,226.4499969482422,226.4499969482422,226.4499969482422,226.4499969482422
2009-05-28 00:00:00+00:00,224.89999389648438,233.60000610351562,221.0,232.0
2009-05-29 00:00:00+00:00,231.0500030517578,237.1999969482422,230.5,236.0500030517578
2009-06-01 00:00:00+00:00,237.0,242.89999389648438,235.4499969482422,242.89999389648438
2009-06-02 00:00:00+00:00,240.25,251.5500030517578,237.8000030517578,250.5
2009-06-03 00:00:00+00:00,248.3000030517578,251.0500030517578,240.8000030517578,241.75
2009-06-04 00:00:00+00:00,240.64999389648438,249.1999969482422,239.8000030517578,254.39999389648438
2009-06-05 00:00:00+00:00,257.5,258.29998779296875,253.60000610351562,259.04998779296875
2009-06-08 00:00:00+00:00,246.75,248.25,246.75,251.25
2009-06-09 00:00:00+00:00,256.45001220703125,256.45001220703125,256.45001220703125,256.45001220703125
2009-06-10 00:00:00+00:00,255.35000610351562,264.0,252.5500030517578,257.70001220703125
2009-06-11 00:00:00+00:00,253.10000610351562,253.10000610351562,253.10000610351562,254.9499969482422
2009-06-12 00:00:00+00:00,253.0500030517578,253.0500030517578,253.0500030517578,253.0500030517578
2009-06-15 00:00:00+00:00,244.9499969482422,244.9499969482422,244.9499969482422,244.9499969482422
2009-06-16 00:00:00+00:00,243.5,243.5,241.75,241.75
2009-06-17 00:00:00+00:00,239.14999389648438,241.0,239.14999389648438,242.39999389648438
2009-06-18 00:00:00+00:00,239.0500030517578,239.0500030517578,239.0500030517578,239.0500030517578
2009-06-19 00:00:00+00:00,242.8000030517578,245.5,242.8000030517578,245.5
2009-06-22 00:00:00+00:00,235.39999389648438,235.39999389648438,231.85000610351562,233.4499969482422
2009-06-23 00:00:00+00:00,230.89999389648438,234.89999389648438,230.89999389648438,236.8000030517578
2009-06-24 00:00:00+00:00,237.10000610351562,237.8000030517578,235.75,236.75
2009-06-25 00:00:00+00:00,237.89999389648438,240.0,237.89999389648438,244.25
2009-06-26 00:00:00+00:00,244.3000030517578,246.3000030517578,244.3000030517578,247.0
2009-08-28 00:00:00+00:00,287.3500061035156,291.25,283.70001220703125,290.6000061035156
2009-08-31 00:00:00+00:00,288.75,293.45001220703125,287.0,291.79998779296875
2009-09-01 00:00:00+00:00,294.8999938964844,294.8999938964844,287.8999938964844,288.6000061035156
2009-09-02 00:00:00+00:00,288.5,288.75,282.6000061035156,288.1000061035156
2009-09-03 00:00:00+00:00,288.8999938964844,295.5,288.79998779296875,293.20001220703125
2009-09-04 00:00:00+00:00,295.1499938964844,295.1499938964844,295.1499938964844,295.1499938964844
2009-09-08 00:00:00+00:00,292.6000061035156,298.3500061035156,292.6000061035156,297.75
2009-09-09 00:00:00+00:00,296.54998779296875,297.3500061035156,293.6499938964844,294.1000061035156
2009-09-10 00:00:00+00:00,292.04998779296875,292.04998779296875,292.04998779296875,292.04998779296875
2009-09-11 00:00:00+00:00,293.1499938964844,294.0,292.6499938964844,293.1000061035156
2009-09-14 00:00:00+00:00,295.5,296.04998779296875,295.5,294.8500061035156
2009-09-15 00:00:00+00:00,292.20001220703125,297.8500061035156,292.20001220703125,295.3500061035156
2009-09-16 00:00:00+00:00,300.0,301.04998779296875,298.25,299.6000061035156
2009-09-17 00:00:00+00:00,299.70001220703125,306.70001220703125,299.70001220703125,305.3999938964844
2009-09-18 00:00:00+00:00,305.29998779296875,305.29998779296875,304.45001220703125,304.1499938964844
2009-09-21 00:00:00+00:00,298.79998779296875,298.79998779296875,298.79998779296875,298.79998779296875
2009-09-22 00:00:00+00:00,302.04998779296875,302.04998779296875,302.04998779296875,302.04998779296875
2009-09-23 00:00:00+00:00,300.8500061035156,300.8500061035156,297.29998779296875,297.29998779296875
2009-09-24 00:00:00+00:00,301.8500061035156,301.8500061035156,301.8500061035156,297.54998779296875
2009-09-25 00:00:00+00:00,294.6000061035156,294.6000061035156,294.0,294.54998779296875
2009-09-28 00:00:00+00:00,293.25,293.25,293.25,293.25
2009-09-29 00:00:00+00:00,289.3500061035156,289.3500061035156,289.3500061035156,289.3500061035156
2009-09-30 00:00:00+00:00,298.54998779296875,298.54998779296875,298.54998779296875,298.54998779296875
2009-10-01 00:00:00+00:00,292.29998779296875,292.29998779296875,292.29998779296875,292.29998779296875
2009-10-02 00:00:00+00:00,297.54998779296875,297.54998779296875,297.54998779296875,297.54998779296875
2009-10-05 00:00:00+00:00,302.6499938964844,302.6499938964844,302.6499938964844,302.6499938964844
2009-10-06 00:00:00+00:00,309.6499938964844,309.6499938964844,309.6499938964844,309.6499938964844
2009-10-07 00:00:00+00:00,313.3999938964844,313.3999938964844,313.3999938964844,313.3999938964844
2009-10-08 00:00:00+00:00,321.95001220703125,321.95001220703125,321.95001220703125,321.95001220703125
2009-10-09 00:00:00+00:00,323.1000061035156,323.1000061035156,323.1000061035156,323.1000061035156
2009-10-12 00:00:00+00:00,329.1499938964844,329.1499938964844,329.1499938964844,329.1499938964844
2009-10-13 00:00:00+00:00,329.1499938964844,329.1499938964844,329.1499938964844,329.1499938964844
2009-10-14 00:00:00+00:00,330.1499938964844,330.1499938964844,330.1499938964844,330.1499938964844
2009-10-15 00:00:00+00:00,327.5,327.5,327.5,327.5
2009-10-16 00:00:00+00:00,330.0,330.0,330.0,330.0
2009-10-19 00:00:00+00:00,333.75,333.75,333.75,333.75
2009-10-20 00:00:00+00:00,337.0,337.0,337.0,337.0
2009-10-21 00:00:00+00:00,340.8500061035156,340.8500061035156,340.8500061035156,340.8500061035156
2009-10-22 00:00:00+00:00,339.1000061035156,339.1000061035156,339.1000061035156,339.1000061035156
2009-10-23 00:00:00+00:00,339.0,339.0,339.0,339.0
2009-10-26 00:00:00+00:00,332.6000061035156,332.6000061035156,332.6000061035156,332.6000061035156
2009-10-27 00:00:00+00:00,329.8999938964844,329.8999938964844,329.8999938964844,329.8999938964844
2009-10-28 00:00:00+00:00,316.75,316.75,316.75,316.75
2009-11-27 00:00:00+00:00,375.0,375.1499938964844,350.0,365.70001220703125
2009-11-30 00:00:00+00:00,363.54998779296875,371.0,357.0,363.54998779296875
2009-12-01 00:00:00+00:00,381.54998779296875,381.45001220703125,378.20001220703125,381.54998779296875
2009-12-02 00:00:00+00:00,387.70001220703125,390.45001220703125,389.20001220703125,387.70001220703125
2009-12-03 00:00:00+00:00,384.5,386.0,384.29998779296875,384.5
2009-12-04 00:00:00+00:00,376.8500061035156,380.5,370.3999938964844,376.8500061035156
2009-12-07 00:00:00+00:00,372.79998779296875,372.04998779296875,372.04998779296875,372.79998779296875
2009-12-08 00:00:00+00:00,365.0,365.0,365.0,373.20001220703125
2009-12-09 00:00:00+00:00,369.75,369.75,360.25,363.75
2009-12-10 00:00:00+00:00,363.0,364.0,361.1499938964844,362.95001220703125
2009-12-11 00:00:00+00:00,360.1499938964844,368.0,365.0,360.1499938964844
2009-12-14 00:00:00+00:00,366.1499938964844,360.45001220703125,366.1499938964844,366.1499938964844
2009-12-15 00:00:00+00:00,363.8999938964844,363.8999938964844,363.8999938964844,363.8999938964844
2009-12-16 00:00:00+00:00,371.04998779296875,371.04998779296875,371.04998779296875,371.04998779296875
2009-12-17 00:00:00+00:00,367.8999938964844,370.6000061035156,370.6000061035156,367.8999938964844
2009-12-18 00:00:00+00:00,365.79998779296875,365.79998779296875,365.79998779296875,365.79998779296875
2009-12-21 00:00:00+00:00,363.29998779296875,363.29998779296875,363.29998779296875,363.29998779296875
2009-12-22 00:00:00+00:00,352.1499938964844,358.5,350.04998779296875,352.1499938964844
2009-12-23 00:00:00+00:00,373.3999938964844,373.3999938964844,373.3999938964844,355.3999938964844
2009-12-24 00:00:00+00:00,387.6499938964844,387.5,376.0,387.6499938964844
2009-12-28 00:00:00+00:00,386.8500061035156,386.8500061035156,386.8500061035156,386.8500061035156
2009-12-29 00:00:00+00:00,386.8500061035156,386.8500061035156,386.8500061035156,386.8500061035156
2009-12-30 00:00:00+00:00,394.5,394.5,394.5,394.5
2009-12-31 00:00:00+00:00,407.25,407.25,407.25,407.25
2010-01-04 00:00:00+00:00,419.79998779296875,419.79998779296875,419.79998779296875,419.79998779296875
2010-01-05 00:00:00+00:00,420.3500061035156,420.3500061035156,420.3500061035156,420.3500061035156
2010-01-06 00:00:00+00:00,425.6000061035156,425.6000061035156,425.6000061035156,425.6000061035156
2010-01-07 00:00:00+00:00,422.95001220703125,422.95001220703125,422.95001220703125,422.95001220703125
2010-01-08 00:00:00+00:00,424.1499938964844,425.0,425.0,424.1499938964844
2010-01-11 00:00:00+00:00,430.95001220703125,430.95001220703125,430.95001220703125,430.95001220703125
2010-01-12 00:00:00+00:00,424.79998779296875,424.79998779296875,424.79998779296875,424.79998779296875
2010-01-13 00:00:00+00:00,423.95001220703125,423.95001220703125,423.95001220703125,423.95001220703125
2010-01-14 00:00:00+00:00,442.79998779296875,442.79998779296875,442.79998779296875,442.79998779296875
2010-01-15 00:00:00+00:00,447.5,447.5,447.5,447.5
2010-01-19 00:00:00+00:00,461.70001220703125,455.6000061035156,461.70001220703125,461.70001220703125
2010-01-20 00:00:00+00:00,461.79998779296875,461.79998779296875,461.79998779296875,461.79998779296875
2010-01-21 00:00:00+00:00,453.70001220703125,453.70001220703125,453.70001220703125,453.70001220703125
2010-01-22 00:00:00+00:00,439.8500061035156,439.8500061035156,439.8500061035156,439.8500061035156
2010-01-25 00:00:00+00:00,439.75,439.75,439.75,439.75
2010-01-26 00:00:00+00:00,427.29998779296875,427.29998779296875,427.29998779296875,427.29998779296875
2010-01-27 00:00:00+00:00,416.5,416.5,416.5,416.5
2010-02-22 00:00:00+00:00,442.1000061035156,442.1000061035156,442.1000061035156,442.1000061035156
2010-02-23 00:00:00+00:00,434.0,434.0,434.0,434.0
2010-02-24 00:00:00+00:00,422.70001220703125,422.70001220703125,422.70001220703125,422.70001220703125
2010-02-25 00:00:00+00:00,420.54998779296875,425.5,414.5,423.29998779296875
2010-02-26 00:00:00+00:00,432.3999938964844,433.0,426.0,432.3999938964844
2010-03-01 00:00:00+00:00,436.5,437.45001220703125,432.1000061035156,436.5
2010-03-02 00:00:00+00:00,443.45001220703125,443.3999938964844,434.8999938964844,443.45001220703125
2010-03-03 00:00:00+00:00,449.1499938964844,452.25,449.1499938964844,449.5
2010-03-04 00:00:00+00:00,461.75,461.95001220703125,455.3999938964844,461.75
2010-03-05 00:00:00+00:00,475.3999938964844,476.95001220703125,465.25,475.3999938964844
2010-03-08 00:00:00+00:00,470.3500061035156,476.04998779296875,470.45001220703125,470.3500061035156
2010-03-09 00:00:00+00:00,468.29998779296875,471.6000061035156,456.0,468.29998779296875
2010-03-10 00:00:00+00:00,463.75,463.75,463.75,463.75
2010-03-11 00:00:00+00:00,460.1499938964844,462.1499938964844,451.0,460.1499938964844
2010-03-12 00:00:00+00:00,462.25,462.25,462.25,462.25
2010-03-15 00:00:00+00:00,459.6499938964844,459.6499938964844,459.6499938964844,459.6499938964844
2010-03-16 00:00:00+00:00,471.3999938964844,471.3999938964844,471.3999938964844,471.3999938964844
2010-03-17 00:00:00+00:00,477.8500061035156,474.6499938964844,474.6499938964844,478.0
2010-03-18 00:00:00+00:00,477.8999938964844,477.8999938964844,477.8999938964844,477.8999938964844
2010-03-19 00:00:00+00:00,467.54998779296875,467.54998779296875,467.54998779296875,467.54998779296875
2010-03-22 00:00:00+00:00,459.5,459.5,459.5,459.5
2010-03-23 00:00:00+00:00,463.6499938964844,455.5,455.5,463.6499938964844
2010-03-24 00:00:00+00:00,453.0,445.0,445.0,453.0
2010-03-25 00:00:00+00:00,451.75,439.8500061035156,439.8500061035156,451.75
2010-03-26 00:00:00+00:00,454.70001220703125,457.3500061035156,454.6499938964844,454.70001220703125
2010-03-29 00:00:00+00:00,473.20001220703125,472.1000061035156,471.75,473.20001220703125
2010-03-30 00:00:00+00:00,468.54998779296875,468.54998779296875,468.54998779296875,468.54998779296875
2010-03-31 00:00:00+00:00,478.1499938964844,478.1499938964844,478.1499938964844,478.1499938964844
2010-04-01 00:00:00+00:00,489.54998779296875,489.54998779296875,489.54998779296875,489.54998779296875
2010-04-05 00:00:00+00:00,506.20001220703125,506.20001220703125,506.20001220703125,506.20001220703125
2010-04-06 00:00:00+00:00,506.70001220703125,506.70001220703125,504.0,506.70001220703125
2010-04-07 00:00:00+00:00,511.3500061035156,511.3500061035156,505.0,511.3500061035156
2010-04-08 00:00:00+00:00,502.5,502.5,502.5,502.5
2010-04-09 00:00:00+00:00,512.5999755859375,512.5999755859375,512.5999755859375,512.5999755859375
2010-04-12 00:00:00+00:00,523.1500244140625,523.1500244140625,523.1500244140625,523.1500244140625
2010-04-13 00:00:00+00:00,520.7999877929688,520.7999877929688,520.7999877929688,520.7999877929688
2010-04-14 00:00:00+00:00,547.5,547.5,547.5,547.5
2010-04-15 00:00:00+00:00,545.4000244140625,545.4000244140625,545.4000244140625,545.4000244140625
2010-04-16 00:00:00+00:00,531.3499755859375,531.3499755859375,531.3499755859375,531.3499755859375
2010-04-19 00:00:00+00:00,533.2000122070312,533.2000122070312,533.2000122070312,533.2000122070312
2010-04-20 00:00:00+00:00,550.5999755859375,550.5999755859375,550.5999755859375,550.5999755859375
2010-04-21 00:00:00+00:00,567.4500122070312,567.4500122070312,567.4500122070312,567.4500122070312
2010-04-22 00:00:00+00:00,564.2999877929688,564.2999877929688,564.2999877929688,564.2999877929688
2010-04-23 00:00:00+00:00,562.2000122070312,562.2000122070312,562.2000122070312,562.2000122070312
2010-04-26 00:00:00+00:00,565.4000244140625,565.4000244140625,565.4000244140625,565.4000244140625
2010-04-27 00:00:00+00:00,547.9500122070312,547.9500122070312,547.9500122070312,547.9500122070312
2010-04-28 00:00:00+00:00,540.9000244140625,540.9000244140625,540.9000244140625,540.9000244140625
2010-04-29 00:00:00+00:00,548.0,548.0,548.0,548.0
2010-04-30 00:00:00+00:00,554.75,553.2999877929688,542.9500122070312,554.75
2010-05-03 00:00:00+00:00,547.25,547.25,547.25,547.25
2010-05-04 00:00:00+00:00,514.25,514.25,514.25,514.25
2010-05-05 00:00:00+00:00,507.54998779296875,507.54998779296875,507.54998779296875,507.54998779296875
2010-05-06 00:00:00+00:00,513.0999755859375,513.0999755859375,513.0999755859375,513.0999755859375
2010-05-07 00:00:00+00:00,509.20001220703125,509.20001220703125,509.20001220703125,509.20001220703125
2010-05-10 00:00:00+00:00,523.5,523.5,523.5,523.5
2010-05-11 00:00:00+00:00,531.2000122070312,531.2000122070312,531.2000122070312,531.2000122070312
2010-05-12 00:00:00+00:00,546.4500122070312,546.4500122070312,546.4500122070312,546.4500122070312
2010-05-13 00:00:00+00:00,542.2999877929688,542.2999877929688,542.2999877929688,542.2999877929688
2010-05-14 00:00:00+00:00,526.9000244140625,526.9000244140625,526.9000244140625,526.9000244140625
2010-05-17 00:00:00+00:00,502.6000061035156,502.6000061035156,506.3999938964844,502.6000061035156
2010-05-18 00:00:00+00:00,506.0,506.0,506.0,506.0
2010-05-19 00:00:00+00:00,458.70001220703125,458.70001220703125,458.70001220703125,458.70001220703125
2010-05-20 00:00:00+00:00,407.95001220703125,407.95001220703125,407.95001220703125,407.95001220703125
2010-05-21 00:00:00+00:00,438.45001220703125,438.45001220703125,438.45001220703125,438.45001220703125
2010-05-24 00:00:00+00:00,452.54998779296875,452.54998779296875,452.54998779296875,452.54998779296875
2010-05-25 00:00:00+00:00,429.3999938964844,429.3999938964844,429.3999938964844,429.3999938964844
2010-05-26 00:00:00+00:00,445.3500061035156,445.3500061035156,445.3500061035156,445.3500061035156
2010-05-27 00:00:00+00:00,437.75,464.3999938964844,434.0,462.25
2010-05-28 00:00:00+00:00,461.8500061035156,470.45001220703125,452.20001220703125,461.8500061035156
2010-06-01 00:00:00+00:00,464.0,466.75,453.54998779296875,460.75
2010-06-02 00:00:00+00:00,458.04998779296875,458.25,445.8999938964844,451.3999938964844
2010-06-03 00:00:00+00:00,449.6000061035156,461.29998779296875,451.3999938964844,449.6000061035156
2010-06-04 00:00:00+00:00,429.79998779296875,446.1000061035156,427.20001220703125,429.79998779296875
2010-06-07 00:00:00+00:00,428.8500061035156,423.95001220703125,421.75,428.8500061035156
2010-06-08 00:00:00+00:00,441.45001220703125,443.3500061035156,434.70001220703125,441.45001220703125
2010-06-09 00:00:00+00:00,453.8999938964844,453.8999938964844,452.20001220703125,454.95001220703125
2010-06-10 00:00:00+00:00,448.79998779296875,455.0,446.1000061035156,448.79998779296875
2010-06-11 00:00:00+00:00,448.25,453.0,453.0,448.25
2010-06-14 00:00:00+00:00,460.3500061035156,457.8500061035156,455.25,460.3500061035156
2010-06-15 00:00:00+00:00,475.25,474.6000061035156,461.95001220703125,475.25
2010-06-16 00:00:00+00:00,474.29998779296875,474.29998779296875,474.29998779296875,474.29998779296875
2010-06-17 00:00:00+00:00,480.3500061035156,481.6000061035156,480.6000061035156,480.3500061035156
2010-06-18 00:00:00+00:00,490.8999938964844,491.0,491.0,490.8999938964844
2010-06-21 00:00:00+00:00,494.1000061035156,499.1000061035156,499.1000061035156,494.1000061035156
2010-06-22 00:00:00+00:00,489.45001220703125,489.45001220703125,489.45001220703125,489.45001220703125
2010-06-23 00:00:00+00:00,473.3500061035156,473.3500061035156,473.3500061035156,473.3500061035156
2010-06-24 00:00:00+00:00,469.0,469.0,469.0,469.0
2010-06-25 00:00:00+00:00,477.20001220703125,472.8999938964844,472.70001220703125,477.20001220703125
2010-06-28 00:00:00+00:00,470.04998779296875,470.04998779296875,474.3999938964844,470.04998779296875
2010-06-29 00:00:00+00:00,452.0,450.0,447.95001220703125,452.0
2010-06-30 00:00:00+00:00,444.3999938964844,440.0,434.1000061035156,444.3999938964844
2010-07-01 00:00:00+00:00,429.04998779296875,436.20001220703125,436.04998779296875,429.04998779296875
2010-07-02 00:00:00+00:00,426.8999938964844,426.8999938964844,426.8999938964844,426.8999938964844
2010-07-06 00:00:00+00:00,440.3999938964844,440.3999938964844,440.3999938964844,440.3999938964844
2010-07-07 00:00:00+00:00,442.3500061035156,442.3500061035156,442.3500061035156,442.3500061035156
2010-07-08 00:00:00+00:00,444.3999938964844,444.3999938964844,444.3999938964844,444.3999938964844
2010-07-09 00:00:00+00:00,456.95001220703125,456.95001220703125,456.95001220703125,456.95001220703125
2010-07-12 00:00:00+00:00,454.1499938964844,454.1499938964844,454.1499938964844,454.1499938964844
2010-07-13 00:00:00+00:00,468.70001220703125,468.70001220703125,468.70001220703125,468.70001220703125
2010-07-14 00:00:00+00:00,465.3500061035156,465.3500061035156,465.3500061035156,465.3500061035156
2010-07-15 00:00:00+00:00,466.95001220703125,466.95001220703125,466.95001220703125,466.95001220703125
2010-07-16 00:00:00+00:00,448.1499938964844,448.1499938964844,448.1499938964844,448.1499938964844
2010-07-19 00:00:00+00:00,443.45001220703125,443.45001220703125,443.45001220703125,443.45001220703125
2010-07-20 00:00:00+00:00,450.6000061035156,450.6000061035156,450.6000061035156,450.6000061035156
2010-07-21 00:00:00+00:00,451.70001220703125,451.70001220703125,451.70001220703125,451.70001220703125
2010-07-22 00:00:00+00:00,456.45001220703125,456.45001220703125,456.45001220703125,456.45001220703125
2010-07-23 00:00:00+00:00,466.29998779296875,466.29998779296875,466.29998779296875,466.29998779296875
2010-07-26 00:00:00+00:00,474.54998779296875,474.54998779296875,474.54998779296875,474.54998779296875
2010-07-27 00:00:00+00:00,466.1000061035156,477.3500061035156,477.3500061035156,466.1000061035156
2010-07-28 00:00:00+00:00,468.29998779296875,468.29998779296875,468.29998779296875,468.29998779296875
2010-07-29 00:00:00+00:00,491.20001220703125,491.20001220703125,491.20001220703125,491.20001220703125
2010-07-30 00:00:00+00:00,500.0,500.0,500.0,500.0
2010-08-02 00:00:00+00:00,515.8499755859375,515.8499755859375,515.8499755859375,515.8499755859375
2010-08-03 00:00:00+00:00,506.45001220703125,506.45001220703125,506.45001220703125,506.45001220703125
2010-08-04 00:00:00+00:00,500.1499938964844,503.3500061035156,503.29998779296875,500.1499938964844
2010-08-05 00:00:00+00:00,496.04998779296875,496.04998779296875,496.04998779296875,496.04998779296875
2010-08-06 00:00:00+00:00,487.6000061035156,487.6000061035156,487.6000061035156,487.6000061035156
2010-08-09 00:00:00+00:00,479.6499938964844,479.6499938964844,479.6499938964844,479.6499938964844
2010-08-10 00:00:00+00:00,470.6000061035156,470.6000061035156,470.6000061035156,470.6000061035156
2010-08-11 00:00:00+00:00,464.70001220703125,464.70001220703125,464.70001220703125,464.70001220703125
2010-08-12 00:00:00+00:00,471.04998779296875,471.04998779296875,471.04998779296875,471.04998779296875
2010-08-13 00:00:00+00:00,477.25,477.25,477.25,477.25
2010-08-16 00:00:00+00:00,485.75,485.75,485.75,485.75
2010-08-17 00:00:00+00:00,497.29998779296875,497.29998779296875,497.29998779296875,497.29998779296875
2010-08-18 00:00:00+00:00,490.3999938964844,490.3999938964844,490.3999938964844,490.3999938964844
2010-08-19 00:00:00+00:00,485.6499938964844,485.6499938964844,485.6499938964844,485.6499938964844
2010-08-20 00:00:00+00:00,476.20001220703125,476.20001220703125,476.20001220703125,476.20001220703125
2010-08-23 00:00:00+00:00,483.70001220703125,483.70001220703125,483.70001220703125,483.70001220703125
2010-08-24 00:00:00+00:00,484.25,484.25,484.25,484.25
2010-08-25 00:00:00+00:00,491.54998779296875,491.54998779296875,491.54998779296875,491.54998779296875
2010-08-26 00:00:00+00:00,502.5,502.5,502.5,502.5
2010-08-27 00:00:00+00:00,503.04998779296875,503.04998779296875,503.04998779296875,503.04998779296875
2010-08-30 00:00:00+00:00,506.1499938964844,508.0,496.5,497.8999938964844
2010-08-31 00:00:00+00:00,500.3999938964844,502.70001220703125,486.0,500.3999938964844
2010-09-01 00:00:00+00:00,518.3499755859375,525.2999877929688,503.3500061035156,518.3499755859375
2010-09-02 00:00:00+00:00,523.4500122070312,524.0999755859375,515.0,523.4500122070312
2010-09-03 00:00:00+00:00,529.0499877929688,528.5499877929688,522.5999755859375,529.0499877929688
2010-09-07 00:00:00+00:00,521.5999755859375,530.5999755859375,519.0,521.5999755859375
2010-09-08 00:00:00+00:00,525.5,527.2000122070312,523.0,525.5
2010-09-09 00:00:00+00:00,520.5999755859375,524.2000122070312,516.0,520.5999755859375
2010-09-10 00:00:00+00:00,517.5499877929688,522.5999755859375,512.4500122070312,517.5499877929688
2010-09-13 00:00:00+00:00,527.7999877929688,528.9500122070312,516.5,527.7999877929688
2010-09-14 00:00:00+00:00,551.75,550.4500122070312,537.2000122070312,551.75
2010-09-15 00:00:00+00:00,540.1500244140625,560.0,539.5499877929688,557.1500244140625
2010-09-16 00:00:00+00:00,546.9500122070312,555.0999755859375,554.0,546.9500122070312
2010-09-17 00:00:00+00:00,543.2999877929688,543.2999877929688,543.2999877929688,543.2999877929688
2010-09-20 00:00:00+00:00,539.5,540.2999877929688,536.75,539.5
2010-09-21 00:00:00+00:00,527.7999877929688,527.7999877929688,527.7999877929688,527.7999877929688
2010-09-22 00:00:00+00:00,539.6500244140625,539.6500244140625,539.6500244140625,539.6500244140625
2010-09-23 00:00:00+00:00,554.8499755859375,554.8499755859375,554.8499755859375,554.8499755859375
2010-09-24 00:00:00+00:00,558.5,558.8499755859375,558.8499755859375,558.5
2010-09-27 00:00:00+00:00,550.7000122070312,558.5999755859375,558.0999755859375,550.7000122070312
2010-09-28 00:00:00+00:00,556.6500244140625,556.6500244140625,556.6500244140625,560.2999877929688
2010-09-29 00:00:00+00:00,567.2999877929688,567.2999877929688,567.2999877929688,567.2999877929688
2010-09-30 00:00:00+00:00,571.25,571.25,571.25,571.25
2010-10-01 00:00:00+00:00,571.25,571.25,571.25,571.25
2010-10-04 00:00:00+00:00,561.2999877929688,561.2999877929688,561.2999877929688,561.2999877929688
2010-10-05 00:00:00+00:00,578.2000122070312,578.2000122070312,578.2000122070312,578.2000122070312
2010-10-06 00:00:00+00:00,589.6500244140625,589.6500244140625,589.6500244140625,589.6500244140625
2010-10-07 00:00:00+00:00,587.0999755859375,587.0999755859375,587.0999755859375,587.0999755859375
2010-10-08 00:00:00+00:00,587.5999755859375,587.5999755859375,587.5999755859375,587.5999755859375
2010-10-11 00:00:00+00:00,588.75,588.75,588.75,588.75
2010-10-12 00:00:00+00:00,580.6500244140625,580.6500244140625,580.6500244140625,580.6500244140625
2010-10-13 00:00:00+00:00,593.6500244140625,593.6500244140625,593.6500244140625,593.6500244140625
2010-10-14 00:00:00+00:00,601.5499877929688,601.5499877929688,601.5499877929688,601.5499877929688
2010-10-15 00:00:00+00:00,589.2000122070312,589.2000122070312,589.2000122070312,589.2000122070312
2010-10-18 00:00:00+00:00,588.0999755859375,588.0999755859375,588.0999755859375,588.0999755859375
2010-10-19 00:00:00+00:00,578.4500122070312,578.4500122070312,578.4500122070312,578.4500122070312
2010-10-20 00:00:00+00:00,590.6500244140625,590.6500244140625,590.6500244140625,590.6500244140625
2010-10-21 00:00:00+00:00,586.2999877929688,586.2999877929688,586.2999877929688,586.2999877929688
2010-10-22 00:00:00+00:00,591.0999755859375,591.0999755859375,591.0999755859375,591.0999755859375
2010-10-25 00:00:00+00:00,608.7999877929688,608.7999877929688,608.7999877929688,608.7999877929688
2010-10-26 00:00:00+00:00,625.4500122070312,625.4500122070312,625.4500122070312,625.4500122070312
2010-10-27 00:00:00+00:00,619.1500244140625,619.1500244140625,619.1500244140625,619.1500244140625
2010-10-28 00:00:00+00:00,629.4500122070312,629.4500122070312,629.4500122070312,629.4500122070312
2010-10-29 00:00:00+00:00,645.0999755859375,645.0999755859375,645.0999755859375,645.0999755859375
2010-11-01 00:00:00+00:00,644.0999755859375,644.0999755859375,644.0999755859375,647.7000122070312
2010-11-02 00:00:00+00:00,644.4500122070312,644.4500122070312,644.4500122070312,644.4500122070312
2010-11-03 00:00:00+00:00,641.7000122070312,641.7000122070312,641.7000122070312,641.7000122070312
2010-11-04 00:00:00+00:00,673.75,673.75,673.75,673.75
2010-11-05 00:00:00+00:00,684.4000244140625,684.4000244140625,684.4000244140625,684.4000244140625
2010-11-08 00:00:00+00:00,709.9000244140625,709.9000244140625,709.9000244140625,709.9000244140625
2010-11-09 00:00:00+00:00,741.6500244140625,741.6500244140625,741.6500244140625,741.6500244140625
2010-11-10 00:00:00+00:00,696.0,696.0,697.7999877929688,696.0
2010-11-11 00:00:00+00:00,703.4000244140625,703.4000244140625,703.4000244140625,703.4000244140625
2010-11-12 00:00:00+00:00,672.9000244140625,672.9000244140625,693.7999877929688,672.9000244140625
2010-11-15 00:00:00+00:00,680.5499877929688,680.5499877929688,680.5499877929688,680.5499877929688
2010-11-16 00:00:00+00:00,645.1500244140625,645.1500244140625,645.1500244140625,645.1500244140625
2010-11-17 00:00:00+00:00,654.0999755859375,654.0999755859375,654.0999755859375,654.0999755859375
2010-11-18 00:00:00+00:00,657.1500244140625,668.3499755859375,657.1500244140625,694.75
2010-11-19 00:00:00+00:00,702.9500122070312,702.9500122070312,702.9500122070312,702.9500122070312
2010-11-22 00:00:00+00:00,683.9500122070312,683.9500122070312,683.9500122070312,683.9500122070312
2010-11-23 00:00:00+00:00,690.5999755859375,690.5999755859375,690.5999755859375,690.5999755859375
2010-11-24 00:00:00+00:00,694.9000244140625,694.9000244140625,694.9000244140625,694.9000244140625
2010-11-26 00:00:00+00:00,676.0,676.0,676.0,676.0
2010-11-29 00:00:00+00:00,677.5,694.0499877929688,669.2999877929688,693.0
2010-11-30 00:00:00+00:00,693.4000244140625,704.25,686.5499877929688,700.9500122070312
2010-12-01 00:00:00+00:00,702.0,734.0999755859375,701.5,730.75
2010-12-02 00:00:00+00:00,746.0999755859375,770.8499755859375,736.5,762.2999877929688
2010-12-03 00:00:00+00:00,768.5999755859375,777.0,762.0499877929688,768.8499755859375
2010-12-06 00:00:00+00:00,768.5999755859375,777.0,762.0499877929688,750.1500244140625
2010-12-07 00:00:00+00:00,759.5999755859375,768.0,730.0,737.2000122070312
2010-12-08 00:00:00+00:00,725.0,728.7999877929688,725.0,727.2000122070312
2010-12-09 00:00:00+00:00,737.6500244140625,741.5,737.0999755859375,739.75
2010-12-10 00:00:00+00:00,737.6500244140625,741.5,737.0999755859375,731.3499755859375
2010-12-13 00:00:00+00:00,753.2999877929688,753.2999877929688,753.2999877929688,751.0
2010-12-14 00:00:00+00:00,758.25,760.0999755859375,758.25,766.7000122070312
2010-12-15 00:00:00+00:00,751.1500244140625,751.1500244140625,751.1500244140625,751.1500244140625
2010-12-16 00:00:00+00:00,741.0499877929688,741.0499877929688,741.0499877929688,741.0499877929688
2010-12-17 00:00:00+00:00,735.7000122070312,735.7000122070312,735.7000122070312,737.5999755859375
2010-12-20 00:00:00+00:00,742.75,742.75,742.75,742.75
2010-12-21 00:00:00+00:00,751.0499877929688,751.0499877929688,751.0499877929688,751.0499877929688
2010-12-22 00:00:00+00:00,754.25,754.25,754.25,754.25
2010-12-23 00:00:00+00:00,750.0,750.0,750.0,758.2000122070312
2010-12-27 00:00:00+00:00,764.5999755859375,771.5,764.5999755859375,767.2000122070312
2010-12-28 00:00:00+00:00,764.5999755859375,788.0999755859375,788.0999755859375,787.2000122070312
2010-12-29 00:00:00+00:00,764.5999755859375,788.0999755859375,788.0999755859375,793.4000244140625
2010-12-30 00:00:00+00:00,786.2000122070312,786.2000122070312,786.2000122070312,786.2000122070312
2010-12-31 00:00:00+00:00,803.2999877929688,803.2999877929688,803.2999877929688,803.2999877929688
2011-01-03 00:00:00+00:00,800.4000244140625,800.4000244140625,800.4000244140625,800.4000244140625
2011-01-04 00:00:00+00:00,769.0499877929688,769.0499877929688,769.0499877929688,769.0499877929688
2011-01-05 00:00:00+00:00,775.2999877929688,775.2999877929688,775.2999877929688,775.2999877929688
2011-01-06 00:00:00+00:00,762.9000244140625,762.9000244140625,762.9000244140625,762.9000244140625
2011-01-07 00:00:00+00:00,748.0999755859375,748.0999755859375,748.0999755859375,755.9500122070312
2011-01-10 00:00:00+00:00,748.6500244140625,748.6500244140625,748.6500244140625,748.6500244140625
2011-01-11 00:00:00+00:00,782.75,782.75,782.75,782.75
2011-01-12 00:00:00+00:00,805.7999877929688,805.7999877929688,805.7999877929688,805.7999877929688
2011-01-13 00:00:00+00:00,811.4000244140625,811.4000244140625,811.4000244140625,811.4000244140625
2011-01-14 00:00:00+00:00,788.4500122070312,788.4500122070312,788.4500122070312,788.4500122070312
2011-01-18 00:00:00+00:00,808.4000244140625,808.4000244140625,808.4000244140625,808.4000244140625
2011-01-19 00:00:00+00:00,817.75,817.75,817.75,817.75
2011-01-20 00:00:00+00:00,816.8499755859375,816.8499755859375,816.8499755859375,813.8499755859375
2011-01-21 00:00:00+00:00,814.75,814.75,814.75,814.75
2011-01-24 00:00:00+00:00,814.5499877929688,814.5499877929688,814.5499877929688,814.5499877929688
2011-01-25 00:00:00+00:00,782.75,782.75,782.75,782.75
2011-01-26 00:00:00+00:00,802.6500244140625,802.6500244140625,802.6500244140625,802.6500244140625
2011-01-27 00:00:00+00:00,811.5499877929688,811.5499877929688,811.5499877929688,811.5499877929688
2011-01-28 00:00:00+00:00,815.9000244140625,815.9000244140625,815.9000244140625,815.9000244140625
2011-01-31 00:00:00+00:00,819.0,819.0,819.0,819.0
2011-02-01 00:00:00+00:00,822.4500122070312,822.4500122070312,822.4500122070312,822.4500122070312
2011-02-02 00:00:00+00:00,809.4500122070312,809.4500122070312,809.4500122070312,809.4500122070312
2011-02-03 00:00:00+00:00,819.4500122070312,819.4500122070312,819.4500122070312,819.4500122070312
2011-02-04 00:00:00+00:00,815.5999755859375,815.5999755859375,815.5999755859375,815.5999755859375
2011-02-07 00:00:00+00:00,818.2000122070312,818.2000122070312,818.2000122070312,818.2000122070312
2011-02-08 00:00:00+00:00,837.5999755859375,837.5999755859375,837.5999755859375,837.5999755859375
2011-02-09 00:00:00+00:00,825.5999755859375,825.5999755859375,825.5999755859375,825.5999755859375
2011-02-10 00:00:00+00:00,820.0499877929688,820.0499877929688,820.0499877929688,820.0499877929688
2011-02-11 00:00:00+00:00,813.8499755859375,813.8499755859375,813.8499755859375,813.8499755859375
2011-02-14 00:00:00+00:00,832.2000122070312,832.2000122070312,832.2000122070312,832.2000122070312
2011-02-15 00:00:00+00:00,839.2999877929688,839.2999877929688,839.2999877929688,839.2999877929688
2011-02-16 00:00:00+00:00,837.9000244140625,837.9000244140625,837.9000244140625,837.9000244140625
2011-02-17 00:00:00+00:00,842.5499877929688,842.5499877929688,842.5499877929688,842.5499877929688
2011-02-18 00:00:00+00:00,857.25,857.25,857.25,857.25
2011-02-22 00:00:00+00:00,805.4500122070312,805.4500122070312,805.4500122070312,805.4500122070312
2011-02-23 00:00:00+00:00,774.2999877929688,774.2999877929688,774.2999877929688,774.2999877929688
2011-02-24 00:00:00+00:00,777.75,777.75,777.75,777.75
2011-02-25 00:00:00+00:00,775.0,791.75,774.2999877929688,785.4500122070312
2011-02-28 00:00:00+00:00,790.8499755859375,802.0,785.6500244140625,797.6500244140625
2011-03-01 00:00:00+00:00,798.0,814.9000244140625,797.0999755859375,814.3499755859375
2011-03-02 00:00:00+00:00,813.5,821.9000244140625,807.7000122070312,820.4000244140625
2011-03-03 00:00:00+00:00,814.7999877929688,818.1500244140625,812.0,812.5999755859375
2011-03-04 00:00:00+00:00,810.5,816.5,808.7999877929688,807.7999877929688
2011-03-07 00:00:00+00:00,781.7000122070312,809.2999877929688,780.4000244140625,788.25
2011-03-08 00:00:00+00:00,786.5,787.0,775.0999755859375,785.1500244140625
2011-03-09 00:00:00+00:00,794.4500122070312,798.7999877929688,791.9000244140625,780.3499755859375
2011-03-10 00:00:00+00:00,767.3499755859375,769.7000122070312,762.5,764.3499755859375
2011-03-11 00:00:00+00:00,762.25,767.0499877929688,750.4000244140625,763.75
2011-03-14 00:00:00+00:00,746.4500122070312,747.6500244140625,746.4500122070312,746.4500122070312
2011-03-15 00:00:00+00:00,742.0499877929688,742.0499877929688,696.0,703.2999877929688
2011-03-16 00:00:00+00:00,716.5499877929688,716.5499877929688,716.5499877929688,706.0999755859375
2011-03-17 00:00:00+00:00,716.0,716.0,716.0,716.0
2011-03-18 00:00:00+00:00,731.4500122070312,731.4500122070312,731.4500122070312,731.4000244140625
2011-03-21 00:00:00+00:00,740.0,743.0,739.7999877929688,741.2999877929688
2011-03-22 00:00:00+00:00,740.7999877929688,740.7999877929688,740.0,735.8499755859375
2011-03-23 00:00:00+00:00,742.6500244140625,742.6500244140625,742.6500244140625,748.9000244140625
2011-03-24 00:00:00+00:00,751.8499755859375,751.8499755859375,751.8499755859375,751.8499755859375
2011-03-25 00:00:00+00:00,750.4000244140625,751.0,751.0,750.4000244140625
2011-03-28 00:00:00+00:00,743.7999877929688,746.9500122070312,743.7999877929688,745.7000122070312
2011-03-29 00:00:00+00:00,745.5,745.8499755859375,745.5,752.9500122070312
2011-03-30 00:00:00+00:00,738.0,739.5999755859375,736.5999755859375,758.0999755859375
2011-03-31 00:00:00+00:00,767.9000244140625,767.9000244140625,767.9000244140625,767.9000244140625
2011-04-01 00:00:00+00:00,775.0499877929688,775.0499877929688,775.0499877929688,775.0499877929688
2011-04-04 00:00:00+00:00,783.4000244140625,783.4000244140625,783.4000244140625,783.4000244140625
2011-04-05 00:00:00+00:00,790.5,790.5,790.5,790.5
2011-04-06 00:00:00+00:00,781.7999877929688,781.7999877929688,781.7999877929688,781.7999877929688
2011-04-07 00:00:00+00:00,777.4500122070312,777.4500122070312,777.4500122070312,777.4500122070312
2011-04-08 00:00:00+00:00,792.0,792.0,792.0,792.0
2011-04-11 00:00:00+00:00,787.1500244140625,787.1500244140625,787.1500244140625,787.1500244140625
2011-04-12 00:00:00+00:00,769.5499877929688,769.5499877929688,769.5499877929688,769.5499877929688
2011-04-13 00:00:00+00:00,754.0499877929688,754.0499877929688,754.0499877929688,764.75
2011-04-14 00:00:00+00:00,764.4000244140625,764.4000244140625,750.0,773.7000122070312
2011-04-15 00:00:00+00:00,767.7999877929688,767.7999877929688,767.7999877929688,767.7999877929688
2011-04-18 00:00:00+00:00,738.7999877929688,738.7999877929688,738.7999877929688,738.7999877929688
2011-04-19 00:00:00+00:00,730.7999877929688,730.7999877929688,730.7999877929688,730.7999877929688
2011-04-20 00:00:00+00:00,758.5999755859375,758.5999755859375,758.5999755859375,758.5999755859375
2011-04-21 00:00:00+00:00,768.75,768.75,768.75,768.75
2011-04-25 00:00:00+00:00,760.5,760.5,760.5,760.5
2011-04-26 00:00:00+00:00,755.4000244140625,755.4000244140625,755.4000244140625,755.4000244140625
2011-04-27 00:00:00+00:00,757.7999877929688,757.7999877929688,757.7999877929688,757.7999877929688
2011-04-28 00:00:00+00:00,775.0999755859375,775.0999755859375,775.0999755859375,775.0999755859375
2011-04-29 00:00:00+00:00,791.9500122070312,791.9500122070312,791.9500122070312,791.9500122070312
2011-05-02 00:00:00+00:00,783.9000244140625,783.9000244140625,783.9000244140625,783.9000244140625
2011-05-03 00:00:00+00:00,782.2000122070312,782.2000122070312,782.2000122070312,782.2000122070312
2011-05-04 00:00:00+00:00,746.5999755859375,746.5999755859375,775.0,746.5999755859375
2011-05-05 00:00:00+00:00,710.7000122070312,710.7000122070312,710.7000122070312,710.7000122070312
2011-05-06 00:00:00+00:00,716.2000122070312,716.2000122070312,716.2000122070312,716.2000122070312
2011-05-09 00:00:00+00:00,728.9000244140625,728.9000244140625,728.9000244140625,728.9000244140625
2011-05-10 00:00:00+00:00,732.5499877929688,732.5499877929688,732.5499877929688,732.5499877929688
2011-05-11 00:00:00+00:00,715.2999877929688,715.2999877929688,715.2999877929688,715.2999877929688
2011-05-12 00:00:00+00:00,716.75,716.75,716.75,716.75
2011-05-13 00:00:00+00:00,706.4500122070312,706.4500122070312,706.4500122070312,706.4500122070312
2011-05-16 00:00:00+00:00,713.5,713.5,713.5,713.5
2011-05-17 00:00:00+00:00,714.25,714.25,714.25,714.25
2011-05-18 00:00:00+00:00,737.2000122070312,737.2000122070312,737.2000122070312,737.2000122070312
2011-05-19 00:00:00+00:00,728.1500244140625,728.1500244140625,728.1500244140625,728.1500244140625
2011-05-20 00:00:00+00:00,735.5,735.5,735.5,735.5
2011-05-23 00:00:00+00:00,731.7999877929688,731.7999877929688,731.7999877929688,731.7999877929688
2011-05-24 00:00:00+00:00,735.25,735.25,735.25,735.25
2011-05-25 00:00:00+00:00,747.3499755859375,747.3499755859375,747.3499755859375,747.3499755859375
2011-05-26 00:00:00+00:00,757.2000122070312,757.2000122070312,757.2000122070312,757.2000122070312
2011-05-27 00:00:00+00:00,753.5,761.25,751.5499877929688,759.9000244140625
2011-05-31 00:00:00+00:00,761.0499877929688,782.25,756.3499755859375,778.9500122070312
2011-06-01 00:00:00+00:00,772.0,788.5499877929688,771.25,777.4500122070312
2011-06-02 00:00:00+00:00,770.8499755859375,777.2000122070312,768.0,768.4000244140625
2011-06-03 00:00:00+00:00,762.9500122070312,779.2999877929688,762.9500122070312,783.25
2011-06-06 00:00:00+00:00,787.3499755859375,794.3499755859375,787.3499755859375,797.0499877929688
2011-06-07 00:00:00+00:00,802.8499755859375,809.4000244140625,802.3499755859375,807.7999877929688
2011-06-08 00:00:00+00:00,802.8499755859375,809.4000244140625,798.2000122070312,804.0
2011-06-09 00:00:00+00:00,809.7000122070312,816.0999755859375,809.7000122070312,816.4000244140625
2011-06-10 00:00:00+00:00,817.5499877929688,818.0499877929688,806.4500122070312,815.7000122070312
2011-06-13 00:00:00+00:00,812.2000122070312,812.2000122070312,794.7000122070312,798.4500122070312
2011-06-14 00:00:00+00:00,798.25,798.7999877929688,798.25,790.9000244140625
2011-06-15 00:00:00+00:00,795.0,795.0,784.2999877929688,774.0
2011-06-16 00:00:00+00:00,761.5,761.5,761.5,761.5
2011-06-17 00:00:00+00:00,745.2000122070312,746.4500122070312,745.2000122070312,743.7000122070312
2011-06-20 00:00:00+00:00,735.0,735.0,735.0,746.5
2011-06-21 00:00:00+00:00,760.3499755859375,763.75,760.3499755859375,764.75
2011-06-22 00:00:00+00:00,768.8499755859375,768.8499755859375,768.8499755859375,768.8499755859375
2011-06-23 00:00:00+00:00,742.0,742.0,741.8499755859375,741.5499877929688
2011-06-24 00:00:00+00:00,732.9000244140625,732.9000244140625,732.9000244140625,730.2000122070312
2011-06-27 00:00:00+00:00,723.0499877929688,723.0499877929688,720.0499877929688,722.8499755859375
2011-06-28 00:00:00+00:00,733.4000244140625,733.4000244140625,733.4000244140625,733.4000244140625
2011-06-29 00:00:00+00:00,736.75,736.75,736.75,750.1500244140625
2011-06-30 00:00:00+00:00,759.4000244140625,759.4000244140625,759.4000244140625,759.4000244140625
2011-07-01 00:00:00+00:00,756.4500122070312,756.4500122070312,756.4500122070312,756.4500122070312
2011-07-05 00:00:00+00:00,771.9000244140625,771.9000244140625,771.9000244140625,774.6500244140625
2011-07-06 00:00:00+00:00,772.2000122070312,772.2000122070312,772.2000122070312,772.2000122070312
2011-07-07 00:00:00+00:00,785.5499877929688,785.5499877929688,770.4000244140625,785.5499877929688
2011-07-08 00:00:00+00:00,777.9500122070312,777.9500122070312,780.0,777.9500122070312
2011-07-11 00:00:00+00:00,766.4500122070312,766.4500122070312,766.4500122070312,766.4500122070312
2011-07-12 00:00:00+00:00,766.4500122070312,766.4500122070312,766.4500122070312,766.4500122070312
2011-07-13 00:00:00+00:00,780.0,780.0,780.0,782.75
2011-07-14 00:00:00+00:00,783.0,783.0,783.0,782.0999755859375
2011-07-15 00:00:00+00:00,779.4000244140625,779.4000244140625,779.4000244140625,779.4000244140625
2011-07-18 00:00:00+00:00,793.3499755859375,793.3499755859375,793.3499755859375,793.3499755859375
2011-07-19 00:00:00+00:00,797.0499877929688,797.0499877929688,797.0499877929688,797.0499877929688
2011-07-20 00:00:00+00:00,792.4000244140625,792.4000244140625,792.4000244140625,792.4000244140625
2011-07-21 00:00:00+00:00,807.75,807.75,807.75,807.75
2011-07-22 00:00:00+00:00,805.1500244140625,805.1500244140625,805.1500244140625,805.1500244140625
2011-07-25 00:00:00+00:00,807.75,807.75,807.75,807.75
2011-07-26 00:00:00+00:00,834.8499755859375,834.8499755859375,834.8499755859375,834.8499755859375
2011-07-27 00:00:00+00:00,832.2000122070312,832.2000122070312,832.2000122070312,832.2000122070312
2011-07-28 00:00:00+00:00,827.0999755859375,827.0999755859375,827.0999755859375,827.0999755859375
2011-07-29 00:00:00+00:00,826.7000122070312,826.7000122070312,826.7000122070312,826.7000122070312
2011-08-01 00:00:00+00:00,828.5,828.5,828.5,828.5
2011-08-02 00:00:00+00:00,825.9000244140625,825.9000244140625,825.9000244140625,825.9000244140625
2011-08-03 00:00:00+00:00,794.0999755859375,794.0999755859375,810.0,794.0999755859375
2011-08-04 00:00:00+00:00,751.9500122070312,751.9500122070312,751.9500122070312,751.9500122070312
2011-08-05 00:00:00+00:00,740.75,740.75,740.75,740.75
2011-08-08 00:00:00+00:00,727.5,727.5,727.5,727.5
2011-08-09 00:00:00+00:00,733.5499877929688,733.5499877929688,733.5499877929688,733.5499877929688
2011-08-10 00:00:00+00:00,726.2999877929688,726.2999877929688,732.0,726.2999877929688
2011-08-11 00:00:00+00:00,732.0,732.0,732.0,733.2999877929688
2011-08-12 00:00:00+00:00,747.7000122070312,747.7000122070312,747.7000122070312,747.7000122070312
2011-08-15 00:00:00+00:00,745.8499755859375,745.8499755859375,745.8499755859375,745.8499755859375
2011-08-16 00:00:00+00:00,756.25,756.25,756.25,756.25
2011-08-17 00:00:00+00:00,775.6500244140625,775.6500244140625,775.6500244140625,775.6500244140625
2011-08-18 00:00:00+00:00,756.75,756.75,756.75,756.75
2011-08-19 00:00:00+00:00,748.5499877929688,748.5499877929688,748.5499877929688,748.5499877929688
2011-08-22 00:00:00+00:00,764.8499755859375,764.8499755859375,764.8499755859375,764.8499755859375
2011-08-23 00:00:00+00:00,764.1500244140625,764.1500244140625,764.1500244140625,764.1500244140625
2011-08-24 00:00:00+00:00,742.9000244140625,742.9000244140625,742.9000244140625,742.9000244140625
2011-08-25 00:00:00+00:00,750.9000244140625,750.9000244140625,750.9000244140625,750.9000244140625
2011-08-26 00:00:00+00:00,756.0999755859375,756.0999755859375,756.0999755859375,756.0999755859375
2011-08-29 00:00:00+00:00,753.7000122070312,753.7000122070312,753.7000122070312,753.7000122070312
2011-08-30 00:00:00+00:00,755.8499755859375,779.7000122070312,753.2000122070312,777.0499877929688
2011-08-31 00:00:00+00:00,780.0,794.4500122070312,774.5,788.0999755859375
2011-09-01 00:00:00+00:00,783.3499755859375,788.2000122070312,774.7999877929688,788.5499877929688
2011-09-02 00:00:00+00:00,787.0,787.0,774.0999755859375,781.0999755859375
2011-09-06 00:00:00+00:00,761.5499877929688,767.9000244140625,754.7000122070312,747.4500122070312
2011-09-07 00:00:00+00:00,750.25,750.25,750.25,750.8499755859375
2011-09-08 00:00:00+00:00,760.0,760.5,760.0,763.5999755859375
2011-09-09 00:00:00+00:00,758.7999877929688,764.7000122070312,736.5,737.0999755859375
2011-09-12 00:00:00+00:00,722.0,725.4000244140625,700.1500244140625,710.25
2011-09-13 00:00:00+00:00,706.9500122070312,716.8499755859375,706.9500122070312,727.0
2011-09-14 00:00:00+00:00,718.2999877929688,718.2999877929688,718.2999877929688,719.2000122070312
2011-09-15 00:00:00+00:00,721.7000122070312,721.7000122070312,721.7000122070312,721.7000122070312
2011-09-16 00:00:00+00:00,731.2000122070312,731.2000122070312,731.2000122070312,731.2000122070312
2011-09-19 00:00:00+00:00,710.3499755859375,710.3499755859375,710.3499755859375,710.3499755859375
2011-09-20 00:00:00+00:00,717.5,717.5,717.5,716.0
2011-09-21 00:00:00+00:00,711.0999755859375,711.0999755859375,711.0999755859375,711.0999755859375
2011-09-22 00:00:00+00:00,662.2999877929688,652.75,652.75,662.2999877929688
2011-09-23 00:00:00+00:00,648.0999755859375,648.0999755859375,634.5999755859375,640.75
2011-09-26 00:00:00+00:00,648.5999755859375,648.5999755859375,614.5,626.4500122070312
2011-09-27 00:00:00+00:00,654.75,654.75,654.75,649.0
2011-09-28 00:00:00+00:00,633.7999877929688,633.7999877929688,633.7999877929688,633.7999877929688
2011-09-29 00:00:00+00:00,618.0999755859375,618.0999755859375,617.7000122070312,623.0999755859375
2011-09-30 00:00:00+00:00,614.0499877929688,614.0499877929688,614.0499877929688,614.0499877929688
2011-10-03 00:00:00+00:00,593.25,593.25,593.25,593.25
2011-10-04 00:00:00+00:00,563.5,554.0,536.6500244140625,563.5
2011-10-05 00:00:00+00:00,563.5,554.0,536.6500244140625,569.7000122070312
2011-10-06 00:00:00+00:00,598.1500244140625,598.1500244140625,598.1500244140625,598.1500244140625
2011-10-07 00:00:00+00:00,585.2000122070312,585.2000122070312,585.2000122070312,585.2000122070312
2011-10-10 00:00:00+00:00,613.6500244140625,613.6500244140625,613.6500244140625,613.6500244140625
2011-10-11 00:00:00+00:00,639.6500244140625,639.6500244140625,639.6500244140625,603.6500244140625
2011-10-12 00:00:00+00:00,610.4500122070312,610.4500122070312,610.4500122070312,610.4500122070312
2011-10-13 00:00:00+00:00,593.4500122070312,593.4500122070312,593.4500122070312,593.4500122070312
2011-10-14 00:00:00+00:00,619.9000244140625,619.9000244140625,619.9000244140625,619.9000244140625
2011-10-17 00:00:00+00:00,626.0,626.0,626.0,616.1500244140625
2011-10-18 00:00:00+00:00,619.4000244140625,619.4000244140625,619.4000244140625,619.4000244140625
2011-10-19 00:00:00+00:00,607.9000244140625,607.9000244140625,607.9000244140625,607.9000244140625
2011-10-20 00:00:00+00:00,583.9000244140625,583.9000244140625,583.9000244140625,583.9000244140625
2011-10-21 00:00:00+00:00,617.75,617.75,617.75,617.75
2011-10-24 00:00:00+00:00,638.0999755859375,638.0999755859375,638.0999755859375,638.0999755859375
2011-10-25 00:00:00+00:00,651.7000122070312,651.7000122070312,651.7000122070312,651.7000122070312
2011-10-26 00:00:00+00:00,645.75,645.75,645.75,645.75
2011-10-27 00:00:00+00:00,669.75,669.75,669.75,669.75
2011-10-28 00:00:00+00:00,668.25,668.25,668.25,668.25
2011-10-31 00:00:00+00:00,651.0499877929688,651.0499877929688,651.0499877929688,651.0499877929688
2011-11-01 00:00:00+00:00,634.9000244140625,634.9000244140625,634.9000244140625,634.9000244140625
2011-11-02 00:00:00+00:00,648.5499877929688,648.5499877929688,648.5499877929688,648.5499877929688
2011-11-03 00:00:00+00:00,662.0,662.0,662.0,662.0
2011-11-04 00:00:00+00:00,655.2000122070312,655.2000122070312,655.2000122070312,655.2000122070312
2011-11-07 00:00:00+00:00,655.2000122070312,661.7999877929688,655.2000122070312,661.7999877929688
2011-11-08 00:00:00+00:00,677.1500244140625,677.1500244140625,677.1500244140625,677.1500244140625
2011-11-09 00:00:00+00:00,654.75,654.75,654.75,654.75
2011-11-10 00:00:00+00:00,647.7000122070312,647.7000122070312,647.7000122070312,647.7000122070312
2011-11-11 00:00:00+00:00,662.7000122070312,662.7000122070312,662.7000122070312,662.7000122070312
2011-11-14 00:00:00+00:00,664.2000122070312,664.2000122070312,664.2000122070312,664.2000122070312
2011-11-15 00:00:00+00:00,666.9500122070312,666.9500122070312,666.9500122070312,666.9500122070312
2011-11-16 00:00:00+00:00,662.5999755859375,662.5999755859375,654.3499755859375,654.3499755859375
2011-11-17 00:00:00+00:00,642.1500244140625,642.1500244140625,603.5999755859375,603.5999755859375
2011-11-18 00:00:00+00:00,605.0499877929688,605.0499877929688,605.0499877929688,605.0499877929688
2011-11-21 00:00:00+00:00,585.7000122070312,585.7000122070312,585.7000122070312,585.7000122070312
2011-11-22 00:00:00+00:00,601.0499877929688,601.0499877929688,601.0499877929688,601.0499877929688
2011-11-23 00:00:00+00:00,589.75,589.75,589.75,589.75
2011-11-25 00:00:00+00:00,569.9500122070312,570.0,569.9500122070312,570.0
2011-11-28 00:00:00+00:00,578.25,578.25,578.25,578.25
2011-11-29 00:00:00+00:00,579.0,587.9000244140625,577.0,581.75
2011-11-30 00:00:00+00:00,587.0,624.9000244140625,573.2999877929688,610.0
2011-12-01 00:00:00+00:00,616.0499877929688,643.7999877929688,611.0999755859375,627.6500244140625
2011-12-02 00:00:00+00:00,638.7999877929688,660.7000122070312,638.7999877929688,643.5999755859375
2011-12-05 00:00:00+00:00,645.3499755859375,649.4500122070312,638.0999755859375,644.5
2011-12-06 00:00:00+00:00,642.0999755859375,668.5999755859375,642.0999755859375,668.5999755859375
2011-12-07 00:00:00+00:00,680.0,683.2000122070312,674.9000244140625,683.2000122070312
2011-12-08 00:00:00+00:00,668.5499877929688,673.2000122070312,668.5499877929688,673.2000122070312
2011-12-09 00:00:00+00:00,684.6500244140625,684.6500244140625,684.6500244140625,684.6500244140625
2011-12-12 00:00:00+00:00,655.5999755859375,661.0,655.5999755859375,661.0
2011-12-13 00:00:00+00:00,663.7000122070312,663.7000122070312,662.1500244140625,662.1500244140625
2011-12-14 00:00:00+00:00,617.3499755859375,617.7000122070312,614.0,617.7000122070312
2011-12-15 00:00:00+00:00,614.7000122070312,618.9000244140625,614.5999755859375,618.8499755859375
2011-12-16 00:00:00+00:00,622.5999755859375,623.6500244140625,622.2999877929688,623.6500244140625
2011-12-19 00:00:00+00:00,615.5999755859375,615.5999755859375,615.5999755859375,615.5999755859375
2011-12-20 00:00:00+00:00,622.4500122070312,626.6500244140625,622.4500122070312,626.6500244140625
2011-12-21 00:00:00+00:00,632.1500244140625,632.1500244140625,632.1500244140625,632.1500244140625
2011-12-22 00:00:00+00:00,652.4500122070312,652.4500122070312,652.4500122070312,652.4500122070312
2011-12-23 00:00:00+00:00,664.9500122070312,665.5499877929688,664.9500122070312,665.5499877929688
2011-12-27 00:00:00+00:00,665.9000244140625,665.9000244140625,665.9000244140625,665.9000244140625
2011-12-28 00:00:00+00:00,646.5999755859375,646.5999755859375,646.5999755859375,646.5999755859375
2011-12-29 00:00:00+00:00,623.2000122070312,623.2000122070312,623.2000122070312,623.2000122070312
2011-12-30 00:00:00+00:00,655.5999755859375,655.5999755859375,655.5999755859375,655.5999755859375
2012-01-03 00:00:00+00:00,662.9500122070312,662.9500122070312,662.9500122070312,662.9500122070312
2012-01-04 00:00:00+00:00,653.0,653.0,653.0,653.0
2012-01-05 00:00:00+00:00,643.8499755859375,643.8499755859375,643.8499755859375,643.8499755859375
2012-01-06 00:00:00+00:00,613.4500122070312,613.4500122070312,613.4500122070312,613.4500122070312
2012-01-09 00:00:00+00:00,617.2999877929688,617.2999877929688,617.2999877929688,617.2999877929688
2012-01-10 00:00:00+00:00,617.2999877929688,634.6500244140625,617.2999877929688,634.6500244140625
2012-01-11 00:00:00+00:00,645.0999755859375,645.0999755859375,645.0999755859375,645.0999755859375
2012-01-12 00:00:00+00:00,640.7000122070312,640.7000122070312,640.7000122070312,640.7000122070312
2012-01-13 00:00:00+00:00,634.5,634.5,634.5,634.5
2012-01-17 00:00:00+00:00,654.9500122070312,654.9500122070312,654.9500122070312,654.9500122070312
2012-01-18 00:00:00+00:00,667.9500122070312,667.9500122070312,667.9500122070312,667.9500122070312
2012-01-19 00:00:00+00:00,677.8499755859375,677.8499755859375,677.8499755859375,677.8499755859375
2012-01-20 00:00:00+00:00,675.1500244140625,675.1500244140625,675.1500244140625,675.1500244140625
2012-01-23 00:00:00+00:00,688.2999877929688,688.2999877929688,688.2999877929688,688.2999877929688
2012-01-24 00:00:00+00:00,680.0,680.0,680.0,680.0
2012-01-25 00:00:00+00:00,669.5499877929688,692.7999877929688,669.5499877929688,692.7999877929688
2012-01-26 00:00:00+00:00,693.9000244140625,693.9000244140625,693.9000244140625,693.9000244140625
2012-01-27 00:00:00+00:00,689.5999755859375,689.5999755859375,689.5999755859375,689.5999755859375
2012-01-30 00:00:00+00:00,688.0999755859375,688.0999755859375,688.0999755859375,688.0999755859375
2012-01-31 00:00:00+00:00,685.9500122070312,685.9500122070312,685.9500122070312,685.9500122070312
2012-02-01 00:00:00+00:00,696.2999877929688,696.2999877929688,696.2999877929688,696.2999877929688
2012-02-02 00:00:00+00:00,707.25,707.25,707.25,707.25
2012-02-03 00:00:00+00:00,708.4500122070312,708.4500122070312,708.4500122070312,708.4500122070312
2012-02-06 00:00:00+00:00,705.5499877929688,705.5499877929688,705.5499877929688,705.5499877929688
2012-02-07 00:00:00+00:00,708.75,708.75,708.75,708.75
2012-02-08 00:00:00+00:00,715.5,715.5,715.5,715.5
2012-02-09 00:00:00+00:00,710.9000244140625,710.9000244140625,710.9000244140625,710.9000244140625
2012-02-10 00:00:00+00:00,702.6500244140625,702.6500244140625,702.6500244140625,702.6500244140625
2012-02-13 00:00:00+00:00,698.1500244140625,698.1500244140625,698.1500244140625,698.1500244140625
2012-02-14 00:00:00+00:00,686.8499755859375,686.8499755859375,686.8499755859375,686.8499755859375
2012-02-15 00:00:00+00:00,683.25,683.25,683.25,683.25
2012-02-16 00:00:00+00:00,696.2000122070312,696.2000122070312,696.2000122070312,696.2000122070312
2012-02-17 00:00:00+00:00,687.7000122070312,687.7000122070312,687.7000122070312,687.7000122070312
2012-02-21 00:00:00+00:00,710.4500122070312,710.4500122070312,710.4500122070312,710.4500122070312
2012-02-22 00:00:00+00:00,717.4500122070312,717.4500122070312,717.4500122070312,717.4500122070312
2012-02-23 00:00:00+00:00,718.0999755859375,718.0999755859375,718.0999755859375,718.0999755859375
2012-02-24 00:00:00+00:00,710.4500122070312,710.4500122070312,710.4500122070312,710.4500122070312
2012-02-27 00:00:00+00:00,710.0,710.0,705.0,705.0
2012-02-28 00:00:00+00:00,699.7000122070312,721.9000244140625,699.7000122070312,719.75
2012-02-29 00:00:00+00:00,719.9500122070312,721.9500122070312,700.0,706.6500244140625
2012-03-01 00:00:00+00:00,715.0,715.0,715.0,715.0
2012-03-02 00:00:00+00:00,714.5499877929688,719.5999755859375,710.7999877929688,710.7999877929688
2012-03-05 00:00:00+00:00,707.0,707.0,705.3499755859375,705.3499755859375
2012-03-06 00:00:00+00:00,685.0,685.0,665.2000122070312,670.0
2012-03-07 00:00:00+00:00,683.75,683.75,683.75,683.75
2012-03-08 00:00:00+00:00,696.4000244140625,702.2000122070312,688.7000122070312,697.4000244140625
2012-03-09 00:00:00+00:00,702.5,708.2000122070312,697.7000122070312,708.2000122070312
2012-03-12 00:00:00+00:00,703.5499877929688,704.0,702.75,702.75
2012-03-13 00:00:00+00:00,707.3499755859375,707.3499755859375,707.3499755859375,707.3499755859375
2012-03-14 00:00:00+00:00,695.9500122070312,695.9500122070312,695.9500122070312,695.9500122070312
2012-03-15 00:00:00+00:00,689.5499877929688,708.4000244140625,689.0,708.4000244140625
2012-03-16 00:00:00+00:00,700.2000122070312,700.2000122070312,700.2000122070312,700.2000122070312
2012-03-19 00:00:00+00:00,706.0999755859375,706.0999755859375,706.0999755859375,706.0999755859375
2012-03-20 00:00:00+00:00,695.5499877929688,695.5499877929688,695.5499877929688,695.5499877929688
2012-03-21 00:00:00+00:00,687.1500244140625,687.1500244140625,687.1500244140625,687.1500244140625
2012-03-22 00:00:00+00:00,663.0,663.0,649.5499877929688,649.5499877929688
2012-03-23 00:00:00+00:00,659.5999755859375,659.6500244140625,658.4000244140625,658.4000244140625
2012-03-26 00:00:00+00:00,662.1500244140625,667.25,662.1500244140625,667.25
2012-03-27 00:00:00+00:00,660.0,662.0999755859375,657.0,662.0999755859375
2012-03-28 00:00:00+00:00,646.3499755859375,646.3499755859375,646.3499755859375,646.3499755859375
2012-03-29 00:00:00+00:00,643.5999755859375,643.5999755859375,643.5999755859375,643.5999755859375
2012-03-30 00:00:00+00:00,653.1500244140625,653.1500244140625,653.1500244140625,653.1500244140625
2012-04-02 00:00:00+00:00,657.8499755859375,657.8499755859375,657.8499755859375,657.8499755859375
2012-04-03 00:00:00+00:00,658.6500244140625,658.6500244140625,658.6500244140625,658.6500244140625
2012-04-04 00:00:00+00:00,631.7999877929688,631.7999877929688,631.7999877929688,631.7999877929688
2012-04-05 00:00:00+00:00,631.7999877929688,643.8499755859375,631.7999877929688,643.8499755859375
2012-04-09 00:00:00+00:00,642.8499755859375,642.8499755859375,642.8499755859375,642.8499755859375
2012-04-10 00:00:00+00:00,635.9000244140625,635.9000244140625,635.9000244140625,635.9000244140625
2012-04-11 00:00:00+00:00,635.6500244140625,635.6500244140625,635.6500244140625,635.6500244140625
2012-04-12 00:00:00+00:00,652.1500244140625,652.1500244140625,652.1500244140625,652.1500244140625
2012-04-13 00:00:00+00:00,646.25,646.25,646.25,646.25
2012-04-16 00:00:00+00:00,649.75,649.75,649.75,649.75
2012-04-17 00:00:00+00:00,661.2000122070312,661.2000122070312,661.2000122070312,661.2000122070312
2012-04-18 00:00:00+00:00,656.5,656.5,656.5,656.5
2012-04-19 00:00:00+00:00,662.5999755859375,662.5999755859375,662.5999755859375,662.5999755859375
2012-04-20 00:00:00+00:00,676.2000122070312,676.2000122070312,676.2000122070312,676.2000122070312
2012-04-23 00:00:00+00:00,670.25,670.25,670.25,670.25
2012-04-24 00:00:00+00:00,665.1500244140625,665.1500244140625,665.1500244140625,665.1500244140625
2012-04-25 00:00:00+00:00,654.4500122070312,654.4500122070312,654.4500122070312,654.4500122070312
2012-04-26 00:00:00+00:00,672.0499877929688,672.0499877929688,672.0499877929688,672.0499877929688
2012-04-27 00:00:00+00:00,680.9000244140625,680.9000244140625,680.9000244140625,680.9000244140625
2012-04-30 00:00:00+00:00,681.75,681.75,681.75,681.75
2012-05-01 00:00:00+00:00,680.4500122070312,680.4500122070312,680.4500122070312,680.4500122070312
2012-05-02 00:00:00+00:00,668.8499755859375,668.8499755859375,668.8499755859375,668.8499755859375
2012-05-03 00:00:00+00:00,660.75,660.75,660.75,660.75
2012-05-04 00:00:00+00:00,651.5499877929688,651.5499877929688,651.5499877929688,651.5499877929688
2012-05-07 00:00:00+00:00,647.2000122070312,647.2000122070312,647.2000122070312,647.2000122070312
2012-05-08 00:00:00+00:00,622.3499755859375,622.3499755859375,622.3499755859375,622.3499755859375
2012-05-09 00:00:00+00:00,613.1500244140625,613.1500244140625,613.1500244140625,613.1500244140625
2012-05-10 00:00:00+00:00,614.8499755859375,614.8499755859375,614.8499755859375,614.8499755859375
2012-05-11 00:00:00+00:00,602.9500122070312,602.9500122070312,602.9500122070312,602.9500122070312
2012-05-14 00:00:00+00:00,594.4000244140625,594.4000244140625,594.4000244140625,594.4000244140625
2012-05-15 00:00:00+00:00,600.7000122070312,600.7000122070312,600.7000122070312,600.7000122070312
2012-05-16 00:00:00+00:00,593.7000122070312,593.7000122070312,593.7000122070312,593.7000122070312
2012-05-17 00:00:00+00:00,605.5,605.5,605.5,605.5
2012-05-18 00:00:00+00:00,603.25,603.25,603.25,603.25
2012-05-21 00:00:00+00:00,610.5,610.5,610.5,610.5
2012-05-22 00:00:00+00:00,615.2999877929688,615.2999877929688,615.2999877929688,615.2999877929688
2012-05-23 00:00:00+00:00,590.9500122070312,590.9500122070312,590.9500122070312,590.9500122070312
2012-05-24 00:00:00+00:00,587.4000244140625,587.4000244140625,587.4000244140625,587.4000244140625
2012-05-25 00:00:00+00:00,589.9500122070312,589.9500122070312,589.9500122070312,589.9500122070312
2012-05-29 00:00:00+00:00,603.5,603.5,603.5,603.5
2012-05-30 00:00:00+00:00,603.5999755859375,606.9000244140625,590.0,604.7000122070312
2012-05-31 00:00:00+00:00,607.25,612.0999755859375,602.0,612.0999755859375
2012-06-01 00:00:00+00:00,605.6500244140625,613.75,605.6500244140625,612.2999877929688
2012-06-04 00:00:00+00:00,606.0,612.25,606.0,612.25
2012-06-05 00:00:00+00:00,612.4500122070312,620.6500244140625,612.0499877929688,618.0499877929688
2012-06-06 00:00:00+00:00,623.0999755859375,631.25,623.0999755859375,631.25
2012-06-07 00:00:00+00:00,623.5,624.75,621.4000244140625,624.3499755859375
2012-06-08 00:00:00+00:00,623.0,623.0,610.6500244140625,610.6500244140625
2012-06-11 00:00:00+00:00,623.7999877929688,623.7999877929688,623.7999877929688,623.7999877929688
2012-06-12 00:00:00+00:00,616.5999755859375,622.4500122070312,616.5999755859375,622.4500122070312
2012-06-13 00:00:00+00:00,622.0,622.0,622.0,622.0
2012-06-14 00:00:00+00:00,628.0,634.0999755859375,628.0,633.5999755859375
2012-06-15 00:00:00+00:00,623.5999755859375,629.0999755859375,623.2999877929688,629.0999755859375
2012-06-18 00:00:00+00:00,631.8499755859375,631.8499755859375,631.8499755859375,631.8499755859375
2012-06-19 00:00:00+00:00,628.25,628.25,628.25,628.25
2012-06-20 00:00:00+00:00,617.0499877929688,621.5999755859375,617.0499877929688,618.3499755859375
2012-06-21 00:00:00+00:00,607.7999877929688,607.7999877929688,607.4000244140625,607.4000244140625
2012-06-22 00:00:00+00:00,606.1500244140625,606.1500244140625,605.9500122070312,605.9500122070312
2012-06-25 00:00:00+00:00,606.9000244140625,606.9000244140625,606.2000122070312,606.2000122070312
2012-06-26 00:00:00+00:00,601.0999755859375,601.0999755859375,592.6500244140625,592.6500244140625
2012-06-27 00:00:00+00:00,570.7000122070312,577.75,570.7000122070312,577.75
2012-06-28 00:00:00+00:00,561.2999877929688,562.4000244140625,561.2000122070312,562.4000244140625
2012-06-29 00:00:00+00:00,583.0499877929688,583.0499877929688,583.0499877929688,583.0499877929688
2012-07-02 00:00:00+00:00,576.5,576.5,576.5,576.5
2012-07-03 00:00:00+00:00,597.4000244140625,597.4000244140625,597.4000244140625,597.4000244140625
2012-07-05 00:00:00+00:00,584.25,584.25,584.25,584.25
2012-07-06 00:00:00+00:00,578.8499755859375,578.8499755859375,578.8499755859375,578.8499755859375
2012-07-09 00:00:00+00:00,582.5999755859375,582.5999755859375,582.5999755859375,582.5999755859375
2012-07-10 00:00:00+00:00,575.2999877929688,575.2999877929688,575.2999877929688,575.2999877929688
2012-07-11 00:00:00+00:00,581.6500244140625,581.6500244140625,581.6500244140625,581.6500244140625
2012-07-12 00:00:00+00:00,573.5,573.5,573.5,573.5
2012-07-13 00:00:00+00:00,584.3499755859375,584.3499755859375,584.3499755859375,584.3499755859375
2012-07-16 00:00:00+00:00,576.5499877929688,576.5499877929688,576.5499877929688,576.5499877929688
2012-07-17 00:00:00+00:00,582.0999755859375,582.0999755859375,582.0999755859375,582.0999755859375
2012-07-18 00:00:00+00:00,576.2999877929688,576.2999877929688,576.2999877929688,576.2999877929688
2012-07-19 00:00:00+00:00,583.5999755859375,583.5999755859375,583.5999755859375,583.5999755859375
2012-07-20 00:00:00+00:00,574.8499755859375,574.8499755859375,574.8499755859375,574.8499755859375
2012-07-23 00:00:00+00:00,569.7000122070312,569.7000122070312,569.7000122070312,569.7000122070312
2012-07-24 00:00:00+00:00,560.4500122070312,560.4500122070312,560.4500122070312,560.4500122070312
2012-07-25 00:00:00+00:00,564.3499755859375,564.3499755859375,564.3499755859375,564.3499755859375
2012-07-26 00:00:00+00:00,569.0999755859375,569.0999755859375,569.0999755859375,569.0999755859375
2012-07-27 00:00:00+00:00,571.0499877929688,571.0499877929688,571.0499877929688,571.0499877929688
2012-07-30 00:00:00+00:00,587.5499877929688,587.5499877929688,587.5499877929688,587.5499877929688
2012-07-31 00:00:00+00:00,589.75,589.75,589.75,589.75
2012-08-01 00:00:00+00:00,581.7999877929688,581.7999877929688,581.7999877929688,581.7999877929688
2012-08-02 00:00:00+00:00,567.0499877929688,567.0499877929688,567.0499877929688,567.0499877929688
2012-08-03 00:00:00+00:00,577.4000244140625,577.4000244140625,577.4000244140625,577.4000244140625
2012-08-06 00:00:00+00:00,578.8499755859375,578.8499755859375,578.8499755859375,578.8499755859375
2012-08-07 00:00:00+00:00,587.5,587.5,587.5,587.5
2012-08-08 00:00:00+00:00,585.7999877929688,585.7999877929688,585.7999877929688,585.7999877929688
2012-08-09 00:00:00+00:00,586.0,586.0,586.0,586.0
2012-08-10 00:00:00+00:00,581.5,581.5,581.5,581.5
2012-08-13 00:00:00+00:00,574.0,574.0,574.0,574.0
2012-08-14 00:00:00+00:00,577.7000122070312,577.7000122070312,577.7000122070312,577.7000122070312
2012-08-15 00:00:00+00:00,577.4000244140625,577.4000244140625,577.4000244140625,577.4000244140625
2012-08-16 00:00:00+00:00,582.7999877929688,582.7999877929688,582.7999877929688,582.7999877929688
2012-08-17 00:00:00+00:00,604.5,604.5,604.5,604.5
2012-08-20 00:00:00+00:00,607.0999755859375,607.0999755859375,607.0999755859375,607.0999755859375
2012-08-21 00:00:00+00:00,623.5999755859375,623.5999755859375,623.5999755859375,623.5999755859375
2012-08-22 00:00:00+00:00,628.1500244140625,628.1500244140625,628.1500244140625,628.1500244140625
2012-08-23 00:00:00+00:00,656.0,656.0,656.0,656.0
2012-08-24 00:00:00+00:00,651.5499877929688,651.5499877929688,651.5499877929688,651.5499877929688
2012-08-27 00:00:00+00:00,654.1500244140625,654.1500244140625,654.1500244140625,654.1500244140625
2012-08-28 00:00:00+00:00,639.2999877929688,639.2999877929688,639.2999877929688,639.2999877929688
2012-08-29 00:00:00+00:00,635.1500244140625,635.1500244140625,634.75,634.75
2012-08-30 00:00:00+00:00,630.9500122070312,635.0,612.0,614.9000244140625
2012-08-31 00:00:00+00:00,617.0499877929688,629.0,617.0,627.9500122070312
2012-09-04 00:00:00+00:00,626.7999877929688,640.25,626.7999877929688,640.25
2012-09-05 00:00:00+00:00,635.5,646.1500244140625,634.5,646.1500244140625
2012-09-06 00:00:00+00:00,642.5499877929688,650.2999877929688,642.5499877929688,647.0
2012-09-07 00:00:00+00:00,644.5,656.4000244140625,644.5,654.0
2012-09-10 00:00:00+00:00,654.5499877929688,672.4000244140625,654.5499877929688,672.25
2012-09-11 00:00:00+00:00,670.5,675.2999877929688,668.7999877929688,674.4000244140625
2012-09-12 00:00:00+00:00,677.75,681.0,675.6500244140625,678.7999877929688
2012-09-13 00:00:00+00:00,684.2000122070312,688.5,684.2000122070312,688.5
2012-09-14 00:00:00+00:00,696.9500122070312,704.2999877929688,696.9500122070312,698.7999877929688
2012-09-17 00:00:00+00:00,696.2999877929688,696.2999877929688,688.5999755859375,688.5999755859375
2012-09-18 00:00:00+00:00,666.8499755859375,666.8499755859375,666.8499755859375,666.8499755859375
2012-09-19 00:00:00+00:00,669.0,672.5,669.0,671.0
2012-09-20 00:00:00+00:00,668.75,668.75,659.4000244140625,659.5999755859375
2012-09-21 00:00:00+00:00,670.0499877929688,670.0499877929688,670.0499877929688,670.0499877929688
2012-09-24 00:00:00+00:00,641.3499755859375,644.3499755859375,639.0,644.3499755859375
2012-09-25 00:00:00+00:00,639.7000122070312,639.7000122070312,639.7000122070312,639.7000122070312
2012-09-26 00:00:00+00:00,624.7000122070312,624.7000122070312,624.7000122070312,624.7000122070312
2012-09-27 00:00:00+00:00,634.25,634.25,634.25,634.25
2012-09-28 00:00:00+00:00,639.6500244140625,639.6500244140625,639.6500244140625,639.6500244140625
2012-10-01 00:00:00+00:00,644.4500122070312,644.4500122070312,643.9500122070312,643.9500122070312
2012-10-02 00:00:00+00:00,652.5499877929688,652.5499877929688,652.5499877929688,652.5499877929688
2012-10-03 00:00:00+00:00,656.25,656.25,656.25,656.25
2012-10-04 00:00:00+00:00,673.0999755859375,673.0999755859375,673.0999755859375,673.0999755859375
2012-10-05 00:00:00+00:00,661.75,661.75,661.75,661.75
2012-10-08 00:00:00+00:00,655.5,655.5,655.5,655.5
2012-10-09 00:00:00+00:00,656.75,656.75,656.75,656.75
2012-10-10 00:00:00+00:00,648.4500122070312,648.4500122070312,648.4500122070312,648.4500122070312
2012-10-11 00:00:00+00:00,649.4500122070312,649.4500122070312,649.4500122070312,649.4500122070312
2012-10-12 00:00:00+00:00,637.9500122070312,637.9500122070312,637.9500122070312,637.9500122070312
2012-10-15 00:00:00+00:00,632.9000244140625,632.9000244140625,632.9000244140625,632.9000244140625
2012-10-16 00:00:00+00:00,639.25,639.25,639.25,639.25
2012-10-17 00:00:00+00:00,635.7000122070312,653.7000122070312,635.7000122070312,653.7000122070312
2012-10-18 00:00:00+00:00,647.5,647.5,647.5,647.5
2012-10-19 00:00:00+00:00,623.2999877929688,623.2999877929688,623.2999877929688,623.2999877929688
2012-10-22 00:00:00+00:00,622.9500122070312,622.9500122070312,622.9500122070312,622.9500122070312
2012-10-23 00:00:00+00:00,594.1500244140625,594.1500244140625,594.1500244140625,594.1500244140625
2012-10-24 00:00:00+00:00,593.0499877929688,593.0499877929688,593.0499877929688,593.0499877929688
2012-10-25 00:00:00+00:00,604.7999877929688,604.7999877929688,604.7999877929688,604.7999877929688
2012-10-26 00:00:00+00:00,595.7000122070312,595.7000122070312,595.7000122070312,595.7000122070312
2012-10-31 00:00:00+00:00,609.0,609.0,609.0,609.0
2012-11-01 00:00:00+00:00,611.6500244140625,611.6500244140625,611.6500244140625,611.6500244140625
2012-11-02 00:00:00+00:00,598.8499755859375,598.8499755859375,598.8499755859375,598.8499755859375
2012-11-05 00:00:00+00:00,602.2000122070312,602.2000122070312,602.2000122070312,602.2000122070312
2012-11-06 00:00:00+00:00,619.3499755859375,619.3499755859375,619.3499755859375,619.3499755859375
2012-11-07 00:00:00+00:00,609.5499877929688,609.5499877929688,609.5499877929688,609.5499877929688
2012-11-08 00:00:00+00:00,613.5499877929688,613.5499877929688,613.5499877929688,613.5499877929688
2012-11-09 00:00:00+00:00,610.25,610.25,610.25,610.25
2012-11-12 00:00:00+00:00,607.25,607.25,607.25,607.25
2012-11-13 00:00:00+00:00,635.7999877929688,635.7999877929688,635.7999877929688,635.7999877929688
2012-11-14 00:00:00+00:00,640.75,640.75,640.75,640.75
2012-11-15 00:00:00+00:00,612.4000244140625,630.4000244140625,612.4000244140625,630.4000244140625
2012-11-16 00:00:00+00:00,625.75,625.75,625.75,625.75
2012-11-19 00:00:00+00:00,644.5999755859375,644.5999755859375,644.5999755859375,644.5999755859375
2012-11-20 00:00:00+00:00,637.75,637.75,637.75,637.75
2012-11-21 00:00:00+00:00,650.7000122070312,650.7000122070312,650.7000122070312,650.7000122070312
2012-11-23 00:00:00+00:00,667.0,667.0,667.0,667.0
2012-11-26 00:00:00+00:00,660.7000122070312,660.7000122070312,660.7000122070312,660.7000122070312
2012-11-27 00:00:00+00:00,667.75,667.75,667.75,667.75
2012-11-28 00:00:00+00:00,672.9000244140625,672.9000244140625,672.9000244140625,672.9000244140625
2012-11-29 00:00:00+00:00,670.7999877929688,689.7999877929688,666.75,685.2000122070312
2012-11-30 00:00:00+00:00,682.2999877929688,691.3499755859375,677.0,686.25
2012-12-03 00:00:00+00:00,681.5,690.2999877929688,681.5,689.4500122070312
2012-12-04 00:00:00+00:00,680.2000122070312,683.5,678.7000122070312,681.0999755859375
2012-12-05 00:00:00+00:00,681.4000244140625,685.9500122070312,675.0,685.9500122070312
2012-12-06 00:00:00+00:00,684.0499877929688,695.5499877929688,684.0499877929688,695.5499877929688
2012-12-07 00:00:00+00:00,693.2000122070312,699.2000122070312,688.0,696.5
2012-12-10 00:00:00+00:00,703.25,703.25,700.0,703.25
2012-12-11 00:00:00+00:00,700.0,700.0,693.75,695.2999877929688
2012-12-12 00:00:00+00:00,692.1500244140625,699.6500244140625,692.1500244140625,699.6500244140625
2012-12-13 00:00:00+00:00,685.7000122070312,690.25,679.9500122070312,690.25
2012-12-14 00:00:00+00:00,700.7999877929688,700.7999877929688,700.7999877929688,700.7999877929688
2012-12-17 00:00:00+00:00,700.0499877929688,700.0499877929688,697.2000122070312,697.2000122070312
2012-12-18 00:00:00+00:00,693.0,693.0,689.8499755859375,689.8499755859375
2012-12-19 00:00:00+00:00,697.3499755859375,697.3499755859375,697.3499755859375,697.3499755859375
2012-12-20 00:00:00+00:00,685.0,697.3499755859375,673.4000244140625,679.25
2012-12-21 00:00:00+00:00,681.2999877929688,681.2999877929688,680.7000122070312,681.2999877929688
2012-12-24 00:00:00+00:00,683.5499877929688,683.5499877929688,683.5499877929688,683.5499877929688
2012-12-26 00:00:00+00:00,691.3499755859375,691.4000244140625,691.3499755859375,691.4000244140625
2012-12-27 00:00:00+00:00,694.5999755859375,707.3499755859375,694.5999755859375,707.3499755859375
2012-12-28 00:00:00+00:00,717.2000122070312,717.2000122070312,699.5999755859375,699.5999755859375
2012-12-31 00:00:00+00:00,702.6500244140625,702.6500244140625,702.6500244140625,702.6500244140625
2013-01-02 00:00:00+00:00,707.25,707.25,707.25,707.25
2013-01-03 00:00:00+00:00,696.4500122070312,696.4500122070312,696.4500122070312,696.4500122070312
2013-01-04 00:00:00+00:00,679.0499877929688,691.0999755859375,679.0499877929688,687.7999877929688
2013-01-07 00:00:00+00:00,669.25,669.25,669.25,669.25
2013-01-08 00:00:00+00:00,667.0999755859375,667.0999755859375,667.0999755859375,667.0999755859375
2013-01-09 00:00:00+00:00,687.4500122070312,687.4500122070312,687.4500122070312,687.4500122070312
2013-01-10 00:00:00+00:00,701.4500122070312,701.4500122070312,701.4500122070312,701.4500122070312
2013-01-11 00:00:00+00:00,700.7000122070312,700.7000122070312,700.7000122070312,700.7000122070312
2013-01-14 00:00:00+00:00,702.5499877929688,702.5499877929688,702.5499877929688,702.5499877929688
2013-01-15 00:00:00+00:00,712.5999755859375,712.5999755859375,712.5999755859375,712.5999755859375
2013-01-16 00:00:00+00:00,725.7000122070312,725.7000122070312,725.7000122070312,725.7000122070312
2013-01-17 00:00:00+00:00,725.4000244140625,725.4000244140625,725.4000244140625,725.4000244140625
2013-01-18 00:00:00+00:00,722.0,722.0,722.0,722.0
2013-01-22 00:00:00+00:00,729.1500244140625,729.1500244140625,729.1500244140625,729.1500244140625
2013-01-23 00:00:00+00:00,725.4500122070312,725.4500122070312,725.4500122070312,725.4500122070312
2013-01-24 00:00:00+00:00,725.9500122070312,725.9500122070312,725.9500122070312,725.9500122070312
2013-01-25 00:00:00+00:00,740.25,740.25,740.25,740.25
2013-01-28 00:00:00+00:00,739.7999877929688,739.7999877929688,739.7999877929688,739.7999877929688
2013-01-29 00:00:00+00:00,749.0499877929688,749.0499877929688,749.0499877929688,749.0499877929688
2013-01-30 00:00:00+00:00,751.0,751.0,751.0,751.0
2013-01-31 00:00:00+00:00,745.2999877929688,745.2999877929688,745.2999877929688,745.2999877929688
2013-02-01 00:00:00+00:00,756.0,756.0,756.0,756.0
2013-02-04 00:00:00+00:00,757.4000244140625,757.4000244140625,757.4000244140625,757.4000244140625
2013-02-05 00:00:00+00:00,765.0499877929688,765.0499877929688,765.0499877929688,765.0499877929688
2013-02-06 00:00:00+00:00,764.4000244140625,764.4000244140625,764.4000244140625,764.4000244140625
2013-02-07 00:00:00+00:00,750.0499877929688,750.0499877929688,750.0499877929688,750.0499877929688
2013-02-08 00:00:00+00:00,751.0999755859375,751.0999755859375,751.0999755859375,751.0999755859375
2013-02-11 00:00:00+00:00,758.2000122070312,758.2000122070312,758.2000122070312,758.2000122070312
2013-02-12 00:00:00+00:00,771.0,771.0,771.0,771.0
2013-02-13 00:00:00+00:00,771.6500244140625,771.6500244140625,771.6500244140625,771.6500244140625
2013-02-14 00:00:00+00:00,763.6500244140625,763.6500244140625,763.6500244140625,763.6500244140625
2013-02-15 00:00:00+00:00,752.75,752.75,752.75,752.75
2013-02-19 00:00:00+00:00,763.75,763.75,763.75,763.75
2013-02-20 00:00:00+00:00,736.0,736.0,736.0,736.0
2013-02-21 00:00:00+00:00,733.2000122070312,733.2000122070312,733.2000122070312,733.2000122070312
2013-02-22 00:00:00+00:00,734.9000244140625,734.9000244140625,734.9000244140625,734.9000244140625
2013-02-25 00:00:00+00:00,748.6500244140625,748.6500244140625,748.6500244140625,748.6500244140625
2013-02-26 00:00:00+00:00,739.0,739.0,739.0,739.0
2013-02-27 00:00:00+00:00,741.0,749.4500122070312,734.7999877929688,743.1500244140625
2013-02-28 00:00:00+00:00,744.0499877929688,748.5,724.9500122070312,732.5999755859375
2013-03-01 00:00:00+00:00,726.0,726.0,714.0,718.6500244140625
2013-03-04 00:00:00+00:00,722.25,725.0499877929688,711.8499755859375,712.5
2013-03-05 00:00:00+00:00,725.0,735.2999877929688,722.5999755859375,732.5999755859375
2013-03-06 00:00:00+00:00,743.4000244140625,743.4000244140625,735.6500244140625,738.0499877929688
2013-03-07 00:00:00+00:00,746.5999755859375,758.1500244140625,746.5999755859375,757.0499877929688
2013-03-08 00:00:00+00:00,759.2999877929688,785.0,759.2999877929688,780.6500244140625
2013-03-11 00:00:00+00:00,777.0999755859375,777.0999755859375,777.0999755859375,777.0999755859375
2013-03-12 00:00:00+00:00,773.4000244140625,773.4000244140625,773.4000244140625,773.4000244140625
2013-03-13 00:00:00+00:00,767.6500244140625,771.2999877929688,767.6500244140625,769.25
2013-03-14 00:00:00+00:00,762.0,768.7999877929688,756.0,768.7999877929688
2013-03-15 00:00:00+00:00,773.7000122070312,773.7000122070312,773.7000122070312,773.7000122070312
2013-03-18 00:00:00+00:00,762.8499755859375,762.8499755859375,762.8499755859375,762.8499755859375
2013-03-19 00:00:00+00:00,737.1500244140625,737.1500244140625,733.4000244140625,733.4000244140625
2013-03-20 00:00:00+00:00,737.0499877929688,756.4000244140625,737.0499877929688,756.4000244140625
2013-03-21 00:00:00+00:00,755.0499877929688,755.0499877929688,754.5499877929688,755.0499877929688
2013-03-22 00:00:00+00:00,753.5499877929688,759.75,753.5499877929688,759.75
2013-03-25 00:00:00+00:00,760.0999755859375,760.0999755859375,755.5499877929688,755.5499877929688
2013-03-26 00:00:00+00:00,759.5999755859375,759.5999755859375,759.5999755859375,759.5999755859375
2013-03-27 00:00:00+00:00,767.1500244140625,767.1500244140625,767.1500244140625,767.1500244140625
2013-03-28 00:00:00+00:00,767.0999755859375,767.0999755859375,767.0999755859375,767.0999755859375
2013-04-01 00:00:00+00:00,782.7999877929688,782.7999877929688,782.7999877929688,782.7999877929688
2013-04-02 00:00:00+00:00,768.25,768.25,768.25,768.25
2013-04-03 00:00:00+00:00,754.2999877929688,754.2999877929688,751.5,754.2999877929688
2013-04-04 00:00:00+00:00,724.2999877929688,724.2999877929688,724.2999877929688,724.2999877929688
2013-04-05 00:00:00+00:00,722.75,722.75,722.75,722.75
2013-04-08 00:00:00+00:00,728.6500244140625,728.6500244140625,728.6500244140625,728.6500244140625
2013-04-09 00:00:00+00:00,726.5999755859375,731.8499755859375,726.5999755859375,731.8499755859375
2013-04-10 00:00:00+00:00,719.7000122070312,719.7000122070312,719.7000122070312,719.7000122070312
2013-04-11 00:00:00+00:00,732.2000122070312,732.5,732.2000122070312,732.2000122070312
2013-04-12 00:00:00+00:00,707.9500122070312,709.0999755859375,707.9500122070312,707.9500122070312
2013-04-15 00:00:00+00:00,693.25,693.25,665.8499755859375,665.8499755859375
2013-04-16 00:00:00+00:00,675.0,677.0499877929688,675.0,677.0499877929688
2013-04-17 00:00:00+00:00,660.25,660.25,660.25,660.25
2013-04-18 00:00:00+00:00,668.6500244140625,668.6500244140625,668.6500244140625,668.6500244140625
2013-04-19 00:00:00+00:00,675.9000244140625,675.9000244140625,675.9000244140625,675.9000244140625
2013-04-22 00:00:00+00:00,680.75,680.75,680.75,680.75
2013-04-23 00:00:00+00:00,672.1500244140625,672.1500244140625,672.1500244140625,672.1500244140625
2013-04-24 00:00:00+00:00,666.4500122070312,666.4500122070312,666.4500122070312,666.4500122070312
2013-04-25 00:00:00+00:00,680.2000122070312,680.2000122070312,680.2000122070312,680.2000122070312
2013-04-26 00:00:00+00:00,680.8499755859375,680.8499755859375,680.8499755859375,680.8499755859375
2013-04-29 00:00:00+00:00,689.9000244140625,698.0999755859375,689.9000244140625,698.0999755859375
2013-04-30 00:00:00+00:00,696.7000122070312,696.7000122070312,696.7000122070312,696.7000122070312
2013-05-01 00:00:00+00:00,683.6500244140625,683.6500244140625,683.6500244140625,683.6500244140625
2013-05-02 00:00:00+00:00,692.2000122070312,692.2000122070312,692.2000122070312,692.2000122070312
2013-05-03 00:00:00+00:00,692.2000122070312,692.2000122070312,692.2000122070312,692.2000122070312
2013-05-06 00:00:00+00:00,696.0,696.0,696.0,696.0
2013-05-07 00:00:00+00:00,679.5,679.5,679.5,679.5
2013-05-08 00:00:00+00:00,697.1500244140625,697.1500244140625,697.1500244140625,697.1500244140625
2013-05-09 00:00:00+00:00,713.6500244140625,713.6500244140625,713.6500244140625,713.6500244140625
2013-05-10 00:00:00+00:00,704.5999755859375,704.5999755859375,704.5999755859375,704.5999755859375
2013-05-13 00:00:00+00:00,717.9500122070312,717.9500122070312,717.9500122070312,717.9500122070312
2013-05-14 00:00:00+00:00,726.4000244140625,726.4000244140625,726.4000244140625,726.4000244140625
2013-05-15 00:00:00+00:00,728.2999877929688,728.2999877929688,728.2999877929688,728.2999877929688
2013-05-16 00:00:00+00:00,740.0,740.0,740.0,740.0
2013-05-17 00:00:00+00:00,739.5,739.5,739.5,739.5
2013-05-20 00:00:00+00:00,750.0,750.0,750.0,750.0
2013-05-21 00:00:00+00:00,747.7000122070312,747.7000122070312,747.7000122070312,747.7000122070312
2013-05-22 00:00:00+00:00,751.75,751.75,751.75,751.75
2013-05-23 00:00:00+00:00,738.25,738.25,738.25,738.25
2013-05-24 00:00:00+00:00,726.0499877929688,726.0499877929688,726.0499877929688,726.0499877929688
2013-05-28 00:00:00+00:00,756.7999877929688,756.7999877929688,756.7999877929688,756.7999877929688
2013-05-29 00:00:00+00:00,747.75,747.75,747.75,747.75
2013-05-30 00:00:00+00:00,748.2999877929688,761.0,748.2999877929688,758.0
2013-05-31 00:00:00+00:00,756.1500244140625,756.1500244140625,742.0499877929688,751.0499877929688
2013-06-03 00:00:00+00:00,752.9000244140625,759.5,752.9000244140625,756.7999877929688
2013-06-04 00:00:00+00:00,754.7999877929688,754.7999877929688,748.5499877929688,748.8499755859375
2013-06-05 00:00:00+00:00,753.25,756.2999877929688,753.25,754.2999877929688
2013-06-06 00:00:00+00:00,761.1500244140625,762.0,760.75,760.75
2013-06-07 00:00:00+00:00,750.1500244140625,759.4500122070312,750.0499877929688,759.4500122070312
2013-06-10 00:00:00+00:00,755.8499755859375,768.4000244140625,755.8499755859375,767.6500244140625
2013-06-11 00:00:00+00:00,754.4500122070312,767.6500244140625,749.6500244140625,750.75
2013-06-12 00:00:00+00:00,749.5999755859375,756.0999755859375,749.5999755859375,755.25
2013-06-13 00:00:00+00:00,756.0999755859375,756.0999755859375,728.2000122070312,729.3499755859375
2013-06-14 00:00:00+00:00,732.9500122070312,732.9500122070312,724.0,729.7999877929688
2013-06-17 00:00:00+00:00,716.2999877929688,716.2999877929688,716.2999877929688,716.2999877929688
2013-06-18 00:00:00+00:00,706.4500122070312,706.7999877929688,706.4500122070312,706.7999877929688
2013-06-19 00:00:00+00:00,694.8499755859375,694.8499755859375,694.8499755859375,694.8499755859375
2013-06-20 00:00:00+00:00,677.5499877929688,677.5499877929688,663.5499877929688,663.5499877929688
2013-06-21 00:00:00+00:00,667.3499755859375,673.25,667.3499755859375,673.25
2013-06-24 00:00:00+00:00,673.7999877929688,673.7999877929688,653.4500122070312,656.0999755859375
2013-06-25 00:00:00+00:00,668.7000122070312,668.7000122070312,667.1500244140625,667.1500244140625
2013-06-26 00:00:00+00:00,641.0499877929688,645.75,631.7000122070312,631.7000122070312
2013-06-27 00:00:00+00:00,649.1500244140625,649.1500244140625,639.8499755859375,649.1500244140625
2013-06-28 00:00:00+00:00,637.8499755859375,659.2000122070312,637.8499755859375,659.2000122070312
2013-07-01 00:00:00+00:00,684.9000244140625,685.0999755859375,684.9000244140625,684.9000244140625
2013-07-02 00:00:00+00:00,687.0999755859375,687.0999755859375,687.0999755859375,687.0999755859375
2013-07-03 00:00:00+00:00,684.0999755859375,684.0999755859375,684.0999755859375,684.0999755859375
2013-07-05 00:00:00+00:00,675.9500122070312,675.9500122070312,675.9500122070312,675.9500122070312
2013-07-08 00:00:00+00:00,693.7999877929688,693.7999877929688,693.7999877929688,693.7999877929688
2013-07-09 00:00:00+00:00,696.0499877929688,696.0499877929688,696.0499877929688,696.0499877929688
2013-07-10 00:00:00+00:00,712.5,712.5,712.5,712.5
2013-07-11 00:00:00+00:00,716.9000244140625,716.9000244140625,716.9000244140625,716.9000244140625
2013-07-12 00:00:00+00:00,721.5999755859375,721.5999755859375,721.5999755859375,721.5999755859375
2013-07-15 00:00:00+00:00,731.0499877929688,731.0499877929688,731.0499877929688,731.0499877929688
2013-07-16 00:00:00+00:00,734.5,734.5,734.5,734.5
2013-07-17 00:00:00+00:00,734.3499755859375,734.3499755859375,734.3499755859375,734.3499755859375
2013-07-18 00:00:00+00:00,746.4000244140625,746.4000244140625,746.4000244140625,746.4000244140625
2013-07-19 00:00:00+00:00,748.6500244140625,748.6500244140625,748.6500244140625,748.6500244140625
2013-07-22 00:00:00+00:00,749.5499877929688,749.5499877929688,749.5499877929688,749.5499877929688
2013-07-23 00:00:00+00:00,738.5499877929688,738.5499877929688,738.5499877929688,738.5499877929688
2013-07-24 00:00:00+00:00,744.4000244140625,744.4000244140625,744.4000244140625,744.4000244140625
2013-07-25 00:00:00+00:00,739.8499755859375,739.8499755859375,739.8499755859375,739.8499755859375
2013-07-26 00:00:00+00:00,723.0999755859375,723.0999755859375,723.0999755859375,723.0999755859375
2013-07-29 00:00:00+00:00,718.25,743.75,718.25,743.75
2013-07-30 00:00:00+00:00,727.75,727.75,727.75,727.75
2013-07-31 00:00:00+00:00,725.4500122070312,725.4500122070312,725.4500122070312,725.4500122070312
2013-08-01 00:00:00+00:00,730.9500122070312,730.9500122070312,730.9500122070312,730.9500122070312
2013-08-02 00:00:00+00:00,728.7999877929688,728.7999877929688,728.7999877929688,728.7999877929688
2013-08-05 00:00:00+00:00,734.2999877929688,734.2999877929688,734.2999877929688,734.2999877929688
2013-08-06 00:00:00+00:00,721.9000244140625,721.9000244140625,721.9000244140625,721.9000244140625
2013-08-07 00:00:00+00:00,722.25,722.25,722.25,722.25
2013-08-08 00:00:00+00:00,737.6500244140625,737.6500244140625,737.6500244140625,737.6500244140625
2013-08-09 00:00:00+00:00,740.0999755859375,740.0999755859375,740.0999755859375,740.0999755859375
2013-08-12 00:00:00+00:00,736.7000122070312,736.7000122070312,736.7000122070312,736.7000122070312
2013-08-13 00:00:00+00:00,738.0,738.0,738.0,738.0
2013-08-14 00:00:00+00:00,739.4500122070312,739.4500122070312,739.4500122070312,739.4500122070312
2013-08-15 00:00:00+00:00,755.9500122070312,755.9500122070312,755.9500122070312,755.9500122070312
2013-08-16 00:00:00+00:00,762.1500244140625,762.1500244140625,762.1500244140625,762.1500244140625
2013-08-19 00:00:00+00:00,752.0,752.0,752.0,752.0
2013-08-20 00:00:00+00:00,748.75,748.75,748.75,748.75
2013-08-21 00:00:00+00:00,746.0,746.0,746.0,746.0
2013-08-22 00:00:00+00:00,754.3499755859375,754.3499755859375,754.3499755859375,754.3499755859375
2013-08-23 00:00:00+00:00,750.3499755859375,750.3499755859375,750.3499755859375,750.3499755859375
2013-08-26 00:00:00+00:00,745.5499877929688,745.5499877929688,745.5499877929688,745.5499877929688
2013-08-27 00:00:00+00:00,748.9000244140625,748.9000244140625,748.9000244140625,748.9000244140625
2013-08-28 00:00:00+00:00,746.0499877929688,746.0499877929688,746.0499877929688,746.0499877929688
2013-08-29 00:00:00+00:00,744.4500122070312,744.4500122070312,735.8499755859375,737.75
2013-08-30 00:00:00+00:00,735.6500244140625,736.4000244140625,719.6500244140625,722.0999755859375
2013-09-03 00:00:00+00:00,726.8499755859375,727.7000122070312,713.5499877929688,716.2000122070312
2013-09-04 00:00:00+00:00,717.5,717.5,696.5999755859375,696.5999755859375
2013-09-05 00:00:00+00:00,694.6500244140625,694.6500244140625,685.5999755859375,685.7999877929688
2013-09-06 00:00:00+00:00,685.4000244140625,697.2000122070312,685.4000244140625,695.4500122070312
2013-09-09 00:00:00+00:00,696.0999755859375,696.0999755859375,680.7000122070312,681.4000244140625
2013-09-10 00:00:00+00:00,691.0499877929688,691.0499877929688,691.0499877929688,691.0499877929688
2013-09-11 00:00:00+00:00,694.1500244140625,696.4000244140625,689.5999755859375,689.5999755859375
2013-09-12 00:00:00+00:00,687.2000122070312,691.2000122070312,687.2000122070312,691.2000122070312
2013-09-13 00:00:00+00:00,688.6500244140625,699.25,688.6500244140625,697.5
2013-09-16 00:00:00+00:00,707.9000244140625,710.9500122070312,704.0999755859375,704.2999877929688
2013-09-17 00:00:00+00:00,705.25,705.25,705.25,705.25
2013-09-18 00:00:00+00:00,698.4500122070312,701.4500122070312,698.4500122070312,701.4500122070312
2013-09-19 00:00:00+00:00,736.5499877929688,736.5499877929688,736.5499877929688,736.5499877929688
2013-09-20 00:00:00+00:00,720.2999877929688,720.2999877929688,720.2999877929688,720.2999877929688
2013-09-23 00:00:00+00:00,716.2999877929688,716.2999877929688,716.2999877929688,716.2999877929688
2013-09-24 00:00:00+00:00,716.7999877929688,718.3499755859375,713.2000122070312,718.3499755859375
2013-09-25 00:00:00+00:00,721.0,724.2000122070312,718.9000244140625,724.2000122070312
2013-09-26 00:00:00+00:00,722.1500244140625,722.1500244140625,722.1500244140625,722.1500244140625
2013-09-27 00:00:00+00:00,730.7999877929688,730.7999877929688,730.7999877929688,730.7999877929688
2013-09-30 00:00:00+00:00,726.1500244140625,726.1500244140625,726.1500244140625,726.1500244140625
2013-10-01 00:00:00+00:00,717.9000244140625,717.9000244140625,717.9000244140625,717.9000244140625
2013-10-02 00:00:00+00:00,720.2000122070312,720.2000122070312,720.2000122070312,720.2000122070312
2013-10-03 00:00:00+00:00,699.2000122070312,699.2000122070312,699.2000122070312,699.2000122070312
2013-10-04 00:00:00+00:00,700.9500122070312,700.9500122070312,700.9500122070312,700.9500122070312
2013-10-07 00:00:00+00:00,704.3499755859375,704.3499755859375,704.3499755859375,704.3499755859375
2013-10-08 00:00:00+00:00,713.9000244140625,713.9000244140625,713.9000244140625,713.9000244140625
2013-10-09 00:00:00+00:00,703.0999755859375,703.0999755859375,703.0999755859375,703.0999755859375
2013-10-10 00:00:00+00:00,711.5499877929688,711.5499877929688,711.5499877929688,711.5499877929688
2013-10-11 00:00:00+00:00,712.2999877929688,712.2999877929688,712.2999877929688,712.2999877929688
2013-10-14 00:00:00+00:00,714.25,714.25,714.25,714.25
2013-10-15 00:00:00+00:00,705.2999877929688,705.2999877929688,705.2999877929688,705.2999877929688
2013-10-16 00:00:00+00:00,712.5499877929688,712.5499877929688,712.5499877929688,712.5499877929688
2013-10-17 00:00:00+00:00,736.7999877929688,736.7999877929688,736.7999877929688,736.7999877929688
2013-10-18 00:00:00+00:00,739.6500244140625,739.6500244140625,739.6500244140625,739.6500244140625
2013-10-21 00:00:00+00:00,749.25,749.25,749.25,749.25
2013-10-22 00:00:00+00:00,751.9000244140625,751.9000244140625,751.9000244140625,751.9000244140625
2013-10-23 00:00:00+00:00,745.0999755859375,745.0999755859375,745.0999755859375,745.0999755859375
2013-10-24 00:00:00+00:00,746.7999877929688,746.7999877929688,746.7999877929688,746.7999877929688
2013-10-25 00:00:00+00:00,746.9000244140625,746.9000244140625,746.9000244140625,746.9000244140625
2013-10-28 00:00:00+00:00,749.4500122070312,749.4500122070312,749.4500122070312,749.4500122070312
2013-10-29 00:00:00+00:00,746.0499877929688,746.0499877929688,746.0499877929688,746.0499877929688
2013-10-30 00:00:00+00:00,748.9500122070312,748.9500122070312,748.9500122070312,748.9500122070312
2013-10-31 00:00:00+00:00,736.25,736.25,736.25,736.25
2013-11-01 00:00:00+00:00,737.7000122070312,737.7000122070312,737.7000122070312,737.7000122070312
2013-11-04 00:00:00+00:00,751.0,751.0,748.9500122070312,748.9500122070312
2013-11-05 00:00:00+00:00,745.1500244140625,749.75,745.1500244140625,749.75
2013-11-06 00:00:00+00:00,763.7999877929688,763.7999877929688,763.7999877929688,763.7999877929688
2013-11-07 00:00:00+00:00,758.5999755859375,758.5999755859375,758.5999755859375,758.5999755859375
2013-11-08 00:00:00+00:00,757.3499755859375,757.3499755859375,757.3499755859375,757.3499755859375
2013-11-11 00:00:00+00:00,754.0499877929688,754.0499877929688,754.0499877929688,754.0499877929688
2013-11-12 00:00:00+00:00,741.8499755859375,741.8499755859375,741.8499755859375,741.8499755859375
2013-11-13 00:00:00+00:00,735.0,735.0,735.0,735.0
2013-11-14 00:00:00+00:00,739.4000244140625,739.4000244140625,739.4000244140625,739.4000244140625
2013-11-15 00:00:00+00:00,732.2999877929688,732.2999877929688,732.2999877929688,732.2999877929688
2013-11-18 00:00:00+00:00,716.4000244140625,716.4000244140625,716.4000244140625,716.4000244140625
2013-11-19 00:00:00+00:00,721.5999755859375,721.5999755859375,721.5999755859375,721.5999755859375
2013-11-20 00:00:00+00:00,713.6500244140625,713.6500244140625,713.6500244140625,713.6500244140625
2013-11-21 00:00:00+00:00,713.0999755859375,713.0999755859375,713.0999755859375,713.0999755859375
2013-11-22 00:00:00+00:00,713.9500122070312,713.9500122070312,713.9500122070312,713.9500122070312
2013-11-25 00:00:00+00:00,719.8499755859375,719.8499755859375,719.8499755859375,719.8499755859375
2013-11-26 00:00:00+00:00,716.2000122070312,716.2000122070312,716.2000122070312,716.2000122070312
2013-11-27 00:00:00+00:00,716.7000122070312,724.0,714.0999755859375,714.3499755859375
2013-11-29 00:00:00+00:00,717.9500122070312,722.5499877929688,715.75,718.0
2013-12-02 00:00:00+00:00,716.0499877929688,718.2000122070312,709.9500122070312,712.4000244140625
2013-12-03 00:00:00+00:00,712.0499877929688,714.9000244140625,709.2000122070312,714.0499877929688
2013-12-04 00:00:00+00:00,716.0,731.9500122070312,714.0999755859375,728.5999755859375
2013-12-05 00:00:00+00:00,729.5499877929688,737.4500122070312,729.5499877929688,736.75
2013-12-06 00:00:00+00:00,732.3499755859375,737.7999877929688,732.3499755859375,735.4500122070312
2013-12-09 00:00:00+00:00,734.5499877929688,740.0,734.5,734.5
2013-12-10 00:00:00+00:00,744.0,744.0,738.0,738.0
2013-12-11 00:00:00+00:00,738.0999755859375,738.0999755859375,738.0999755859375,738.0999755859375
2013-12-12 00:00:00+00:00,732.5499877929688,732.5499877929688,719.7999877929688,719.7999877929688
2013-12-13 00:00:00+00:00,720.7000122070312,720.8499755859375,715.75,715.75
2013-12-16 00:00:00+00:00,715.9000244140625,715.9000244140625,715.9000244140625,715.9000244140625
2013-12-17 00:00:00+00:00,700.0499877929688,702.0,699.6500244140625,699.6500244140625
2013-12-18 00:00:00+00:00,711.4000244140625,711.4000244140625,698.4000244140625,698.4000244140625
2013-12-19 00:00:00+00:00,695.2999877929688,695.2999877929688,695.2999877929688,695.2999877929688
2013-12-20 00:00:00+00:00,697.8499755859375,697.8499755859375,697.8499755859375,697.8499755859375
2013-12-23 00:00:00+00:00,694.75,694.75,694.75,694.75
2013-12-24 00:00:00+00:00,694.5499877929688,694.5499877929688,694.5499877929688,694.5499877929688
2013-12-26 00:00:00+00:00,703.75,704.0499877929688,699.8499755859375,699.8499755859375
2013-12-27 00:00:00+00:00,699.9500122070312,711.0499877929688,699.9500122070312,711.0499877929688
2013-12-30 00:00:00+00:00,709.9000244140625,709.9000244140625,709.9000244140625,709.9000244140625
2013-12-31 00:00:00+00:00,717.4000244140625,717.4000244140625,717.4000244140625,717.4000244140625
2014-01-02 00:00:00+00:00,729.3499755859375,729.3499755859375,729.3499755859375,729.3499755859375
2014-01-03 00:00:00+00:00,730.2999877929688,730.2999877929688,730.2999877929688,730.2999877929688
2014-01-06 00:00:00+00:00,737.5999755859375,737.5999755859375,737.5999755859375,737.5999755859375
2014-01-07 00:00:00+00:00,740.7999877929688,740.7999877929688,740.7999877929688,740.7999877929688
2014-01-08 00:00:00+00:00,737.4000244140625,737.4000244140625,737.4000244140625,737.4000244140625
2014-01-09 00:00:00+00:00,735.5999755859375,735.5999755859375,735.5999755859375,735.5999755859375
2014-01-10 00:00:00+00:00,745.1500244140625,745.1500244140625,745.1500244140625,745.1500244140625
2014-01-13 00:00:00+00:00,739.0999755859375,739.0999755859375,739.0999755859375,739.0999755859375
2014-01-14 00:00:00+00:00,738.0,738.0,738.0,738.0
2014-01-15 00:00:00+00:00,743.0999755859375,743.0999755859375,743.0999755859375,743.0999755859375
2014-01-16 00:00:00+00:00,743.0,743.0,743.0,743.0
2014-01-17 00:00:00+00:00,747.6500244140625,747.6500244140625,747.6500244140625,747.6500244140625
2014-01-21 00:00:00+00:00,747.1500244140625,747.1500244140625,747.1500244140625,747.1500244140625
2014-01-22 00:00:00+00:00,747.9500122070312,747.9500122070312,747.9500122070312,747.9500122070312
2014-01-23 00:00:00+00:00,745.0,745.0,745.0,745.0
2014-01-24 00:00:00+00:00,733.9000244140625,733.9000244140625,733.9000244140625,733.9000244140625
2014-01-27 00:00:00+00:00,721.6500244140625,721.6500244140625,721.6500244140625,721.6500244140625
2014-01-28 00:00:00+00:00,715.5999755859375,715.5999755859375,715.5999755859375,715.5999755859375
2014-01-29 00:00:00+00:00,710.25,710.25,710.25,710.25
2014-01-30 00:00:00+00:00,706.6500244140625,706.6500244140625,706.6500244140625,706.6500244140625
2014-01-31 00:00:00+00:00,703.0,703.0,703.0,703.0
2014-02-03 00:00:00+00:00,702.5,702.5,702.5,702.5
2014-02-04 00:00:00+00:00,699.9000244140625,699.9000244140625,699.9000244140625,699.9000244140625
2014-02-05 00:00:00+00:00,706.9000244140625,706.9000244140625,706.9000244140625,706.9000244140625
2014-02-06 00:00:00+00:00,710.1500244140625,710.1500244140625,710.1500244140625,710.1500244140625
2014-02-07 00:00:00+00:00,708.5999755859375,708.5999755859375,708.5999755859375,708.5999755859375
2014-02-10 00:00:00+00:00,716.5499877929688,716.5499877929688,716.5499877929688,716.5499877929688
2014-02-11 00:00:00+00:00,716.1500244140625,716.1500244140625,716.1500244140625,716.1500244140625
2014-02-12 00:00:00+00:00,728.8499755859375,728.8499755859375,728.8499755859375,728.8499755859375
2014-02-13 00:00:00+00:00,730.9000244140625,730.9000244140625,730.9000244140625,730.9000244140625
2014-02-14 00:00:00+00:00,737.4000244140625,737.4000244140625,737.4000244140625,737.4000244140625
2014-02-18 00:00:00+00:00,736.9500122070312,736.9500122070312,736.9500122070312,736.9500122070312
2014-02-19 00:00:00+00:00,735.2000122070312,735.2000122070312,735.2000122070312,735.2000122070312
2014-02-20 00:00:00+00:00,736.0999755859375,736.0999755859375,736.0999755859375,736.0999755859375
2014-02-21 00:00:00+00:00,739.7999877929688,739.7999877929688,739.7999877929688,739.7999877929688
2014-02-24 00:00:00+00:00,742.9000244140625,742.9000244140625,742.9000244140625,742.9000244140625
2014-02-25 00:00:00+00:00,736.0999755859375,736.0999755859375,736.0999755859375,736.0999755859375
2014-02-26 00:00:00+00:00,731.5,731.5,731.5,731.5
2014-02-27 00:00:00+00:00,729.9000244140625,744.0,726.9000244140625,742.25
2014-02-28 00:00:00+00:00,743.4500122070312,746.9500122070312,741.5999755859375,743.8499755859375
2014-03-03 00:00:00+00:00,747.5,749.7999877929688,747.5,749.7999877929688
2014-03-04 00:00:00+00:00,746.9000244140625,765.0,745.7000122070312,763.7000122070312
2014-03-05 00:00:00+00:00,772.4000244140625,774.9500122070312,772.4000244140625,772.6500244140625
2014-03-06 00:00:00+00:00,773.0,782.0,773.0,780.9500122070312
2014-03-07 00:00:00+00:00,781.5499877929688,781.5999755859375,772.0,781.5999755859375
2014-03-10 00:00:00+00:00,775.7999877929688,776.6500244140625,775.7999877929688,776.6500244140625
2014-03-11 00:00:00+00:00,770.9500122070312,770.9500122070312,770.2999877929688,770.2999877929688
2014-03-12 00:00:00+00:00,776.9500122070312,776.9500122070312,776.9500122070312,776.9500122070312
2014-03-13 00:00:00+00:00,778.75,778.75,778.75,778.75
2014-03-14 00:00:00+00:00,779.4500122070312,779.4500122070312,773.0499877929688,773.0499877929688
2014-03-17 00:00:00+00:00,776.2000122070312,776.2000122070312,776.2000122070312,776.2000122070312
2014-03-18 00:00:00+00:00,771.8499755859375,773.0,771.75,771.75
2014-03-19 00:00:00+00:00,768.6500244140625,768.6500244140625,768.6500244140625,768.6500244140625
2014-03-20 00:00:00+00:00,756.0,772.0,755.0,772.0
2014-03-21 00:00:00+00:00,798.0,798.0,788.0,788.75
2014-03-24 00:00:00+00:00,796.5,802.5499877929688,792.5999755859375,795.3499755859375
2014-03-25 00:00:00+00:00,789.4000244140625,789.4000244140625,789.4000244140625,789.4000244140625
2014-03-26 00:00:00+00:00,782.7000122070312,783.0,781.1500244140625,781.1500244140625
2014-03-27 00:00:00+00:00,773.0,773.0,761.0,761.0
2014-03-28 00:00:00+00:00,774.0999755859375,774.0999755859375,774.0999755859375,774.0999755859375
2014-03-31 00:00:00+00:00,777.5,777.5,777.5,777.5
2014-04-01 00:00:00+00:00,780.0999755859375,782.3499755859375,780.0,782.3499755859375
2014-04-02 00:00:00+00:00,788.5999755859375,788.5999755859375,788.5999755859375,788.5999755859375
2014-04-03 00:00:00+00:00,789.0999755859375,789.0999755859375,789.0999755859375,789.0999755859375
2014-04-04 00:00:00+00:00,791.0,791.0,791.0,791.0
2014-04-07 00:00:00+00:00,780.0,780.0,767.9000244140625,767.9000244140625
2014-04-08 00:00:00+00:00,776.0999755859375,776.0999755859375,776.0999755859375,776.0999755859375
2014-04-09 00:00:00+00:00,782.7999877929688,782.7999877929688,782.7999877929688,782.7999877929688
2014-04-10 00:00:00+00:00,792.5499877929688,792.5499877929688,792.5499877929688,792.5499877929688
2014-04-11 00:00:00+00:00,807.0499877929688,807.0499877929688,807.0499877929688,807.0499877929688
2014-04-14 00:00:00+00:00,811.75,811.75,811.75,811.75
2014-04-15 00:00:00+00:00,796.1500244140625,796.1500244140625,796.1500244140625,796.1500244140625
2014-04-16 00:00:00+00:00,802.5499877929688,802.5499877929688,802.5499877929688,802.5499877929688
2014-04-17 00:00:00+00:00,807.3499755859375,807.3499755859375,807.3499755859375,807.3499755859375
2014-04-21 00:00:00+00:00,778.0499877929688,778.0499877929688,778.0499877929688,778.0499877929688
2014-04-22 00:00:00+00:00,783.9000244140625,783.9000244140625,783.9000244140625,783.9000244140625
2014-04-23 00:00:00+00:00,786.25,786.25,786.25,786.25
2014-04-24 00:00:00+00:00,802.5499877929688,802.5499877929688,802.5499877929688,802.5499877929688
2014-04-25 00:00:00+00:00,811.4500122070312,811.4500122070312,811.4500122070312,811.4500122070312
2014-04-28 00:00:00+00:00,800.9500122070312,800.9500122070312,800.9500122070312,800.9500122070312
2014-04-29 00:00:00+00:00,808.0499877929688,808.0499877929688,808.0499877929688,808.0499877929688
2014-04-30 00:00:00+00:00,812.6500244140625,812.6500244140625,812.6500244140625,812.6500244140625
2014-05-01 00:00:00+00:00,814.2999877929688,814.2999877929688,814.2999877929688,814.2999877929688
2014-05-02 00:00:00+00:00,812.5499877929688,812.5499877929688,812.5499877929688,812.5499877929688
2014-05-05 00:00:00+00:00,816.6500244140625,816.6500244140625,816.6500244140625,816.6500244140625
2014-05-06 00:00:00+00:00,818.5499877929688,818.5499877929688,818.5499877929688,818.5499877929688
2014-05-07 00:00:00+00:00,796.8499755859375,796.8499755859375,796.8499755859375,796.8499755859375
2014-05-08 00:00:00+00:00,804.2000122070312,804.2000122070312,804.2000122070312,804.2000122070312
2014-05-09 00:00:00+00:00,799.9000244140625,799.9000244140625,799.9000244140625,799.9000244140625
2014-05-12 00:00:00+00:00,808.9000244140625,808.9000244140625,808.9000244140625,808.9000244140625
2014-05-13 00:00:00+00:00,817.4500122070312,817.4500122070312,817.4500122070312,817.4500122070312
2014-05-14 00:00:00+00:00,828.4000244140625,828.5999755859375,828.0,828.5999755859375
2014-05-15 00:00:00+00:00,811.9000244140625,811.9000244140625,811.9000244140625,811.9000244140625
2014-05-16 00:00:00+00:00,814.7999877929688,814.7999877929688,814.7999877929688,814.7999877929688
2014-05-19 00:00:00+00:00,815.4000244140625,815.4000244140625,815.4000244140625,815.4000244140625
2014-05-20 00:00:00+00:00,825.7000122070312,825.7000122070312,825.7000122070312,825.7000122070312
2014-05-21 00:00:00+00:00,830.2999877929688,830.2999877929688,830.2999877929688,830.2999877929688
2014-05-22 00:00:00+00:00,836.2999877929688,836.2999877929688,836.2999877929688,836.2999877929688
2014-05-23 00:00:00+00:00,831.2999877929688,831.2999877929688,831.2999877929688,831.2999877929688
2014-05-27 00:00:00+00:00,830.5499877929688,830.5499877929688,830.5499877929688,830.5499877929688
2014-05-28 00:00:00+00:00,839.75,839.75,839.75,839.75
2014-05-29 00:00:00+00:00,834.5999755859375,840.1500244140625,828.0,833.7999877929688
2014-05-30 00:00:00+00:00,835.5999755859375,836.5,829.9500122070312,835.6500244140625
2014-06-02 00:00:00+00:00,836.4500122070312,836.4500122070312,830.0,832.0499877929688
2014-06-03 00:00:00+00:00,833.1500244140625,838.0,833.1500244140625,836.2000122070312
2014-06-04 00:00:00+00:00,834.0,837.0,832.0,836.6500244140625
2014-06-05 00:00:00+00:00,835.2999877929688,839.3499755859375,833.0,838.8499755859375
2014-06-06 00:00:00+00:00,845.5,845.9000244140625,838.0,843.9500122070312
2014-06-09 00:00:00+00:00,844.9500122070312,845.0,841.0,841.9500122070312
2014-06-10 00:00:00+00:00,850.5999755859375,856.4000244140625,850.5999755859375,854.9000244140625
2014-06-11 00:00:00+00:00,857.5999755859375,860.8499755859375,857.0,860.7000122070312
2014-06-12 00:00:00+00:00,862.2999877929688,862.9500122070312,820.1500244140625,820.1500244140625
2014-06-13 00:00:00+00:00,828.0,828.75,809.4000244140625,813.3499755859375
2014-06-16 00:00:00+00:00,813.75,813.75,810.0999755859375,810.0999755859375
2014-06-17 00:00:00+00:00,811.75,817.4500122070312,811.75,817.4500122070312
2014-06-18 00:00:00+00:00,826.25,830.0,823.6500244140625,823.6500244140625
2014-06-19 00:00:00+00:00,826.8499755859375,839.3499755859375,826.8499755859375,839.3499755859375
2014-06-20 00:00:00+00:00,822.0,822.9500122070312,822.0,822.9500122070312
2014-06-23 00:00:00+00:00,814.0,823.5999755859375,814.0,823.5999755859375
2014-06-24 00:00:00+00:00,827.5,832.2999877929688,827.5,831.7999877929688
2014-06-25 00:00:00+00:00,829.0499877929688,834.25,828.5499877929688,834.25
2014-06-26 00:00:00+00:00,836.2000122070312,836.2000122070312,836.2000122070312,836.2000122070312
2014-06-27 00:00:00+00:00,840.0,843.25,840.0,843.25
2014-06-30 00:00:00+00:00,852.75,853.7000122070312,838.7000122070312,843.5499877929688
2014-07-01 00:00:00+00:00,855.0,855.0,855.0,855.0
2014-07-02 00:00:00+00:00,857.7999877929688,857.7999877929688,857.7999877929688,857.7999877929688
2014-07-03 00:00:00+00:00,862.2999877929688,862.2999877929688,862.2999877929688,862.2999877929688
2014-07-07 00:00:00+00:00,869.25,869.25,869.25,869.25
2014-07-08 00:00:00+00:00,873.2000122070312,873.2000122070312,873.2000122070312,873.2000122070312
2014-07-09 00:00:00+00:00,873.0,873.0,873.0,873.0
2014-07-10 00:00:00+00:00,873.0499877929688,877.1500244140625,873.0499877929688,873.0499877929688
2014-07-11 00:00:00+00:00,874.75,874.75,874.75,874.75
2014-07-14 00:00:00+00:00,871.4500122070312,871.4500122070312,871.4500122070312,871.4500122070312
2014-07-15 00:00:00+00:00,866.2999877929688,866.2999877929688,866.2999877929688,866.2999877929688
2014-07-16 00:00:00+00:00,875.75,875.75,875.75,875.75
2014-07-17 00:00:00+00:00,884.0999755859375,884.0999755859375,884.0999755859375,884.0999755859375
2014-07-18 00:00:00+00:00,880.5,880.5,880.5,880.5
2014-07-21 00:00:00+00:00,876.1500244140625,876.1500244140625,876.1500244140625,876.1500244140625
2014-07-22 00:00:00+00:00,873.8499755859375,873.8499755859375,873.8499755859375,873.8499755859375
2014-07-23 00:00:00+00:00,873.2999877929688,873.2999877929688,873.2999877929688,873.2999877929688
2014-07-24 00:00:00+00:00,869.9500122070312,869.9500122070312,869.9500122070312,869.9500122070312
2014-07-25 00:00:00+00:00,878.7999877929688,884.2999877929688,878.7999877929688,878.7999877929688
2014-07-28 00:00:00+00:00,879.75,879.75,879.75,879.75
2014-07-29 00:00:00+00:00,879.2999877929688,879.2999877929688,879.2999877929688,879.2999877929688
2014-07-30 00:00:00+00:00,881.0999755859375,881.0999755859375,881.0999755859375,881.0999755859375
2014-07-31 00:00:00+00:00,874.6500244140625,874.6500244140625,874.6500244140625,874.6500244140625
2014-08-01 00:00:00+00:00,865.5,865.5,865.5,865.5
2014-08-04 00:00:00+00:00,856.0499877929688,856.0499877929688,856.0499877929688,856.0499877929688
2014-08-05 00:00:00+00:00,840.1500244140625,849.25,840.1500244140625,849.25
2014-08-06 00:00:00+00:00,844.7000122070312,849.4000244140625,844.7000122070312,849.4000244140625
2014-08-07 00:00:00+00:00,856.5499877929688,856.5499877929688,856.5499877929688,856.5499877929688
2014-08-08 00:00:00+00:00,861.0,861.0,861.0,861.0
2014-08-11 00:00:00+00:00,875.2000122070312,875.2000122070312,875.2000122070312,875.2000122070312
2014-08-12 00:00:00+00:00,878.5,878.5,878.5,878.5
2014-08-13 00:00:00+00:00,882.0999755859375,882.0999755859375,882.0999755859375,882.0999755859375
2014-08-14 00:00:00+00:00,886.6500244140625,886.6500244140625,886.6500244140625,886.6500244140625
2014-08-15 00:00:00+00:00,895.0,895.0,895.0,895.0
2014-08-18 00:00:00+00:00,895.4000244140625,895.4000244140625,895.4000244140625,895.4000244140625
2014-08-19 00:00:00+00:00,881.2999877929688,881.2999877929688,881.2999877929688,881.2999877929688
2014-08-20 00:00:00+00:00,868.9500122070312,868.9500122070312,868.9500122070312,868.9500122070312
2014-08-21 00:00:00+00:00,880.4000244140625,880.4000244140625,880.4000244140625,880.4000244140625
2014-08-22 00:00:00+00:00,888.0,888.0,888.0,888.0
2014-08-25 00:00:00+00:00,890.1500244140625,890.1500244140625,890.1500244140625,890.1500244140625
2014-08-26 00:00:00+00:00,889.3499755859375,889.3499755859375,889.0999755859375,889.0999755859375
2014-08-27 00:00:00+00:00,893.9000244140625,893.9000244140625,893.9000244140625,893.9000244140625
2014-08-28 00:00:00+00:00,893.25,899.7999877929688,893.0999755859375,897.2000122070312
2014-08-29 00:00:00+00:00,897.2999877929688,909.75,895.9000244140625,908.6500244140625
2014-09-02 00:00:00+00:00,908.0,912.0,882.0,882.5999755859375
2014-09-03 00:00:00+00:00,883.6500244140625,883.6500244140625,869.9500122070312,875.3499755859375
2014-09-04 00:00:00+00:00,877.75,890.4000244140625,877.75,890.4000244140625
2014-09-05 00:00:00+00:00,887.9500122070312,892.7000122070312,885.7999877929688,891.0
2014-09-08 00:00:00+00:00,889.8499755859375,895.0999755859375,882.5499877929688,885.7000122070312
2014-09-09 00:00:00+00:00,885.7000122070312,885.7000122070312,858.5999755859375,860.0999755859375
2014-09-10 00:00:00+00:00,856.0999755859375,856.0999755859375,848.8499755859375,848.8499755859375
2014-09-11 00:00:00+00:00,842.0,843.5,833.3499755859375,833.3499755859375
2014-09-12 00:00:00+00:00,830.0999755859375,836.0499877929688,822.2999877929688,836.0499877929688
2014-09-15 00:00:00+00:00,837.6500244140625,837.6500244140625,836.9000244140625,836.9000244140625
2014-09-16 00:00:00+00:00,838.7999877929688,844.2000122070312,838.5,844.2000122070312
2014-09-17 00:00:00+00:00,838.7999877929688,838.7999877929688,838.7999877929688,838.7999877929688
2014-09-18 00:00:00+00:00,830.2000122070312,831.4000244140625,821.75,831.4000244140625
2014-09-19 00:00:00+00:00,824.0,824.0,812.3499755859375,812.3499755859375
2014-09-22 00:00:00+00:00,802.9000244140625,802.9000244140625,802.9000244140625,802.9000244140625
2014-09-23 00:00:00+00:00,816.0499877929688,816.0499877929688,815.25,815.25
2014-09-24 00:00:00+00:00,824.0999755859375,824.0999755859375,819.5,819.5
2014-09-25 00:00:00+00:00,802.2000122070312,802.2000122070312,802.2000122070312,802.2000122070312
2014-09-26 00:00:00+00:00,806.7000122070312,806.7000122070312,783.5499877929688,783.5499877929688
2014-09-29 00:00:00+00:00,789.2999877929688,789.2999877929688,789.2999877929688,789.2999877929688
2014-09-30 00:00:00+00:00,778.25,786.0499877929688,774.9500122070312,774.9500122070312
2014-10-01 00:00:00+00:00,783.7000122070312,783.7000122070312,783.7000122070312,783.7000122070312
2014-10-02 00:00:00+00:00,767.7999877929688,767.7999877929688,767.7999877929688,767.7999877929688
2014-10-03 00:00:00+00:00,753.7000122070312,753.7000122070312,753.7000122070312,753.7000122070312
2014-10-06 00:00:00+00:00,765.25,765.25,765.25,765.25
2014-10-07 00:00:00+00:00,786.1500244140625,786.1500244140625,786.1500244140625,786.1500244140625
2014-10-08 00:00:00+00:00,795.5999755859375,795.5999755859375,795.5999755859375,795.5999755859375
2014-10-09 00:00:00+00:00,799.6500244140625,799.6500244140625,799.6500244140625,799.6500244140625
2014-10-10 00:00:00+00:00,784.2000122070312,784.2000122070312,784.2000122070312,784.2000122070312
2014-10-13 00:00:00+00:00,785.0999755859375,785.0999755859375,785.0999755859375,785.0999755859375
2014-10-14 00:00:00+00:00,794.25,794.25,794.25,794.25
2014-10-15 00:00:00+00:00,763.4000244140625,763.4000244140625,763.4000244140625,763.4000244140625
2014-10-16 00:00:00+00:00,745.1500244140625,745.1500244140625,745.1500244140625,745.1500244140625
2014-10-17 00:00:00+00:00,755.8499755859375,755.8499755859375,755.8499755859375,755.8499755859375
2014-10-20 00:00:00+00:00,761.4500122070312,761.4500122070312,761.4500122070312,761.4500122070312
2014-10-21 00:00:00+00:00,775.1500244140625,775.1500244140625,775.1500244140625,775.1500244140625
2014-10-22 00:00:00+00:00,775.8499755859375,775.8499755859375,775.8499755859375,775.8499755859375
2014-10-23 00:00:00+00:00,778.4500122070312,778.4500122070312,778.4500122070312,778.4500122070312
2014-10-24 00:00:00+00:00,780.0499877929688,780.0499877929688,780.0499877929688,780.0499877929688
2014-10-27 00:00:00+00:00,786.2999877929688,786.2999877929688,786.2999877929688,786.2999877929688
2014-10-28 00:00:00+00:00,790.0,792.5,790.0,792.5
2014-10-29 00:00:00+00:00,800.3499755859375,800.3499755859375,800.3499755859375,800.3499755859375
2014-10-30 00:00:00+00:00,780.3499755859375,780.3499755859375,780.3499755859375,780.3499755859375
2014-10-31 00:00:00+00:00,791.4500122070312,791.4500122070312,791.4500122070312,791.4500122070312
2014-11-03 00:00:00+00:00,804.0499877929688,804.0499877929688,804.0499877929688,804.0499877929688
2014-11-04 00:00:00+00:00,790.2999877929688,790.2999877929688,790.2999877929688,790.2999877929688
2014-11-05 00:00:00+00:00,757.5,757.5,757.5,757.5
2014-11-06 00:00:00+00:00,752.25,752.25,752.25,752.25
2014-11-07 00:00:00+00:00,772.2000122070312,772.2000122070312,772.2000122070312,772.2000122070312
2014-11-10 00:00:00+00:00,765.9000244140625,765.9000244140625,765.9000244140625,765.9000244140625
2014-11-11 00:00:00+00:00,772.3499755859375,772.3499755859375,772.3499755859375,772.3499755859375
2014-11-12 00:00:00+00:00,773.1500244140625,773.2999877929688,773.1500244140625,773.2999877929688
2014-11-13 00:00:00+00:00,770.5,770.5,770.5,770.5
2014-11-14 00:00:00+00:00,771.0,771.0,771.0,771.0
2014-11-17 00:00:00+00:00,768.3499755859375,768.3499755859375,768.3499755859375,768.3499755859375
2014-11-18 00:00:00+00:00,776.3499755859375,776.3499755859375,776.3499755859375,776.3499755859375
2014-11-19 00:00:00+00:00,769.5999755859375,769.5999755859375,769.5999755859375,769.5999755859375
2014-11-20 00:00:00+00:00,766.7999877929688,766.7999877929688,766.7999877929688,766.7999877929688
2014-11-21 00:00:00+00:00,794.5499877929688,794.5499877929688,794.5499877929688,794.5499877929688
2014-11-24 00:00:00+00:00,789.75,789.75,789.75,789.75
2014-11-25 00:00:00+00:00,795.25,795.25,795.25,795.25
2014-11-26 00:00:00+00:00,794.0,804.1500244140625,790.4000244140625,801.5999755859375
2014-11-28 00:00:00+00:00,805.0499877929688,814.5499877929688,795.7000122070312,812.4000244140625
2014-12-01 00:00:00+00:00,805.5,810.8499755859375,795.9500122070312,808.0999755859375
2014-12-02 00:00:00+00:00,806.7000122070312,809.0499877929688,797.5499877929688,803.0499877929688
2014-12-03 00:00:00+00:00,802.3499755859375,804.0999755859375,796.8499755859375,796.8499755859375
2014-12-04 00:00:00+00:00,797.3499755859375,801.4500122070312,797.3499755859375,801.4500122070312
2014-12-05 00:00:00+00:00,805.8499755859375,806.9000244140625,800.4000244140625,803.2000122070312
2014-12-08 00:00:00+00:00,798.2999877929688,798.2999877929688,798.2999877929688,798.2999877929688
2014-12-09 00:00:00+00:00,798.2999877929688,812.0999755859375,798.2999877929688,812.0999755859375
2014-12-10 00:00:00+00:00,821.7999877929688,821.7999877929688,819.4000244140625,821.7999877929688
2014-12-11 00:00:00+00:00,819.5999755859375,819.5999755859375,819.5999755859375,819.5999755859375
2014-12-12 00:00:00+00:00,816.5499877929688,816.5499877929688,816.5499877929688,816.5499877929688
2014-12-15 00:00:00+00:00,801.75,801.75,801.75,801.75
2014-12-16 00:00:00+00:00,804.7999877929688,805.9000244140625,784.0,784.0
2014-12-17 00:00:00+00:00,779.25,779.25,779.25,779.25
2014-12-18 00:00:00+00:00,792.1500244140625,793.9000244140625,792.1500244140625,792.1500244140625
2014-12-19 00:00:00+00:00,793.9000244140625,805.0999755859375,793.9000244140625,805.0999755859375
2014-12-22 00:00:00+00:00,805.7000122070312,815.25,805.6500244140625,815.25
2014-12-23 00:00:00+00:00,814.0499877929688,814.0499877929688,814.0499877929688,814.0499877929688
2014-12-24 00:00:00+00:00,815.5499877929688,815.5499877929688,807.7999877929688,807.7999877929688
2014-12-26 00:00:00+00:00,816.0499877929688,823.3499755859375,816.0499877929688,818.5999755859375
2014-12-29 00:00:00+00:00,820.5,830.0999755859375,812.0,812.0
2014-12-30 00:00:00+00:00,804.2000122070312,804.2000122070312,804.2000122070312,804.2000122070312
2014-12-31 00:00:00+00:00,798.4000244140625,798.4000244140625,798.4000244140625,798.4000244140625
2015-01-02 00:00:00+00:00,794.8499755859375,794.8499755859375,794.8499755859375,794.8499755859375
2015-01-05 00:00:00+00:00,793.2000122070312,793.2000122070312,793.2000122070312,793.2000122070312
2015-01-06 00:00:00+00:00,800.4000244140625,800.4000244140625,800.4000244140625,800.4000244140625
2015-01-07 00:00:00+00:00,792.4500122070312,792.4500122070312,792.4500122070312,792.4500122070312
2015-01-08 00:00:00+00:00,803.25,803.25,791.5499877929688,793.0999755859375
2015-01-09 00:00:00+00:00,800.1500244140625,800.1500244140625,800.1500244140625,800.1500244140625
2015-01-12 00:00:00+00:00,814.0999755859375,814.0999755859375,814.0999755859375,814.0999755859375
2015-01-13 00:00:00+00:00,815.7000122070312,815.7000122070312,815.7000122070312,815.7000122070312
2015-01-14 00:00:00+00:00,780.6500244140625,780.6500244140625,780.6500244140625,780.6500244140625
2015-01-15 00:00:00+00:00,766.3499755859375,766.3499755859375,766.3499755859375,766.3499755859375
2015-01-16 00:00:00+00:00,754.2999877929688,754.2999877929688,754.2999877929688,754.2999877929688
2015-01-20 00:00:00+00:00,778.75,778.75,778.75,778.75
2015-01-21 00:00:00+00:00,768.25,768.25,768.25,768.25
2015-01-22 00:00:00+00:00,773.5999755859375,773.5999755859375,773.5999755859375,773.5999755859375
2015-01-23 00:00:00+00:00,775.4000244140625,775.4000244140625,775.4000244140625,775.4000244140625
2015-01-26 00:00:00+00:00,783.1500244140625,783.1500244140625,783.1500244140625,783.1500244140625
2015-01-27 00:00:00+00:00,791.75,796.7999877929688,782.0499877929688,782.0499877929688
2015-01-28 00:00:00+00:00,797.5999755859375,797.5999755859375,797.5999755859375,797.5999755859375
2015-01-29 00:00:00+00:00,772.9000244140625,772.9000244140625,772.9000244140625,772.9000244140625
2015-01-30 00:00:00+00:00,772.7000122070312,772.7000122070312,772.7000122070312,772.7000122070312
2015-02-02 00:00:00+00:00,788.2999877929688,788.2999877929688,788.2999877929688,788.2999877929688
2015-02-03 00:00:00+00:00,786.2999877929688,788.4000244140625,786.0499877929688,786.2999877929688
2015-02-04 00:00:00+00:00,790.75,790.75,790.5,790.5
2015-02-05 00:00:00+00:00,796.0,796.0,796.0,796.0
2015-02-06 00:00:00+00:00,793.0999755859375,793.0999755859375,781.5999755859375,781.5999755859375
2015-02-09 00:00:00+00:00,779.9500122070312,779.9500122070312,779.9500122070312,779.9500122070312
2015-02-10 00:00:00+00:00,766.0,766.0,766.0,766.0
2015-02-11 00:00:00+00:00,766.8499755859375,766.8499755859375,766.8499755859375,766.8499755859375
2015-02-12 00:00:00+00:00,773.9500122070312,773.9500122070312,773.9500122070312,773.9500122070312
2015-02-13 00:00:00+00:00,794.75,794.75,794.75,794.75
2015-02-17 00:00:00+00:00,783.5499877929688,783.5499877929688,783.5499877929688,783.5499877929688
2015-02-18 00:00:00+00:00,776.9000244140625,776.9000244140625,776.9000244140625,776.9000244140625
2015-02-19 00:00:00+00:00,787.0999755859375,787.0999755859375,787.0999755859375,787.0999755859375
2015-02-20 00:00:00+00:00,779.5,779.5,779.5,779.5
2015-02-23 00:00:00+00:00,786.25,786.25,786.25,786.25
2015-02-24 00:00:00+00:00,790.2999877929688,790.2999877929688,790.2999877929688,790.2999877929688
2015-02-25 00:00:00+00:00,808.3499755859375,808.3499755859375,808.3499755859375,808.3499755859375
2015-02-26 00:00:00+00:00,808.9000244140625,815.5,806.0,810.25
2015-02-27 00:00:00+00:00,813.5,818.4500122070312,804.0,818.4500122070312
2015-03-02 00:00:00+00:00,819.4500122070312,832.0999755859375,816.0,830.2999877929688
2015-03-03 00:00:00+00:00,826.2999877929688,832.2000122070312,826.2999877929688,831.1500244140625
2015-03-04 00:00:00+00:00,826.0999755859375,830.4000244140625,821.5,830.4000244140625
2015-03-05 00:00:00+00:00,823.3499755859375,825.0,822.4000244140625,825.0
2015-03-06 00:00:00+00:00,812.4500122070312,820.9000244140625,812.4500122070312,818.0499877929688
2015-03-09 00:00:00+00:00,825.6500244140625,825.6500244140625,822.5999755859375,822.5999755859375
2015-03-10 00:00:00+00:00,814.5499877929688,814.5499877929688,802.6500244140625,803.75
2015-03-11 00:00:00+00:00,795.4000244140625,795.4000244140625,789.0499877929688,789.0499877929688
2015-03-12 00:00:00+00:00,789.7000122070312,789.7000122070312,786.5999755859375,786.5999755859375
2015-03-13 00:00:00+00:00,790.9000244140625,790.9000244140625,788.3499755859375,788.3499755859375
2015-03-16 00:00:00+00:00,788.3499755859375,788.3499755859375,779.75,779.75
2015-03-17 00:00:00+00:00,777.5,777.5,761.75,761.7999877929688
2015-03-18 00:00:00+00:00,764.2999877929688,776.7000122070312,764.2999877929688,764.2999877929688
2015-03-19 00:00:00+00:00,775.75,776.0,765.4500122070312,765.4500122070312
2015-03-20 00:00:00+00:00,778.75,778.75,778.75,778.75
2015-03-23 00:00:00+00:00,770.3499755859375,770.3499755859375,770.3499755859375,770.3499755859375
2015-03-24 00:00:00+00:00,763.3499755859375,763.3499755859375,763.3499755859375,763.3499755859375
2015-03-25 00:00:00+00:00,765.0499877929688,765.0499877929688,765.0499877929688,765.0499877929688
2015-03-26 00:00:00+00:00,767.0499877929688,773.0999755859375,767.0499877929688,773.0
2015-03-27 00:00:00+00:00,745.0499877929688,746.5499877929688,740.6500244140625,740.6500244140625
2015-03-30 00:00:00+00:00,728.7000122070312,728.7000122070312,728.7000122070312,728.7000122070312
2015-03-31 00:00:00+00:00,735.0,735.0,735.0,735.0
2015-04-01 00:00:00+00:00,748.5499877929688,748.5499877929688,748.5499877929688,748.5499877929688
2015-04-02 00:00:00+00:00,746.0,746.0,746.0,746.0
2015-04-06 00:00:00+00:00,768.5,768.5,768.5,768.5
2015-04-07 00:00:00+00:00,768.7000122070312,768.7000122070312,768.7000122070312,768.7000122070312
2015-04-08 00:00:00+00:00,755.4000244140625,755.4000244140625,755.4000244140625,755.4000244140625
2015-04-09 00:00:00+00:00,762.0999755859375,762.0999755859375,762.0999755859375,762.0999755859375
2015-04-10 00:00:00+00:00,775.75,775.75,775.75,775.75
2015-04-13 00:00:00+00:00,771.0999755859375,771.0999755859375,771.0999755859375,771.0999755859375
2015-04-14 00:00:00+00:00,762.2000122070312,762.2000122070312,762.2000122070312,762.2000122070312
2015-04-15 00:00:00+00:00,766.7999877929688,766.7999877929688,766.7999877929688,766.7999877929688
2015-04-16 00:00:00+00:00,779.4500122070312,779.4500122070312,779.4500122070312,779.4500122070312
2015-04-17 00:00:00+00:00,782.6500244140625,782.6500244140625,782.6500244140625,782.6500244140625
2015-04-20 00:00:00+00:00,772.0999755859375,772.0999755859375,772.0999755859375,772.0999755859375
2015-04-21 00:00:00+00:00,774.25,774.25,774.25,774.25
2015-04-22 00:00:00+00:00,755.5999755859375,755.5999755859375,755.5999755859375,755.5999755859375
2015-04-23 00:00:00+00:00,763.5,769.5999755859375,763.5,769.5999755859375
2015-04-24 00:00:00+00:00,769.9500122070312,769.9500122070312,769.9500122070312,769.9500122070312
2015-04-27 00:00:00+00:00,782.1500244140625,782.1500244140625,782.1500244140625,782.1500244140625
2015-04-28 00:00:00+00:00,780.8499755859375,780.8499755859375,780.8499755859375,780.8499755859375
2015-04-29 00:00:00+00:00,784.75,784.75,784.75,784.75
2015-04-30 00:00:00+00:00,776.5,776.5,776.5,776.5
2015-05-01 00:00:00+00:00,773.75,773.75,773.75,773.75
2015-05-04 00:00:00+00:00,782.6500244140625,782.6500244140625,782.6500244140625,782.6500244140625
2015-05-05 00:00:00+00:00,794.9500122070312,794.9500122070312,794.9500122070312,794.9500122070312
2015-05-06 00:00:00+00:00,792.6500244140625,792.6500244140625,792.6500244140625,792.6500244140625
2015-05-07 00:00:00+00:00,790.2999877929688,790.2999877929688,785.75,785.75
2015-05-08 00:00:00+00:00,802.3499755859375,802.3499755859375,802.3499755859375,802.3499755859375
2015-05-11 00:00:00+00:00,794.4500122070312,794.4500122070312,780.4500122070312,780.4500122070312
2015-05-12 00:00:00+00:00,785.1500244140625,785.1500244140625,785.1500244140625,785.1500244140625
2015-05-13 00:00:00+00:00,789.4000244140625,789.4000244140625,789.4000244140625,789.4000244140625
2015-05-14 00:00:00+00:00,779.5,779.5,779.5,779.5
2015-05-15 00:00:00+00:00,794.9500122070312,794.9500122070312,794.9500122070312,794.9500122070312
2015-05-18 00:00:00+00:00,793.0,793.0,785.9500122070312,793.0
2015-05-19 00:00:00+00:00,775.1500244140625,775.1500244140625,775.1500244140625,775.1500244140625
2015-05-20 00:00:00+00:00,776.8499755859375,776.8499755859375,776.8499755859375,776.8499755859375
2015-05-21 00:00:00+00:00,776.0999755859375,776.0999755859375,776.0999755859375,776.0999755859375
2015-05-22 00:00:00+00:00,771.4000244140625,784.0,771.4000244140625,784.0
2015-05-26 00:00:00+00:00,780.4000244140625,780.4000244140625,780.4000244140625,780.4000244140625
2015-05-27 00:00:00+00:00,785.0,785.0,785.0,785.0
2015-05-28 00:00:00+00:00,786.4000244140625,788.9000244140625,780.6500244140625,784.7999877929688
2015-05-29 00:00:00+00:00,784.4500122070312,787.0999755859375,776.75,776.75
2015-06-01 00:00:00+00:00,777.5999755859375,777.7000122070312,772.5499877929688,772.6500244140625
2015-06-02 00:00:00+00:00,773.0,773.75,768.2000122070312,768.2000122070312
2015-06-03 00:00:00+00:00,769.5999755859375,769.8499755859375,755.9000244140625,757.7999877929688
2015-06-04 00:00:00+00:00,757.75,759.3499755859375,755.0999755859375,755.0999755859375
2015-06-05 00:00:00+00:00,754.7000122070312,756.75,750.4000244140625,750.4000244140625
2015-06-08 00:00:00+00:00,748.2000122070312,748.2000122070312,741.5499877929688,743.0999755859375
2015-06-09 00:00:00+00:00,744.6500244140625,744.6500244140625,739.4000244140625,739.4000244140625
2015-06-10 00:00:00+00:00,741.5999755859375,746.25,741.5999755859375,743.0
2015-06-11 00:00:00+00:00,742.5999755859375,744.6500244140625,742.5999755859375,742.5999755859375
2015-06-12 00:00:00+00:00,738.6500244140625,738.6500244140625,738.1500244140625,738.1500244140625
2015-06-15 00:00:00+00:00,736.6500244140625,736.6500244140625,732.7999877929688,734.0999755859375
2015-06-16 00:00:00+00:00,734.4000244140625,734.4000244140625,732.75,732.75
2015-06-17 00:00:00+00:00,730.0,731.0,720.2999877929688,720.2999877929688
2015-06-18 00:00:00+00:00,724.0999755859375,725.3499755859375,718.5999755859375,718.5999755859375
2015-06-19 00:00:00+00:00,718.3499755859375,718.3499755859375,707.3499755859375,707.3499755859375
2015-06-22 00:00:00+00:00,699.1500244140625,699.1500244140625,694.5999755859375,695.4000244140625
2015-06-23 00:00:00+00:00,694.5999755859375,695.6500244140625,694.5999755859375,695.5499877929688
2015-06-24 00:00:00+00:00,697.4500122070312,697.4500122070312,695.4500122070312,695.4500122070312
2015-06-25 00:00:00+00:00,695.4500122070312,695.4500122070312,674.5499877929688,679.1500244140625
2015-06-26 00:00:00+00:00,676.2999877929688,678.0,676.2999877929688,678.0
2015-06-29 00:00:00+00:00,665.4500122070312,665.4500122070312,665.4500122070312,665.4500122070312
2015-06-30 00:00:00+00:00,671.6500244140625,671.6500244140625,671.6500244140625,671.6500244140625
2015-07-01 00:00:00+00:00,700.2000122070312,700.2000122070312,700.2000122070312,700.2000122070312
2015-07-02 00:00:00+00:00,693.1500244140625,693.1500244140625,693.1500244140625,693.1500244140625
2015-07-06 00:00:00+00:00,675.1500244140625,675.1500244140625,675.1500244140625,675.1500244140625
2015-07-07 00:00:00+00:00,651.4000244140625,651.4000244140625,651.4000244140625,651.4000244140625
2015-07-08 00:00:00+00:00,648.0,652.5,648.0,652.5
2015-07-09 00:00:00+00:00,657.9000244140625,657.9500122070312,637.0,637.0
2015-07-10 00:00:00+00:00,649.3499755859375,649.3499755859375,649.3499755859375,649.3499755859375
2015-07-13 00:00:00+00:00,657.9500122070312,657.9500122070312,657.9500122070312,657.9500122070312
2015-07-14 00:00:00+00:00,656.0999755859375,656.0999755859375,656.0999755859375,656.0999755859375
2015-07-15 00:00:00+00:00,641.9000244140625,641.9000244140625,641.9000244140625,641.9000244140625
2015-07-16 00:00:00+00:00,630.9500122070312,630.9500122070312,629.0,630.9500122070312
2015-07-17 00:00:00+00:00,618.0,618.0,618.0,618.0
2015-07-20 00:00:00+00:00,611.0499877929688,611.0499877929688,604.0,611.0499877929688
2015-07-21 00:00:00+00:00,628.4500122070312,628.4500122070312,628.4500122070312,628.4500122070312
2015-07-22 00:00:00+00:00,625.75,625.75,625.75,625.75
2015-07-23 00:00:00+00:00,616.8499755859375,616.8499755859375,616.8499755859375,616.8499755859375
2015-07-24 00:00:00+00:00,621.5999755859375,621.5999755859375,621.5999755859375,621.5999755859375
2015-07-27 00:00:00+00:00,612.0999755859375,612.0999755859375,612.0999755859375,612.0999755859375
2015-07-28 00:00:00+00:00,620.5999755859375,620.5999755859375,620.5999755859375,620.5999755859375
2015-07-29 00:00:00+00:00,614.5999755859375,614.5999755859375,614.5999755859375,614.5999755859375
2015-07-30 00:00:00+00:00,620.0499877929688,620.0499877929688,620.0499877929688,620.0499877929688
2015-07-31 00:00:00+00:00,610.3499755859375,610.3499755859375,610.3499755859375,610.3499755859375
2015-08-03 00:00:00+00:00,616.5499877929688,617.9500122070312,596.0,602.7000122070312
2015-08-04 00:00:00+00:00,598.0999755859375,598.0999755859375,598.0999755859375,598.0999755859375
2015-08-05 00:00:00+00:00,592.5,592.5,592.5,592.5
2015-08-06 00:00:00+00:00,599.2999877929688,599.2999877929688,599.2999877929688,599.2999877929688
2015-08-07 00:00:00+00:00,596.4000244140625,596.4000244140625,596.4000244140625,596.4000244140625
2015-08-10 00:00:00+00:00,605.7000122070312,606.75,605.7000122070312,605.7000122070312
2015-08-11 00:00:00+00:00,598.75,598.75,598.75,598.75
2015-08-12 00:00:00+00:00,622.5999755859375,622.5999755859375,622.5999755859375,622.5999755859375
2015-08-13 00:00:00+00:00,615.2000122070312,615.2000122070312,615.2000122070312,615.2000122070312
2015-08-14 00:00:00+00:00,617.0,617.0,617.0,617.0
2015-08-17 00:00:00+00:00,613.2999877929688,613.2999877929688,613.2999877929688,613.2999877929688
2015-08-18 00:00:00+00:00,592.0,596.5,592.0,596.5
2015-08-19 00:00:00+00:00,609.3499755859375,609.3499755859375,609.3499755859375,609.3499755859375
2015-08-20 00:00:00+00:00,615.4000244140625,622.9500122070312,615.4000244140625,622.9500122070312
2015-08-21 00:00:00+00:00,604.1500244140625,604.1500244140625,604.1500244140625,604.1500244140625
2015-08-24 00:00:00+00:00,574.75,574.75,574.75,574.75
2015-08-25 00:00:00+00:00,539.7999877929688,539.7999877929688,539.7999877929688,539.7999877929688
2015-08-26 00:00:00+00:00,529.3499755859375,529.3499755859375,528.0,529.3499755859375
2015-08-27 00:00:00+00:00,568.2999877929688,568.2999877929688,568.2999877929688,568.2999877929688
2015-08-28 00:00:00+00:00,564.7999877929688,590.0,561.0,589.5499877929688
2015-08-31 00:00:00+00:00,586.25,601.7999877929688,581.2999877929688,601.5499877929688
2015-09-01 00:00:00+00:00,595.0,595.0,571.3499755859375,578.5
2015-09-02 00:00:00+00:00,569.0499877929688,583.2999877929688,569.0499877929688,582.7999877929688
2015-09-03 00:00:00+00:00,584.2999877929688,589.5,574.0,580.5999755859375
2015-09-04 00:00:00+00:00,571.0,578.5499877929688,571.0,576.7999877929688
2015-09-08 00:00:00+00:00,573.0499877929688,594.6500244140625,573.0499877929688,585.7000122070312
2015-09-09 00:00:00+00:00,588.5999755859375,591.5499877929688,576.4000244140625,577.4000244140625
2015-09-10 00:00:00+00:00,579.5,591.7000122070312,579.5,591.7000122070312
2015-09-11 00:00:00+00:00,591.5499877929688,592.7999877929688,579.25,590.5
2015-09-14 00:00:00+00:00,587.3499755859375,587.3499755859375,587.3499755859375,587.3499755859375
2015-09-15 00:00:00+00:00,597.0,599.1500244140625,597.0,599.1500244140625
2015-09-16 00:00:00+00:00,607.5,611.0499877929688,607.5,611.0499877929688
2015-09-17 00:00:00+00:00,602.0,602.0,598.5,598.5
2015-09-18 00:00:00+00:00,610.3499755859375,610.3499755859375,610.3499755859375,610.3499755859375
2015-09-21 00:00:00+00:00,603.0,616.1500244140625,603.0,615.75
2015-09-22 00:00:00+00:00,594.0,610.8499755859375,594.0,610.8499755859375
2015-09-23 00:00:00+00:00,633.2999877929688,645.0,633.2999877929688,645.0
2015-09-24 00:00:00+00:00,655.9000244140625,655.9000244140625,655.9000244140625,655.9000244140625
2015-09-25 00:00:00+00:00,671.6500244140625,671.6500244140625,663.9000244140625,667.5499877929688
2015-09-28 00:00:00+00:00,651.25,651.25,651.25,651.25
2015-09-29 00:00:00+00:00,657.4000244140625,657.4000244140625,657.4000244140625,657.4000244140625
2015-09-30 00:00:00+00:00,651.0,651.0,651.0,651.0
2015-10-01 00:00:00+00:00,679.4000244140625,679.4000244140625,679.4000244140625,679.4000244140625
2015-10-02 00:00:00+00:00,697.5999755859375,697.5999755859375,697.5999755859375,697.5999755859375
2015-10-05 00:00:00+00:00,703.4500122070312,703.4500122070312,687.8499755859375,687.8499755859375
2015-10-06 00:00:00+00:00,706.3499755859375,706.3499755859375,706.3499755859375,706.3499755859375
2015-10-07 00:00:00+00:00,698.1500244140625,698.1500244140625,698.1500244140625,698.1500244140625
2015-10-08 00:00:00+00:00,701.7999877929688,701.7999877929688,701.7999877929688,701.7999877929688
2015-10-09 00:00:00+00:00,706.7999877929688,706.7999877929688,706.7999877929688,706.7999877929688
2015-10-12 00:00:00+00:00,693.2999877929688,693.2999877929688,693.2999877929688,693.2999877929688
2015-10-13 00:00:00+00:00,684.0499877929688,684.0499877929688,684.0499877929688,684.0499877929688
2015-10-14 00:00:00+00:00,699.5999755859375,699.5999755859375,699.5999755859375,699.5999755859375
2015-10-15 00:00:00+00:00,700.8499755859375,704.25,700.8499755859375,704.25
2015-10-16 00:00:00+00:00,698.9000244140625,698.9000244140625,698.9000244140625,698.9000244140625
2015-10-19 00:00:00+00:00,687.5999755859375,687.5999755859375,687.5999755859375,687.5999755859375
2015-10-20 00:00:00+00:00,694.3499755859375,694.3499755859375,694.3499755859375,694.3499755859375
2015-10-21 00:00:00+00:00,676.6500244140625,676.6500244140625,676.6500244140625,676.6500244140625
2015-10-22 00:00:00+00:00,685.0999755859375,685.0999755859375,685.0999755859375,685.0999755859375
2015-10-23 00:00:00+00:00,693.3499755859375,693.3499755859375,693.3499755859375,693.3499755859375
2015-10-26 00:00:00+00:00,683.4000244140625,683.4000244140625,683.4000244140625,683.4000244140625
2015-10-27 00:00:00+00:00,678.25,678.25,678.25,678.25
2015-10-28 00:00:00+00:00,685.5999755859375,685.5999755859375,685.5999755859375,685.5999755859375
2015-10-29 00:00:00+00:00,671.7000122070312,671.7000122070312,670.5999755859375,670.5999755859375
2015-10-30 00:00:00+00:00,677.0499877929688,677.0499877929688,677.0499877929688,677.0499877929688
2015-11-02 00:00:00+00:00,650.1500244140625,650.1500244140625,650.1500244140625,650.1500244140625
2015-11-03 00:00:00+00:00,643.7999877929688,643.7999877929688,643.7999877929688,643.7999877929688
2015-11-04 00:00:00+00:00,623.2000122070312,623.2000122070312,623.2000122070312,623.2000122070312
2015-11-05 00:00:00+00:00,606.0999755859375,606.0999755859375,606.0999755859375,606.0999755859375
2015-11-06 00:00:00+00:00,612.75,612.75,612.75,612.75
2015-11-09 00:00:00+00:00,596.75,596.75,596.75,596.75
2015-11-10 00:00:00+00:00,597.5999755859375,597.5999755859375,597.5999755859375,597.5999755859375
2015-11-11 00:00:00+00:00,576.7999877929688,576.7999877929688,576.7999877929688,576.7999877929688
2015-11-12 00:00:00+00:00,558.5,558.5,558.5,558.5
2015-11-13 00:00:00+00:00,539.0499877929688,539.0499877929688,539.0499877929688,539.0499877929688
2015-11-16 00:00:00+00:00,551.3499755859375,551.3499755859375,551.3499755859375,551.3499755859375
2015-11-17 00:00:00+00:00,546.2999877929688,546.2999877929688,546.2999877929688,546.2999877929688
2015-11-18 00:00:00+00:00,531.8499755859375,531.8499755859375,531.8499755859375,531.8499755859375
2015-11-19 00:00:00+00:00,540.7999877929688,540.7999877929688,540.7999877929688,540.7999877929688
2015-11-20 00:00:00+00:00,558.7000122070312,558.7000122070312,558.7000122070312,558.7000122070312
2015-11-23 00:00:00+00:00,541.1500244140625,541.1500244140625,541.1500244140625,541.1500244140625
2015-11-24 00:00:00+00:00,541.2999877929688,541.2999877929688,541.2999877929688,541.2999877929688
2015-11-25 00:00:00+00:00,551.0999755859375,551.0999755859375,551.0999755859375,551.0999755859375
2015-11-27 00:00:00+00:00,555.2999877929688,569.1500244140625,547.0,549.5999755859375
2015-11-30 00:00:00+00:00,548.0,550.0,539.8499755859375,541.9500122070312
2015-12-01 00:00:00+00:00,543.0,552.2000122070312,538.6500244140625,538.6500244140625
2015-12-02 00:00:00+00:00,542.4000244140625,543.4500122070312,525.25,525.7000122070312
2015-12-03 00:00:00+00:00,527.4000244140625,537.4000244140625,527.4000244140625,535.8499755859375
2015-12-04 00:00:00+00:00,544.75,572.7000122070312,543.7999877929688,566.2000122070312
2015-12-07 00:00:00+00:00,553.9000244140625,557.0,553.8499755859375,554.4500122070312
2015-12-08 00:00:00+00:00,550.0,559.4500122070312,547.25,547.25
2015-12-09 00:00:00+00:00,550.2999877929688,552.2000122070312,550.25,552.2000122070312
2015-12-10 00:00:00+00:00,545.25,545.25,541.4000244140625,541.4000244140625
2015-12-11 00:00:00+00:00,543.9500122070312,543.9500122070312,543.9500122070312,543.9500122070312
2015-12-14 00:00:00+00:00,547.5,548.9500122070312,543.1500244140625,547.75
2015-12-15 00:00:00+00:00,557.9000244140625,565.9500122070312,557.9000244140625,565.9500122070312
2015-12-16 00:00:00+00:00,570.9500122070312,570.9500122070312,570.9500122070312,570.9500122070312
2015-12-17 00:00:00+00:00,558.0,558.5499877929688,556.7999877929688,556.7999877929688
2015-12-18 00:00:00+00:00,558.2999877929688,558.2999877929688,558.2999877929688,558.2999877929688
2015-12-21 00:00:00+00:00,552.75,552.75,552.75,552.75
2015-12-22 00:00:00+00:00,554.9000244140625,554.9000244140625,554.9000244140625,554.9000244140625
2015-12-23 00:00:00+00:00,553.4500122070312,553.4500122070312,553.4500122070312,553.4500122070312
2015-12-24 00:00:00+00:00,559.5,559.5,559.5,559.5
2015-12-28 00:00:00+00:00,552.0,552.0,552.0,552.0
2015-12-29 00:00:00+00:00,555.4500122070312,555.4500122070312,555.4500122070312,555.4500122070312
2015-12-30 00:00:00+00:00,555.9000244140625,555.9000244140625,547.75,547.75
2015-12-31 00:00:00+00:00,560.7999877929688,560.7999877929688,560.7999877929688,560.7999877929688
2016-01-04 00:00:00+00:00,542.9500122070312,542.9500122070312,542.9500122070312,542.9500122070312
2016-01-05 00:00:00+00:00,535.0999755859375,535.0999755859375,535.0999755859375,535.0999755859375
2016-01-06 00:00:00+00:00,505.04998779296875,505.04998779296875,505.04998779296875,505.04998779296875
2016-01-07 00:00:00+00:00,485.1000061035156,495.5,483.75,493.0
2016-01-08 00:00:00+00:00,493.6000061035156,493.6000061035156,493.6000061035156,493.6000061035156
2016-01-11 00:00:00+00:00,474.29998779296875,474.29998779296875,474.29998779296875,474.29998779296875
2016-01-12 00:00:00+00:00,469.8999938964844,469.8999938964844,469.8999938964844,469.8999938964844
2016-01-13 00:00:00+00:00,492.70001220703125,492.70001220703125,486.54998779296875,486.54998779296875
2016-01-14 00:00:00+00:00,491.1499938964844,491.1499938964844,491.1499938964844,491.1499938964844
2016-01-15 00:00:00+00:00,492.8500061035156,492.8500061035156,486.95001220703125,486.95001220703125
2016-01-19 00:00:00+00:00,501.3500061035156,501.3500061035156,496.79998779296875,496.79998779296875
2016-01-20 00:00:00+00:00,486.5,487.75,486.5,487.75
2016-01-21 00:00:00+00:00,497.75,497.75,497.75,497.75
2016-01-22 00:00:00+00:00,498.3999938964844,498.3999938964844,498.3999938964844,498.3999938964844
2016-01-25 00:00:00+00:00,489.70001220703125,489.70001220703125,489.70001220703125,489.70001220703125
2016-01-26 00:00:00+00:00,497.20001220703125,497.8500061035156,491.75,491.75
2016-01-27 00:00:00+00:00,500.54998779296875,500.54998779296875,500.54998779296875,500.54998779296875
2016-01-28 00:00:00+00:00,491.0,491.0,491.0,491.0
2016-01-29 00:00:00+00:00,502.0,502.0,497.5,497.5
2016-02-01 00:00:00+00:00,501.6000061035156,501.6000061035156,501.6000061035156,501.6000061035156
2016-02-02 00:00:00+00:00,490.6000061035156,494.29998779296875,490.6000061035156,490.6000061035156
2016-02-03 00:00:00+00:00,492.0,516.8499755859375,492.0,516.8499755859375
2016-02-04 00:00:00+00:00,516.8499755859375,516.8499755859375,516.8499755859375,516.8499755859375
2016-02-05 00:00:00+00:00,499.6499938964844,499.6499938964844,499.6499938964844,499.6499938964844
2016-02-08 00:00:00+00:00,519.0499877929688,519.0499877929688,519.0499877929688,519.0499877929688
2016-02-09 00:00:00+00:00,517.7999877929688,517.7999877929688,517.7999877929688,517.7999877929688
2016-02-10 00:00:00+00:00,525.0,525.0,525.0,525.0
2016-02-11 00:00:00+00:00,524.7000122070312,524.7000122070312,524.7000122070312,524.7000122070312
2016-02-12 00:00:00+00:00,527.25,527.25,527.25,527.25
2016-02-16 00:00:00+00:00,509.79998779296875,509.79998779296875,509.79998779296875,509.79998779296875
2016-02-17 00:00:00+00:00,516.0999755859375,516.0999755859375,516.0999755859375,516.0999755859375
2016-02-18 00:00:00+00:00,505.04998779296875,505.04998779296875,505.04998779296875,505.04998779296875
2016-02-19 00:00:00+00:00,499.25,499.25,499.25,499.25
2016-02-22 00:00:00+00:00,498.8500061035156,498.8500061035156,498.8500061035156,498.8500061035156
2016-02-23 00:00:00+00:00,500.25,500.25,500.25,500.25
2016-02-24 00:00:00+00:00,487.5,487.5,487.5,487.5
2016-02-25 00:00:00+00:00,483.6000061035156,483.6000061035156,483.6000061035156,483.6000061035156
2016-02-26 00:00:00+00:00,486.6499938964844,493.8999938964844,480.6499938964844,482.1000061035156
2016-02-29 00:00:00+00:00,486.6000061035156,498.1000061035156,486.6000061035156,495.6000061035156
2016-03-01 00:00:00+00:00,501.0,517.5999755859375,500.79998779296875,517.5999755859375
2016-03-02 00:00:00+00:00,515.6500244140625,520.5,511.79998779296875,515.5
2016-03-03 00:00:00+00:00,519.6500244140625,542.4500122070312,519.6500244140625,542.4500122070312
2016-03-04 00:00:00+00:00,551.1500244140625,563.0999755859375,551.1500244140625,563.0999755859375
2016-03-07 00:00:00+00:00,553.9500122070312,579.0499877929688,553.9500122070312,577.9000244140625
2016-03-08 00:00:00+00:00,577.1500244140625,578.3499755859375,561.75,567.2000122070312
2016-03-09 00:00:00+00:00,562.75,566.5,562.75,566.5
2016-03-10 00:00:00+00:00,573.2000122070312,574.3499755859375,568.0999755859375,574.3499755859375
2016-03-11 00:00:00+00:00,579.75,580.4500122070312,579.75,580.4500122070312
2016-03-14 00:00:00+00:00,573.25,573.25,573.25,573.25
2016-03-15 00:00:00+00:00,565.3499755859375,570.4000244140625,565.3499755859375,570.4000244140625
2016-03-16 00:00:00+00:00,577.2000122070312,577.2000122070312,577.2000122070312,577.2000122070312
2016-03-17 00:00:00+00:00,590.9500122070312,597.3499755859375,590.9500122070312,597.3499755859375
2016-03-18 00:00:00+00:00,589.5999755859375,589.5999755859375,589.5999755859375,589.5999755859375
2016-03-21 00:00:00+00:00,602.5,602.5,602.5,602.5
2016-03-22 00:00:00+00:00,605.3499755859375,607.0499877929688,605.3499755859375,605.3499755859375
2016-03-23 00:00:00+00:00,582.75,582.75,582.75,582.75
2016-03-24 00:00:00+00:00,573.7999877929688,573.7999877929688,572.9500122070312,572.9500122070312
2016-03-28 00:00:00+00:00,568.0999755859375,568.0999755859375,567.25,567.25
2016-03-29 00:00:00+00:00,569.4500122070312,572.75,569.2999877929688,572.75
2016-03-30 00:00:00+00:00,565.4000244140625,565.4000244140625,565.4000244140625,565.4000244140625
2016-03-31 00:00:00+00:00,563.0499877929688,563.0499877929688,563.0499877929688,563.0499877929688
2016-04-01 00:00:00+00:00,558.0,562.5,558.0,561.7999877929688
2016-04-04 00:00:00+00:00,553.0,555.0999755859375,553.0,555.0999755859375
2016-04-05 00:00:00+00:00,555.5499877929688,555.5499877929688,546.3499755859375,546.3499755859375
2016-04-06 00:00:00+00:00,558.0,558.0,539.7000122070312,539.7000122070312
2016-04-07 00:00:00+00:00,535.2999877929688,535.2999877929688,535.2999877929688,535.2999877929688
2016-04-08 00:00:00+00:00,540.1500244140625,540.1500244140625,540.1500244140625,540.1500244140625
2016-04-11 00:00:00+00:00,546.9000244140625,546.9000244140625,546.9000244140625,546.9000244140625
2016-04-12 00:00:00+00:00,545.5499877929688,545.5499877929688,545.5499877929688,545.5499877929688
2016-04-13 00:00:00+00:00,543.7000122070312,543.7000122070312,543.7000122070312,543.7000122070312
2016-04-14 00:00:00+00:00,561.9500122070312,561.9500122070312,561.9500122070312,561.9500122070312
2016-04-15 00:00:00+00:00,569.2999877929688,569.2999877929688,569.2999877929688,569.2999877929688
2016-04-18 00:00:00+00:00,569.0499877929688,569.0499877929688,569.0499877929688,569.0499877929688
2016-04-19 00:00:00+00:00,583.2000122070312,583.2000122070312,583.2000122070312,583.2000122070312
2016-04-20 00:00:00+00:00,598.0,598.0,598.0,598.0
2016-04-21 00:00:00+00:00,611.0,611.0,611.0,611.0
2016-04-22 00:00:00+00:00,607.1500244140625,607.1500244140625,607.1500244140625,607.1500244140625
2016-04-25 00:00:00+00:00,606.4500122070312,606.4500122070312,606.4500122070312,606.4500122070312
2016-04-26 00:00:00+00:00,605.25,605.25,605.25,605.25
2016-04-27 00:00:00+00:00,610.4000244140625,610.4000244140625,610.4000244140625,610.4000244140625
2016-04-28 00:00:00+00:00,609.6500244140625,624.5999755859375,609.6500244140625,624.5999755859375
2016-04-29 00:00:00+00:00,627.9000244140625,627.9000244140625,627.9000244140625,627.9000244140625
2016-05-02 00:00:00+00:00,625.0,625.0,625.0,625.0
2016-05-03 00:00:00+00:00,609.0999755859375,609.0999755859375,609.0999755859375,609.0999755859375
2016-05-04 00:00:00+00:00,596.7000122070312,596.7000122070312,596.7000122070312,596.7000122070312
2016-05-05 00:00:00+00:00,600.9500122070312,600.9500122070312,600.9500122070312,600.9500122070312
2016-05-06 00:00:00+00:00,607.4500122070312,607.4500122070312,607.4500122070312,607.4500122070312
2016-05-09 00:00:00+00:00,584.3499755859375,584.3499755859375,584.3499755859375,584.3499755859375
2016-05-10 00:00:00+00:00,592.4500122070312,592.4500122070312,592.4500122070312,592.4500122070312
2016-05-11 00:00:00+00:00,608.2999877929688,608.2999877929688,608.2999877929688,608.2999877929688
2016-05-12 00:00:00+00:00,596.9000244140625,596.9000244140625,596.9000244140625,596.9000244140625
2016-05-13 00:00:00+00:00,592.5999755859375,592.5999755859375,591.7000122070312,592.2000122070312
2016-05-16 00:00:00+00:00,590.7999877929688,590.7999877929688,590.7999877929688,590.7999877929688
2016-05-17 00:00:00+00:00,584.4000244140625,584.4000244140625,584.4000244140625,584.4000244140625
2016-05-18 00:00:00+00:00,579.4000244140625,579.4000244140625,579.4000244140625,579.4000244140625
2016-05-19 00:00:00+00:00,548.25,558.25,548.25,558.25
2016-05-20 00:00:00+00:00,558.7000122070312,558.7000122070312,558.7000122070312,558.7000122070312
2016-05-23 00:00:00+00:00,550.0499877929688,550.0499877929688,550.0499877929688,550.0499877929688
2016-05-24 00:00:00+00:00,537.75,537.75,537.75,537.75
2016-05-25 00:00:00+00:00,530.2000122070312,530.2000122070312,530.2000122070312,530.2000122070312
2016-05-26 00:00:00+00:00,543.2000122070312,543.2000122070312,543.2000122070312,543.2000122070312
2016-05-31 00:00:00+00:00,538.4500122070312,549.9500122070312,534.7999877929688,547.75
2016-06-01 00:00:00+00:00,547.7999877929688,547.7999877929688,547.2999877929688,547.2999877929688
2016-06-02 00:00:00+00:00,542.0,542.0,535.5999755859375,535.5999755859375
2016-06-03 00:00:00+00:00,540.5,559.9500122070312,540.0,549.25
2016-06-06 00:00:00+00:00,557.7000122070312,558.75,556.2999877929688,557.0499877929688
2016-06-07 00:00:00+00:00,553.5,553.6500244140625,552.9500122070312,552.9500122070312
2016-06-08 00:00:00+00:00,568.5499877929688,568.75,562.0,562.0
2016-06-09 00:00:00+00:00,556.5999755859375,561.4500122070312,555.6500244140625,561.4500122070312
2016-06-10 00:00:00+00:00,553.5999755859375,553.5999755859375,543.0499877929688,547.1500244140625
2016-06-13 00:00:00+00:00,546.7999877929688,546.7999877929688,545.75,546.6500244140625
2016-06-14 00:00:00+00:00,540.25,541.9500122070312,535.9500122070312,536.5499877929688
2016-06-15 00:00:00+00:00,544.7999877929688,544.7999877929688,531.3499755859375,533.2999877929688
2016-06-16 00:00:00+00:00,535.0499877929688,539.7999877929688,530.7999877929688,535.8499755859375
2016-06-17 00:00:00+00:00,530.5499877929688,534.5999755859375,530.5499877929688,532.6500244140625
2016-06-20 00:00:00+00:00,545.25,550.5499877929688,545.2000122070312,550.5499877929688
2016-06-21 00:00:00+00:00,543.8499755859375,554.0499877929688,543.8499755859375,554.0499877929688
2016-06-22 00:00:00+00:00,564.9500122070312,564.9500122070312,564.9500122070312,564.9500122070312
2016-06-23 00:00:00+00:00,568.25,568.25,568.25,568.25
2016-06-24 00:00:00+00:00,552.4000244140625,553.0,548.7999877929688,548.7999877929688
2016-06-27 00:00:00+00:00,553.5999755859375,559.75,553.5999755859375,559.75
2016-06-28 00:00:00+00:00,572.25,572.25,572.25,572.25
2016-06-29 00:00:00+00:00,584.0499877929688,591.5499877929688,584.0499877929688,591.5499877929688
2016-06-30 00:00:00+00:00,592.6500244140625,598.1500244140625,592.6500244140625,598.1500244140625
2016-07-01 00:00:00+00:00,606.1500244140625,606.1500244140625,606.1500244140625,606.1500244140625
2016-07-05 00:00:00+00:00,592.7000122070312,603.1500244140625,592.7000122070312,603.1500244140625
2016-07-06 00:00:00+00:00,599.5,608.0499877929688,599.5,608.0499877929688
2016-07-07 00:00:00+00:00,612.8499755859375,612.8499755859375,612.8499755859375,612.8499755859375
2016-07-08 00:00:00+00:00,617.5999755859375,617.5999755859375,617.5999755859375,617.5999755859375
2016-07-11 00:00:00+00:00,625.7999877929688,625.7999877929688,625.7999877929688,625.7999877929688
2016-07-12 00:00:00+00:00,629.0,629.0,629.0,629.0
2016-07-13 00:00:00+00:00,644.2999877929688,644.2999877929688,644.2999877929688,644.2999877929688
2016-07-14 00:00:00+00:00,651.5999755859375,651.5999755859375,651.5999755859375,651.5999755859375
2016-07-15 00:00:00+00:00,647.9000244140625,647.9000244140625,647.9000244140625,647.9000244140625
2016-07-18 00:00:00+00:00,646.5499877929688,646.5499877929688,646.5499877929688,646.5499877929688
2016-07-19 00:00:00+00:00,656.9000244140625,656.9000244140625,656.9000244140625,656.9000244140625
2016-07-20 00:00:00+00:00,674.4000244140625,674.4000244140625,674.4000244140625,674.4000244140625
2016-07-21 00:00:00+00:00,683.8499755859375,683.8499755859375,683.8499755859375,683.8499755859375
2016-07-22 00:00:00+00:00,684.4500122070312,684.4500122070312,684.4500122070312,684.4500122070312
2016-07-25 00:00:00+00:00,687.1500244140625,687.1500244140625,687.1500244140625,687.1500244140625
2016-07-26 00:00:00+00:00,691.2000122070312,691.2000122070312,691.2000122070312,691.2000122070312
2016-07-27 00:00:00+00:00,702.2999877929688,702.2999877929688,702.2999877929688,702.2999877929688
2016-07-28 00:00:00+00:00,697.3499755859375,697.3499755859375,697.3499755859375,697.3499755859375
2016-07-29 00:00:00+00:00,708.4500122070312,708.4500122070312,708.4500122070312,708.4500122070312
2016-08-01 00:00:00+00:00,714.9500122070312,714.9500122070312,714.9500122070312,714.9500122070312
2016-08-02 00:00:00+00:00,716.4000244140625,716.4000244140625,716.4000244140625,716.4000244140625
2016-08-03 00:00:00+00:00,712.5499877929688,712.5499877929688,712.5499877929688,712.5499877929688
2016-08-04 00:00:00+00:00,704.75,704.75,704.75,704.75
2016-08-05 00:00:00+00:00,695.0499877929688,695.0499877929688,695.0499877929688,695.0499877929688
2016-08-08 00:00:00+00:00,692.0499877929688,692.0499877929688,692.0499877929688,692.0499877929688
2016-08-09 00:00:00+00:00,693.0999755859375,693.0999755859375,693.0999755859375,693.0999755859375
2016-08-10 00:00:00+00:00,725.1500244140625,725.1500244140625,725.1500244140625,725.1500244140625
2016-08-11 00:00:00+00:00,690.5499877929688,690.5499877929688,690.5499877929688,690.5499877929688
2016-08-12 00:00:00+00:00,689.5499877929688,689.5499877929688,689.5499877929688,689.5499877929688
2016-08-15 00:00:00+00:00,691.0999755859375,691.0999755859375,691.0999755859375,691.0999755859375
2016-08-16 00:00:00+00:00,704.0499877929688,704.0499877929688,704.0499877929688,704.0499877929688
2016-08-17 00:00:00+00:00,690.7000122070312,690.7000122070312,690.7000122070312,690.7000122070312
2016-08-18 00:00:00+00:00,712.4000244140625,712.4000244140625,712.4000244140625,712.4000244140625
2016-08-19 00:00:00+00:00,708.4500122070312,708.4500122070312,708.4500122070312,708.4500122070312
2016-08-22 00:00:00+00:00,691.25,691.25,691.25,691.25
2016-08-23 00:00:00+00:00,698.9500122070312,698.9500122070312,698.9500122070312,698.9500122070312
2016-08-24 00:00:00+00:00,682.4000244140625,682.4000244140625,682.4000244140625,682.4000244140625
2016-08-25 00:00:00+00:00,684.9000244140625,684.9000244140625,684.9000244140625,684.9000244140625
2016-08-26 00:00:00+00:00,692.0499877929688,692.0499877929688,692.0499877929688,692.0499877929688
2016-08-29 00:00:00+00:00,697.2999877929688,697.2999877929688,697.2999877929688,697.2999877929688
2016-08-30 00:00:00+00:00,697.5,699.75,674.6500244140625,677.9500122070312
2016-08-31 00:00:00+00:00,683.4000244140625,687.7000122070312,668.2999877929688,668.7000122070312
2016-09-01 00:00:00+00:00,674.0,674.0,661.25,661.25
2016-09-02 00:00:00+00:00,669.2999877929688,674.2000122070312,669.2999877929688,674.2000122070312
2016-09-06 00:00:00+00:00,679.5499877929688,701.2000122070312,679.5499877929688,701.2000122070312
2016-09-07 00:00:00+00:00,701.0,708.9500122070312,688.0999755859375,688.0999755859375
2016-09-08 00:00:00+00:00,695.5499877929688,695.5499877929688,684.9000244140625,687.7999877929688
2016-09-09 00:00:00+00:00,678.5,679.4500122070312,678.5,679.4500122070312
2016-09-12 00:00:00+00:00,678.75,678.75,656.7000122070312,656.7000122070312
2016-09-13 00:00:00+00:00,665.5499877929688,669.7000122070312,656.0999755859375,656.0999755859375
2016-09-14 00:00:00+00:00,656.5,656.5,656.5,656.5
2016-09-15 00:00:00+00:00,656.5999755859375,656.5999755859375,656.5999755859375,656.5999755859375
2016-09-16 00:00:00+00:00,672.8499755859375,672.8499755859375,672.8499755859375,672.8499755859375
2016-09-19 00:00:00+00:00,686.7000122070312,686.7000122070312,686.7000122070312,686.7000122070312
2016-09-20 00:00:00+00:00,683.9500122070312,683.9500122070312,683.9500122070312,683.9500122070312
2016-09-21 00:00:00+00:00,684.25,684.25,684.25,684.25
2016-09-22 00:00:00+00:00,695.6500244140625,701.0,691.4500122070312,701.0
2016-09-23 00:00:00+00:00,703.2999877929688,706.4000244140625,702.9500122070312,706.4000244140625
2016-09-26 00:00:00+00:00,696.0499877929688,696.0499877929688,696.0499877929688,696.0499877929688
2016-09-27 00:00:00+00:00,701.4000244140625,701.4000244140625,700.1500244140625,700.1500244140625
2016-09-28 00:00:00+00:00,710.0,713.5,710.0,713.5
2016-09-29 00:00:00+00:00,718.5,718.5,718.5,718.5
2016-09-30 00:00:00+00:00,720.5,720.5,720.5,720.5
2016-10-03 00:00:00+00:00,710.75,710.75,710.75,710.75
2016-10-04 00:00:00+00:00,704.0,704.0,698.5,698.5
2016-10-05 00:00:00+00:00,674.5499877929688,674.5499877929688,674.5499877929688,674.5499877929688
2016-10-06 00:00:00+00:00,665.0999755859375,665.0999755859375,665.0999755859375,665.0999755859375
2016-10-07 00:00:00+00:00,666.3499755859375,666.3499755859375,666.3499755859375,666.3499755859375
2016-10-11 00:00:00+00:00,647.0999755859375,647.0999755859375,647.0999755859375,647.0999755859375
2016-10-12 00:00:00+00:00,648.0499877929688,648.0499877929688,648.0499877929688,648.0499877929688
2016-10-13 00:00:00+00:00,635.7999877929688,635.7999877929688,635.7999877929688,635.7999877929688
2016-10-14 00:00:00+00:00,647.25,647.25,647.25,647.25
2016-10-17 00:00:00+00:00,636.75,636.75,636.75,636.75
2016-10-18 00:00:00+00:00,638.3499755859375,638.3499755859375,638.3499755859375,638.3499755859375
2016-10-19 00:00:00+00:00,634.4500122070312,634.4500122070312,634.4500122070312,634.4500122070312
2016-10-20 00:00:00+00:00,631.7999877929688,631.7999877929688,631.7999877929688,631.7999877929688
2016-10-21 00:00:00+00:00,619.7000122070312,619.7000122070312,619.7000122070312,619.7000122070312
2016-10-24 00:00:00+00:00,629.7000122070312,629.7000122070312,629.7000122070312,629.7000122070312
2016-10-25 00:00:00+00:00,633.7999877929688,633.7999877929688,633.7999877929688,633.7999877929688
2016-10-26 00:00:00+00:00,619.9000244140625,619.9000244140625,619.9000244140625,619.9000244140625
2016-10-27 00:00:00+00:00,612.1500244140625,612.1500244140625,612.1500244140625,612.1500244140625
2016-10-28 00:00:00+00:00,615.7999877929688,615.7999877929688,615.7999877929688,615.7999877929688
2016-10-31 00:00:00+00:00,617.4500122070312,617.4500122070312,617.4500122070312,617.4500122070312
2016-11-01 00:00:00+00:00,633.5499877929688,633.5499877929688,633.5499877929688,633.5499877929688
2016-11-02 00:00:00+00:00,630.4000244140625,633.9500122070312,628.75,633.9500122070312
2016-11-03 00:00:00+00:00,617.0499877929688,617.0499877929688,617.0499877929688,617.0499877929688
2016-11-04 00:00:00+00:00,624.25,624.25,624.25,624.25
2016-11-07 00:00:00+00:00,655.8499755859375,655.8499755859375,655.8499755859375,655.8499755859375
2016-11-08 00:00:00+00:00,664.9500122070312,664.9500122070312,664.9500122070312,664.9500122070312
2016-11-09 00:00:00+00:00,680.9000244140625,680.9000244140625,680.9000244140625,680.9000244140625
2016-11-10 00:00:00+00:00,695.9500122070312,695.9500122070312,695.9500122070312,695.9500122070312
2016-11-14 00:00:00+00:00,697.1500244140625,697.1500244140625,697.1500244140625,697.1500244140625
2016-11-15 00:00:00+00:00,700.0,705.4000244140625,700.0,705.4000244140625
2016-11-16 00:00:00+00:00,718.25,718.25,718.25,718.25
2016-11-17 00:00:00+00:00,729.0999755859375,729.0999755859375,729.0999755859375,729.0999755859375
2016-11-18 00:00:00+00:00,727.25,727.25,727.25,727.25
2016-11-21 00:00:00+00:00,726.0,726.0,726.0,726.0
2016-11-22 00:00:00+00:00,743.7000122070312,743.7000122070312,743.7000122070312,743.7000122070312
2016-11-23 00:00:00+00:00,736.8499755859375,736.8499755859375,736.8499755859375,736.8499755859375
2016-11-25 00:00:00+00:00,740.5,740.5,740.5,740.5
2016-11-28 00:00:00+00:00,755.7999877929688,755.7999877929688,755.7999877929688,755.7999877929688
2016-11-29 00:00:00+00:00,755.5499877929688,766.0,754.0,763.6500244140625
2016-11-30 00:00:00+00:00,763.7000122070312,774.75,763.25,771.6500244140625
2016-12-01 00:00:00+00:00,775.7000122070312,775.7000122070312,747.5,751.0
2016-12-02 00:00:00+00:00,755.4000244140625,755.4000244140625,738.9500122070312,744.7999877929688
2016-12-05 00:00:00+00:00,729.0,745.9500122070312,729.0,745.9500122070312
2016-12-06 00:00:00+00:00,746.75,746.9500122070312,733.5999755859375,734.5499877929688
2016-12-07 00:00:00+00:00,735.4500122070312,735.4500122070312,733.0,733.0
2016-12-08 00:00:00+00:00,736.5,739.2999877929688,726.5999755859375,739.2999877929688
2016-12-09 00:00:00+00:00,735.1500244140625,735.1500244140625,735.1500244140625,735.1500244140625
2016-12-12 00:00:00+00:00,727.3499755859375,727.3499755859375,727.3499755859375,727.3499755859375
2016-12-13 00:00:00+00:00,729.5999755859375,729.5999755859375,729.5999755859375,729.5999755859375
2016-12-14 00:00:00+00:00,731.5499877929688,731.5499877929688,731.5499877929688,731.5499877929688
2016-12-15 00:00:00+00:00,723.0,725.5499877929688,706.2999877929688,706.2999877929688
2016-12-16 00:00:00+00:00,686.0,697.9000244140625,681.0,697.9000244140625
2016-12-19 00:00:00+00:00,679.3499755859375,679.3499755859375,679.3499755859375,679.3499755859375
2016-12-20 00:00:00+00:00,671.3499755859375,671.3499755859375,671.3499755859375,671.3499755859375
2016-12-21 00:00:00+00:00,660.4000244140625,660.4000244140625,660.4000244140625,660.4000244140625
2016-12-22 00:00:00+00:00,657.0999755859375,657.0999755859375,657.0999755859375,657.0999755859375
2016-12-23 00:00:00+00:00,655.3499755859375,655.3499755859375,655.3499755859375,655.3499755859375
2016-12-27 00:00:00+00:00,660.9000244140625,676.0,659.0999755859375,674.2999877929688
2016-12-28 00:00:00+00:00,667.2999877929688,667.3499755859375,667.2999877929688,667.3499755859375
2016-12-29 00:00:00+00:00,675.0499877929688,675.0499877929688,675.0499877929688,675.0499877929688
2016-12-30 00:00:00+00:00,682.6500244140625,682.6500244140625,682.6500244140625,682.6500244140625
2017-01-03 00:00:00+00:00,709.2999877929688,709.2999877929688,709.2999877929688,709.2999877929688
2017-01-04 00:00:00+00:00,738.2000122070312,738.2000122070312,738.2000122070312,738.2000122070312
2017-01-05 00:00:00+00:00,740.1500244140625,740.1500244140625,737.5999755859375,737.5999755859375
2017-01-06 00:00:00+00:00,757.75,757.75,757.75,757.75
2017-01-09 00:00:00+00:00,756.5499877929688,756.5499877929688,756.5499877929688,756.5499877929688
2017-01-10 00:00:00+00:00,764.6500244140625,764.6500244140625,764.6500244140625,764.6500244140625
2017-01-11 00:00:00+00:00,753.2999877929688,753.2999877929688,753.2999877929688,753.2999877929688
2017-01-12 00:00:00+00:00,764.6500244140625,764.6500244140625,764.6500244140625,764.6500244140625
2017-01-13 00:00:00+00:00,748.5499877929688,748.5499877929688,748.5499877929688,748.5499877929688
2017-01-17 00:00:00+00:00,747.4000244140625,754.2999877929688,747.4000244140625,752.4000244140625
2017-01-18 00:00:00+00:00,750.4000244140625,750.4000244140625,750.4000244140625,750.4000244140625
2017-01-19 00:00:00+00:00,750.5499877929688,750.5499877929688,750.5499877929688,750.5499877929688
2017-01-20 00:00:00+00:00,787.7999877929688,787.7999877929688,787.7999877929688,787.7999877929688
2017-01-23 00:00:00+00:00,770.9000244140625,770.9000244140625,770.9000244140625,770.9000244140625
2017-01-24 00:00:00+00:00,795.25,795.25,795.25,795.25
2017-01-25 00:00:00+00:00,735.5,735.5,735.5,735.5
2017-01-26 00:00:00+00:00,723.8499755859375,723.8499755859375,723.8499755859375,723.8499755859375
2017-01-27 00:00:00+00:00,738.0,738.0,738.0,738.0
2017-01-30 00:00:00+00:00,738.5,738.5,738.5,738.5
2017-01-31 00:00:00+00:00,754.3499755859375,754.3499755859375,754.3499755859375,754.3499755859375
2017-02-01 00:00:00+00:00,762.9500122070312,762.9500122070312,762.9500122070312,762.9500122070312
2017-02-02 00:00:00+00:00,759.0999755859375,759.0999755859375,759.0999755859375,759.0999755859375
2017-02-03 00:00:00+00:00,749.0499877929688,749.0499877929688,749.0499877929688,749.0499877929688
2017-02-06 00:00:00+00:00,774.3499755859375,774.3499755859375,774.3499755859375,774.3499755859375
2017-02-07 00:00:00+00:00,764.5,764.5,764.5,764.5
2017-02-08 00:00:00+00:00,769.7999877929688,769.7999877929688,769.7999877929688,769.7999877929688
2017-02-09 00:00:00+00:00,772.5999755859375,772.5999755859375,772.5999755859375,772.5999755859375
2017-02-10 00:00:00+00:00,783.1500244140625,783.1500244140625,783.1500244140625,783.1500244140625
2017-02-13 00:00:00+00:00,775.0,775.0,775.0,775.0
2017-02-14 00:00:00+00:00,780.9500122070312,780.9500122070312,780.9500122070312,780.9500122070312
2017-02-15 00:00:00+00:00,784.5,787.0,784.5,786.25
2017-02-16 00:00:00+00:00,793.3499755859375,793.3499755859375,793.3499755859375,793.3499755859375
2017-02-17 00:00:00+00:00,779.25,779.25,779.25,779.25
2017-02-21 00:00:00+00:00,778.8499755859375,778.8499755859375,778.8499755859375,778.8499755859375
2017-02-22 00:00:00+00:00,769.0999755859375,769.0999755859375,769.0999755859375,769.0999755859375
2017-02-23 00:00:00+00:00,773.3499755859375,773.3499755859375,773.3499755859375,773.3499755859375
2017-02-24 00:00:00+00:00,771.7000122070312,771.7000122070312,771.7000122070312,771.7000122070312
2017-02-27 00:00:00+00:00,772.2000122070312,788.0,768.7999877929688,784.0499877929688
2017-02-28 00:00:00+00:00,783.2000122070312,785.75,768.0,770.7000122070312
2017-03-01 00:00:00+00:00,771.5,778.0499877929688,770.2999877929688,778.0499877929688
2017-03-02 00:00:00+00:00,774.0,776.4000244140625,767.0,769.25
2017-03-03 00:00:00+00:00,770.4500122070312,770.4500122070312,759.0,767.8499755859375
2017-03-06 00:00:00+00:00,772.3499755859375,774.0,767.2999877929688,774.0
2017-03-07 00:00:00+00:00,773.9000244140625,776.75,773.9000244140625,776.75
2017-03-08 00:00:00+00:00,771.4500122070312,774.0,770.0499877929688,772.4000244140625
2017-03-09 00:00:00+00:00,773.75,773.75,748.9000244140625,748.9000244140625
2017-03-10 00:00:00+00:00,753.0,753.0,746.0,746.0
2017-03-13 00:00:00+00:00,755.5,755.5,755.2999877929688,755.2999877929688
2017-03-14 00:00:00+00:00,750.3499755859375,750.3499755859375,742.6500244140625,742.6500244140625
2017-03-15 00:00:00+00:00,744.4000244140625,763.2999877929688,744.4000244140625,747.4500122070312
2017-03-16 00:00:00+00:00,775.6500244140625,775.6500244140625,768.6500244140625,768.6500244140625
2017-03-17 00:00:00+00:00,776.8499755859375,777.7999877929688,776.7999877929688,777.7999877929688
2017-03-20 00:00:00+00:00,783.6500244140625,783.6500244140625,783.6500244140625,783.6500244140625
2017-03-21 00:00:00+00:00,789.6500244140625,789.6500244140625,789.6500244140625,789.6500244140625
2017-03-22 00:00:00+00:00,788.2999877929688,791.4500122070312,788.2999877929688,791.4500122070312
2017-03-23 00:00:00+00:00,801.9000244140625,801.9000244140625,801.9000244140625,801.9000244140625
2017-03-24 00:00:00+00:00,815.0999755859375,815.0999755859375,815.0999755859375,815.0999755859375
2017-03-27 00:00:00+00:00,814.4500122070312,814.4500122070312,798.4000244140625,798.4500122070312
2017-03-28 00:00:00+00:00,792.0,796.5,789.5499877929688,794.5999755859375
2017-03-29 00:00:00+00:00,791.8499755859375,792.5,791.8499755859375,792.2000122070312
2017-03-30 00:00:00+00:00,788.0,803.4500122070312,788.0,797.5
2017-03-31 00:00:00+00:00,798.1500244140625,798.1500244140625,798.1500244140625,798.1500244140625
2017-04-03 00:00:00+00:00,802.5499877929688,802.5499877929688,802.5499877929688,802.5499877929688
2017-04-04 00:00:00+00:00,806.9500122070312,806.9500122070312,806.9500122070312,806.9500122070312
2017-04-05 00:00:00+00:00,807.75,807.75,807.75,807.75
2017-04-06 00:00:00+00:00,803.9500122070312,806.9500122070312,803.9500122070312,803.9500122070312
2017-04-07 00:00:00+00:00,803.5499877929688,803.5499877929688,803.5499877929688,803.5499877929688
2017-04-10 00:00:00+00:00,789.8499755859375,789.8499755859375,789.8499755859375,789.8499755859375
2017-04-11 00:00:00+00:00,802.9500122070312,802.9500122070312,802.9500122070312,802.9500122070312
2017-04-12 00:00:00+00:00,797.0,797.0,796.1500244140625,796.1500244140625
2017-04-13 00:00:00+00:00,795.75,795.75,795.75,795.75
2017-04-17 00:00:00+00:00,788.4000244140625,788.4000244140625,788.4000244140625,788.4000244140625
2017-04-18 00:00:00+00:00,770.8499755859375,770.8499755859375,770.8499755859375,770.8499755859375
2017-04-19 00:00:00+00:00,775.4500122070312,775.4500122070312,775.4500122070312,775.4500122070312
2017-04-20 00:00:00+00:00,802.75,802.75,802.75,802.75
2017-04-21 00:00:00+00:00,790.5999755859375,790.5999755859375,790.5999755859375,790.5999755859375
2017-04-24 00:00:00+00:00,795.2999877929688,795.2999877929688,795.2999877929688,795.2999877929688
2017-04-25 00:00:00+00:00,796.5,796.5,796.5,796.5
2017-04-26 00:00:00+00:00,805.0,805.0,805.0,805.0
2017-04-27 00:00:00+00:00,812.8499755859375,812.8499755859375,812.8499755859375,812.8499755859375
2017-04-28 00:00:00+00:00,826.5499877929688,826.5499877929688,826.5499877929688,826.5499877929688
2017-05-01 00:00:00+00:00,814.2999877929688,814.2999877929688,814.2999877929688,814.2999877929688
2017-05-02 00:00:00+00:00,813.4500122070312,813.4500122070312,813.4500122070312,813.4500122070312
2017-05-03 00:00:00+00:00,799.1500244140625,799.1500244140625,799.1500244140625,799.1500244140625
2017-05-04 00:00:00+00:00,800.5,800.5,800.5,800.5
2017-05-05 00:00:00+00:00,812.9000244140625,812.9000244140625,812.9000244140625,812.9000244140625
2017-05-08 00:00:00+00:00,805.4000244140625,805.4000244140625,805.4000244140625,805.4000244140625
2017-05-09 00:00:00+00:00,793.4500122070312,793.4500122070312,793.4500122070312,793.4500122070312
2017-05-10 00:00:00+00:00,799.2000122070312,799.2000122070312,799.2000122070312,799.2000122070312
2017-05-11 00:00:00+00:00,798.7999877929688,798.7999877929688,798.7999877929688,798.7999877929688
2017-05-12 00:00:00+00:00,803.3499755859375,803.3499755859375,803.3499755859375,803.3499755859375
2017-05-15 00:00:00+00:00,796.8499755859375,796.8499755859375,796.8499755859375,796.8499755859375
2017-05-16 00:00:00+00:00,791.8499755859375,791.8499755859375,791.8499755859375,791.8499755859375
2017-05-17 00:00:00+00:00,776.8499755859375,776.8499755859375,776.8499755859375,776.8499755859375
2017-05-18 00:00:00+00:00,765.2999877929688,765.2999877929688,765.2999877929688,765.2999877929688
2017-05-19 00:00:00+00:00,760.5499877929688,760.5499877929688,760.5499877929688,760.5499877929688
2017-05-22 00:00:00+00:00,758.9500122070312,758.9500122070312,758.9500122070312,758.9500122070312
2017-05-23 00:00:00+00:00,772.2000122070312,772.2000122070312,772.2000122070312,772.2000122070312
2017-05-24 00:00:00+00:00,761.5,761.5,761.5,761.5
2017-05-25 00:00:00+00:00,768.8499755859375,768.8499755859375,768.8499755859375,768.8499755859375
2017-05-26 00:00:00+00:00,786.9500122070312,786.9500122070312,786.9500122070312,786.9500122070312
2017-05-30 00:00:00+00:00,789.5,808.7000122070312,789.0,806.2000122070312
2017-05-31 00:00:00+00:00,806.5,822.7999877929688,806.5,819.8499755859375
2017-06-01 00:00:00+00:00,818.5,828.5499877929688,815.3499755859375,827.0
2017-06-02 00:00:00+00:00,829.6500244140625,842.5,829.6500244140625,837.9500122070312
2017-06-05 00:00:00+00:00,842.3499755859375,846.3499755859375,838.3499755859375,845.75
2017-06-06 00:00:00+00:00,851.9500122070312,855.2999877929688,851.9500122070312,852.2999877929688
2017-06-07 00:00:00+00:00,847.3499755859375,847.3499755859375,831.2999877929688,834.2000122070312
2017-06-08 00:00:00+00:00,833.7000122070312,857.0,833.7000122070312,854.9000244140625
2017-06-09 00:00:00+00:00,852.0,900.3499755859375,852.0,864.5999755859375
2017-06-12 00:00:00+00:00,875.2000122070312,883.5999755859375,872.6500244140625,872.6500244140625
2017-06-13 00:00:00+00:00,882.0,882.0,866.25,866.25
2017-06-14 00:00:00+00:00,862.7999877929688,869.5,862.7999877929688,863.2999877929688
2017-06-15 00:00:00+00:00,869.7000122070312,869.7000122070312,867.2999877929688,868.75
2017-06-16 00:00:00+00:00,887.8499755859375,893.9500122070312,887.8499755859375,888.6500244140625
2017-06-19 00:00:00+00:00,875.8499755859375,875.8499755859375,875.8499755859375,875.8499755859375
2017-06-20 00:00:00+00:00,875.75,885.9500122070312,865.0,885.1500244140625
2017-06-21 00:00:00+00:00,886.6500244140625,894.4500122070312,886.6500244140625,894.4500122070312
2017-06-22 00:00:00+00:00,899.5499877929688,903.2999877929688,888.0999755859375,898.4000244140625
2017-06-23 00:00:00+00:00,876.0999755859375,876.0999755859375,874.0499877929688,874.5499877929688
2017-06-26 00:00:00+00:00,868.0,880.8499755859375,868.0,880.8499755859375
2017-06-27 00:00:00+00:00,878.9500122070312,878.9500122070312,875.25,875.25
2017-06-28 00:00:00+00:00,871.5,871.5,871.5,871.5
2017-06-29 00:00:00+00:00,858.4500122070312,860.7999877929688,858.4500122070312,858.4500122070312
2017-06-30 00:00:00+00:00,860.4500122070312,860.5499877929688,849.0,849.0
2017-07-03 00:00:00+00:00,854.75,854.75,854.75,854.75
2017-07-05 00:00:00+00:00,847.4000244140625,847.7999877929688,846.75,846.75
2017-07-06 00:00:00+00:00,837.9000244140625,844.2000122070312,837.9000244140625,844.2000122070312
2017-07-07 00:00:00+00:00,843.25,843.25,843.25,843.25
2017-07-10 00:00:00+00:00,849.3499755859375,849.3499755859375,849.3499755859375,849.3499755859375
2017-07-11 00:00:00+00:00,857.9500122070312,857.9500122070312,857.9500122070312,857.9500122070312
2017-07-12 00:00:00+00:00,872.6500244140625,872.6500244140625,872.6500244140625,872.6500244140625
2017-07-13 00:00:00+00:00,865.8499755859375,865.8499755859375,865.8499755859375,865.8499755859375
2017-07-14 00:00:00+00:00,865.75,865.75,865.75,865.75
2017-07-17 00:00:00+00:00,870.5499877929688,870.5499877929688,870.5499877929688,870.5499877929688
2017-07-18 00:00:00+00:00,869.4000244140625,869.4000244140625,869.4000244140625,869.4000244140625
2017-07-19 00:00:00+00:00,865.75,865.75,864.1500244140625,864.1500244140625
2017-07-20 00:00:00+00:00,852.5999755859375,852.5999755859375,852.5999755859375,852.5999755859375
2017-07-21 00:00:00+00:00,849.3499755859375,849.3499755859375,849.3499755859375,849.3499755859375
2017-07-24 00:00:00+00:00,854.0499877929688,854.9000244140625,854.0499877929688,854.0499877929688
2017-07-25 00:00:00+00:00,864.0,865.0,861.9500122070312,861.9500122070312
2017-07-26 00:00:00+00:00,867.9000244140625,867.9000244140625,867.9000244140625,867.9000244140625
2017-07-27 00:00:00+00:00,881.9000244140625,881.9000244140625,881.9000244140625,881.9000244140625
2017-07-28 00:00:00+00:00,885.25,885.25,883.0,885.25
2017-07-31 00:00:00+00:00,890.5,890.5,885.0,890.5
2017-08-01 00:00:00+00:00,898.4000244140625,898.4000244140625,898.4000244140625,898.4000244140625
2017-08-02 00:00:00+00:00,897.2000122070312,897.2000122070312,897.2000122070312,897.2000122070312
2017-08-03 00:00:00+00:00,886.0,886.0,886.0,886.0
2017-08-04 00:00:00+00:00,879.7999877929688,879.7999877929688,879.7999877929688,879.7999877929688
2017-08-07 00:00:00+00:00,890.2000122070312,890.2000122070312,890.2000122070312,890.2000122070312
2017-08-08 00:00:00+00:00,903.4000244140625,903.4000244140625,903.4000244140625,903.4000244140625
2017-08-09 00:00:00+00:00,896.8499755859375,896.8499755859375,896.8499755859375,896.8499755859375
2017-08-10 00:00:00+00:00,902.0499877929688,902.0499877929688,902.0499877929688,902.0499877929688
2017-08-11 00:00:00+00:00,899.7000122070312,899.7000122070312,899.7000122070312,899.7000122070312
2017-08-14 00:00:00+00:00,903.1500244140625,903.1500244140625,903.1500244140625,903.1500244140625
2017-08-15 00:00:00+00:00,897.0499877929688,897.0499877929688,897.0499877929688,897.0499877929688
2017-08-16 00:00:00+00:00,912.7000122070312,912.7000122070312,912.7000122070312,912.7000122070312
2017-08-17 00:00:00+00:00,928.5499877929688,928.5499877929688,928.5499877929688,928.5499877929688
2017-08-18 00:00:00+00:00,929.5,929.5,929.5,929.5
2017-08-21 00:00:00+00:00,941.4000244140625,941.4000244140625,941.4000244140625,941.4000244140625
2017-08-22 00:00:00+00:00,934.75,934.75,934.75,934.75
2017-08-23 00:00:00+00:00,935.4000244140625,935.4000244140625,935.4000244140625,935.4000244140625
2017-08-24 00:00:00+00:00,938.5499877929688,938.5499877929688,938.5499877929688,938.5499877929688
2017-08-25 00:00:00+00:00,933.4500122070312,933.4500122070312,933.4500122070312,933.4500122070312
2017-08-28 00:00:00+00:00,936.5999755859375,936.5999755859375,936.5999755859375,936.5999755859375
2017-08-29 00:00:00+00:00,947.4500122070312,947.4500122070312,947.4500122070312,947.4500122070312
2017-08-30 00:00:00+00:00,944.2000122070312,945.5,926.6500244140625,931.3499755859375
2017-08-31 00:00:00+00:00,927.6500244140625,936.2000122070312,927.5,931.9500122070312
2017-09-01 00:00:00+00:00,939.9000244140625,983.2000122070312,939.9000244140625,981.1500244140625
2017-09-05 00:00:00+00:00,978.2999877929688,992.2000122070312,958.0,963.0499877929688
2017-09-06 00:00:00+00:00,963.5,963.5,938.1500244140625,938.1500244140625
2017-09-07 00:00:00+00:00,943.1500244140625,955.0999755859375,941.5,955.0999755859375
2017-09-08 00:00:00+00:00,961.0,961.0,934.2999877929688,936.9500122070312
2017-09-11 00:00:00+00:00,935.5,939.1500244140625,935.5,937.2999877929688
2017-09-12 00:00:00+00:00,936.0,955.8499755859375,936.0,949.0499877929688
2017-09-13 00:00:00+00:00,948.3499755859375,948.3499755859375,939.3499755859375,939.3499755859375
2017-09-14 00:00:00+00:00,937.2000122070312,937.2000122070312,919.9500122070312,919.9500122070312
2017-09-15 00:00:00+00:00,927.4000244140625,927.4000244140625,927.4000244140625,927.4000244140625
2017-09-18 00:00:00+00:00,934.9500122070312,934.9500122070312,934.9500122070312,934.9500122070312
2017-09-19 00:00:00+00:00,909.9000244140625,913.0,902.5,905.7000122070312
2017-09-20 00:00:00+00:00,909.0499877929688,911.5499877929688,909.0499877929688,911.5499877929688
2017-09-21 00:00:00+00:00,912.0,912.9500122070312,912.0,912.9500122070312
2017-09-22 00:00:00+00:00,918.0,920.5,918.0,920.5
2017-09-25 00:00:00+00:00,914.9500122070312,914.9500122070312,910.0499877929688,910.3499755859375
2017-09-26 00:00:00+00:00,910.75,914.7000122070312,910.75,914.7000122070312
2017-09-27 00:00:00+00:00,908.2000122070312,925.2000122070312,908.2000122070312,925.2000122070312
2017-09-28 00:00:00+00:00,928.9500122070312,928.9500122070312,928.9500122070312,928.9500122070312
2017-09-29 00:00:00+00:00,937.9500122070312,937.9500122070312,937.9500122070312,937.9500122070312
2017-10-02 00:00:00+00:00,912.4000244140625,912.4000244140625,912.4000244140625,912.4000244140625
2017-10-03 00:00:00+00:00,918.0,918.0,918.0,918.0
2017-10-04 00:00:00+00:00,920.75,920.75,920.75,920.75
2017-10-05 00:00:00+00:00,937.5999755859375,937.5999755859375,937.5999755859375,937.5999755859375
2017-10-06 00:00:00+00:00,920.0999755859375,920.0999755859375,920.0999755859375,920.0999755859375
2017-10-09 00:00:00+00:00,929.0999755859375,929.0999755859375,929.0999755859375,929.0999755859375
2017-10-10 00:00:00+00:00,934.75,934.75,934.75,934.75
2017-10-11 00:00:00+00:00,960.0499877929688,960.0499877929688,960.0499877929688,960.0499877929688
2017-10-12 00:00:00+00:00,974.7999877929688,974.7999877929688,974.7999877929688,974.7999877929688
2017-10-13 00:00:00+00:00,985.0,986.5999755859375,985.0,986.5999755859375
2017-10-16 00:00:00+00:00,977.4000244140625,977.4000244140625,977.4000244140625,977.4000244140625
2017-10-17 00:00:00+00:00,977.0499877929688,977.0499877929688,977.0499877929688,977.0499877929688
2017-10-18 00:00:00+00:00,954.0499877929688,954.0499877929688,954.0499877929688,954.0499877929688
2017-10-19 00:00:00+00:00,953.9000244140625,953.9000244140625,953.9000244140625,953.9000244140625
2017-10-20 00:00:00+00:00,970.9500122070312,970.9500122070312,970.9500122070312,970.9500122070312
2017-10-23 00:00:00+00:00,951.0499877929688,951.0499877929688,951.0499877929688,951.0499877929688
2017-10-24 00:00:00+00:00,962.2999877929688,962.2999877929688,962.2999877929688,962.2999877929688
2017-10-25 00:00:00+00:00,959.2000122070312,959.2000122070312,959.2000122070312,959.2000122070312
2017-10-26 00:00:00+00:00,969.2000122070312,969.2000122070312,969.2000122070312,969.2000122070312
2017-10-27 00:00:00+00:00,959.3499755859375,959.3499755859375,959.3499755859375,959.3499755859375
2017-10-30 00:00:00+00:00,964.0499877929688,964.0499877929688,964.0499877929688,964.0499877929688
2017-10-31 00:00:00+00:00,980.5499877929688,980.5499877929688,980.5499877929688,980.5499877929688
2017-11-01 00:00:00+00:00,999.5499877929688,999.5499877929688,999.5499877929688,999.5499877929688
2017-11-02 00:00:00+00:00,995.4000244140625,995.4000244140625,995.4000244140625,995.4000244140625
2017-11-03 00:00:00+00:00,992.9000244140625,992.9000244140625,992.9000244140625,992.9000244140625
2017-11-06 00:00:00+00:00,996.5,996.5,996.5,996.5
2017-11-07 00:00:00+00:00,995.5,995.5,995.5,995.5
2017-11-08 00:00:00+00:00,1017.2000122070312,1017.2000122070312,1017.2000122070312,1017.2000122070312
2017-11-09 00:00:00+00:00,1005.7999877929688,1005.7999877929688,1005.7999877929688,1005.7999877929688
2017-11-10 00:00:00+00:00,994.5,994.5,994.5,994.5
2017-11-13 00:00:00+00:00,991.0999755859375,991.0999755859375,991.0999755859375,991.0999755859375
2017-11-14 00:00:00+00:00,986.9500122070312,986.9500122070312,986.9500122070312,986.9500122070312
2017-11-15 00:00:00+00:00,986.5,986.5,986.5,986.5
2017-11-16 00:00:00+00:00,986.25,986.25,986.25,986.25
2017-11-17 00:00:00+00:00,994.2999877929688,994.2999877929688,994.2999877929688,994.2999877929688
2017-11-20 00:00:00+00:00,987.5,987.5,987.5,987.5
2017-11-21 00:00:00+00:00,997.9000244140625,997.9000244140625,997.9000244140625,997.9000244140625
2017-11-22 00:00:00+00:00,1003.3499755859375,1003.3499755859375,1003.3499755859375,1003.3499755859375
2017-11-24 00:00:00+00:00,995.0999755859375,995.0999755859375,995.0999755859375,995.0999755859375
2017-11-27 00:00:00+00:00,1002.4500122070312,1002.4500122070312,1002.4500122070312,1002.4500122070312
2017-11-28 00:00:00+00:00,1022.0499877929688,1022.0499877929688,1022.0499877929688,1022.0499877929688
2017-11-29 00:00:00+00:00,1023.2000122070312,1023.9500122070312,1008.2000122070312,1009.9500122070312
2017-11-30 00:00:00+00:00,1014.6500244140625,1014.6500244140625,1006.5999755859375,1006.5999755859375
2017-12-01 00:00:00+00:00,1009.75,1021.1500244140625,1008.5,1020.0499877929688
2017-12-04 00:00:00+00:00,1020.8499755859375,1024.4000244140625,998.75,998.75
2017-12-05 00:00:00+00:00,1003.4500122070312,1007.25,990.0,991.75
2017-12-06 00:00:00+00:00,997.25,1001.5499877929688,997.0499877929688,1001.5499877929688
2017-12-07 00:00:00+00:00,1004.9500122070312,1021.0,1004.9500122070312,1016.2999877929688
2017-12-08 00:00:00+00:00,1016.2999877929688,1016.2999877929688,1009.75,1009.75
2017-12-11 00:00:00+00:00,1012.2999877929688,1012.5999755859375,1011.6500244140625,1012.0999755859375
2017-12-12 00:00:00+00:00,1017.5,1020.0499877929688,1009.7999877929688,1015.7000122070312
2017-12-13 00:00:00+00:00,1017.4000244140625,1025.6500244140625,1017.4000244140625,1017.4000244140625
2017-12-14 00:00:00+00:00,1017.1500244140625,1042.050048828125,1017.1500244140625,1042.050048828125
2017-12-15 00:00:00+00:00,1035.0,1035.0,1028.75,1028.75
2017-12-18 00:00:00+00:00,1025.4000244140625,1025.4000244140625,1025.4000244140625,1025.4000244140625
2017-12-19 00:00:00+00:00,1031.949951171875,1035.5,1031.949951171875,1031.949951171875
2017-12-20 00:00:00+00:00,1044.5999755859375,1044.5999755859375,1037.949951171875,1037.949951171875
2017-12-21 00:00:00+00:00,1043.0,1043.0,1043.0,1043.0
2017-12-22 00:00:00+00:00,1044.8499755859375,1050.199951171875,1044.8499755859375,1044.8499755859375
2017-12-26 00:00:00+00:00,1056.75,1060.800048828125,1056.75,1057.75
2017-12-27 00:00:00+00:00,1071.6500244140625,1071.6500244140625,1071.6500244140625,1071.6500244140625
2017-12-28 00:00:00+00:00,1076.199951171875,1076.199951171875,1076.199951171875,1076.199951171875
2017-12-29 00:00:00+00:00,1073.75,1073.75,1073.75,1073.75
2018-01-02 00:00:00+00:00,1090.0,1090.0,1090.0,1090.0
2018-01-03 00:00:00+00:00,1086.0,1086.0,1086.0,1086.0
2018-01-04 00:00:00+00:00,1088.0,1097.4000244140625,1088.0,1097.4000244140625
2018-01-05 00:00:00+00:00,1084.8499755859375,1084.8499755859375,1084.8499755859375,1084.8499755859375
2018-01-08 00:00:00+00:00,1098.550048828125,1098.550048828125,1098.550048828125,1098.550048828125
2018-01-09 00:00:00+00:00,1100.800048828125,1100.800048828125,1100.800048828125,1100.800048828125
2018-01-10 00:00:00+00:00,1080.050048828125,1080.050048828125,1080.050048828125,1080.050048828125
2018-01-11 00:00:00+00:00,1078.9000244140625,1078.9000244140625,1078.9000244140625,1078.9000244140625
2018-01-12 00:00:00+00:00,1108.0,1108.0,1108.0,1108.0
2018-01-16 00:00:00+00:00,1090.800048828125,1090.800048828125,1090.800048828125,1090.800048828125
2018-01-17 00:00:00+00:00,1112.3499755859375,1112.3499755859375,1112.3499755859375,1112.3499755859375
2018-01-18 00:00:00+00:00,1095.949951171875,1095.949951171875,1095.949951171875,1095.949951171875
2018-01-19 00:00:00+00:00,1101.050048828125,1101.050048828125,1101.050048828125,1101.050048828125
2018-01-22 00:00:00+00:00,1094.949951171875,1094.949951171875,1094.949951171875,1094.949951171875
2018-01-23 00:00:00+00:00,1086.9000244140625,1086.9000244140625,1086.9000244140625,1086.9000244140625
2018-01-24 00:00:00+00:00,1109.0,1109.0,1109.0,1109.0
2018-01-25 00:00:00+00:00,1100.050048828125,1100.050048828125,1100.050048828125,1100.050048828125
2018-01-26 00:00:00+00:00,1087.699951171875,1087.699951171875,1087.699951171875,1087.699951171875
2018-01-30 00:00:00+00:00,1056.4000244140625,1056.4000244140625,1056.4000244140625,1056.4000244140625
2018-01-31 00:00:00+00:00,1027.5,1027.5,1027.5,1027.5
2018-02-01 00:00:00+00:00,1028.6500244140625,1028.6500244140625,1028.6500244140625,1028.6500244140625
2018-02-02 00:00:00+00:00,1048.9000244140625,1048.9000244140625,1048.9000244140625,1048.9000244140625
2018-02-05 00:00:00+00:00,1036.9000244140625,1036.9000244140625,1036.9000244140625,1036.9000244140625
2018-02-06 00:00:00+00:00,1006.4500122070312,1006.4500122070312,1006.4500122070312,1006.4500122070312
2018-02-07 00:00:00+00:00,988.5,988.5,988.5,988.5
2018-02-08 00:00:00+00:00,966.1500244140625,966.1500244140625,966.1500244140625,966.1500244140625
2018-02-09 00:00:00+00:00,967.2999877929688,967.2999877929688,967.2999877929688,967.2999877929688
2018-02-12 00:00:00+00:00,980.0999755859375,980.0999755859375,980.0999755859375,980.0999755859375
2018-02-13 00:00:00+00:00,984.6500244140625,984.6500244140625,984.6500244140625,984.6500244140625
2018-02-14 00:00:00+00:00,1001.25,1001.25,1001.25,1001.25
2018-02-15 00:00:00+00:00,1010.5999755859375,1010.5999755859375,1010.5999755859375,1010.5999755859375
2018-02-16 00:00:00+00:00,1037.6500244140625,1037.6500244140625,1037.6500244140625,1037.6500244140625
2018-02-20 00:00:00+00:00,1029.050048828125,1029.050048828125,1029.050048828125,1029.050048828125
2018-02-21 00:00:00+00:00,1024.4000244140625,1024.4000244140625,1024.4000244140625,1024.4000244140625
2018-02-22 00:00:00+00:00,1035.4000244140625,1035.4000244140625,1035.4000244140625,1035.4000244140625
2018-02-23 00:00:00+00:00,1043.050048828125,1043.050048828125,1043.050048828125,1043.050048828125
2018-02-26 00:00:00+00:00,1056.5,1056.5,1056.5,1056.5
2018-02-27 00:00:00+00:00,1054.25,1058.050048828125,1029.199951171875,1029.199951171875
2018-02-28 00:00:00+00:00,1042.0,1050.199951171875,1039.550048828125,1047.199951171875
2018-03-01 00:00:00+00:00,1032.0,1032.0,981.9500122070312,983.1500244140625
2018-03-02 00:00:00+00:00,990.4500122070312,995.4500122070312,985.75,995.4500122070312
2018-03-05 00:00:00+00:00,995.5999755859375,995.5999755859375,986.0499877929688,987.3499755859375
2018-03-06 00:00:00+00:00,987.1500244140625,988.1500244140625,981.0999755859375,988.1500244140625
2018-03-07 00:00:00+00:00,979.0,985.0499877929688,968.8499755859375,968.9000244140625
2018-03-08 00:00:00+00:00,984.9000244140625,984.9000244140625,975.4500122070312,975.4500122070312
2018-03-09 00:00:00+00:00,983.0499877929688,993.2999877929688,979.5,990.5999755859375
2018-03-12 00:00:00+00:00,979.0999755859375,979.0999755859375,971.4000244140625,971.4000244140625
2018-03-13 00:00:00+00:00,988.0,995.3499755859375,988.0,995.3499755859375
2018-03-14 00:00:00+00:00,988.5,988.5,988.5,988.5
2018-03-15 00:00:00+00:00,984.75,984.75,984.75,984.75
2018-03-16 00:00:00+00:00,992.2999877929688,992.2999877929688,992.2999877929688,992.2999877929688
2018-03-19 00:00:00+00:00,991.1500244140625,991.1500244140625,991.1500244140625,991.1500244140625
2018-03-20 00:00:00+00:00,979.6500244140625,979.6500244140625,979.6500244140625,979.6500244140625
2018-03-21 00:00:00+00:00,990.2000122070312,990.2000122070312,990.2000122070312,990.2000122070312
2018-03-22 00:00:00+00:00,985.5499877929688,985.5499877929688,985.5499877929688,985.5499877929688
2018-03-23 00:00:00+00:00,975.0499877929688,975.0499877929688,975.0499877929688,975.0499877929688
2018-03-26 00:00:00+00:00,970.3499755859375,970.3499755859375,970.3499755859375,970.3499755859375
2018-03-27 00:00:00+00:00,975.2999877929688,975.2999877929688,975.2999877929688,975.2999877929688
2018-03-28 00:00:00+00:00,964.2000122070312,964.2000122070312,964.2000122070312,964.2000122070312
2018-03-29 00:00:00+00:00,944.7999877929688,944.7999877929688,944.7999877929688,944.7999877929688
2018-04-02 00:00:00+00:00,928.5,928.5,928.5,928.5
2018-04-03 00:00:00+00:00,928.7999877929688,928.7999877929688,928.7999877929688,928.7999877929688
2018-04-04 00:00:00+00:00,918.9000244140625,918.9000244140625,918.9000244140625,918.9000244140625
2018-04-05 00:00:00+00:00,901.0999755859375,901.0999755859375,901.0999755859375,901.0999755859375
2018-04-06 00:00:00+00:00,896.1500244140625,896.1500244140625,896.1500244140625,896.1500244140625
2018-04-09 00:00:00+00:00,933.5,933.5,933.5,933.5
2018-04-10 00:00:00+00:00,950.75,950.75,950.75,950.75
2018-04-11 00:00:00+00:00,961.9500122070312,961.9500122070312,961.9500122070312,961.9500122070312
2018-04-12 00:00:00+00:00,960.1500244140625,960.1500244140625,960.1500244140625,960.1500244140625
2018-04-13 00:00:00+00:00,981.9500122070312,981.9500122070312,981.9500122070312,981.9500122070312
2018-04-16 00:00:00+00:00,1004.75,1004.75,1004.75,1004.75
2018-04-17 00:00:00+00:00,1006.0,1006.0,1006.0,1006.0
2018-04-18 00:00:00+00:00,1035.949951171875,1035.949951171875,1035.949951171875,1035.949951171875
2018-04-19 00:00:00+00:00,1027.449951171875,1027.449951171875,1027.449951171875,1027.449951171875
2018-04-20 00:00:00+00:00,1031.199951171875,1031.199951171875,1031.199951171875,1031.199951171875
2018-04-23 00:00:00+00:00,980.5499877929688,980.5499877929688,980.5499877929688,980.5499877929688
2018-04-24 00:00:00+00:00,972.6500244140625,972.6500244140625,972.6500244140625,972.6500244140625
2018-04-25 00:00:00+00:00,968.5,968.5,968.5,968.5
2018-04-26 00:00:00+00:00,980.0499877929688,980.0499877929688,980.0499877929688,980.0499877929688
2018-04-27 00:00:00+00:00,965.2000122070312,965.2000122070312,965.2000122070312,965.2000122070312
2018-04-30 00:00:00+00:00,962.75,962.75,962.75,962.75
2018-05-01 00:00:00+00:00,938.4500122070312,938.4500122070312,938.4500122070312,938.4500122070312
2018-05-02 00:00:00+00:00,962.3499755859375,962.3499755859375,962.3499755859375,962.3499755859375
2018-05-03 00:00:00+00:00,960.9000244140625,960.9000244140625,960.9000244140625,960.9000244140625
2018-05-04 00:00:00+00:00,959.4500122070312,959.4500122070312,959.4500122070312,959.4500122070312
2018-05-07 00:00:00+00:00,964.2999877929688,964.2999877929688,964.2999877929688,964.2999877929688
2018-05-08 00:00:00+00:00,965.5999755859375,965.5999755859375,965.5999755859375,965.5999755859375
2018-05-09 00:00:00+00:00,972.7999877929688,972.7999877929688,972.7999877929688,972.7999877929688
2018-05-10 00:00:00+00:00,996.0999755859375,996.0999755859375,996.0999755859375,996.0999755859375
2018-05-11 00:00:00+00:00,987.4000244140625,987.4000244140625,987.4000244140625,987.4000244140625
2018-05-14 00:00:00+00:00,997.9000244140625,997.9000244140625,997.9000244140625,997.9000244140625
2018-05-15 00:00:00+00:00,985.4000244140625,985.4000244140625,985.4000244140625,985.4000244140625
2018-05-16 00:00:00+00:00,984.7000122070312,984.7000122070312,984.7000122070312,984.7000122070312
2018-05-17 00:00:00+00:00,979.7000122070312,979.7000122070312,979.7000122070312,979.7000122070312
2018-05-18 00:00:00+00:00,962.4000244140625,962.4000244140625,962.4000244140625,962.4000244140625
2018-05-21 00:00:00+00:00,992.5999755859375,992.5999755859375,992.5999755859375,992.5999755859375
2018-05-22 00:00:00+00:00,989.0,989.0,989.0,989.0
2018-05-23 00:00:00+00:00,973.2999877929688,973.2999877929688,973.2999877929688,973.2999877929688
2018-05-24 00:00:00+00:00,969.7000122070312,969.7000122070312,969.7000122070312,969.7000122070312
2018-05-25 00:00:00+00:00,979.0,979.0,979.0,979.0
2018-05-29 00:00:00+00:00,974.5,974.5,974.5,974.5
2018-05-30 00:00:00+00:00,970.2999877929688,978.7000122070312,968.0999755859375,976.0
2018-05-31 00:00:00+00:00,980.0,988.9000244140625,980.0,988.9000244140625
2018-06-01 00:00:00+00:00,989.5,1004.2000122070312,988.7000122070312,1002.0999755859375
2018-06-04 00:00:00+00:00,1008.9000244140625,1009.5,999.7999877929688,1000.5
2018-06-05 00:00:00+00:00,986.7999877929688,998.7000122070312,986.7999877929688,998.7000122070312
2018-06-06 00:00:00+00:00,993.0,1027.0999755859375,992.5,1027.0999755859375
2018-06-07 00:00:00+00:00,1026.0,1026.0,1021.5,1021.5
2018-06-08 00:00:00+00:00,1012.4000244140625,1018.0,1012.4000244140625,1018.0
2018-06-11 00:00:00+00:00,1028.800048828125,1028.800048828125,1028.800048828125,1028.800048828125
2018-06-12 00:00:00+00:00,1029.0,1029.5,1027.5999755859375,1027.5999755859375
2018-06-13 00:00:00+00:00,1019.5,1019.5,1019.5,1019.5
2018-06-14 00:00:00+00:00,1018.9000244140625,1018.9000244140625,1018.9000244140625,1018.9000244140625
2018-06-15 00:00:00+00:00,1018.9000244140625,1018.9000244140625,993.7999877929688,993.7999877929688
2018-06-18 00:00:00+00:00,990.2999877929688,994.9000244140625,990.2999877929688,994.9000244140625
2018-06-19 00:00:00+00:00,985.0,985.0,970.2999877929688,970.2999877929688
2018-06-20 00:00:00+00:00,970.0,973.0,967.0,967.0999755859375
2018-06-21 00:00:00+00:00,955.5,961.5,955.5,955.5
2018-06-22 00:00:00+00:00,956.2999877929688,956.2999877929688,956.2999877929688,956.2999877929688
2018-06-25 00:00:00+00:00,945.2999877929688,945.2999877929688,945.2999877929688,945.2999877929688
2018-06-26 00:00:00+00:00,964.5999755859375,964.5999755859375,958.5,964.5999755859375
2018-06-27 00:00:00+00:00,953.7999877929688,953.7999877929688,953.7999877929688,953.7999877929688
2018-06-28 00:00:00+00:00,938.2999877929688,938.2999877929688,938.2999877929688,938.2999877929688
2018-06-29 00:00:00+00:00,958.2999877929688,958.2999877929688,958.2999877929688,958.2999877929688
2018-07-02 00:00:00+00:00,941.7999877929688,941.7999877929688,941.7999877929688,941.7999877929688
2018-07-03 00:00:00+00:00,945.4000244140625,945.4000244140625,945.4000244140625,945.4000244140625
2018-07-05 00:00:00+00:00,950.0999755859375,950.0999755859375,950.0999755859375,950.0999755859375
2018-07-06 00:00:00+00:00,955.0,955.0,955.0,955.0
2018-07-09 00:00:00+00:00,962.0999755859375,962.0999755859375,962.0999755859375,962.0999755859375
2018-07-10 00:00:00+00:00,945.0,945.0,945.0,945.0
2018-07-11 00:00:00+00:00,944.4000244140625,944.4000244140625,944.4000244140625,944.4000244140625
2018-07-12 00:00:00+00:00,956.2000122070312,956.2000122070312,956.2000122070312,956.2000122070312
2018-07-13 00:00:00+00:00,940.2000122070312,940.2000122070312,940.2000122070312,940.2000122070312
2018-07-16 00:00:00+00:00,920.9000244140625,920.9000244140625,920.9000244140625,920.9000244140625
2018-07-17 00:00:00+00:00,916.5999755859375,916.5999755859375,916.5999755859375,916.5999755859375
2018-07-18 00:00:00+00:00,909.2000122070312,909.2000122070312,909.2000122070312,909.2000122070312
2018-07-19 00:00:00+00:00,873.5999755859375,873.5999755859375,873.5999755859375,873.5999755859375
2018-07-20 00:00:00+00:00,896.2999877929688,896.2999877929688,896.2999877929688,896.2999877929688
2018-07-23 00:00:00+00:00,910.0,910.0,910.0,910.0
2018-07-24 00:00:00+00:00,916.0,916.0,916.0,916.0
2018-07-25 00:00:00+00:00,935.7000122070312,935.7000122070312,935.7000122070312,935.7000122070312
2018-07-26 00:00:00+00:00,941.0,941.0,941.0,941.0
2018-07-27 00:00:00+00:00,925.9000244140625,925.9000244140625,925.9000244140625,925.9000244140625
2018-07-30 00:00:00+00:00,930.5,930.5,930.5,930.5
2018-07-31 00:00:00+00:00,939.9000244140625,939.9000244140625,939.9000244140625,939.9000244140625
2018-08-01 00:00:00+00:00,919.9000244140625,919.9000244140625,919.9000244140625,919.9000244140625
2018-08-02 00:00:00+00:00,923.5,923.5,923.5,923.5
2018-08-03 00:00:00+00:00,915.9000244140625,915.9000244140625,915.9000244140625,915.9000244140625
2018-08-06 00:00:00+00:00,911.5999755859375,911.5999755859375,911.5999755859375,911.5999755859375
2018-08-07 00:00:00+00:00,910.9000244140625,910.9000244140625,910.9000244140625,910.9000244140625
2018-08-08 00:00:00+00:00,894.4000244140625,894.4000244140625,894.4000244140625,894.4000244140625
2018-08-09 00:00:00+00:00,906.4000244140625,906.4000244140625,906.4000244140625,906.4000244140625
2018-08-10 00:00:00+00:00,909.0999755859375,909.0999755859375,909.0999755859375,909.0999755859375
2018-08-13 00:00:00+00:00,888.9000244140625,888.9000244140625,888.9000244140625,888.9000244140625
2018-08-14 00:00:00+00:00,898.0,898.0,898.0,898.0
2018-08-15 00:00:00+00:00,845.2000122070312,845.2000122070312,845.2000122070312,845.2000122070312
2018-08-16 00:00:00+00:00,882.7999877929688,882.7999877929688,882.7999877929688,882.7999877929688
2018-08-17 00:00:00+00:00,892.7999877929688,892.7999877929688,892.7999877929688,892.7999877929688
2018-08-20 00:00:00+00:00,913.7000122070312,913.7000122070312,913.7000122070312,913.7000122070312
2018-08-21 00:00:00+00:00,925.0,925.0,925.0,925.0
2018-08-22 00:00:00+00:00,933.2000122070312,933.2000122070312,933.2000122070312,933.2000122070312
2018-08-23 00:00:00+00:00,926.2000122070312,926.2000122070312,926.2000122070312,926.2000122070312
2018-08-24 00:00:00+00:00,943.5999755859375,943.5999755859375,943.5999755859375,943.5999755859375
2018-08-27 00:00:00+00:00,956.9000244140625,956.9000244140625,956.9000244140625,956.9000244140625
2018-08-28 00:00:00+00:00,954.4000244140625,954.4000244140625,954.4000244140625,954.4000244140625
2018-08-29 00:00:00+00:00,973.5,973.5,973.5,973.5
2018-08-30 00:00:00+00:00,957.0,975.0,949.9000244140625,963.7000122070312
2018-08-31 00:00:00+00:00,959.7000122070312,980.2999877929688,959.7000122070312,980.2999877929688
2018-09-04 00:00:00+00:00,967.7999877929688,985.0,964.7000122070312,977.9000244140625
2018-09-05 00:00:00+00:00,971.0,971.5999755859375,971.0,971.5999755859375
2018-09-06 00:00:00+00:00,981.5999755859375,981.5999755859375,981.5999755859375,981.5999755859375
2018-09-07 00:00:00+00:00,987.7999877929688,987.7999877929688,987.7999877929688,987.7999877929688
2018-09-10 00:00:00+00:00,992.0,992.0,983.5999755859375,983.5999755859375
2018-09-11 00:00:00+00:00,976.4000244140625,984.0,976.4000244140625,980.9000244140625
2018-09-12 00:00:00+00:00,986.0999755859375,993.2999877929688,985.9000244140625,993.2999877929688
2018-09-13 00:00:00+00:00,996.5999755859375,999.9000244140625,996.0,997.0
2018-09-14 00:00:00+00:00,999.9000244140625,1004.0,998.7999877929688,998.7999877929688
2018-09-17 00:00:00+00:00,998.7999877929688,1005.2999877929688,998.7999877929688,1005.2999877929688
2018-09-18 00:00:00+00:00,1010.0999755859375,1027.4000244140625,1010.0999755859375,1027.4000244140625
2018-09-19 00:00:00+00:00,1038.0999755859375,1053.4000244140625,1038.0999755859375,1053.4000244140625
2018-09-20 00:00:00+00:00,1060.0,1066.800048828125,1060.0,1066.800048828125
2018-09-21 00:00:00+00:00,1066.9000244140625,1066.9000244140625,1066.9000244140625,1066.9000244140625
2018-09-24 00:00:00+00:00,1071.5999755859375,1071.5999755859375,1071.5999755859375,1071.5999755859375
2018-09-25 00:00:00+00:00,1068.5999755859375,1073.300048828125,1068.5999755859375,1073.300048828125
2018-09-26 00:00:00+00:00,1082.5999755859375,1082.5999755859375,1082.5999755859375,1082.5999755859375
2018-09-27 00:00:00+00:00,1089.199951171875,1089.199951171875,1089.199951171875,1089.199951171875
2018-09-28 00:00:00+00:00,1090.800048828125,1090.800048828125,1090.800048828125,1090.800048828125
2018-10-01 00:00:00+00:00,1074.4000244140625,1074.4000244140625,1074.4000244140625,1074.4000244140625
2018-10-02 00:00:00+00:00,1068.699951171875,1068.699951171875,1068.699951171875,1068.699951171875
2018-10-03 00:00:00+00:00,1071.0,1071.0,1071.0,1071.0
2018-10-04 00:00:00+00:00,1063.5,1063.5,1063.5,1063.5
2018-10-05 00:00:00+00:00,1075.0999755859375,1075.0999755859375,1075.0999755859375,1075.0999755859375
2018-10-08 00:00:00+00:00,1086.9000244140625,1086.9000244140625,1086.9000244140625,1086.9000244140625
2018-10-09 00:00:00+00:00,1080.0999755859375,1080.0999755859375,1080.0999755859375,1080.0999755859375
2018-10-10 00:00:00+00:00,1085.199951171875,1085.199951171875,1085.199951171875,1085.199951171875
2018-10-11 00:00:00+00:00,1093.199951171875,1093.199951171875,1093.199951171875,1093.199951171875
2018-10-12 00:00:00+00:00,1078.800048828125,1078.800048828125,1078.800048828125,1078.800048828125
2018-10-15 00:00:00+00:00,1096.199951171875,1096.199951171875,1096.199951171875,1096.199951171875
2018-10-16 00:00:00+00:00,1091.9000244140625,1091.9000244140625,1091.9000244140625,1091.9000244140625
2018-10-17 00:00:00+00:00,1085.5999755859375,1085.5999755859375,1085.5999755859375,1085.5999755859375
2018-10-18 00:00:00+00:00,1082.699951171875,1082.699951171875,1082.699951171875,1082.699951171875
2018-10-19 00:00:00+00:00,1087.9000244140625,1087.9000244140625,1087.9000244140625,1087.9000244140625
2018-10-22 00:00:00+00:00,1125.699951171875,1125.699951171875,1125.699951171875,1125.699951171875
2018-10-23 00:00:00+00:00,1140.800048828125,1140.800048828125,1140.800048828125,1140.800048828125
2018-10-24 00:00:00+00:00,1130.300048828125,1130.300048828125,1130.300048828125,1130.300048828125
2018-10-25 00:00:00+00:00,1105.5999755859375,1105.5999755859375,1105.5999755859375,1105.5999755859375
2018-10-26 00:00:00+00:00,1103.9000244140625,1103.9000244140625,1103.9000244140625,1103.9000244140625
2018-10-29 00:00:00+00:00,1097.300048828125,1097.300048828125,1097.300048828125,1097.300048828125
2018-10-30 00:00:00+00:00,1071.5999755859375,1071.5999755859375,1071.5999755859375,1071.5999755859375
2018-10-31 00:00:00+00:00,1085.0999755859375,1085.0999755859375,1085.0999755859375,1085.0999755859375
2018-11-01 00:00:00+00:00,1098.0,1098.0,1098.0,1098.0
2018-11-02 00:00:00+00:00,1121.0999755859375,1121.0999755859375,1121.0999755859375,1121.0999755859375
2018-11-05 00:00:00+00:00,1138.199951171875,1138.199951171875,1138.199951171875,1138.199951171875
2018-11-06 00:00:00+00:00,1111.9000244140625,1111.9000244140625,1111.9000244140625,1111.9000244140625
2018-11-07 00:00:00+00:00,1137.300048828125,1137.300048828125,1137.300048828125,1137.300048828125
2018-11-08 00:00:00+00:00,1132.699951171875,1132.699951171875,1132.699951171875,1132.699951171875
2018-11-09 00:00:00+00:00,1114.0999755859375,1114.0999755859375,1114.0999755859375,1114.0999755859375
2018-11-12 00:00:00+00:00,1102.199951171875,1102.199951171875,1102.199951171875,1102.199951171875
2018-11-13 00:00:00+00:00,1108.699951171875,1108.699951171875,1108.699951171875,1108.699951171875
2018-11-14 00:00:00+00:00,1126.800048828125,1126.800048828125,1126.800048828125,1126.800048828125
2018-11-15 00:00:00+00:00,1154.0,1154.0,1154.0,1154.0
2018-11-16 00:00:00+00:00,1171.199951171875,1171.199951171875,1171.199951171875,1171.199951171875
2018-11-19 00:00:00+00:00,1157.9000244140625,1157.9000244140625,1157.9000244140625,1157.9000244140625
2018-11-20 00:00:00+00:00,1142.699951171875,1142.699951171875,1142.699951171875,1142.699951171875
2018-11-21 00:00:00+00:00,1149.800048828125,1149.800048828125,1149.800048828125,1149.800048828125
2018-11-23 00:00:00+00:00,1131.0999755859375,1131.0999755859375,1131.0999755859375,1131.0999755859375
2018-11-26 00:00:00+00:00,1141.300048828125,1141.300048828125,1141.300048828125,1141.300048828125
2018-11-27 00:00:00+00:00,1148.4000244140625,1148.4000244140625,1148.4000244140625,1148.4000244140625
2018-11-28 00:00:00+00:00,1178.300048828125,1178.300048828125,1178.300048828125,1178.300048828125
2018-11-29 00:00:00+00:00,1162.199951171875,1180.4000244140625,1149.0,1163.4000244140625
2018-11-30 00:00:00+00:00,1188.0,1198.0,1168.5999755859375,1168.5999755859375
2018-12-03 00:00:00+00:00,1181.0,1196.699951171875,1181.0,1189.5999755859375
2018-12-04 00:00:00+00:00,1200.199951171875,1213.9000244140625,1200.199951171875,1204.199951171875
2018-12-06 00:00:00+00:00,1186.300048828125,1186.300048828125,1167.5,1167.5
2018-12-07 00:00:00+00:00,1166.0999755859375,1196.4000244140625,1166.0999755859375,1196.4000244140625
2018-12-10 00:00:00+00:00,1191.699951171875,1191.699951171875,1184.300048828125,1184.300048828125
2018-12-11 00:00:00+00:00,1208.699951171875,1208.699951171875,1202.9000244140625,1202.9000244140625
2018-12-12 00:00:00+00:00,1222.199951171875,1223.4000244140625,1220.0999755859375,1220.0999755859375
2018-12-13 00:00:00+00:00,1216.300048828125,1216.300048828125,1216.300048828125,1216.300048828125
2018-12-14 00:00:00+00:00,1204.0,1204.0,1198.5999755859375,1198.5999755859375
2018-12-17 00:00:00+00:00,1212.0,1212.0,1212.0,1212.0
2018-12-18 00:00:00+00:00,1228.9000244140625,1228.9000244140625,1218.0999755859375,1218.0999755859375
2018-12-19 00:00:00+00:00,1222.9000244140625,1240.199951171875,1222.9000244140625,1240.199951171875
2018-12-20 00:00:00+00:00,1245.0,1245.0,1230.0,1230.800048828125
2018-12-21 00:00:00+00:00,1243.5,1243.5,1207.699951171875,1207.699951171875
2018-12-24 00:00:00+00:00,1220.0,1225.0999755859375,1220.0,1225.0999755859375
2018-12-26 00:00:00+00:00,1234.9000244140625,1234.9000244140625,1234.9000244140625,1234.9000244140625
2018-12-27 00:00:00+00:00,1250.0999755859375,1253.4000244140625,1250.0999755859375,1253.4000244140625
2018-12-28 00:00:00+00:00,1240.0999755859375,1240.0999755859375,1240.0999755859375,1240.0999755859375
2018-12-31 00:00:00+00:00,1253.9000244140625,1253.9000244140625,1253.9000244140625,1253.9000244140625
2019-01-02 00:00:00+00:00,1255.5,1255.5,1255.5,1255.5
2019-01-03 00:00:00+00:00,1257.0,1257.0,1257.0,1257.0
2019-01-04 00:00:00+00:00,1291.0999755859375,1291.0999755859375,1291.0999755859375,1291.0999755859375
2019-01-07 00:00:00+00:00,1296.9000244140625,1296.9000244140625,1296.9000244140625,1296.9000244140625
2019-01-08 00:00:00+00:00,1318.0999755859375,1318.0999755859375,1318.0999755859375,1318.0999755859375
2019-01-09 00:00:00+00:00,1326.0999755859375,1326.0999755859375,1326.0999755859375,1326.0999755859375
2019-01-10 00:00:00+00:00,1274.4000244140625,1274.4000244140625,1270.699951171875,1270.699951171875
2019-01-11 00:00:00+00:00,1276.199951171875,1276.199951171875,1276.199951171875,1276.199951171875
2019-01-14 00:00:00+00:00,1279.5,1279.5,1279.5,1279.5
2019-01-15 00:00:00+00:00,1274.5999755859375,1274.5999755859375,1274.5999755859375,1274.5999755859375
2019-01-16 00:00:00+00:00,1316.0,1316.0,1316.0,1316.0
2019-01-17 00:00:00+00:00,1345.699951171875,1345.699951171875,1345.699951171875,1345.699951171875
2019-01-18 00:00:00+00:00,1374.0999755859375,1374.0999755859375,1374.0999755859375,1374.0999755859375
2019-01-22 00:00:00+00:00,1345.5,1345.5,1345.5,1345.5
2019-01-23 00:00:00+00:00,1347.199951171875,1347.199951171875,1347.199951171875,1347.199951171875
2019-01-24 00:00:00+00:00,1319.699951171875,1319.699951171875,1319.699951171875,1319.699951171875
2019-01-25 00:00:00+00:00,1358.800048828125,1358.800048828125,1358.800048828125,1358.800048828125
2019-01-28 00:00:00+00:00,1328.300048828125,1328.300048828125,1328.300048828125,1328.300048828125
2019-01-29 00:00:00+00:00,1342.5999755859375,1342.5999755859375,1342.5999755859375,1342.5999755859375
2019-01-30 00:00:00+00:00,1354.800048828125,1354.800048828125,1354.800048828125,1354.800048828125
2019-01-31 00:00:00+00:00,1338.300048828125,1338.300048828125,1338.300048828125,1338.300048828125
2019-02-01 00:00:00+00:00,1352.0,1352.0,1352.0,1352.0
2019-02-04 00:00:00+00:00,1368.800048828125,1368.800048828125,1368.800048828125,1368.800048828125
2019-02-05 00:00:00+00:00,1379.5999755859375,1379.5999755859375,1379.5999755859375,1379.5999755859375
2019-02-06 00:00:00+00:00,1390.0,1390.0,1390.0,1390.0
2019-02-07 00:00:00+00:00,1396.5,1396.5,1396.5,1396.5
2019-02-08 00:00:00+00:00,1409.5999755859375,1409.5999755859375,1409.5999755859375,1409.5999755859375
2019-02-11 00:00:00+00:00,1395.199951171875,1395.199951171875,1395.199951171875,1395.199951171875
2019-02-12 00:00:00+00:00,1413.800048828125,1413.800048828125,1413.800048828125,1413.800048828125
2019-02-13 00:00:00+00:00,1411.0,1411.0,1411.0,1411.0
2019-02-14 00:00:00+00:00,1424.300048828125,1424.300048828125,1424.300048828125,1424.300048828125
2019-02-15 00:00:00+00:00,1445.5999755859375,1445.5999755859375,1445.5999755859375,1445.5999755859375
2019-02-19 00:00:00+00:00,1492.300048828125,1492.300048828125,1460.699951171875,1492.300048828125
2019-02-20 00:00:00+00:00,1500.5,1500.5,1500.5,1500.5
2019-02-21 00:00:00+00:00,1455.199951171875,1455.199951171875,1455.199951171875,1455.199951171875
2019-02-22 00:00:00+00:00,1472.300048828125,1472.300048828125,1472.300048828125,1472.300048828125
2019-02-25 00:00:00+00:00,1506.5999755859375,1506.5999755859375,1506.5999755859375,1506.5999755859375
2019-02-26 00:00:00+00:00,1533.5999755859375,1533.5999755859375,1533.5999755859375,1533.5999755859375
2019-02-27 00:00:00+00:00,1528.199951171875,1537.4000244140625,1496.0,1523.4000244140625
2019-02-28 00:00:00+00:00,1506.300048828125,1553.0,1503.5,1532.0
2019-03-01 00:00:00+00:00,1543.0,1550.0,1528.5,1536.5999755859375
2019-03-04 00:00:00+00:00,1532.5,1535.800048828125,1515.5999755859375,1515.5999755859375
2019-03-05 00:00:00+00:00,1505.0,1511.0999755859375,1496.4000244140625,1496.4000244140625
2019-03-06 00:00:00+00:00,1512.199951171875,1519.800048828125,1501.5999755859375,1516.9000244140625
2019-03-07 00:00:00+00:00,1509.9000244140625,1512.4000244140625,1505.4000244140625,1512.4000244140625
2019-03-08 00:00:00+00:00,1502.4000244140625,1502.4000244140625,1489.0,1489.0
2019-03-11 00:00:00+00:00,1500.0999755859375,1510.0,1500.0999755859375,1503.699951171875
2019-03-12 00:00:00+00:00,1519.9000244140625,1519.9000244140625,1519.9000244140625,1519.9000244140625
2019-03-13 00:00:00+00:00,1535.699951171875,1535.699951171875,1525.0999755859375,1535.699951171875
2019-03-14 00:00:00+00:00,1530.0999755859375,1531.699951171875,1530.0999755859375,1531.699951171875
2019-03-15 00:00:00+00:00,1535.0,1535.5999755859375,1535.0,1535.5999755859375
2019-03-18 00:00:00+00:00,1556.800048828125,1556.800048828125,1556.800048828125,1556.800048828125
2019-03-19 00:00:00+00:00,1575.5999755859375,1575.699951171875,1569.699951171875,1569.699951171875
2019-03-20 00:00:00+00:00,1583.5,1589.0999755859375,1580.800048828125,1580.800048828125
2019-03-21 00:00:00+00:00,1599.0,1599.0,1578.300048828125,1578.300048828125
2019-03-22 00:00:00+00:00,1599.0999755859375,1599.0999755859375,1535.9000244140625,1535.9000244140625
2019-03-25 00:00:00+00:00,1563.800048828125,1563.800048828125,1563.800048828125,1563.800048828125
2019-03-26 00:00:00+00:00,1536.300048828125,1536.300048828125,1536.300048828125,1536.300048828125
2019-03-27 00:00:00+00:00,1523.0999755859375,1523.0999755859375,1441.9000244140625,1441.9000244140625
2019-03-28 00:00:00+00:00,1312.9000244140625,1312.9000244140625,1312.9000244140625,1312.9000244140625
2019-03-29 00:00:00+00:00,1345.0,1345.0,1345.0,1345.0
2019-04-01 00:00:00+00:00,1395.0,1395.0,1395.0,1395.0
2019-04-02 00:00:00+00:00,1403.5,1403.5,1403.5,1403.5
2019-04-03 00:00:00+00:00,1381.300048828125,1381.300048828125,1381.300048828125,1381.300048828125
2019-04-04 00:00:00+00:00,1335.5,1335.5,1335.5,1335.5
2019-04-05 00:00:00+00:00,1349.0999755859375,1349.0999755859375,1349.0999755859375,1349.0999755859375
2019-04-08 00:00:00+00:00,1356.300048828125,1356.300048828125,1356.300048828125,1356.300048828125
2019-04-09 00:00:00+00:00,1365.800048828125,1365.800048828125,1365.800048828125,1365.800048828125
2019-04-10 00:00:00+00:00,1366.4000244140625,1366.4000244140625,1366.4000244140625,1366.4000244140625
2019-04-11 00:00:00+00:00,1335.800048828125,1335.800048828125,1335.800048828125,1335.800048828125
2019-04-12 00:00:00+00:00,1345.199951171875,1355.199951171875,1345.199951171875,1355.199951171875
2019-04-15 00:00:00+00:00,1339.699951171875,1339.699951171875,1339.699951171875,1339.699951171875
2019-04-16 00:00:00+00:00,1333.4000244140625,1333.4000244140625,1333.4000244140625,1333.4000244140625
2019-04-17 00:00:00+00:00,1383.5999755859375,1383.5999755859375,1383.5999755859375,1383.5999755859375
2019-04-18 00:00:00+00:00,1403.5,1403.5,1403.5,1403.5
2019-04-22 00:00:00+00:00,1374.800048828125,1374.800048828125,1374.800048828125,1374.800048828125
2019-04-23 00:00:00+00:00,1380.5999755859375,1380.5999755859375,1380.5999755859375,1380.5999755859375
2019-04-24 00:00:00+00:00,1410.0999755859375,1410.0999755859375,1410.0999755859375,1410.0999755859375
2019-04-25 00:00:00+00:00,1411.9000244140625,1411.9000244140625,1411.9000244140625,1411.9000244140625
2019-04-26 00:00:00+00:00,1452.199951171875,1452.199951171875,1452.199951171875,1452.199951171875
2019-04-29 00:00:00+00:00,1366.699951171875,1366.699951171875,1366.699951171875,1366.699951171875
2019-04-30 00:00:00+00:00,1387.4000244140625,1387.4000244140625,1387.4000244140625,1387.4000244140625
2019-05-01 00:00:00+00:00,1349.0999755859375,1349.0999755859375,1349.0999755859375,1349.0999755859375
2019-05-02 00:00:00+00:00,1347.9000244140625,1347.9000244140625,1347.9000244140625,1347.9000244140625
2019-05-03 00:00:00+00:00,1362.699951171875,1362.699951171875,1362.699951171875,1362.699951171875
2019-05-06 00:00:00+00:00,1332.800048828125,1332.800048828125,1332.800048828125,1332.800048828125
2019-05-07 00:00:00+00:00,1328.0999755859375,1328.0999755859375,1328.0999755859375,1328.0999755859375
2019-05-08 00:00:00+00:00,1311.0999755859375,1311.0999755859375,1311.0999755859375,1311.0999755859375
2019-05-09 00:00:00+00:00,1287.699951171875,1287.699951171875,1287.699951171875,1287.699951171875
2019-05-10 00:00:00+00:00,1355.4000244140625,1355.4000244140625,1355.4000244140625,1355.4000244140625
2019-05-13 00:00:00+00:00,1321.5,1321.5,1321.5,1321.5
2019-05-14 00:00:00+00:00,1337.699951171875,1337.699951171875,1337.699951171875,1337.699951171875
2019-05-15 00:00:00+00:00,1337.5999755859375,1337.5999755859375,1337.5999755859375,1337.5999755859375
2019-05-16 00:00:00+00:00,1329.4000244140625,1329.4000244140625,1329.4000244140625,1329.4000244140625
2019-05-17 00:00:00+00:00,1310.5,1310.5,1310.5,1310.5
2019-05-20 00:00:00+00:00,1335.699951171875,1335.699951171875,1335.699951171875,1335.699951171875
2019-05-21 00:00:00+00:00,1317.199951171875,1317.199951171875,1317.199951171875,1317.199951171875
2019-05-22 00:00:00+00:00,1318.199951171875,1318.199951171875,1318.199951171875,1318.199951171875
2019-05-23 00:00:00+00:00,1312.5,1312.5,1312.5,1312.5
2019-05-24 00:00:00+00:00,1330.4000244140625,1330.4000244140625,1330.4000244140625,1330.4000244140625
2019-05-28 00:00:00+00:00,1344.199951171875,1344.199951171875,1344.199951171875,1344.199951171875
2019-05-29 00:00:00+00:00,1353.300048828125,1353.300048828125,1353.300048828125,1353.300048828125
2019-05-30 00:00:00+00:00,1345.699951171875,1378.9000244140625,1331.699951171875,1369.800048828125
2019-05-31 00:00:00+00:00,1366.5999755859375,1367.5999755859375,1324.0,1333.9000244140625
2019-06-03 00:00:00+00:00,1324.0,1336.0,1310.0999755859375,1313.699951171875
2019-06-04 00:00:00+00:00,1330.0,1341.300048828125,1330.0,1337.0999755859375
2019-06-05 00:00:00+00:00,1338.0,1338.0,1322.5,1322.5
2019-06-06 00:00:00+00:00,1325.9000244140625,1342.5999755859375,1325.9000244140625,1342.5999755859375
2019-06-07 00:00:00+00:00,1349.5,1349.5,1349.5,1349.5
2019-06-10 00:00:00+00:00,1350.0,1378.5999755859375,1350.0,1378.5999755859375
2019-06-11 00:00:00+00:00,1381.5,1381.5,1381.5,1381.5
2019-06-12 00:00:00+00:00,1384.9000244140625,1397.4000244140625,1377.0999755859375,1397.4000244140625
2019-06-13 00:00:00+00:00,1399.4000244140625,1432.5999755859375,1399.4000244140625,1429.5999755859375
2019-06-14 00:00:00+00:00,1430.800048828125,1452.699951171875,1430.0,1452.699951171875
2019-06-17 00:00:00+00:00,1446.5999755859375,1446.5999755859375,1446.5999755859375,1446.5999755859375
2019-06-18 00:00:00+00:00,1464.4000244140625,1464.4000244140625,1464.4000244140625,1464.4000244140625
2019-06-19 00:00:00+00:00,1484.0999755859375,1484.0999755859375,1484.0999755859375,1484.0999755859375
2019-06-20 00:00:00+00:00,1501.300048828125,1501.300048828125,1472.0999755859375,1472.0999755859375
2019-06-21 00:00:00+00:00,1491.300048828125,1491.300048828125,1491.300048828125,1491.300048828125
2019-06-24 00:00:00+00:00,1520.4000244140625,1520.4000244140625,1520.4000244140625,1520.4000244140625
2019-06-25 00:00:00+00:00,1521.800048828125,1521.800048828125,1521.800048828125,1521.800048828125
2019-06-26 00:00:00+00:00,1518.0,1518.0,1518.0,1518.0
2019-06-27 00:00:00+00:00,1532.199951171875,1532.199951171875,1532.199951171875,1532.199951171875
2019-06-28 00:00:00+00:00,1532.4000244140625,1532.4000244140625,1532.4000244140625,1532.4000244140625
2019-07-01 00:00:00+00:00,1539.0999755859375,1539.0999755859375,1539.0999755859375,1539.0999755859375
2019-07-02 00:00:00+00:00,1547.199951171875,1547.199951171875,1547.199951171875,1547.199951171875
2019-07-03 00:00:00+00:00,1559.800048828125,1559.800048828125,1559.800048828125,1559.800048828125
2019-07-05 00:00:00+00:00,1558.5999755859375,1558.5999755859375,1558.5999755859375,1558.5999755859375
2019-07-08 00:00:00+00:00,1552.5,1552.5,1552.5,1552.5
2019-07-09 00:00:00+00:00,1534.5999755859375,1534.5999755859375,1534.5999755859375,1534.5999755859375
2019-07-10 00:00:00+00:00,1584.5999755859375,1584.5999755859375,1584.5999755859375,1584.5999755859375
2019-07-11 00:00:00+00:00,1555.5999755859375,1555.5999755859375,1555.5999755859375,1555.5999755859375
2019-07-12 00:00:00+00:00,1538.9000244140625,1538.9000244140625,1538.9000244140625,1538.9000244140625
2019-07-15 00:00:00+00:00,1559.4000244140625,1559.4000244140625,1559.4000244140625,1559.4000244140625
2019-07-16 00:00:00+00:00,1512.800048828125,1512.800048828125,1512.800048828125,1512.800048828125
2019-07-17 00:00:00+00:00,1539.699951171875,1539.699951171875,1539.699951171875,1539.699951171875
2019-07-18 00:00:00+00:00,1508.4000244140625,1508.4000244140625,1508.4000244140625,1508.4000244140625
2019-07-19 00:00:00+00:00,1504.800048828125,1504.800048828125,1504.800048828125,1504.800048828125
2019-07-22 00:00:00+00:00,1525.699951171875,1525.699951171875,1525.699951171875,1525.699951171875
2019-07-23 00:00:00+00:00,1515.0999755859375,1515.0999755859375,1515.0999755859375,1515.0999755859375
2019-07-24 00:00:00+00:00,1535.0,1535.0,1535.0,1535.0
2019-07-25 00:00:00+00:00,1530.4000244140625,1530.4000244140625,1530.4000244140625,1530.4000244140625
2019-07-26 00:00:00+00:00,1527.5,1527.5,1527.5,1527.5
2019-07-29 00:00:00+00:00,1550.300048828125,1550.300048828125,1550.300048828125,1550.300048828125
2019-07-30 00:00:00+00:00,1503.9000244140625,1503.9000244140625,1503.9000244140625,1503.9000244140625
2019-07-31 00:00:00+00:00,1519.199951171875,1519.199951171875,1519.199951171875,1519.199951171875
2019-08-01 00:00:00+00:00,1409.0999755859375,1409.0999755859375,1409.0999755859375,1409.0999755859375
2019-08-02 00:00:00+00:00,1399.0,1399.0,1399.0,1399.0
2019-08-05 00:00:00+00:00,1411.0999755859375,1411.0999755859375,1411.0999755859375,1411.0999755859375
2019-08-06 00:00:00+00:00,1431.800048828125,1431.800048828125,1431.800048828125,1431.800048828125
2019-08-07 00:00:00+00:00,1405.0999755859375,1405.0999755859375,1405.0999755859375,1405.0999755859375
2019-08-08 00:00:00+00:00,1408.300048828125,1408.300048828125,1408.300048828125,1408.300048828125
2019-08-09 00:00:00+00:00,1414.0999755859375,1414.0999755859375,1414.0999755859375,1414.0999755859375
2019-08-12 00:00:00+00:00,1428.9000244140625,1428.9000244140625,1428.9000244140625,1428.9000244140625
2019-08-13 00:00:00+00:00,1450.5999755859375,1450.5999755859375,1450.5999755859375,1450.5999755859375
2019-08-14 00:00:00+00:00,1416.0,1416.0,1416.0,1416.0
2019-08-15 00:00:00+00:00,1439.0,1439.0,1437.0999755859375,1439.0
2019-08-16 00:00:00+00:00,1439.300048828125,1443.9000244140625,1439.300048828125,1439.300048828125
2019-08-19 00:00:00+00:00,1473.300048828125,1473.300048828125,1473.300048828125,1473.300048828125
2019-08-20 00:00:00+00:00,1480.5,1487.800048828125,1480.5,1487.800048828125
2019-08-21 00:00:00+00:00,1464.199951171875,1464.199951171875,1464.199951171875,1464.199951171875
2019-08-22 00:00:00+00:00,1484.0,1484.0,1480.0,1484.0
2019-08-23 00:00:00+00:00,1453.300048828125,1453.300048828125,1453.300048828125,1453.300048828125
2019-08-26 00:00:00+00:00,1471.300048828125,1471.300048828125,1471.300048828125,1471.300048828125
2019-08-27 00:00:00+00:00,1477.300048828125,1477.300048828125,1477.300048828125,1477.300048828125
2019-08-28 00:00:00+00:00,1459.800048828125,1459.800048828125,1459.800048828125,1459.800048828125
2019-08-29 00:00:00+00:00,1465.0,1480.5999755859375,1463.0,1469.0999755859375
2019-08-30 00:00:00+00:00,1470.199951171875,1539.0999755859375,1470.199951171875,1538.5999755859375
2019-09-03 00:00:00+00:00,1520.5,1535.0,1520.5,1533.199951171875
2019-09-04 00:00:00+00:00,1551.0999755859375,1551.0999755859375,1550.300048828125,1550.300048828125
2019-09-05 00:00:00+00:00,1549.0,1560.199951171875,1541.199951171875,1560.199951171875
2019-09-06 00:00:00+00:00,1544.0999755859375,1544.0999755859375,1535.0,1544.0999755859375
2019-09-09 00:00:00+00:00,1535.9000244140625,1539.9000244140625,1535.0,1535.9000244140625
2019-09-10 00:00:00+00:00,1552.4000244140625,1553.9000244140625,1552.4000244140625,1553.0
2019-09-11 00:00:00+00:00,1573.0,1573.0,1556.5999755859375,1556.5999755859375
2019-09-12 00:00:00+00:00,1604.5999755859375,1604.5999755859375,1604.5999755859375,1604.5999755859375
2019-09-13 00:00:00+00:00,1600.5,1600.5,1600.5,1600.5
2019-09-16 00:00:00+00:00,1591.5,1591.5,1591.5,1591.5
2019-09-17 00:00:00+00:00,1595.4000244140625,1595.4000244140625,1595.4000244140625,1595.4000244140625
2019-09-18 00:00:00+00:00,1579.300048828125,1579.300048828125,1579.300048828125,1579.300048828125
2019-09-19 00:00:00+00:00,1614.4000244140625,1614.4000244140625,1614.4000244140625,1614.4000244140625
2019-09-20 00:00:00+00:00,1631.4000244140625,1639.699951171875,1626.800048828125,1626.800048828125
2019-09-23 00:00:00+00:00,1627.4000244140625,1627.4000244140625,1627.4000244140625,1627.4000244140625
2019-09-24 00:00:00+00:00,1693.0,1693.0,1648.199951171875,1648.199951171875
2019-09-25 00:00:00+00:00,1625.0,1625.0,1613.5999755859375,1613.5999755859375
2019-09-26 00:00:00+00:00,1644.699951171875,1644.699951171875,1644.699951171875,1644.699951171875
2019-09-27 00:00:00+00:00,1654.300048828125,1654.300048828125,1654.300048828125,1654.300048828125
2019-09-30 00:00:00+00:00,1648.9000244140625,1648.9000244140625,1648.9000244140625,1648.9000244140625
2019-10-01 00:00:00+00:00,1632.0999755859375,1632.0999755859375,1632.0999755859375,1632.0999755859375
2019-10-02 00:00:00+00:00,1666.9000244140625,1666.9000244140625,1666.9000244140625,1666.9000244140625
2019-10-03 00:00:00+00:00,1631.5999755859375,1631.5999755859375,1631.5999755859375,1631.5999755859375
2019-10-04 00:00:00+00:00,1643.800048828125,1643.800048828125,1643.800048828125,1643.800048828125
2019-10-07 00:00:00+00:00,1647.699951171875,1647.699951171875,1647.699951171875,1647.699951171875
2019-10-08 00:00:00+00:00,1652.0999755859375,1652.0999755859375,1652.0999755859375,1652.0999755859375
2019-10-09 00:00:00+00:00,1656.0999755859375,1656.0999755859375,1656.0999755859375,1656.0999755859375
2019-10-10 00:00:00+00:00,1677.300048828125,1677.300048828125,1677.300048828125,1677.300048828125
2019-10-11 00:00:00+00:00,1671.5,1671.5,1671.5,1671.5
2019-10-14 00:00:00+00:00,1688.4000244140625,1688.4000244140625,1688.4000244140625,1688.4000244140625
2019-10-15 00:00:00+00:00,1698.0,1698.0,1698.0,1698.0
2019-10-16 00:00:00+00:00,1736.4000244140625,1736.4000244140625,1736.4000244140625,1736.4000244140625
2019-10-17 00:00:00+00:00,1732.0999755859375,1732.0999755859375,1732.0999755859375,1732.0999755859375
2019-10-18 00:00:00+00:00,1719.0,1719.0,1719.0,1719.0
2019-10-21 00:00:00+00:00,1726.699951171875,1726.699951171875,1726.699951171875,1726.699951171875
2019-10-22 00:00:00+00:00,1729.9000244140625,1729.9000244140625,1729.9000244140625,1729.9000244140625
2019-10-23 00:00:00+00:00,1716.0,1716.0,1716.0,1716.0
2019-10-24 00:00:00+00:00,1749.300048828125,1749.300048828125,1749.300048828125,1749.300048828125
2019-10-25 00:00:00+00:00,1745.5999755859375,1745.5999755859375,1745.5999755859375,1745.5999755859375
2019-10-28 00:00:00+00:00,1780.699951171875,1780.699951171875,1780.699951171875,1780.699951171875
2019-10-29 00:00:00+00:00,1756.5,1756.5,1756.5,1756.5
2019-10-30 00:00:00+00:00,1794.5999755859375,1794.5999755859375,1794.5999755859375,1794.5999755859375
2019-10-31 00:00:00+00:00,1758.0999755859375,1758.0999755859375,1758.0999755859375,1758.0999755859375
2019-11-01 00:00:00+00:00,1786.800048828125,1786.800048828125,1786.800048828125,1786.800048828125
2019-11-04 00:00:00+00:00,1755.300048828125,1755.300048828125,1755.300048828125,1755.300048828125
2019-11-05 00:00:00+00:00,1749.199951171875,1749.199951171875,1749.199951171875,1749.199951171875
2019-11-06 00:00:00+00:00,1763.5999755859375,1763.5999755859375,1763.5999755859375,1763.5999755859375
2019-11-07 00:00:00+00:00,1780.300048828125,1780.300048828125,1780.300048828125,1780.300048828125
2019-11-08 00:00:00+00:00,1711.0999755859375,1711.0999755859375,1711.0999755859375,1711.0999755859375
2019-11-11 00:00:00+00:00,1658.5,1658.5,1658.5,1658.5
2019-11-12 00:00:00+00:00,1672.5999755859375,1672.5999755859375,1672.5999755859375,1672.5999755859375
2019-11-13 00:00:00+00:00,1677.5999755859375,1677.5999755859375,1677.5999755859375,1677.5999755859375
2019-11-14 00:00:00+00:00,1704.5999755859375,1704.5999755859375,1704.5999755859375,1704.5999755859375
2019-11-15 00:00:00+00:00,1685.0,1685.0,1685.0,1685.0
2019-11-18 00:00:00+00:00,1706.9000244140625,1706.9000244140625,1706.9000244140625,1706.9000244140625
2019-11-19 00:00:00+00:00,1739.9000244140625,1739.9000244140625,1739.9000244140625,1739.9000244140625
2019-11-20 00:00:00+00:00,1744.300048828125,1744.300048828125,1744.300048828125,1744.300048828125
2019-11-21 00:00:00+00:00,1734.4000244140625,1734.4000244140625,1734.4000244140625,1734.4000244140625
2019-11-22 00:00:00+00:00,1745.9000244140625,1745.9000244140625,1745.9000244140625,1745.9000244140625
2019-11-25 00:00:00+00:00,1773.9000244140625,1773.9000244140625,1773.9000244140625,1773.9000244140625
2019-11-26 00:00:00+00:00,1784.800048828125,1784.800048828125,1784.800048828125,1784.800048828125
2019-11-27 00:00:00+00:00,1783.4000244140625,1816.9000244140625,1774.0,1811.4000244140625
2019-11-29 00:00:00+00:00,1813.5999755859375,1828.9000244140625,1808.5,1815.5999755859375
2019-12-02 00:00:00+00:00,1831.0999755859375,1831.0999755859375,1830.199951171875,1830.199951171875
2019-12-03 00:00:00+00:00,1840.0,1840.0,1828.199951171875,1828.199951171875
2019-12-04 00:00:00+00:00,1850.5,1850.5,1848.9000244140625,1848.9000244140625
2019-12-05 00:00:00+00:00,1839.4000244140625,1849.199951171875,1839.0999755859375,1849.199951171875
2019-12-06 00:00:00+00:00,1845.9000244140625,1845.9000244140625,1843.800048828125,1844.199951171875
2019-12-09 00:00:00+00:00,1861.0,1870.0,1854.199951171875,1858.800048828125
2019-12-10 00:00:00+00:00,1871.300048828125,1871.300048828125,1871.300048828125,1871.300048828125
2019-12-11 00:00:00+00:00,1887.300048828125,1887.300048828125,1887.300048828125,1887.300048828125
2019-12-12 00:00:00+00:00,1915.0,1915.0,1914.0999755859375,1914.0999755859375
2019-12-13 00:00:00+00:00,1890.4000244140625,1890.4000244140625,1890.4000244140625,1890.4000244140625
2019-12-16 00:00:00+00:00,1933.0,1963.5,1933.0,1963.5
2019-12-17 00:00:00+00:00,1963.0,1963.0,1918.5,1918.5
2019-12-18 00:00:00+00:00,1896.0999755859375,1896.0999755859375,1896.0999755859375,1896.0999755859375
2019-12-19 00:00:00+00:00,1900.9000244140625,1900.9000244140625,1900.9000244140625,1900.9000244140625
2019-12-20 00:00:00+00:00,1808.800048828125,1808.800048828125,1808.800048828125,1808.800048828125
2019-12-23 00:00:00+00:00,1848.9000244140625,1848.9000244140625,1848.9000244140625,1848.9000244140625
2019-12-24 00:00:00+00:00,1851.699951171875,1851.699951171875,1851.699951171875,1851.699951171875
2019-12-26 00:00:00+00:00,1868.5,1868.5,1868.5,1868.5
2019-12-27 00:00:00+00:00,1881.0999755859375,1881.0999755859375,1881.0999755859375,1881.0999755859375
2019-12-30 00:00:00+00:00,1880.300048828125,1880.300048828125,1880.300048828125,1880.300048828125
2019-12-31 00:00:00+00:00,1909.0999755859375,1909.0999755859375,1909.0999755859375,1909.0999755859375
2020-01-02 00:00:00+00:00,1927.800048828125,1927.800048828125,1927.800048828125,1927.800048828125
2020-01-03 00:00:00+00:00,1955.5,1955.5,1955.5,1955.5
2020-01-06 00:00:00+00:00,1989.4000244140625,1989.4000244140625,1989.4000244140625,1989.4000244140625
2020-01-07 00:00:00+00:00,2014.0999755859375,2014.0999755859375,2014.0999755859375,2014.0999755859375
2020-01-08 00:00:00+00:00,2061.199951171875,2061.199951171875,2061.199951171875,2061.199951171875
2020-01-09 00:00:00+00:00,2060.199951171875,2060.199951171875,2060.199951171875,2060.199951171875
2020-01-10 00:00:00+00:00,2072.699951171875,2072.699951171875,2072.699951171875,2072.699951171875
2020-01-13 00:00:00+00:00,2078.89990234375,2078.89990234375,2078.89990234375,2078.89990234375
2020-01-14 00:00:00+00:00,2123.300048828125,2123.300048828125,2123.300048828125,2123.300048828125
2020-01-15 00:00:00+00:00,2176.10009765625,2176.10009765625,2176.10009765625,2176.10009765625
2020-01-16 00:00:00+00:00,2188.800048828125,2188.800048828125,2188.800048828125,2188.800048828125
2020-01-17 00:00:00+00:00,2237.89990234375,2237.89990234375,2237.89990234375,2237.89990234375
2020-01-21 00:00:00+00:00,2245.699951171875,2245.699951171875,2245.699951171875,2245.699951171875
2020-01-22 00:00:00+00:00,2348.60009765625,2348.60009765625,2348.60009765625,2348.60009765625
2020-01-23 00:00:00+00:00,2342.0,2342.0,2342.0,2342.0
2020-01-24 00:00:00+00:00,2329.300048828125,2329.300048828125,2329.300048828125,2329.300048828125
2020-01-27 00:00:00+00:00,2208.60009765625,2208.60009765625,2208.60009765625,2208.60009765625
2020-01-28 00:00:00+00:00,2230.10009765625,2230.10009765625,2230.10009765625,2230.10009765625
2020-01-29 00:00:00+00:00,2247.199951171875,2247.199951171875,2247.199951171875,2247.199951171875
2020-01-30 00:00:00+00:00,2237.60009765625,2237.60009765625,2237.60009765625,2237.60009765625
2020-01-31 00:00:00+00:00,2246.60009765625,2246.60009765625,2246.60009765625,2246.60009765625
2020-02-03 00:00:00+00:00,2255.39990234375,2255.39990234375,2255.39990234375,2255.39990234375
2020-02-04 00:00:00+00:00,2357.5,2357.5,2357.5,2357.5
2020-02-05 00:00:00+00:00,2348.60009765625,2348.60009765625,2348.60009765625,2348.60009765625
2020-02-06 00:00:00+00:00,2259.10009765625,2259.10009765625,2259.10009765625,2259.10009765625
2020-02-07 00:00:00+00:00,2232.10009765625,2232.10009765625,2232.10009765625,2232.10009765625
2020-02-10 00:00:00+00:00,2271.699951171875,2271.699951171875,2271.699951171875,2271.699951171875
2020-02-11 00:00:00+00:00,2287.60009765625,2287.60009765625,2287.60009765625,2287.60009765625
2020-02-12 00:00:00+00:00,2344.39990234375,2344.39990234375,2344.39990234375,2344.39990234375
2020-02-13 00:00:00+00:00,2372.89990234375,2372.89990234375,2372.89990234375,2372.89990234375
2020-02-14 00:00:00+00:00,2338.60009765625,2338.60009765625,2338.60009765625,2338.60009765625
2020-02-18 00:00:00+00:00,2519.5,2519.5,2519.5,2519.5
2020-02-19 00:00:00+00:00,2593.10009765625,2593.10009765625,2593.10009765625,2593.10009765625
2020-02-20 00:00:00+00:00,2595.800048828125,2595.800048828125,2595.800048828125,2595.800048828125
2020-02-21 00:00:00+00:00,2627.300048828125,2627.300048828125,2627.300048828125,2627.300048828125
2020-02-24 00:00:00+00:00,2543.199951171875,2543.199951171875,2543.199951171875,2543.199951171875
2020-02-25 00:00:00+00:00,2669.699951171875,2669.699951171875,2669.699951171875,2669.699951171875
2020-02-26 00:00:00+00:00,2714.699951171875,2714.699951171875,2714.699951171875,2714.699951171875
2020-02-27 00:00:00+00:00,2713.199951171875,2815.5,2675.0,2744.699951171875
2020-02-28 00:00:00+00:00,2797.10009765625,2797.10009765625,2448.39990234375,2508.800048828125
2020-03-02 00:00:00+00:00,2535.0,2535.0,2445.39990234375,2445.39990234375
2020-03-03 00:00:00+00:00,2439.0,2440.0,2405.199951171875,2405.199951171875
2020-03-04 00:00:00+00:00,2400.39990234375,2426.199951171875,2399.800048828125,2402.699951171875
2020-03-05 00:00:00+00:00,2420.0,2487.10009765625,2420.0,2487.10009765625
2020-03-06 00:00:00+00:00,2551.10009765625,2571.10009765625,2456.89990234375,2456.89990234375
2020-03-09 00:00:00+00:00,2420.0,2423.39990234375,2390.0,2423.39990234375
2020-03-10 00:00:00+00:00,2380.0,2380.0,2335.10009765625,2347.5
2020-03-11 00:00:00+00:00,2350.0,2350.0,2259.39990234375,2259.39990234375
2020-03-12 00:00:00+00:00,2220.0,2220.0,1625.0,1945.0
2020-03-13 00:00:00+00:00,1539.199951171875,1539.199951171875,1539.199951171875,1539.199951171875
2020-03-16 00:00:00+00:00,1544.199951171875,1544.199951171875,1544.199951171875,1544.199951171875
2020-03-17 00:00:00+00:00,1539.699951171875,1539.699951171875,1539.699951171875,1539.699951171875
2020-03-18 00:00:00+00:00,1449.9000244140625,1449.9000244140625,1449.9000244140625,1449.9000244140625
2020-03-19 00:00:00+00:00,1559.5,1559.5,1559.5,1559.5
2020-03-20 00:00:00+00:00,1570.300048828125,1570.300048828125,1570.300048828125,1570.300048828125
2020-03-23 00:00:00+00:00,1587.0,1587.0,1587.0,1587.0
2020-03-24 00:00:00+00:00,1817.0,1817.0,1817.0,1817.0
2020-03-25 00:00:00+00:00,2277.699951171875,2277.699951171875,2277.699951171875,2277.699951171875
2020-03-26 00:00:00+00:00,2256.199951171875,2256.199951171875,2256.199951171875,2256.199951171875
2020-03-27 00:00:00+00:00,2226.89990234375,2226.89990234375,2226.800048828125,2226.800048828125
2020-03-30 00:00:00+00:00,2226.10009765625,2226.10009765625,2226.10009765625,2226.10009765625
2020-03-31 00:00:00+00:00,2333.300048828125,2333.300048828125,2333.300048828125,2333.300048828125
2020-04-01 00:00:00+00:00,2169.300048828125,2169.300048828125,2169.300048828125,2169.300048828125
2020-04-02 00:00:00+00:00,2150.199951171875,2150.199951171875,2150.199951171875,2150.199951171875
2020-04-03 00:00:00+00:00,2134.5,2134.5,2134.5,2134.5
2020-04-06 00:00:00+00:00,2105.300048828125,2105.300048828125,2105.300048828125,2105.300048828125
2020-04-07 00:00:00+00:00,2122.800048828125,2122.800048828125,2122.800048828125,2122.800048828125
2020-04-08 00:00:00+00:00,2123.699951171875,2123.699951171875,2123.699951171875,2123.699951171875
2020-04-09 00:00:00+00:00,2138.5,2138.5,2138.5,2138.5
2020-04-13 00:00:00+00:00,2199.199951171875,2199.199951171875,2199.199951171875,2199.199951171875
2020-04-14 00:00:00+00:00,2213.89990234375,2213.89990234375,2213.89990234375,2213.89990234375
2020-04-15 00:00:00+00:00,2182.10009765625,2182.10009765625,2182.10009765625,2182.10009765625
2020-04-16 00:00:00+00:00,2149.199951171875,2149.199951171875,2149.199951171875,2149.199951171875
2020-04-17 00:00:00+00:00,2159.39990234375,2159.39990234375,2159.39990234375,2159.39990234375
2020-04-20 00:00:00+00:00,2156.0,2156.0,2156.0,2156.0
2020-04-21 00:00:00+00:00,1936.0999755859375,1936.0999755859375,1936.0999755859375,1936.0999755859375
2020-04-22 00:00:00+00:00,1920.699951171875,1920.699951171875,1920.699951171875,1920.699951171875
2020-04-23 00:00:00+00:00,2029.5,2029.5,2029.5,2029.5
2020-04-24 00:00:00+00:00,2013.800048828125,2013.800048828125,2013.800048828125,2013.800048828125
2020-04-27 00:00:00+00:00,1903.0999755859375,1903.0999755859375,1903.0999755859375,1903.0999755859375
2020-04-28 00:00:00+00:00,1887.0,1887.0,1887.0,1887.0
2020-04-29 00:00:00+00:00,1913.5,1913.5,1913.5,1913.5
2020-04-30 00:00:00+00:00,1952.0999755859375,1952.0999755859375,1952.0999755859375,1952.0999755859375
2020-05-01 00:00:00+00:00,1883.5,1883.5,1883.5,1883.5
2020-05-04 00:00:00+00:00,1831.0,1831.0,1831.0,1831.0
2020-05-05 00:00:00+00:00,1752.199951171875,1752.199951171875,1752.199951171875,1752.199951171875
2020-05-06 00:00:00+00:00,1753.5999755859375,1753.5999755859375,1753.5999755859375,1753.5999755859375
2020-05-07 00:00:00+00:00,1830.4000244140625,1830.4000244140625,1830.4000244140625,1830.4000244140625
2020-05-08 00:00:00+00:00,1815.800048828125,1815.800048828125,1815.800048828125,1815.800048828125
2020-05-11 00:00:00+00:00,1822.800048828125,1822.800048828125,1822.800048828125,1822.800048828125
2020-05-12 00:00:00+00:00,1830.0999755859375,1830.0999755859375,1830.0999755859375,1830.0999755859375
2020-05-13 00:00:00+00:00,1785.4000244140625,1785.4000244140625,1785.4000244140625,1785.4000244140625
2020-05-14 00:00:00+00:00,1792.9000244140625,1792.9000244140625,1792.9000244140625,1792.9000244140625
2020-05-15 00:00:00+00:00,1852.5999755859375,1852.5999755859375,1852.5999755859375,1852.5999755859375
2020-05-18 00:00:00+00:00,2021.800048828125,2021.800048828125,2021.800048828125,2021.800048828125
2020-05-19 00:00:00+00:00,2069.39990234375,2069.39990234375,2069.39990234375,2069.39990234375
2020-05-20 00:00:00+00:00,2154.10009765625,2154.10009765625,2154.10009765625,2154.10009765625
2020-05-21 00:00:00+00:00,2057.0,2057.0,2057.0,2057.0
2020-05-22 00:00:00+00:00,1971.800048828125,1971.800048828125,1971.800048828125,1971.800048828125
2020-05-26 00:00:00+00:00,1983.800048828125,1983.800048828125,1983.800048828125,1983.800048828125
2020-05-27 00:00:00+00:00,1971.300048828125,1971.300048828125,1971.300048828125,1971.300048828125
2020-05-28 00:00:00+00:00,1974.9000244140625,1988.0,1860.0,1901.5999755859375
2020-05-29 00:00:00+00:00,1893.0999755859375,1934.5,1893.0999755859375,1934.5
2020-06-01 00:00:00+00:00,1941.300048828125,1963.4000244140625,1941.300048828125,1963.4000244140625
2020-06-02 00:00:00+00:00,1954.0,1954.0,1954.0,1954.0
2020-06-03 00:00:00+00:00,1948.5999755859375,1948.5999755859375,1933.4000244140625,1933.4000244140625
2020-06-04 00:00:00+00:00,1943.800048828125,1943.800048828125,1830.0,1902.5
2020-06-05 00:00:00+00:00,1932.800048828125,1932.800048828125,1929.9000244140625,1929.9000244140625
2020-06-08 00:00:00+00:00,1944.0999755859375,2019.199951171875,1944.0999755859375,2019.199951171875
2020-06-09 00:00:00+00:00,1924.9000244140625,1948.199951171875,1924.9000244140625,1948.199951171875
2020-06-10 00:00:00+00:00,1945.9000244140625,1994.9000244140625,1911.9000244140625,1911.9000244140625
2020-06-11 00:00:00+00:00,1926.300048828125,1926.300048828125,1889.9000244140625,1889.9000244140625
2020-06-12 00:00:00+00:00,1918.300048828125,1918.300048828125,1918.300048828125,1918.300048828125
2020-06-15 00:00:00+00:00,1879.0,1912.9000244140625,1879.0,1912.9000244140625
2020-06-16 00:00:00+00:00,1922.5,1922.5,1922.5,1922.5
2020-06-17 00:00:00+00:00,1905.300048828125,1905.300048828125,1905.300048828125,1905.300048828125
2020-06-18 00:00:00+00:00,1888.4000244140625,1888.4000244140625,1888.4000244140625,1888.4000244140625
2020-06-19 00:00:00+00:00,1896.9000244140625,1897.800048828125,1888.199951171875,1888.199951171875
2020-06-22 00:00:00+00:00,1921.9000244140625,1921.9000244140625,1921.9000244140625,1921.9000244140625
2020-06-23 00:00:00+00:00,1930.9000244140625,1930.9000244140625,1930.9000244140625,1930.9000244140625
2020-06-24 00:00:00+00:00,1868.300048828125,1868.300048828125,1868.300048828125,1868.300048828125
2020-06-25 00:00:00+00:00,1839.5999755859375,1839.5999755859375,1824.9000244140625,1824.9000244140625
2020-06-26 00:00:00+00:00,1874.199951171875,1874.199951171875,1874.199951171875,1874.199951171875
2020-06-29 00:00:00+00:00,1911.5999755859375,1911.5999755859375,1911.5999755859375,1911.5999755859375
2020-06-30 00:00:00+00:00,1945.4000244140625,1945.4000244140625,1945.4000244140625,1945.4000244140625
2020-07-01 00:00:00+00:00,1909.199951171875,1909.199951171875,1909.199951171875,1909.199951171875
2020-07-02 00:00:00+00:00,1906.0999755859375,1906.0999755859375,1906.0999755859375,1906.0999755859375
2020-07-06 00:00:00+00:00,1930.800048828125,1930.800048828125,1930.800048828125,1930.800048828125
2020-07-07 00:00:00+00:00,1930.0999755859375,1930.0999755859375,1930.0999755859375,1930.0999755859375
2020-07-08 00:00:00+00:00,1916.800048828125,1916.800048828125,1916.800048828125,1916.800048828125
2020-07-09 00:00:00+00:00,1941.699951171875,1941.699951171875,1941.699951171875,1941.699951171875
2020-07-10 00:00:00+00:00,1972.9000244140625,1972.9000244140625,1972.9000244140625,1972.9000244140625
2020-07-13 00:00:00+00:00,2036.699951171875,2082.10009765625,2019.4000244140625,2019.4000244140625
2020-07-14 00:00:00+00:00,1964.0999755859375,1964.0999755859375,1964.0999755859375,1964.0999755859375
2020-07-15 00:00:00+00:00,1988.5,1988.5,1988.5,1988.5
2020-07-16 00:00:00+00:00,2003.5999755859375,2003.5999755859375,2003.5999755859375,2003.5999755859375
2020-07-17 00:00:00+00:00,2050.199951171875,2050.199951171875,2050.199951171875,2050.199951171875
2020-07-20 00:00:00+00:00,2087.89990234375,2087.89990234375,2087.89990234375,2087.89990234375
2020-07-21 00:00:00+00:00,2166.699951171875,2166.699951171875,2166.699951171875,2166.699951171875
2020-07-22 00:00:00+00:00,2207.5,2207.5,2207.5,2207.5
2020-07-23 00:00:00+00:00,2218.300048828125,2218.300048828125,2218.300048828125,2218.300048828125
2020-07-24 00:00:00+00:00,2272.60009765625,2272.60009765625,2272.60009765625,2272.60009765625
2020-07-27 00:00:00+00:00,2348.199951171875,2348.199951171875,2348.199951171875,2348.199951171875
2020-07-28 00:00:00+00:00,2344.0,2344.0,2344.0,2344.0
2020-07-29 00:00:00+00:00,2239.699951171875,2239.699951171875,2239.699951171875,2239.699951171875
2020-07-30 00:00:00+00:00,2114.89990234375,2114.89990234375,2114.89990234375,2114.89990234375
2020-07-31 00:00:00+00:00,2135.300048828125,2135.300048828125,2135.300048828125,2135.300048828125
2020-08-03 00:00:00+00:00,2129.699951171875,2129.699951171875,2129.699951171875,2129.699951171875
2020-08-04 00:00:00+00:00,2161.0,2161.0,2161.0,2161.0
2020-08-05 00:00:00+00:00,2207.60009765625,2207.60009765625,2207.60009765625,2207.60009765625
2020-08-06 00:00:00+00:00,2251.800048828125,2251.800048828125,2251.800048828125,2251.800048828125
2020-08-07 00:00:00+00:00,2172.60009765625,2172.60009765625,2172.60009765625,2172.60009765625
2020-08-10 00:00:00+00:00,2265.199951171875,2265.199951171875,2265.199951171875,2265.199951171875
2020-08-11 00:00:00+00:00,2171.60009765625,2171.60009765625,2171.60009765625,2171.60009765625
2020-08-12 00:00:00+00:00,2164.800048828125,2164.800048828125,2164.800048828125,2164.800048828125
2020-08-13 00:00:00+00:00,2213.39990234375,2213.39990234375,2213.39990234375,2213.39990234375
2020-08-14 00:00:00+00:00,2140.39990234375,2140.39990234375,2140.39990234375,2140.39990234375
2020-08-17 00:00:00+00:00,2230.39990234375,2230.39990234375,2230.39990234375,2230.39990234375
2020-08-18 00:00:00+00:00,2225.199951171875,2225.199951171875,2225.199951171875,2225.199951171875
2020-08-19 00:00:00+00:00,2176.0,2176.0,2162.0,2176.0
2020-08-20 00:00:00+00:00,2183.800048828125,2183.800048828125,2183.800048828125,2183.800048828125
2020-08-21 00:00:00+00:00,2177.199951171875,2177.199951171875,2177.199951171875,2177.199951171875
2020-08-24 00:00:00+00:00,2162.60009765625,2162.60009765625,2162.60009765625,2162.60009765625
2020-08-25 00:00:00+00:00,2169.300048828125,2169.300048828125,2169.300048828125,2169.300048828125
2020-08-26 00:00:00+00:00,2188.199951171875,2188.199951171875,2188.199951171875,2188.199951171875
2020-08-27 00:00:00+00:00,2189.10009765625,2225.800048828125,2142.5,2159.199951171875
2020-08-28 00:00:00+00:00,2164.0,2201.0,2149.10009765625,2197.800048828125
2020-08-31 00:00:00+00:00,2207.699951171875,2268.0,2204.39990234375,2245.39990234375
2020-09-01 00:00:00+00:00,2277.199951171875,2277.199951171875,2277.199951171875,2277.199951171875
2020-09-02 00:00:00+00:00,2242.89990234375,2242.89990234375,2242.89990234375,2242.89990234375
2020-09-03 00:00:00+00:00,2297.0,2297.0,2297.0,2297.0
2020-09-04 00:00:00+00:00,2285.0,2318.60009765625,2285.0,2318.60009765625
2020-09-08 00:00:00+00:00,2300.0,2304.5,2281.10009765625,2281.199951171875
2020-09-09 00:00:00+00:00,2294.0,2294.0,2294.0,2294.0
2020-09-10 00:00:00+00:00,2307.39990234375,2307.39990234375,2307.39990234375,2307.39990234375
2020-09-11 00:00:00+00:00,2313.10009765625,2313.10009765625,2313.10009765625,2313.10009765625
2020-09-14 00:00:00+00:00,2306.699951171875,2306.699951171875,2306.699951171875,2306.699951171875
2020-09-15 00:00:00+00:00,2396.300048828125,2396.300048828125,2396.300048828125,2396.300048828125
2020-09-16 00:00:00+00:00,2399.89990234375,2399.89990234375,2390.0,2399.89990234375
2020-09-17 00:00:00+00:00,2361.5,2361.5,2317.60009765625,2317.60009765625
2020-09-18 00:00:00+00:00,2364.0,2364.0,2364.0,2364.0
2020-09-21 00:00:00+00:00,2266.10009765625,2266.10009765625,2266.10009765625,2266.10009765625
2020-09-22 00:00:00+00:00,2216.0,2216.0,2216.0,2216.0
2020-09-23 00:00:00+00:00,2244.699951171875,2244.699951171875,2244.699951171875,2244.699951171875
2020-09-24 00:00:00+00:00,2210.60009765625,2213.0,2210.60009765625,2213.0
2020-09-25 00:00:00+00:00,2207.699951171875,2207.699951171875,2207.699951171875,2207.699951171875
2020-09-28 00:00:00+00:00,2258.5,2258.5,2258.5,2258.5
2020-09-29 00:00:00+00:00,2320.10009765625,2320.10009765625,2320.10009765625,2320.10009765625
2020-09-30 00:00:00+00:00,2321.300048828125,2321.300048828125,2321.300048828125,2321.300048828125
2020-10-01 00:00:00+00:00,2319.0,2319.0,2319.0,2319.0
2020-10-02 00:00:00+00:00,2315.800048828125,2315.800048828125,2315.800048828125,2315.800048828125
2020-10-05 00:00:00+00:00,2369.199951171875,2369.199951171875,2369.199951171875,2369.199951171875
2020-10-06 00:00:00+00:00,2382.0,2382.0,2382.0,2382.0
2020-10-07 00:00:00+00:00,2372.89990234375,2372.89990234375,2372.89990234375,2372.89990234375
2020-10-08 00:00:00+00:00,2393.800048828125,2393.800048828125,2393.800048828125,2393.800048828125
2020-10-09 00:00:00+00:00,2454.0,2454.0,2454.0,2454.0
2020-10-12 00:00:00+00:00,2416.39990234375,2416.39990234375,2416.39990234375,2416.39990234375
2020-10-13 00:00:00+00:00,2335.10009765625,2335.10009765625,2335.10009765625,2335.10009765625
2020-10-14 00:00:00+00:00,2357.10009765625,2357.10009765625,2357.10009765625,2357.10009765625
2020-10-15 00:00:00+00:00,2357.89990234375,2357.89990234375,2357.89990234375,2357.89990234375
2020-10-16 00:00:00+00:00,2333.10009765625,2333.10009765625,2333.10009765625,2333.10009765625
2020-10-19 00:00:00+00:00,2348.300048828125,2348.300048828125,2348.300048828125,2348.300048828125
2020-10-20 00:00:00+00:00,2408.5,2408.5,2408.5,2408.5
2020-10-21 00:00:00+00:00,2406.0,2419.800048828125,2401.0,2419.800048828125
2020-10-22 00:00:00+00:00,2388.60009765625,2388.60009765625,2388.60009765625,2388.60009765625
2020-10-23 00:00:00+00:00,2391.39990234375,2391.39990234375,2391.39990234375,2391.39990234375
2020-10-26 00:00:00+00:00,2361.89990234375,2361.89990234375,2361.89990234375,2361.89990234375
2020-10-27 00:00:00+00:00,2347.300048828125,2347.300048828125,2347.300048828125,2347.300048828125
2020-10-28 00:00:00+00:00,2244.300048828125,2244.300048828125,2244.300048828125,2244.300048828125
2020-10-29 00:00:00+00:00,2191.39990234375,2191.39990234375,2191.39990234375,2191.39990234375
2020-10-30 00:00:00+00:00,2210.300048828125,2210.300048828125,2210.300048828125,2210.300048828125
2020-11-02 00:00:00+00:00,2214.300048828125,2214.300048828125,2214.300048828125,2214.300048828125
2020-11-03 00:00:00+00:00,2292.39990234375,2292.39990234375,2292.39990234375,2292.39990234375
2020-11-04 00:00:00+00:00,2302.300048828125,2302.300048828125,2302.300048828125,2302.300048828125
2020-11-05 00:00:00+00:00,2378.300048828125,2378.300048828125,2378.300048828125,2378.300048828125
2020-11-06 00:00:00+00:00,2495.199951171875,2495.199951171875,2495.199951171875,2495.199951171875
2020-11-09 00:00:00+00:00,2494.60009765625,2494.60009765625,2494.60009765625,2494.60009765625
2020-11-10 00:00:00+00:00,2467.199951171875,2467.199951171875,2467.199951171875,2467.199951171875
2020-11-11 00:00:00+00:00,2312.89990234375,2312.89990234375,2312.89990234375,2312.89990234375
2020-11-12 00:00:00+00:00,2338.39990234375,2338.39990234375,2338.39990234375,2338.39990234375
2020-11-13 00:00:00+00:00,2326.300048828125,2326.300048828125,2326.300048828125,2326.300048828125
2020-11-16 00:00:00+00:00,2342.199951171875,2342.199951171875,2342.199951171875,2342.199951171875
2020-11-17 00:00:00+00:00,2323.60009765625,2323.60009765625,2323.60009765625,2323.60009765625
2020-11-18 00:00:00+00:00,2351.300048828125,2351.300048828125,2351.300048828125,2351.300048828125
2020-11-19 00:00:00+00:00,2317.39990234375,2317.39990234375,2317.39990234375,2317.39990234375
2020-11-20 00:00:00+00:00,2321.199951171875,2321.199951171875,2321.199951171875,2321.199951171875
2020-11-23 00:00:00+00:00,2351.800048828125,2351.800048828125,2351.800048828125,2351.800048828125
2020-11-24 00:00:00+00:00,2350.10009765625,2350.10009765625,2350.10009765625,2350.10009765625
2020-11-25 00:00:00+00:00,2341.60009765625,2341.60009765625,2341.60009765625,2341.60009765625
2020-11-27 00:00:00+00:00,2349.199951171875,2428.5,2342.39990234375,2424.39990234375
2020-11-30 00:00:00+00:00,2417.300048828125,2420.5,2378.0,2392.800048828125
2020-12-01 00:00:00+00:00,2416.199951171875,2417.300048828125,2414.10009765625,2417.300048828125
2020-12-02 00:00:00+00:00,2393.0,2397.39990234375,2393.0,2397.39990234375
2020-12-03 00:00:00+00:00,2360.0,2360.0,2225.10009765625,2302.10009765625
2020-12-04 00:00:00+00:00,2319.60009765625,2355.0,2319.60009765625,2345.800048828125
2020-12-07 00:00:00+00:00,2339.89990234375,2339.89990234375,2339.89990234375,2339.89990234375
2020-12-08 00:00:00+00:00,2335.0,2335.0,2316.699951171875,2316.699951171875
2020-12-09 00:00:00+00:00,2298.5,2298.5,2280.300048828125,2280.300048828125
2020-12-10 00:00:00+00:00,2332.0,2333.5,2325.0,2325.0
2020-12-11 00:00:00+00:00,2331.0,2341.0,2316.5,2322.10009765625
2020-12-14 00:00:00+00:00,2307.89990234375,2307.89990234375,2307.89990234375,2307.89990234375
2020-12-15 00:00:00+00:00,2314.199951171875,2314.199951171875,2314.199951171875,2314.199951171875
2020-12-16 00:00:00+00:00,2338.699951171875,2338.699951171875,2327.5,2338.699951171875
2020-12-17 00:00:00+00:00,2335.0,2345.0,2335.0,2338.0
2020-12-18 00:00:00+00:00,2340.0,2360.89990234375,2340.0,2360.89990234375
2020-12-21 00:00:00+00:00,2375.0,2390.0,2294.5,2304.39990234375
2020-12-22 00:00:00+00:00,2311.10009765625,2311.10009765625,2311.10009765625,2311.10009765625
2020-12-23 00:00:00+00:00,2326.300048828125,2326.300048828125,2326.300048828125,2326.300048828125
2020-12-24 00:00:00+00:00,2333.10009765625,2333.10009765625,2333.10009765625,2333.10009765625
2020-12-28 00:00:00+00:00,2339.0,2339.0,2339.0,2339.0
2020-12-29 00:00:00+00:00,2331.5,2331.5,2331.5,2331.5
2020-12-30 00:00:00+00:00,2373.10009765625,2373.10009765625,2373.10009765625,2373.10009765625
2020-12-31 00:00:00+00:00,2448.5,2448.5,2448.5,2448.5
2021-01-04 00:00:00+00:00,2385.89990234375,2385.89990234375,2385.89990234375,2385.89990234375
2021-01-05 00:00:00+00:00,2488.10009765625,2488.10009765625,2488.10009765625,2488.10009765625
2021-01-06 00:00:00+00:00,2442.800048828125,2442.800048828125,2442.800048828125,2442.800048828125
2021-01-07 00:00:00+00:00,2426.300048828125,2426.300048828125,2426.300048828125,2426.300048828125
2021-01-08 00:00:00+00:00,2359.699951171875,2359.699951171875,2359.699951171875,2359.699951171875
2021-01-11 00:00:00+00:00,2373.5,2373.5,2373.5,2373.5
2021-01-12 00:00:00+00:00,2370.89990234375,2370.89990234375,2370.89990234375,2370.89990234375
2021-01-13 00:00:00+00:00,2391.800048828125,2391.800048828125,2391.800048828125,2391.800048828125
2021-01-14 00:00:00+00:00,2418.0,2418.0,2418.0,2418.0
2021-01-15 00:00:00+00:00,2389.800048828125,2389.800048828125,2389.800048828125,2389.800048828125
2021-01-19 00:00:00+00:00,2359.699951171875,2359.699951171875,2359.699951171875,2359.699951171875
2021-01-20 00:00:00+00:00,2397.89990234375,2397.89990234375,2397.89990234375,2397.89990234375
2021-01-21 00:00:00+00:00,2369.800048828125,2369.800048828125,2369.800048828125,2369.800048828125
2021-01-22 00:00:00+00:00,2359.89990234375,2359.89990234375,2359.89990234375,2359.89990234375
2021-01-25 00:00:00+00:00,2341.60009765625,2341.60009765625,2341.60009765625,2341.60009765625
2021-01-26 00:00:00+00:00,2319.699951171875,2319.699951171875,2319.699951171875,2319.699951171875
2021-01-27 00:00:00+00:00,2305.199951171875,2305.199951171875,2305.199951171875,2305.199951171875
2021-01-28 00:00:00+00:00,2321.0,2321.0,2321.0,2321.0
2021-01-29 00:00:00+00:00,2207.10009765625,2207.10009765625,2207.10009765625,2207.10009765625
2021-02-01 00:00:00+00:00,2240.39990234375,2240.39990234375,2240.39990234375,2240.39990234375
2021-02-02 00:00:00+00:00,2226.39990234375,2226.39990234375,2226.39990234375,2226.39990234375
2021-02-03 00:00:00+00:00,2275.300048828125,2275.300048828125,2275.300048828125,2275.300048828125
2021-02-04 00:00:00+00:00,2279.39990234375,2279.39990234375,2279.39990234375,2279.39990234375
2021-02-05 00:00:00+00:00,2325.0,2325.0,2325.0,2325.0
2021-02-08 00:00:00+00:00,2335.39990234375,2335.39990234375,2335.39990234375,2335.39990234375
2021-02-09 00:00:00+00:00,2319.300048828125,2319.300048828125,2319.300048828125,2319.300048828125
2021-02-10 00:00:00+00:00,2351.199951171875,2351.199951171875,2351.199951171875,2351.199951171875
2021-02-11 00:00:00+00:00,2345.699951171875,2345.699951171875,2345.699951171875,2345.699951171875
2021-02-12 00:00:00+00:00,2381.300048828125,2381.300048828125,2381.300048828125,2381.300048828125
2021-02-16 00:00:00+00:00,2386.89990234375,2386.89990234375,2386.89990234375,2386.89990234375
2021-02-17 00:00:00+00:00,2368.39990234375,2368.39990234375,2368.39990234375,2368.39990234375
2021-02-18 00:00:00+00:00,2347.5,2347.5,2347.5,2347.5
2021-02-19 00:00:00+00:00,2367.89990234375,2367.89990234375,2367.89990234375,2367.89990234375
2021-02-22 00:00:00+00:00,2390.800048828125,2390.800048828125,2390.800048828125,2390.800048828125
2021-02-23 00:00:00+00:00,2333.800048828125,2333.800048828125,2333.800048828125,2333.800048828125
2021-02-24 00:00:00+00:00,2420.800048828125,2420.800048828125,2420.800048828125,2420.800048828125
2021-02-25 00:00:00+00:00,2438.0,2480.0,2391.0,2407.300048828125
2021-02-26 00:00:00+00:00,2382.0,2418.0,2300.0,2310.10009765625
2021-03-01 00:00:00+00:00,2310.0,2347.5,2309.5,2344.60009765625
2021-03-02 00:00:00+00:00,2365.199951171875,2365.199951171875,2365.199951171875,2365.199951171875
2021-03-03 00:00:00+00:00,2350.89990234375,2350.89990234375,2350.89990234375,2350.89990234375
2021-03-04 00:00:00+00:00,2339.10009765625,2339.10009765625,2339.10009765625,2339.10009765625
2021-03-05 00:00:00+00:00,2325.699951171875,2325.699951171875,2325.699951171875,2325.699951171875
2021-03-08 00:00:00+00:00,2310.5,2310.5,2310.5,2310.5
2021-03-09 00:00:00+00:00,2288.800048828125,2288.800048828125,2288.800048828125,2288.800048828125
2021-03-10 00:00:00+00:00,2289.0,2289.0,2289.0,2289.0
2021-03-11 00:00:00+00:00,2337.5,2337.5,2337.5,2337.5
2021-03-12 00:00:00+00:00,2356.60009765625,2356.60009765625,2356.60009765625,2356.60009765625
2021-03-15 00:00:00+00:00,2369.60009765625,2369.60009765625,2369.60009765625,2369.60009765625
2021-03-16 00:00:00+00:00,2487.800048828125,2487.800048828125,2465.0,2487.800048828125
2021-03-17 00:00:00+00:00,2533.800048828125,2533.800048828125,2533.800048828125,2533.800048828125
2021-03-18 00:00:00+00:00,2658.300048828125,2658.300048828125,2658.300048828125,2658.300048828125
2021-03-19 00:00:00+00:00,2626.60009765625,2626.60009765625,2626.60009765625,2626.60009765625
2021-03-22 00:00:00+00:00,2595.89990234375,2595.89990234375,2595.89990234375,2595.89990234375
2021-03-23 00:00:00+00:00,2626.5,2626.5,2612.60009765625,2612.60009765625
2021-03-24 00:00:00+00:00,2632.0,2635.300048828125,2632.0,2635.300048828125
2021-03-25 00:00:00+00:00,2635.0,2635.0,2610.699951171875,2610.699951171875
2021-03-26 00:00:00+00:00,2660.0,2670.39990234375,2660.0,2670.39990234375
2021-03-29 00:00:00+00:00,2525.0,2525.0,2525.0,2525.0
2021-03-30 00:00:00+00:00,2566.60009765625,2566.60009765625,2566.60009765625,2566.60009765625
2021-03-31 00:00:00+00:00,2617.5,2617.5,2617.5,2617.5
2021-04-01 00:00:00+00:00,2653.39990234375,2653.39990234375,2653.39990234375,2653.39990234375
2021-04-05 00:00:00+00:00,2652.300048828125,2652.300048828125,2652.300048828125,2652.300048828125
2021-04-06 00:00:00+00:00,2687.800048828125,2687.800048828125,2687.800048828125,2687.800048828125
2021-04-07 00:00:00+00:00,2618.699951171875,2618.699951171875,2618.699951171875,2618.699951171875
2021-04-08 00:00:00+00:00,2623.0,2623.0,2623.0,2623.0
2021-04-09 00:00:00+00:00,2630.699951171875,2630.699951171875,2630.699951171875,2630.699951171875
2021-04-12 00:00:00+00:00,2666.60009765625,2666.60009765625,2666.60009765625,2666.60009765625
2021-04-13 00:00:00+00:00,2691.60009765625,2691.60009765625,2691.60009765625,2691.60009765625
2021-04-14 00:00:00+00:00,2674.10009765625,2674.10009765625,2674.10009765625,2674.10009765625
2021-04-15 00:00:00+00:00,2734.10009765625,2734.10009765625,2734.10009765625,2734.10009765625
2021-04-16 00:00:00+00:00,2769.39990234375,2769.39990234375,2769.39990234375,2769.39990234375
2021-04-19 00:00:00+00:00,2808.300048828125,2808.300048828125,2808.300048828125,2808.300048828125
2021-04-20 00:00:00+00:00,2752.10009765625,2752.10009765625,2752.10009765625,2752.10009765625
2021-04-21 00:00:00+00:00,2870.300048828125,2870.300048828125,2870.300048828125,2870.300048828125
2021-04-22 00:00:00+00:00,2837.60009765625,2837.60009765625,2837.60009765625,2837.60009765625
2021-04-23 00:00:00+00:00,2851.699951171875,2851.699951171875,2851.699951171875,2851.699951171875
2021-04-26 00:00:00+00:00,2904.0,2904.0,2904.0,2904.0
2021-04-27 00:00:00+00:00,2947.300048828125,2947.300048828125,2947.300048828125,2947.300048828125
2021-04-28 00:00:00+00:00,2924.89990234375,2924.89990234375,2924.89990234375,2924.89990234375
2021-04-29 00:00:00+00:00,2952.60009765625,2952.60009765625,2952.60009765625,2952.60009765625
2021-04-30 00:00:00+00:00,2957.699951171875,2957.699951171875,2957.699951171875,2957.699951171875
2021-05-03 00:00:00+00:00,2985.39990234375,2985.39990234375,2985.39990234375,2985.39990234375
2021-05-04 00:00:00+00:00,2981.60009765625,2981.60009765625,2981.60009765625,2981.60009765625
2021-05-05 00:00:00+00:00,2976.800048828125,2976.800048828125,2976.800048828125,2976.800048828125
2021-05-06 00:00:00+00:00,2951.39990234375,2951.39990234375,2951.39990234375,2951.39990234375
2021-05-07 00:00:00+00:00,2929.10009765625,2929.10009765625,2929.10009765625,2929.10009765625
2021-05-10 00:00:00+00:00,2972.10009765625,2972.10009765625,2972.10009765625,2972.10009765625
2021-05-11 00:00:00+00:00,2923.199951171875,2923.199951171875,2923.199951171875,2923.199951171875
2021-05-12 00:00:00+00:00,2846.0,2846.0,2846.0,2846.0
2021-05-13 00:00:00+00:00,2861.60009765625,2861.60009765625,2861.60009765625,2861.60009765625
2021-05-14 00:00:00+00:00,2891.60009765625,2891.60009765625,2891.60009765625,2891.60009765625
2021-05-17 00:00:00+00:00,2892.89990234375,2892.89990234375,2892.89990234375,2892.89990234375
2021-05-18 00:00:00+00:00,2903.39990234375,2903.39990234375,2903.39990234375,2903.39990234375
2021-05-19 00:00:00+00:00,2885.10009765625,2885.10009765625,2885.10009765625,2885.10009765625
2021-05-20 00:00:00+00:00,2870.5,2870.5,2870.5,2870.5
2021-05-21 00:00:00+00:00,2775.300048828125,2775.300048828125,2775.300048828125,2775.300048828125
2021-05-24 00:00:00+00:00,2730.10009765625,2730.10009765625,2730.10009765625,2730.10009765625
2021-05-25 00:00:00+00:00,2777.5,2777.5,2777.5,2777.5
2021-05-26 00:00:00+00:00,2748.5,2748.5,2748.5,2748.5
2021-05-27 00:00:00+00:00,2738.0,2834.0,2737.5,2802.300048828125
2021-05-28 00:00:00+00:00,2816.0,2834.0,2808.0,2824.199951171875
2021-06-01 00:00:00+00:00,2830.0,2856.699951171875,2830.0,2856.699951171875
2021-06-02 00:00:00+00:00,2862.0,2862.0,2862.0,2862.0
2021-06-03 00:00:00+00:00,2817.0,2822.699951171875,2804.0,2822.699951171875
2021-06-04 00:00:00+00:00,2827.0,2837.89990234375,2827.0,2837.89990234375
2021-06-07 00:00:00+00:00,2833.39990234375,2833.39990234375,2833.39990234375,2833.39990234375
2021-06-08 00:00:00+00:00,2802.60009765625,2802.60009765625,2802.60009765625,2802.60009765625
2021-06-09 00:00:00+00:00,2800.0,2800.0,2769.0,2770.0
2021-06-10 00:00:00+00:00,2768.0,2774.699951171875,2768.0,2774.699951171875
2021-06-11 00:00:00+00:00,2777.699951171875,2777.699951171875,2777.699951171875,2777.699951171875
2021-06-14 00:00:00+00:00,2753.60009765625,2753.60009765625,2753.60009765625,2753.60009765625
2021-06-15 00:00:00+00:00,2761.800048828125,2761.800048828125,2761.800048828125,2761.800048828125
2021-06-16 00:00:00+00:00,2805.5,2834.0,2805.5,2834.0
2021-06-17 00:00:00+00:00,2766.5,2769.0,2509.60009765625,2509.60009765625
2021-06-18 00:00:00+00:00,2516.0,2520.0,2461.0,2465.699951171875
2021-06-21 00:00:00+00:00,2540.0,2553.199951171875,2540.0,2553.199951171875
2021-06-22 00:00:00+00:00,2554.699951171875,2555.5,2550.0,2554.699951171875
2021-06-23 00:00:00+00:00,2587.5,2626.300048828125,2587.5,2626.300048828125
2021-06-24 00:00:00+00:00,2612.0,2639.800048828125,2597.5,2639.800048828125
2021-06-25 00:00:00+00:00,2633.300048828125,2633.300048828125,2633.300048828125,2633.300048828125
2021-06-28 00:00:00+00:00,2695.89990234375,2695.89990234375,2695.89990234375,2695.89990234375
2021-06-29 00:00:00+00:00,2679.39990234375,2679.39990234375,2679.39990234375,2679.39990234375
2021-06-30 00:00:00+00:00,2777.39990234375,2777.39990234375,2777.39990234375,2777.39990234375
2021-07-01 00:00:00+00:00,2767.10009765625,2767.10009765625,2767.10009765625,2767.10009765625
2021-07-02 00:00:00+00:00,2790.699951171875,2790.699951171875,2790.699951171875,2790.699951171875
2021-07-06 00:00:00+00:00,2794.300048828125,2794.300048828125,2794.300048828125,2794.300048828125
2021-07-07 00:00:00+00:00,2846.5,2846.5,2846.5,2846.5
2021-07-08 00:00:00+00:00,2808.39990234375,2808.39990234375,2808.39990234375,2808.39990234375
2021-07-09 00:00:00+00:00,2810.199951171875,2810.199951171875,2810.199951171875,2810.199951171875
2021-07-12 00:00:00+00:00,2857.5,2857.5,2857.5,2857.5
2021-07-13 00:00:00+00:00,2830.699951171875,2830.699951171875,2830.699951171875,2830.699951171875
2021-07-14 00:00:00+00:00,2824.5,2824.5,2824.5,2824.5
2021-07-15 00:00:00+00:00,2727.5,2727.5,2727.5,2727.5
2021-07-16 00:00:00+00:00,2635.5,2635.5,2635.5,2635.5
2021-07-19 00:00:00+00:00,2590.89990234375,2590.89990234375,2590.89990234375,2590.89990234375
2021-07-20 00:00:00+00:00,2638.60009765625,2638.60009765625,2638.60009765625,2638.60009765625
2021-07-21 00:00:00+00:00,2653.10009765625,2653.10009765625,2653.10009765625,2653.10009765625
2021-07-22 00:00:00+00:00,2702.800048828125,2702.800048828125,2702.800048828125,2702.800048828125
2021-07-23 00:00:00+00:00,2660.60009765625,2660.60009765625,2660.60009765625,2660.60009765625
2021-07-26 00:00:00+00:00,2676.300048828125,2676.300048828125,2676.300048828125,2676.300048828125
2021-07-27 00:00:00+00:00,2604.89990234375,2604.89990234375,2604.89990234375,2604.89990234375
2021-07-28 00:00:00+00:00,2620.800048828125,2620.800048828125,2620.800048828125,2620.800048828125
2021-07-29 00:00:00+00:00,2642.699951171875,2642.699951171875,2642.699951171875,2642.699951171875
2021-07-30 00:00:00+00:00,2655.800048828125,2655.800048828125,2655.800048828125,2655.800048828125
2021-08-02 00:00:00+00:00,2683.699951171875,2683.699951171875,2683.699951171875,2683.699951171875
2021-08-03 00:00:00+00:00,2644.89990234375,2644.89990234375,2644.89990234375,2644.89990234375
2021-08-04 00:00:00+00:00,2651.300048828125,2651.300048828125,2651.300048828125,2651.300048828125
2021-08-05 00:00:00+00:00,2654.699951171875,2654.699951171875,2654.699951171875,2654.699951171875
2021-08-06 00:00:00+00:00,2629.699951171875,2629.699951171875,2629.699951171875,2629.699951171875
2021-08-09 00:00:00+00:00,2601.699951171875,2601.699951171875,2601.699951171875,2601.699951171875
2021-08-10 00:00:00+00:00,2649.60009765625,2649.60009765625,2649.60009765625,2649.60009765625
2021-08-11 00:00:00+00:00,2632.39990234375,2632.39990234375,2632.39990234375,2632.39990234375
2021-08-12 00:00:00+00:00,2623.5,2623.5,2623.5,2623.5
2021-08-13 00:00:00+00:00,2656.10009765625,2656.10009765625,2656.10009765625,2656.10009765625
2021-08-16 00:00:00+00:00,2597.60009765625,2597.60009765625,2597.60009765625,2597.60009765625
2021-08-17 00:00:00+00:00,2493.800048828125,2493.800048828125,2493.800048828125,2493.800048828125
2021-08-18 00:00:00+00:00,2421.5,2421.5,2421.5,2421.5
2021-08-19 00:00:00+00:00,2296.10009765625,2296.10009765625,2296.10009765625,2296.10009765625
2021-08-20 00:00:00+00:00,2288.0,2288.0,2274.699951171875,2274.699951171875
2021-08-23 00:00:00+00:00,2383.300048828125,2383.300048828125,2383.300048828125,2383.300048828125
2021-08-24 00:00:00+00:00,2440.699951171875,2440.699951171875,2440.699951171875,2440.699951171875
2021-08-25 00:00:00+00:00,2428.89990234375,2428.89990234375,2428.89990234375,2428.89990234375
2021-08-26 00:00:00+00:00,2386.5,2386.5,2386.5,2386.5
2021-08-27 00:00:00+00:00,2402.199951171875,2402.199951171875,2402.199951171875,2402.199951171875
2021-08-30 00:00:00+00:00,2414.0,2495.5,2404.0,2476.10009765625
2021-08-31 00:00:00+00:00,2470.0,2489.5,2462.0,2468.300048828125
2021-09-01 00:00:00+00:00,2466.0,2485.5,2426.5,2438.39990234375
2021-09-02 00:00:00+00:00,2405.5,2405.5,2397.39990234375,2397.39990234375
2021-09-03 00:00:00+00:00,2399.0,2414.39990234375,2397.0,2414.39990234375
2021-09-07 00:00:00+00:00,2422.0,2422.0,2341.0,2351.199951171875
2021-09-08 00:00:00+00:00,2222.0,2235.5,2222.0,2235.5
2021-09-09 00:00:00+00:00,2139.800048828125,2139.800048828125,2139.800048828125,2139.800048828125
2021-09-10 00:00:00+00:00,2204.0,2204.0,2123.0,2123.0
2021-09-13 00:00:00+00:00,2100.0,2100.0,2063.0,2076.60009765625
2021-09-14 00:00:00+00:00,1979.0,1979.0,1972.5999755859375,1972.5999755859375
2021-09-15 00:00:00+00:00,1990.199951171875,1990.199951171875,1990.199951171875,1990.199951171875
2021-09-16 00:00:00+00:00,2018.9000244140625,2018.9000244140625,2018.9000244140625,2018.9000244140625
2021-09-17 00:00:00+00:00,1981.199951171875,1981.199951171875,1981.199951171875,1981.199951171875
2021-09-20 00:00:00+00:00,1880.0,1880.0,1860.5,1865.199951171875
2021-09-21 00:00:00+00:00,1885.0,1894.5,1885.0,1894.5
2021-09-22 00:00:00+00:00,2036.199951171875,2036.199951171875,2036.199951171875,2036.199951171875
2021-09-23 00:00:00+00:00,1971.800048828125,1971.800048828125,1971.800048828125,1971.800048828125
2021-09-24 00:00:00+00:00,1939.0,1951.0999755859375,1939.0,1951.0999755859375
2021-09-27 00:00:00+00:00,1947.699951171875,1947.699951171875,1947.699951171875,1947.699951171875
2021-09-28 00:00:00+00:00,1923.0,1923.0,1854.199951171875,1854.199951171875
2021-09-29 00:00:00+00:00,1853.5,1853.5,1833.0999755859375,1833.0999755859375
2021-09-30 00:00:00+00:00,1902.5999755859375,1902.5999755859375,1902.5999755859375,1902.5999755859375
2021-10-01 00:00:00+00:00,1906.5,1906.5,1906.5,1906.5
2021-10-04 00:00:00+00:00,1877.800048828125,1877.800048828125,1877.800048828125,1877.800048828125
2021-10-05 00:00:00+00:00,1902.199951171875,1902.199951171875,1902.199951171875,1902.199951171875
2021-10-06 00:00:00+00:00,1870.5999755859375,1870.5999755859375,1870.5999755859375,1870.5999755859375
2021-10-07 00:00:00+00:00,1957.800048828125,1957.800048828125,1957.800048828125,1957.800048828125
2021-10-08 00:00:00+00:00,2075.800048828125,2075.800048828125,2075.800048828125,2075.800048828125
2021-10-11 00:00:00+00:00,2122.300048828125,2122.300048828125,2122.300048828125,2122.300048828125
2021-10-12 00:00:00+00:00,2050.60009765625,2050.60009765625,2050.60009765625,2050.60009765625
2021-10-13 00:00:00+00:00,2108.89990234375,2108.89990234375,2108.89990234375,2108.89990234375
2021-10-14 00:00:00+00:00,2153.699951171875,2153.699951171875,2153.699951171875,2153.699951171875
2021-10-15 00:00:00+00:00,2079.39990234375,2079.39990234375,2079.39990234375,2079.39990234375
2021-10-18 00:00:00+00:00,2015.9000244140625,2015.9000244140625,2015.9000244140625,2015.9000244140625
2021-10-19 00:00:00+00:00,2103.699951171875,2103.699951171875,2103.699951171875,2103.699951171875
2021-10-20 00:00:00+00:00,2085.199951171875,2085.199951171875,2085.199951171875,2085.199951171875
2021-10-21 00:00:00+00:00,2020.9000244140625,2020.9000244140625,2020.9000244140625,2020.9000244140625
2021-10-22 00:00:00+00:00,2038.4000244140625,2038.4000244140625,2038.4000244140625,2038.4000244140625
2021-10-25 00:00:00+00:00,2051.0,2051.0,2051.0,2051.0
2021-10-26 00:00:00+00:00,2007.5999755859375,2007.5999755859375,2007.5999755859375,2007.5999755859375
2021-10-27 00:00:00+00:00,1977.0999755859375,1977.0999755859375,1977.0999755859375,1977.0999755859375
2021-10-28 00:00:00+00:00,1995.199951171875,1995.199951171875,1995.199951171875,1995.199951171875
2021-10-29 00:00:00+00:00,1986.0999755859375,1986.0999755859375,1986.0999755859375,1986.0999755859375
2021-11-01 00:00:00+00:00,2058.10009765625,2058.10009765625,2058.10009765625,2058.10009765625
2021-11-02 00:00:00+00:00,2013.199951171875,2013.199951171875,2013.199951171875,2013.199951171875
2021-11-03 00:00:00+00:00,1984.0999755859375,1984.0999755859375,1984.0999755859375,1984.0999755859375
2021-11-04 00:00:00+00:00,1993.300048828125,1993.300048828125,1993.300048828125,1993.300048828125
2021-11-05 00:00:00+00:00,2024.5,2024.5,2024.5,2024.5
2021-11-08 00:00:00+00:00,2074.60009765625,2074.60009765625,2074.60009765625,2074.60009765625
2021-11-09 00:00:00+00:00,2019.0,2019.0,2019.0,2019.0
2021-11-10 00:00:00+00:00,2035.800048828125,2035.800048828125,2035.800048828125,2035.800048828125
2021-11-11 00:00:00+00:00,2059.5,2059.5,2059.5,2059.5
2021-11-12 00:00:00+00:00,2114.60009765625,2114.60009765625,2114.60009765625,2114.60009765625
2021-11-15 00:00:00+00:00,2153.0,2153.0,2153.0,2153.0
2021-11-16 00:00:00+00:00,2164.5,2164.5,2164.5,2164.5
2021-11-17 00:00:00+00:00,2181.39990234375,2181.39990234375,2181.39990234375,2181.39990234375
2021-11-18 00:00:00+00:00,2134.300048828125,2134.300048828125,2134.300048828125,2134.300048828125
2021-11-19 00:00:00+00:00,2070.10009765625,2070.10009765625,2070.10009765625,2070.10009765625
2021-11-22 00:00:00+00:00,1947.5,1947.5,1947.5,1947.5
2021-11-23 00:00:00+00:00,1847.199951171875,1847.199951171875,1847.199951171875,1847.199951171875
2021-11-24 00:00:00+00:00,1844.800048828125,1844.800048828125,1844.800048828125,1844.800048828125
2021-11-26 00:00:00+00:00,1786.0,1786.0,1786.0,1786.0
2021-11-29 00:00:00+00:00,1727.0,1797.0,1727.0,1784.199951171875
2021-11-30 00:00:00+00:00,1749.5,1783.0,1703.0999755859375,1703.0999755859375
2021-12-01 00:00:00+00:00,1738.0,1751.0999755859375,1738.0,1751.0999755859375
2021-12-02 00:00:00+00:00,1740.0,1772.0,1740.0,1769.9000244140625
2021-12-03 00:00:00+00:00,1811.0999755859375,1811.0999755859375,1811.0999755859375,1811.0999755859375
2021-12-06 00:00:00+00:00,1844.199951171875,1844.199951171875,1844.199951171875,1844.199951171875
2021-12-07 00:00:00+00:00,1845.5,1845.5,1845.5,1845.5
2021-12-08 00:00:00+00:00,1851.0,1851.0,1851.0,1851.0
2021-12-09 00:00:00+00:00,1811.800048828125,1811.800048828125,1811.800048828125,1811.800048828125
2021-12-10 00:00:00+00:00,1770.5,1772.5,1748.0999755859375,1748.0999755859375
2021-12-13 00:00:00+00:00,1672.4000244140625,1672.4000244140625,1672.4000244140625,1672.4000244140625
2021-12-14 00:00:00+00:00,1620.5,1620.5,1620.5,1620.5
2021-12-15 00:00:00+00:00,1549.4000244140625,1549.4000244140625,1549.4000244140625,1549.4000244140625
2021-12-16 00:00:00+00:00,1720.5999755859375,1720.5999755859375,1720.5999755859375,1720.5999755859375
2021-12-17 00:00:00+00:00,1782.5999755859375,1782.5999755859375,1782.5999755859375,1782.5999755859375
2021-12-20 00:00:00+00:00,1743.699951171875,1743.699951171875,1743.699951171875,1743.699951171875
2021-12-21 00:00:00+00:00,1790.9000244140625,1790.9000244140625,1790.9000244140625,1790.9000244140625
2021-12-22 00:00:00+00:00,1887.0999755859375,1887.0999755859375,1887.0999755859375,1887.0999755859375
2021-12-23 00:00:00+00:00,1954.699951171875,1954.699951171875,1954.699951171875,1954.699951171875
2021-12-27 00:00:00+00:00,1944.300048828125,1944.300048828125,1944.300048828125,1944.300048828125
2021-12-28 00:00:00+00:00,1998.4000244140625,1998.4000244140625,1998.4000244140625,1998.4000244140625
2021-12-29 00:00:00+00:00,1984.800048828125,1984.800048828125,1984.800048828125,1984.800048828125
2021-12-30 00:00:00+00:00,1959.5,1979.199951171875,1959.5,1979.199951171875
2021-12-31 00:00:00+00:00,1908.0999755859375,1908.0999755859375,1908.0999755859375,1908.0999755859375
2022-01-03 00:00:00+00:00,1822.0,1822.0,1822.0,1822.0
2022-01-04 00:00:00+00:00,1855.699951171875,1855.699951171875,1855.699951171875,1855.699951171875
2022-01-05 00:00:00+00:00,1898.5999755859375,1898.5999755859375,1898.5999755859375,1898.5999755859375
2022-01-06 00:00:00+00:00,1869.9000244140625,1869.9000244140625,1869.9000244140625,1869.9000244140625
2022-01-07 00:00:00+00:00,1917.5999755859375,1917.5999755859375,1917.5999755859375,1917.5999755859375
2022-01-10 00:00:00+00:00,1905.199951171875,1905.199951171875,1905.199951171875,1905.199951171875
2022-01-11 00:00:00+00:00,1918.0999755859375,1918.0999755859375,1918.0999755859375,1918.0999755859375
2022-01-12 00:00:00+00:00,1911.800048828125,1911.800048828125,1911.800048828125,1911.800048828125
2022-01-13 00:00:00+00:00,1886.0,1886.0,1886.0,1886.0
2022-01-14 00:00:00+00:00,1874.199951171875,1874.199951171875,1874.199951171875,1874.199951171875
2022-01-18 00:00:00+00:00,1900.5999755859375,1900.5999755859375,1900.5999755859375,1900.5999755859375
2022-01-19 00:00:00+00:00,2004.4000244140625,2004.4000244140625,2004.4000244140625,2004.4000244140625
2022-01-20 00:00:00+00:00,2069.699951171875,2069.699951171875,2069.699951171875,2069.699951171875
2022-01-21 00:00:00+00:00,2100.300048828125,2100.300048828125,2100.300048828125,2100.300048828125
2022-01-24 00:00:00+00:00,2137.0,2137.0,2137.0,2137.0
2022-01-25 00:00:00+00:00,2184.89990234375,2184.89990234375,2184.89990234375,2184.89990234375
2022-01-26 00:00:00+00:00,2346.60009765625,2346.60009765625,2346.60009765625,2346.60009765625
2022-01-27 00:00:00+00:00,2362.5,2362.5,2362.5,2362.5
2022-01-28 00:00:00+00:00,2368.699951171875,2368.699951171875,2368.699951171875,2368.699951171875
2022-01-31 00:00:00+00:00,2349.199951171875,2349.199951171875,2349.199951171875,2349.199951171875
2022-02-01 00:00:00+00:00,2343.199951171875,2343.199951171875,2343.199951171875,2343.199951171875
2022-02-02 00:00:00+00:00,2366.199951171875,2366.199951171875,2366.199951171875,2366.199951171875
2022-02-03 00:00:00+00:00,2314.39990234375,2314.39990234375,2314.39990234375,2314.39990234375
2022-02-04 00:00:00+00:00,2287.39990234375,2287.39990234375,2287.39990234375,2287.39990234375
2022-02-07 00:00:00+00:00,2256.800048828125,2256.800048828125,2256.800048828125,2256.800048828125
2022-02-08 00:00:00+00:00,2260.89990234375,2260.89990234375,2260.89990234375,2260.89990234375
2022-02-09 00:00:00+00:00,2281.60009765625,2281.60009765625,2281.60009765625,2281.60009765625
2022-02-10 00:00:00+00:00,2261.800048828125,2261.800048828125,2261.800048828125,2261.800048828125
2022-02-11 00:00:00+00:00,2190.10009765625,2190.10009765625,2190.10009765625,2190.10009765625
2022-02-14 00:00:00+00:00,2342.5,2342.5,2342.5,2342.5
2022-02-15 00:00:00+00:00,2248.0,2248.0,2248.0,2248.0
2022-02-16 00:00:00+00:00,2268.300048828125,2268.300048828125,2268.300048828125,2268.300048828125
2022-02-17 00:00:00+00:00,2356.60009765625,2356.60009765625,2356.60009765625,2356.60009765625
2022-02-18 00:00:00+00:00,2335.39990234375,2335.39990234375,2335.39990234375,2335.39990234375
2022-02-22 00:00:00+00:00,2369.300048828125,2369.300048828125,2369.300048828125,2369.300048828125
2022-02-23 00:00:00+00:00,2438.10009765625,2438.10009765625,2438.10009765625,2438.10009765625
2022-02-24 00:00:00+00:00,2498.60009765625,2498.60009765625,2498.60009765625,2498.60009765625
2022-02-25 00:00:00+00:00,2388.5,2479.0,2322.5,2360.699951171875
2022-02-28 00:00:00+00:00,2536.5,2536.5,2455.5,2500.5
2022-03-01 00:00:00+00:00,2491.5,2706.5,2491.5,2532.5
2022-03-02 00:00:00+00:00,2662.60009765625,2662.60009765625,2662.60009765625,2662.60009765625
2022-03-03 00:00:00+00:00,2745.5,2745.5,2718.5,2728.800048828125
2022-03-04 00:00:00+00:00,2904.0,2979.89990234375,2904.0,2979.89990234375
2022-03-07 00:00:00+00:00,3380.5,3380.5,2899.89990234375,2899.89990234375
2022-03-08 00:00:00+00:00,3002.0,3028.0,2958.0,2966.5
2022-03-09 00:00:00+00:00,3005.5,3005.5,2908.5,2944.800048828125
2022-03-10 00:00:00+00:00,2921.5,2921.5,2917.0,2917.0
2022-03-11 00:00:00+00:00,2792.89990234375,2792.89990234375,2792.89990234375,2792.89990234375
2022-03-14 00:00:00+00:00,2628.0,2628.0,2412.199951171875,2412.199951171875
2022-03-15 00:00:00+00:00,2407.39990234375,2407.39990234375,2407.39990234375,2407.39990234375
2022-03-16 00:00:00+00:00,2363.39990234375,2363.39990234375,2363.39990234375,2363.39990234375
2022-03-17 00:00:00+00:00,2530.0,2530.0,2488.10009765625,2488.10009765625
2022-03-18 00:00:00+00:00,2536.0,2536.0,2489.10009765625,2489.10009765625
2022-03-21 00:00:00+00:00,2533.39990234375,2533.39990234375,2533.39990234375,2533.39990234375
2022-03-22 00:00:00+00:00,2493.0,2493.0,2472.60009765625,2472.60009765625
2022-03-23 00:00:00+00:00,2515.39990234375,2515.39990234375,2515.39990234375,2515.39990234375
2022-03-24 00:00:00+00:00,2526.699951171875,2526.699951171875,2526.699951171875,2526.699951171875
2022-03-25 00:00:00+00:00,2390.39990234375,2390.39990234375,2390.39990234375,2390.39990234375
2022-03-28 00:00:00+00:00,2238.5,2238.5,2238.5,2238.5
2022-03-29 00:00:00+00:00,2101.0,2108.800048828125,2101.0,2108.800048828125
2022-03-30 00:00:00+00:00,2243.0,2243.0,2243.0,2243.0
2022-03-31 00:00:00+00:00,2255.5,2255.5,2255.5,2255.5
2022-04-01 00:00:00+00:00,2267.39990234375,2267.39990234375,2267.39990234375,2267.39990234375
2022-04-04 00:00:00+00:00,2274.89990234375,2274.89990234375,2274.89990234375,2274.89990234375
2022-04-05 00:00:00+00:00,2235.199951171875,2235.199951171875,2235.199951171875,2235.199951171875
2022-04-06 00:00:00+00:00,2184.60009765625,2184.60009765625,2184.60009765625,2184.60009765625
2022-04-07 00:00:00+00:00,2223.0,2223.0,2223.0,2223.0
2022-04-08 00:00:00+00:00,2420.0,2420.0,2420.0,2420.0
2022-04-11 00:00:00+00:00,2500.0,2500.0,2416.39990234375,2416.39990234375
2022-04-12 00:00:00+00:00,2353.699951171875,2353.699951171875,2353.699951171875,2353.699951171875
2022-04-13 00:00:00+00:00,2338.800048828125,2338.800048828125,2338.800048828125,2338.800048828125
2022-04-14 00:00:00+00:00,2354.300048828125,2354.300048828125,2354.300048828125,2354.300048828125
2022-04-18 00:00:00+00:00,2444.0,2444.0,2444.0,2444.0
2022-04-19 00:00:00+00:00,2379.300048828125,2379.300048828125,2379.300048828125,2379.300048828125
2022-04-20 00:00:00+00:00,2453.5,2458.800048828125,2453.5,2458.800048828125
2022-04-21 00:00:00+00:00,2416.89990234375,2416.89990234375,2416.89990234375,2416.89990234375
2022-04-22 00:00:00+00:00,2373.0,2373.0,2373.0,2373.0
2022-04-25 00:00:00+00:00,2116.39990234375,2116.39990234375,2116.39990234375,2116.39990234375
2022-04-26 00:00:00+00:00,2172.89990234375,2172.89990234375,2172.89990234375,2172.89990234375
2022-04-27 00:00:00+00:00,2190.39990234375,2190.39990234375,2190.39990234375,2190.39990234375
2022-04-28 00:00:00+00:00,2208.60009765625,2208.60009765625,2208.60009765625,2208.60009765625
2022-04-29 00:00:00+00:00,2302.800048828125,2302.800048828125,2302.800048828125,2302.800048828125
2022-05-02 00:00:00+00:00,2213.300048828125,2213.300048828125,2213.300048828125,2213.300048828125
2022-05-03 00:00:00+00:00,2235.60009765625,2235.60009765625,2235.60009765625,2235.60009765625
2022-05-04 00:00:00+00:00,2233.300048828125,2233.300048828125,2233.300048828125,2233.300048828125
2022-05-05 00:00:00+00:00,2175.300048828125,2175.300048828125,2175.300048828125,2175.300048828125
2022-05-06 00:00:00+00:00,2021.199951171875,2021.199951171875,2021.199951171875,2021.199951171875
2022-05-09 00:00:00+00:00,2059.800048828125,2059.800048828125,2059.800048828125,2059.800048828125
2022-05-10 00:00:00+00:00,2042.0,2042.0,2042.0,2042.0
2022-05-11 00:00:00+00:00,2008.0999755859375,2008.0999755859375,2008.0999755859375,2008.0999755859375
2022-05-12 00:00:00+00:00,1861.0,1861.0,1861.0,1861.0
2022-05-13 00:00:00+00:00,1918.0999755859375,1918.0999755859375,1918.0999755859375,1918.0999755859375
2022-05-16 00:00:00+00:00,2003.0,2003.0,2003.0,2003.0
2022-05-17 00:00:00+00:00,2031.199951171875,2031.199951171875,2031.199951171875,2031.199951171875
2022-05-18 00:00:00+00:00,1991.5999755859375,1991.5999755859375,1991.5999755859375,1991.5999755859375
2022-05-19 00:00:00+00:00,1977.800048828125,1977.800048828125,1977.800048828125,1977.800048828125
2022-05-20 00:00:00+00:00,1939.199951171875,1939.199951171875,1939.199951171875,1939.199951171875
2022-05-23 00:00:00+00:00,1965.9000244140625,1965.9000244140625,1965.9000244140625,1965.9000244140625
2022-05-24 00:00:00+00:00,1985.9000244140625,1985.9000244140625,1985.9000244140625,1985.9000244140625
2022-05-25 00:00:00+00:00,1988.5999755859375,1988.5999755859375,1988.5999755859375,1988.5999755859375
2022-05-26 00:00:00+00:00,1992.800048828125,1992.800048828125,1992.800048828125,1992.800048828125
2022-05-27 00:00:00+00:00,2007.5,2053.5,1995.0,2044.699951171875
2022-05-31 00:00:00+00:00,2055.0,2062.5,1994.800048828125,1994.800048828125
2022-06-01 00:00:00+00:00,1998.5,1998.5,1983.0,1991.800048828125
2022-06-02 00:00:00+00:00,2006.0,2038.0,1987.5,2036.5
2022-06-03 00:00:00+00:00,2045.0,2045.0,1975.4000244140625,1975.4000244140625
2022-06-06 00:00:00+00:00,1991.0,1991.0,1981.0,1985.699951171875
2022-06-07 00:00:00+00:00,1955.699951171875,1955.699951171875,1955.699951171875,1955.699951171875
2022-06-08 00:00:00+00:00,1915.0,1929.5,1915.0,1928.5999755859375
2022-06-09 00:00:00+00:00,1924.0,1924.0,1906.199951171875,1906.199951171875
2022-06-10 00:00:00+00:00,1906.5,1906.5,1867.5,1897.699951171875
2022-06-13 00:00:00+00:00,1865.0,1877.5,1769.199951171875,1769.199951171875
2022-06-14 00:00:00+00:00,1772.300048828125,1772.300048828125,1772.300048828125,1772.300048828125
2022-06-15 00:00:00+00:00,1822.5,1826.0,1822.5,1826.0
2022-06-16 00:00:00+00:00,1832.5,1857.699951171875,1824.5,1857.699951171875
2022-06-17 00:00:00+00:00,1789.800048828125,1789.800048828125,1789.800048828125,1789.800048828125
2022-06-21 00:00:00+00:00,1853.800048828125,1853.800048828125,1853.800048828125,1853.800048828125
2022-06-22 00:00:00+00:00,1829.0,1829.0,1829.0,1829.0
2022-06-23 00:00:00+00:00,1815.199951171875,1815.199951171875,1815.199951171875,1815.199951171875
2022-06-24 00:00:00+00:00,1845.4000244140625,1845.4000244140625,1845.4000244140625,1845.4000244140625
2022-06-27 00:00:00+00:00,1850.5999755859375,1850.5999755859375,1850.5999755859375,1850.5999755859375
2022-06-28 00:00:00+00:00,1853.4000244140625,1853.4000244140625,1853.4000244140625,1853.4000244140625
2022-06-29 00:00:00+00:00,1939.5999755859375,1939.5999755859375,1939.5999755859375,1939.5999755859375
2022-06-30 00:00:00+00:00,1908.699951171875,1908.699951171875,1908.699951171875,1908.699951171875
2022-07-01 00:00:00+00:00,1930.800048828125,1930.800048828125,1930.800048828125,1930.800048828125
2022-07-05 00:00:00+00:00,1911.699951171875,1911.699951171875,1911.699951171875,1911.699951171875
2022-07-06 00:00:00+00:00,1889.199951171875,1889.199951171875,1889.199951171875,1889.199951171875
2022-07-07 00:00:00+00:00,1987.4000244140625,1987.4000244140625,1987.4000244140625,1987.4000244140625
2022-07-08 00:00:00+00:00,2151.199951171875,2151.199951171875,2151.199951171875,2151.199951171875
2022-07-11 00:00:00+00:00,2166.199951171875,2166.199951171875,2166.199951171875,2166.199951171875
2022-07-12 00:00:00+00:00,2010.199951171875,2010.199951171875,2010.199951171875,2010.199951171875
2022-07-13 00:00:00+00:00,1966.0,1966.0,1966.0,1966.0
2022-07-14 00:00:00+00:00,1892.699951171875,1892.699951171875,1892.699951171875,1892.699951171875
2022-07-15 00:00:00+00:00,1824.0,1824.0,1824.0,1824.0
2022-07-18 00:00:00+00:00,1843.699951171875,1843.699951171875,1843.699951171875,1843.699951171875
2022-07-19 00:00:00+00:00,1848.800048828125,1848.800048828125,1848.800048828125,1848.800048828125
2022-07-20 00:00:00+00:00,1856.0,1856.0,1856.0,1856.0
2022-07-21 00:00:00+00:00,1871.0999755859375,1871.0999755859375,1871.0999755859375,1871.0999755859375
2022-07-22 00:00:00+00:00,2013.199951171875,2013.199951171875,2013.199951171875,2013.199951171875
2022-07-25 00:00:00+00:00,1997.699951171875,1997.699951171875,1997.699951171875,1997.699951171875
2022-07-26 00:00:00+00:00,2005.800048828125,2005.800048828125,2005.800048828125,2005.800048828125
2022-07-27 00:00:00+00:00,1999.0,1999.0,1999.0,1999.0
2022-07-28 00:00:00+00:00,2079.39990234375,2079.39990234375,2079.39990234375,2079.39990234375
2022-07-29 00:00:00+00:00,2128.89990234375,2128.89990234375,2128.89990234375,2128.89990234375
2022-08-01 00:00:00+00:00,2198.60009765625,2198.60009765625,2198.60009765625,2198.60009765625
2022-08-02 00:00:00+00:00,2086.699951171875,2086.699951171875,2086.699951171875,2086.699951171875
2022-08-03 00:00:00+00:00,2004.4000244140625,2004.4000244140625,2004.4000244140625,2004.4000244140625
2022-08-04 00:00:00+00:00,2075.300048828125,2075.300048828125,2075.300048828125,2075.300048828125
2022-08-05 00:00:00+00:00,2126.300048828125,2126.300048828125,2126.300048828125,2126.300048828125
2022-08-08 00:00:00+00:00,2239.300048828125,2239.300048828125,2239.300048828125,2239.300048828125
2022-08-09 00:00:00+00:00,2216.60009765625,2216.60009765625,2216.60009765625,2216.60009765625
2022-08-10 00:00:00+00:00,2243.699951171875,2243.699951171875,2243.699951171875,2243.699951171875
2022-08-11 00:00:00+00:00,2285.800048828125,2285.800048828125,2285.800048828125,2285.800048828125
2022-08-12 00:00:00+00:00,2216.800048828125,2216.800048828125,2216.800048828125,2216.800048828125
2022-08-15 00:00:00+00:00,2155.89990234375,2155.89990234375,2155.89990234375,2155.89990234375
2022-08-16 00:00:00+00:00,2146.60009765625,2146.60009765625,2146.60009765625,2146.60009765625
2022-08-17 00:00:00+00:00,2134.300048828125,2134.300048828125,2134.300048828125,2134.300048828125
2022-08-18 00:00:00+00:00,2147.0,2147.0,2147.0,2147.0
2022-08-19 00:00:00+00:00,2129.0,2129.0,2129.0,2129.0
2022-08-22 00:00:00+00:00,1980.300048828125,1980.300048828125,1980.300048828125,1980.300048828125
2022-08-23 00:00:00+00:00,1971.4000244140625,1971.4000244140625,1971.4000244140625,1971.4000244140625
2022-08-24 00:00:00+00:00,2024.0999755859375,2024.0999755859375,2024.0999755859375,2024.0999755859375
2022-08-25 00:00:00+00:00,2138.300048828125,2138.300048828125,2138.300048828125,2138.300048828125
2022-08-26 00:00:00+00:00,2120.39990234375,2120.39990234375,2120.39990234375,2120.39990234375
2022-08-29 00:00:00+00:00,2123.300048828125,2123.300048828125,2123.300048828125,2123.300048828125
2022-08-30 00:00:00+00:00,2149.0,2160.0,2052.0,2079.60009765625
2022-08-31 00:00:00+00:00,2050.0,2068.0,2050.0,2066.60009765625
2022-09-01 00:00:00+00:00,2074.0,2074.0,1982.800048828125,1982.800048828125
2022-09-02 00:00:00+00:00,2004.0,2012.300048828125,2004.0,2012.300048828125
2022-09-06 00:00:00+00:00,2030.0,2030.0,1956.4000244140625,1956.4000244140625
2022-09-07 00:00:00+00:00,2007.9000244140625,2019.5,2007.9000244140625,2007.9000244140625
2022-09-08 00:00:00+00:00,2011.5,2143.5,2011.5,2132.0
2022-09-09 00:00:00+00:00,2162.699951171875,2162.699951171875,2162.699951171875,2162.699951171875
2022-09-12 00:00:00+00:00,2247.0,2259.199951171875,2227.0,2259.199951171875
2022-09-13 00:00:00+00:00,2095.699951171875,2095.699951171875,2095.699951171875,2095.699951171875
2022-09-14 00:00:00+00:00,2158.300048828125,2158.300048828125,2158.300048828125,2158.300048828125
2022-09-15 00:00:00+00:00,2134.0,2134.0,2131.300048828125,2131.300048828125
2022-09-16 00:00:00+00:00,2098.10009765625,2098.10009765625,2098.10009765625,2098.10009765625
2022-09-19 00:00:00+00:00,2201.0,2211.5,2201.0,2203.89990234375
2022-09-20 00:00:00+00:00,2188.0,2188.0,2156.10009765625,2156.10009765625
2022-09-21 00:00:00+00:00,2109.0,2109.10009765625,2109.0,2109.0
2022-09-22 00:00:00+00:00,2160.5,2160.699951171875,2160.5,2160.5
2022-09-23 00:00:00+00:00,2056.5,2056.5,2056.39990234375,2056.5
2022-09-26 00:00:00+00:00,2035.5,2035.5,2035.5,2035.5
2022-09-27 00:00:00+00:00,2076.89990234375,2076.89990234375,2076.89990234375,2076.89990234375
2022-09-28 00:00:00+00:00,2150.60009765625,2150.60009765625,2150.60009765625,2150.60009765625
2022-09-29 00:00:00+00:00,2202.10009765625,2202.10009765625,2202.10009765625,2202.10009765625
2022-09-30 00:00:00+00:00,2173.199951171875,2173.199951171875,2173.199951171875,2173.199951171875
2022-10-03 00:00:00+00:00,2223.199951171875,2223.199951171875,2223.199951171875,2223.199951171875
2022-10-04 00:00:00+00:00,2321.199951171875,2321.199951171875,2321.199951171875,2321.199951171875
2022-10-05 00:00:00+00:00,2246.89990234375,2246.89990234375,2246.89990234375,2246.89990234375
2022-10-06 00:00:00+00:00,2266.5,2266.5,2266.5,2266.5
2022-10-07 00:00:00+00:00,2182.300048828125,2182.300048828125,2182.300048828125,2182.300048828125
2022-10-10 00:00:00+00:00,2158.10009765625,2158.10009765625,2158.10009765625,2158.10009765625
2022-10-11 00:00:00+00:00,2140.60009765625,2140.60009765625,2140.60009765625,2140.60009765625
2022-10-12 00:00:00+00:00,2126.60009765625,2126.60009765625,2126.60009765625,2126.60009765625
2022-10-13 00:00:00+00:00,2107.39990234375,2107.39990234375,2107.39990234375,2107.39990234375
2022-10-14 00:00:00+00:00,1987.5,1987.5,1987.5,1987.5
2022-10-17 00:00:00+00:00,1990.0999755859375,1990.0999755859375,1990.0999755859375,1990.0999755859375
2022-10-18 00:00:00+00:00,2004.0999755859375,2004.0999755859375,2004.0999755859375,2004.0999755859375
2022-10-19 00:00:00+00:00,1985.699951171875,1985.699951171875,1985.699951171875,1985.699951171875
2022-10-20 00:00:00+00:00,2069.800048828125,2069.800048828125,2069.800048828125,2069.800048828125
2022-10-21 00:00:00+00:00,1995.699951171875,1995.699951171875,1995.699951171875,1995.699951171875
2022-10-24 00:00:00+00:00,1958.0,1958.0,1958.0,1958.0
2022-10-25 00:00:00+00:00,1909.0,1909.0,1909.0,1909.0
2022-10-26 00:00:00+00:00,1950.699951171875,1950.699951171875,1950.699951171875,1950.699951171875
2022-10-27 00:00:00+00:00,1928.4000244140625,1928.4000244140625,1928.4000244140625,1928.4000244140625
2022-10-28 00:00:00+00:00,1894.5999755859375,1894.5999755859375,1894.5999755859375,1894.5999755859375
2022-10-31 00:00:00+00:00,1829.0999755859375,1829.0999755859375,1829.0999755859375,1829.0999755859375
2022-11-01 00:00:00+00:00,1874.4000244140625,1874.4000244140625,1874.4000244140625,1874.4000244140625
2022-11-02 00:00:00+00:00,1847.5,1847.5,1847.5,1847.5
2022-11-03 00:00:00+00:00,1795.5,1795.5,1795.5,1795.5
2022-11-04 00:00:00+00:00,1836.9000244140625,1836.9000244140625,1836.9000244140625,1836.9000244140625
2022-11-07 00:00:00+00:00,1894.9000244140625,1894.9000244140625,1894.9000244140625,1894.9000244140625
2022-11-08 00:00:00+00:00,1930.0,1930.0,1930.0,1930.0
2022-11-09 00:00:00+00:00,1856.5999755859375,1856.5999755859375,1856.5999755859375,1856.5999755859375
2022-11-10 00:00:00+00:00,1951.5999755859375,1951.5999755859375,1951.5999755859375,1951.5999755859375
2022-11-11 00:00:00+00:00,2023.9000244140625,2023.9000244140625,2023.9000244140625,2023.9000244140625
2022-11-14 00:00:00+00:00,2036.9000244140625,2036.9000244140625,2036.9000244140625,2036.9000244140625
2022-11-15 00:00:00+00:00,2075.699951171875,2075.699951171875,2075.699951171875,2075.699951171875
2022-11-16 00:00:00+00:00,2078.699951171875,2078.699951171875,2078.699951171875,2078.699951171875
2022-11-17 00:00:00+00:00,2007.4000244140625,2007.4000244140625,2007.4000244140625,2007.4000244140625
2022-11-18 00:00:00+00:00,1936.300048828125,1936.300048828125,1936.300048828125,1936.300048828125
2022-11-21 00:00:00+00:00,1850.4000244140625,1850.4000244140625,1850.4000244140625,1850.4000244140625
2022-11-22 00:00:00+00:00,1854.9000244140625,1854.9000244140625,1854.9000244140625,1854.9000244140625
2022-11-23 00:00:00+00:00,1873.300048828125,1873.300048828125,1873.300048828125,1873.300048828125
2022-11-25 00:00:00+00:00,1818.9000244140625,1818.9000244140625,1818.9000244140625,1818.9000244140625
2022-11-28 00:00:00+00:00,1834.5,1834.5,1834.5,1834.5
2022-11-29 00:00:00+00:00,1848.0,1875.0,1812.0,1816.5
2022-11-30 00:00:00+00:00,1866.0,1911.0,1832.0,1845.0
2022-12-01 00:00:00+00:00,1873.0,1924.5999755859375,1873.0,1924.5999755859375
2022-12-02 00:00:00+00:00,1862.5,1879.4000244140625,1857.0,1879.4000244140625
2022-12-05 00:00:00+00:00,1839.5999755859375,1839.5999755859375,1839.5999755859375,1839.5999755859375
2022-12-06 00:00:00+00:00,1829.0999755859375,1829.0999755859375,1829.0999755859375,1829.0999755859375
2022-12-07 00:00:00+00:00,1831.9000244140625,1831.9000244140625,1831.9000244140625,1831.9000244140625
2022-12-08 00:00:00+00:00,1908.4000244140625,1908.4000244140625,1908.4000244140625,1908.4000244140625
2022-12-09 00:00:00+00:00,1946.4000244140625,1946.4000244140625,1946.4000244140625,1946.4000244140625
2022-12-12 00:00:00+00:00,1861.699951171875,1861.699951171875,1861.699951171875,1861.699951171875
2022-12-13 00:00:00+00:00,1914.300048828125,1914.300048828125,1914.300048828125,1914.300048828125
2022-12-14 00:00:00+00:00,1899.699951171875,1899.699951171875,1899.699951171875,1899.699951171875
2022-12-15 00:00:00+00:00,1791.199951171875,1791.199951171875,1752.5,1791.199951171875
2022-12-16 00:00:00+00:00,1795.0,1795.0,1684.199951171875,1684.199951171875
2022-12-19 00:00:00+00:00,1701.5,1701.5,1642.5,1642.5
2022-12-20 00:00:00+00:00,1711.0999755859375,1711.0999755859375,1711.0999755859375,1711.0999755859375
2022-12-21 00:00:00+00:00,1644.4000244140625,1644.4000244140625,1644.4000244140625,1644.4000244140625
2022-12-22 00:00:00+00:00,1650.0,1650.0,1650.0,1650.0
2022-12-23 00:00:00+00:00,1710.199951171875,1710.199951171875,1710.199951171875,1710.199951171875
2022-12-27 00:00:00+00:00,1804.5,1804.5,1804.5,1804.5
2022-12-28 00:00:00+00:00,1763.199951171875,1763.199951171875,1763.199951171875,1763.199951171875
2022-12-29 00:00:00+00:00,1807.9000244140625,1807.9000244140625,1807.9000244140625,1807.9000244140625
2022-12-30 00:00:00+00:00,1789.300048828125,1789.300048828125,1789.300048828125,1789.300048828125
