timestamp,close
1960-01-04 00:00:00+00:00,4.519999980926514
1960-01-05 00:00:00+00:00,4.550000190734863
1960-01-06 00:00:00+00:00,4.679999828338623
1960-01-07 00:00:00+00:00,4.630000114440918
1960-01-08 00:00:00+00:00,4.590000152587891
1960-01-11 00:00:00+00:00,4.539999961853027
1960-01-12 00:00:00+00:00,4.539999961853027
1960-01-13 00:00:00+00:00,4.559999942779541
1960-01-14 00:00:00+00:00,4.510000228881836
1960-01-15 00:00:00+00:00,4.489999771118164
1960-01-18 00:00:00+00:00,4.369999885559082
1960-01-19 00:00:00+00:00,4.309999942779541
1960-01-20 00:00:00+00:00,4.300000190734863
1960-01-21 00:00:00+00:00,4.269999980926514
1960-01-22 00:00:00+00:00,4.119999885559082
1960-01-25 00:00:00+00:00,4.119999885559082
1960-01-26 00:00:00+00:00,4.039999961853027
1960-01-27 00:00:00+00:00,3.990000009536743
1960-01-28 00:00:00+00:00,3.9200000762939453
1960-01-29 00:00:00+00:00,3.990000009536743
1960-02-01 00:00:00+00:00,4.0
1960-02-02 00:00:00+00:00,3.9600000381469727
1960-02-03 00:00:00+00:00,4.0
1960-02-04 00:00:00+00:00,3.950000047683716
1960-02-05 00:00:00+00:00,3.799999952316284
1960-02-08 00:00:00+00:00,3.549999952316284
1960-02-09 00:00:00+00:00,3.5799999237060547
1960-02-10 00:00:00+00:00,3.700000047683716
1960-02-11 00:00:00+00:00,3.8499999046325684
1960-02-15 00:00:00+00:00,3.9600000381469727
1960-02-16 00:00:00+00:00,4.039999961853027
1960-02-17 00:00:00+00:00,4.070000171661377
1960-02-18 00:00:00+00:00,4.039999961853027
1960-02-19 00:00:00+00:00,4.079999923706055
1960-02-23 00:00:00+00:00,4.059999942779541
1960-02-24 00:00:00+00:00,4.130000114440918
1960-02-25 00:00:00+00:00,4.170000076293945
1960-02-26 00:00:00+00:00,4.190000057220459
1960-02-29 00:00:00+00:00,4.190000057220459
1960-03-01 00:00:00+00:00,4.090000152587891
1960-03-02 00:00:00+00:00,3.9800000190734863
1960-03-03 00:00:00+00:00,3.700000047683716
1960-03-04 00:00:00+00:00,3.640000104904175
1960-03-07 00:00:00+00:00,3.5399999618530273
1960-03-08 00:00:00+00:00,3.559999942779541
1960-03-09 00:00:00+00:00,3.640000104904175
1960-03-10 00:00:00+00:00,3.6600000858306885
1960-03-11 00:00:00+00:00,3.5899999141693115
1960-03-14 00:00:00+00:00,3.440000057220459
1960-03-15 00:00:00+00:00,3.4600000381469727
1960-03-16 00:00:00+00:00,3.430000066757202
1960-03-17 00:00:00+00:00,3.440000057220459
1960-03-18 00:00:00+00:00,3.299999952316284
1960-03-21 00:00:00+00:00,3.049999952316284
1960-03-22 00:00:00+00:00,2.9000000953674316
1960-03-23 00:00:00+00:00,2.7699999809265137
1960-03-24 00:00:00+00:00,2.819999933242798
1960-03-25 00:00:00+00:00,2.680000066757202
1960-03-28 00:00:00+00:00,2.7799999713897705
1960-03-29 00:00:00+00:00,2.8299999237060547
1960-03-30 00:00:00+00:00,2.9200000762939453
1960-03-31 00:00:00+00:00,3.0199999809265137
1960-04-01 00:00:00+00:00,2.8399999141693115
1960-04-04 00:00:00+00:00,2.7200000286102295
1960-04-05 00:00:00+00:00,2.799999952316284
1960-04-06 00:00:00+00:00,2.9200000762939453
1960-04-07 00:00:00+00:00,3.049999952316284
1960-04-08 00:00:00+00:00,3.299999952316284
1960-04-11 00:00:00+00:00,3.549999952316284
1960-04-12 00:00:00+00:00,3.5999999046325684
1960-04-13 00:00:00+00:00,3.569999933242798
1960-04-14 00:00:00+00:00,3.5199999809265137
1960-04-18 00:00:00+00:00,3.2799999713897705
1960-04-19 00:00:00+00:00,3.3399999141693115
1960-04-20 00:00:00+00:00,3.3399999141693115
1960-04-21 00:00:00+00:00,3.3499999046325684
1960-04-22 00:00:00+00:00,3.369999885559082
1960-04-25 00:00:00+00:00,3.259999990463257
1960-04-26 00:00:00+00:00,3.25
1960-04-27 00:00:00+00:00,3.25
1960-04-28 00:00:00+00:00,3.1600000858306885
1960-04-29 00:00:00+00:00,3.0399999618530273
1960-05-02 00:00:00+00:00,3.0299999713897705
1960-05-03 00:00:00+00:00,3.140000104904175
1960-05-04 00:00:00+00:00,3.119999885559082
1960-05-05 00:00:00+00:00,3.0899999141693115
1960-05-06 00:00:00+00:00,3.0399999618530273
1960-05-09 00:00:00+00:00,3.2200000286102295
1960-05-10 00:00:00+00:00,3.25
1960-05-11 00:00:00+00:00,3.309999942779541
1960-05-12 00:00:00+00:00,3.359999895095825
1960-05-13 00:00:00+00:00,3.440000057220459
1960-05-16 00:00:00+00:00,3.619999885559082
1960-05-17 00:00:00+00:00,3.5399999618530273
1960-05-18 00:00:00+00:00,3.6700000762939453
1960-05-19 00:00:00+00:00,3.4200000762939453
1960-05-20 00:00:00+00:00,3.25
1960-05-23 00:00:00+00:00,3.4200000762939453
1960-05-24 00:00:00+00:00,3.359999895095825
1960-05-25 00:00:00+00:00,3.319999933242798
1960-05-26 00:00:00+00:00,3.259999990463257
1960-05-27 00:00:00+00:00,3.0899999141693115
1960-05-31 00:00:00+00:00,3.119999885559082
1960-06-01 00:00:00+00:00,3.059999942779541
1960-06-02 00:00:00+00:00,2.9200000762939453
1960-06-03 00:00:00+00:00,2.6500000953674316
1960-06-06 00:00:00+00:00,2.619999885559082
1960-06-07 00:00:00+00:00,2.680000066757202
1960-06-08 00:00:00+00:00,2.75
1960-06-09 00:00:00+00:00,2.630000114440918
1960-06-10 00:00:00+00:00,2.380000114440918
1960-06-13 00:00:00+00:00,2.2899999618530273
1960-06-14 00:00:00+00:00,2.2899999618530273
1960-06-15 00:00:00+00:00,2.2699999809265137
1960-06-16 00:00:00+00:00,2.319999933242798
1960-06-17 00:00:00+00:00,2.369999885559082
1960-06-20 00:00:00+00:00,2.549999952316284
1960-06-21 00:00:00+00:00,2.319999933242798
1960-06-22 00:00:00+00:00,2.359999895095825
1960-06-23 00:00:00+00:00,2.390000104904175
1960-06-24 00:00:00+00:00,2.3499999046325684
1960-06-27 00:00:00+00:00,2.309999942779541
1960-06-28 00:00:00+00:00,2.200000047683716
1960-06-29 00:00:00+00:00,2.140000104904175
1960-06-30 00:00:00+00:00,2.190000057220459
1960-07-01 00:00:00+00:00,2.049999952316284
1960-07-05 00:00:00+00:00,2.0999999046325684
1960-07-06 00:00:00+00:00,2.25
1960-07-07 00:00:00+00:00,2.3399999141693115
1960-07-08 00:00:00+00:00,2.390000104904175
1960-07-11 00:00:00+00:00,2.490000009536743
1960-07-12 00:00:00+00:00,2.4200000762939453
1960-07-13 00:00:00+00:00,2.4600000381469727
1960-07-14 00:00:00+00:00,2.369999885559082
1960-07-15 00:00:00+00:00,2.309999942779541
1960-07-18 00:00:00+00:00,2.259999990463257
1960-07-19 00:00:00+00:00,2.2799999713897705
1960-07-20 00:00:00+00:00,2.3399999141693115
1960-07-21 00:00:00+00:00,2.3399999141693115
1960-07-22 00:00:00+00:00,2.3499999046325684
1960-07-25 00:00:00+00:00,2.309999942779541
1960-07-26 00:00:00+00:00,2.2300000190734863
1960-07-27 00:00:00+00:00,2.2300000190734863
1960-07-28 00:00:00+00:00,2.2300000190734863
1960-07-29 00:00:00+00:00,2.190000057220459
1960-08-01 00:00:00+00:00,2.0999999046325684
1960-08-02 00:00:00+00:00,2.119999885559082
1960-08-03 00:00:00+00:00,2.1700000762939453
1960-08-04 00:00:00+00:00,2.1500000953674316
1960-08-05 00:00:00+00:00,2.130000114440918
1960-08-08 00:00:00+00:00,2.180000066757202
1960-08-09 00:00:00+00:00,2.1600000858306885
1960-08-10 00:00:00+00:00,2.190000057220459
1960-08-11 00:00:00+00:00,2.240000009536743
1960-08-12 00:00:00+00:00,2.1500000953674316
1960-08-15 00:00:00+00:00,2.200000047683716
1960-08-16 00:00:00+00:00,2.2200000286102295
1960-08-17 00:00:00+00:00,2.3299999237060547
1960-08-18 00:00:00+00:00,2.380000114440918
1960-08-19 00:00:00+00:00,2.4000000953674316
1960-08-22 00:00:00+00:00,2.369999885559082
1960-08-23 00:00:00+00:00,2.3499999046325684
1960-08-24 00:00:00+00:00,2.4600000381469727
1960-08-25 00:00:00+00:00,2.490000009536743
1960-08-26 00:00:00+00:00,2.4600000381469727
1960-08-29 00:00:00+00:00,2.4800000190734863
1960-08-30 00:00:00+00:00,2.5299999713897705
1960-08-31 00:00:00+00:00,2.569999933242798
1960-09-01 00:00:00+00:00,2.5799999237060547
1960-09-02 00:00:00+00:00,2.490000009536743
1960-09-06 00:00:00+00:00,2.5399999618530273
1960-09-07 00:00:00+00:00,2.5399999618530273
1960-09-08 00:00:00+00:00,2.549999952316284
1960-09-09 00:00:00+00:00,2.5899999141693115
1960-09-12 00:00:00+00:00,2.609999895095825
1960-09-13 00:00:00+00:00,2.630000114440918
1960-09-14 00:00:00+00:00,2.630000114440918
1960-09-15 00:00:00+00:00,2.5299999713897705
1960-09-16 00:00:00+00:00,2.4800000190734863
1960-09-19 00:00:00+00:00,2.4000000953674316
1960-09-20 00:00:00+00:00,2.390000104904175
1960-09-21 00:00:00+00:00,2.4600000381469727
1960-09-22 00:00:00+00:00,2.5
1960-09-23 00:00:00+00:00,2.4000000953674316
1960-09-26 00:00:00+00:00,2.3399999141693115
1960-09-27 00:00:00+00:00,2.4000000953674316
1960-09-28 00:00:00+00:00,2.369999885559082
1960-09-29 00:00:00+00:00,2.3299999237060547
1960-09-30 00:00:00+00:00,2.299999952316284
1960-10-03 00:00:00+00:00,2.309999942779541
1960-10-04 00:00:00+00:00,2.2699999809265137
1960-10-05 00:00:00+00:00,2.450000047683716
1960-10-06 00:00:00+00:00,2.4700000286102295
1960-10-07 00:00:00+00:00,2.5299999713897705
1960-10-10 00:00:00+00:00,2.609999895095825
1960-10-11 00:00:00+00:00,2.5299999713897705
1960-10-13 00:00:00+00:00,2.5999999046325684
1960-10-14 00:00:00+00:00,2.440000057220459
1960-10-17 00:00:00+00:00,2.3299999237060547
1960-10-18 00:00:00+00:00,2.25
1960-10-19 00:00:00+00:00,2.299999952316284
1960-10-20 00:00:00+00:00,2.119999885559082
1960-10-21 00:00:00+00:00,2.1500000953674316
1960-10-24 00:00:00+00:00,2.109999895095825
1960-10-25 00:00:00+00:00,2.119999885559082
1960-10-26 00:00:00+00:00,2.1700000762939453
1960-10-27 00:00:00+00:00,2.0999999046325684
1960-10-28 00:00:00+00:00,2.069999933242798
1960-10-31 00:00:00+00:00,2.119999885559082
1960-11-01 00:00:00+00:00,2.25
1960-11-02 00:00:00+00:00,2.200000047683716
1960-11-03 00:00:00+00:00,2.2100000381469727
1960-11-04 00:00:00+00:00,2.2200000286102295
1960-11-07 00:00:00+00:00,2.3399999141693115
1960-11-09 00:00:00+00:00,2.4100000858306885
1960-11-10 00:00:00+00:00,2.450000047683716
1960-11-14 00:00:00+00:00,2.5199999809265137
1960-11-15 00:00:00+00:00,2.5199999809265137
1960-11-16 00:00:00+00:00,2.490000009536743
1960-11-17 00:00:00+00:00,2.4000000953674316
1960-11-18 00:00:00+00:00,2.369999885559082
1960-11-21 00:00:00+00:00,2.3499999046325684
1960-11-22 00:00:00+00:00,2.380000114440918
1960-11-23 00:00:00+00:00,2.4100000858306885
1960-11-25 00:00:00+00:00,2.390000104904175
1960-11-28 00:00:00+00:00,2.319999933242798
1960-11-29 00:00:00+00:00,2.4000000953674316
1960-11-30 00:00:00+00:00,2.4000000953674316
1960-12-01 00:00:00+00:00,2.3299999237060547
1960-12-02 00:00:00+00:00,2.299999952316284
1960-12-05 00:00:00+00:00,2.2799999713897705
1960-12-06 00:00:00+00:00,2.299999952316284
1960-12-07 00:00:00+00:00,2.319999933242798
1960-12-08 00:00:00+00:00,2.259999990463257
1960-12-09 00:00:00+00:00,2.259999990463257
1960-12-12 00:00:00+00:00,2.2799999713897705
1960-12-13 00:00:00+00:00,2.259999990463257
1960-12-14 00:00:00+00:00,2.2300000190734863
1960-12-15 00:00:00+00:00,2.25
1960-12-16 00:00:00+00:00,2.240000009536743
1960-12-19 00:00:00+00:00,2.2300000190734863
1960-12-20 00:00:00+00:00,2.299999952316284
1960-12-21 00:00:00+00:00,2.259999990463257
1960-12-22 00:00:00+00:00,2.2200000286102295
1960-12-23 00:00:00+00:00,2.180000066757202
1960-12-27 00:00:00+00:00,2.2100000381469727
1960-12-28 00:00:00+00:00,2.1600000858306885
1960-12-29 00:00:00+00:00,2.1700000762939453
1960-12-30 00:00:00+00:00,2.200000047683716
1961-01-03 00:00:00+00:00,2.299999952316284
1961-01-04 00:00:00+00:00,2.259999990463257
1961-01-05 00:00:00+00:00,2.2699999809265137
1961-01-06 00:00:00+00:00,2.2799999713897705
1961-01-09 00:00:00+00:00,2.309999942779541
1961-01-10 00:00:00+00:00,2.2699999809265137
1961-01-11 00:00:00+00:00,2.259999990463257
1961-01-12 00:00:00+00:00,2.2699999809265137
1961-01-13 00:00:00+00:00,2.2699999809265137
1961-01-16 00:00:00+00:00,2.25
1961-01-17 00:00:00+00:00,2.200000047683716
1961-01-18 00:00:00+00:00,2.2899999618530273
1961-01-19 00:00:00+00:00,2.2699999809265137
1961-01-20 00:00:00+00:00,2.2200000286102295
1961-01-23 00:00:00+00:00,2.1600000858306885
1961-01-24 00:00:00+00:00,2.1500000953674316
1961-01-25 00:00:00+00:00,2.200000047683716
1961-01-26 00:00:00+00:00,2.1700000762939453
1961-01-27 00:00:00+00:00,2.180000066757202
1961-01-30 00:00:00+00:00,2.240000009536743
1961-01-31 00:00:00+00:00,2.2799999713897705
1961-02-01 00:00:00+00:00,2.3499999046325684
1961-02-02 00:00:00+00:00,2.309999942779541
1961-02-03 00:00:00+00:00,2.2799999713897705
1961-02-06 00:00:00+00:00,2.319999933242798
1961-02-07 00:00:00+00:00,2.3299999237060547
1961-02-08 00:00:00+00:00,2.359999895095825
1961-02-09 00:00:00+00:00,2.359999895095825
1961-02-10 00:00:00+00:00,2.390000104904175
1961-02-14 00:00:00+00:00,2.4000000953674316
1961-02-15 00:00:00+00:00,2.440000057220459
1961-02-16 00:00:00+00:00,2.380000114440918
1961-02-17 00:00:00+00:00,2.4000000953674316
1961-02-20 00:00:00+00:00,2.450000047683716
1961-02-21 00:00:00+00:00,2.5199999809265137
1961-02-23 00:00:00+00:00,2.5399999618530273
1961-02-24 00:00:00+00:00,2.5199999809265137
1961-02-27 00:00:00+00:00,2.559999942779541
1961-02-28 00:00:00+00:00,2.5799999237060547
1961-03-01 00:00:00+00:00,2.5999999046325684
1961-03-02 00:00:00+00:00,2.5399999618530273
1961-03-03 00:00:00+00:00,2.509999990463257
1961-03-06 00:00:00+00:00,2.450000047683716
1961-03-07 00:00:00+00:00,2.4600000381469727
1961-03-08 00:00:00+00:00,2.440000057220459
1961-03-09 00:00:00+00:00,2.430000066757202
1961-03-10 00:00:00+00:00,2.4200000762939453
1961-03-13 00:00:00+00:00,2.380000114440918
1961-03-14 00:00:00+00:00,2.369999885559082
1961-03-15 00:00:00+00:00,2.359999895095825
1961-03-16 00:00:00+00:00,2.3299999237060547
1961-03-17 00:00:00+00:00,2.299999952316284
1961-03-20 00:00:00+00:00,2.2899999618530273
1961-03-21 00:00:00+00:00,2.2699999809265137
1961-03-22 00:00:00+00:00,2.240000009536743
1961-03-23 00:00:00+00:00,2.2899999618530273
1961-03-24 00:00:00+00:00,2.319999933242798
1961-03-27 00:00:00+00:00,2.319999933242798
1961-03-28 00:00:00+00:00,2.3499999046325684
1961-03-29 00:00:00+00:00,2.4100000858306885
1961-03-30 00:00:00+00:00,2.4200000762939453
1961-04-03 00:00:00+00:00,2.4000000953674316
1961-04-04 00:00:00+00:00,2.390000104904175
1961-04-05 00:00:00+00:00,2.390000104904175
1961-04-06 00:00:00+00:00,2.319999933242798
1961-04-07 00:00:00+00:00,2.299999952316284
1961-04-10 00:00:00+00:00,2.299999952316284
1961-04-11 00:00:00+00:00,2.299999952316284
1961-04-12 00:00:00+00:00,2.3399999141693115
1961-04-13 00:00:00+00:00,2.3299999237060547
1961-04-14 00:00:00+00:00,2.299999952316284
1961-04-17 00:00:00+00:00,2.2799999713897705
1961-04-18 00:00:00+00:00,2.259999990463257
1961-04-19 00:00:00+00:00,2.259999990463257
1961-04-20 00:00:00+00:00,2.2200000286102295
1961-04-21 00:00:00+00:00,2.2300000190734863
1961-04-24 00:00:00+00:00,2.180000066757202
1961-04-25 00:00:00+00:00,2.200000047683716
1961-04-26 00:00:00+00:00,2.240000009536743
1961-04-27 00:00:00+00:00,2.2699999809265137
1961-04-28 00:00:00+00:00,2.2699999809265137
1961-05-01 00:00:00+00:00,2.2699999809265137
1961-05-02 00:00:00+00:00,2.25
1961-05-03 00:00:00+00:00,2.2100000381469727
1961-05-04 00:00:00+00:00,2.190000057220459
1961-05-05 00:00:00+00:00,2.180000066757202
1961-05-08 00:00:00+00:00,2.2100000381469727
1961-05-09 00:00:00+00:00,2.240000009536743
1961-05-10 00:00:00+00:00,2.2300000190734863
1961-05-11 00:00:00+00:00,2.2300000190734863
1961-05-12 00:00:00+00:00,2.2200000286102295
1961-05-15 00:00:00+00:00,2.240000009536743
1961-05-16 00:00:00+00:00,2.25
1961-05-17 00:00:00+00:00,2.3299999237060547
1961-05-18 00:00:00+00:00,2.319999933242798
1961-05-19 00:00:00+00:00,2.2899999618530273
1961-05-22 00:00:00+00:00,2.319999933242798
1961-05-23 00:00:00+00:00,2.359999895095825
1961-05-24 00:00:00+00:00,2.440000057220459
1961-05-25 00:00:00+00:00,2.4200000762939453
1961-05-26 00:00:00+00:00,2.390000104904175
1961-05-31 00:00:00+00:00,2.3399999141693115
1961-06-01 00:00:00+00:00,2.369999885559082
1961-06-02 00:00:00+00:00,2.4700000286102295
1961-06-05 00:00:00+00:00,2.490000009536743
1961-06-06 00:00:00+00:00,2.4200000762939453
1961-06-07 00:00:00+00:00,2.390000104904175
1961-06-08 00:00:00+00:00,2.359999895095825
1961-06-09 00:00:00+00:00,2.3499999046325684
1961-06-12 00:00:00+00:00,2.309999942779541
1961-06-13 00:00:00+00:00,2.3299999237060547
1961-06-14 00:00:00+00:00,2.319999933242798
1961-06-15 00:00:00+00:00,2.319999933242798
1961-06-16 00:00:00+00:00,2.3299999237060547
1961-06-19 00:00:00+00:00,2.3299999237060547
1961-06-20 00:00:00+00:00,2.309999942779541
1961-06-21 00:00:00+00:00,2.319999933242798
1961-06-22 00:00:00+00:00,2.309999942779541
1961-06-23 00:00:00+00:00,2.2799999713897705
1961-06-26 00:00:00+00:00,2.240000009536743
1961-06-27 00:00:00+00:00,2.2799999713897705
1961-06-28 00:00:00+00:00,2.2899999618530273
1961-06-29 00:00:00+00:00,2.2699999809265137
1961-06-30 00:00:00+00:00,2.2699999809265137
1961-07-03 00:00:00+00:00,2.299999952316284
1961-07-05 00:00:00+00:00,2.319999933242798
1961-07-06 00:00:00+00:00,2.309999942779541
1961-07-07 00:00:00+00:00,2.299999952316284
1961-07-10 00:00:00+00:00,2.2799999713897705
1961-07-11 00:00:00+00:00,2.25
1961-07-12 00:00:00+00:00,2.259999990463257
1961-07-13 00:00:00+00:00,2.240000009536743
1961-07-14 00:00:00+00:00,2.200000047683716
1961-07-17 00:00:00+00:00,2.180000066757202
1961-07-18 00:00:00+00:00,2.200000047683716
1961-07-19 00:00:00+00:00,2.200000047683716
1961-07-20 00:00:00+00:00,2.190000057220459
1961-07-21 00:00:00+00:00,2.1600000858306885
1961-07-24 00:00:00+00:00,2.190000057220459
1961-07-25 00:00:00+00:00,2.2100000381469727
1961-07-26 00:00:00+00:00,2.25
1961-07-27 00:00:00+00:00,2.200000047683716
1961-07-28 00:00:00+00:00,2.240000009536743
1961-07-31 00:00:00+00:00,2.259999990463257
1961-08-01 00:00:00+00:00,2.25
1961-08-02 00:00:00+00:00,2.299999952316284
1961-08-03 00:00:00+00:00,2.2899999618530273
1961-08-04 00:00:00+00:00,2.2899999618530273
1961-08-07 00:00:00+00:00,2.309999942779541
1961-08-08 00:00:00+00:00,2.3399999141693115
1961-08-09 00:00:00+00:00,2.390000104904175
1961-08-10 00:00:00+00:00,2.4200000762939453
1961-08-11 00:00:00+00:00,2.440000057220459
1961-08-14 00:00:00+00:00,2.4800000190734863
1961-08-15 00:00:00+00:00,2.490000009536743
1961-08-16 00:00:00+00:00,2.5399999618530273
1961-08-17 00:00:00+00:00,2.5
1961-08-18 00:00:00+00:00,2.4700000286102295
1961-08-21 00:00:00+00:00,2.4600000381469727
1961-08-22 00:00:00+00:00,2.4600000381469727
1961-08-23 00:00:00+00:00,2.490000009536743
1961-08-24 00:00:00+00:00,2.390000104904175
1961-08-25 00:00:00+00:00,2.3399999141693115
1961-08-28 00:00:00+00:00,2.299999952316284
1961-08-29 00:00:00+00:00,2.359999895095825
1961-08-30 00:00:00+00:00,2.359999895095825
1961-08-31 00:00:00+00:00,2.3499999046325684
1961-09-01 00:00:00+00:00,2.3499999046325684
1961-09-05 00:00:00+00:00,2.3499999046325684
1961-09-06 00:00:00+00:00,2.3299999237060547
1961-09-07 00:00:00+00:00,2.299999952316284
1961-09-08 00:00:00+00:00,2.309999942779541
1961-09-11 00:00:00+00:00,2.2899999618530273
1961-09-12 00:00:00+00:00,2.2899999618530273
1961-09-13 00:00:00+00:00,2.309999942779541
1961-09-14 00:00:00+00:00,2.2899999618530273
1961-09-15 00:00:00+00:00,2.2699999809265137
1961-09-18 00:00:00+00:00,2.25
1961-09-19 00:00:00+00:00,2.259999990463257
1961-09-20 00:00:00+00:00,2.2899999618530273
1961-09-21 00:00:00+00:00,2.259999990463257
1961-09-22 00:00:00+00:00,2.25
1961-09-25 00:00:00+00:00,2.25
1961-09-26 00:00:00+00:00,2.25
1961-09-27 00:00:00+00:00,2.259999990463257
1961-09-28 00:00:00+00:00,2.25
1961-09-29 00:00:00+00:00,2.2300000190734863
1961-10-02 00:00:00+00:00,2.240000009536743
1961-10-03 00:00:00+00:00,2.240000009536743
1961-10-04 00:00:00+00:00,2.3299999237060547
1961-10-05 00:00:00+00:00,2.2899999618530273
1961-10-06 00:00:00+00:00,2.309999942779541
1961-10-09 00:00:00+00:00,2.3299999237060547
1961-10-10 00:00:00+00:00,2.309999942779541
1961-10-11 00:00:00+00:00,2.369999885559082
1961-10-13 00:00:00+00:00,2.369999885559082
1961-10-16 00:00:00+00:00,2.319999933242798
1961-10-17 00:00:00+00:00,2.259999990463257
1961-10-18 00:00:00+00:00,2.2899999618530273
1961-10-19 00:00:00+00:00,2.2899999618530273
1961-10-20 00:00:00+00:00,2.299999952316284
1961-10-23 00:00:00+00:00,2.299999952316284
1961-10-24 00:00:00+00:00,2.2799999713897705
1961-10-25 00:00:00+00:00,2.299999952316284
1961-10-26 00:00:00+00:00,2.299999952316284
1961-10-27 00:00:00+00:00,2.2899999618530273
1961-10-30 00:00:00+00:00,2.2699999809265137
1961-10-31 00:00:00+00:00,2.2799999713897705
1961-11-01 00:00:00+00:00,2.2799999713897705
1961-11-02 00:00:00+00:00,2.2699999809265137
1961-11-03 00:00:00+00:00,2.2799999713897705
1961-11-06 00:00:00+00:00,2.319999933242798
1961-11-08 00:00:00+00:00,2.390000104904175
1961-11-09 00:00:00+00:00,2.4100000858306885
1961-11-10 00:00:00+00:00,2.4700000286102295
1961-11-13 00:00:00+00:00,2.490000009536743
1961-11-14 00:00:00+00:00,2.5199999809265137
1961-11-15 00:00:00+00:00,2.5799999237060547
1961-11-16 00:00:00+00:00,2.5399999618530273
1961-11-17 00:00:00+00:00,2.5299999713897705
1961-11-20 00:00:00+00:00,2.5199999809265137
1961-11-21 00:00:00+00:00,2.5199999809265137
1961-11-22 00:00:00+00:00,2.559999942779541
1961-11-24 00:00:00+00:00,2.549999952316284
1961-11-27 00:00:00+00:00,2.5799999237060547
1961-11-28 00:00:00+00:00,2.569999933242798
1961-11-29 00:00:00+00:00,2.5899999141693115
1961-11-30 00:00:00+00:00,2.549999952316284
1961-12-01 00:00:00+00:00,2.5299999713897705
1961-12-04 00:00:00+00:00,2.559999942779541
1961-12-05 00:00:00+00:00,2.5799999237060547
1961-12-06 00:00:00+00:00,2.609999895095825
1961-12-07 00:00:00+00:00,2.5799999237060547
1961-12-08 00:00:00+00:00,2.569999933242798
1961-12-11 00:00:00+00:00,2.559999942779541
1961-12-12 00:00:00+00:00,2.569999933242798
1961-12-13 00:00:00+00:00,2.5999999046325684
1961-12-14 00:00:00+00:00,2.609999895095825
1961-12-15 00:00:00+00:00,2.630000114440918
1961-12-18 00:00:00+00:00,2.630000114440918
1961-12-19 00:00:00+00:00,2.5999999046325684
1961-12-20 00:00:00+00:00,2.5999999046325684
1961-12-21 00:00:00+00:00,2.5999999046325684
1961-12-22 00:00:00+00:00,2.5999999046325684
1961-12-26 00:00:00+00:00,2.640000104904175
1961-12-27 00:00:00+00:00,2.6600000858306885
1961-12-28 00:00:00+00:00,2.6600000858306885
1961-12-29 00:00:00+00:00,2.6700000762939453
1962-01-02 00:00:00+00:00,2.700000047683716
1962-01-03 00:00:00+00:00,2.7300000190734863
1962-01-04 00:00:00+00:00,2.7200000286102295
1962-01-05 00:00:00+00:00,2.740000009536743
1962-01-08 00:00:00+00:00,2.7799999713897705
1962-01-09 00:00:00+00:00,2.7799999713897705
1962-01-10 00:00:00+00:00,2.809999942779541
1962-01-11 00:00:00+00:00,2.7799999713897705
1962-01-12 00:00:00+00:00,2.759999990463257
1962-01-15 00:00:00+00:00,2.740000009536743
1962-01-16 00:00:00+00:00,2.7300000190734863
1962-01-17 00:00:00+00:00,2.740000009536743
1962-01-18 00:00:00+00:00,2.7100000381469727
1962-01-19 00:00:00+00:00,2.7100000381469727
1962-01-22 00:00:00+00:00,2.680000066757202
1962-01-23 00:00:00+00:00,2.6600000858306885
1962-01-24 00:00:00+00:00,2.6600000858306885
1962-01-25 00:00:00+00:00,2.6600000858306885
1962-01-26 00:00:00+00:00,2.6700000762939453
1962-01-29 00:00:00+00:00,2.6700000762939453
1962-01-30 00:00:00+00:00,2.6700000762939453
1962-01-31 00:00:00+00:00,2.7300000190734863
1962-02-01 00:00:00+00:00,2.690000057220459
1962-02-02 00:00:00+00:00,2.6700000762939453
1962-02-05 00:00:00+00:00,2.6700000762939453
1962-02-06 00:00:00+00:00,2.680000066757202
1962-02-07 00:00:00+00:00,2.7300000190734863
1962-02-08 00:00:00+00:00,2.7200000286102295
1962-02-09 00:00:00+00:00,2.7200000286102295
1962-02-13 00:00:00+00:00,2.759999990463257
1962-02-14 00:00:00+00:00,2.819999933242798
1962-02-15 00:00:00+00:00,2.8399999141693115
1962-02-16 00:00:00+00:00,2.8299999237060547
1962-02-19 00:00:00+00:00,2.799999952316284
1962-02-20 00:00:00+00:00,2.75
1962-02-21 00:00:00+00:00,2.7300000190734863
1962-02-23 00:00:00+00:00,2.690000057220459
1962-02-26 00:00:00+00:00,2.6600000858306885
1962-02-27 00:00:00+00:00,2.7200000286102295
1962-02-28 00:00:00+00:00,2.7100000381469727
1962-03-01 00:00:00+00:00,2.680000066757202
1962-03-02 00:00:00+00:00,2.690000057220459
1962-03-05 00:00:00+00:00,2.700000047683716
1962-03-06 00:00:00+00:00,2.7200000286102295
1962-03-07 00:00:00+00:00,2.75
1962-03-08 00:00:00+00:00,2.75
1962-03-09 00:00:00+00:00,2.759999990463257
1962-03-12 00:00:00+00:00,2.75
1962-03-13 00:00:00+00:00,2.75
1962-03-14 00:00:00+00:00,2.75
1962-03-15 00:00:00+00:00,2.7300000190734863
1962-03-16 00:00:00+00:00,2.7200000286102295
1962-03-19 00:00:00+00:00,2.700000047683716
1962-03-20 00:00:00+00:00,2.700000047683716
1962-03-21 00:00:00+00:00,2.7100000381469727
1962-03-22 00:00:00+00:00,2.690000057220459
1962-03-23 00:00:00+00:00,2.700000047683716
1962-03-26 00:00:00+00:00,2.7100000381469727
1962-03-27 00:00:00+00:00,2.7200000286102295
1962-03-28 00:00:00+00:00,2.7300000190734863
1962-03-29 00:00:00+00:00,2.75
1962-03-30 00:00:00+00:00,2.75
1962-04-02 00:00:00+00:00,2.740000009536743
1962-04-03 00:00:00+00:00,2.7300000190734863
1962-04-04 00:00:00+00:00,2.700000047683716
1962-04-05 00:00:00+00:00,2.7200000286102295
1962-04-06 00:00:00+00:00,2.700000047683716
1962-04-09 00:00:00+00:00,2.7100000381469727
1962-04-10 00:00:00+00:00,2.740000009536743
1962-04-11 00:00:00+00:00,2.7799999713897705
1962-04-12 00:00:00+00:00,2.7300000190734863
1962-04-13 00:00:00+00:00,2.740000009536743
1962-04-16 00:00:00+00:00,2.7100000381469727
1962-04-17 00:00:00+00:00,2.7200000286102295
1962-04-18 00:00:00+00:00,2.7300000190734863
1962-04-19 00:00:00+00:00,2.7300000190734863
1962-04-23 00:00:00+00:00,2.7300000190734863
1962-04-24 00:00:00+00:00,2.7300000190734863
1962-04-25 00:00:00+00:00,2.740000009536743
1962-04-26 00:00:00+00:00,2.7300000190734863
1962-04-27 00:00:00+00:00,2.740000009536743
1962-04-30 00:00:00+00:00,2.740000009536743
1962-05-01 00:00:00+00:00,2.740000009536743
1962-05-02 00:00:00+00:00,2.740000009536743
1962-05-03 00:00:00+00:00,2.7300000190734863
1962-05-04 00:00:00+00:00,2.7300000190734863
1962-05-07 00:00:00+00:00,2.700000047683716
1962-05-08 00:00:00+00:00,2.680000066757202
1962-05-09 00:00:00+00:00,2.6700000762939453
1962-05-10 00:00:00+00:00,2.6600000858306885
1962-05-11 00:00:00+00:00,2.630000114440918
1962-05-14 00:00:00+00:00,2.640000104904175
1962-05-15 00:00:00+00:00,2.6600000858306885
1962-05-16 00:00:00+00:00,2.6700000762939453
1962-05-17 00:00:00+00:00,2.680000066757202
1962-05-18 00:00:00+00:00,2.680000066757202
1962-05-21 00:00:00+00:00,2.680000066757202
1962-05-22 00:00:00+00:00,2.680000066757202
1962-05-23 00:00:00+00:00,2.700000047683716
1962-05-24 00:00:00+00:00,2.700000047683716
1962-05-25 00:00:00+00:00,2.690000057220459
1962-05-28 00:00:00+00:00,2.6500000953674316
1962-05-29 00:00:00+00:00,2.6600000858306885
1962-05-31 00:00:00+00:00,2.700000047683716
1962-06-01 00:00:00+00:00,2.690000057220459
1962-06-04 00:00:00+00:00,2.6600000858306885
1962-06-05 00:00:00+00:00,2.6500000953674316
1962-06-06 00:00:00+00:00,2.6600000858306885
1962-06-07 00:00:00+00:00,2.640000104904175
1962-06-08 00:00:00+00:00,2.6500000953674316
1962-06-11 00:00:00+00:00,2.6500000953674316
1962-06-12 00:00:00+00:00,2.6700000762939453
1962-06-13 00:00:00+00:00,2.7100000381469727
1962-06-14 00:00:00+00:00,2.7300000190734863
1962-06-15 00:00:00+00:00,2.7100000381469727
1962-06-18 00:00:00+00:00,2.7200000286102295
1962-06-19 00:00:00+00:00,2.75
1962-06-20 00:00:00+00:00,2.7300000190734863
1962-06-21 00:00:00+00:00,2.7200000286102295
1962-06-22 00:00:00+00:00,2.740000009536743
1962-06-25 00:00:00+00:00,2.7899999618530273
1962-06-26 00:00:00+00:00,2.8299999237060547
1962-06-27 00:00:00+00:00,2.8299999237060547
1962-06-28 00:00:00+00:00,2.859999895095825
1962-06-29 00:00:00+00:00,2.9000000953674316
1962-07-02 00:00:00+00:00,2.9200000762939453
1962-07-03 00:00:00+00:00,2.9000000953674316
1962-07-05 00:00:00+00:00,2.9200000762939453
1962-07-06 00:00:00+00:00,2.930000066757202
1962-07-09 00:00:00+00:00,2.9600000381469727
1962-07-10 00:00:00+00:00,2.9600000381469727
1962-07-11 00:00:00+00:00,2.9700000286102295
1962-07-12 00:00:00+00:00,2.9800000190734863
1962-07-13 00:00:00+00:00,2.9600000381469727
1962-07-16 00:00:00+00:00,2.9700000286102295
1962-07-17 00:00:00+00:00,2.9700000286102295
1962-07-18 00:00:00+00:00,2.9700000286102295
1962-07-19 00:00:00+00:00,2.930000066757202
1962-07-20 00:00:00+00:00,2.9100000858306885
1962-07-23 00:00:00+00:00,2.869999885559082
1962-07-24 00:00:00+00:00,2.859999895095825
1962-07-25 00:00:00+00:00,2.890000104904175
1962-07-26 00:00:00+00:00,2.890000104904175
1962-07-27 00:00:00+00:00,2.880000114440918
1962-07-30 00:00:00+00:00,2.859999895095825
1962-07-31 00:00:00+00:00,2.859999895095825
1962-08-01 00:00:00+00:00,2.869999885559082
1962-08-02 00:00:00+00:00,2.8299999237060547
1962-08-03 00:00:00+00:00,2.819999933242798
1962-08-06 00:00:00+00:00,2.799999952316284
1962-08-07 00:00:00+00:00,2.8299999237060547
1962-08-08 00:00:00+00:00,2.8399999141693115
1962-08-09 00:00:00+00:00,2.8299999237060547
1962-08-10 00:00:00+00:00,2.8299999237060547
1962-08-13 00:00:00+00:00,2.819999933242798
1962-08-14 00:00:00+00:00,2.8299999237060547
1962-08-15 00:00:00+00:00,2.859999895095825
1962-08-16 00:00:00+00:00,2.8299999237060547
1962-08-17 00:00:00+00:00,2.8399999141693115
1962-08-20 00:00:00+00:00,2.819999933242798
1962-08-21 00:00:00+00:00,2.819999933242798
1962-08-22 00:00:00+00:00,2.819999933242798
1962-08-23 00:00:00+00:00,2.819999933242798
1962-08-24 00:00:00+00:00,2.819999933242798
1962-08-27 00:00:00+00:00,2.799999952316284
1962-08-28 00:00:00+00:00,2.7799999713897705
1962-08-29 00:00:00+00:00,2.809999942779541
1962-08-30 00:00:00+00:00,2.799999952316284
1962-08-31 00:00:00+00:00,2.809999942779541
1962-09-04 00:00:00+00:00,2.8299999237060547
1962-09-05 00:00:00+00:00,2.8499999046325684
1962-09-06 00:00:00+00:00,2.7899999618530273
1962-09-07 00:00:00+00:00,2.7899999618530273
1962-09-10 00:00:00+00:00,2.7699999809265137
1962-09-11 00:00:00+00:00,2.7699999809265137
1962-09-12 00:00:00+00:00,2.7799999713897705
1962-09-13 00:00:00+00:00,2.7799999713897705
1962-09-14 00:00:00+00:00,2.7799999713897705
1962-09-17 00:00:00+00:00,2.7799999713897705
1962-09-18 00:00:00+00:00,2.7699999809265137
1962-09-19 00:00:00+00:00,2.7699999809265137
1962-09-20 00:00:00+00:00,2.75
1962-09-21 00:00:00+00:00,2.759999990463257
1962-09-24 00:00:00+00:00,2.75
1962-09-25 00:00:00+00:00,2.759999990463257
1962-09-26 00:00:00+00:00,2.759999990463257
1962-09-27 00:00:00+00:00,2.759999990463257
1962-09-28 00:00:00+00:00,2.740000009536743
1962-10-01 00:00:00+00:00,2.7300000190734863
1962-10-02 00:00:00+00:00,2.740000009536743
1962-10-03 00:00:00+00:00,2.7699999809265137
1962-10-04 00:00:00+00:00,2.759999990463257
1962-10-05 00:00:00+00:00,2.759999990463257
1962-10-08 00:00:00+00:00,2.759999990463257
1962-10-09 00:00:00+00:00,2.75
1962-10-10 00:00:00+00:00,2.759999990463257
1962-10-11 00:00:00+00:00,2.7699999809265137
1962-10-15 00:00:00+00:00,2.75
1962-10-16 00:00:00+00:00,2.740000009536743
1962-10-17 00:00:00+00:00,2.75
1962-10-18 00:00:00+00:00,2.740000009536743
1962-10-19 00:00:00+00:00,2.7200000286102295
1962-10-22 00:00:00+00:00,2.7300000190734863
1962-10-23 00:00:00+00:00,2.740000009536743
1962-10-24 00:00:00+00:00,2.740000009536743
1962-10-25 00:00:00+00:00,2.740000009536743
1962-10-26 00:00:00+00:00,2.7300000190734863
1962-10-29 00:00:00+00:00,2.690000057220459
1962-10-30 00:00:00+00:00,2.7200000286102295
1962-10-31 00:00:00+00:00,2.7200000286102295
1962-11-01 00:00:00+00:00,2.7200000286102295
1962-11-02 00:00:00+00:00,2.8299999237060547
1962-11-05 00:00:00+00:00,2.8399999141693115
1962-11-07 00:00:00+00:00,2.8399999141693115
1962-11-08 00:00:00+00:00,2.799999952316284
1962-11-09 00:00:00+00:00,2.799999952316284
1962-11-13 00:00:00+00:00,2.809999942779541
1962-11-14 00:00:00+00:00,2.819999933242798
1962-11-15 00:00:00+00:00,2.8399999141693115
1962-11-16 00:00:00+00:00,2.8299999237060547
1962-11-19 00:00:00+00:00,2.8299999237060547
1962-11-20 00:00:00+00:00,2.8299999237060547
1962-11-21 00:00:00+00:00,2.8399999141693115
1962-11-23 00:00:00+00:00,2.8399999141693115
1962-11-26 00:00:00+00:00,2.8499999046325684
1962-11-27 00:00:00+00:00,2.869999885559082
1962-11-28 00:00:00+00:00,2.869999885559082
1962-11-29 00:00:00+00:00,2.859999895095825
1962-11-30 00:00:00+00:00,2.859999895095825
1962-12-03 00:00:00+00:00,2.859999895095825
1962-12-04 00:00:00+00:00,2.859999895095825
1962-12-05 00:00:00+00:00,2.8499999046325684
1962-12-06 00:00:00+00:00,2.8399999141693115
1962-12-07 00:00:00+00:00,2.8299999237060547
1962-12-10 00:00:00+00:00,2.819999933242798
1962-12-11 00:00:00+00:00,2.8399999141693115
1962-12-12 00:00:00+00:00,2.8499999046325684
1962-12-13 00:00:00+00:00,2.8499999046325684
1962-12-14 00:00:00+00:00,2.8499999046325684
1962-12-17 00:00:00+00:00,2.859999895095825
1962-12-18 00:00:00+00:00,2.869999885559082
1962-12-19 00:00:00+00:00,2.880000114440918
1962-12-20 00:00:00+00:00,2.890000104904175
1962-12-21 00:00:00+00:00,2.880000114440918
1962-12-24 00:00:00+00:00,2.880000114440918
1962-12-26 00:00:00+00:00,2.859999895095825
1962-12-27 00:00:00+00:00,2.9000000953674316
1962-12-28 00:00:00+00:00,2.930000066757202
1962-12-31 00:00:00+00:00,2.9200000762939453
1963-01-02 00:00:00+00:00,2.880000114440918
1963-01-03 00:00:00+00:00,2.859999895095825
1963-01-04 00:00:00+00:00,2.9000000953674316
1963-01-07 00:00:00+00:00,2.9100000858306885
1963-01-08 00:00:00+00:00,2.9000000953674316
1963-01-09 00:00:00+00:00,2.890000104904175
1963-01-10 00:00:00+00:00,2.890000104904175
1963-01-11 00:00:00+00:00,2.890000104904175
1963-01-14 00:00:00+00:00,2.880000114440918
1963-01-15 00:00:00+00:00,2.880000114440918
1963-01-16 00:00:00+00:00,2.890000104904175
1963-01-17 00:00:00+00:00,2.9100000858306885
1963-01-18 00:00:00+00:00,2.9200000762939453
1963-01-21 00:00:00+00:00,2.9200000762939453
1963-01-22 00:00:00+00:00,2.930000066757202
1963-01-23 00:00:00+00:00,2.950000047683716
1963-01-24 00:00:00+00:00,2.940000057220459
1963-01-25 00:00:00+00:00,2.930000066757202
1963-01-28 00:00:00+00:00,2.9200000762939453
1963-01-29 00:00:00+00:00,2.930000066757202
1963-01-30 00:00:00+00:00,2.930000066757202
1963-01-31 00:00:00+00:00,2.930000066757202
1963-02-01 00:00:00+00:00,2.940000057220459
1963-02-04 00:00:00+00:00,2.940000057220459
1963-02-05 00:00:00+00:00,2.9600000381469727
1963-02-06 00:00:00+00:00,2.9600000381469727
1963-02-07 00:00:00+00:00,2.950000047683716
1963-02-08 00:00:00+00:00,2.950000047683716
1963-02-11 00:00:00+00:00,2.940000057220459
1963-02-13 00:00:00+00:00,2.930000066757202
1963-02-14 00:00:00+00:00,2.9200000762939453
1963-02-15 00:00:00+00:00,2.9200000762939453
1963-02-18 00:00:00+00:00,2.9100000858306885
1963-02-19 00:00:00+00:00,2.9000000953674316
1963-02-20 00:00:00+00:00,2.9000000953674316
1963-02-21 00:00:00+00:00,2.869999885559082
1963-02-25 00:00:00+00:00,2.880000114440918
1963-02-26 00:00:00+00:00,2.9000000953674316
1963-02-27 00:00:00+00:00,2.9100000858306885
1963-02-28 00:00:00+00:00,2.9000000953674316
1963-03-01 00:00:00+00:00,2.9000000953674316
1963-03-04 00:00:00+00:00,2.890000104904175
1963-03-05 00:00:00+00:00,2.9000000953674316
1963-03-06 00:00:00+00:00,2.9000000953674316
1963-03-07 00:00:00+00:00,2.880000114440918
1963-03-08 00:00:00+00:00,2.859999895095825
1963-03-11 00:00:00+00:00,2.869999885559082
1963-03-12 00:00:00+00:00,2.869999885559082
1963-03-13 00:00:00+00:00,2.880000114440918
1963-03-14 00:00:00+00:00,2.880000114440918
1963-03-15 00:00:00+00:00,2.880000114440918
1963-03-18 00:00:00+00:00,2.890000104904175
1963-03-19 00:00:00+00:00,2.890000104904175
1963-03-20 00:00:00+00:00,2.9100000858306885
1963-03-21 00:00:00+00:00,2.9000000953674316
1963-03-22 00:00:00+00:00,2.9000000953674316
1963-03-25 00:00:00+00:00,2.9000000953674316
1963-03-26 00:00:00+00:00,2.9000000953674316
1963-03-27 00:00:00+00:00,2.9200000762939453
1963-03-28 00:00:00+00:00,2.9200000762939453
1963-03-29 00:00:00+00:00,2.9100000858306885
1963-04-01 00:00:00+00:00,2.9000000953674316
1963-04-02 00:00:00+00:00,2.9000000953674316
1963-04-03 00:00:00+00:00,2.9100000858306885
1963-04-04 00:00:00+00:00,2.9100000858306885
1963-04-05 00:00:00+00:00,2.9100000858306885
1963-04-08 00:00:00+00:00,2.9000000953674316
1963-04-09 00:00:00+00:00,2.890000104904175
1963-04-10 00:00:00+00:00,2.9000000953674316
1963-04-11 00:00:00+00:00,2.9200000762939453
1963-04-15 00:00:00+00:00,2.9100000858306885
1963-04-16 00:00:00+00:00,2.9000000953674316
1963-04-17 00:00:00+00:00,2.9000000953674316
1963-04-18 00:00:00+00:00,2.890000104904175
1963-04-19 00:00:00+00:00,2.880000114440918
1963-04-22 00:00:00+00:00,2.880000114440918
1963-04-23 00:00:00+00:00,2.890000104904175
1963-04-24 00:00:00+00:00,2.890000104904175
1963-04-25 00:00:00+00:00,2.890000104904175
1963-04-26 00:00:00+00:00,2.890000104904175
1963-04-29 00:00:00+00:00,2.890000104904175
1963-04-30 00:00:00+00:00,2.9000000953674316
1963-05-01 00:00:00+00:00,2.9000000953674316
1963-05-02 00:00:00+00:00,2.9000000953674316
1963-05-03 00:00:00+00:00,2.9000000953674316
1963-05-06 00:00:00+00:00,2.9000000953674316
1963-05-07 00:00:00+00:00,2.9000000953674316
1963-05-08 00:00:00+00:00,2.9100000858306885
1963-05-09 00:00:00+00:00,2.9100000858306885
1963-05-10 00:00:00+00:00,2.9100000858306885
1963-05-13 00:00:00+00:00,2.9000000953674316
1963-05-14 00:00:00+00:00,2.890000104904175
1963-05-15 00:00:00+00:00,2.9000000953674316
1963-05-16 00:00:00+00:00,2.9000000953674316
1963-05-17 00:00:00+00:00,2.9100000858306885
1963-05-20 00:00:00+00:00,2.9200000762939453
1963-05-21 00:00:00+00:00,2.9200000762939453
1963-05-22 00:00:00+00:00,2.940000057220459
1963-05-23 00:00:00+00:00,2.950000047683716
1963-05-24 00:00:00+00:00,2.9600000381469727
1963-05-27 00:00:00+00:00,2.9700000286102295
1963-05-28 00:00:00+00:00,2.9700000286102295
1963-05-29 00:00:00+00:00,2.990000009536743
1963-05-31 00:00:00+00:00,3.0
1963-06-03 00:00:00+00:00,3.0299999713897705
1963-06-04 00:00:00+00:00,3.0199999809265137
1963-06-05 00:00:00+00:00,3.0
1963-06-06 00:00:00+00:00,2.990000009536743
1963-06-07 00:00:00+00:00,2.9800000190734863
1963-06-10 00:00:00+00:00,2.9700000286102295
1963-06-11 00:00:00+00:00,2.9800000190734863
1963-06-12 00:00:00+00:00,2.990000009536743
1963-06-13 00:00:00+00:00,2.9800000190734863
1963-06-14 00:00:00+00:00,2.990000009536743
1963-06-17 00:00:00+00:00,2.9800000190734863
1963-06-18 00:00:00+00:00,2.9800000190734863
1963-06-19 00:00:00+00:00,2.9800000190734863
1963-06-20 00:00:00+00:00,2.9800000190734863
1963-06-21 00:00:00+00:00,2.9800000190734863
1963-06-24 00:00:00+00:00,2.9800000190734863
1963-06-25 00:00:00+00:00,2.990000009536743
1963-06-26 00:00:00+00:00,2.990000009536743
1963-06-27 00:00:00+00:00,2.990000009536743
1963-06-28 00:00:00+00:00,2.990000009536743
1963-07-01 00:00:00+00:00,3.0
1963-07-02 00:00:00+00:00,3.0199999809265137
1963-07-03 00:00:00+00:00,3.0399999618530273
1963-07-05 00:00:00+00:00,3.069999933242798
1963-07-08 00:00:00+00:00,3.2100000381469727
1963-07-09 00:00:00+00:00,3.2200000286102295
1963-07-10 00:00:00+00:00,3.2300000190734863
1963-07-11 00:00:00+00:00,3.240000009536743
1963-07-12 00:00:00+00:00,3.180000066757202
1963-07-15 00:00:00+00:00,3.1700000762939453
1963-07-16 00:00:00+00:00,3.1700000762939453
1963-07-17 00:00:00+00:00,3.240000009536743
1963-07-18 00:00:00+00:00,3.200000047683716
1963-07-19 00:00:00+00:00,3.180000066757202
1963-07-22 00:00:00+00:00,3.1700000762939453
1963-07-23 00:00:00+00:00,3.1500000953674316
1963-07-24 00:00:00+00:00,3.2200000286102295
1963-07-25 00:00:00+00:00,3.2100000381469727
1963-07-26 00:00:00+00:00,3.200000047683716
1963-07-29 00:00:00+00:00,3.240000009536743
1963-07-30 00:00:00+00:00,3.25
1963-07-31 00:00:00+00:00,3.2699999809265137
1963-08-01 00:00:00+00:00,3.25
1963-08-02 00:00:00+00:00,3.2100000381469727
1963-08-05 00:00:00+00:00,3.2100000381469727
1963-08-06 00:00:00+00:00,3.2200000286102295
1963-08-07 00:00:00+00:00,3.2799999713897705
1963-08-08 00:00:00+00:00,3.2899999618530273
1963-08-09 00:00:00+00:00,3.299999952316284
1963-08-12 00:00:00+00:00,3.299999952316284
1963-08-13 00:00:00+00:00,3.309999942779541
1963-08-14 00:00:00+00:00,3.319999933242798
1963-08-15 00:00:00+00:00,3.3299999237060547
1963-08-16 00:00:00+00:00,3.3399999141693115
1963-08-19 00:00:00+00:00,3.3299999237060547
1963-08-20 00:00:00+00:00,3.3299999237060547
1963-08-21 00:00:00+00:00,3.369999885559082
1963-08-22 00:00:00+00:00,3.369999885559082
1963-08-23 00:00:00+00:00,3.380000114440918
1963-08-26 00:00:00+00:00,3.380000114440918
1963-08-27 00:00:00+00:00,3.390000104904175
1963-08-28 00:00:00+00:00,3.4000000953674316
1963-08-29 00:00:00+00:00,3.390000104904175
1963-08-30 00:00:00+00:00,3.390000104904175
1963-09-03 00:00:00+00:00,3.380000114440918
1963-09-04 00:00:00+00:00,3.369999885559082
1963-09-05 00:00:00+00:00,3.3499999046325684
1963-09-06 00:00:00+00:00,3.3399999141693115
1963-09-09 00:00:00+00:00,3.3399999141693115
1963-09-10 00:00:00+00:00,3.359999895095825
1963-09-11 00:00:00+00:00,3.359999895095825
1963-09-12 00:00:00+00:00,3.369999885559082
1963-09-13 00:00:00+00:00,3.380000114440918
1963-09-16 00:00:00+00:00,3.4100000858306885
1963-09-17 00:00:00+00:00,3.4000000953674316
1963-09-18 00:00:00+00:00,3.4100000858306885
1963-09-19 00:00:00+00:00,3.4100000858306885
1963-09-20 00:00:00+00:00,3.4000000953674316
1963-09-23 00:00:00+00:00,3.390000104904175
1963-09-24 00:00:00+00:00,3.390000104904175
1963-09-25 00:00:00+00:00,3.369999885559082
1963-09-26 00:00:00+00:00,3.369999885559082
1963-09-27 00:00:00+00:00,3.359999895095825
1963-09-30 00:00:00+00:00,3.369999885559082
1963-10-01 00:00:00+00:00,3.369999885559082
1963-10-02 00:00:00+00:00,3.430000066757202
1963-10-03 00:00:00+00:00,3.440000057220459
1963-10-04 00:00:00+00:00,3.450000047683716
1963-10-07 00:00:00+00:00,3.4600000381469727
1963-10-08 00:00:00+00:00,3.450000047683716
1963-10-09 00:00:00+00:00,3.440000057220459
1963-10-10 00:00:00+00:00,3.440000057220459
1963-10-11 00:00:00+00:00,3.440000057220459
1963-10-14 00:00:00+00:00,3.450000047683716
1963-10-15 00:00:00+00:00,3.4600000381469727
1963-10-16 00:00:00+00:00,3.4600000381469727
1963-10-17 00:00:00+00:00,3.490000009536743
1963-10-18 00:00:00+00:00,3.4800000190734863
1963-10-21 00:00:00+00:00,3.4600000381469727
1963-10-22 00:00:00+00:00,3.430000066757202
1963-10-23 00:00:00+00:00,3.440000057220459
1963-10-24 00:00:00+00:00,3.450000047683716
1963-10-25 00:00:00+00:00,3.440000057220459
1963-10-28 00:00:00+00:00,3.440000057220459
1963-10-29 00:00:00+00:00,3.4600000381469727
1963-10-30 00:00:00+00:00,3.4800000190734863
1963-10-31 00:00:00+00:00,3.4800000190734863
1963-11-01 00:00:00+00:00,3.490000009536743
1963-11-04 00:00:00+00:00,3.509999990463257
1963-11-06 00:00:00+00:00,3.5399999618530273
1963-11-07 00:00:00+00:00,3.549999952316284
1963-11-08 00:00:00+00:00,3.549999952316284
1963-11-12 00:00:00+00:00,3.549999952316284
1963-11-13 00:00:00+00:00,3.5799999237060547
1963-11-14 00:00:00+00:00,3.5399999618530273
1963-11-15 00:00:00+00:00,3.5299999713897705
1963-11-18 00:00:00+00:00,3.5199999809265137
1963-11-19 00:00:00+00:00,3.5199999809265137
1963-11-20 00:00:00+00:00,3.509999990463257
1963-11-21 00:00:00+00:00,3.5
1963-11-22 00:00:00+00:00,3.490000009536743
1963-11-26 00:00:00+00:00,3.4600000381469727
1963-11-27 00:00:00+00:00,3.490000009536743
1963-11-29 00:00:00+00:00,3.5
1963-12-02 00:00:00+00:00,3.5299999713897705
1963-12-03 00:00:00+00:00,3.5399999618530273
1963-12-04 00:00:00+00:00,3.5299999713897705
1963-12-05 00:00:00+00:00,3.5199999809265137
1963-12-06 00:00:00+00:00,3.5
1963-12-09 00:00:00+00:00,3.490000009536743
1963-12-10 00:00:00+00:00,3.490000009536743
1963-12-11 00:00:00+00:00,3.509999990463257
1963-12-12 00:00:00+00:00,3.509999990463257
1963-12-13 00:00:00+00:00,3.5199999809265137
1963-12-16 00:00:00+00:00,3.5299999713897705
1963-12-17 00:00:00+00:00,3.5299999713897705
1963-12-18 00:00:00+00:00,3.5299999713897705
1963-12-19 00:00:00+00:00,3.5299999713897705
1963-12-20 00:00:00+00:00,3.5199999809265137
1963-12-23 00:00:00+00:00,3.5199999809265137
1963-12-24 00:00:00+00:00,3.5199999809265137
1963-12-26 00:00:00+00:00,3.5299999713897705
1963-12-27 00:00:00+00:00,3.5199999809265137
1963-12-30 00:00:00+00:00,3.5199999809265137
1963-12-31 00:00:00+00:00,3.509999990463257
1964-01-02 00:00:00+00:00,3.5299999713897705
1964-01-03 00:00:00+00:00,3.5299999713897705
1964-01-06 00:00:00+00:00,3.5299999713897705
1964-01-07 00:00:00+00:00,3.5299999713897705
1964-01-08 00:00:00+00:00,3.5399999618530273
1964-01-09 00:00:00+00:00,3.5299999713897705
1964-01-10 00:00:00+00:00,3.5299999713897705
1964-01-13 00:00:00+00:00,3.5399999618530273
1964-01-14 00:00:00+00:00,3.5399999618530273
1964-01-15 00:00:00+00:00,3.549999952316284
1964-01-16 00:00:00+00:00,3.5399999618530273
1964-01-17 00:00:00+00:00,3.5399999618530273
1964-01-20 00:00:00+00:00,3.5199999809265137
1964-01-21 00:00:00+00:00,3.5199999809265137
1964-01-22 00:00:00+00:00,3.5199999809265137
1964-01-23 00:00:00+00:00,3.509999990463257
1964-01-24 00:00:00+00:00,3.509999990463257
1964-01-27 00:00:00+00:00,3.5
1964-01-28 00:00:00+00:00,3.5
1964-01-29 00:00:00+00:00,3.5
1964-01-30 00:00:00+00:00,3.5
1964-01-31 00:00:00+00:00,3.5
1964-02-03 00:00:00+00:00,3.5
1964-02-04 00:00:00+00:00,3.509999990463257
1964-02-05 00:00:00+00:00,3.509999990463257
1964-02-06 00:00:00+00:00,3.5
1964-02-07 00:00:00+00:00,3.5199999809265137
1964-02-10 00:00:00+00:00,3.5299999713897705
1964-02-11 00:00:00+00:00,3.5199999809265137
1964-02-13 00:00:00+00:00,3.5199999809265137
1964-02-14 00:00:00+00:00,3.5199999809265137
1964-02-17 00:00:00+00:00,3.5199999809265137
1964-02-18 00:00:00+00:00,3.5199999809265137
1964-02-19 00:00:00+00:00,3.5399999618530273
1964-02-20 00:00:00+00:00,3.5399999618530273
1964-02-24 00:00:00+00:00,3.5299999713897705
1964-02-25 00:00:00+00:00,3.5299999713897705
1964-02-26 00:00:00+00:00,3.549999952316284
1964-02-27 00:00:00+00:00,3.5899999141693115
1964-02-28 00:00:00+00:00,3.5999999046325684
1964-03-02 00:00:00+00:00,3.5799999237060547
1964-03-03 00:00:00+00:00,3.559999942779541
1964-03-04 00:00:00+00:00,3.569999933242798
1964-03-05 00:00:00+00:00,3.549999952316284
1964-03-06 00:00:00+00:00,3.5399999618530273
1964-03-09 00:00:00+00:00,3.5299999713897705
1964-03-10 00:00:00+00:00,3.5399999618530273
1964-03-11 00:00:00+00:00,3.559999942779541
1964-03-12 00:00:00+00:00,3.549999952316284
1964-03-13 00:00:00+00:00,3.5399999618530273
1964-03-16 00:00:00+00:00,3.5299999713897705
1964-03-17 00:00:00+00:00,3.5299999713897705
1964-03-18 00:00:00+00:00,3.549999952316284
1964-03-19 00:00:00+00:00,3.549999952316284
1964-03-20 00:00:00+00:00,3.549999952316284
1964-03-23 00:00:00+00:00,3.5399999618530273
1964-03-24 00:00:00+00:00,3.5299999713897705
1964-03-25 00:00:00+00:00,3.549999952316284
1964-03-26 00:00:00+00:00,3.5399999618530273
1964-03-30 00:00:00+00:00,3.5199999809265137
1964-03-31 00:00:00+00:00,3.509999990463257
1964-04-01 00:00:00+00:00,3.5299999713897705
1964-04-02 00:00:00+00:00,3.5299999713897705
1964-04-03 00:00:00+00:00,3.5199999809265137
1964-04-06 00:00:00+00:00,3.5
1964-04-07 00:00:00+00:00,3.490000009536743
1964-04-08 00:00:00+00:00,3.4800000190734863
1964-04-09 00:00:00+00:00,3.4600000381469727
1964-04-10 00:00:00+00:00,3.4600000381469727
1964-04-13 00:00:00+00:00,3.4700000286102295
1964-04-14 00:00:00+00:00,3.4800000190734863
1964-04-15 00:00:00+00:00,3.490000009536743
1964-04-16 00:00:00+00:00,3.4700000286102295
1964-04-17 00:00:00+00:00,3.4600000381469727
1964-04-20 00:00:00+00:00,3.450000047683716
1964-04-21 00:00:00+00:00,3.440000057220459
1964-04-22 00:00:00+00:00,3.4600000381469727
1964-04-23 00:00:00+00:00,3.450000047683716
1964-04-24 00:00:00+00:00,3.450000047683716
1964-04-27 00:00:00+00:00,3.440000057220459
1964-04-28 00:00:00+00:00,3.440000057220459
1964-04-29 00:00:00+00:00,3.450000047683716
1964-04-30 00:00:00+00:00,3.450000047683716
1964-05-01 00:00:00+00:00,3.4600000381469727
1964-05-04 00:00:00+00:00,3.4700000286102295
1964-05-05 00:00:00+00:00,3.4800000190734863
1964-05-06 00:00:00+00:00,3.5
1964-05-07 00:00:00+00:00,3.490000009536743
1964-05-08 00:00:00+00:00,3.490000009536743
1964-05-11 00:00:00+00:00,3.4700000286102295
1964-05-12 00:00:00+00:00,3.4700000286102295
1964-05-13 00:00:00+00:00,3.4800000190734863
1964-05-14 00:00:00+00:00,3.4800000190734863
1964-05-15 00:00:00+00:00,3.4700000286102295
1964-05-18 00:00:00+00:00,3.4600000381469727
1964-05-19 00:00:00+00:00,3.4700000286102295
1964-05-20 00:00:00+00:00,3.490000009536743
1964-05-21 00:00:00+00:00,3.4800000190734863
1964-05-22 00:00:00+00:00,3.4700000286102295
1964-05-25 00:00:00+00:00,3.4600000381469727
1964-05-26 00:00:00+00:00,3.4600000381469727
1964-05-27 00:00:00+00:00,3.4800000190734863
1964-05-28 00:00:00+00:00,3.4700000286102295
1964-06-01 00:00:00+00:00,3.4700000286102295
1964-06-02 00:00:00+00:00,3.4700000286102295
1964-06-03 00:00:00+00:00,3.4800000190734863
1964-06-04 00:00:00+00:00,3.4700000286102295
1964-06-05 00:00:00+00:00,3.4700000286102295
1964-06-08 00:00:00+00:00,3.4600000381469727
1964-06-09 00:00:00+00:00,3.4600000381469727
1964-06-10 00:00:00+00:00,3.4700000286102295
1964-06-11 00:00:00+00:00,3.4800000190734863
1964-06-12 00:00:00+00:00,3.4800000190734863
1964-06-15 00:00:00+00:00,3.490000009536743
1964-06-16 00:00:00+00:00,3.490000009536743
1964-06-17 00:00:00+00:00,3.5
1964-06-18 00:00:00+00:00,3.490000009536743
1964-06-19 00:00:00+00:00,3.4800000190734863
1964-06-22 00:00:00+00:00,3.4800000190734863
1964-06-23 00:00:00+00:00,3.4700000286102295
1964-06-24 00:00:00+00:00,3.4700000286102295
1964-06-25 00:00:00+00:00,3.4700000286102295
1964-06-26 00:00:00+00:00,3.4700000286102295
1964-06-29 00:00:00+00:00,3.4700000286102295
1964-06-30 00:00:00+00:00,3.4700000286102295
1964-07-01 00:00:00+00:00,3.4800000190734863
1964-07-02 00:00:00+00:00,3.4800000190734863
1964-07-06 00:00:00+00:00,3.4800000190734863
1964-07-07 00:00:00+00:00,3.490000009536743
1964-07-08 00:00:00+00:00,3.5
1964-07-09 00:00:00+00:00,3.4800000190734863
1964-07-10 00:00:00+00:00,3.430000066757202
1964-07-13 00:00:00+00:00,3.430000066757202
1964-07-14 00:00:00+00:00,3.440000057220459
1964-07-15 00:00:00+00:00,3.440000057220459
1964-07-16 00:00:00+00:00,3.4200000762939453
1964-07-17 00:00:00+00:00,3.440000057220459
1964-07-20 00:00:00+00:00,3.4600000381469727
1964-07-21 00:00:00+00:00,3.4600000381469727
1964-07-22 00:00:00+00:00,3.4800000190734863
1964-07-23 00:00:00+00:00,3.450000047683716
1964-07-24 00:00:00+00:00,3.450000047683716
1964-07-27 00:00:00+00:00,3.450000047683716
1964-07-28 00:00:00+00:00,3.4600000381469727
1964-07-29 00:00:00+00:00,3.4700000286102295
1964-07-30 00:00:00+00:00,3.4700000286102295
1964-07-31 00:00:00+00:00,3.4700000286102295
1964-08-03 00:00:00+00:00,3.4700000286102295
1964-08-04 00:00:00+00:00,3.4700000286102295
1964-08-05 00:00:00+00:00,3.5
1964-08-06 00:00:00+00:00,3.490000009536743
1964-08-07 00:00:00+00:00,3.490000009536743
1964-08-10 00:00:00+00:00,3.5
1964-08-11 00:00:00+00:00,3.5
1964-08-12 00:00:00+00:00,3.509999990463257
1964-08-13 00:00:00+00:00,3.509999990463257
1964-08-14 00:00:00+00:00,3.509999990463257
1964-08-17 00:00:00+00:00,3.5
1964-08-18 00:00:00+00:00,3.490000009536743
1964-08-19 00:00:00+00:00,3.5
1964-08-20 00:00:00+00:00,3.5
1964-08-21 00:00:00+00:00,3.5
1964-08-24 00:00:00+00:00,3.5
1964-08-25 00:00:00+00:00,3.5
1964-08-26 00:00:00+00:00,3.509999990463257
1964-08-27 00:00:00+00:00,3.490000009536743
1964-08-28 00:00:00+00:00,3.490000009536743
1964-08-31 00:00:00+00:00,3.5
1964-09-01 00:00:00+00:00,3.5
1964-09-02 00:00:00+00:00,3.509999990463257
1964-09-03 00:00:00+00:00,3.5
1964-09-04 00:00:00+00:00,3.509999990463257
1964-09-08 00:00:00+00:00,3.509999990463257
1964-09-09 00:00:00+00:00,3.5299999713897705
1964-09-10 00:00:00+00:00,3.5199999809265137
1964-09-11 00:00:00+00:00,3.5199999809265137
1964-09-14 00:00:00+00:00,3.5299999713897705
1964-09-15 00:00:00+00:00,3.5399999618530273
1964-09-16 00:00:00+00:00,3.549999952316284
1964-09-17 00:00:00+00:00,3.5399999618530273
1964-09-18 00:00:00+00:00,3.5399999618530273
1964-09-21 00:00:00+00:00,3.5399999618530273
1964-09-22 00:00:00+00:00,3.5399999618530273
1964-09-23 00:00:00+00:00,3.549999952316284
1964-09-24 00:00:00+00:00,3.549999952316284
1964-09-25 00:00:00+00:00,3.5399999618530273
1964-09-28 00:00:00+00:00,3.549999952316284
1964-09-29 00:00:00+00:00,3.549999952316284
1964-09-30 00:00:00+00:00,3.549999952316284
1964-10-01 00:00:00+00:00,3.549999952316284
1964-10-02 00:00:00+00:00,3.559999942779541
1964-10-05 00:00:00+00:00,3.559999942779541
1964-10-06 00:00:00+00:00,3.559999942779541
1964-10-07 00:00:00+00:00,3.5799999237060547
1964-10-08 00:00:00+00:00,3.5799999237060547
1964-10-09 00:00:00+00:00,3.5799999237060547
1964-10-13 00:00:00+00:00,3.569999933242798
1964-10-14 00:00:00+00:00,3.5899999141693115
1964-10-15 00:00:00+00:00,3.5899999141693115
1964-10-16 00:00:00+00:00,3.5899999141693115
1964-10-19 00:00:00+00:00,3.5899999141693115
1964-10-20 00:00:00+00:00,3.5899999141693115
1964-10-21 00:00:00+00:00,3.5899999141693115
1964-10-22 00:00:00+00:00,3.5799999237060547
1964-10-23 00:00:00+00:00,3.569999933242798
1964-10-26 00:00:00+00:00,3.559999942779541
1964-10-27 00:00:00+00:00,3.559999942779541
1964-10-28 00:00:00+00:00,3.559999942779541
1964-10-29 00:00:00+00:00,3.549999952316284
1964-10-30 00:00:00+00:00,3.549999952316284
1964-11-02 00:00:00+00:00,3.549999952316284
1964-11-04 00:00:00+00:00,3.569999933242798
1964-11-05 00:00:00+00:00,3.569999933242798
1964-11-06 00:00:00+00:00,3.569999933242798
1964-11-09 00:00:00+00:00,3.569999933242798
1964-11-10 00:00:00+00:00,3.559999942779541
1964-11-12 00:00:00+00:00,3.5799999237060547
1964-11-13 00:00:00+00:00,3.5899999141693115
1964-11-16 00:00:00+00:00,3.5999999046325684
1964-11-17 00:00:00+00:00,3.5999999046325684
1964-11-18 00:00:00+00:00,3.609999895095825
1964-11-19 00:00:00+00:00,3.609999895095825
1964-11-20 00:00:00+00:00,3.619999885559082
1964-11-23 00:00:00+00:00,3.7300000190734863
1964-11-24 00:00:00+00:00,3.7799999713897705
1964-11-25 00:00:00+00:00,3.819999933242798
1964-11-27 00:00:00+00:00,3.809999942779541
1964-11-30 00:00:00+00:00,3.8399999141693115
1964-12-01 00:00:00+00:00,3.8499999046325684
1964-12-02 00:00:00+00:00,3.8399999141693115
1964-12-03 00:00:00+00:00,3.7899999618530273
1964-12-04 00:00:00+00:00,3.7799999713897705
1964-12-07 00:00:00+00:00,3.759999990463257
1964-12-08 00:00:00+00:00,3.799999952316284
1964-12-09 00:00:00+00:00,3.8399999141693115
1964-12-10 00:00:00+00:00,3.8299999237060547
1964-12-11 00:00:00+00:00,3.819999933242798
1964-12-14 00:00:00+00:00,3.8399999141693115
1964-12-15 00:00:00+00:00,3.8499999046325684
1964-12-16 00:00:00+00:00,3.869999885559082
1964-12-17 00:00:00+00:00,3.869999885559082
1964-12-18 00:00:00+00:00,3.859999895095825
1964-12-21 00:00:00+00:00,3.859999895095825
1964-12-22 00:00:00+00:00,3.859999895095825
1964-12-23 00:00:00+00:00,3.859999895095825
1964-12-24 00:00:00+00:00,3.859999895095825
1964-12-28 00:00:00+00:00,3.8499999046325684
1964-12-29 00:00:00+00:00,3.819999933242798
1964-12-30 00:00:00+00:00,3.8399999141693115
1964-12-31 00:00:00+00:00,3.819999933242798
1965-01-04 00:00:00+00:00,3.809999942779541
1965-01-05 00:00:00+00:00,3.799999952316284
1965-01-06 00:00:00+00:00,3.819999933242798
1965-01-07 00:00:00+00:00,3.799999952316284
1965-01-08 00:00:00+00:00,3.7799999713897705
1965-01-11 00:00:00+00:00,3.7699999809265137
1965-01-12 00:00:00+00:00,3.759999990463257
1965-01-13 00:00:00+00:00,3.7699999809265137
1965-01-14 00:00:00+00:00,3.7699999809265137
1965-01-15 00:00:00+00:00,3.7699999809265137
1965-01-18 00:00:00+00:00,3.7699999809265137
1965-01-19 00:00:00+00:00,3.7699999809265137
1965-01-20 00:00:00+00:00,3.8299999237060547
1965-01-21 00:00:00+00:00,3.8299999237060547
1965-01-22 00:00:00+00:00,3.8299999237060547
1965-01-25 00:00:00+00:00,3.8399999141693115
1965-01-26 00:00:00+00:00,3.8399999141693115
1965-01-27 00:00:00+00:00,3.8499999046325684
1965-01-28 00:00:00+00:00,3.859999895095825
1965-01-29 00:00:00+00:00,3.869999885559082
1965-02-01 00:00:00+00:00,3.880000114440918
1965-02-02 00:00:00+00:00,3.880000114440918
1965-02-03 00:00:00+00:00,3.890000104904175
1965-02-04 00:00:00+00:00,3.9000000953674316
1965-02-05 00:00:00+00:00,3.9100000858306885
1965-02-08 00:00:00+00:00,3.890000104904175
1965-02-09 00:00:00+00:00,3.890000104904175
1965-02-10 00:00:00+00:00,3.9100000858306885
1965-02-11 00:00:00+00:00,3.9200000762939453
1965-02-15 00:00:00+00:00,3.9100000858306885
1965-02-16 00:00:00+00:00,3.9200000762939453
1965-02-17 00:00:00+00:00,3.9600000381469727
1965-02-18 00:00:00+00:00,3.9600000381469727
1965-02-19 00:00:00+00:00,3.9600000381469727
1965-02-23 00:00:00+00:00,3.9800000190734863
1965-02-24 00:00:00+00:00,4.0
1965-02-25 00:00:00+00:00,4.0
1965-02-26 00:00:00+00:00,3.990000009536743
1965-03-01 00:00:00+00:00,3.9700000286102295
1965-03-02 00:00:00+00:00,3.9600000381469727
1965-03-03 00:00:00+00:00,3.9700000286102295
1965-03-04 00:00:00+00:00,3.9600000381469727
1965-03-05 00:00:00+00:00,3.950000047683716
1965-03-08 00:00:00+00:00,3.940000057220459
1965-03-09 00:00:00+00:00,3.940000057220459
1965-03-10 00:00:00+00:00,3.950000047683716
1965-03-11 00:00:00+00:00,3.940000057220459
1965-03-12 00:00:00+00:00,3.930000066757202
1965-03-15 00:00:00+00:00,3.9200000762939453
1965-03-16 00:00:00+00:00,3.9100000858306885
1965-03-17 00:00:00+00:00,3.9200000762939453
1965-03-18 00:00:00+00:00,3.9200000762939453
1965-03-19 00:00:00+00:00,3.9200000762939453
1965-03-22 00:00:00+00:00,3.9200000762939453
1965-03-23 00:00:00+00:00,3.9100000858306885
1965-03-24 00:00:00+00:00,3.9100000858306885
1965-03-25 00:00:00+00:00,3.890000104904175
1965-03-26 00:00:00+00:00,3.9000000953674316
1965-03-29 00:00:00+00:00,3.9000000953674316
1965-03-30 00:00:00+00:00,3.9200000762939453
1965-03-31 00:00:00+00:00,3.930000066757202
1965-04-01 00:00:00+00:00,3.930000066757202
1965-04-02 00:00:00+00:00,3.940000057220459
1965-04-05 00:00:00+00:00,3.930000066757202
1965-04-06 00:00:00+00:00,3.9200000762939453
1965-04-07 00:00:00+00:00,3.940000057220459
1965-04-08 00:00:00+00:00,3.9200000762939453
1965-04-09 00:00:00+00:00,3.930000066757202
1965-04-12 00:00:00+00:00,3.930000066757202
1965-04-13 00:00:00+00:00,3.9200000762939453
1965-04-14 00:00:00+00:00,3.940000057220459
1965-04-15 00:00:00+00:00,3.940000057220459
1965-04-19 00:00:00+00:00,3.940000057220459
1965-04-20 00:00:00+00:00,3.930000066757202
1965-04-21 00:00:00+00:00,3.940000057220459
1965-04-22 00:00:00+00:00,3.940000057220459
1965-04-23 00:00:00+00:00,3.9200000762939453
1965-04-26 00:00:00+00:00,3.9000000953674316
1965-04-27 00:00:00+00:00,3.9000000953674316
1965-04-28 00:00:00+00:00,3.9200000762939453
1965-04-29 00:00:00+00:00,3.9200000762939453
1965-04-30 00:00:00+00:00,3.9100000858306885
1965-05-03 00:00:00+00:00,3.9000000953674316
1965-05-04 00:00:00+00:00,3.880000114440918
1965-05-05 00:00:00+00:00,3.9000000953674316
1965-05-06 00:00:00+00:00,3.890000104904175
1965-05-07 00:00:00+00:00,3.890000104904175
1965-05-10 00:00:00+00:00,3.880000114440918
1965-05-11 00:00:00+00:00,3.880000114440918
1965-05-12 00:00:00+00:00,3.9000000953674316
1965-05-13 00:00:00+00:00,3.9000000953674316
1965-05-14 00:00:00+00:00,3.9000000953674316
1965-05-17 00:00:00+00:00,3.890000104904175
1965-05-18 00:00:00+00:00,3.890000104904175
1965-05-19 00:00:00+00:00,3.9000000953674316
1965-05-20 00:00:00+00:00,3.9000000953674316
1965-05-21 00:00:00+00:00,3.9000000953674316
1965-05-24 00:00:00+00:00,3.880000114440918
1965-05-25 00:00:00+00:00,3.880000114440918
1965-05-26 00:00:00+00:00,3.890000104904175
1965-05-27 00:00:00+00:00,3.880000114440918
1965-05-28 00:00:00+00:00,3.869999885559082
1965-06-01 00:00:00+00:00,3.880000114440918
1965-06-02 00:00:00+00:00,3.869999885559082
1965-06-03 00:00:00+00:00,3.8399999141693115
1965-06-04 00:00:00+00:00,3.809999942779541
1965-06-07 00:00:00+00:00,3.7799999713897705
1965-06-08 00:00:00+00:00,3.809999942779541
1965-06-09 00:00:00+00:00,3.819999933242798
1965-06-10 00:00:00+00:00,3.809999942779541
1965-06-11 00:00:00+00:00,3.809999942779541
1965-06-14 00:00:00+00:00,3.799999952316284
1965-06-15 00:00:00+00:00,3.799999952316284
1965-06-16 00:00:00+00:00,3.7899999618530273
1965-06-17 00:00:00+00:00,3.799999952316284
1965-06-18 00:00:00+00:00,3.799999952316284
1965-06-21 00:00:00+00:00,3.7799999713897705
1965-06-22 00:00:00+00:00,3.7799999713897705
1965-06-23 00:00:00+00:00,3.7799999713897705
1965-06-24 00:00:00+00:00,3.7699999809265137
1965-06-25 00:00:00+00:00,3.7699999809265137
1965-06-28 00:00:00+00:00,3.7799999713897705
1965-06-29 00:00:00+00:00,3.809999942779541
1965-06-30 00:00:00+00:00,3.809999942779541
1965-07-01 00:00:00+00:00,3.819999933242798
1965-07-02 00:00:00+00:00,3.8299999237060547
1965-07-06 00:00:00+00:00,3.869999885559082
1965-07-07 00:00:00+00:00,3.859999895095825
1965-07-08 00:00:00+00:00,3.869999885559082
1965-07-09 00:00:00+00:00,3.869999885559082
1965-07-12 00:00:00+00:00,3.869999885559082
1965-07-13 00:00:00+00:00,3.880000114440918
1965-07-14 00:00:00+00:00,3.869999885559082
1965-07-15 00:00:00+00:00,3.8499999046325684
1965-07-16 00:00:00+00:00,3.8399999141693115
1965-07-19 00:00:00+00:00,3.819999933242798
1965-07-20 00:00:00+00:00,3.819999933242798
1965-07-21 00:00:00+00:00,3.819999933242798
1965-07-22 00:00:00+00:00,3.809999942779541
1965-07-23 00:00:00+00:00,3.809999942779541
1965-07-26 00:00:00+00:00,3.799999952316284
1965-07-27 00:00:00+00:00,3.809999942779541
1965-07-28 00:00:00+00:00,3.809999942779541
1965-07-29 00:00:00+00:00,3.799999952316284
1965-07-30 00:00:00+00:00,3.809999942779541
1965-08-02 00:00:00+00:00,3.819999933242798
1965-08-03 00:00:00+00:00,3.8499999046325684
1965-08-04 00:00:00+00:00,3.8499999046325684
1965-08-05 00:00:00+00:00,3.8499999046325684
1965-08-06 00:00:00+00:00,3.8399999141693115
1965-08-09 00:00:00+00:00,3.8299999237060547
1965-08-10 00:00:00+00:00,3.8499999046325684
1965-08-11 00:00:00+00:00,3.8399999141693115
1965-08-12 00:00:00+00:00,3.8299999237060547
1965-08-13 00:00:00+00:00,3.799999952316284
1965-08-16 00:00:00+00:00,3.799999952316284
1965-08-17 00:00:00+00:00,3.8299999237060547
1965-08-18 00:00:00+00:00,3.8299999237060547
1965-08-19 00:00:00+00:00,3.8299999237060547
1965-08-20 00:00:00+00:00,3.8299999237060547
1965-08-23 00:00:00+00:00,3.8399999141693115
1965-08-24 00:00:00+00:00,3.869999885559082
1965-08-25 00:00:00+00:00,3.869999885559082
1965-08-26 00:00:00+00:00,3.859999895095825
1965-08-27 00:00:00+00:00,3.859999895095825
1965-08-30 00:00:00+00:00,3.859999895095825
1965-08-31 00:00:00+00:00,3.9000000953674316
1965-09-01 00:00:00+00:00,3.890000104904175
1965-09-02 00:00:00+00:00,3.859999895095825
1965-09-03 00:00:00+00:00,3.869999885559082
1965-09-07 00:00:00+00:00,3.9100000858306885
1965-09-08 00:00:00+00:00,3.9100000858306885
1965-09-09 00:00:00+00:00,3.9000000953674316
1965-09-10 00:00:00+00:00,3.880000114440918
1965-09-13 00:00:00+00:00,3.880000114440918
1965-09-14 00:00:00+00:00,3.880000114440918
1965-09-15 00:00:00+00:00,3.880000114440918
1965-09-16 00:00:00+00:00,3.880000114440918
1965-09-17 00:00:00+00:00,3.880000114440918
1965-09-20 00:00:00+00:00,3.890000104904175
1965-09-21 00:00:00+00:00,3.930000066757202
1965-09-22 00:00:00+00:00,3.940000057220459
1965-09-23 00:00:00+00:00,3.9600000381469727
1965-09-24 00:00:00+00:00,3.9800000190734863
1965-09-27 00:00:00+00:00,3.990000009536743
1965-09-28 00:00:00+00:00,4.019999980926514
1965-09-29 00:00:00+00:00,4.050000190734863
1965-09-30 00:00:00+00:00,4.019999980926514
1965-10-01 00:00:00+00:00,4.0
1965-10-04 00:00:00+00:00,3.9800000190734863
1965-10-05 00:00:00+00:00,4.050000190734863
1965-10-06 00:00:00+00:00,4.039999961853027
1965-10-07 00:00:00+00:00,4.0
1965-10-08 00:00:00+00:00,4.0
1965-10-11 00:00:00+00:00,3.9800000190734863
1965-10-13 00:00:00+00:00,4.010000228881836
1965-10-14 00:00:00+00:00,4.010000228881836
1965-10-15 00:00:00+00:00,4.019999980926514
1965-10-18 00:00:00+00:00,4.019999980926514
1965-10-19 00:00:00+00:00,4.039999961853027
1965-10-20 00:00:00+00:00,4.039999961853027
1965-10-21 00:00:00+00:00,4.039999961853027
1965-10-22 00:00:00+00:00,4.039999961853027
1965-10-25 00:00:00+00:00,4.03000020980835
1965-10-26 00:00:00+00:00,4.050000190734863
1965-10-27 00:00:00+00:00,4.050000190734863
1965-10-28 00:00:00+00:00,4.059999942779541
1965-10-29 00:00:00+00:00,4.059999942779541
1965-11-01 00:00:00+00:00,4.070000171661377
1965-11-03 00:00:00+00:00,4.090000152587891
1965-11-04 00:00:00+00:00,4.070000171661377
1965-11-05 00:00:00+00:00,4.039999961853027
1965-11-08 00:00:00+00:00,4.039999961853027
1965-11-09 00:00:00+00:00,4.070000171661377
1965-11-10 00:00:00+00:00,4.079999923706055
1965-11-12 00:00:00+00:00,4.070000171661377
1965-11-15 00:00:00+00:00,4.079999923706055
1965-11-16 00:00:00+00:00,4.090000152587891
1965-11-17 00:00:00+00:00,4.090000152587891
1965-11-18 00:00:00+00:00,4.099999904632568
1965-11-19 00:00:00+00:00,4.099999904632568
1965-11-22 00:00:00+00:00,4.099999904632568
1965-11-23 00:00:00+00:00,4.119999885559082
1965-11-24 00:00:00+00:00,4.119999885559082
1965-11-26 00:00:00+00:00,4.110000133514404
1965-11-29 00:00:00+00:00,4.099999904632568
1965-11-30 00:00:00+00:00,4.130000114440918
1965-12-01 00:00:00+00:00,4.130000114440918
1965-12-02 00:00:00+00:00,4.119999885559082
1965-12-03 00:00:00+00:00,4.119999885559082
1965-12-06 00:00:00+00:00,4.300000190734863
1965-12-07 00:00:00+00:00,4.360000133514404
1965-12-08 00:00:00+00:00,4.360000133514404
1965-12-09 00:00:00+00:00,4.340000152587891
1965-12-10 00:00:00+00:00,4.329999923706055
1965-12-13 00:00:00+00:00,4.360000133514404
1965-12-14 00:00:00+00:00,4.409999847412109
1965-12-15 00:00:00+00:00,4.400000095367432
1965-12-16 00:00:00+00:00,4.420000076293945
1965-12-17 00:00:00+00:00,4.460000038146973
1965-12-20 00:00:00+00:00,4.5
1965-12-21 00:00:00+00:00,4.480000019073486
1965-12-22 00:00:00+00:00,4.46999979019165
1965-12-23 00:00:00+00:00,4.46999979019165
1965-12-27 00:00:00+00:00,4.46999979019165
1965-12-28 00:00:00+00:00,4.46999979019165
1965-12-29 00:00:00+00:00,4.480000019073486
1965-12-30 00:00:00+00:00,4.480000019073486
1965-12-31 00:00:00+00:00,4.489999771118164
1966-01-03 00:00:00+00:00,4.510000228881836
1966-01-04 00:00:00+00:00,4.559999942779541
1966-01-05 00:00:00+00:00,4.559999942779541
1966-01-06 00:00:00+00:00,4.539999961853027
1966-01-07 00:00:00+00:00,4.539999961853027
1966-01-10 00:00:00+00:00,4.550000190734863
1966-01-11 00:00:00+00:00,4.599999904632568
1966-01-12 00:00:00+00:00,4.610000133514404
1966-01-13 00:00:00+00:00,4.599999904632568
1966-01-14 00:00:00+00:00,4.630000114440918
1966-01-17 00:00:00+00:00,4.630000114440918
1966-01-18 00:00:00+00:00,4.659999847412109
1966-01-19 00:00:00+00:00,4.619999885559082
1966-01-20 00:00:00+00:00,4.590000152587891
1966-01-21 00:00:00+00:00,4.590000152587891
1966-01-24 00:00:00+00:00,4.570000171661377
1966-01-25 00:00:00+00:00,4.599999904632568
1966-01-26 00:00:00+00:00,4.599999904632568
1966-01-27 00:00:00+00:00,4.559999942779541
1966-01-28 00:00:00+00:00,4.570000171661377
1966-01-31 00:00:00+00:00,4.630000114440918
1966-02-01 00:00:00+00:00,4.659999847412109
1966-02-02 00:00:00+00:00,4.639999866485596
1966-02-03 00:00:00+00:00,4.630000114440918
1966-02-04 00:00:00+00:00,4.619999885559082
1966-02-07 00:00:00+00:00,4.610000133514404
1966-02-08 00:00:00+00:00,4.639999866485596
1966-02-09 00:00:00+00:00,4.639999866485596
1966-02-10 00:00:00+00:00,4.650000095367432
1966-02-11 00:00:00+00:00,4.650000095367432
1966-02-14 00:00:00+00:00,4.650000095367432
1966-02-15 00:00:00+00:00,4.679999828338623
1966-02-16 00:00:00+00:00,4.699999809265137
1966-02-17 00:00:00+00:00,4.659999847412109
1966-02-18 00:00:00+00:00,4.659999847412109
1966-02-21 00:00:00+00:00,4.659999847412109
1966-02-23 00:00:00+00:00,4.690000057220459
1966-02-24 00:00:00+00:00,4.670000076293945
1966-02-25 00:00:00+00:00,4.630000114440918
1966-02-28 00:00:00+00:00,4.639999866485596
1966-03-01 00:00:00+00:00,4.650000095367432
1966-03-02 00:00:00+00:00,4.639999866485596
1966-03-03 00:00:00+00:00,4.610000133514404
1966-03-04 00:00:00+00:00,4.570000171661377
1966-03-07 00:00:00+00:00,4.570000171661377
1966-03-08 00:00:00+00:00,4.630000114440918
1966-03-09 00:00:00+00:00,4.630000114440918
1966-03-10 00:00:00+00:00,4.650000095367432
1966-03-11 00:00:00+00:00,4.690000057220459
1966-03-14 00:00:00+00:00,4.670000076293945
1966-03-15 00:00:00+00:00,4.650000095367432
1966-03-16 00:00:00+00:00,4.650000095367432
1966-03-17 00:00:00+00:00,4.639999866485596
1966-03-18 00:00:00+00:00,4.590000152587891
1966-03-21 00:00:00+00:00,4.519999980926514
1966-03-22 00:00:00+00:00,4.550000190734863
1966-03-23 00:00:00+00:00,4.489999771118164
1966-03-24 00:00:00+00:00,4.460000038146973
1966-03-25 00:00:00+00:00,4.53000020980835
1966-03-28 00:00:00+00:00,4.5
1966-03-29 00:00:00+00:00,4.550000190734863
1966-03-30 00:00:00+00:00,4.53000020980835
1966-03-31 00:00:00+00:00,4.519999980926514
1966-04-01 00:00:00+00:00,4.5
1966-04-04 00:00:00+00:00,4.480000019073486
1966-04-05 00:00:00+00:00,4.539999961853027
1966-04-06 00:00:00+00:00,4.559999942779541
1966-04-07 00:00:00+00:00,4.579999923706055
1966-04-11 00:00:00+00:00,4.590000152587891
1966-04-12 00:00:00+00:00,4.659999847412109
1966-04-13 00:00:00+00:00,4.670000076293945
1966-04-14 00:00:00+00:00,4.659999847412109
1966-04-15 00:00:00+00:00,4.659999847412109
1966-04-18 00:00:00+00:00,4.650000095367432
1966-04-19 00:00:00+00:00,4.659999847412109
1966-04-20 00:00:00+00:00,4.670000076293945
1966-04-21 00:00:00+00:00,4.659999847412109
1966-04-22 00:00:00+00:00,4.630000114440918
1966-04-25 00:00:00+00:00,4.630000114440918
1966-04-26 00:00:00+00:00,4.639999866485596
1966-04-27 00:00:00+00:00,4.639999866485596
1966-04-28 00:00:00+00:00,4.630000114440918
1966-04-29 00:00:00+00:00,4.650000095367432
1966-05-02 00:00:00+00:00,4.650000095367432
1966-05-03 00:00:00+00:00,4.679999828338623
1966-05-04 00:00:00+00:00,4.670000076293945
1966-05-05 00:00:00+00:00,4.670000076293945
1966-05-06 00:00:00+00:00,4.659999847412109
1966-05-09 00:00:00+00:00,4.610000133514404
1966-05-10 00:00:00+00:00,4.610000133514404
1966-05-11 00:00:00+00:00,4.610000133514404
1966-05-12 00:00:00+00:00,4.610000133514404
1966-05-13 00:00:00+00:00,4.610000133514404
1966-05-16 00:00:00+00:00,4.599999904632568
1966-05-17 00:00:00+00:00,4.639999866485596
1966-05-18 00:00:00+00:00,4.650000095367432
1966-05-19 00:00:00+00:00,4.650000095367432
1966-05-20 00:00:00+00:00,4.639999866485596
1966-05-23 00:00:00+00:00,4.619999885559082
1966-05-24 00:00:00+00:00,4.650000095367432
1966-05-25 00:00:00+00:00,4.650000095367432
1966-05-26 00:00:00+00:00,4.639999866485596
1966-05-27 00:00:00+00:00,4.619999885559082
1966-05-31 00:00:00+00:00,4.639999866485596
1966-06-01 00:00:00+00:00,4.630000114440918
1966-06-02 00:00:00+00:00,4.559999942779541
1966-06-03 00:00:00+00:00,4.539999961853027
1966-06-06 00:00:00+00:00,4.539999961853027
1966-06-07 00:00:00+00:00,4.599999904632568
1966-06-08 00:00:00+00:00,4.590000152587891
1966-06-09 00:00:00+00:00,4.579999923706055
1966-06-10 00:00:00+00:00,4.570000171661377
1966-06-13 00:00:00+00:00,4.559999942779541
1966-06-14 00:00:00+00:00,4.579999923706055
1966-06-15 00:00:00+00:00,4.539999961853027
1966-06-16 00:00:00+00:00,4.5
1966-06-17 00:00:00+00:00,4.460000038146973
1966-06-20 00:00:00+00:00,4.429999828338623
1966-06-21 00:00:00+00:00,4.46999979019165
1966-06-22 00:00:00+00:00,4.400000095367432
1966-06-23 00:00:00+00:00,4.340000152587891
1966-06-24 00:00:00+00:00,4.380000114440918
1966-06-27 00:00:00+00:00,4.329999923706055
1966-06-28 00:00:00+00:00,4.380000114440918
1966-06-29 00:00:00+00:00,4.429999828338623
1966-06-30 00:00:00+00:00,4.579999923706055
1966-07-01 00:00:00+00:00,4.639999866485596
1966-07-05 00:00:00+00:00,4.769999980926514
1966-07-06 00:00:00+00:00,4.659999847412109
1966-07-07 00:00:00+00:00,4.659999847412109
1966-07-08 00:00:00+00:00,4.679999828338623
1966-07-11 00:00:00+00:00,4.739999771118164
1966-07-12 00:00:00+00:00,4.889999866485596
1966-07-13 00:00:00+00:00,4.880000114440918
1966-07-14 00:00:00+00:00,4.920000076293945
1966-07-15 00:00:00+00:00,4.929999828338623
1966-07-18 00:00:00+00:00,4.929999828338623
1966-07-19 00:00:00+00:00,4.960000038146973
1966-07-20 00:00:00+00:00,4.900000095367432
1966-07-21 00:00:00+00:00,4.880000114440918
1966-07-22 00:00:00+00:00,4.840000152587891
1966-07-25 00:00:00+00:00,4.78000020980835
1966-07-26 00:00:00+00:00,4.769999980926514
1966-07-27 00:00:00+00:00,4.659999847412109
1966-07-28 00:00:00+00:00,4.690000057220459
1966-07-29 00:00:00+00:00,4.769999980926514
1966-08-01 00:00:00+00:00,4.75
1966-08-02 00:00:00+00:00,4.840000152587891
1966-08-03 00:00:00+00:00,4.869999885559082
1966-08-04 00:00:00+00:00,4.840000152587891
1966-08-05 00:00:00+00:00,4.789999961853027
1966-08-08 00:00:00+00:00,4.78000020980835
1966-08-09 00:00:00+00:00,4.860000133514404
1966-08-10 00:00:00+00:00,4.889999866485596
1966-08-11 00:00:00+00:00,4.909999847412109
1966-08-12 00:00:00+00:00,4.940000057220459
1966-08-15 00:00:00+00:00,5.0
1966-08-16 00:00:00+00:00,5.090000152587891
1966-08-17 00:00:00+00:00,5.079999923706055
1966-08-18 00:00:00+00:00,5.090000152587891
1966-08-19 00:00:00+00:00,5.059999942779541
1966-08-22 00:00:00+00:00,4.96999979019165
1966-08-23 00:00:00+00:00,5.050000190734863
1966-08-24 00:00:00+00:00,5.019999980926514
1966-08-25 00:00:00+00:00,5.03000020980835
1966-08-26 00:00:00+00:00,5.03000020980835
1966-08-29 00:00:00+00:00,5.039999961853027
1966-08-30 00:00:00+00:00,5.090000152587891
1966-08-31 00:00:00+00:00,5.059999942779541
1966-09-01 00:00:00+00:00,5.079999923706055
1966-09-02 00:00:00+00:00,5.090000152587891
1966-09-06 00:00:00+00:00,5.170000076293945
1966-09-07 00:00:00+00:00,5.190000057220459
1966-09-08 00:00:00+00:00,5.210000038146973
1966-09-09 00:00:00+00:00,5.21999979019165
1966-09-12 00:00:00+00:00,5.289999961853027
1966-09-13 00:00:00+00:00,5.429999828338623
1966-09-14 00:00:00+00:00,5.449999809265137
1966-09-15 00:00:00+00:00,5.460000038146973
1966-09-16 00:00:00+00:00,5.460000038146973
1966-09-19 00:00:00+00:00,5.46999979019165
1966-09-20 00:00:00+00:00,5.570000171661377
1966-09-21 00:00:00+00:00,5.590000152587891
1966-09-22 00:00:00+00:00,5.550000190734863
1966-09-23 00:00:00+00:00,5.510000228881836
1966-09-26 00:00:00+00:00,5.449999809265137
1966-09-27 00:00:00+00:00,5.440000057220459
1966-09-28 00:00:00+00:00,5.409999847412109
1966-09-29 00:00:00+00:00,5.340000152587891
1966-09-30 00:00:00+00:00,5.340000152587891
1966-10-03 00:00:00+00:00,5.329999923706055
1966-10-04 00:00:00+00:00,5.440000057220459
1966-10-05 00:00:00+00:00,5.420000076293945
1966-10-06 00:00:00+00:00,5.380000114440918
1966-10-07 00:00:00+00:00,5.360000133514404
1966-10-10 00:00:00+00:00,5.400000095367432
1966-10-11 00:00:00+00:00,5.46999979019165
1966-10-13 00:00:00+00:00,5.480000019073486
1966-10-14 00:00:00+00:00,5.440000057220459
1966-10-17 00:00:00+00:00,5.389999866485596
1966-10-18 00:00:00+00:00,5.409999847412109
1966-10-19 00:00:00+00:00,5.400000095367432
1966-10-20 00:00:00+00:00,5.380000114440918
1966-10-21 00:00:00+00:00,5.269999980926514
1966-10-24 00:00:00+00:00,5.190000057220459
1966-10-25 00:00:00+00:00,5.230000019073486
1966-10-26 00:00:00+00:00,5.239999771118164
1966-10-27 00:00:00+00:00,5.25
1966-10-28 00:00:00+00:00,5.230000019073486
1966-10-31 00:00:00+00:00,5.21999979019165
1966-11-01 00:00:00+00:00,5.269999980926514
1966-11-02 00:00:00+00:00,5.329999923706055
1966-11-03 00:00:00+00:00,5.329999923706055
1966-11-04 00:00:00+00:00,5.360000133514404
1966-11-07 00:00:00+00:00,5.369999885559082
1966-11-09 00:00:00+00:00,5.420000076293945
1966-11-10 00:00:00+00:00,5.449999809265137
1966-11-14 00:00:00+00:00,5.409999847412109
1966-11-15 00:00:00+00:00,5.449999809265137
1966-11-16 00:00:00+00:00,5.440000057220459
1966-11-17 00:00:00+00:00,5.360000133514404
1966-11-18 00:00:00+00:00,5.289999961853027
1966-11-21 00:00:00+00:00,5.210000038146973
1966-11-22 00:00:00+00:00,5.28000020980835
1966-11-23 00:00:00+00:00,5.28000020980835
1966-11-25 00:00:00+00:00,5.269999980926514
1966-11-28 00:00:00+00:00,5.199999809265137
1966-11-29 00:00:00+00:00,5.190000057220459
1966-11-30 00:00:00+00:00,5.159999847412109
1966-12-01 00:00:00+00:00,5.159999847412109
1966-12-02 00:00:00+00:00,5.159999847412109
1966-12-05 00:00:00+00:00,5.170000076293945
1966-12-06 00:00:00+00:00,5.150000095367432
1966-12-07 00:00:00+00:00,5.190000057220459
1966-12-08 00:00:00+00:00,5.179999828338623
1966-12-09 00:00:00+00:00,5.110000133514404
1966-12-12 00:00:00+00:00,5.03000020980835
1966-12-13 00:00:00+00:00,5.039999961853027
1966-12-14 00:00:00+00:00,5.010000228881836
1966-12-15 00:00:00+00:00,4.920000076293945
1966-12-16 00:00:00+00:00,4.849999904632568
1966-12-19 00:00:00+00:00,4.849999904632568
1966-12-20 00:00:00+00:00,4.820000171661377
1966-12-21 00:00:00+00:00,4.820000171661377
1966-12-22 00:00:00+00:00,4.809999942779541
1966-12-23 00:00:00+00:00,4.78000020980835
1966-12-27 00:00:00+00:00,4.78000020980835
1966-12-28 00:00:00+00:00,4.800000190734863
1966-12-29 00:00:00+00:00,4.820000171661377
1966-12-30 00:00:00+00:00,4.809999942779541
1967-01-03 00:00:00+00:00,4.840000152587891
1967-01-04 00:00:00+00:00,4.809999942779541
1967-01-05 00:00:00+00:00,4.78000020980835
1967-01-06 00:00:00+00:00,4.78000020980835
1967-01-09 00:00:00+00:00,4.789999961853027
1967-01-10 00:00:00+00:00,4.849999904632568
1967-01-11 00:00:00+00:00,4.789999961853027
1967-01-12 00:00:00+00:00,4.829999923706055
1967-01-13 00:00:00+00:00,4.789999961853027
1967-01-16 00:00:00+00:00,4.71999979019165
1967-01-17 00:00:00+00:00,4.690000057220459
1967-01-18 00:00:00+00:00,4.699999809265137
1967-01-19 00:00:00+00:00,4.71999979019165
1967-01-20 00:00:00+00:00,4.710000038146973
1967-01-23 00:00:00+00:00,4.679999828338623
1967-01-24 00:00:00+00:00,4.690000057220459
1967-01-25 00:00:00+00:00,4.699999809265137
1967-01-26 00:00:00+00:00,4.639999866485596
1967-01-27 00:00:00+00:00,4.590000152587891
1967-01-30 00:00:00+00:00,4.510000228881836
1967-01-31 00:00:00+00:00,4.510000228881836
1967-02-01 00:00:00+00:00,4.5
1967-02-02 00:00:00+00:00,4.46999979019165
1967-02-03 00:00:00+00:00,4.460000038146973
1967-02-06 00:00:00+00:00,4.53000020980835
1967-02-07 00:00:00+00:00,4.550000190734863
1967-02-08 00:00:00+00:00,4.53000020980835
1967-02-09 00:00:00+00:00,4.519999980926514
1967-02-10 00:00:00+00:00,4.559999942779541
1967-02-14 00:00:00+00:00,4.599999904632568
1967-02-15 00:00:00+00:00,4.619999885559082
1967-02-16 00:00:00+00:00,4.610000133514404
1967-02-17 00:00:00+00:00,4.619999885559082
1967-02-20 00:00:00+00:00,4.599999904632568
1967-02-21 00:00:00+00:00,4.619999885559082
1967-02-23 00:00:00+00:00,4.639999866485596
1967-02-24 00:00:00+00:00,4.590000152587891
1967-02-27 00:00:00+00:00,4.539999961853027
1967-02-28 00:00:00+00:00,4.539999961853027
1967-03-01 00:00:00+00:00,4.449999809265137
1967-03-02 00:00:00+00:00,4.409999847412109
1967-03-03 00:00:00+00:00,4.369999885559082
1967-03-06 00:00:00+00:00,4.360000133514404
1967-03-07 00:00:00+00:00,4.380000114440918
1967-03-08 00:00:00+00:00,4.389999866485596
1967-03-09 00:00:00+00:00,4.369999885559082
1967-03-10 00:00:00+00:00,4.360000133514404
1967-03-13 00:00:00+00:00,4.329999923706055
1967-03-14 00:00:00+00:00,4.309999942779541
1967-03-15 00:00:00+00:00,4.28000020980835
1967-03-16 00:00:00+00:00,4.239999771118164
1967-03-17 00:00:00+00:00,4.239999771118164
1967-03-20 00:00:00+00:00,4.099999904632568
1967-03-21 00:00:00+00:00,4.159999847412109
1967-03-22 00:00:00+00:00,4.170000076293945
1967-03-23 00:00:00+00:00,4.150000095367432
1967-03-27 00:00:00+00:00,4.170000076293945
1967-03-28 00:00:00+00:00,4.170000076293945
1967-03-29 00:00:00+00:00,4.170000076293945
1967-03-30 00:00:00+00:00,4.110000133514404
1967-03-31 00:00:00+00:00,4.010000228881836
1967-04-03 00:00:00+00:00,3.9700000286102295
1967-04-04 00:00:00+00:00,4.0
1967-04-05 00:00:00+00:00,3.9800000190734863
1967-04-06 00:00:00+00:00,3.950000047683716
1967-04-07 00:00:00+00:00,3.869999885559082
1967-04-10 00:00:00+00:00,3.809999942779541
1967-04-11 00:00:00+00:00,3.819999933242798
1967-04-12 00:00:00+00:00,3.8399999141693115
1967-04-13 00:00:00+00:00,3.869999885559082
1967-04-14 00:00:00+00:00,3.890000104904175
1967-04-17 00:00:00+00:00,3.890000104904175
1967-04-18 00:00:00+00:00,3.880000114440918
1967-04-19 00:00:00+00:00,3.819999933242798
1967-04-20 00:00:00+00:00,3.7899999618530273
1967-04-21 00:00:00+00:00,3.75
1967-04-24 00:00:00+00:00,3.7300000190734863
1967-04-25 00:00:00+00:00,3.7300000190734863
1967-04-26 00:00:00+00:00,3.7200000286102295
1967-04-27 00:00:00+00:00,3.7100000381469727
1967-04-28 00:00:00+00:00,3.7300000190734863
1967-05-01 00:00:00+00:00,3.75
1967-05-02 00:00:00+00:00,3.740000009536743
1967-05-03 00:00:00+00:00,3.740000009536743
1967-05-04 00:00:00+00:00,3.690000057220459
1967-05-05 00:00:00+00:00,3.690000057220459
1967-05-08 00:00:00+00:00,3.6500000953674316
1967-05-09 00:00:00+00:00,3.6600000858306885
1967-05-10 00:00:00+00:00,3.6700000762939453
1967-05-11 00:00:00+00:00,3.6500000953674316
1967-05-12 00:00:00+00:00,3.6500000953674316
1967-05-15 00:00:00+00:00,3.5999999046325684
1967-05-16 00:00:00+00:00,3.630000114440918
1967-05-17 00:00:00+00:00,3.630000114440918
1967-05-18 00:00:00+00:00,3.549999952316284
1967-05-19 00:00:00+00:00,3.5399999618530273
1967-05-22 00:00:00+00:00,3.5
1967-05-23 00:00:00+00:00,3.5299999713897705
1967-05-24 00:00:00+00:00,3.509999990463257
1967-05-25 00:00:00+00:00,3.490000009536743
1967-05-26 00:00:00+00:00,3.4800000190734863
1967-05-29 00:00:00+00:00,3.4600000381469727
1967-05-31 00:00:00+00:00,3.4600000381469727
1967-06-01 00:00:00+00:00,3.4000000953674316
1967-06-02 00:00:00+00:00,3.390000104904175
1967-06-05 00:00:00+00:00,3.369999885559082
1967-06-06 00:00:00+00:00,3.4000000953674316
1967-06-07 00:00:00+00:00,3.4100000858306885
1967-06-08 00:00:00+00:00,3.430000066757202
1967-06-09 00:00:00+00:00,3.450000047683716
1967-06-12 00:00:00+00:00,3.5
1967-06-13 00:00:00+00:00,3.549999952316284
1967-06-14 00:00:00+00:00,3.609999895095825
1967-06-15 00:00:00+00:00,3.5899999141693115
1967-06-16 00:00:00+00:00,3.609999895095825
1967-06-19 00:00:00+00:00,3.5799999237060547
1967-06-20 00:00:00+00:00,3.549999952316284
1967-06-21 00:00:00+00:00,3.490000009536743
1967-06-22 00:00:00+00:00,3.380000114440918
1967-06-23 00:00:00+00:00,3.3299999237060547
1967-06-26 00:00:00+00:00,3.440000057220459
1967-06-27 00:00:00+00:00,3.6700000762939453
1967-06-28 00:00:00+00:00,3.759999990463257
1967-06-29 00:00:00+00:00,3.880000114440918
1967-06-30 00:00:00+00:00,4.0
1967-07-03 00:00:00+00:00,4.099999904632568
1967-07-05 00:00:00+00:00,4.289999961853027
1967-07-06 00:00:00+00:00,4.210000038146973
1967-07-07 00:00:00+00:00,4.210000038146973
1967-07-10 00:00:00+00:00,4.179999828338623
1967-07-11 00:00:00+00:00,4.21999979019165
1967-07-12 00:00:00+00:00,4.179999828338623
1967-07-13 00:00:00+00:00,4.159999847412109
1967-07-14 00:00:00+00:00,4.179999828338623
1967-07-17 00:00:00+00:00,4.170000076293945
1967-07-18 00:00:00+00:00,4.199999809265137
1967-07-19 00:00:00+00:00,4.190000057220459
1967-07-20 00:00:00+00:00,4.210000038146973
1967-07-21 00:00:00+00:00,4.21999979019165
1967-07-24 00:00:00+00:00,4.349999904632568
1967-07-25 00:00:00+00:00,4.320000171661377
1967-07-26 00:00:00+00:00,4.28000020980835
1967-07-27 00:00:00+00:00,4.170000076293945
1967-07-28 00:00:00+00:00,4.150000095367432
1967-07-31 00:00:00+00:00,4.119999885559082
1967-08-01 00:00:00+00:00,4.159999847412109
1967-08-02 00:00:00+00:00,4.179999828338623
1967-08-03 00:00:00+00:00,4.150000095367432
1967-08-04 00:00:00+00:00,4.190000057220459
1967-08-07 00:00:00+00:00,4.150000095367432
1967-08-08 00:00:00+00:00,4.199999809265137
1967-08-09 00:00:00+00:00,4.179999828338623
1967-08-10 00:00:00+00:00,4.170000076293945
1967-08-11 00:00:00+00:00,4.170000076293945
1967-08-14 00:00:00+00:00,4.159999847412109
1967-08-15 00:00:00+00:00,4.199999809265137
1967-08-16 00:00:00+00:00,4.210000038146973
1967-08-17 00:00:00+00:00,4.210000038146973
1967-08-18 00:00:00+00:00,4.25
1967-08-21 00:00:00+00:00,4.289999961853027
1967-08-22 00:00:00+00:00,4.360000133514404
1967-08-23 00:00:00+00:00,4.389999866485596
1967-08-24 00:00:00+00:00,4.369999885559082
1967-08-25 00:00:00+00:00,4.400000095367432
1967-08-28 00:00:00+00:00,4.449999809265137
1967-08-29 00:00:00+00:00,4.449999809265137
1967-08-30 00:00:00+00:00,4.440000057220459
1967-08-31 00:00:00+00:00,4.380000114440918
1967-09-01 00:00:00+00:00,4.340000152587891
1967-09-05 00:00:00+00:00,4.289999961853027
1967-09-06 00:00:00+00:00,4.309999942779541
1967-09-07 00:00:00+00:00,4.300000190734863
1967-09-08 00:00:00+00:00,4.309999942779541
1967-09-11 00:00:00+00:00,4.340000152587891
1967-09-12 00:00:00+00:00,4.369999885559082
1967-09-13 00:00:00+00:00,4.360000133514404
1967-09-14 00:00:00+00:00,4.389999866485596
1967-09-15 00:00:00+00:00,4.400000095367432
1967-09-18 00:00:00+00:00,4.46999979019165
1967-09-19 00:00:00+00:00,4.5
1967-09-20 00:00:00+00:00,4.570000171661377
1967-09-21 00:00:00+00:00,4.579999923706055
1967-09-22 00:00:00+00:00,4.599999904632568
1967-09-25 00:00:00+00:00,4.590000152587891
1967-09-26 00:00:00+00:00,4.539999961853027
1967-09-27 00:00:00+00:00,4.440000057220459
1967-09-28 00:00:00+00:00,4.400000095367432
1967-09-29 00:00:00+00:00,4.389999866485596
1967-10-02 00:00:00+00:00,4.400000095367432
1967-10-03 00:00:00+00:00,4.519999980926514
1967-10-04 00:00:00+00:00,4.539999961853027
1967-10-05 00:00:00+00:00,4.510000228881836
1967-10-06 00:00:00+00:00,4.5
1967-10-09 00:00:00+00:00,4.519999980926514
1967-10-10 00:00:00+00:00,4.539999961853027
1967-10-11 00:00:00+00:00,4.599999904632568
1967-10-13 00:00:00+00:00,4.610000133514404
1967-10-16 00:00:00+00:00,4.639999866485596
1967-10-17 00:00:00+00:00,4.670000076293945
1967-10-18 00:00:00+00:00,4.619999885559082
1967-10-19 00:00:00+00:00,4.570000171661377
1967-10-20 00:00:00+00:00,4.579999923706055
1967-10-23 00:00:00+00:00,4.579999923706055
1967-10-24 00:00:00+00:00,4.570000171661377
1967-10-25 00:00:00+00:00,4.579999923706055
1967-10-26 00:00:00+00:00,4.539999961853027
1967-10-27 00:00:00+00:00,4.53000020980835
1967-10-30 00:00:00+00:00,4.53000020980835
1967-10-31 00:00:00+00:00,4.559999942779541
1967-11-01 00:00:00+00:00,4.579999923706055
1967-11-02 00:00:00+00:00,4.570000171661377
1967-11-03 00:00:00+00:00,4.610000133514404
1967-11-06 00:00:00+00:00,4.639999866485596
1967-11-08 00:00:00+00:00,4.659999847412109
1967-11-09 00:00:00+00:00,4.630000114440918
1967-11-10 00:00:00+00:00,4.610000133514404
1967-11-13 00:00:00+00:00,4.619999885559082
1967-11-14 00:00:00+00:00,4.639999866485596
1967-11-15 00:00:00+00:00,4.630000114440918
1967-11-16 00:00:00+00:00,4.599999904632568
1967-11-17 00:00:00+00:00,4.670000076293945
1967-11-20 00:00:00+00:00,4.900000095367432
1967-11-21 00:00:00+00:00,4.869999885559082
1967-11-22 00:00:00+00:00,4.769999980926514
1967-11-24 00:00:00+00:00,4.909999847412109
1967-11-27 00:00:00+00:00,4.900000095367432
1967-11-28 00:00:00+00:00,4.880000114440918
1967-11-29 00:00:00+00:00,4.900000095367432
1967-11-30 00:00:00+00:00,4.949999809265137
1967-12-01 00:00:00+00:00,5.010000228881836
1967-12-04 00:00:00+00:00,4.920000076293945
1967-12-05 00:00:00+00:00,4.960000038146973
1967-12-06 00:00:00+00:00,4.900000095367432
1967-12-07 00:00:00+00:00,4.909999847412109
1967-12-08 00:00:00+00:00,4.889999866485596
1967-12-11 00:00:00+00:00,4.900000095367432
1967-12-12 00:00:00+00:00,4.949999809265137
1967-12-13 00:00:00+00:00,4.960000038146973
1967-12-14 00:00:00+00:00,4.980000019073486
1967-12-15 00:00:00+00:00,5.070000171661377
1967-12-18 00:00:00+00:00,5.050000190734863
1967-12-19 00:00:00+00:00,5.019999980926514
1967-12-20 00:00:00+00:00,4.96999979019165
1967-12-21 00:00:00+00:00,4.909999847412109
1967-12-22 00:00:00+00:00,4.960000038146973
1967-12-26 00:00:00+00:00,4.980000019073486
1967-12-27 00:00:00+00:00,4.989999771118164
1967-12-28 00:00:00+00:00,5.010000228881836
1967-12-29 00:00:00+00:00,5.039999961853027
1968-01-02 00:00:00+00:00,5.039999961853027
1968-01-03 00:00:00+00:00,5.039999961853027
1968-01-04 00:00:00+00:00,4.989999771118164
1968-01-05 00:00:00+00:00,4.960000038146973
1968-01-08 00:00:00+00:00,5.019999980926514
1968-01-09 00:00:00+00:00,5.099999904632568
1968-01-10 00:00:00+00:00,5.079999923706055
1968-01-11 00:00:00+00:00,5.070000171661377
1968-01-12 00:00:00+00:00,5.079999923706055
1968-01-15 00:00:00+00:00,5.019999980926514
1968-01-16 00:00:00+00:00,5.010000228881836
1968-01-17 00:00:00+00:00,4.989999771118164
1968-01-18 00:00:00+00:00,5.010000228881836
1968-01-19 00:00:00+00:00,5.070000171661377
1968-01-22 00:00:00+00:00,5.03000020980835
1968-01-23 00:00:00+00:00,5.03000020980835
1968-01-24 00:00:00+00:00,5.010000228881836
1968-01-25 00:00:00+00:00,4.909999847412109
1968-01-26 00:00:00+00:00,4.880000114440918
1968-01-29 00:00:00+00:00,4.820000171661377
1968-01-30 00:00:00+00:00,4.869999885559082
1968-01-31 00:00:00+00:00,4.880000114440918
1968-02-01 00:00:00+00:00,4.840000152587891
1968-02-02 00:00:00+00:00,4.860000133514404
1968-02-05 00:00:00+00:00,4.909999847412109
1968-02-06 00:00:00+00:00,5.019999980926514
1968-02-07 00:00:00+00:00,5.03000020980835
1968-02-08 00:00:00+00:00,5.03000020980835
1968-02-09 00:00:00+00:00,5.010000228881836
1968-02-13 00:00:00+00:00,5.010000228881836
1968-02-14 00:00:00+00:00,5.0
1968-02-15 00:00:00+00:00,4.960000038146973
1968-02-16 00:00:00+00:00,4.920000076293945
1968-02-19 00:00:00+00:00,4.900000095367432
1968-02-20 00:00:00+00:00,4.96999979019165
1968-02-21 00:00:00+00:00,4.989999771118164
1968-02-23 00:00:00+00:00,5.010000228881836
1968-02-26 00:00:00+00:00,5.039999961853027
1968-02-27 00:00:00+00:00,5.059999942779541
1968-02-28 00:00:00+00:00,5.019999980926514
1968-02-29 00:00:00+00:00,5.019999980926514
1968-03-01 00:00:00+00:00,5.010000228881836
1968-03-04 00:00:00+00:00,4.989999771118164
1968-03-05 00:00:00+00:00,5.0
1968-03-06 00:00:00+00:00,5.03000020980835
1968-03-07 00:00:00+00:00,5.090000152587891
1968-03-08 00:00:00+00:00,5.090000152587891
1968-03-11 00:00:00+00:00,5.090000152587891
1968-03-12 00:00:00+00:00,5.139999866485596
1968-03-13 00:00:00+00:00,5.25
1968-03-14 00:00:00+00:00,5.449999809265137
1968-03-15 00:00:00+00:00,5.369999885559082
1968-03-18 00:00:00+00:00,5.260000228881836
1968-03-19 00:00:00+00:00,5.309999942779541
1968-03-20 00:00:00+00:00,5.260000228881836
1968-03-21 00:00:00+00:00,5.25
1968-03-22 00:00:00+00:00,5.190000057220459
1968-03-25 00:00:00+00:00,5.150000095367432
1968-03-26 00:00:00+00:00,5.099999904632568
1968-03-27 00:00:00+00:00,5.130000114440918
1968-03-28 00:00:00+00:00,5.150000095367432
1968-03-29 00:00:00+00:00,5.170000076293945
1968-04-01 00:00:00+00:00,5.130000114440918
1968-04-02 00:00:00+00:00,5.190000057220459
1968-04-03 00:00:00+00:00,5.190000057220459
1968-04-04 00:00:00+00:00,5.269999980926514
1968-04-05 00:00:00+00:00,5.239999771118164
1968-04-08 00:00:00+00:00,5.260000228881836
1968-04-10 00:00:00+00:00,5.340000152587891
1968-04-11 00:00:00+00:00,5.440000057220459
1968-04-15 00:00:00+00:00,5.409999847412109
1968-04-16 00:00:00+00:00,5.369999885559082
1968-04-17 00:00:00+00:00,5.329999923706055
1968-04-18 00:00:00+00:00,5.340000152587891
1968-04-19 00:00:00+00:00,5.53000020980835
1968-04-22 00:00:00+00:00,5.510000228881836
1968-04-23 00:00:00+00:00,5.489999771118164
1968-04-24 00:00:00+00:00,5.5
1968-04-25 00:00:00+00:00,5.5
1968-04-26 00:00:00+00:00,5.510000228881836
1968-04-29 00:00:00+00:00,5.480000019073486
1968-04-30 00:00:00+00:00,5.510000228881836
1968-05-01 00:00:00+00:00,5.480000019073486
1968-05-02 00:00:00+00:00,5.480000019073486
1968-05-03 00:00:00+00:00,5.539999961853027
1968-05-06 00:00:00+00:00,5.480000019073486
1968-05-07 00:00:00+00:00,5.519999980926514
1968-05-08 00:00:00+00:00,5.53000020980835
1968-05-09 00:00:00+00:00,5.550000190734863
1968-05-10 00:00:00+00:00,5.550000190734863
1968-05-13 00:00:00+00:00,5.53000020980835
1968-05-14 00:00:00+00:00,5.599999904632568
1968-05-15 00:00:00+00:00,5.670000076293945
1968-05-16 00:00:00+00:00,5.78000020980835
1968-05-17 00:00:00+00:00,5.800000190734863
1968-05-20 00:00:00+00:00,5.820000171661377
1968-05-21 00:00:00+00:00,5.920000076293945
1968-05-22 00:00:00+00:00,5.860000133514404
1968-05-23 00:00:00+00:00,5.800000190734863
1968-05-24 00:00:00+00:00,5.71999979019165
1968-05-27 00:00:00+00:00,5.670000076293945
1968-05-28 00:00:00+00:00,5.71999979019165
1968-05-29 00:00:00+00:00,5.730000019073486
1968-05-31 00:00:00+00:00,5.679999828338623
1968-06-03 00:00:00+00:00,5.650000095367432
1968-06-04 00:00:00+00:00,5.659999847412109
1968-06-05 00:00:00+00:00,5.650000095367432
1968-06-06 00:00:00+00:00,5.659999847412109
1968-06-07 00:00:00+00:00,5.659999847412109
1968-06-10 00:00:00+00:00,5.679999828338623
1968-06-11 00:00:00+00:00,5.71999979019165
1968-06-13 00:00:00+00:00,5.690000057220459
1968-06-14 00:00:00+00:00,5.630000114440918
1968-06-17 00:00:00+00:00,5.579999923706055
1968-06-18 00:00:00+00:00,5.599999904632568
1968-06-20 00:00:00+00:00,5.400000095367432
1968-06-21 00:00:00+00:00,5.199999809265137
1968-06-24 00:00:00+00:00,5.199999809265137
1968-06-25 00:00:00+00:00,5.340000152587891
1968-06-27 00:00:00+00:00,5.320000171661377
1968-06-28 00:00:00+00:00,5.300000190734863
1968-07-01 00:00:00+00:00,5.300000190734863
1968-07-02 00:00:00+00:00,5.340000152587891
1968-07-03 00:00:00+00:00,5.389999866485596
1968-07-08 00:00:00+00:00,5.329999923706055
1968-07-09 00:00:00+00:00,5.380000114440918
1968-07-11 00:00:00+00:00,5.389999866485596
1968-07-12 00:00:00+00:00,5.380000114440918
1968-07-15 00:00:00+00:00,5.420000076293945
1968-07-16 00:00:00+00:00,5.46999979019165
1968-07-18 00:00:00+00:00,5.340000152587891
1968-07-19 00:00:00+00:00,5.289999961853027
1968-07-22 00:00:00+00:00,5.269999980926514
1968-07-23 00:00:00+00:00,5.260000228881836
1968-07-25 00:00:00+00:00,5.199999809265137
1968-07-26 00:00:00+00:00,5.199999809265137
1968-07-29 00:00:00+00:00,5.190000057220459
1968-07-30 00:00:00+00:00,5.199999809265137
1968-08-01 00:00:00+00:00,4.96999979019165
1968-08-02 00:00:00+00:00,4.900000095367432
1968-08-05 00:00:00+00:00,4.889999866485596
1968-08-06 00:00:00+00:00,4.980000019073486
1968-08-08 00:00:00+00:00,4.960000038146973
1968-08-09 00:00:00+00:00,4.989999771118164
1968-08-12 00:00:00+00:00,5.050000190734863
1968-08-13 00:00:00+00:00,5.110000133514404
1968-08-15 00:00:00+00:00,5.170000076293945
1968-08-16 00:00:00+00:00,5.110000133514404
1968-08-19 00:00:00+00:00,5.110000133514404
1968-08-20 00:00:00+00:00,5.139999866485596
1968-08-22 00:00:00+00:00,5.170000076293945
1968-08-23 00:00:00+00:00,5.150000095367432
1968-08-26 00:00:00+00:00,5.159999847412109
1968-08-27 00:00:00+00:00,5.190000057220459
1968-08-29 00:00:00+00:00,5.210000038146973
1968-08-30 00:00:00+00:00,5.179999828338623
1968-09-03 00:00:00+00:00,5.179999828338623
1968-09-04 00:00:00+00:00,5.190000057220459
1968-09-05 00:00:00+00:00,5.21999979019165
1968-09-06 00:00:00+00:00,5.230000019073486
1968-09-09 00:00:00+00:00,5.239999771118164
1968-09-10 00:00:00+00:00,5.300000190734863
1968-09-12 00:00:00+00:00,5.300000190734863
1968-09-13 00:00:00+00:00,5.239999771118164
1968-09-16 00:00:00+00:00,5.21999979019165
1968-09-17 00:00:00+00:00,5.199999809265137
1968-09-19 00:00:00+00:00,5.159999847412109
1968-09-20 00:00:00+00:00,5.170000076293945
1968-09-23 00:00:00+00:00,5.170000076293945
1968-09-24 00:00:00+00:00,5.130000114440918
1968-09-26 00:00:00+00:00,5.090000152587891
1968-09-27 00:00:00+00:00,5.119999885559082
1968-09-30 00:00:00+00:00,5.159999847412109
1968-10-01 00:00:00+00:00,5.159999847412109
1968-10-03 00:00:00+00:00,5.210000038146973
1968-10-04 00:00:00+00:00,5.230000019073486
1968-10-07 00:00:00+00:00,5.260000228881836
1968-10-08 00:00:00+00:00,5.349999904632568
1968-10-10 00:00:00+00:00,5.340000152587891
1968-10-11 00:00:00+00:00,5.260000228881836
1968-10-14 00:00:00+00:00,5.320000171661377
1968-10-15 00:00:00+00:00,5.380000114440918
1968-10-17 00:00:00+00:00,5.329999923706055
1968-10-18 00:00:00+00:00,5.329999923706055
1968-10-21 00:00:00+00:00,5.360000133514404
1968-10-22 00:00:00+00:00,5.420000076293945
1968-10-24 00:00:00+00:00,5.400000095367432
1968-10-25 00:00:00+00:00,5.420000076293945
1968-10-28 00:00:00+00:00,5.460000038146973
1968-10-29 00:00:00+00:00,5.510000228881836
1968-10-31 00:00:00+00:00,5.480000019073486
1968-11-01 00:00:00+00:00,5.460000038146973
1968-11-04 00:00:00+00:00,5.519999980926514
1968-11-06 00:00:00+00:00,5.510000228881836
1968-11-07 00:00:00+00:00,5.449999809265137
1968-11-08 00:00:00+00:00,5.460000038146973
1968-11-12 00:00:00+00:00,5.460000038146973
1968-11-13 00:00:00+00:00,5.409999847412109
1968-11-14 00:00:00+00:00,5.400000095367432
1968-11-15 00:00:00+00:00,5.420000076293945
1968-11-18 00:00:00+00:00,5.440000057220459
1968-11-19 00:00:00+00:00,5.449999809265137
1968-11-21 00:00:00+00:00,5.420000076293945
1968-11-22 00:00:00+00:00,5.420000076293945
1968-11-25 00:00:00+00:00,5.420000076293945
1968-11-26 00:00:00+00:00,5.460000038146973
1968-11-27 00:00:00+00:00,5.489999771118164
1968-11-29 00:00:00+00:00,5.519999980926514
1968-12-02 00:00:00+00:00,5.610000133514404
1968-12-03 00:00:00+00:00,5.670000076293945
1968-12-05 00:00:00+00:00,5.659999847412109
1968-12-06 00:00:00+00:00,5.659999847412109
1968-12-09 00:00:00+00:00,5.730000019073486
1968-12-10 00:00:00+00:00,5.840000152587891
1968-12-12 00:00:00+00:00,5.889999866485596
1968-12-13 00:00:00+00:00,5.880000114440918
1968-12-16 00:00:00+00:00,5.940000057220459
1968-12-17 00:00:00+00:00,5.960000038146973
1968-12-19 00:00:00+00:00,6.079999923706055
1968-12-20 00:00:00+00:00,6.190000057220459
1968-12-23 00:00:00+00:00,6.28000020980835
1968-12-24 00:00:00+00:00,6.289999961853027
1968-12-26 00:00:00+00:00,6.190000057220459
1968-12-27 00:00:00+00:00,6.119999885559082
1968-12-30 00:00:00+00:00,6.260000228881836
1968-12-31 00:00:00+00:00,6.25
1969-01-02 00:00:00+00:00,6.139999866485596
1969-01-03 00:00:00+00:00,6.130000114440918
1969-01-06 00:00:00+00:00,6.179999828338623
1969-01-07 00:00:00+00:00,6.25
1969-01-08 00:00:00+00:00,6.190000057220459
1969-01-09 00:00:00+00:00,6.150000095367432
1969-01-10 00:00:00+00:00,6.110000133514404
1969-01-13 00:00:00+00:00,6.130000114440918
1969-01-14 00:00:00+00:00,6.179999828338623
1969-01-15 00:00:00+00:00,6.130000114440918
1969-01-16 00:00:00+00:00,6.050000190734863
1969-01-17 00:00:00+00:00,6.070000171661377
1969-01-20 00:00:00+00:00,6.010000228881836
1969-01-21 00:00:00+00:00,6.090000152587891
1969-01-22 00:00:00+00:00,6.130000114440918
1969-01-23 00:00:00+00:00,6.159999847412109
1969-01-24 00:00:00+00:00,6.170000076293945
1969-01-27 00:00:00+00:00,6.130000114440918
1969-01-28 00:00:00+00:00,6.159999847412109
1969-01-29 00:00:00+00:00,6.159999847412109
1969-01-30 00:00:00+00:00,6.170000076293945
1969-01-31 00:00:00+00:00,6.190000057220459
1969-02-03 00:00:00+00:00,6.190000057220459
1969-02-04 00:00:00+00:00,6.199999809265137
1969-02-05 00:00:00+00:00,6.199999809265137
1969-02-06 00:00:00+00:00,6.199999809265137
1969-02-07 00:00:00+00:00,6.150000095367432
1969-02-11 00:00:00+00:00,6.079999923706055
1969-02-13 00:00:00+00:00,6.079999923706055
1969-02-14 00:00:00+00:00,6.050000190734863
1969-02-17 00:00:00+00:00,6.059999942779541
1969-02-18 00:00:00+00:00,6.150000095367432
1969-02-19 00:00:00+00:00,6.139999866485596
1969-02-20 00:00:00+00:00,6.070000171661377
1969-02-24 00:00:00+00:00,6.0
1969-02-25 00:00:00+00:00,6.090000152587891
1969-02-26 00:00:00+00:00,6.099999904632568
1969-02-27 00:00:00+00:00,6.190000057220459
1969-02-28 00:00:00+00:00,6.190000057220459
1969-03-03 00:00:00+00:00,6.170000076293945
1969-03-04 00:00:00+00:00,6.159999847412109
1969-03-05 00:00:00+00:00,6.090000152587891
1969-03-06 00:00:00+00:00,6.079999923706055
1969-03-07 00:00:00+00:00,6.059999942779541
1969-03-10 00:00:00+00:00,6.010000228881836
1969-03-11 00:00:00+00:00,6.010000228881836
1969-03-12 00:00:00+00:00,5.989999771118164
1969-03-13 00:00:00+00:00,6.03000020980835
1969-03-14 00:00:00+00:00,6.019999980926514
1969-03-17 00:00:00+00:00,6.079999923706055
1969-03-18 00:00:00+00:00,5.989999771118164
1969-03-19 00:00:00+00:00,5.989999771118164
1969-03-20 00:00:00+00:00,5.989999771118164
1969-03-21 00:00:00+00:00,5.960000038146973
1969-03-24 00:00:00+00:00,5.909999847412109
1969-03-25 00:00:00+00:00,5.920000076293945
1969-03-26 00:00:00+00:00,5.940000057220459
1969-03-27 00:00:00+00:00,5.940000057220459
1969-03-28 00:00:00+00:00,5.989999771118164
1969-04-01 00:00:00+00:00,5.989999771118164
1969-04-02 00:00:00+00:00,6.079999923706055
1969-04-03 00:00:00+00:00,6.090000152587891
1969-04-07 00:00:00+00:00,6.150000095367432
1969-04-08 00:00:00+00:00,6.159999847412109
1969-04-09 00:00:00+00:00,6.130000114440918
1969-04-10 00:00:00+00:00,6.159999847412109
1969-04-11 00:00:00+00:00,6.170000076293945
1969-04-14 00:00:00+00:00,6.159999847412109
1969-04-15 00:00:00+00:00,6.230000019073486
1969-04-16 00:00:00+00:00,6.21999979019165
1969-04-17 00:00:00+00:00,6.199999809265137
1969-04-18 00:00:00+00:00,6.190000057220459
1969-04-21 00:00:00+00:00,6.170000076293945
1969-04-22 00:00:00+00:00,6.170000076293945
1969-04-23 00:00:00+00:00,6.150000095367432
1969-04-24 00:00:00+00:00,6.099999904632568
1969-04-25 00:00:00+00:00,6.079999923706055
1969-04-28 00:00:00+00:00,6.0
1969-04-29 00:00:00+00:00,5.920000076293945
1969-04-30 00:00:00+00:00,5.869999885559082
1969-05-01 00:00:00+00:00,5.920000076293945
1969-05-02 00:00:00+00:00,5.960000038146973
1969-05-05 00:00:00+00:00,5.940000057220459
1969-05-06 00:00:00+00:00,6.019999980926514
1969-05-07 00:00:00+00:00,6.010000228881836
1969-05-08 00:00:00+00:00,5.960000038146973
1969-05-09 00:00:00+00:00,5.960000038146973
1969-05-12 00:00:00+00:00,6.039999961853027
1969-05-13 00:00:00+00:00,6.090000152587891
1969-05-14 00:00:00+00:00,6.070000171661377
1969-05-15 00:00:00+00:00,6.090000152587891
1969-05-16 00:00:00+00:00,6.099999904632568
1969-05-19 00:00:00+00:00,6.090000152587891
1969-05-20 00:00:00+00:00,6.119999885559082
1969-05-21 00:00:00+00:00,6.079999923706055
1969-05-22 00:00:00+00:00,6.019999980926514
1969-05-23 00:00:00+00:00,6.010000228881836
1969-05-26 00:00:00+00:00,6.070000171661377
1969-05-27 00:00:00+00:00,6.139999866485596
1969-05-28 00:00:00+00:00,6.119999885559082
1969-05-29 00:00:00+00:00,6.079999923706055
1969-06-02 00:00:00+00:00,6.119999885559082
1969-06-03 00:00:00+00:00,6.179999828338623
1969-06-04 00:00:00+00:00,6.260000228881836
1969-06-05 00:00:00+00:00,6.389999866485596
1969-06-06 00:00:00+00:00,6.340000152587891
1969-06-09 00:00:00+00:00,6.449999809265137
1969-06-10 00:00:00+00:00,6.619999885559082
1969-06-11 00:00:00+00:00,6.690000057220459
1969-06-12 00:00:00+00:00,6.809999942779541
1969-06-13 00:00:00+00:00,6.760000228881836
1969-06-16 00:00:00+00:00,6.630000114440918
1969-06-17 00:00:00+00:00,6.519999980926514
1969-06-18 00:00:00+00:00,6.550000190734863
1969-06-19 00:00:00+00:00,6.599999904632568
1969-06-20 00:00:00+00:00,6.519999980926514
1969-06-23 00:00:00+00:00,6.369999885559082
1969-06-24 00:00:00+00:00,6.5
1969-06-25 00:00:00+00:00,6.400000095367432
1969-06-26 00:00:00+00:00,6.070000171661377
1969-06-27 00:00:00+00:00,6.150000095367432
1969-06-30 00:00:00+00:00,6.289999961853027
1969-07-01 00:00:00+00:00,6.670000076293945
1969-07-02 00:00:00+00:00,6.739999771118164
1969-07-03 00:00:00+00:00,6.809999942779541
1969-07-07 00:00:00+00:00,6.880000114440918
1969-07-08 00:00:00+00:00,6.980000019073486
1969-07-09 00:00:00+00:00,7.039999961853027
1969-07-10 00:00:00+00:00,7.0
1969-07-11 00:00:00+00:00,6.889999866485596
1969-07-14 00:00:00+00:00,6.940000057220459
1969-07-15 00:00:00+00:00,7.090000152587891
1969-07-16 00:00:00+00:00,6.989999771118164
1969-07-17 00:00:00+00:00,7.039999961853027
1969-07-18 00:00:00+00:00,7.050000190734863
1969-07-22 00:00:00+00:00,7.079999923706055
1969-07-23 00:00:00+00:00,7.130000114440918
1969-07-24 00:00:00+00:00,7.119999885559082
1969-07-25 00:00:00+00:00,7.130000114440918
1969-07-28 00:00:00+00:00,7.119999885559082
1969-07-29 00:00:00+00:00,7.139999866485596
1969-07-30 00:00:00+00:00,7.110000133514404
1969-07-31 00:00:00+00:00,7.059999942779541
1969-08-01 00:00:00+00:00,7.0
1969-08-04 00:00:00+00:00,6.929999828338623
1969-08-05 00:00:00+00:00,6.980000019073486
1969-08-06 00:00:00+00:00,6.989999771118164
1969-08-07 00:00:00+00:00,6.96999979019165
1969-08-08 00:00:00+00:00,7.019999980926514
1969-08-11 00:00:00+00:00,7.010000228881836
1969-08-12 00:00:00+00:00,7.099999904632568
1969-08-13 00:00:00+00:00,7.079999923706055
1969-08-14 00:00:00+00:00,6.96999979019165
1969-08-15 00:00:00+00:00,6.849999904632568
1969-08-18 00:00:00+00:00,6.78000020980835
1969-08-19 00:00:00+00:00,6.840000152587891
1969-08-20 00:00:00+00:00,6.860000133514404
1969-08-21 00:00:00+00:00,6.929999828338623
1969-08-22 00:00:00+00:00,6.960000038146973
1969-08-25 00:00:00+00:00,7.0
1969-08-26 00:00:00+00:00,7.159999847412109
1969-08-27 00:00:00+00:00,7.150000095367432
1969-08-28 00:00:00+00:00,7.090000152587891
1969-08-29 00:00:00+00:00,6.949999809265137
1969-09-02 00:00:00+00:00,7.03000020980835
1969-09-03 00:00:00+00:00,7.0
1969-09-04 00:00:00+00:00,7.039999961853027
1969-09-05 00:00:00+00:00,7.059999942779541
1969-09-08 00:00:00+00:00,7.090000152587891
1969-09-09 00:00:00+00:00,7.159999847412109
1969-09-10 00:00:00+00:00,7.119999885559082
1969-09-11 00:00:00+00:00,7.090000152587891
1969-09-12 00:00:00+00:00,7.099999904632568
1969-09-15 00:00:00+00:00,7.099999904632568
1969-09-16 00:00:00+00:00,7.130000114440918
1969-09-17 00:00:00+00:00,7.130000114440918
1969-09-18 00:00:00+00:00,7.139999866485596
1969-09-19 00:00:00+00:00,7.159999847412109
1969-09-22 00:00:00+00:00,7.139999866485596
1969-09-23 00:00:00+00:00,7.099999904632568
1969-09-24 00:00:00+00:00,7.099999904632568
1969-09-25 00:00:00+00:00,7.090000152587891
1969-09-26 00:00:00+00:00,7.059999942779541
1969-09-29 00:00:00+00:00,6.909999847412109
1969-09-30 00:00:00+00:00,7.139999866485596
1969-10-01 00:00:00+00:00,7.170000076293945
1969-10-02 00:00:00+00:00,7.079999923706055
1969-10-03 00:00:00+00:00,7.0
1969-10-06 00:00:00+00:00,6.940000057220459
1969-10-07 00:00:00+00:00,6.989999771118164
1969-10-08 00:00:00+00:00,7.0
1969-10-09 00:00:00+00:00,7.03000020980835
1969-10-10 00:00:00+00:00,6.980000019073486
1969-10-14 00:00:00+00:00,7.039999961853027
1969-10-15 00:00:00+00:00,7.039999961853027
1969-10-16 00:00:00+00:00,7.019999980926514
1969-10-17 00:00:00+00:00,6.96999979019165
1969-10-20 00:00:00+00:00,6.909999847412109
1969-10-21 00:00:00+00:00,6.900000095367432
1969-10-22 00:00:00+00:00,6.909999847412109
1969-10-23 00:00:00+00:00,6.980000019073486
1969-10-24 00:00:00+00:00,7.0
1969-10-27 00:00:00+00:00,6.989999771118164
1969-10-28 00:00:00+00:00,7.0
1969-10-29 00:00:00+00:00,7.010000228881836
1969-10-30 00:00:00+00:00,7.019999980926514
1969-10-31 00:00:00+00:00,6.989999771118164
1969-11-03 00:00:00+00:00,6.96999979019165
1969-11-05 00:00:00+00:00,7.070000171661377
1969-11-06 00:00:00+00:00,7.119999885559082
1969-11-07 00:00:00+00:00,7.130000114440918
1969-11-10 00:00:00+00:00,7.119999885559082
1969-11-12 00:00:00+00:00,7.170000076293945
1969-11-13 00:00:00+00:00,7.199999809265137
1969-11-14 00:00:00+00:00,7.090000152587891
1969-11-17 00:00:00+00:00,7.070000171661377
1969-11-18 00:00:00+00:00,7.199999809265137
1969-11-19 00:00:00+00:00,7.230000019073486
1969-11-20 00:00:00+00:00,7.349999904632568
1969-11-21 00:00:00+00:00,7.380000114440918
1969-11-24 00:00:00+00:00,7.420000076293945
1969-11-25 00:00:00+00:00,7.519999980926514
1969-11-26 00:00:00+00:00,7.550000190734863
1969-11-28 00:00:00+00:00,7.510000228881836
1969-12-01 00:00:00+00:00,7.5
1969-12-02 00:00:00+00:00,7.550000190734863
1969-12-03 00:00:00+00:00,7.619999885559082
1969-12-04 00:00:00+00:00,7.639999866485596
1969-12-05 00:00:00+00:00,7.670000076293945
1969-12-08 00:00:00+00:00,7.679999828338623
1969-12-09 00:00:00+00:00,7.840000152587891
1969-12-10 00:00:00+00:00,7.909999847412109
1969-12-11 00:00:00+00:00,7.849999904632568
1969-12-12 00:00:00+00:00,7.809999942779541
1969-12-15 00:00:00+00:00,7.920000076293945
1969-12-16 00:00:00+00:00,7.909999847412109
1969-12-17 00:00:00+00:00,7.920000076293945
1969-12-18 00:00:00+00:00,7.880000114440918
1969-12-19 00:00:00+00:00,7.789999961853027
1969-12-22 00:00:00+00:00,7.820000171661377
1969-12-23 00:00:00+00:00,7.820000171661377
1969-12-24 00:00:00+00:00,7.849999904632568
1969-12-26 00:00:00+00:00,7.860000133514404
1969-12-29 00:00:00+00:00,8.079999923706055
1969-12-30 00:00:00+00:00,8.050000190734863
1969-12-31 00:00:00+00:00,8.010000228881836
1970-01-02 00:00:00+00:00,7.920000076293945
1970-01-05 00:00:00+00:00,7.909999847412109
1970-01-06 00:00:00+00:00,7.929999828338623
1970-01-07 00:00:00+00:00,7.900000095367432
1970-01-08 00:00:00+00:00,7.909999847412109
1970-01-09 00:00:00+00:00,7.889999866485596
1970-01-12 00:00:00+00:00,7.800000190734863
1970-01-13 00:00:00+00:00,7.820000171661377
1970-01-14 00:00:00+00:00,7.869999885559082
1970-01-15 00:00:00+00:00,7.840000152587891
1970-01-16 00:00:00+00:00,7.800000190734863
1970-01-19 00:00:00+00:00,7.789999961853027
1970-01-20 00:00:00+00:00,7.820000171661377
1970-01-21 00:00:00+00:00,7.829999923706055
1970-01-22 00:00:00+00:00,7.869999885559082
1970-01-23 00:00:00+00:00,7.860000133514404
1970-01-26 00:00:00+00:00,7.880000114440918
1970-01-27 00:00:00+00:00,7.909999847412109
1970-01-28 00:00:00+00:00,7.909999847412109
1970-01-29 00:00:00+00:00,7.909999847412109
1970-01-30 00:00:00+00:00,7.860000133514404
1970-02-02 00:00:00+00:00,7.71999979019165
1970-02-03 00:00:00+00:00,7.699999809265137
1970-02-04 00:00:00+00:00,7.659999847412109
1970-02-05 00:00:00+00:00,7.559999942779541
1970-02-06 00:00:00+00:00,7.420000076293945
1970-02-09 00:00:00+00:00,7.300000190734863
1970-02-10 00:00:00+00:00,7.28000020980835
1970-02-11 00:00:00+00:00,7.25
1970-02-13 00:00:00+00:00,6.949999809265137
1970-02-16 00:00:00+00:00,6.829999923706055
1970-02-17 00:00:00+00:00,6.769999980926514
1970-02-18 00:00:00+00:00,6.769999980926514
1970-02-19 00:00:00+00:00,6.789999961853027
1970-02-20 00:00:00+00:00,6.800000190734863
1970-02-24 00:00:00+00:00,6.880000114440918
1970-02-25 00:00:00+00:00,6.889999866485596
1970-02-26 00:00:00+00:00,6.880000114440918
1970-02-27 00:00:00+00:00,6.849999904632568
1970-03-02 00:00:00+00:00,6.869999885559082
1970-03-03 00:00:00+00:00,6.920000076293945
1970-03-04 00:00:00+00:00,6.929999828338623
1970-03-05 00:00:00+00:00,6.880000114440918
1970-03-06 00:00:00+00:00,6.849999904632568
1970-03-09 00:00:00+00:00,6.860000133514404
1970-03-10 00:00:00+00:00,6.710000038146973
1970-03-11 00:00:00+00:00,6.71999979019165
1970-03-12 00:00:00+00:00,6.75
1970-03-13 00:00:00+00:00,6.769999980926514
1970-03-16 00:00:00+00:00,6.820000171661377
1970-03-17 00:00:00+00:00,6.809999942779541
1970-03-18 00:00:00+00:00,6.75
1970-03-19 00:00:00+00:00,6.650000095367432
1970-03-20 00:00:00+00:00,6.519999980926514
1970-03-23 00:00:00+00:00,6.150000095367432
1970-03-24 00:00:00+00:00,6.079999923706055
1970-03-25 00:00:00+00:00,6.150000095367432
1970-03-26 00:00:00+00:00,6.260000228881836
1970-03-30 00:00:00+00:00,6.320000171661377
1970-03-31 00:00:00+00:00,6.380000114440918
1970-04-01 00:00:00+00:00,6.340000152587891
1970-04-02 00:00:00+00:00,6.349999904632568
1970-04-03 00:00:00+00:00,6.360000133514404
1970-04-06 00:00:00+00:00,6.389999866485596
1970-04-07 00:00:00+00:00,6.440000057220459
1970-04-08 00:00:00+00:00,6.429999828338623
1970-04-09 00:00:00+00:00,6.380000114440918
1970-04-10 00:00:00+00:00,6.360000133514404
1970-04-13 00:00:00+00:00,6.340000152587891
1970-04-14 00:00:00+00:00,6.320000171661377
1970-04-15 00:00:00+00:00,6.380000114440918
1970-04-16 00:00:00+00:00,6.400000095367432
1970-04-17 00:00:00+00:00,6.400000095367432
1970-04-20 00:00:00+00:00,6.480000019073486
1970-04-21 00:00:00+00:00,6.539999961853027
1970-04-22 00:00:00+00:00,6.739999771118164
1970-04-23 00:00:00+00:00,6.579999923706055
1970-04-24 00:00:00+00:00,6.599999904632568
1970-04-27 00:00:00+00:00,6.650000095367432
1970-04-28 00:00:00+00:00,6.960000038146973
1970-04-29 00:00:00+00:00,6.909999847412109
1970-04-30 00:00:00+00:00,6.929999828338623
1970-05-01 00:00:00+00:00,6.840000152587891
1970-05-04 00:00:00+00:00,6.909999847412109
1970-05-05 00:00:00+00:00,7.090000152587891
1970-05-06 00:00:00+00:00,6.909999847412109
1970-05-07 00:00:00+00:00,6.639999866485596
1970-05-08 00:00:00+00:00,6.559999942779541
1970-05-11 00:00:00+00:00,6.739999771118164
1970-05-12 00:00:00+00:00,6.920000076293945
1970-05-13 00:00:00+00:00,6.820000171661377
1970-05-14 00:00:00+00:00,6.760000228881836
1970-05-15 00:00:00+00:00,6.760000228881836
1970-05-18 00:00:00+00:00,6.679999828338623
1970-05-19 00:00:00+00:00,6.71999979019165
1970-05-20 00:00:00+00:00,6.670000076293945
1970-05-21 00:00:00+00:00,6.710000038146973
1970-05-22 00:00:00+00:00,6.860000133514404
1970-05-25 00:00:00+00:00,7.010000228881836
1970-05-26 00:00:00+00:00,7.079999923706055
1970-05-27 00:00:00+00:00,7.039999961853027
1970-05-28 00:00:00+00:00,6.949999809265137
1970-05-29 00:00:00+00:00,6.929999828338623
1970-06-01 00:00:00+00:00,6.849999904632568
1970-06-02 00:00:00+00:00,6.820000171661377
1970-06-03 00:00:00+00:00,6.809999942779541
1970-06-04 00:00:00+00:00,6.809999942779541
1970-06-05 00:00:00+00:00,6.800000190734863
1970-06-08 00:00:00+00:00,6.75
1970-06-09 00:00:00+00:00,6.769999980926514
1970-06-10 00:00:00+00:00,6.760000228881836
1970-06-11 00:00:00+00:00,6.739999771118164
1970-06-12 00:00:00+00:00,6.789999961853027
1970-06-15 00:00:00+00:00,6.710000038146973
1970-06-16 00:00:00+00:00,6.710000038146973
1970-06-17 00:00:00+00:00,6.71999979019165
1970-06-18 00:00:00+00:00,6.730000019073486
1970-06-19 00:00:00+00:00,6.699999809265137
1970-06-22 00:00:00+00:00,6.539999961853027
1970-06-23 00:00:00+00:00,6.599999904632568
1970-06-24 00:00:00+00:00,6.619999885559082
1970-06-25 00:00:00+00:00,6.409999847412109
1970-06-26 00:00:00+00:00,6.380000114440918
1970-06-29 00:00:00+00:00,6.369999885559082
1970-06-30 00:00:00+00:00,6.489999771118164
1970-07-01 00:00:00+00:00,6.480000019073486
1970-07-02 00:00:00+00:00,6.480000019073486
1970-07-06 00:00:00+00:00,6.579999923706055
1970-07-07 00:00:00+00:00,6.710000038146973
1970-07-08 00:00:00+00:00,6.670000076293945
1970-07-09 00:00:00+00:00,6.610000133514404
1970-07-10 00:00:00+00:00,6.519999980926514
1970-07-13 00:00:00+00:00,6.5
1970-07-14 00:00:00+00:00,6.510000228881836
1970-07-15 00:00:00+00:00,6.489999771118164
1970-07-16 00:00:00+00:00,6.380000114440918
1970-07-17 00:00:00+00:00,6.400000095367432
1970-07-20 00:00:00+00:00,6.369999885559082
1970-07-21 00:00:00+00:00,6.380000114440918
1970-07-22 00:00:00+00:00,6.349999904632568
1970-07-23 00:00:00+00:00,6.28000020980835
1970-07-24 00:00:00+00:00,6.320000171661377
1970-07-27 00:00:00+00:00,6.340000152587891
1970-07-28 00:00:00+00:00,6.380000114440918
1970-07-29 00:00:00+00:00,6.380000114440918
1970-07-30 00:00:00+00:00,6.389999866485596
1970-07-31 00:00:00+00:00,6.380000114440918
1970-08-03 00:00:00+00:00,6.400000095367432
1970-08-04 00:00:00+00:00,6.460000038146973
1970-08-05 00:00:00+00:00,6.5
1970-08-06 00:00:00+00:00,6.489999771118164
1970-08-07 00:00:00+00:00,6.46999979019165
1970-08-10 00:00:00+00:00,6.480000019073486
1970-08-11 00:00:00+00:00,6.539999961853027
1970-08-12 00:00:00+00:00,6.550000190734863
1970-08-13 00:00:00+00:00,6.53000020980835
1970-08-14 00:00:00+00:00,6.539999961853027
1970-08-17 00:00:00+00:00,6.53000020980835
1970-08-18 00:00:00+00:00,6.46999979019165
1970-08-19 00:00:00+00:00,6.409999847412109
1970-08-20 00:00:00+00:00,6.380000114440918
1970-08-21 00:00:00+00:00,6.289999961853027
1970-08-24 00:00:00+00:00,6.230000019073486
1970-08-25 00:00:00+00:00,6.230000019073486
1970-08-26 00:00:00+00:00,6.25
1970-08-27 00:00:00+00:00,6.269999980926514
1970-08-28 00:00:00+00:00,6.28000020980835
1970-08-31 00:00:00+00:00,6.329999923706055
1970-09-01 00:00:00+00:00,6.389999866485596
1970-09-02 00:00:00+00:00,6.400000095367432
1970-09-03 00:00:00+00:00,6.389999866485596
1970-09-04 00:00:00+00:00,6.320000171661377
1970-09-08 00:00:00+00:00,6.380000114440918
1970-09-09 00:00:00+00:00,6.400000095367432
1970-09-10 00:00:00+00:00,6.409999847412109
1970-09-11 00:00:00+00:00,6.389999866485596
1970-09-14 00:00:00+00:00,6.329999923706055
1970-09-15 00:00:00+00:00,6.320000171661377
1970-09-16 00:00:00+00:00,6.199999809265137
1970-09-17 00:00:00+00:00,6.150000095367432
1970-09-18 00:00:00+00:00,6.079999923706055
1970-09-21 00:00:00+00:00,5.960000038146973
1970-09-22 00:00:00+00:00,5.739999771118164
1970-09-23 00:00:00+00:00,5.710000038146973
1970-09-24 00:00:00+00:00,5.760000228881836
1970-09-25 00:00:00+00:00,5.820000171661377
1970-09-28 00:00:00+00:00,5.809999942779541
1970-09-29 00:00:00+00:00,5.820000171661377
1970-09-30 00:00:00+00:00,5.840000152587891
1970-10-01 00:00:00+00:00,5.860000133514404
1970-10-02 00:00:00+00:00,5.860000133514404
1970-10-05 00:00:00+00:00,5.900000095367432
1970-10-06 00:00:00+00:00,6.050000190734863
1970-10-07 00:00:00+00:00,6.059999942779541
1970-10-08 00:00:00+00:00,6.070000171661377
1970-10-09 00:00:00+00:00,6.050000190734863
1970-10-13 00:00:00+00:00,6.010000228881836
1970-10-14 00:00:00+00:00,5.960000038146973
1970-10-15 00:00:00+00:00,5.909999847412109
1970-10-16 00:00:00+00:00,5.929999828338623
1970-10-19 00:00:00+00:00,5.940000057220459
1970-10-20 00:00:00+00:00,5.860000133514404
1970-10-21 00:00:00+00:00,5.820000171661377
1970-10-22 00:00:00+00:00,5.78000020980835
1970-10-23 00:00:00+00:00,5.760000228881836
1970-10-26 00:00:00+00:00,5.800000190734863
1970-10-27 00:00:00+00:00,5.849999904632568
1970-10-28 00:00:00+00:00,5.880000114440918
1970-10-29 00:00:00+00:00,5.849999904632568
1970-10-30 00:00:00+00:00,5.840000152587891
1970-11-02 00:00:00+00:00,5.690000057220459
1970-11-04 00:00:00+00:00,5.559999942779541
1970-11-05 00:00:00+00:00,5.489999771118164
1970-11-06 00:00:00+00:00,5.5
1970-11-09 00:00:00+00:00,5.489999771118164
1970-11-10 00:00:00+00:00,5.480000019073486
1970-11-12 00:00:00+00:00,5.489999771118164
1970-11-13 00:00:00+00:00,5.440000057220459
1970-11-16 00:00:00+00:00,5.300000190734863
1970-11-17 00:00:00+00:00,5.21999979019165
1970-11-18 00:00:00+00:00,5.239999771118164
1970-11-19 00:00:00+00:00,5.170000076293945
1970-11-20 00:00:00+00:00,5.019999980926514
1970-11-23 00:00:00+00:00,4.800000190734863
1970-11-24 00:00:00+00:00,4.929999828338623
1970-11-25 00:00:00+00:00,5.059999942779541
1970-11-27 00:00:00+00:00,5.159999847412109
1970-11-30 00:00:00+00:00,5.039999961853027
1970-12-01 00:00:00+00:00,4.980000019073486
1970-12-02 00:00:00+00:00,4.96999979019165
1970-12-03 00:00:00+00:00,4.940000057220459
1970-12-04 00:00:00+00:00,4.909999847412109
1970-12-07 00:00:00+00:00,4.920000076293945
1970-12-08 00:00:00+00:00,4.960000038146973
1970-12-09 00:00:00+00:00,4.960000038146973
1970-12-10 00:00:00+00:00,4.900000095367432
1970-12-11 00:00:00+00:00,4.860000133514404
1970-12-14 00:00:00+00:00,4.800000190734863
1970-12-15 00:00:00+00:00,4.78000020980835
1970-12-16 00:00:00+00:00,4.760000228881836
1970-12-17 00:00:00+00:00,4.739999771118164
1970-12-18 00:00:00+00:00,4.75
1970-12-21 00:00:00+00:00,4.800000190734863
1970-12-22 00:00:00+00:00,4.809999942779541
1970-12-23 00:00:00+00:00,4.860000133514404
1970-12-24 00:00:00+00:00,4.829999923706055
1970-12-28 00:00:00+00:00,4.840000152587891
1970-12-29 00:00:00+00:00,4.929999828338623
1970-12-30 00:00:00+00:00,4.889999866485596
1970-12-31 00:00:00+00:00,4.849999904632568
1971-01-04 00:00:00+00:00,4.889999866485596
1971-01-05 00:00:00+00:00,4.889999866485596
1971-01-06 00:00:00+00:00,4.840000152587891
1971-01-07 00:00:00+00:00,4.809999942779541
1971-01-08 00:00:00+00:00,4.75
1971-01-11 00:00:00+00:00,4.659999847412109
1971-01-12 00:00:00+00:00,4.630000114440918
1971-01-13 00:00:00+00:00,4.559999942779541
1971-01-14 00:00:00+00:00,4.380000114440918
1971-01-15 00:00:00+00:00,4.320000171661377
1971-01-18 00:00:00+00:00,4.260000228881836
1971-01-19 00:00:00+00:00,4.25
1971-01-20 00:00:00+00:00,4.179999828338623
1971-01-21 00:00:00+00:00,4.119999885559082
1971-01-22 00:00:00+00:00,4.179999828338623
1971-01-25 00:00:00+00:00,4.179999828338623
1971-01-26 00:00:00+00:00,4.25
1971-01-27 00:00:00+00:00,4.21999979019165
1971-01-28 00:00:00+00:00,4.179999828338623
1971-01-29 00:00:00+00:00,4.150000095367432
1971-02-01 00:00:00+00:00,4.119999885559082
1971-02-02 00:00:00+00:00,4.099999904632568
1971-02-03 00:00:00+00:00,4.090000152587891
1971-02-04 00:00:00+00:00,4.03000020980835
1971-02-05 00:00:00+00:00,3.9600000381469727
1971-02-08 00:00:00+00:00,3.819999933242798
1971-02-09 00:00:00+00:00,3.640000104904175
1971-02-10 00:00:00+00:00,3.700000047683716
1971-02-11 00:00:00+00:00,3.640000104904175
1971-02-16 00:00:00+00:00,3.630000114440918
1971-02-17 00:00:00+00:00,3.5999999046325684
1971-02-18 00:00:00+00:00,3.5199999809265137
1971-02-19 00:00:00+00:00,3.490000009536743
1971-02-22 00:00:00+00:00,3.4800000190734863
1971-02-23 00:00:00+00:00,3.4800000190734863
1971-02-24 00:00:00+00:00,3.4100000858306885
1971-02-25 00:00:00+00:00,3.4000000953674316
1971-02-26 00:00:00+00:00,3.4000000953674316
1971-03-01 00:00:00+00:00,3.359999895095825
1971-03-02 00:00:00+00:00,3.359999895095825
1971-03-03 00:00:00+00:00,3.3399999141693115
1971-03-04 00:00:00+00:00,3.3399999141693115
1971-03-05 00:00:00+00:00,3.3299999237060547
1971-03-08 00:00:00+00:00,3.319999933242798
1971-03-09 00:00:00+00:00,3.319999933242798
1971-03-10 00:00:00+00:00,3.299999952316284
1971-03-11 00:00:00+00:00,3.2200000286102295
1971-03-12 00:00:00+00:00,3.240000009536743
1971-03-15 00:00:00+00:00,3.299999952316284
1971-03-16 00:00:00+00:00,3.3399999141693115
1971-03-17 00:00:00+00:00,3.5199999809265137
1971-03-18 00:00:00+00:00,3.450000047683716
1971-03-19 00:00:00+00:00,3.3499999046325684
1971-03-22 00:00:00+00:00,3.299999952316284
1971-03-23 00:00:00+00:00,3.359999895095825
1971-03-24 00:00:00+00:00,3.390000104904175
1971-03-25 00:00:00+00:00,3.390000104904175
1971-03-26 00:00:00+00:00,3.430000066757202
1971-03-29 00:00:00+00:00,3.4800000190734863
1971-03-30 00:00:00+00:00,3.5999999046325684
1971-03-31 00:00:00+00:00,3.640000104904175
1971-04-01 00:00:00+00:00,3.6500000953674316
1971-04-02 00:00:00+00:00,3.6700000762939453
1971-04-05 00:00:00+00:00,3.690000057220459
1971-04-06 00:00:00+00:00,3.7300000190734863
1971-04-07 00:00:00+00:00,3.819999933242798
1971-04-08 00:00:00+00:00,3.9000000953674316
1971-04-12 00:00:00+00:00,4.03000020980835
1971-04-13 00:00:00+00:00,4.039999961853027
1971-04-14 00:00:00+00:00,4.0
1971-04-15 00:00:00+00:00,3.9000000953674316
1971-04-16 00:00:00+00:00,3.819999933242798
1971-04-19 00:00:00+00:00,3.799999952316284
1971-04-20 00:00:00+00:00,3.819999933242798
1971-04-21 00:00:00+00:00,3.859999895095825
1971-04-22 00:00:00+00:00,3.7899999618530273
1971-04-23 00:00:00+00:00,3.799999952316284
1971-04-26 00:00:00+00:00,3.819999933242798
1971-04-27 00:00:00+00:00,3.9600000381469727
1971-04-28 00:00:00+00:00,4.039999961853027
1971-04-29 00:00:00+00:00,4.019999980926514
1971-04-30 00:00:00+00:00,3.930000066757202
1971-05-03 00:00:00+00:00,3.8399999141693115
1971-05-04 00:00:00+00:00,3.880000114440918
1971-05-05 00:00:00+00:00,3.9200000762939453
1971-05-06 00:00:00+00:00,3.819999933242798
1971-05-07 00:00:00+00:00,3.7799999713897705
1971-05-10 00:00:00+00:00,3.8299999237060547
1971-05-11 00:00:00+00:00,3.859999895095825
1971-05-12 00:00:00+00:00,3.940000057220459
1971-05-13 00:00:00+00:00,4.059999942779541
1971-05-14 00:00:00+00:00,4.119999885559082
1971-05-17 00:00:00+00:00,4.300000190734863
1971-05-18 00:00:00+00:00,4.429999828338623
1971-05-19 00:00:00+00:00,4.380000114440918
1971-05-20 00:00:00+00:00,4.369999885559082
1971-05-21 00:00:00+00:00,4.380000114440918
1971-05-24 00:00:00+00:00,4.409999847412109
1971-05-25 00:00:00+00:00,4.449999809265137
1971-05-26 00:00:00+00:00,4.400000095367432
1971-05-27 00:00:00+00:00,4.349999904632568
1971-05-28 00:00:00+00:00,4.340000152587891
1971-06-01 00:00:00+00:00,4.360000133514404
1971-06-02 00:00:00+00:00,4.260000228881836
1971-06-03 00:00:00+00:00,4.239999771118164
1971-06-04 00:00:00+00:00,4.320000171661377
1971-06-07 00:00:00+00:00,4.440000057220459
1971-06-08 00:00:00+00:00,4.559999942779541
1971-06-09 00:00:00+00:00,4.599999904632568
1971-06-10 00:00:00+00:00,4.619999885559082
1971-06-11 00:00:00+00:00,4.710000038146973
1971-06-14 00:00:00+00:00,4.929999828338623
1971-06-15 00:00:00+00:00,5.019999980926514
1971-06-16 00:00:00+00:00,4.96999979019165
1971-06-17 00:00:00+00:00,4.900000095367432
1971-06-18 00:00:00+00:00,4.929999828338623
1971-06-21 00:00:00+00:00,4.889999866485596
1971-06-22 00:00:00+00:00,4.960000038146973
1971-06-23 00:00:00+00:00,4.820000171661377
1971-06-24 00:00:00+00:00,4.800000190734863
1971-06-25 00:00:00+00:00,4.880000114440918
1971-06-28 00:00:00+00:00,4.960000038146973
1971-06-29 00:00:00+00:00,5.190000057220459
1971-06-30 00:00:00+00:00,5.21999979019165
1971-07-01 00:00:00+00:00,5.210000038146973
1971-07-02 00:00:00+00:00,5.360000133514404
1971-07-06 00:00:00+00:00,5.480000019073486
1971-07-07 00:00:00+00:00,5.420000076293945
1971-07-08 00:00:00+00:00,5.409999847412109
1971-07-09 00:00:00+00:00,5.360000133514404
1971-07-12 00:00:00+00:00,5.320000171661377
1971-07-13 00:00:00+00:00,5.329999923706055
1971-07-14 00:00:00+00:00,5.349999904632568
1971-07-15 00:00:00+00:00,5.389999866485596
1971-07-16 00:00:00+00:00,5.5
1971-07-19 00:00:00+00:00,5.53000020980835
1971-07-20 00:00:00+00:00,5.5
1971-07-21 00:00:00+00:00,5.440000057220459
1971-07-22 00:00:00+00:00,5.340000152587891
1971-07-23 00:00:00+00:00,5.46999979019165
1971-07-26 00:00:00+00:00,5.460000038146973
1971-07-27 00:00:00+00:00,5.460000038146973
1971-07-28 00:00:00+00:00,5.429999828338623
1971-07-29 00:00:00+00:00,5.340000152587891
1971-07-30 00:00:00+00:00,5.309999942779541
1971-08-02 00:00:00+00:00,5.239999771118164
1971-08-03 00:00:00+00:00,5.320000171661377
1971-08-04 00:00:00+00:00,5.329999923706055
1971-08-05 00:00:00+00:00,5.300000190734863
1971-08-06 00:00:00+00:00,5.28000020980835
1971-08-09 00:00:00+00:00,5.320000171661377
1971-08-10 00:00:00+00:00,5.369999885559082
1971-08-11 00:00:00+00:00,5.21999979019165
1971-08-12 00:00:00+00:00,5.210000038146973
1971-08-13 00:00:00+00:00,5.150000095367432
1971-08-16 00:00:00+00:00,4.829999923706055
1971-08-17 00:00:00+00:00,4.769999980926514
1971-08-18 00:00:00+00:00,4.78000020980835
1971-08-19 00:00:00+00:00,4.539999961853027
1971-08-20 00:00:00+00:00,4.650000095367432
1971-08-23 00:00:00+00:00,4.75
1971-08-24 00:00:00+00:00,4.599999904632568
1971-08-25 00:00:00+00:00,4.730000019073486
1971-08-26 00:00:00+00:00,4.679999828338623
1971-08-27 00:00:00+00:00,4.630000114440918
1971-08-30 00:00:00+00:00,4.440000057220459
1971-08-31 00:00:00+00:00,4.440000057220459
1971-09-01 00:00:00+00:00,4.5
1971-09-02 00:00:00+00:00,4.53000020980835
1971-09-03 00:00:00+00:00,4.539999961853027
1971-09-07 00:00:00+00:00,4.579999923706055
1971-09-08 00:00:00+00:00,4.599999904632568
1971-09-09 00:00:00+00:00,4.650000095367432
1971-09-10 00:00:00+00:00,4.679999828338623
1971-09-13 00:00:00+00:00,4.760000228881836
1971-09-14 00:00:00+00:00,4.869999885559082
1971-09-15 00:00:00+00:00,4.849999904632568
1971-09-16 00:00:00+00:00,4.820000171661377
1971-09-17 00:00:00+00:00,4.71999979019165
1971-09-20 00:00:00+00:00,4.71999979019165
1971-09-21 00:00:00+00:00,4.78000020980835
1971-09-22 00:00:00+00:00,4.769999980926514
1971-09-23 00:00:00+00:00,4.75
1971-09-24 00:00:00+00:00,4.730000019073486
1971-09-27 00:00:00+00:00,4.71999979019165
1971-09-28 00:00:00+00:00,4.670000076293945
1971-09-29 00:00:00+00:00,4.670000076293945
1971-09-30 00:00:00+00:00,4.599999904632568
1971-10-01 00:00:00+00:00,4.550000190734863
1971-10-04 00:00:00+00:00,4.460000038146973
1971-10-05 00:00:00+00:00,4.570000171661377
1971-10-06 00:00:00+00:00,4.539999961853027
1971-10-07 00:00:00+00:00,4.559999942779541
1971-10-08 00:00:00+00:00,4.53000020980835
1971-10-12 00:00:00+00:00,4.460000038146973
1971-10-13 00:00:00+00:00,4.440000057220459
1971-10-14 00:00:00+00:00,4.429999828338623
1971-10-15 00:00:00+00:00,4.440000057220459
1971-10-18 00:00:00+00:00,4.449999809265137
1971-10-19 00:00:00+00:00,4.5
1971-10-20 00:00:00+00:00,4.460000038146973
1971-10-21 00:00:00+00:00,4.480000019073486
1971-10-22 00:00:00+00:00,4.460000038146973
1971-10-26 00:00:00+00:00,4.380000114440918
1971-10-27 00:00:00+00:00,4.369999885559082
1971-10-28 00:00:00+00:00,4.360000133514404
1971-10-29 00:00:00+00:00,4.309999942779541
1971-11-01 00:00:00+00:00,4.260000228881836
1971-11-03 00:00:00+00:00,4.159999847412109
1971-11-04 00:00:00+00:00,4.139999866485596
1971-11-05 00:00:00+00:00,4.150000095367432
1971-11-08 00:00:00+00:00,4.179999828338623
1971-11-09 00:00:00+00:00,4.170000076293945
1971-11-10 00:00:00+00:00,4.190000057220459
1971-11-11 00:00:00+00:00,4.179999828338623
1971-11-12 00:00:00+00:00,4.170000076293945
1971-11-15 00:00:00+00:00,4.159999847412109
1971-11-16 00:00:00+00:00,4.099999904632568
1971-11-17 00:00:00+00:00,4.139999866485596
1971-11-18 00:00:00+00:00,4.139999866485596
1971-11-19 00:00:00+00:00,4.170000076293945
1971-11-22 00:00:00+00:00,4.239999771118164
1971-11-23 00:00:00+00:00,4.320000171661377
1971-11-24 00:00:00+00:00,4.400000095367432
1971-11-26 00:00:00+00:00,4.400000095367432
1971-11-29 00:00:00+00:00,4.340000152587891
1971-11-30 00:00:00+00:00,4.340000152587891
1971-12-01 00:00:00+00:00,4.309999942779541
1971-12-02 00:00:00+00:00,4.28000020980835
1971-12-03 00:00:00+00:00,4.150000095367432
1971-12-06 00:00:00+00:00,4.099999904632568
1971-12-07 00:00:00+00:00,4.130000114440918
1971-12-08 00:00:00+00:00,4.099999904632568
1971-12-09 00:00:00+00:00,4.110000133514404
1971-12-10 00:00:00+00:00,4.090000152587891
1971-12-13 00:00:00+00:00,3.9600000381469727
1971-12-14 00:00:00+00:00,4.059999942779541
1971-12-15 00:00:00+00:00,4.119999885559082
1971-12-16 00:00:00+00:00,4.059999942779541
1971-12-17 00:00:00+00:00,4.0
1971-12-20 00:00:00+00:00,4.119999885559082
1971-12-21 00:00:00+00:00,4.079999923706055
1971-12-22 00:00:00+00:00,4.039999961853027
1971-12-23 00:00:00+00:00,3.8299999237060547
1971-12-27 00:00:00+00:00,3.7799999713897705
1971-12-28 00:00:00+00:00,3.75
1971-12-29 00:00:00+00:00,3.759999990463257
1971-12-30 00:00:00+00:00,3.700000047683716
1971-12-31 00:00:00+00:00,3.680000066757202
1972-01-03 00:00:00+00:00,3.690000057220459
1972-01-04 00:00:00+00:00,3.7200000286102295
1972-01-05 00:00:00+00:00,3.690000057220459
1972-01-06 00:00:00+00:00,3.549999952316284
1972-01-07 00:00:00+00:00,3.3299999237060547
1972-01-10 00:00:00+00:00,3.0199999809265137
1972-01-11 00:00:00+00:00,3.2200000286102295
1972-01-12 00:00:00+00:00,3.2300000190734863
1972-01-13 00:00:00+00:00,3.200000047683716
1972-01-14 00:00:00+00:00,3.190000057220459
1972-01-17 00:00:00+00:00,3.240000009536743
1972-01-18 00:00:00+00:00,3.259999990463257
1972-01-19 00:00:00+00:00,3.299999952316284
1972-01-20 00:00:00+00:00,3.3499999046325684
1972-01-21 00:00:00+00:00,3.430000066757202
1972-01-24 00:00:00+00:00,3.5199999809265137
1972-01-25 00:00:00+00:00,3.5199999809265137
1972-01-26 00:00:00+00:00,3.4600000381469727
1972-01-27 00:00:00+00:00,3.440000057220459
1972-01-28 00:00:00+00:00,3.359999895095825
1972-01-31 00:00:00+00:00,3.3499999046325684
1972-02-01 00:00:00+00:00,3.430000066757202
1972-02-02 00:00:00+00:00,3.4000000953674316
1972-02-03 00:00:00+00:00,3.369999885559082
1972-02-04 00:00:00+00:00,3.240000009536743
1972-02-07 00:00:00+00:00,3.0999999046325684
1972-02-08 00:00:00+00:00,3.190000057220459
1972-02-09 00:00:00+00:00,3.1600000858306885
1972-02-10 00:00:00+00:00,3.059999942779541
1972-02-11 00:00:00+00:00,2.990000009536743
1972-02-14 00:00:00+00:00,3.0
1972-02-15 00:00:00+00:00,3.059999942779541
1972-02-16 00:00:00+00:00,3.059999942779541
1972-02-17 00:00:00+00:00,3.0399999618530273
1972-02-18 00:00:00+00:00,3.0999999046325684
1972-02-22 00:00:00+00:00,3.1700000762939453
1972-02-23 00:00:00+00:00,3.180000066757202
1972-02-24 00:00:00+00:00,3.200000047683716
1972-02-25 00:00:00+00:00,3.359999895095825
1972-02-28 00:00:00+00:00,3.369999885559082
1972-02-29 00:00:00+00:00,3.4600000381469727
1972-03-01 00:00:00+00:00,3.4700000286102295
1972-03-02 00:00:00+00:00,3.4800000190734863
1972-03-03 00:00:00+00:00,3.490000009536743
1972-03-06 00:00:00+00:00,3.5
1972-03-07 00:00:00+00:00,3.559999942779541
1972-03-08 00:00:00+00:00,3.559999942779541
1972-03-09 00:00:00+00:00,3.5899999141693115
1972-03-10 00:00:00+00:00,3.640000104904175
1972-03-13 00:00:00+00:00,3.75
1972-03-14 00:00:00+00:00,3.890000104904175
1972-03-15 00:00:00+00:00,3.940000057220459
1972-03-16 00:00:00+00:00,3.9000000953674316
1972-03-17 00:00:00+00:00,3.880000114440918
1972-03-20 00:00:00+00:00,3.869999885559082
1972-03-21 00:00:00+00:00,3.869999885559082
1972-03-22 00:00:00+00:00,3.7699999809265137
1972-03-23 00:00:00+00:00,3.7799999713897705
1972-03-24 00:00:00+00:00,3.799999952316284
1972-03-27 00:00:00+00:00,3.7699999809265137
1972-03-28 00:00:00+00:00,3.8399999141693115
1972-03-29 00:00:00+00:00,3.869999885559082
1972-03-30 00:00:00+00:00,3.8299999237060547
1972-04-03 00:00:00+00:00,3.7899999618530273
1972-04-04 00:00:00+00:00,3.8399999141693115
1972-04-05 00:00:00+00:00,3.819999933242798
1972-04-06 00:00:00+00:00,3.799999952316284
1972-04-07 00:00:00+00:00,3.799999952316284
1972-04-10 00:00:00+00:00,3.75
1972-04-11 00:00:00+00:00,3.819999933242798
1972-04-12 00:00:00+00:00,3.819999933242798
1972-04-13 00:00:00+00:00,3.859999895095825
1972-04-14 00:00:00+00:00,3.8399999141693115
1972-04-17 00:00:00+00:00,3.8499999046325684
1972-04-18 00:00:00+00:00,3.680000066757202
1972-04-19 00:00:00+00:00,3.640000104904175
1972-04-20 00:00:00+00:00,3.569999933242798
1972-04-21 00:00:00+00:00,3.4700000286102295
1972-04-24 00:00:00+00:00,3.4600000381469727
1972-04-25 00:00:00+00:00,3.549999952316284
1972-04-26 00:00:00+00:00,3.5799999237060547
1972-04-27 00:00:00+00:00,3.5399999618530273
1972-04-28 00:00:00+00:00,3.630000114440918
1972-05-01 00:00:00+00:00,3.619999885559082
1972-05-02 00:00:00+00:00,3.6500000953674316
1972-05-03 00:00:00+00:00,3.5999999046325684
1972-05-04 00:00:00+00:00,3.5399999618530273
1972-05-05 00:00:00+00:00,3.4200000762939453
1972-05-08 00:00:00+00:00,3.440000057220459
1972-05-09 00:00:00+00:00,3.6500000953674316
1972-05-10 00:00:00+00:00,3.619999885559082
1972-05-11 00:00:00+00:00,3.619999885559082
1972-05-12 00:00:00+00:00,3.5999999046325684
1972-05-15 00:00:00+00:00,3.6500000953674316
1972-05-16 00:00:00+00:00,3.759999990463257
1972-05-17 00:00:00+00:00,3.7799999713897705
1972-05-18 00:00:00+00:00,3.7899999618530273
1972-05-19 00:00:00+00:00,3.799999952316284
1972-05-22 00:00:00+00:00,3.7899999618530273
1972-05-23 00:00:00+00:00,3.8399999141693115
1972-05-24 00:00:00+00:00,3.8399999141693115
1972-05-25 00:00:00+00:00,3.759999990463257
1972-05-26 00:00:00+00:00,3.75
1972-05-30 00:00:00+00:00,3.799999952316284
1972-05-31 00:00:00+00:00,3.809999942779541
1972-06-01 00:00:00+00:00,3.8299999237060547
1972-06-02 00:00:00+00:00,3.859999895095825
1972-06-05 00:00:00+00:00,3.8299999237060547
1972-06-06 00:00:00+00:00,3.890000104904175
1972-06-07 00:00:00+00:00,3.880000114440918
1972-06-08 00:00:00+00:00,3.859999895095825
1972-06-09 00:00:00+00:00,3.859999895095825
1972-06-12 00:00:00+00:00,3.819999933242798
1972-06-13 00:00:00+00:00,3.8399999141693115
1972-06-14 00:00:00+00:00,3.859999895095825
1972-06-15 00:00:00+00:00,3.9000000953674316
1972-06-16 00:00:00+00:00,3.950000047683716
1972-06-19 00:00:00+00:00,3.9200000762939453
1972-06-20 00:00:00+00:00,3.950000047683716
1972-06-21 00:00:00+00:00,3.9700000286102295
1972-06-22 00:00:00+00:00,4.019999980926514
1972-06-23 00:00:00+00:00,4.0
1972-06-26 00:00:00+00:00,3.9800000190734863
1972-06-27 00:00:00+00:00,3.990000009536743
1972-06-28 00:00:00+00:00,3.869999885559082
1972-06-29 00:00:00+00:00,3.9600000381469727
1972-06-30 00:00:00+00:00,4.059999942779541
1972-07-03 00:00:00+00:00,4.139999866485596
1972-07-05 00:00:00+00:00,4.079999923706055
1972-07-06 00:00:00+00:00,4.019999980926514
1972-07-07 00:00:00+00:00,4.019999980926514
1972-07-10 00:00:00+00:00,4.039999961853027
1972-07-11 00:00:00+00:00,4.130000114440918
1972-07-12 00:00:00+00:00,4.070000171661377
1972-07-13 00:00:00+00:00,4.039999961853027
1972-07-14 00:00:00+00:00,3.950000047683716
1972-07-17 00:00:00+00:00,3.9200000762939453
1972-07-18 00:00:00+00:00,3.9700000286102295
1972-07-19 00:00:00+00:00,3.9100000858306885
1972-07-20 00:00:00+00:00,3.9100000858306885
1972-07-21 00:00:00+00:00,3.940000057220459
1972-07-24 00:00:00+00:00,3.9700000286102295
1972-07-25 00:00:00+00:00,4.03000020980835
1972-07-26 00:00:00+00:00,3.9600000381469727
1972-07-27 00:00:00+00:00,3.9100000858306885
1972-07-28 00:00:00+00:00,3.8499999046325684
1972-07-31 00:00:00+00:00,3.799999952316284
1972-08-01 00:00:00+00:00,3.7899999618530273
1972-08-02 00:00:00+00:00,3.7699999809265137
1972-08-03 00:00:00+00:00,3.7899999618530273
1972-08-04 00:00:00+00:00,3.819999933242798
1972-08-07 00:00:00+00:00,3.8499999046325684
1972-08-08 00:00:00+00:00,3.880000114440918
1972-08-09 00:00:00+00:00,3.859999895095825
1972-08-10 00:00:00+00:00,3.859999895095825
1972-08-11 00:00:00+00:00,3.8399999141693115
1972-08-14 00:00:00+00:00,3.869999885559082
1972-08-15 00:00:00+00:00,3.930000066757202
1972-08-16 00:00:00+00:00,3.9100000858306885
1972-08-17 00:00:00+00:00,3.880000114440918
1972-08-18 00:00:00+00:00,3.9200000762939453
1972-08-21 00:00:00+00:00,3.9700000286102295
1972-08-22 00:00:00+00:00,4.119999885559082
1972-08-23 00:00:00+00:00,4.179999828338623
1972-08-24 00:00:00+00:00,4.139999866485596
1972-08-25 00:00:00+00:00,4.230000019073486
1972-08-28 00:00:00+00:00,4.260000228881836
1972-08-29 00:00:00+00:00,4.449999809265137
1972-08-30 00:00:00+00:00,4.550000190734863
1972-08-31 00:00:00+00:00,4.550000190734863
1972-09-01 00:00:00+00:00,4.539999961853027
1972-09-05 00:00:00+00:00,4.679999828338623
1972-09-06 00:00:00+00:00,4.710000038146973
1972-09-07 00:00:00+00:00,4.699999809265137
1972-09-08 00:00:00+00:00,4.730000019073486
1972-09-11 00:00:00+00:00,4.739999771118164
1972-09-12 00:00:00+00:00,4.71999979019165
1972-09-13 00:00:00+00:00,4.710000038146973
1972-09-14 00:00:00+00:00,4.699999809265137
1972-09-15 00:00:00+00:00,4.679999828338623
1972-09-18 00:00:00+00:00,4.650000095367432
1972-09-19 00:00:00+00:00,4.639999866485596
1972-09-20 00:00:00+00:00,4.630000114440918
1972-09-21 00:00:00+00:00,4.659999847412109
1972-09-22 00:00:00+00:00,4.699999809265137
1972-09-25 00:00:00+00:00,4.670000076293945
1972-09-26 00:00:00+00:00,4.630000114440918
1972-09-27 00:00:00+00:00,4.610000133514404
1972-09-28 00:00:00+00:00,4.559999942779541
1972-09-29 00:00:00+00:00,4.550000190734863
1972-10-02 00:00:00+00:00,4.510000228881836
1972-10-03 00:00:00+00:00,4.670000076293945
1972-10-04 00:00:00+00:00,4.690000057220459
1972-10-05 00:00:00+00:00,4.730000019073486
1972-10-06 00:00:00+00:00,4.710000038146973
1972-10-10 00:00:00+00:00,4.739999771118164
1972-10-11 00:00:00+00:00,4.760000228881836
1972-10-12 00:00:00+00:00,4.809999942779541
1972-10-13 00:00:00+00:00,4.840000152587891
1972-10-16 00:00:00+00:00,4.800000190734863
1972-10-17 00:00:00+00:00,4.820000171661377
1972-10-18 00:00:00+00:00,4.789999961853027
1972-10-19 00:00:00+00:00,4.75
1972-10-20 00:00:00+00:00,4.739999771118164
1972-10-24 00:00:00+00:00,4.739999771118164
1972-10-25 00:00:00+00:00,4.739999771118164
1972-10-26 00:00:00+00:00,4.71999979019165
1972-10-27 00:00:00+00:00,4.71999979019165
1972-10-30 00:00:00+00:00,4.739999771118164
1972-10-31 00:00:00+00:00,4.760000228881836
1972-11-01 00:00:00+00:00,4.75
1972-11-02 00:00:00+00:00,4.71999979019165
1972-11-03 00:00:00+00:00,4.710000038146973
1972-11-06 00:00:00+00:00,4.659999847412109
1972-11-08 00:00:00+00:00,4.75
1972-11-09 00:00:00+00:00,4.71999979019165
1972-11-10 00:00:00+00:00,4.71999979019165
1972-11-13 00:00:00+00:00,4.739999771118164
1972-11-14 00:00:00+00:00,4.78000020980835
1972-11-15 00:00:00+00:00,4.739999771118164
1972-11-16 00:00:00+00:00,4.760000228881836
1972-11-17 00:00:00+00:00,4.760000228881836
1972-11-20 00:00:00+00:00,4.760000228881836
1972-11-21 00:00:00+00:00,4.820000171661377
1972-11-22 00:00:00+00:00,4.840000152587891
1972-11-24 00:00:00+00:00,4.849999904632568
1972-11-27 00:00:00+00:00,4.880000114440918
1972-11-28 00:00:00+00:00,4.880000114440918
1972-11-29 00:00:00+00:00,4.869999885559082
1972-11-30 00:00:00+00:00,4.880000114440918
1972-12-01 00:00:00+00:00,4.900000095367432
1972-12-04 00:00:00+00:00,4.920000076293945
1972-12-05 00:00:00+00:00,5.0
1972-12-06 00:00:00+00:00,5.0
1972-12-07 00:00:00+00:00,5.03000020980835
1972-12-08 00:00:00+00:00,5.059999942779541
1972-12-11 00:00:00+00:00,5.099999904632568
1972-12-12 00:00:00+00:00,5.050000190734863
1972-12-13 00:00:00+00:00,5.0
1972-12-14 00:00:00+00:00,5.019999980926514
1972-12-15 00:00:00+00:00,5.070000171661377
1972-12-18 00:00:00+00:00,5.170000076293945
1972-12-19 00:00:00+00:00,5.190000057220459
1972-12-20 00:00:00+00:00,5.150000095367432
1972-12-21 00:00:00+00:00,5.119999885559082
1972-12-22 00:00:00+00:00,5.119999885559082
1972-12-26 00:00:00+00:00,5.150000095367432
1972-12-27 00:00:00+00:00,5.110000133514404
1972-12-29 00:00:00+00:00,5.139999866485596
1973-01-02 00:00:00+00:00,5.21999979019165
1973-01-03 00:00:00+00:00,5.159999847412109
1973-01-04 00:00:00+00:00,5.119999885559082
1973-01-05 00:00:00+00:00,5.130000114440918
1973-01-08 00:00:00+00:00,5.130000114440918
1973-01-09 00:00:00+00:00,5.170000076293945
1973-01-10 00:00:00+00:00,5.190000057220459
1973-01-11 00:00:00+00:00,5.230000019073486
1973-01-12 00:00:00+00:00,5.239999771118164
1973-01-15 00:00:00+00:00,5.269999980926514
1973-01-16 00:00:00+00:00,5.360000133514404
1973-01-17 00:00:00+00:00,5.360000133514404
1973-01-18 00:00:00+00:00,5.460000038146973
1973-01-19 00:00:00+00:00,5.559999942779541
1973-01-22 00:00:00+00:00,5.590000152587891
1973-01-23 00:00:00+00:00,5.610000133514404
1973-01-24 00:00:00+00:00,5.670000076293945
1973-01-26 00:00:00+00:00,5.739999771118164
1973-01-29 00:00:00+00:00,5.659999847412109
1973-01-30 00:00:00+00:00,5.690000057220459
1973-01-31 00:00:00+00:00,5.679999828338623
1973-02-01 00:00:00+00:00,5.760000228881836
1973-02-02 00:00:00+00:00,5.730000019073486
1973-02-05 00:00:00+00:00,5.690000057220459
1973-02-06 00:00:00+00:00,5.650000095367432
1973-02-07 00:00:00+00:00,5.570000171661377
1973-02-08 00:00:00+00:00,5.440000057220459
1973-02-09 00:00:00+00:00,5.440000057220459
1973-02-13 00:00:00+00:00,5.5
1973-02-14 00:00:00+00:00,5.429999828338623
1973-02-15 00:00:00+00:00,5.369999885559082
1973-02-16 00:00:00+00:00,5.400000095367432
1973-02-20 00:00:00+00:00,5.570000171661377
1973-02-21 00:00:00+00:00,5.619999885559082
1973-02-22 00:00:00+00:00,5.559999942779541
1973-02-23 00:00:00+00:00,5.550000190734863
1973-02-26 00:00:00+00:00,5.760000228881836
1973-02-27 00:00:00+00:00,5.900000095367432
1973-02-28 00:00:00+00:00,5.849999904632568
1973-03-01 00:00:00+00:00,5.789999961853027
1973-03-02 00:00:00+00:00,5.75
1973-03-05 00:00:00+00:00,5.789999961853027
1973-03-06 00:00:00+00:00,5.940000057220459
1973-03-07 00:00:00+00:00,5.869999885559082
1973-03-08 00:00:00+00:00,5.829999923706055
1973-03-09 00:00:00+00:00,5.840000152587891
1973-03-12 00:00:00+00:00,5.880000114440918
1973-03-13 00:00:00+00:00,6.0
1973-03-14 00:00:00+00:00,6.059999942779541
1973-03-15 00:00:00+00:00,6.110000133514404
1973-03-16 00:00:00+00:00,6.210000038146973
1973-03-19 00:00:00+00:00,6.21999979019165
1973-03-20 00:00:00+00:00,6.340000152587891
1973-03-21 00:00:00+00:00,6.349999904632568
1973-03-22 00:00:00+00:00,6.309999942779541
1973-03-23 00:00:00+00:00,6.309999942779541
1973-03-26 00:00:00+00:00,6.230000019073486
1973-03-27 00:00:00+00:00,6.260000228881836
1973-03-28 00:00:00+00:00,6.28000020980835
1973-03-29 00:00:00+00:00,6.289999961853027
1973-03-30 00:00:00+00:00,6.400000095367432
1973-04-02 00:00:00+00:00,6.460000038146973
1973-04-03 00:00:00+00:00,6.550000190734863
1973-04-04 00:00:00+00:00,6.510000228881836
1973-04-05 00:00:00+00:00,6.480000019073486
1973-04-06 00:00:00+00:00,6.25
1973-04-09 00:00:00+00:00,6.159999847412109
1973-04-10 00:00:00+00:00,6.210000038146973
1973-04-11 00:00:00+00:00,6.21999979019165
1973-04-12 00:00:00+00:00,6.199999809265137
1973-04-13 00:00:00+00:00,6.210000038146973
1973-04-16 00:00:00+00:00,6.190000057220459
1973-04-17 00:00:00+00:00,6.190000057220459
1973-04-18 00:00:00+00:00,6.110000133514404
1973-04-19 00:00:00+00:00,6.130000114440918
1973-04-23 00:00:00+00:00,6.190000057220459
1973-04-24 00:00:00+00:00,6.28000020980835
1973-04-25 00:00:00+00:00,6.28000020980835
1973-04-26 00:00:00+00:00,6.199999809265137
1973-04-27 00:00:00+00:00,6.210000038146973
1973-04-30 00:00:00+00:00,6.230000019073486
1973-05-01 00:00:00+00:00,6.289999961853027
1973-05-02 00:00:00+00:00,6.260000228881836
1973-05-03 00:00:00+00:00,6.210000038146973
1973-05-04 00:00:00+00:00,6.190000057220459
1973-05-07 00:00:00+00:00,6.130000114440918
1973-05-08 00:00:00+00:00,6.019999980926514
1973-05-09 00:00:00+00:00,5.96999979019165
1973-05-10 00:00:00+00:00,6.0
1973-05-11 00:00:00+00:00,6.230000019073486
1973-05-14 00:00:00+00:00,6.170000076293945
1973-05-15 00:00:00+00:00,6.170000076293945
1973-05-16 00:00:00+00:00,6.190000057220459
1973-05-17 00:00:00+00:00,6.28000020980835
1973-05-18 00:00:00+00:00,6.300000190734863
1973-05-21 00:00:00+00:00,6.380000114440918
1973-05-22 00:00:00+00:00,6.599999904632568
1973-05-23 00:00:00+00:00,6.630000114440918
1973-05-24 00:00:00+00:00,6.550000190734863
1973-05-25 00:00:00+00:00,6.639999866485596
1973-05-29 00:00:00+00:00,6.840000152587891
1973-05-30 00:00:00+00:00,6.909999847412109
1973-05-31 00:00:00+00:00,6.920000076293945
1973-06-01 00:00:00+00:00,6.96999979019165
1973-06-04 00:00:00+00:00,7.070000171661377
1973-06-05 00:00:00+00:00,7.130000114440918
1973-06-06 00:00:00+00:00,7.059999942779541
1973-06-07 00:00:00+00:00,7.079999923706055
1973-06-08 00:00:00+00:00,7.0
1973-06-11 00:00:00+00:00,7.079999923706055
1973-06-12 00:00:00+00:00,7.139999866485596
1973-06-13 00:00:00+00:00,7.159999847412109
1973-06-14 00:00:00+00:00,7.170000076293945
1973-06-15 00:00:00+00:00,7.179999828338623
1973-06-18 00:00:00+00:00,7.199999809265137
1973-06-19 00:00:00+00:00,7.269999980926514
1973-06-20 00:00:00+00:00,7.289999961853027
1973-06-21 00:00:00+00:00,7.239999771118164
1973-06-22 00:00:00+00:00,7.239999771118164
1973-06-25 00:00:00+00:00,7.199999809265137
1973-06-26 00:00:00+00:00,7.260000228881836
1973-06-27 00:00:00+00:00,7.28000020980835
1973-06-28 00:00:00+00:00,7.349999904632568
1973-06-29 00:00:00+00:00,7.519999980926514
1973-07-02 00:00:00+00:00,7.900000095367432
1973-07-03 00:00:00+00:00,7.980000019073486
1973-07-05 00:00:00+00:00,7.949999809265137
1973-07-06 00:00:00+00:00,7.920000076293945
1973-07-09 00:00:00+00:00,7.920000076293945
1973-07-10 00:00:00+00:00,7.889999866485596
1973-07-11 00:00:00+00:00,7.679999828338623
1973-07-12 00:00:00+00:00,7.630000114440918
1973-07-13 00:00:00+00:00,7.78000020980835
1973-07-16 00:00:00+00:00,7.849999904632568
1973-07-17 00:00:00+00:00,7.960000038146973
1973-07-18 00:00:00+00:00,8.029999732971191
1973-07-19 00:00:00+00:00,8.130000114440918
1973-07-20 00:00:00+00:00,8.170000076293945
1973-07-23 00:00:00+00:00,8.029999732971191
1973-07-24 00:00:00+00:00,8.180000305175781
1973-07-25 00:00:00+00:00,8.170000076293945
1973-07-26 00:00:00+00:00,8.229999542236328
1973-07-27 00:00:00+00:00,8.25
1973-07-30 00:00:00+00:00,8.229999542236328
1973-07-31 00:00:00+00:00,8.319999694824219
1973-08-01 00:00:00+00:00,8.380000114440918
1973-08-02 00:00:00+00:00,8.279999732971191
1973-08-03 00:00:00+00:00,8.270000457763672
1973-08-06 00:00:00+00:00,8.319999694824219
1973-08-07 00:00:00+00:00,8.75
1973-08-08 00:00:00+00:00,8.770000457763672
1973-08-09 00:00:00+00:00,8.8100004196167
1973-08-10 00:00:00+00:00,8.84000015258789
1973-08-13 00:00:00+00:00,8.819999694824219
1973-08-14 00:00:00+00:00,9.050000190734863
1973-08-15 00:00:00+00:00,8.949999809265137
1973-08-16 00:00:00+00:00,8.859999656677246
1973-08-17 00:00:00+00:00,8.720000267028809
1973-08-20 00:00:00+00:00,8.789999961853027
1973-08-21 00:00:00+00:00,8.920000076293945
1973-08-22 00:00:00+00:00,8.779999732971191
1973-08-23 00:00:00+00:00,8.619999885559082
1973-08-24 00:00:00+00:00,8.460000038146973
1973-08-27 00:00:00+00:00,8.529999732971191
1973-08-28 00:00:00+00:00,8.720000267028809
1973-08-29 00:00:00+00:00,8.619999885559082
1973-08-30 00:00:00+00:00,8.569999694824219
1973-08-31 00:00:00+00:00,8.65999984741211
1973-09-04 00:00:00+00:00,8.779999732971191
1973-09-05 00:00:00+00:00,8.760000228881836
1973-09-06 00:00:00+00:00,8.84000015258789
1973-09-07 00:00:00+00:00,8.800000190734863
1973-09-10 00:00:00+00:00,9.029999732971191
1973-09-11 00:00:00+00:00,9.039999961853027
1973-09-12 00:00:00+00:00,9.020000457763672
1973-09-13 00:00:00+00:00,8.859999656677246
1973-09-14 00:00:00+00:00,8.75
1973-09-17 00:00:00+00:00,8.699999809265137
1973-09-18 00:00:00+00:00,8.680000305175781
1973-09-19 00:00:00+00:00,8.550000190734863
1973-09-20 00:00:00+00:00,8.279999732971191
1973-09-21 00:00:00+00:00,7.690000057220459
1973-09-24 00:00:00+00:00,7.380000114440918
1973-09-25 00:00:00+00:00,7.199999809265137
1973-09-26 00:00:00+00:00,7.119999885559082
1973-09-27 00:00:00+00:00,6.960000038146973
1973-09-28 00:00:00+00:00,6.980000019073486
1973-10-01 00:00:00+00:00,7.059999942779541
1973-10-02 00:00:00+00:00,7.639999866485596
1973-10-03 00:00:00+00:00,7.480000019073486
1973-10-04 00:00:00+00:00,7.579999923706055
1973-10-05 00:00:00+00:00,7.360000133514404
1973-10-09 00:00:00+00:00,7.130000114440918
1973-10-10 00:00:00+00:00,7.139999866485596
1973-10-11 00:00:00+00:00,7.150000095367432
1973-10-12 00:00:00+00:00,7.139999866485596
1973-10-15 00:00:00+00:00,7.190000057220459
1973-10-16 00:00:00+00:00,7.28000020980835
1973-10-17 00:00:00+00:00,7.190000057220459
1973-10-18 00:00:00+00:00,7.130000114440918
1973-10-19 00:00:00+00:00,7.03000020980835
1973-10-23 00:00:00+00:00,7.039999961853027
1973-10-24 00:00:00+00:00,7.019999980926514
1973-10-25 00:00:00+00:00,7.050000190734863
1973-10-26 00:00:00+00:00,7.179999828338623
1973-10-29 00:00:00+00:00,7.199999809265137
1973-10-30 00:00:00+00:00,7.21999979019165
1973-10-31 00:00:00+00:00,7.360000133514404
1973-11-01 00:00:00+00:00,7.480000019073486
1973-11-02 00:00:00+00:00,7.659999847412109
1973-11-05 00:00:00+00:00,8.0
1973-11-07 00:00:00+00:00,8.199999809265137
1973-11-08 00:00:00+00:00,8.119999885559082
1973-11-09 00:00:00+00:00,8.140000343322754
1973-11-12 00:00:00+00:00,8.510000228881836
1973-11-13 00:00:00+00:00,8.619999885559082
1973-11-14 00:00:00+00:00,8.300000190734863
1973-11-15 00:00:00+00:00,7.53000020980835
1973-11-16 00:00:00+00:00,7.610000133514404
1973-11-19 00:00:00+00:00,7.5
1973-11-20 00:00:00+00:00,7.769999980926514
1973-11-21 00:00:00+00:00,7.78000020980835
1973-11-23 00:00:00+00:00,7.820000171661377
1973-11-26 00:00:00+00:00,7.760000228881836
1973-11-27 00:00:00+00:00,7.579999923706055
1973-11-28 00:00:00+00:00,7.519999980926514
1973-11-29 00:00:00+00:00,7.449999809265137
1973-11-30 00:00:00+00:00,7.300000190734863
1973-12-03 00:00:00+00:00,7.119999885559082
1973-12-04 00:00:00+00:00,7.25
1973-12-05 00:00:00+00:00,7.679999828338623
1973-12-06 00:00:00+00:00,7.639999866485596
1973-12-07 00:00:00+00:00,7.650000095367432
1973-12-10 00:00:00+00:00,7.440000057220459
1973-12-11 00:00:00+00:00,7.519999980926514
1973-12-12 00:00:00+00:00,7.480000019073486
1973-12-13 00:00:00+00:00,7.579999923706055
1973-12-14 00:00:00+00:00,7.53000020980835
1973-12-17 00:00:00+00:00,7.46999979019165
1973-12-18 00:00:00+00:00,7.340000152587891
1973-12-19 00:00:00+00:00,7.300000190734863
1973-12-20 00:00:00+00:00,7.309999942779541
1973-12-21 00:00:00+00:00,7.329999923706055
1973-12-26 00:00:00+00:00,7.570000171661377
1973-12-27 00:00:00+00:00,7.46999979019165
1973-12-28 00:00:00+00:00,7.46999979019165
1973-12-31 00:00:00+00:00,7.460000038146973
1974-01-02 00:00:00+00:00,7.519999980926514
1974-01-03 00:00:00+00:00,7.46999979019165
1974-01-04 00:00:00+00:00,7.489999771118164
1974-01-07 00:00:00+00:00,7.599999904632568
1974-01-08 00:00:00+00:00,7.639999866485596
1974-01-09 00:00:00+00:00,7.670000076293945
1974-01-10 00:00:00+00:00,7.829999923706055
1974-01-11 00:00:00+00:00,7.869999885559082
1974-01-14 00:00:00+00:00,7.960000038146973
1974-01-15 00:00:00+00:00,7.889999866485596
1974-01-16 00:00:00+00:00,7.900000095367432
1974-01-17 00:00:00+00:00,7.860000133514404
1974-01-18 00:00:00+00:00,7.860000133514404
1974-01-21 00:00:00+00:00,7.96999979019165
1974-01-22 00:00:00+00:00,7.960000038146973
1974-01-23 00:00:00+00:00,8.010000228881836
1974-01-24 00:00:00+00:00,8.010000228881836
1974-01-25 00:00:00+00:00,7.980000019073486
1974-01-28 00:00:00+00:00,7.840000152587891
1974-01-29 00:00:00+00:00,7.619999885559082
1974-01-30 00:00:00+00:00,7.510000228881836
1974-01-31 00:00:00+00:00,7.480000019073486
1974-02-01 00:00:00+00:00,7.309999942779541
1974-02-04 00:00:00+00:00,7.130000114440918
1974-02-05 00:00:00+00:00,6.929999828338623
1974-02-06 00:00:00+00:00,6.929999828338623
1974-02-07 00:00:00+00:00,7.110000133514404
1974-02-08 00:00:00+00:00,7.039999961853027
1974-02-11 00:00:00+00:00,7.119999885559082
1974-02-13 00:00:00+00:00,7.039999961853027
1974-02-14 00:00:00+00:00,7.03000020980835
1974-02-15 00:00:00+00:00,7.059999942779541
1974-02-19 00:00:00+00:00,7.03000020980835
1974-02-20 00:00:00+00:00,7.039999961853027
1974-02-21 00:00:00+00:00,7.090000152587891
1974-02-22 00:00:00+00:00,7.099999904632568
1974-02-25 00:00:00+00:00,7.150000095367432
1974-02-26 00:00:00+00:00,7.300000190734863
1974-02-27 00:00:00+00:00,7.349999904632568
1974-02-28 00:00:00+00:00,7.460000038146973
1974-03-01 00:00:00+00:00,7.539999961853027
1974-03-04 00:00:00+00:00,7.559999942779541
1974-03-05 00:00:00+00:00,7.730000019073486
1974-03-06 00:00:00+00:00,7.710000038146973
1974-03-07 00:00:00+00:00,7.699999809265137
1974-03-08 00:00:00+00:00,7.840000152587891
1974-03-11 00:00:00+00:00,7.869999885559082
1974-03-12 00:00:00+00:00,7.829999923706055
1974-03-13 00:00:00+00:00,7.829999923706055
1974-03-14 00:00:00+00:00,7.71999979019165
1974-03-15 00:00:00+00:00,7.840000152587891
1974-03-18 00:00:00+00:00,7.949999809265137
1974-03-19 00:00:00+00:00,8.0600004196167
1974-03-20 00:00:00+00:00,8.100000381469727
1974-03-21 00:00:00+00:00,8.109999656677246
1974-03-22 00:00:00+00:00,8.069999694824219
1974-03-25 00:00:00+00:00,8.119999885559082
1974-03-26 00:00:00+00:00,8.329999923706055
1974-03-27 00:00:00+00:00,8.449999809265137
1974-03-28 00:00:00+00:00,8.550000190734863
1974-03-29 00:00:00+00:00,8.279999732971191
1974-04-01 00:00:00+00:00,8.3100004196167
1974-04-02 00:00:00+00:00,8.4399995803833
1974-04-03 00:00:00+00:00,8.489999771118164
1974-04-04 00:00:00+00:00,8.649999618530273
1974-04-05 00:00:00+00:00,8.649999618530273
1974-04-08 00:00:00+00:00,8.5600004196167
1974-04-09 00:00:00+00:00,8.619999885559082
1974-04-10 00:00:00+00:00,8.520000457763672
1974-04-11 00:00:00+00:00,8.239999771118164
1974-04-15 00:00:00+00:00,7.949999809265137
1974-04-16 00:00:00+00:00,8.180000305175781
1974-04-17 00:00:00+00:00,8.15999984741211
1974-04-18 00:00:00+00:00,8.149999618530273
1974-04-19 00:00:00+00:00,7.809999942779541
1974-04-22 00:00:00+00:00,7.760000228881836
1974-04-23 00:00:00+00:00,8.050000190734863
1974-04-24 00:00:00+00:00,8.020000457763672
1974-04-25 00:00:00+00:00,8.210000038146973
1974-04-26 00:00:00+00:00,8.479999542236328
1974-04-29 00:00:00+00:00,8.880000114440918
1974-04-30 00:00:00+00:00,8.899999618530273
1974-05-01 00:00:00+00:00,8.770000457763672
1974-05-02 00:00:00+00:00,8.699999809265137
1974-05-03 00:00:00+00:00,8.819999694824219
1974-05-06 00:00:00+00:00,8.819999694824219
1974-05-07 00:00:00+00:00,8.859999656677246
1974-05-08 00:00:00+00:00,8.699999809265137
1974-05-09 00:00:00+00:00,8.489999771118164
1974-05-10 00:00:00+00:00,8.149999618530273
1974-05-13 00:00:00+00:00,8.029999732971191
1974-05-14 00:00:00+00:00,8.130000114440918
1974-05-15 00:00:00+00:00,7.960000038146973
1974-05-16 00:00:00+00:00,7.940000057220459
1974-05-17 00:00:00+00:00,7.929999828338623
1974-05-20 00:00:00+00:00,7.940000057220459
1974-05-21 00:00:00+00:00,8.210000038146973
1974-05-22 00:00:00+00:00,8.140000343322754
1974-05-23 00:00:00+00:00,7.539999961853027
1974-05-24 00:00:00+00:00,7.679999828338623
1974-05-28 00:00:00+00:00,8.020000457763672
1974-05-29 00:00:00+00:00,8.130000114440918
1974-05-30 00:00:00+00:00,7.929999828338623
1974-05-31 00:00:00+00:00,8.079999923706055
1974-06-03 00:00:00+00:00,8.09000015258789
1974-06-04 00:00:00+00:00,8.109999656677246
1974-06-05 00:00:00+00:00,7.949999809265137
1974-06-06 00:00:00+00:00,7.929999828338623
1974-06-07 00:00:00+00:00,8.149999618530273
1974-06-10 00:00:00+00:00,8.140000343322754
1974-06-11 00:00:00+00:00,8.130000114440918
1974-06-12 00:00:00+00:00,8.199999809265137
1974-06-13 00:00:00+00:00,8.359999656677246
1974-06-14 00:00:00+00:00,8.3100004196167
1974-06-17 00:00:00+00:00,8.170000076293945
1974-06-18 00:00:00+00:00,8.130000114440918
1974-06-19 00:00:00+00:00,7.989999771118164
1974-06-20 00:00:00+00:00,7.820000171661377
1974-06-21 00:00:00+00:00,7.300000190734863
1974-06-24 00:00:00+00:00,7.460000038146973
1974-06-25 00:00:00+00:00,7.630000114440918
1974-06-26 00:00:00+00:00,7.300000190734863
1974-06-27 00:00:00+00:00,7.53000020980835
1974-06-28 00:00:00+00:00,7.340000152587891
1974-07-01 00:00:00+00:00,7.28000020980835
1974-07-02 00:00:00+00:00,7.340000152587891
1974-07-03 00:00:00+00:00,7.75
1974-07-05 00:00:00+00:00,7.739999771118164
1974-07-08 00:00:00+00:00,7.619999885559082
1974-07-09 00:00:00+00:00,7.559999942779541
1974-07-10 00:00:00+00:00,7.389999866485596
1974-07-11 00:00:00+00:00,7.320000171661377
1974-07-12 00:00:00+00:00,7.360000133514404
1974-07-15 00:00:00+00:00,7.619999885559082
1974-07-16 00:00:00+00:00,7.53000020980835
1974-07-17 00:00:00+00:00,7.71999979019165
1974-07-18 00:00:00+00:00,7.920000076293945
1974-07-19 00:00:00+00:00,7.820000171661377
1974-07-22 00:00:00+00:00,7.559999942779541
1974-07-23 00:00:00+00:00,7.449999809265137
1974-07-24 00:00:00+00:00,7.420000076293945
1974-07-25 00:00:00+00:00,7.300000190734863
1974-07-26 00:00:00+00:00,7.400000095367432
1974-07-29 00:00:00+00:00,7.420000076293945
1974-07-30 00:00:00+00:00,7.840000152587891
1974-07-31 00:00:00+00:00,7.670000076293945
1974-08-01 00:00:00+00:00,7.940000057220459
1974-08-02 00:00:00+00:00,8.329999923706055
1974-08-05 00:00:00+00:00,8.329999923706055
1974-08-06 00:00:00+00:00,8.649999618530273
1974-08-07 00:00:00+00:00,8.84000015258789
1974-08-08 00:00:00+00:00,9.020000457763672
1974-08-09 00:00:00+00:00,8.930000305175781
1974-08-12 00:00:00+00:00,8.75
1974-08-13 00:00:00+00:00,8.729999542236328
1974-08-14 00:00:00+00:00,8.760000228881836
1974-08-15 00:00:00+00:00,8.760000228881836
1974-08-16 00:00:00+00:00,8.739999771118164
1974-08-19 00:00:00+00:00,8.84000015258789
1974-08-20 00:00:00+00:00,9.050000190734863
1974-08-21 00:00:00+00:00,9.3100004196167
1974-08-22 00:00:00+00:00,9.489999771118164
1974-08-23 00:00:00+00:00,9.739999771118164
1974-08-26 00:00:00+00:00,9.609999656677246
1974-08-27 00:00:00+00:00,9.720000267028809
1974-08-28 00:00:00+00:00,9.59000015258789
1974-08-29 00:00:00+00:00,9.020000457763672
1974-08-30 00:00:00+00:00,8.930000305175781
1974-09-03 00:00:00+00:00,9.40999984741211
1974-09-04 00:00:00+00:00,9.359999656677246
1974-09-05 00:00:00+00:00,9.329999923706055
1974-09-06 00:00:00+00:00,9.260000228881836
1974-09-09 00:00:00+00:00,9.149999618530273
1974-09-10 00:00:00+00:00,9.069999694824219
1974-09-11 00:00:00+00:00,9.0600004196167
1974-09-12 00:00:00+00:00,9.25
1974-09-13 00:00:00+00:00,8.960000038146973
1974-09-16 00:00:00+00:00,8.109999656677246
1974-09-17 00:00:00+00:00,8.09000015258789
1974-09-18 00:00:00+00:00,7.829999923706055
1974-09-19 00:00:00+00:00,7.119999885559082
1974-09-20 00:00:00+00:00,7.070000171661377
1974-09-23 00:00:00+00:00,6.929999828338623
1974-09-24 00:00:00+00:00,6.989999771118164
1974-09-25 00:00:00+00:00,7.070000171661377
1974-09-26 00:00:00+00:00,6.889999866485596
1974-09-27 00:00:00+00:00,6.170000076293945
1974-09-30 00:00:00+00:00,6.119999885559082
1974-10-01 00:00:00+00:00,6.690000057220459
1974-10-02 00:00:00+00:00,6.789999961853027
1974-10-03 00:00:00+00:00,7.059999942779541
1974-10-04 00:00:00+00:00,6.519999980926514
1974-10-07 00:00:00+00:00,6.519999980926514
1974-10-08 00:00:00+00:00,6.909999847412109
1974-10-09 00:00:00+00:00,7.340000152587891
1974-10-10 00:00:00+00:00,7.800000190734863
1974-10-11 00:00:00+00:00,7.630000114440918
1974-10-15 00:00:00+00:00,7.739999771118164
1974-10-16 00:00:00+00:00,7.71999979019165
1974-10-17 00:00:00+00:00,7.820000171661377
1974-10-18 00:00:00+00:00,7.630000114440918
1974-10-21 00:00:00+00:00,7.590000152587891
1974-10-22 00:00:00+00:00,7.429999828338623
1974-10-23 00:00:00+00:00,7.550000190734863
1974-10-24 00:00:00+00:00,7.630000114440918
1974-10-25 00:00:00+00:00,7.820000171661377
1974-10-28 00:00:00+00:00,8.140000343322754
1974-10-29 00:00:00+00:00,8.029999732971191
1974-10-30 00:00:00+00:00,7.980000019073486
1974-10-31 00:00:00+00:00,7.800000190734863
1974-11-01 00:00:00+00:00,7.78000020980835
1974-11-04 00:00:00+00:00,7.820000171661377
1974-11-06 00:00:00+00:00,7.619999885559082
1974-11-07 00:00:00+00:00,7.619999885559082
1974-11-08 00:00:00+00:00,7.579999923706055
1974-11-12 00:00:00+00:00,7.349999904632568
1974-11-13 00:00:00+00:00,7.179999828338623
1974-11-14 00:00:00+00:00,7.170000076293945
1974-11-15 00:00:00+00:00,7.320000171661377
1974-11-18 00:00:00+00:00,7.519999980926514
1974-11-19 00:00:00+00:00,7.460000038146973
1974-11-20 00:00:00+00:00,7.409999847412109
1974-11-21 00:00:00+00:00,7.510000228881836
1974-11-22 00:00:00+00:00,7.400000095367432
1974-11-25 00:00:00+00:00,7.309999942779541
1974-11-26 00:00:00+00:00,7.420000076293945
1974-11-27 00:00:00+00:00,7.599999904632568
1974-11-29 00:00:00+00:00,7.46999979019165
1974-12-02 00:00:00+00:00,7.309999942779541
1974-12-03 00:00:00+00:00,7.53000020980835
1974-12-04 00:00:00+00:00,7.46999979019165
1974-12-05 00:00:00+00:00,7.480000019073486
1974-12-06 00:00:00+00:00,7.420000076293945
1974-12-09 00:00:00+00:00,7.239999771118164
1974-12-10 00:00:00+00:00,7.150000095367432
1974-12-11 00:00:00+00:00,7.119999885559082
1974-12-12 00:00:00+00:00,7.380000114440918
1974-12-13 00:00:00+00:00,7.309999942779541
1974-12-16 00:00:00+00:00,7.139999866485596
1974-12-17 00:00:00+00:00,6.769999980926514
1974-12-18 00:00:00+00:00,6.809999942779541
1974-12-19 00:00:00+00:00,6.889999866485596
1974-12-20 00:00:00+00:00,6.96999979019165
1974-12-23 00:00:00+00:00,7.130000114440918
1974-12-24 00:00:00+00:00,6.980000019073486
1974-12-26 00:00:00+00:00,6.949999809265137
1974-12-27 00:00:00+00:00,6.960000038146973
1974-12-30 00:00:00+00:00,7.110000133514404
1974-12-31 00:00:00+00:00,7.059999942779541
1975-01-02 00:00:00+00:00,6.900000095367432
1975-01-03 00:00:00+00:00,6.760000228881836
1975-01-06 00:00:00+00:00,6.699999809265137
1975-01-07 00:00:00+00:00,6.510000228881836
1975-01-08 00:00:00+00:00,6.539999961853027
1975-01-09 00:00:00+00:00,6.550000190734863
1975-01-10 00:00:00+00:00,6.639999866485596
1975-01-13 00:00:00+00:00,6.739999771118164
1975-01-14 00:00:00+00:00,6.550000190734863
1975-01-15 00:00:00+00:00,6.650000095367432
1975-01-16 00:00:00+00:00,6.489999771118164
1975-01-17 00:00:00+00:00,6.289999961853027
1975-01-20 00:00:00+00:00,6.420000076293945
1975-01-21 00:00:00+00:00,6.239999771118164
1975-01-22 00:00:00+00:00,6.170000076293945
1975-01-23 00:00:00+00:00,5.590000152587891
1975-01-24 00:00:00+00:00,5.489999771118164
1975-01-27 00:00:00+00:00,5.570000171661377
1975-01-28 00:00:00+00:00,5.659999847412109
1975-01-29 00:00:00+00:00,5.769999980926514
1975-01-30 00:00:00+00:00,5.730000019073486
1975-01-31 00:00:00+00:00,5.679999828338623
1975-02-03 00:00:00+00:00,5.659999847412109
1975-02-04 00:00:00+00:00,5.599999904632568
1975-02-05 00:00:00+00:00,5.449999809265137
1975-02-06 00:00:00+00:00,5.599999904632568
1975-02-07 00:00:00+00:00,5.739999771118164
1975-02-10 00:00:00+00:00,5.829999923706055
1975-02-11 00:00:00+00:00,5.699999809265137
1975-02-13 00:00:00+00:00,5.619999885559082
1975-02-14 00:00:00+00:00,5.449999809265137
1975-02-18 00:00:00+00:00,5.320000171661377
1975-02-19 00:00:00+00:00,5.300000190734863
1975-02-20 00:00:00+00:00,5.230000019073486
1975-02-21 00:00:00+00:00,5.159999847412109
1975-02-24 00:00:00+00:00,5.320000171661377
1975-02-25 00:00:00+00:00,5.440000057220459
1975-02-26 00:00:00+00:00,5.619999885559082
1975-02-27 00:00:00+00:00,5.559999942779541
1975-02-28 00:00:00+00:00,5.400000095367432
1975-03-03 00:00:00+00:00,5.590000152587891
1975-03-04 00:00:00+00:00,5.619999885559082
1975-03-05 00:00:00+00:00,5.53000020980835
1975-03-06 00:00:00+00:00,5.53000020980835
1975-03-07 00:00:00+00:00,5.579999923706055
1975-03-10 00:00:00+00:00,5.639999866485596
1975-03-11 00:00:00+00:00,5.480000019073486
1975-03-12 00:00:00+00:00,5.409999847412109
1975-03-13 00:00:00+00:00,5.400000095367432
1975-03-14 00:00:00+00:00,5.380000114440918
1975-03-17 00:00:00+00:00,5.409999847412109
1975-03-18 00:00:00+00:00,5.420000076293945
1975-03-19 00:00:00+00:00,5.489999771118164
1975-03-20 00:00:00+00:00,5.349999904632568
1975-03-21 00:00:00+00:00,5.400000095367432
1975-03-24 00:00:00+00:00,5.550000190734863
1975-03-25 00:00:00+00:00,5.539999961853027
1975-03-26 00:00:00+00:00,5.519999980926514
1975-03-27 00:00:00+00:00,5.489999771118164
1975-03-31 00:00:00+00:00,5.53000020980835
1975-04-01 00:00:00+00:00,5.639999866485596
1975-04-02 00:00:00+00:00,5.639999866485596
1975-04-03 00:00:00+00:00,5.599999904632568
1975-04-04 00:00:00+00:00,5.679999828338623
1975-04-07 00:00:00+00:00,6.010000228881836
1975-04-08 00:00:00+00:00,5.699999809265137
1975-04-09 00:00:00+00:00,5.699999809265137
1975-04-10 00:00:00+00:00,5.710000038146973
1975-04-11 00:00:00+00:00,5.559999942779541
1975-04-14 00:00:00+00:00,5.53000020980835
1975-04-15 00:00:00+00:00,5.480000019073486
1975-04-16 00:00:00+00:00,5.340000152587891
1975-04-17 00:00:00+00:00,5.400000095367432
1975-04-18 00:00:00+00:00,5.440000057220459
1975-04-21 00:00:00+00:00,5.550000190734863
1975-04-22 00:00:00+00:00,5.75
1975-04-23 00:00:00+00:00,5.690000057220459
1975-04-24 00:00:00+00:00,5.670000076293945
1975-04-25 00:00:00+00:00,5.630000114440918
1975-04-28 00:00:00+00:00,5.619999885559082
1975-04-29 00:00:00+00:00,5.599999904632568
1975-04-30 00:00:00+00:00,5.5
1975-05-01 00:00:00+00:00,5.5
1975-05-02 00:00:00+00:00,5.309999942779541
1975-05-05 00:00:00+00:00,5.340000152587891
1975-05-06 00:00:00+00:00,5.440000057220459
1975-05-07 00:00:00+00:00,5.46999979019165
1975-05-08 00:00:00+00:00,5.429999828338623
1975-05-09 00:00:00+00:00,5.380000114440918
1975-05-12 00:00:00+00:00,5.159999847412109
1975-05-13 00:00:00+00:00,5.0
1975-05-14 00:00:00+00:00,4.940000057220459
1975-05-15 00:00:00+00:00,5.050000190734863
1975-05-16 00:00:00+00:00,5.059999942779541
1975-05-19 00:00:00+00:00,5.110000133514404
1975-05-20 00:00:00+00:00,5.110000133514404
1975-05-21 00:00:00+00:00,5.159999847412109
1975-05-22 00:00:00+00:00,5.199999809265137
1975-05-23 00:00:00+00:00,5.210000038146973
1975-05-27 00:00:00+00:00,5.269999980926514
1975-05-28 00:00:00+00:00,5.210000038146973
1975-05-29 00:00:00+00:00,5.21999979019165
1975-05-30 00:00:00+00:00,5.199999809265137
1975-06-02 00:00:00+00:00,5.25
1975-06-03 00:00:00+00:00,5.239999771118164
1975-06-04 00:00:00+00:00,5.239999771118164
1975-06-05 00:00:00+00:00,5.21999979019165
1975-06-06 00:00:00+00:00,5.210000038146973
1975-06-09 00:00:00+00:00,5.119999885559082
1975-06-10 00:00:00+00:00,5.079999923706055
1975-06-11 00:00:00+00:00,4.949999809265137
1975-06-12 00:00:00+00:00,4.889999866485596
1975-06-13 00:00:00+00:00,4.940000057220459
1975-06-16 00:00:00+00:00,4.880000114440918
1975-06-17 00:00:00+00:00,5.03000020980835
1975-06-18 00:00:00+00:00,5.360000133514404
1975-06-19 00:00:00+00:00,5.21999979019165
1975-06-20 00:00:00+00:00,5.699999809265137
1975-06-23 00:00:00+00:00,5.650000095367432
1975-06-24 00:00:00+00:00,5.75
1975-06-25 00:00:00+00:00,5.820000171661377
1975-06-26 00:00:00+00:00,6.0
1975-06-27 00:00:00+00:00,5.78000020980835
1975-06-30 00:00:00+00:00,5.860000133514404
1975-07-01 00:00:00+00:00,6.019999980926514
1975-07-02 00:00:00+00:00,6.019999980926514
1975-07-03 00:00:00+00:00,6.0
1975-07-07 00:00:00+00:00,6.059999942779541
1975-07-08 00:00:00+00:00,6.059999942779541
1975-07-09 00:00:00+00:00,6.099999904632568
1975-07-10 00:00:00+00:00,6.039999961853027
1975-07-11 00:00:00+00:00,6.019999980926514
1975-07-14 00:00:00+00:00,6.03000020980835
1975-07-15 00:00:00+00:00,6.050000190734863
1975-07-16 00:00:00+00:00,6.070000171661377
1975-07-17 00:00:00+00:00,6.03000020980835
1975-07-18 00:00:00+00:00,6.050000190734863
1975-07-21 00:00:00+00:00,6.199999809265137
1975-07-22 00:00:00+00:00,6.340000152587891
1975-07-23 00:00:00+00:00,6.340000152587891
1975-07-24 00:00:00+00:00,6.190000057220459
1975-07-25 00:00:00+00:00,6.269999980926514
1975-07-28 00:00:00+00:00,6.300000190734863
1975-07-29 00:00:00+00:00,6.300000190734863
1975-07-30 00:00:00+00:00,6.199999809265137
1975-07-31 00:00:00+00:00,6.25
1975-08-01 00:00:00+00:00,6.349999904632568
1975-08-04 00:00:00+00:00,6.400000095367432
1975-08-05 00:00:00+00:00,6.449999809265137
1975-08-06 00:00:00+00:00,6.409999847412109
1975-08-07 00:00:00+00:00,6.440000057220459
1975-08-08 00:00:00+00:00,6.409999847412109
1975-08-11 00:00:00+00:00,6.369999885559082
1975-08-12 00:00:00+00:00,6.400000095367432
1975-08-13 00:00:00+00:00,6.449999809265137
1975-08-14 00:00:00+00:00,6.449999809265137
1975-08-15 00:00:00+00:00,6.420000076293945
1975-08-18 00:00:00+00:00,6.420000076293945
1975-08-19 00:00:00+00:00,6.46999979019165
1975-08-20 00:00:00+00:00,6.460000038146973
1975-08-21 00:00:00+00:00,6.480000019073486
1975-08-22 00:00:00+00:00,6.460000038146973
1975-08-25 00:00:00+00:00,6.53000020980835
1975-08-26 00:00:00+00:00,6.579999923706055
1975-08-27 00:00:00+00:00,6.550000190734863
1975-08-28 00:00:00+00:00,6.420000076293945
1975-08-29 00:00:00+00:00,6.360000133514404
1975-09-02 00:00:00+00:00,6.420000076293945
1975-09-03 00:00:00+00:00,6.389999866485596
1975-09-04 00:00:00+00:00,6.329999923706055
1975-09-05 00:00:00+00:00,6.389999866485596
1975-09-08 00:00:00+00:00,6.409999847412109
1975-09-09 00:00:00+00:00,6.409999847412109
1975-09-10 00:00:00+00:00,6.420000076293945
1975-09-11 00:00:00+00:00,6.460000038146973
1975-09-12 00:00:00+00:00,6.449999809265137
1975-09-15 00:00:00+00:00,6.5
1975-09-16 00:00:00+00:00,6.539999961853027
1975-09-17 00:00:00+00:00,6.449999809265137
1975-09-18 00:00:00+00:00,6.380000114440918
1975-09-19 00:00:00+00:00,6.360000133514404
1975-09-22 00:00:00+00:00,6.340000152587891
1975-09-23 00:00:00+00:00,6.360000133514404
1975-09-24 00:00:00+00:00,6.349999904632568
1975-09-25 00:00:00+00:00,6.400000095367432
1975-09-26 00:00:00+00:00,6.429999828338623
1975-09-29 00:00:00+00:00,6.429999828338623
1975-09-30 00:00:00+00:00,6.579999923706055
1975-10-01 00:00:00+00:00,6.53000020980835
1975-10-02 00:00:00+00:00,6.480000019073486
1975-10-03 00:00:00+00:00,6.289999961853027
1975-10-06 00:00:00+00:00,6.239999771118164
1975-10-07 00:00:00+00:00,6.329999923706055
1975-10-08 00:00:00+00:00,6.269999980926514
1975-10-09 00:00:00+00:00,6.21999979019165
1975-10-10 00:00:00+00:00,6.090000152587891
1975-10-14 00:00:00+00:00,6.090000152587891
1975-10-15 00:00:00+00:00,6.099999904632568
1975-10-16 00:00:00+00:00,5.96999979019165
1975-10-17 00:00:00+00:00,5.889999866485596
1975-10-20 00:00:00+00:00,5.900000095367432
1975-10-21 00:00:00+00:00,5.659999847412109
1975-10-22 00:00:00+00:00,5.730000019073486
1975-10-23 00:00:00+00:00,5.71999979019165
1975-10-24 00:00:00+00:00,5.659999847412109
1975-10-27 00:00:00+00:00,5.71999979019165
1975-10-28 00:00:00+00:00,5.630000114440918
1975-10-29 00:00:00+00:00,5.559999942779541
1975-10-30 00:00:00+00:00,5.460000038146973
1975-10-31 00:00:00+00:00,5.510000228881836
1975-11-03 00:00:00+00:00,5.570000171661377
1975-11-05 00:00:00+00:00,5.53000020980835
1975-11-06 00:00:00+00:00,5.510000228881836
1975-11-07 00:00:00+00:00,5.380000114440918
1975-11-10 00:00:00+00:00,5.300000190734863
1975-11-12 00:00:00+00:00,5.360000133514404
1975-11-13 00:00:00+00:00,5.369999885559082
1975-11-14 00:00:00+00:00,5.449999809265137
1975-11-17 00:00:00+00:00,5.449999809265137
1975-11-18 00:00:00+00:00,5.46999979019165
1975-11-19 00:00:00+00:00,5.46999979019165
1975-11-20 00:00:00+00:00,5.460000038146973
1975-11-21 00:00:00+00:00,5.599999904632568
1975-11-24 00:00:00+00:00,5.519999980926514
1975-11-25 00:00:00+00:00,5.559999942779541
1975-11-26 00:00:00+00:00,5.550000190734863
1975-11-28 00:00:00+00:00,5.539999961853027
1975-12-01 00:00:00+00:00,5.550000190734863
1975-12-02 00:00:00+00:00,5.570000171661377
1975-12-03 00:00:00+00:00,5.559999942779541
1975-12-04 00:00:00+00:00,5.610000133514404
1975-12-05 00:00:00+00:00,5.579999923706055
1975-12-08 00:00:00+00:00,5.579999923706055
1975-12-09 00:00:00+00:00,5.679999828338623
1975-12-10 00:00:00+00:00,5.639999866485596
1975-12-11 00:00:00+00:00,5.559999942779541
1975-12-12 00:00:00+00:00,5.559999942779541
1975-12-15 00:00:00+00:00,5.510000228881836
1975-12-16 00:00:00+00:00,5.510000228881836
1975-12-17 00:00:00+00:00,5.449999809265137
1975-12-18 00:00:00+00:00,5.440000057220459
1975-12-19 00:00:00+00:00,5.28000020980835
1975-12-22 00:00:00+00:00,5.340000152587891
1975-12-23 00:00:00+00:00,5.329999923706055
1975-12-24 00:00:00+00:00,5.269999980926514
1975-12-26 00:00:00+00:00,5.170000076293945
1975-12-29 00:00:00+00:00,5.179999828338623
1975-12-30 00:00:00+00:00,5.179999828338623
1975-12-31 00:00:00+00:00,5.199999809265137
1976-01-02 00:00:00+00:00,5.199999809265137
1976-01-05 00:00:00+00:00,5.230000019073486
1976-01-06 00:00:00+00:00,5.150000095367432
1976-01-07 00:00:00+00:00,5.079999923706055
1976-01-08 00:00:00+00:00,5.0
1976-01-09 00:00:00+00:00,4.869999885559082
1976-01-12 00:00:00+00:00,4.829999923706055
1976-01-13 00:00:00+00:00,4.829999923706055
1976-01-14 00:00:00+00:00,4.849999904632568
1976-01-15 00:00:00+00:00,4.840000152587891
1976-01-16 00:00:00+00:00,4.869999885559082
1976-01-19 00:00:00+00:00,4.789999961853027
1976-01-20 00:00:00+00:00,4.829999923706055
1976-01-21 00:00:00+00:00,4.789999961853027
1976-01-22 00:00:00+00:00,4.789999961853027
1976-01-23 00:00:00+00:00,4.679999828338623
1976-01-26 00:00:00+00:00,4.739999771118164
1976-01-27 00:00:00+00:00,4.75
1976-01-28 00:00:00+00:00,4.710000038146973
1976-01-29 00:00:00+00:00,4.679999828338623
1976-01-30 00:00:00+00:00,4.730000019073486
1976-02-02 00:00:00+00:00,4.800000190734863
1976-02-03 00:00:00+00:00,4.909999847412109
1976-02-04 00:00:00+00:00,4.960000038146973
1976-02-05 00:00:00+00:00,4.920000076293945
1976-02-06 00:00:00+00:00,4.900000095367432
1976-02-09 00:00:00+00:00,4.840000152587891
1976-02-10 00:00:00+00:00,4.869999885559082
1976-02-11 00:00:00+00:00,4.829999923706055
1976-02-13 00:00:00+00:00,4.849999904632568
1976-02-17 00:00:00+00:00,4.880000114440918
1976-02-18 00:00:00+00:00,4.920000076293945
1976-02-19 00:00:00+00:00,4.880000114440918
1976-02-20 00:00:00+00:00,4.809999942779541
1976-02-23 00:00:00+00:00,4.840000152587891
1976-02-24 00:00:00+00:00,4.900000095367432
1976-02-25 00:00:00+00:00,4.869999885559082
1976-02-26 00:00:00+00:00,4.880000114440918
1976-02-27 00:00:00+00:00,5.0
1976-03-01 00:00:00+00:00,5.199999809265137
1976-03-02 00:00:00+00:00,5.25
1976-03-03 00:00:00+00:00,5.199999809265137
1976-03-04 00:00:00+00:00,5.21999979019165
1976-03-05 00:00:00+00:00,5.130000114440918
1976-03-08 00:00:00+00:00,5.070000171661377
1976-03-09 00:00:00+00:00,5.0
1976-03-10 00:00:00+00:00,4.96999979019165
1976-03-11 00:00:00+00:00,4.989999771118164
1976-03-12 00:00:00+00:00,4.900000095367432
1976-03-15 00:00:00+00:00,4.940000057220459
1976-03-16 00:00:00+00:00,5.010000228881836
1976-03-17 00:00:00+00:00,5.0
1976-03-18 00:00:00+00:00,4.980000019073486
1976-03-19 00:00:00+00:00,4.960000038146973
1976-03-22 00:00:00+00:00,4.860000133514404
1976-03-23 00:00:00+00:00,4.889999866485596
1976-03-24 00:00:00+00:00,4.860000133514404
1976-03-25 00:00:00+00:00,4.849999904632568
1976-03-26 00:00:00+00:00,4.880000114440918
1976-03-29 00:00:00+00:00,4.900000095367432
1976-03-30 00:00:00+00:00,4.989999771118164
1976-03-31 00:00:00+00:00,4.96999979019165
1976-04-01 00:00:00+00:00,5.010000228881836
1976-04-02 00:00:00+00:00,4.960000038146973
1976-04-05 00:00:00+00:00,4.909999847412109
1976-04-06 00:00:00+00:00,4.900000095367432
1976-04-07 00:00:00+00:00,4.929999828338623
1976-04-08 00:00:00+00:00,4.900000095367432
1976-04-09 00:00:00+00:00,4.889999866485596
1976-04-12 00:00:00+00:00,4.840000152587891
1976-04-13 00:00:00+00:00,4.78000020980835
1976-04-14 00:00:00+00:00,4.789999961853027
1976-04-15 00:00:00+00:00,4.78000020980835
1976-04-19 00:00:00+00:00,4.769999980926514
1976-04-20 00:00:00+00:00,4.730000019073486
1976-04-21 00:00:00+00:00,4.690000057220459
1976-04-22 00:00:00+00:00,4.78000020980835
1976-04-23 00:00:00+00:00,4.920000076293945
1976-04-26 00:00:00+00:00,4.900000095367432
1976-04-27 00:00:00+00:00,4.889999866485596
1976-04-28 00:00:00+00:00,4.849999904632568
1976-04-29 00:00:00+00:00,4.860000133514404
1976-04-30 00:00:00+00:00,4.909999847412109
1976-05-03 00:00:00+00:00,4.880000114440918
1976-05-04 00:00:00+00:00,4.869999885559082
1976-05-05 00:00:00+00:00,4.860000133514404
1976-05-06 00:00:00+00:00,4.920000076293945
1976-05-07 00:00:00+00:00,5.0
1976-05-10 00:00:00+00:00,5.059999942779541
1976-05-11 00:00:00+00:00,5.079999923706055
1976-05-12 00:00:00+00:00,5.139999866485596
1976-05-13 00:00:00+00:00,5.099999904632568
1976-05-14 00:00:00+00:00,5.159999847412109
1976-05-17 00:00:00+00:00,5.21999979019165
1976-05-18 00:00:00+00:00,5.28000020980835
1976-05-19 00:00:00+00:00,5.309999942779541
1976-05-20 00:00:00+00:00,5.389999866485596
1976-05-21 00:00:00+00:00,5.440000057220459
1976-05-24 00:00:00+00:00,5.449999809265137
1976-05-25 00:00:00+00:00,5.460000038146973
1976-05-26 00:00:00+00:00,5.460000038146973
1976-05-27 00:00:00+00:00,5.489999771118164
1976-05-28 00:00:00+00:00,5.489999771118164
1976-06-01 00:00:00+00:00,5.550000190734863
1976-06-02 00:00:00+00:00,5.570000171661377
1976-06-03 00:00:00+00:00,5.519999980926514
1976-06-04 00:00:00+00:00,5.460000038146973
1976-06-07 00:00:00+00:00,5.449999809265137
1976-06-08 00:00:00+00:00,5.449999809265137
1976-06-09 00:00:00+00:00,5.440000057220459
1976-06-10 00:00:00+00:00,5.429999828338623
1976-06-11 00:00:00+00:00,5.420000076293945
1976-06-14 00:00:00+00:00,5.400000095367432
1976-06-15 00:00:00+00:00,5.369999885559082
1976-06-16 00:00:00+00:00,5.400000095367432
1976-06-17 00:00:00+00:00,5.380000114440918
1976-06-18 00:00:00+00:00,5.349999904632568
1976-06-21 00:00:00+00:00,5.360000133514404
1976-06-22 00:00:00+00:00,5.380000114440918
1976-06-23 00:00:00+00:00,5.329999923706055
1976-06-24 00:00:00+00:00,5.309999942779541
1976-06-25 00:00:00+00:00,5.309999942779541
1976-06-28 00:00:00+00:00,5.349999904632568
1976-06-29 00:00:00+00:00,5.369999885559082
1976-06-30 00:00:00+00:00,5.369999885559082
1976-07-01 00:00:00+00:00,5.360000133514404
1976-07-02 00:00:00+00:00,5.349999904632568
1976-07-06 00:00:00+00:00,5.389999866485596
1976-07-07 00:00:00+00:00,5.400000095367432
1976-07-08 00:00:00+00:00,5.329999923706055
1976-07-09 00:00:00+00:00,5.25
1976-07-12 00:00:00+00:00,5.159999847412109
1976-07-13 00:00:00+00:00,5.150000095367432
1976-07-14 00:00:00+00:00,5.150000095367432
1976-07-15 00:00:00+00:00,5.110000133514404
1976-07-16 00:00:00+00:00,5.199999809265137
1976-07-19 00:00:00+00:00,5.230000019073486
1976-07-20 00:00:00+00:00,5.239999771118164
1976-07-21 00:00:00+00:00,5.230000019073486
1976-07-22 00:00:00+00:00,5.230000019073486
1976-07-23 00:00:00+00:00,5.210000038146973
1976-07-26 00:00:00+00:00,5.190000057220459
1976-07-27 00:00:00+00:00,5.150000095367432
1976-07-28 00:00:00+00:00,5.170000076293945
1976-07-29 00:00:00+00:00,5.159999847412109
1976-07-30 00:00:00+00:00,5.170000076293945
1976-08-02 00:00:00+00:00,5.110000133514404
1976-08-03 00:00:00+00:00,5.139999866485596
1976-08-04 00:00:00+00:00,5.190000057220459
1976-08-05 00:00:00+00:00,5.190000057220459
1976-08-06 00:00:00+00:00,5.179999828338623
1976-08-09 00:00:00+00:00,5.179999828338623
1976-08-10 00:00:00+00:00,5.179999828338623
1976-08-11 00:00:00+00:00,5.170000076293945
1976-08-12 00:00:00+00:00,5.159999847412109
1976-08-13 00:00:00+00:00,5.159999847412109
1976-08-16 00:00:00+00:00,5.139999866485596
1976-08-17 00:00:00+00:00,5.150000095367432
1976-08-18 00:00:00+00:00,5.150000095367432
1976-08-19 00:00:00+00:00,5.150000095367432
1976-08-20 00:00:00+00:00,5.170000076293945
1976-08-23 00:00:00+00:00,5.139999866485596
1976-08-24 00:00:00+00:00,5.110000133514404
1976-08-25 00:00:00+00:00,5.099999904632568
1976-08-26 00:00:00+00:00,5.079999923706055
1976-08-27 00:00:00+00:00,5.130000114440918
1976-08-30 00:00:00+00:00,5.070000171661377
1976-08-31 00:00:00+00:00,5.090000152587891
1976-09-01 00:00:00+00:00,5.090000152587891
1976-09-02 00:00:00+00:00,5.099999904632568
1976-09-03 00:00:00+00:00,5.090000152587891
1976-09-07 00:00:00+00:00,5.090000152587891
1976-09-08 00:00:00+00:00,5.099999904632568
1976-09-09 00:00:00+00:00,5.119999885559082
1976-09-10 00:00:00+00:00,5.110000133514404
1976-09-13 00:00:00+00:00,5.119999885559082
1976-09-14 00:00:00+00:00,5.119999885559082
1976-09-15 00:00:00+00:00,5.110000133514404
1976-09-16 00:00:00+00:00,5.099999904632568
1976-09-17 00:00:00+00:00,5.059999942779541
1976-09-20 00:00:00+00:00,5.059999942779541
1976-09-21 00:00:00+00:00,5.03000020980835
1976-09-22 00:00:00+00:00,5.03000020980835
1976-09-23 00:00:00+00:00,5.039999961853027
1976-09-24 00:00:00+00:00,5.110000133514404
1976-09-27 00:00:00+00:00,5.079999923706055
1976-09-28 00:00:00+00:00,5.059999942779541
1976-09-29 00:00:00+00:00,5.070000171661377
1976-09-30 00:00:00+00:00,5.059999942779541
1976-10-01 00:00:00+00:00,5.039999961853027
1976-10-04 00:00:00+00:00,5.079999923706055
1976-10-05 00:00:00+00:00,5.099999904632568
1976-10-06 00:00:00+00:00,5.070000171661377
1976-10-07 00:00:00+00:00,5.03000020980835
1976-10-08 00:00:00+00:00,4.920000076293945
1976-10-12 00:00:00+00:00,4.889999866485596
1976-10-13 00:00:00+00:00,4.900000095367432
1976-10-14 00:00:00+00:00,4.849999904632568
1976-10-15 00:00:00+00:00,4.789999961853027
1976-10-18 00:00:00+00:00,4.789999961853027
1976-10-19 00:00:00+00:00,4.840000152587891
1976-10-20 00:00:00+00:00,4.840000152587891
1976-10-21 00:00:00+00:00,4.849999904632568
1976-10-22 00:00:00+00:00,4.889999866485596
1976-10-25 00:00:00+00:00,4.940000057220459
1976-10-26 00:00:00+00:00,4.900000095367432
1976-10-27 00:00:00+00:00,4.880000114440918
1976-10-28 00:00:00+00:00,4.880000114440918
1976-10-29 00:00:00+00:00,4.889999866485596
1976-11-01 00:00:00+00:00,4.840000152587891
1976-11-03 00:00:00+00:00,4.849999904632568
1976-11-04 00:00:00+00:00,4.789999961853027
1976-11-05 00:00:00+00:00,4.840000152587891
1976-11-08 00:00:00+00:00,4.889999866485596
1976-11-09 00:00:00+00:00,4.929999828338623
1976-11-10 00:00:00+00:00,4.920000076293945
1976-11-12 00:00:00+00:00,4.920000076293945
1976-11-15 00:00:00+00:00,4.900000095367432
1976-11-16 00:00:00+00:00,4.829999923706055
1976-11-17 00:00:00+00:00,4.809999942779541
1976-11-18 00:00:00+00:00,4.809999942779541
1976-11-19 00:00:00+00:00,4.670000076293945
1976-11-22 00:00:00+00:00,4.610000133514404
1976-11-23 00:00:00+00:00,4.639999866485596
1976-11-24 00:00:00+00:00,4.630000114440918
1976-11-26 00:00:00+00:00,4.510000228881836
1976-11-29 00:00:00+00:00,4.489999771118164
1976-11-30 00:00:00+00:00,4.420000076293945
1976-12-01 00:00:00+00:00,4.409999847412109
1976-12-02 00:00:00+00:00,4.400000095367432
1976-12-03 00:00:00+00:00,4.380000114440918
1976-12-06 00:00:00+00:00,4.380000114440918
1976-12-07 00:00:00+00:00,4.400000095367432
1976-12-08 00:00:00+00:00,4.440000057220459
1976-12-09 00:00:00+00:00,4.440000057220459
1976-12-10 00:00:00+00:00,4.369999885559082
1976-12-13 00:00:00+00:00,4.380000114440918
1976-12-14 00:00:00+00:00,4.340000152587891
1976-12-15 00:00:00+00:00,4.329999923706055
1976-12-16 00:00:00+00:00,4.329999923706055
1976-12-17 00:00:00+00:00,4.25
1976-12-20 00:00:00+00:00,4.239999771118164
1976-12-21 00:00:00+00:00,4.269999980926514
1976-12-22 00:00:00+00:00,4.28000020980835
1976-12-23 00:00:00+00:00,4.28000020980835
1976-12-27 00:00:00+00:00,4.300000190734863
1976-12-28 00:00:00+00:00,4.349999904632568
1976-12-29 00:00:00+00:00,4.369999885559082
1976-12-30 00:00:00+00:00,4.340000152587891
1976-12-31 00:00:00+00:00,4.340000152587891
1977-01-03 00:00:00+00:00,4.389999866485596
1977-01-04 00:00:00+00:00,4.489999771118164
1977-01-05 00:00:00+00:00,4.46999979019165
1977-01-06 00:00:00+00:00,4.5
1977-01-07 00:00:00+00:00,4.619999885559082
1977-01-10 00:00:00+00:00,4.610000133514404
1977-01-11 00:00:00+00:00,4.599999904632568
1977-01-12 00:00:00+00:00,4.570000171661377
1977-01-13 00:00:00+00:00,4.519999980926514
1977-01-14 00:00:00+00:00,4.610000133514404
1977-01-17 00:00:00+00:00,4.650000095367432
1977-01-18 00:00:00+00:00,4.690000057220459
1977-01-19 00:00:00+00:00,4.630000114440918
1977-01-20 00:00:00+00:00,4.630000114440918
1977-01-21 00:00:00+00:00,4.650000095367432
1977-01-24 00:00:00+00:00,4.710000038146973
1977-01-25 00:00:00+00:00,4.699999809265137
1977-01-26 00:00:00+00:00,4.710000038146973
1977-01-27 00:00:00+00:00,4.769999980926514
1977-01-28 00:00:00+00:00,4.730000019073486
1977-01-31 00:00:00+00:00,4.71999979019165
1977-02-01 00:00:00+00:00,4.739999771118164
1977-02-02 00:00:00+00:00,4.760000228881836
1977-02-03 00:00:00+00:00,4.730000019073486
1977-02-04 00:00:00+00:00,4.619999885559082
1977-02-07 00:00:00+00:00,4.619999885559082
1977-02-08 00:00:00+00:00,4.630000114440918
1977-02-09 00:00:00+00:00,4.619999885559082
1977-02-10 00:00:00+00:00,4.630000114440918
1977-02-11 00:00:00+00:00,4.610000133514404
1977-02-14 00:00:00+00:00,4.630000114440918
1977-02-15 00:00:00+00:00,4.630000114440918
1977-02-16 00:00:00+00:00,4.619999885559082
1977-02-17 00:00:00+00:00,4.610000133514404
1977-02-18 00:00:00+00:00,4.659999847412109
1977-02-22 00:00:00+00:00,4.690000057220459
1977-02-23 00:00:00+00:00,4.699999809265137
1977-02-24 00:00:00+00:00,4.730000019073486
1977-02-25 00:00:00+00:00,4.710000038146973
1977-02-28 00:00:00+00:00,4.699999809265137
1977-03-01 00:00:00+00:00,4.699999809265137
1977-03-02 00:00:00+00:00,4.639999866485596
1977-03-03 00:00:00+00:00,4.610000133514404
1977-03-04 00:00:00+00:00,4.630000114440918
1977-03-07 00:00:00+00:00,4.650000095367432
1977-03-08 00:00:00+00:00,4.659999847412109
1977-03-09 00:00:00+00:00,4.630000114440918
1977-03-10 00:00:00+00:00,4.619999885559082
1977-03-11 00:00:00+00:00,4.590000152587891
1977-03-14 00:00:00+00:00,4.570000171661377
1977-03-15 00:00:00+00:00,4.570000171661377
1977-03-16 00:00:00+00:00,4.619999885559082
1977-03-17 00:00:00+00:00,4.619999885559082
1977-03-18 00:00:00+00:00,4.590000152587891
1977-03-21 00:00:00+00:00,4.559999942779541
1977-03-22 00:00:00+00:00,4.559999942779541
1977-03-23 00:00:00+00:00,4.539999961853027
1977-03-24 00:00:00+00:00,4.590000152587891
1977-03-25 00:00:00+00:00,4.619999885559082
1977-03-28 00:00:00+00:00,4.590000152587891
1977-03-29 00:00:00+00:00,4.590000152587891
1977-03-30 00:00:00+00:00,4.570000171661377
1977-03-31 00:00:00+00:00,4.539999961853027
1977-04-01 00:00:00+00:00,4.539999961853027
1977-04-04 00:00:00+00:00,4.550000190734863
1977-04-05 00:00:00+00:00,4.599999904632568
1977-04-06 00:00:00+00:00,4.579999923706055
1977-04-07 00:00:00+00:00,4.579999923706055
1977-04-11 00:00:00+00:00,4.559999942779541
1977-04-12 00:00:00+00:00,4.590000152587891
1977-04-13 00:00:00+00:00,4.570000171661377
1977-04-14 00:00:00+00:00,4.519999980926514
1977-04-15 00:00:00+00:00,4.519999980926514
1977-04-18 00:00:00+00:00,4.510000228881836
1977-04-19 00:00:00+00:00,4.519999980926514
1977-04-20 00:00:00+00:00,4.5
1977-04-21 00:00:00+00:00,4.480000019073486
1977-04-22 00:00:00+00:00,4.53000020980835
1977-04-25 00:00:00+00:00,4.53000020980835
1977-04-26 00:00:00+00:00,4.5
1977-04-27 00:00:00+00:00,4.449999809265137
1977-04-28 00:00:00+00:00,4.389999866485596
1977-04-29 00:00:00+00:00,4.690000057220459
1977-05-02 00:00:00+00:00,4.75
1977-05-03 00:00:00+00:00,4.75
1977-05-04 00:00:00+00:00,4.690000057220459
1977-05-05 00:00:00+00:00,4.739999771118164
1977-05-06 00:00:00+00:00,4.800000190734863
1977-05-09 00:00:00+00:00,4.809999942779541
1977-05-10 00:00:00+00:00,4.940000057220459
1977-05-11 00:00:00+00:00,5.039999961853027
1977-05-12 00:00:00+00:00,5.0
1977-05-13 00:00:00+00:00,4.989999771118164
1977-05-16 00:00:00+00:00,4.989999771118164
1977-05-17 00:00:00+00:00,5.0
1977-05-18 00:00:00+00:00,4.980000019073486
1977-05-19 00:00:00+00:00,5.090000152587891
1977-05-20 00:00:00+00:00,5.170000076293945
1977-05-23 00:00:00+00:00,5.130000114440918
1977-05-24 00:00:00+00:00,5.099999904632568
1977-05-25 00:00:00+00:00,5.059999942779541
1977-05-26 00:00:00+00:00,5.03000020980835
1977-05-27 00:00:00+00:00,4.989999771118164
1977-05-31 00:00:00+00:00,5.03000020980835
1977-06-01 00:00:00+00:00,5.039999961853027
1977-06-02 00:00:00+00:00,5.039999961853027
1977-06-03 00:00:00+00:00,5.019999980926514
1977-06-06 00:00:00+00:00,5.039999961853027
1977-06-07 00:00:00+00:00,5.050000190734863
1977-06-08 00:00:00+00:00,5.059999942779541
1977-06-09 00:00:00+00:00,5.079999923706055
1977-06-10 00:00:00+00:00,5.059999942779541
1977-06-13 00:00:00+00:00,5.03000020980835
1977-06-14 00:00:00+00:00,5.010000228881836
1977-06-15 00:00:00+00:00,5.019999980926514
1977-06-16 00:00:00+00:00,5.019999980926514
1977-06-17 00:00:00+00:00,4.989999771118164
1977-06-20 00:00:00+00:00,5.010000228881836
1977-06-21 00:00:00+00:00,5.03000020980835
1977-06-22 00:00:00+00:00,5.019999980926514
1977-06-23 00:00:00+00:00,5.019999980926514
1977-06-24 00:00:00+00:00,4.980000019073486
1977-06-27 00:00:00+00:00,4.929999828338623
1977-06-28 00:00:00+00:00,4.960000038146973
1977-06-29 00:00:00+00:00,4.96999979019165
1977-06-30 00:00:00+00:00,4.980000019073486
1977-07-01 00:00:00+00:00,5.019999980926514
1977-07-05 00:00:00+00:00,5.119999885559082
1977-07-06 00:00:00+00:00,5.119999885559082
1977-07-07 00:00:00+00:00,5.110000133514404
1977-07-08 00:00:00+00:00,5.130000114440918
1977-07-11 00:00:00+00:00,5.139999866485596
1977-07-12 00:00:00+00:00,5.159999847412109
1977-07-13 00:00:00+00:00,5.159999847412109
1977-07-15 00:00:00+00:00,5.179999828338623
1977-07-18 00:00:00+00:00,5.179999828338623
1977-07-19 00:00:00+00:00,5.21999979019165
1977-07-20 00:00:00+00:00,5.230000019073486
1977-07-21 00:00:00+00:00,5.230000019073486
1977-07-22 00:00:00+00:00,5.170000076293945
1977-07-25 00:00:00+00:00,5.159999847412109
1977-07-26 00:00:00+00:00,5.159999847412109
1977-07-27 00:00:00+00:00,5.25
1977-07-28 00:00:00+00:00,5.389999866485596
1977-07-29 00:00:00+00:00,5.400000095367432
1977-08-01 00:00:00+00:00,5.349999904632568
1977-08-02 00:00:00+00:00,5.400000095367432
1977-08-03 00:00:00+00:00,5.329999923706055
1977-08-04 00:00:00+00:00,5.349999904632568
1977-08-05 00:00:00+00:00,5.340000152587891
1977-08-08 00:00:00+00:00,5.320000171661377
1977-08-09 00:00:00+00:00,5.53000020980835
1977-08-10 00:00:00+00:00,5.460000038146973
1977-08-11 00:00:00+00:00,5.519999980926514
1977-08-12 00:00:00+00:00,5.510000228881836
1977-08-15 00:00:00+00:00,5.539999961853027
1977-08-16 00:00:00+00:00,5.670000076293945
1977-08-17 00:00:00+00:00,5.599999904632568
1977-08-18 00:00:00+00:00,5.53000020980835
1977-08-19 00:00:00+00:00,5.480000019073486
1977-08-22 00:00:00+00:00,5.46999979019165
1977-08-23 00:00:00+00:00,5.550000190734863
1977-08-24 00:00:00+00:00,5.550000190734863
1977-08-25 00:00:00+00:00,5.53000020980835
1977-08-26 00:00:00+00:00,5.539999961853027
1977-08-29 00:00:00+00:00,5.570000171661377
1977-08-30 00:00:00+00:00,5.590000152587891
1977-08-31 00:00:00+00:00,5.559999942779541
1977-09-01 00:00:00+00:00,5.559999942779541
1977-09-02 00:00:00+00:00,5.53000020980835
1977-09-06 00:00:00+00:00,5.579999923706055
1977-09-07 00:00:00+00:00,5.599999904632568
1977-09-08 00:00:00+00:00,5.610000133514404
1977-09-09 00:00:00+00:00,5.800000190734863
1977-09-12 00:00:00+00:00,5.820000171661377
1977-09-13 00:00:00+00:00,5.900000095367432
1977-09-14 00:00:00+00:00,5.869999885559082
1977-09-15 00:00:00+00:00,5.869999885559082
1977-09-16 00:00:00+00:00,5.860000133514404
1977-09-19 00:00:00+00:00,5.860000133514404
1977-09-20 00:00:00+00:00,5.869999885559082
1977-09-21 00:00:00+00:00,5.869999885559082
1977-09-22 00:00:00+00:00,5.960000038146973
1977-09-23 00:00:00+00:00,5.949999809265137
1977-09-26 00:00:00+00:00,5.96999979019165
1977-09-27 00:00:00+00:00,5.920000076293945
1977-09-28 00:00:00+00:00,5.860000133514404
1977-09-29 00:00:00+00:00,5.829999923706055
1977-09-30 00:00:00+00:00,5.889999866485596
1977-10-03 00:00:00+00:00,5.949999809265137
1977-10-04 00:00:00+00:00,6.099999904632568
1977-10-05 00:00:00+00:00,6.130000114440918
1977-10-06 00:00:00+00:00,6.130000114440918
1977-10-07 00:00:00+00:00,6.119999885559082
1977-10-11 00:00:00+00:00,6.269999980926514
1977-10-12 00:00:00+00:00,6.360000133514404
1977-10-13 00:00:00+00:00,6.360000133514404
1977-10-14 00:00:00+00:00,6.289999961853027
1977-10-17 00:00:00+00:00,6.28000020980835
1977-10-18 00:00:00+00:00,6.28000020980835
1977-10-19 00:00:00+00:00,6.139999866485596
1977-10-20 00:00:00+00:00,6.090000152587891
1977-10-21 00:00:00+00:00,6.079999923706055
1977-10-24 00:00:00+00:00,6.130000114440918
1977-10-25 00:00:00+00:00,6.150000095367432
1977-10-26 00:00:00+00:00,6.099999904632568
1977-10-27 00:00:00+00:00,6.050000190734863
1977-10-28 00:00:00+00:00,6.010000228881836
1977-10-31 00:00:00+00:00,6.179999828338623
1977-11-01 00:00:00+00:00,6.21999979019165
1977-11-02 00:00:00+00:00,6.21999979019165
1977-11-03 00:00:00+00:00,6.199999809265137
1977-11-04 00:00:00+00:00,6.170000076293945
1977-11-07 00:00:00+00:00,6.159999847412109
1977-11-09 00:00:00+00:00,6.150000095367432
1977-11-10 00:00:00+00:00,6.130000114440918
1977-11-14 00:00:00+00:00,6.090000152587891
1977-11-15 00:00:00+00:00,6.099999904632568
1977-11-16 00:00:00+00:00,6.090000152587891
1977-11-17 00:00:00+00:00,6.050000190734863
1977-11-18 00:00:00+00:00,6.039999961853027
1977-11-21 00:00:00+00:00,6.070000171661377
1977-11-22 00:00:00+00:00,6.079999923706055
1977-11-23 00:00:00+00:00,6.050000190734863
1977-11-25 00:00:00+00:00,6.039999961853027
1977-11-28 00:00:00+00:00,6.039999961853027
1977-11-29 00:00:00+00:00,6.050000190734863
1977-11-30 00:00:00+00:00,6.039999961853027
1977-12-01 00:00:00+00:00,6.03000020980835
1977-12-02 00:00:00+00:00,6.019999980926514
1977-12-05 00:00:00+00:00,6.010000228881836
1977-12-06 00:00:00+00:00,6.070000171661377
1977-12-07 00:00:00+00:00,6.099999904632568
1977-12-08 00:00:00+00:00,6.079999923706055
1977-12-09 00:00:00+00:00,6.070000171661377
1977-12-12 00:00:00+00:00,6.070000171661377
1977-12-13 00:00:00+00:00,6.050000190734863
1977-12-14 00:00:00+00:00,6.050000190734863
1977-12-15 00:00:00+00:00,6.010000228881836
1977-12-16 00:00:00+00:00,5.989999771118164
1977-12-19 00:00:00+00:00,5.949999809265137
1977-12-20 00:00:00+00:00,6.010000228881836
1977-12-21 00:00:00+00:00,6.0
1977-12-22 00:00:00+00:00,6.110000133514404
1977-12-23 00:00:00+00:00,6.099999904632568
1977-12-27 00:00:00+00:00,6.159999847412109
1977-12-28 00:00:00+00:00,6.190000057220459
1977-12-29 00:00:00+00:00,6.170000076293945
1977-12-30 00:00:00+00:00,6.130000114440918
1978-01-03 00:00:00+00:00,6.179999828338623
1978-01-04 00:00:00+00:00,6.159999847412109
1978-01-05 00:00:00+00:00,6.199999809265137
1978-01-06 00:00:00+00:00,6.25
1978-01-09 00:00:00+00:00,6.639999866485596
1978-01-10 00:00:00+00:00,6.650000095367432
1978-01-11 00:00:00+00:00,6.679999828338623
1978-01-12 00:00:00+00:00,6.559999942779541
1978-01-13 00:00:00+00:00,6.480000019073486
1978-01-16 00:00:00+00:00,6.460000038146973
1978-01-17 00:00:00+00:00,6.5
1978-01-18 00:00:00+00:00,6.5
1978-01-19 00:00:00+00:00,6.480000019073486
1978-01-20 00:00:00+00:00,6.480000019073486
1978-01-23 00:00:00+00:00,6.429999828338623
1978-01-24 00:00:00+00:00,6.440000057220459
1978-01-25 00:00:00+00:00,6.460000038146973
1978-01-26 00:00:00+00:00,6.429999828338623
1978-01-27 00:00:00+00:00,6.420000076293945
1978-01-30 00:00:00+00:00,6.429999828338623
1978-01-31 00:00:00+00:00,6.420000076293945
1978-02-01 00:00:00+00:00,6.409999847412109
1978-02-02 00:00:00+00:00,6.420000076293945
1978-02-03 00:00:00+00:00,6.420000076293945
1978-02-06 00:00:00+00:00,6.449999809265137
1978-02-07 00:00:00+00:00,6.460000038146973
1978-02-08 00:00:00+00:00,6.440000057220459
1978-02-09 00:00:00+00:00,6.429999828338623
1978-02-10 00:00:00+00:00,6.440000057220459
1978-02-14 00:00:00+00:00,6.46999979019165
1978-02-15 00:00:00+00:00,6.5
1978-02-16 00:00:00+00:00,6.510000228881836
1978-02-17 00:00:00+00:00,6.449999809265137
1978-02-21 00:00:00+00:00,6.5
1978-02-22 00:00:00+00:00,6.46999979019165
1978-02-23 00:00:00+00:00,6.429999828338623
1978-02-24 00:00:00+00:00,6.400000095367432
1978-02-27 00:00:00+00:00,6.400000095367432
1978-02-28 00:00:00+00:00,6.420000076293945
1978-03-01 00:00:00+00:00,6.420000076293945
1978-03-02 00:00:00+00:00,6.389999866485596
1978-03-03 00:00:00+00:00,6.340000152587891
1978-03-06 00:00:00+00:00,6.320000171661377
1978-03-07 00:00:00+00:00,6.320000171661377
1978-03-08 00:00:00+00:00,6.289999961853027
1978-03-09 00:00:00+00:00,6.25
1978-03-10 00:00:00+00:00,6.28000020980835
1978-03-13 00:00:00+00:00,6.269999980926514
1978-03-14 00:00:00+00:00,6.300000190734863
1978-03-15 00:00:00+00:00,6.269999980926514
1978-03-16 00:00:00+00:00,6.25
1978-03-17 00:00:00+00:00,6.239999771118164
1978-03-20 00:00:00+00:00,6.159999847412109
1978-03-21 00:00:00+00:00,6.21999979019165
1978-03-22 00:00:00+00:00,6.21999979019165
1978-03-23 00:00:00+00:00,6.239999771118164
1978-03-27 00:00:00+00:00,6.28000020980835
1978-03-28 00:00:00+00:00,6.28000020980835
1978-03-29 00:00:00+00:00,6.28000020980835
1978-03-30 00:00:00+00:00,6.369999885559082
1978-03-31 00:00:00+00:00,6.46999979019165
1978-04-03 00:00:00+00:00,6.309999942779541
1978-04-04 00:00:00+00:00,6.389999866485596
1978-04-05 00:00:00+00:00,6.420000076293945
1978-04-06 00:00:00+00:00,6.409999847412109
1978-04-07 00:00:00+00:00,6.340000152587891
1978-04-10 00:00:00+00:00,6.340000152587891
1978-04-11 00:00:00+00:00,6.349999904632568
1978-04-12 00:00:00+00:00,6.329999923706055
1978-04-13 00:00:00+00:00,6.289999961853027
1978-04-14 00:00:00+00:00,6.139999866485596
1978-04-17 00:00:00+00:00,6.099999904632568
1978-04-18 00:00:00+00:00,6.150000095367432
1978-04-19 00:00:00+00:00,6.320000171661377
1978-04-20 00:00:00+00:00,6.300000190734863
1978-04-21 00:00:00+00:00,6.25
1978-04-24 00:00:00+00:00,6.090000152587891
1978-04-25 00:00:00+00:00,6.21999979019165
1978-04-26 00:00:00+00:00,6.25
1978-04-27 00:00:00+00:00,6.369999885559082
1978-04-28 00:00:00+00:00,6.349999904632568
1978-05-01 00:00:00+00:00,6.309999942779541
1978-05-02 00:00:00+00:00,6.460000038146973
1978-05-03 00:00:00+00:00,6.389999866485596
1978-05-04 00:00:00+00:00,6.329999923706055
1978-05-05 00:00:00+00:00,6.429999828338623
1978-05-08 00:00:00+00:00,6.360000133514404
1978-05-09 00:00:00+00:00,6.449999809265137
1978-05-10 00:00:00+00:00,6.389999866485596
1978-05-11 00:00:00+00:00,6.320000171661377
1978-05-12 00:00:00+00:00,6.329999923706055
1978-05-15 00:00:00+00:00,6.25
1978-05-16 00:00:00+00:00,6.340000152587891
1978-05-17 00:00:00+00:00,6.28000020980835
1978-05-18 00:00:00+00:00,6.349999904632568
1978-05-19 00:00:00+00:00,6.389999866485596
1978-05-22 00:00:00+00:00,6.420000076293945
1978-05-23 00:00:00+00:00,6.480000019073486
1978-05-24 00:00:00+00:00,6.510000228881836
1978-05-25 00:00:00+00:00,6.5
1978-05-26 00:00:00+00:00,6.630000114440918
1978-05-31 00:00:00+00:00,6.650000095367432
1978-06-01 00:00:00+00:00,6.610000133514404
1978-06-02 00:00:00+00:00,6.590000152587891
1978-06-05 00:00:00+00:00,6.590000152587891
1978-06-06 00:00:00+00:00,6.610000133514404
1978-06-07 00:00:00+00:00,6.639999866485596
1978-06-08 00:00:00+00:00,6.630000114440918
1978-06-09 00:00:00+00:00,6.650000095367432
1978-06-12 00:00:00+00:00,6.619999885559082
1978-06-13 00:00:00+00:00,6.630000114440918
1978-06-14 00:00:00+00:00,6.630000114440918
1978-06-15 00:00:00+00:00,6.659999847412109
1978-06-16 00:00:00+00:00,6.71999979019165
1978-06-19 00:00:00+00:00,6.690000057220459
1978-06-20 00:00:00+00:00,6.739999771118164
1978-06-21 00:00:00+00:00,6.840000152587891
1978-06-22 00:00:00+00:00,6.809999942779541
1978-06-23 00:00:00+00:00,6.860000133514404
1978-06-26 00:00:00+00:00,6.880000114440918
1978-06-27 00:00:00+00:00,6.940000057220459
1978-06-28 00:00:00+00:00,6.880000114440918
1978-06-29 00:00:00+00:00,6.920000076293945
1978-06-30 00:00:00+00:00,7.010000228881836
1978-07-03 00:00:00+00:00,6.949999809265137
1978-07-05 00:00:00+00:00,7.070000171661377
1978-07-06 00:00:00+00:00,7.059999942779541
1978-07-07 00:00:00+00:00,7.130000114440918
1978-07-10 00:00:00+00:00,7.159999847412109
1978-07-11 00:00:00+00:00,7.199999809265137
1978-07-12 00:00:00+00:00,7.190000057220459
1978-07-13 00:00:00+00:00,7.179999828338623
1978-07-14 00:00:00+00:00,7.070000171661377
1978-07-17 00:00:00+00:00,6.989999771118164
1978-07-18 00:00:00+00:00,7.090000152587891
1978-07-19 00:00:00+00:00,7.059999942779541
1978-07-20 00:00:00+00:00,7.070000171661377
1978-07-21 00:00:00+00:00,7.019999980926514
1978-07-24 00:00:00+00:00,6.829999923706055
1978-07-25 00:00:00+00:00,6.920000076293945
1978-07-26 00:00:00+00:00,6.900000095367432
1978-07-27 00:00:00+00:00,6.760000228881836
1978-07-28 00:00:00+00:00,6.739999771118164
1978-07-31 00:00:00+00:00,6.760000228881836
1978-08-01 00:00:00+00:00,6.880000114440918
1978-08-02 00:00:00+00:00,6.760000228881836
1978-08-03 00:00:00+00:00,6.800000190734863
1978-08-04 00:00:00+00:00,6.78000020980835
1978-08-07 00:00:00+00:00,6.760000228881836
1978-08-08 00:00:00+00:00,6.71999979019165
1978-08-09 00:00:00+00:00,6.739999771118164
1978-08-10 00:00:00+00:00,6.849999904632568
1978-08-11 00:00:00+00:00,6.860000133514404
1978-08-14 00:00:00+00:00,6.880000114440918
1978-08-15 00:00:00+00:00,6.989999771118164
1978-08-16 00:00:00+00:00,7.239999771118164
1978-08-17 00:00:00+00:00,7.190000057220459
1978-08-18 00:00:00+00:00,7.300000190734863
1978-08-21 00:00:00+00:00,7.260000228881836
1978-08-22 00:00:00+00:00,7.28000020980835
1978-08-23 00:00:00+00:00,7.21999979019165
1978-08-24 00:00:00+00:00,7.239999771118164
1978-08-25 00:00:00+00:00,7.239999771118164
1978-08-28 00:00:00+00:00,7.329999923706055
1978-08-29 00:00:00+00:00,7.449999809265137
1978-08-30 00:00:00+00:00,7.480000019073486
1978-08-31 00:00:00+00:00,7.539999961853027
1978-09-01 00:00:00+00:00,7.699999809265137
1978-09-05 00:00:00+00:00,7.570000171661377
1978-09-06 00:00:00+00:00,7.579999923706055
1978-09-07 00:00:00+00:00,7.590000152587891
1978-09-08 00:00:00+00:00,7.670000076293945
1978-09-11 00:00:00+00:00,7.710000038146973
1978-09-12 00:00:00+00:00,7.75
1978-09-13 00:00:00+00:00,7.760000228881836
1978-09-14 00:00:00+00:00,7.769999980926514
1978-09-15 00:00:00+00:00,7.880000114440918
1978-09-18 00:00:00+00:00,7.900000095367432
1978-09-19 00:00:00+00:00,7.949999809265137
1978-09-20 00:00:00+00:00,8.079999923706055
1978-09-21 00:00:00+00:00,8.039999961853027
1978-09-22 00:00:00+00:00,8.149999618530273
1978-09-25 00:00:00+00:00,8.09000015258789
1978-09-26 00:00:00+00:00,8.010000228881836
1978-09-27 00:00:00+00:00,7.889999866485596
1978-09-28 00:00:00+00:00,7.829999923706055
1978-09-29 00:00:00+00:00,7.980000019073486
1978-10-02 00:00:00+00:00,7.980000019073486
1978-10-03 00:00:00+00:00,8.15999984741211
1978-10-04 00:00:00+00:00,8.180000305175781
1978-10-05 00:00:00+00:00,8.1899995803833
1978-10-06 00:00:00+00:00,8.1899995803833
1978-10-10 00:00:00+00:00,8.210000038146973
1978-10-11 00:00:00+00:00,8.09000015258789
1978-10-12 00:00:00+00:00,7.78000020980835
1978-10-13 00:00:00+00:00,7.820000171661377
1978-10-16 00:00:00+00:00,7.880000114440918
1978-10-17 00:00:00+00:00,8.149999618530273
1978-10-18 00:00:00+00:00,7.940000057220459
1978-10-19 00:00:00+00:00,7.75
1978-10-20 00:00:00+00:00,7.75
1978-10-23 00:00:00+00:00,7.519999980926514
1978-10-24 00:00:00+00:00,7.769999980926514
1978-10-25 00:00:00+00:00,7.539999961853027
1978-10-26 00:00:00+00:00,7.760000228881836
1978-10-27 00:00:00+00:00,7.929999828338623
1978-10-30 00:00:00+00:00,8.470000267028809
1978-10-31 00:00:00+00:00,8.75
1978-11-01 00:00:00+00:00,8.850000381469727
1978-11-02 00:00:00+00:00,8.760000228881836
1978-11-03 00:00:00+00:00,8.800000190734863
1978-11-06 00:00:00+00:00,8.84000015258789
1978-11-08 00:00:00+00:00,8.989999771118164
1978-11-09 00:00:00+00:00,8.819999694824219
1978-11-10 00:00:00+00:00,8.510000228881836
1978-11-13 00:00:00+00:00,8.229999542236328
1978-11-14 00:00:00+00:00,8.300000190734863
1978-11-15 00:00:00+00:00,8.020000457763672
1978-11-16 00:00:00+00:00,8.170000076293945
1978-11-17 00:00:00+00:00,7.980000019073486
1978-11-20 00:00:00+00:00,8.210000038146973
1978-11-21 00:00:00+00:00,8.829999923706055
1978-11-22 00:00:00+00:00,8.630000114440918
1978-11-24 00:00:00+00:00,8.859999656677246
1978-11-27 00:00:00+00:00,8.960000038146973
1978-11-28 00:00:00+00:00,9.119999885559082
1978-11-29 00:00:00+00:00,8.979999542236328
1978-11-30 00:00:00+00:00,9.010000228881836
1978-12-01 00:00:00+00:00,8.850000381469727
1978-12-04 00:00:00+00:00,8.949999809265137
1978-12-05 00:00:00+00:00,8.949999809265137
1978-12-06 00:00:00+00:00,8.890000343322754
1978-12-07 00:00:00+00:00,8.899999618530273
1978-12-08 00:00:00+00:00,8.949999809265137
1978-12-11 00:00:00+00:00,8.930000305175781
1978-12-12 00:00:00+00:00,8.859999656677246
1978-12-13 00:00:00+00:00,8.880000114440918
1978-12-14 00:00:00+00:00,8.899999618530273
1978-12-15 00:00:00+00:00,9.079999923706055
1978-12-18 00:00:00+00:00,9.260000228881836
1978-12-19 00:00:00+00:00,9.210000038146973
1978-12-20 00:00:00+00:00,9.25
1978-12-21 00:00:00+00:00,9.289999961853027
1978-12-22 00:00:00+00:00,9.369999885559082
1978-12-26 00:00:00+00:00,9.359999656677246
1978-12-27 00:00:00+00:00,9.1899995803833
1978-12-28 00:00:00+00:00,9.199999809265137
1978-12-29 00:00:00+00:00,9.260000228881836
1979-01-02 00:00:00+00:00,9.40999984741211
1979-01-03 00:00:00+00:00,9.3100004196167
1979-01-04 00:00:00+00:00,9.3100004196167
1979-01-05 00:00:00+00:00,9.34000015258789
1979-01-08 00:00:00+00:00,9.359999656677246
1979-01-09 00:00:00+00:00,9.270000457763672
1979-01-10 00:00:00+00:00,9.25
1979-01-11 00:00:00+00:00,9.279999732971191
1979-01-12 00:00:00+00:00,9.350000381469727
1979-01-15 00:00:00+00:00,9.4399995803833
1979-01-16 00:00:00+00:00,9.4399995803833
1979-01-17 00:00:00+00:00,9.4399995803833
1979-01-18 00:00:00+00:00,9.460000038146973
1979-01-19 00:00:00+00:00,9.399999618530273
1979-01-22 00:00:00+00:00,9.34000015258789
1979-01-23 00:00:00+00:00,9.359999656677246
1979-01-24 00:00:00+00:00,9.350000381469727
1979-01-25 00:00:00+00:00,9.329999923706055
1979-01-26 00:00:00+00:00,9.34000015258789
1979-01-29 00:00:00+00:00,9.350000381469727
1979-01-30 00:00:00+00:00,9.270000457763672
1979-01-31 00:00:00+00:00,9.289999961853027
1979-02-01 00:00:00+00:00,9.25
1979-02-02 00:00:00+00:00,9.25
1979-02-05 00:00:00+00:00,9.180000305175781
1979-02-06 00:00:00+00:00,9.210000038146973
1979-02-07 00:00:00+00:00,9.25
1979-02-08 00:00:00+00:00,9.239999771118164
1979-02-09 00:00:00+00:00,9.3100004196167
1979-02-13 00:00:00+00:00,9.289999961853027
1979-02-14 00:00:00+00:00,9.270000457763672
1979-02-15 00:00:00+00:00,9.260000228881836
1979-02-16 00:00:00+00:00,9.289999961853027
1979-02-20 00:00:00+00:00,9.380000114440918
1979-02-21 00:00:00+00:00,9.420000076293945
1979-02-22 00:00:00+00:00,9.40999984741211
1979-02-23 00:00:00+00:00,9.4399995803833
1979-02-26 00:00:00+00:00,9.460000038146973
1979-02-27 00:00:00+00:00,9.470000267028809
1979-02-28 00:00:00+00:00,9.449999809265137
1979-03-01 00:00:00+00:00,9.399999618530273
1979-03-02 00:00:00+00:00,9.40999984741211
1979-03-05 00:00:00+00:00,9.399999618530273
1979-03-06 00:00:00+00:00,9.420000076293945
1979-03-07 00:00:00+00:00,9.420000076293945
1979-03-08 00:00:00+00:00,9.420000076293945
1979-03-09 00:00:00+00:00,9.520000457763672
1979-03-12 00:00:00+00:00,9.510000228881836
1979-03-13 00:00:00+00:00,9.510000228881836
1979-03-14 00:00:00+00:00,9.520000457763672
1979-03-15 00:00:00+00:00,9.489999771118164
1979-03-16 00:00:00+00:00,9.520000457763672
1979-03-19 00:00:00+00:00,9.5
1979-03-20 00:00:00+00:00,9.520000457763672
1979-03-21 00:00:00+00:00,9.5600004196167
1979-03-22 00:00:00+00:00,9.5600004196167
1979-03-23 00:00:00+00:00,9.550000190734863
1979-03-26 00:00:00+00:00,9.539999961853027
1979-03-27 00:00:00+00:00,9.489999771118164
1979-03-28 00:00:00+00:00,9.430000305175781
1979-03-29 00:00:00+00:00,9.390000343322754
1979-03-30 00:00:00+00:00,9.4399995803833
1979-04-02 00:00:00+00:00,9.539999961853027
1979-04-03 00:00:00+00:00,9.520000457763672
1979-04-04 00:00:00+00:00,9.489999771118164
1979-04-05 00:00:00+00:00,9.489999771118164
1979-04-06 00:00:00+00:00,9.600000381469727
1979-04-09 00:00:00+00:00,9.619999885559082
1979-04-10 00:00:00+00:00,9.75
1979-04-11 00:00:00+00:00,9.720000267028809
1979-04-12 00:00:00+00:00,9.6899995803833
1979-04-16 00:00:00+00:00,9.65999984741211
1979-04-17 00:00:00+00:00,9.5
1979-04-18 00:00:00+00:00,9.289999961853027
1979-04-19 00:00:00+00:00,9.300000190734863
1979-04-20 00:00:00+00:00,9.3100004196167
1979-04-23 00:00:00+00:00,9.199999809265137
1979-04-24 00:00:00+00:00,9.100000381469727
1979-04-25 00:00:00+00:00,9.069999694824219
1979-04-26 00:00:00+00:00,9.140000343322754
1979-04-27 00:00:00+00:00,9.65999984741211
1979-04-30 00:00:00+00:00,9.5600004196167
1979-05-01 00:00:00+00:00,9.5
1979-05-02 00:00:00+00:00,9.550000190734863
1979-05-03 00:00:00+00:00,9.609999656677246
1979-05-04 00:00:00+00:00,9.680000305175781
1979-05-07 00:00:00+00:00,9.65999984741211
1979-05-08 00:00:00+00:00,9.65999984741211
1979-05-09 00:00:00+00:00,9.640000343322754
1979-05-10 00:00:00+00:00,9.640000343322754
1979-05-11 00:00:00+00:00,9.5600004196167
1979-05-14 00:00:00+00:00,9.550000190734863
1979-05-15 00:00:00+00:00,9.600000381469727
1979-05-16 00:00:00+00:00,9.569999694824219
1979-05-17 00:00:00+00:00,9.569999694824219
1979-05-18 00:00:00+00:00,9.720000267028809
1979-05-21 00:00:00+00:00,9.770000457763672
1979-05-22 00:00:00+00:00,9.699999809265137
1979-05-23 00:00:00+00:00,9.670000076293945
1979-05-24 00:00:00+00:00,9.529999732971191
1979-05-25 00:00:00+00:00,9.539999961853027
1979-05-29 00:00:00+00:00,9.550000190734863
1979-05-31 00:00:00+00:00,9.569999694824219
1979-06-01 00:00:00+00:00,9.520000457763672
1979-06-04 00:00:00+00:00,9.539999961853027
1979-06-05 00:00:00+00:00,9.4399995803833
1979-06-06 00:00:00+00:00,9.350000381469727
1979-06-07 00:00:00+00:00,9.289999961853027
1979-06-08 00:00:00+00:00,9.180000305175781
1979-06-11 00:00:00+00:00,9.0600004196167
1979-06-12 00:00:00+00:00,8.880000114440918
1979-06-13 00:00:00+00:00,8.869999885559082
1979-06-14 00:00:00+00:00,8.899999618530273
1979-06-15 00:00:00+00:00,9.149999618530273
1979-06-18 00:00:00+00:00,8.949999809265137
1979-06-19 00:00:00+00:00,8.970000267028809
1979-06-20 00:00:00+00:00,8.9399995803833
1979-06-21 00:00:00+00:00,8.960000038146973
1979-06-22 00:00:00+00:00,8.989999771118164
1979-06-25 00:00:00+00:00,8.75
1979-06-26 00:00:00+00:00,8.760000228881836
1979-06-27 00:00:00+00:00,8.8100004196167
1979-06-28 00:00:00+00:00,8.899999618530273
1979-06-29 00:00:00+00:00,8.949999809265137
1979-07-02 00:00:00+00:00,8.930000305175781
1979-07-03 00:00:00+00:00,9.0600004196167
1979-07-05 00:00:00+00:00,9.1899995803833
1979-07-06 00:00:00+00:00,9.199999809265137
1979-07-09 00:00:00+00:00,9.260000228881836
1979-07-10 00:00:00+00:00,9.319999694824219
1979-07-11 00:00:00+00:00,9.270000457763672
1979-07-12 00:00:00+00:00,9.260000228881836
1979-07-13 00:00:00+00:00,9.300000190734863
1979-07-16 00:00:00+00:00,9.359999656677246
1979-07-17 00:00:00+00:00,9.279999732971191
1979-07-18 00:00:00+00:00,9.25
1979-07-19 00:00:00+00:00,9.260000228881836
1979-07-20 00:00:00+00:00,9.420000076293945
1979-07-23 00:00:00+00:00,9.4399995803833
1979-07-24 00:00:00+00:00,9.380000114440918
1979-07-25 00:00:00+00:00,9.220000267028809
1979-07-26 00:00:00+00:00,9.130000114440918
1979-07-27 00:00:00+00:00,9.229999542236328
1979-07-30 00:00:00+00:00,9.09000015258789
1979-07-31 00:00:00+00:00,9.180000305175781
1979-08-01 00:00:00+00:00,9.15999984741211
1979-08-02 00:00:00+00:00,9.329999923706055
1979-08-03 00:00:00+00:00,9.380000114440918
1979-08-06 00:00:00+00:00,9.34000015258789
1979-08-07 00:00:00+00:00,9.399999618530273
1979-08-08 00:00:00+00:00,9.399999618530273
1979-08-09 00:00:00+00:00,9.399999618530273
1979-08-10 00:00:00+00:00,9.460000038146973
1979-08-13 00:00:00+00:00,9.470000267028809
1979-08-14 00:00:00+00:00,9.489999771118164
1979-08-15 00:00:00+00:00,9.550000190734863
1979-08-16 00:00:00+00:00,9.520000457763672
1979-08-17 00:00:00+00:00,9.579999923706055
1979-08-20 00:00:00+00:00,9.5
1979-08-21 00:00:00+00:00,9.539999961853027
1979-08-22 00:00:00+00:00,9.5600004196167
1979-08-23 00:00:00+00:00,9.529999732971191
1979-08-24 00:00:00+00:00,9.640000343322754
1979-08-27 00:00:00+00:00,9.649999618530273
1979-08-28 00:00:00+00:00,9.739999771118164
1979-08-29 00:00:00+00:00,9.770000457763672
1979-08-30 00:00:00+00:00,9.75
1979-08-31 00:00:00+00:00,9.8100004196167
1979-09-04 00:00:00+00:00,10.020000457763672
1979-09-05 00:00:00+00:00,10.069999694824219
1979-09-06 00:00:00+00:00,10.270000457763672
1979-09-07 00:00:00+00:00,10.420000076293945
1979-09-10 00:00:00+00:00,10.550000190734863
1979-09-11 00:00:00+00:00,10.449999809265137
1979-09-12 00:00:00+00:00,10.449999809265137
1979-09-13 00:00:00+00:00,10.5
1979-09-14 00:00:00+00:00,10.289999961853027
1979-09-17 00:00:00+00:00,10.369999885559082
1979-09-18 00:00:00+00:00,10.399999618530273
1979-09-19 00:00:00+00:00,10.199999809265137
1979-09-20 00:00:00+00:00,10.210000038146973
1979-09-21 00:00:00+00:00,10.100000381469727
1979-09-24 00:00:00+00:00,10.029999732971191
1979-09-25 00:00:00+00:00,10.0600004196167
1979-09-26 00:00:00+00:00,10.220000267028809
1979-09-27 00:00:00+00:00,10.279999732971191
1979-09-28 00:00:00+00:00,10.119999885559082
1979-10-01 00:00:00+00:00,10.149999618530273
1979-10-02 00:00:00+00:00,10.369999885559082
1979-10-03 00:00:00+00:00,10.390000343322754
1979-10-04 00:00:00+00:00,10.5600004196167
1979-10-05 00:00:00+00:00,10.699999809265137
1979-10-09 00:00:00+00:00,11.819999694824219
1979-10-10 00:00:00+00:00,11.739999771118164
1979-10-11 00:00:00+00:00,11.569999694824219
1979-10-12 00:00:00+00:00,11.350000381469727
1979-10-15 00:00:00+00:00,11.600000381469727
1979-10-16 00:00:00+00:00,11.84000015258789
1979-10-17 00:00:00+00:00,11.6899995803833
1979-10-18 00:00:00+00:00,12.050000190734863
1979-10-19 00:00:00+00:00,12.369999885559082
1979-10-22 00:00:00+00:00,12.84000015258789
1979-10-23 00:00:00+00:00,13.010000228881836
1979-10-24 00:00:00+00:00,12.720000267028809
1979-10-25 00:00:00+00:00,12.529999732971191
1979-10-26 00:00:00+00:00,11.90999984741211
1979-10-29 00:00:00+00:00,12.020000457763672
1979-10-30 00:00:00+00:00,12.079999923706055
1979-10-31 00:00:00+00:00,12.119999885559082
1979-11-01 00:00:00+00:00,12.0600004196167
1979-11-02 00:00:00+00:00,12.050000190734863
1979-11-05 00:00:00+00:00,12.0600004196167
1979-11-07 00:00:00+00:00,12.479999542236328
1979-11-08 00:00:00+00:00,12.4399995803833
1979-11-09 00:00:00+00:00,12.0
1979-11-13 00:00:00+00:00,12.0600004196167
1979-11-14 00:00:00+00:00,11.9399995803833
1979-11-15 00:00:00+00:00,11.699999809265137
1979-11-16 00:00:00+00:00,11.90999984741211
1979-11-19 00:00:00+00:00,11.989999771118164
1979-11-20 00:00:00+00:00,11.920000076293945
1979-11-21 00:00:00+00:00,11.8100004196167
1979-11-23 00:00:00+00:00,11.34000015258789
1979-11-26 00:00:00+00:00,11.050000190734863
1979-11-27 00:00:00+00:00,11.09000015258789
1979-11-28 00:00:00+00:00,11.399999618530273
1979-11-29 00:00:00+00:00,11.270000457763672
1979-11-30 00:00:00+00:00,11.489999771118164
1979-12-03 00:00:00+00:00,11.829999923706055
1979-12-04 00:00:00+00:00,11.680000305175781
1979-12-05 00:00:00+00:00,11.640000343322754
1979-12-06 00:00:00+00:00,11.649999618530273
1979-12-07 00:00:00+00:00,11.930000305175781
1979-12-10 00:00:00+00:00,12.09000015258789
1979-12-11 00:00:00+00:00,12.289999961853027
1979-12-12 00:00:00+00:00,12.600000381469727
1979-12-13 00:00:00+00:00,12.420000076293945
1979-12-14 00:00:00+00:00,12.300000190734863
1979-12-17 00:00:00+00:00,12.239999771118164
1979-12-18 00:00:00+00:00,12.170000076293945
1979-12-19 00:00:00+00:00,11.90999984741211
1979-12-20 00:00:00+00:00,11.899999618530273
1979-12-21 00:00:00+00:00,12.079999923706055
1979-12-24 00:00:00+00:00,12.050000190734863
1979-12-26 00:00:00+00:00,12.0
1979-12-27 00:00:00+00:00,11.970000267028809
1979-12-28 00:00:00+00:00,11.920000076293945
1979-12-31 00:00:00+00:00,12.039999961853027
1980-01-02 00:00:00+00:00,12.170000076293945
1980-01-03 00:00:00+00:00,12.100000381469727
1980-01-04 00:00:00+00:00,12.100000381469727
1980-01-07 00:00:00+00:00,11.859999656677246
1980-01-08 00:00:00+00:00,11.779999732971191
1980-01-09 00:00:00+00:00,11.760000228881836
1980-01-10 00:00:00+00:00,11.449999809265137
1980-01-11 00:00:00+00:00,11.760000228881836
1980-01-14 00:00:00+00:00,11.84000015258789
1980-01-15 00:00:00+00:00,11.869999885559082
1980-01-16 00:00:00+00:00,11.819999694824219
1980-01-17 00:00:00+00:00,11.9399995803833
1980-01-18 00:00:00+00:00,12.069999694824219
1980-01-21 00:00:00+00:00,12.229999542236328
1980-01-22 00:00:00+00:00,12.15999984741211
1980-01-23 00:00:00+00:00,12.020000457763672
1980-01-24 00:00:00+00:00,12.170000076293945
1980-01-25 00:00:00+00:00,12.289999961853027
1980-01-28 00:00:00+00:00,12.180000305175781
1980-01-29 00:00:00+00:00,12.260000228881836
1980-01-30 00:00:00+00:00,12.130000114440918
1980-01-31 00:00:00+00:00,12.0
1980-02-01 00:00:00+00:00,12.170000076293945
1980-02-04 00:00:00+00:00,11.979999542236328
1980-02-05 00:00:00+00:00,12.220000267028809
1980-02-06 00:00:00+00:00,12.0600004196167
1980-02-07 00:00:00+00:00,11.920000076293945
1980-02-08 00:00:00+00:00,12.069999694824219
1980-02-11 00:00:00+00:00,12.220000267028809
1980-02-13 00:00:00+00:00,12.180000305175781
1980-02-14 00:00:00+00:00,12.229999542236328
1980-02-15 00:00:00+00:00,12.800000190734863
1980-02-19 00:00:00+00:00,13.399999618530273
1980-02-20 00:00:00+00:00,13.300000190734863
1980-02-21 00:00:00+00:00,13.420000076293945
1980-02-22 00:00:00+00:00,13.380000114440918
1980-02-25 00:00:00+00:00,13.649999618530273
1980-02-26 00:00:00+00:00,13.850000381469727
1980-02-27 00:00:00+00:00,13.84000015258789
1980-02-28 00:00:00+00:00,13.569999694824219
1980-02-29 00:00:00+00:00,14.010000228881836
1980-03-03 00:00:00+00:00,15.0
1980-03-04 00:00:00+00:00,15.149999618530273
1980-03-05 00:00:00+00:00,15.369999885559082
1980-03-06 00:00:00+00:00,15.699999809265137
1980-03-07 00:00:00+00:00,15.630000114440918
1980-03-10 00:00:00+00:00,15.260000228881836
1980-03-11 00:00:00+00:00,15.380000114440918
1980-03-12 00:00:00+00:00,15.600000381469727
1980-03-13 00:00:00+00:00,15.119999885559082
1980-03-14 00:00:00+00:00,15.25
1980-03-17 00:00:00+00:00,14.670000076293945
1980-03-18 00:00:00+00:00,14.619999885559082
1980-03-19 00:00:00+00:00,14.329999923706055
1980-03-20 00:00:00+00:00,15.020000457763672
1980-03-21 00:00:00+00:00,15.149999618530273
1980-03-24 00:00:00+00:00,15.930000305175781
1980-03-25 00:00:00+00:00,16.0
1980-03-26 00:00:00+00:00,15.930000305175781
1980-03-27 00:00:00+00:00,15.119999885559082
1980-03-28 00:00:00+00:00,14.75
1980-03-31 00:00:00+00:00,14.239999771118164
1980-04-01 00:00:00+00:00,15.029999732971191
1980-04-02 00:00:00+00:00,14.880000114440918
1980-04-03 00:00:00+00:00,14.970000267028809
1980-04-07 00:00:00+00:00,14.40999984741211
1980-04-08 00:00:00+00:00,14.479999542236328
1980-04-09 00:00:00+00:00,14.3100004196167
1980-04-10 00:00:00+00:00,14.300000190734863
1980-04-11 00:00:00+00:00,13.989999771118164
1980-04-14 00:00:00+00:00,13.84000015258789
1980-04-15 00:00:00+00:00,13.819999694824219
1980-04-16 00:00:00+00:00,13.5
1980-04-17 00:00:00+00:00,13.5
1980-04-18 00:00:00+00:00,13.199999809265137
1980-04-21 00:00:00+00:00,12.930000305175781
1980-04-22 00:00:00+00:00,12.25
1980-04-23 00:00:00+00:00,12.010000228881836
1980-04-24 00:00:00+00:00,11.90999984741211
1980-04-25 00:00:00+00:00,11.8100004196167
1980-04-28 00:00:00+00:00,11.0
1980-04-29 00:00:00+00:00,10.739999771118164
1980-04-30 00:00:00+00:00,10.390000343322754
1980-05-01 00:00:00+00:00,10.359999656677246
1980-05-02 00:00:00+00:00,9.850000381469727
1980-05-05 00:00:00+00:00,9.65999984741211
1980-05-06 00:00:00+00:00,9.5
1980-05-07 00:00:00+00:00,8.979999542236328
1980-05-08 00:00:00+00:00,8.75
1980-05-09 00:00:00+00:00,8.8100004196167
1980-05-12 00:00:00+00:00,8.600000381469727
1980-05-13 00:00:00+00:00,8.279999732971191
1980-05-14 00:00:00+00:00,8.140000343322754
1980-05-15 00:00:00+00:00,8.609999656677246
1980-05-16 00:00:00+00:00,9.039999961853027
1980-05-19 00:00:00+00:00,8.890000343322754
1980-05-20 00:00:00+00:00,8.289999961853027
1980-05-21 00:00:00+00:00,8.0600004196167
1980-05-22 00:00:00+00:00,7.949999809265137
1980-05-23 00:00:00+00:00,7.539999961853027
1980-05-27 00:00:00+00:00,7.519999980926514
1980-05-28 00:00:00+00:00,7.659999847412109
1980-05-29 00:00:00+00:00,7.880000114440918
1980-05-30 00:00:00+00:00,7.75
1980-06-02 00:00:00+00:00,7.900000095367432
1980-06-03 00:00:00+00:00,7.610000133514404
1980-06-04 00:00:00+00:00,7.409999847412109
1980-06-05 00:00:00+00:00,7.360000133514404
1980-06-06 00:00:00+00:00,7.289999961853027
1980-06-09 00:00:00+00:00,6.869999885559082
1980-06-10 00:00:00+00:00,6.639999866485596
1980-06-11 00:00:00+00:00,6.300000190734863
1980-06-12 00:00:00+00:00,6.199999809265137
1980-06-13 00:00:00+00:00,6.179999828338623
1980-06-16 00:00:00+00:00,6.369999885559082
1980-06-17 00:00:00+00:00,6.739999771118164
1980-06-18 00:00:00+00:00,6.96999979019165
1980-06-19 00:00:00+00:00,6.980000019073486
1980-06-20 00:00:00+00:00,6.739999771118164
1980-06-23 00:00:00+00:00,7.139999866485596
1980-06-24 00:00:00+00:00,7.300000190734863
1980-06-25 00:00:00+00:00,7.420000076293945
1980-06-26 00:00:00+00:00,7.559999942779541
1980-06-27 00:00:00+00:00,7.699999809265137
1980-06-30 00:00:00+00:00,7.880000114440918
1980-07-01 00:00:00+00:00,8.039999961853027
1980-07-02 00:00:00+00:00,7.940000057220459
1980-07-03 00:00:00+00:00,7.809999942779541
1980-07-07 00:00:00+00:00,8.239999771118164
1980-07-08 00:00:00+00:00,8.0600004196167
1980-07-09 00:00:00+00:00,7.96999979019165
1980-07-10 00:00:00+00:00,7.960000038146973
1980-07-11 00:00:00+00:00,8.170000076293945
1980-07-14 00:00:00+00:00,8.180000305175781
1980-07-15 00:00:00+00:00,8.050000190734863
1980-07-16 00:00:00+00:00,7.760000228881836
1980-07-17 00:00:00+00:00,7.960000038146973
1980-07-18 00:00:00+00:00,7.960000038146973
1980-07-21 00:00:00+00:00,7.860000133514404
1980-07-22 00:00:00+00:00,7.880000114440918
1980-07-23 00:00:00+00:00,7.829999923706055
1980-07-24 00:00:00+00:00,8.010000228881836
1980-07-25 00:00:00+00:00,8.050000190734863
1980-07-28 00:00:00+00:00,8.210000038146973
1980-07-29 00:00:00+00:00,8.300000190734863
1980-07-30 00:00:00+00:00,8.380000114440918
1980-07-31 00:00:00+00:00,8.619999885559082
1980-08-01 00:00:00+00:00,8.699999809265137
1980-08-04 00:00:00+00:00,8.640000343322754
1980-08-05 00:00:00+00:00,8.720000267028809
1980-08-06 00:00:00+00:00,8.550000190734863
1980-08-07 00:00:00+00:00,8.380000114440918
1980-08-08 00:00:00+00:00,8.619999885559082
1980-08-11 00:00:00+00:00,8.829999923706055
1980-08-12 00:00:00+00:00,8.640000343322754
1980-08-13 00:00:00+00:00,8.550000190734863
1980-08-14 00:00:00+00:00,8.449999809265137
1980-08-15 00:00:00+00:00,8.539999961853027
1980-08-18 00:00:00+00:00,9.109999656677246
1980-08-19 00:00:00+00:00,9.380000114440918
1980-08-20 00:00:00+00:00,9.3100004196167
1980-08-21 00:00:00+00:00,9.699999809265137
1980-08-22 00:00:00+00:00,9.539999961853027
1980-08-25 00:00:00+00:00,9.779999732971191
1980-08-26 00:00:00+00:00,9.9399995803833
1980-08-27 00:00:00+00:00,10.069999694824219
1980-08-28 00:00:00+00:00,10.319999694824219
1980-08-29 00:00:00+00:00,9.960000038146973
1980-09-02 00:00:00+00:00,9.869999885559082
1980-09-03 00:00:00+00:00,9.739999771118164
1980-09-04 00:00:00+00:00,9.75
1980-09-05 00:00:00+00:00,9.770000457763672
1980-09-08 00:00:00+00:00,10.100000381469727
1980-09-09 00:00:00+00:00,10.039999961853027
1980-09-10 00:00:00+00:00,9.9399995803833
1980-09-11 00:00:00+00:00,10.140000343322754
1980-09-12 00:00:00+00:00,10.220000267028809
1980-09-15 00:00:00+00:00,10.470000267028809
1980-09-16 00:00:00+00:00,10.289999961853027
1980-09-17 00:00:00+00:00,10.34000015258789
1980-09-18 00:00:00+00:00,10.149999618530273
1980-09-19 00:00:00+00:00,10.029999732971191
1980-09-22 00:00:00+00:00,10.5600004196167
1980-09-23 00:00:00+00:00,10.329999923706055
1980-09-24 00:00:00+00:00,10.15999984741211
1980-09-25 00:00:00+00:00,10.359999656677246
1980-09-26 00:00:00+00:00,10.819999694824219
1980-09-29 00:00:00+00:00,11.180000305175781
1980-09-30 00:00:00+00:00,11.4399995803833
1980-10-01 00:00:00+00:00,11.449999809265137
1980-10-02 00:00:00+00:00,11.529999732971191
1980-10-03 00:00:00+00:00,11.329999923706055
1980-10-06 00:00:00+00:00,11.140000343322754
1980-10-07 00:00:00+00:00,11.300000190734863
1980-10-08 00:00:00+00:00,11.380000114440918
1980-10-09 00:00:00+00:00,11.140000343322754
1980-10-10 00:00:00+00:00,11.25
1980-10-14 00:00:00+00:00,11.180000305175781
1980-10-15 00:00:00+00:00,10.90999984741211
1980-10-16 00:00:00+00:00,10.979999542236328
1980-10-17 00:00:00+00:00,11.199999809265137
1980-10-20 00:00:00+00:00,11.3100004196167
1980-10-21 00:00:00+00:00,11.640000343322754
1980-10-22 00:00:00+00:00,11.8100004196167
1980-10-23 00:00:00+00:00,11.789999961853027
1980-10-24 00:00:00+00:00,11.739999771118164
1980-10-27 00:00:00+00:00,12.3100004196167
1980-10-28 00:00:00+00:00,12.489999771118164
1980-10-29 00:00:00+00:00,12.520000457763672
1980-10-30 00:00:00+00:00,12.539999961853027
1980-10-31 00:00:00+00:00,12.710000038146973
1980-11-03 00:00:00+00:00,13.170000076293945
1980-11-05 00:00:00+00:00,13.399999618530273
1980-11-06 00:00:00+00:00,13.5
1980-11-07 00:00:00+00:00,13.039999961853027
1980-11-10 00:00:00+00:00,13.479999542236328
1980-11-12 00:00:00+00:00,13.180000305175781
1980-11-13 00:00:00+00:00,13.09000015258789
1980-11-14 00:00:00+00:00,13.390000343322754
1980-11-17 00:00:00+00:00,14.1899995803833
1980-11-18 00:00:00+00:00,13.6899995803833
1980-11-19 00:00:00+00:00,13.720000267028809
1980-11-20 00:00:00+00:00,13.960000038146973
1980-11-21 00:00:00+00:00,14.319999694824219
1980-11-24 00:00:00+00:00,14.40999984741211
1980-11-25 00:00:00+00:00,14.15999984741211
1980-11-26 00:00:00+00:00,14.199999809265137
1980-11-28 00:00:00+00:00,14.479999542236328
1980-12-01 00:00:00+00:00,14.710000038146973
1980-12-02 00:00:00+00:00,14.819999694824219
1980-12-03 00:00:00+00:00,14.65999984741211
1980-12-04 00:00:00+00:00,14.859999656677246
1980-12-05 00:00:00+00:00,15.84000015258789
1980-12-08 00:00:00+00:00,16.530000686645508
1980-12-09 00:00:00+00:00,16.719999313354492
1980-12-10 00:00:00+00:00,16.8799991607666
1980-12-11 00:00:00+00:00,17.139999389648438
1980-12-12 00:00:00+00:00,16.549999237060547
1980-12-15 00:00:00+00:00,16.770000457763672
1980-12-16 00:00:00+00:00,16.700000762939453
1980-12-17 00:00:00+00:00,16.469999313354492
1980-12-18 00:00:00+00:00,16.200000762939453
1980-12-19 00:00:00+00:00,14.930000305175781
1980-12-22 00:00:00+00:00,14.84000015258789
1980-12-23 00:00:00+00:00,14.489999771118164
1980-12-24 00:00:00+00:00,14.710000038146973
1980-12-26 00:00:00+00:00,14.449999809265137
1980-12-29 00:00:00+00:00,14.180000305175781
1980-12-30 00:00:00+00:00,14.119999885559082
1980-12-31 00:00:00+00:00,14.300000190734863
1981-01-02 00:00:00+00:00,14.649999618530273
1981-01-05 00:00:00+00:00,13.520000457763672
1981-01-06 00:00:00+00:00,13.579999923706055
1981-01-07 00:00:00+00:00,14.5
1981-01-08 00:00:00+00:00,14.760000228881836
1981-01-09 00:00:00+00:00,15.199999809265137
1981-01-12 00:00:00+00:00,15.220000267028809
1981-01-13 00:00:00+00:00,15.239999771118164
1981-01-14 00:00:00+00:00,15.079999923706055
1981-01-15 00:00:00+00:00,15.25
1981-01-16 00:00:00+00:00,15.149999618530273
1981-01-19 00:00:00+00:00,15.789999961853027
1981-01-20 00:00:00+00:00,15.319999694824219
1981-01-21 00:00:00+00:00,15.710000038146973
1981-01-22 00:00:00+00:00,15.720000267028809
1981-01-23 00:00:00+00:00,15.699999809265137
1981-01-26 00:00:00+00:00,15.350000381469727
1981-01-27 00:00:00+00:00,15.199999809265137
1981-01-28 00:00:00+00:00,15.0600004196167
1981-01-29 00:00:00+00:00,14.869999885559082
1981-01-30 00:00:00+00:00,14.59000015258789
1981-02-02 00:00:00+00:00,14.899999618530273
1981-02-03 00:00:00+00:00,14.850000381469727
1981-02-04 00:00:00+00:00,14.670000076293945
1981-02-05 00:00:00+00:00,14.739999771118164
1981-02-06 00:00:00+00:00,15.319999694824219
1981-02-09 00:00:00+00:00,15.520000457763672
1981-02-10 00:00:00+00:00,15.460000038146973
1981-02-11 00:00:00+00:00,15.539999961853027
1981-02-13 00:00:00+00:00,15.510000228881836
1981-02-17 00:00:00+00:00,15.140000343322754
1981-02-18 00:00:00+00:00,15.020000457763672
1981-02-19 00:00:00+00:00,14.479999542236328
1981-02-20 00:00:00+00:00,14.09000015258789
1981-02-23 00:00:00+00:00,14.229999542236328
1981-02-24 00:00:00+00:00,14.149999618530273
1981-02-25 00:00:00+00:00,14.199999809265137
1981-02-26 00:00:00+00:00,14.140000343322754
1981-02-27 00:00:00+00:00,14.220000267028809
1981-03-02 00:00:00+00:00,14.520000457763672
1981-03-03 00:00:00+00:00,14.390000343322754
1981-03-04 00:00:00+00:00,14.489999771118164
1981-03-05 00:00:00+00:00,14.510000228881836
1981-03-06 00:00:00+00:00,14.289999961853027
1981-03-09 00:00:00+00:00,14.15999984741211
1981-03-10 00:00:00+00:00,13.989999771118164
1981-03-11 00:00:00+00:00,13.920000076293945
1981-03-12 00:00:00+00:00,13.65999984741211
1981-03-13 00:00:00+00:00,13.210000038146973
1981-03-16 00:00:00+00:00,13.020000457763672
1981-03-17 00:00:00+00:00,12.949999809265137
1981-03-18 00:00:00+00:00,12.449999809265137
1981-03-19 00:00:00+00:00,12.359999656677246
1981-03-20 00:00:00+00:00,12.359999656677246
1981-03-23 00:00:00+00:00,12.829999923706055
1981-03-24 00:00:00+00:00,12.84000015258789
1981-03-25 00:00:00+00:00,12.829999923706055
1981-03-26 00:00:00+00:00,12.970000267028809
1981-03-27 00:00:00+00:00,13.079999923706055
1981-03-30 00:00:00+00:00,12.600000381469727
1981-03-31 00:00:00+00:00,12.460000038146973
1981-04-01 00:00:00+00:00,12.369999885559082
1981-04-02 00:00:00+00:00,12.579999923706055
1981-04-03 00:00:00+00:00,12.970000267028809
1981-04-06 00:00:00+00:00,14.0
1981-04-07 00:00:00+00:00,13.630000114440918
1981-04-08 00:00:00+00:00,13.65999984741211
1981-04-09 00:00:00+00:00,13.489999771118164
1981-04-10 00:00:00+00:00,13.59000015258789
1981-04-13 00:00:00+00:00,13.779999732971191
1981-04-14 00:00:00+00:00,13.369999885559082
1981-04-15 00:00:00+00:00,13.680000305175781
1981-04-16 00:00:00+00:00,13.789999961853027
1981-04-20 00:00:00+00:00,13.75
1981-04-21 00:00:00+00:00,13.65999984741211
1981-04-22 00:00:00+00:00,13.579999923706055
1981-04-23 00:00:00+00:00,13.640000343322754
1981-04-24 00:00:00+00:00,14.050000190734863
1981-04-27 00:00:00+00:00,14.279999732971191
1981-04-28 00:00:00+00:00,14.390000343322754
1981-04-29 00:00:00+00:00,14.420000076293945
1981-04-30 00:00:00+00:00,14.859999656677246
1981-05-01 00:00:00+00:00,14.670000076293945
1981-05-04 00:00:00+00:00,16.010000228881836
1981-05-05 00:00:00+00:00,16.610000610351562
1981-05-06 00:00:00+00:00,16.520000457763672
1981-05-07 00:00:00+00:00,16.579999923706055
1981-05-08 00:00:00+00:00,16.479999542236328
1981-05-11 00:00:00+00:00,16.59000015258789
1981-05-12 00:00:00+00:00,16.940000534057617
1981-05-13 00:00:00+00:00,17.010000228881836
1981-05-14 00:00:00+00:00,16.670000076293945
1981-05-15 00:00:00+00:00,16.549999237060547
1981-05-18 00:00:00+00:00,16.200000762939453
1981-05-19 00:00:00+00:00,16.559999465942383
1981-05-20 00:00:00+00:00,16.600000381469727
1981-05-21 00:00:00+00:00,17.0
1981-05-22 00:00:00+00:00,16.68000030517578
1981-05-26 00:00:00+00:00,15.930000305175781
1981-05-27 00:00:00+00:00,16.010000228881836
1981-05-28 00:00:00+00:00,15.380000114440918
1981-05-29 00:00:00+00:00,15.100000381469727
1981-06-01 00:00:00+00:00,15.5
1981-06-02 00:00:00+00:00,15.6899995803833
1981-06-03 00:00:00+00:00,15.640000343322754
1981-06-04 00:00:00+00:00,15.8100004196167
1981-06-05 00:00:00+00:00,15.829999923706055
1981-06-08 00:00:00+00:00,15.180000305175781
1981-06-09 00:00:00+00:00,15.010000228881836
1981-06-10 00:00:00+00:00,14.6899995803833
1981-06-11 00:00:00+00:00,14.5600004196167
1981-06-12 00:00:00+00:00,14.529999732971191
1981-06-15 00:00:00+00:00,13.720000267028809
1981-06-16 00:00:00+00:00,13.729999542236328
1981-06-17 00:00:00+00:00,14.239999771118164
1981-06-18 00:00:00+00:00,15.0
1981-06-19 00:00:00+00:00,14.869999885559082
1981-06-22 00:00:00+00:00,14.359999656677246
1981-06-23 00:00:00+00:00,14.5
1981-06-24 00:00:00+00:00,14.699999809265137
1981-06-25 00:00:00+00:00,14.239999771118164
1981-06-26 00:00:00+00:00,14.130000114440918
1981-06-29 00:00:00+00:00,13.9399995803833
1981-06-30 00:00:00+00:00,14.279999732971191
1981-07-01 00:00:00+00:00,14.649999618530273
1981-07-02 00:00:00+00:00,14.479999542236328
1981-07-06 00:00:00+00:00,14.350000381469727
1981-07-07 00:00:00+00:00,14.890000343322754
1981-07-08 00:00:00+00:00,14.979999542236328
1981-07-09 00:00:00+00:00,15.130000114440918
1981-07-10 00:00:00+00:00,14.75
1981-07-13 00:00:00+00:00,14.600000381469727
1981-07-14 00:00:00+00:00,14.779999732971191
1981-07-15 00:00:00+00:00,14.449999809265137
1981-07-16 00:00:00+00:00,14.520000457763672
1981-07-17 00:00:00+00:00,14.430000305175781
1981-07-20 00:00:00+00:00,15.5
1981-07-21 00:00:00+00:00,15.720000267028809
1981-07-22 00:00:00+00:00,15.680000305175781
1981-07-23 00:00:00+00:00,15.5
1981-07-24 00:00:00+00:00,15.079999923706055
1981-07-27 00:00:00+00:00,15.109999656677246
1981-07-28 00:00:00+00:00,15.300000190734863
1981-07-29 00:00:00+00:00,15.180000305175781
1981-07-30 00:00:00+00:00,14.869999885559082
1981-07-31 00:00:00+00:00,14.869999885559082
1981-08-03 00:00:00+00:00,15.5
1981-08-04 00:00:00+00:00,15.479999542236328
1981-08-05 00:00:00+00:00,15.350000381469727
1981-08-06 00:00:00+00:00,15.359999656677246
1981-08-07 00:00:00+00:00,15.4399995803833
1981-08-10 00:00:00+00:00,15.220000267028809
1981-08-11 00:00:00+00:00,14.850000381469727
1981-08-12 00:00:00+00:00,15.279999732971191
1981-08-13 00:00:00+00:00,15.420000076293945
1981-08-14 00:00:00+00:00,15.5
1981-08-17 00:00:00+00:00,15.739999771118164
1981-08-18 00:00:00+00:00,15.720000267028809
1981-08-19 00:00:00+00:00,15.670000076293945
1981-08-20 00:00:00+00:00,15.619999885559082
1981-08-21 00:00:00+00:00,15.399999618530273
1981-08-24 00:00:00+00:00,15.850000381469727
1981-08-25 00:00:00+00:00,15.779999732971191
1981-08-26 00:00:00+00:00,15.829999923706055
1981-08-27 00:00:00+00:00,15.720000267028809
1981-08-28 00:00:00+00:00,15.380000114440918
1981-08-31 00:00:00+00:00,15.520000457763672
1981-09-01 00:00:00+00:00,15.59000015258789
1981-09-02 00:00:00+00:00,15.65999984741211
1981-09-03 00:00:00+00:00,15.630000114440918
1981-09-04 00:00:00+00:00,15.5600004196167
1981-09-08 00:00:00+00:00,15.649999618530273
1981-09-09 00:00:00+00:00,15.359999656677246
1981-09-10 00:00:00+00:00,15.010000228881836
1981-09-11 00:00:00+00:00,14.520000457763672
1981-09-14 00:00:00+00:00,14.449999809265137
1981-09-15 00:00:00+00:00,14.289999961853027
1981-09-16 00:00:00+00:00,14.34000015258789
1981-09-17 00:00:00+00:00,14.319999694824219
1981-09-18 00:00:00+00:00,14.34000015258789
1981-09-21 00:00:00+00:00,14.270000457763672
1981-09-22 00:00:00+00:00,14.479999542236328
1981-09-23 00:00:00+00:00,14.199999809265137
1981-09-24 00:00:00+00:00,14.210000038146973
1981-09-25 00:00:00+00:00,14.300000190734863
1981-09-28 00:00:00+00:00,14.119999885559082
1981-09-29 00:00:00+00:00,14.15999984741211
1981-09-30 00:00:00+00:00,14.34000015258789
1981-10-01 00:00:00+00:00,14.569999694824219
1981-10-02 00:00:00+00:00,14.649999618530273
1981-10-05 00:00:00+00:00,14.270000457763672
1981-10-06 00:00:00+00:00,13.899999618530273
1981-10-07 00:00:00+00:00,13.850000381469727
1981-10-08 00:00:00+00:00,13.699999809265137
1981-10-09 00:00:00+00:00,13.329999923706055
1981-10-13 00:00:00+00:00,13.5
1981-10-14 00:00:00+00:00,13.239999771118164
1981-10-15 00:00:00+00:00,13.359999656677246
1981-10-16 00:00:00+00:00,13.520000457763672
1981-10-19 00:00:00+00:00,13.520000457763672
1981-10-20 00:00:00+00:00,13.460000038146973
1981-10-21 00:00:00+00:00,13.289999961853027
1981-10-22 00:00:00+00:00,13.319999694824219
1981-10-23 00:00:00+00:00,13.239999771118164
1981-10-26 00:00:00+00:00,13.319999694824219
1981-10-27 00:00:00+00:00,13.359999656677246
1981-10-28 00:00:00+00:00,13.220000267028809
1981-10-29 00:00:00+00:00,13.039999961853027
1981-10-30 00:00:00+00:00,12.75
1981-11-02 00:00:00+00:00,12.6899995803833
1981-11-04 00:00:00+00:00,12.300000190734863
1981-11-05 00:00:00+00:00,12.180000305175781
1981-11-06 00:00:00+00:00,11.680000305175781
1981-11-09 00:00:00+00:00,11.1899995803833
1981-11-10 00:00:00+00:00,11.149999618530273
1981-11-12 00:00:00+00:00,10.600000381469727
1981-11-13 00:00:00+00:00,10.779999732971191
1981-11-16 00:00:00+00:00,10.630000114440918
1981-11-17 00:00:00+00:00,10.630000114440918
1981-11-18 00:00:00+00:00,10.069999694824219
1981-11-19 00:00:00+00:00,10.119999885559082
1981-11-20 00:00:00+00:00,10.109999656677246
1981-11-23 00:00:00+00:00,10.489999771118164
1981-11-24 00:00:00+00:00,10.170000076293945
1981-11-25 00:00:00+00:00,10.100000381469727
1981-11-27 00:00:00+00:00,10.170000076293945
1981-11-30 00:00:00+00:00,10.369999885559082
1981-12-01 00:00:00+00:00,10.489999771118164
1981-12-02 00:00:00+00:00,10.619999885559082
1981-12-03 00:00:00+00:00,10.520000457763672
1981-12-04 00:00:00+00:00,9.9399995803833
1981-12-07 00:00:00+00:00,10.220000267028809
1981-12-08 00:00:00+00:00,10.260000228881836
1981-12-09 00:00:00+00:00,10.380000114440918
1981-12-10 00:00:00+00:00,10.680000305175781
1981-12-11 00:00:00+00:00,10.819999694824219
1981-12-14 00:00:00+00:00,10.949999809265137
1981-12-15 00:00:00+00:00,10.890000343322754
1981-12-16 00:00:00+00:00,10.869999885559082
1981-12-17 00:00:00+00:00,11.140000343322754
1981-12-18 00:00:00+00:00,10.869999885559082
1981-12-21 00:00:00+00:00,11.100000381469727
1981-12-22 00:00:00+00:00,11.029999732971191
1981-12-23 00:00:00+00:00,11.319999694824219
1981-12-24 00:00:00+00:00,11.100000381469727
1981-12-28 00:00:00+00:00,11.270000457763672
1981-12-29 00:00:00+00:00,11.699999809265137
1981-12-30 00:00:00+00:00,11.359999656677246
1981-12-31 00:00:00+00:00,11.079999923706055
1982-01-04 00:00:00+00:00,11.390000343322754
1982-01-05 00:00:00+00:00,11.720000267028809
1982-01-06 00:00:00+00:00,11.640000343322754
1982-01-07 00:00:00+00:00,11.65999984741211
1982-01-08 00:00:00+00:00,11.520000457763672
1982-01-11 00:00:00+00:00,11.970000267028809
1982-01-12 00:00:00+00:00,11.960000038146973
1982-01-13 00:00:00+00:00,12.140000343322754
1982-01-14 00:00:00+00:00,12.0600004196167
1982-01-15 00:00:00+00:00,12.210000038146973
1982-01-18 00:00:00+00:00,12.25
1982-01-19 00:00:00+00:00,12.5600004196167
1982-01-20 00:00:00+00:00,12.720000267028809
1982-01-21 00:00:00+00:00,12.770000457763672
1982-01-22 00:00:00+00:00,13.020000457763672
1982-01-25 00:00:00+00:00,13.319999694824219
1982-01-26 00:00:00+00:00,13.020000457763672
1982-01-27 00:00:00+00:00,12.800000190734863
1982-01-28 00:00:00+00:00,12.279999732971191
1982-01-29 00:00:00+00:00,12.520000457763672
1982-02-01 00:00:00+00:00,13.680000305175781
1982-02-02 00:00:00+00:00,13.609999656677246
1982-02-03 00:00:00+00:00,13.770000457763672
1982-02-04 00:00:00+00:00,13.6899995803833
1982-02-05 00:00:00+00:00,13.630000114440918
1982-02-08 00:00:00+00:00,13.960000038146973
1982-02-09 00:00:00+00:00,14.180000305175781
1982-02-10 00:00:00+00:00,14.149999618530273
1982-02-11 00:00:00+00:00,14.1899995803833
1982-02-16 00:00:00+00:00,14.569999694824219
1982-02-17 00:00:00+00:00,14.470000267028809
1982-02-18 00:00:00+00:00,13.699999809265137
1982-02-19 00:00:00+00:00,13.489999771118164
1982-02-22 00:00:00+00:00,12.550000190734863
1982-02-23 00:00:00+00:00,12.350000381469727
1982-02-24 00:00:00+00:00,12.0
1982-02-25 00:00:00+00:00,12.229999542236328
1982-02-26 00:00:00+00:00,12.4399995803833
1982-03-01 00:00:00+00:00,12.270000457763672
1982-03-02 00:00:00+00:00,12.369999885559082
1982-03-03 00:00:00+00:00,12.279999732971191
1982-03-04 00:00:00+00:00,12.180000305175781
1982-03-05 00:00:00+00:00,12.1899995803833
1982-03-08 00:00:00+00:00,12.119999885559082
1982-03-09 00:00:00+00:00,12.359999656677246
1982-03-10 00:00:00+00:00,12.40999984741211
1982-03-11 00:00:00+00:00,12.640000343322754
1982-03-12 00:00:00+00:00,12.8100004196167
1982-03-15 00:00:00+00:00,12.890000343322754
1982-03-16 00:00:00+00:00,12.729999542236328
1982-03-17 00:00:00+00:00,12.760000228881836
1982-03-18 00:00:00+00:00,12.829999923706055
1982-03-19 00:00:00+00:00,13.039999961853027
1982-03-22 00:00:00+00:00,12.649999618530273
1982-03-23 00:00:00+00:00,12.529999732971191
1982-03-24 00:00:00+00:00,12.680000305175781
1982-03-25 00:00:00+00:00,12.75
1982-03-26 00:00:00+00:00,13.0
1982-03-29 00:00:00+00:00,13.40999984741211
1982-03-30 00:00:00+00:00,13.430000305175781
1982-03-31 00:00:00+00:00,13.260000228881836
1982-04-01 00:00:00+00:00,13.239999771118164
1982-04-02 00:00:00+00:00,13.260000228881836
1982-04-05 00:00:00+00:00,13.050000190734863
1982-04-06 00:00:00+00:00,13.130000114440918
1982-04-07 00:00:00+00:00,13.180000305175781
1982-04-08 00:00:00+00:00,13.029999732971191
1982-04-12 00:00:00+00:00,12.8100004196167
1982-04-13 00:00:00+00:00,12.729999542236328
1982-04-14 00:00:00+00:00,12.8100004196167
1982-04-15 00:00:00+00:00,12.859999656677246
1982-04-16 00:00:00+00:00,12.640000343322754
1982-04-19 00:00:00+00:00,12.479999542236328
1982-04-20 00:00:00+00:00,12.460000038146973
1982-04-21 00:00:00+00:00,12.1899995803833
1982-04-22 00:00:00+00:00,12.420000076293945
1982-04-23 00:00:00+00:00,12.390000343322754
1982-04-26 00:00:00+00:00,12.4399995803833
1982-04-27 00:00:00+00:00,12.430000305175781
1982-04-28 00:00:00+00:00,12.4399995803833
1982-04-29 00:00:00+00:00,12.4399995803833
1982-04-30 00:00:00+00:00,12.34000015258789
1982-05-03 00:00:00+00:00,12.739999771118164
1982-05-04 00:00:00+00:00,12.729999542236328
1982-05-05 00:00:00+00:00,12.619999885559082
1982-05-06 00:00:00+00:00,12.34000015258789
1982-05-07 00:00:00+00:00,12.25
1982-05-10 00:00:00+00:00,12.329999923706055
1982-05-11 00:00:00+00:00,12.300000190734863
1982-05-12 00:00:00+00:00,12.399999618530273
1982-05-13 00:00:00+00:00,12.5
1982-05-14 00:00:00+00:00,12.359999656677246
1982-05-17 00:00:00+00:00,12.319999694824219
1982-05-18 00:00:00+00:00,12.229999542236328
1982-05-19 00:00:00+00:00,11.9399995803833
1982-05-20 00:00:00+00:00,11.5
1982-05-21 00:00:00+00:00,11.510000228881836
1982-05-24 00:00:00+00:00,11.5
1982-05-25 00:00:00+00:00,11.569999694824219
1982-05-26 00:00:00+00:00,11.550000190734863
1982-05-27 00:00:00+00:00,11.569999694824219
1982-05-28 00:00:00+00:00,11.5
1982-06-01 00:00:00+00:00,12.010000228881836
1982-06-02 00:00:00+00:00,12.0600004196167
1982-06-03 00:00:00+00:00,12.069999694824219
1982-06-04 00:00:00+00:00,12.220000267028809
1982-06-07 00:00:00+00:00,12.09000015258789
1982-06-08 00:00:00+00:00,12.170000076293945
1982-06-09 00:00:00+00:00,12.079999923706055
1982-06-10 00:00:00+00:00,11.979999542236328
1982-06-11 00:00:00+00:00,11.989999771118164
1982-06-14 00:00:00+00:00,12.34000015258789
1982-06-15 00:00:00+00:00,12.359999656677246
1982-06-16 00:00:00+00:00,12.3100004196167
1982-06-17 00:00:00+00:00,12.5600004196167
1982-06-18 00:00:00+00:00,12.729999542236328
1982-06-21 00:00:00+00:00,12.5600004196167
1982-06-22 00:00:00+00:00,12.779999732971191
1982-06-23 00:00:00+00:00,12.869999885559082
1982-06-24 00:00:00+00:00,12.989999771118164
1982-06-25 00:00:00+00:00,13.1899995803833
1982-06-28 00:00:00+00:00,13.109999656677246
1982-06-29 00:00:00+00:00,13.020000457763672
1982-06-30 00:00:00+00:00,12.760000228881836
1982-07-01 00:00:00+00:00,12.550000190734863
1982-07-02 00:00:00+00:00,12.59000015258789
1982-07-06 00:00:00+00:00,12.619999885559082
1982-07-07 00:00:00+00:00,12.579999923706055
1982-07-08 00:00:00+00:00,11.949999809265137
1982-07-09 00:00:00+00:00,11.770000457763672
1982-07-12 00:00:00+00:00,11.729999542236328
1982-07-13 00:00:00+00:00,11.949999809265137
1982-07-14 00:00:00+00:00,12.0
1982-07-15 00:00:00+00:00,11.640000343322754
1982-07-16 00:00:00+00:00,11.210000038146973
1982-07-19 00:00:00+00:00,11.0600004196167
1982-07-20 00:00:00+00:00,10.65999984741211
1982-07-21 00:00:00+00:00,10.75
1982-07-22 00:00:00+00:00,10.40999984741211
1982-07-23 00:00:00+00:00,10.329999923706055
1982-07-26 00:00:00+00:00,10.449999809265137
1982-07-27 00:00:00+00:00,10.65999984741211
1982-07-28 00:00:00+00:00,10.720000267028809
1982-07-29 00:00:00+00:00,10.529999732971191
1982-07-30 00:00:00+00:00,10.170000076293945
1982-08-02 00:00:00+00:00,9.359999656677246
1982-08-03 00:00:00+00:00,9.800000190734863
1982-08-04 00:00:00+00:00,9.729999542236328
1982-08-05 00:00:00+00:00,9.800000190734863
1982-08-06 00:00:00+00:00,10.3100004196167
1982-08-09 00:00:00+00:00,9.859999656677246
1982-08-10 00:00:00+00:00,10.020000457763672
1982-08-11 00:00:00+00:00,9.970000267028809
1982-08-12 00:00:00+00:00,9.380000114440918
1982-08-13 00:00:00+00:00,9.25
1982-08-16 00:00:00+00:00,8.670000076293945
1982-08-17 00:00:00+00:00,8.050000190734863
1982-08-18 00:00:00+00:00,8.0600004196167
1982-08-19 00:00:00+00:00,7.519999980926514
1982-08-20 00:00:00+00:00,7.079999923706055
1982-08-23 00:00:00+00:00,7.5
1982-08-24 00:00:00+00:00,7.610000133514404
1982-08-25 00:00:00+00:00,7.420000076293945
1982-08-26 00:00:00+00:00,7.139999866485596
1982-08-27 00:00:00+00:00,7.840000152587891
1982-08-30 00:00:00+00:00,8.15999984741211
1982-08-31 00:00:00+00:00,8.420000076293945
1982-09-01 00:00:00+00:00,8.420000076293945
1982-09-02 00:00:00+00:00,8.359999656677246
1982-09-03 00:00:00+00:00,8.170000076293945
1982-09-07 00:00:00+00:00,8.390000343322754
1982-09-08 00:00:00+00:00,8.300000190734863
1982-09-09 00:00:00+00:00,8.279999732971191
1982-09-10 00:00:00+00:00,8.369999885559082
1982-09-13 00:00:00+00:00,8.119999885559082
1982-09-14 00:00:00+00:00,7.889999866485596
1982-09-15 00:00:00+00:00,8.140000343322754
1982-09-16 00:00:00+00:00,8.029999732971191
1982-09-17 00:00:00+00:00,7.960000038146973
1982-09-20 00:00:00+00:00,7.78000020980835
1982-09-21 00:00:00+00:00,7.630000114440918
1982-09-22 00:00:00+00:00,7.349999904632568
1982-09-23 00:00:00+00:00,7.28000020980835
1982-09-24 00:00:00+00:00,7.599999904632568
1982-09-27 00:00:00+00:00,7.579999923706055
1982-09-28 00:00:00+00:00,7.480000019073486
1982-09-29 00:00:00+00:00,7.579999923706055
1982-09-30 00:00:00+00:00,7.619999885559082
1982-10-01 00:00:00+00:00,7.349999904632568
1982-10-04 00:00:00+00:00,7.940000057220459
1982-10-05 00:00:00+00:00,8.140000343322754
1982-10-06 00:00:00+00:00,8.050000190734863
1982-10-07 00:00:00+00:00,7.760000228881836
1982-10-08 00:00:00+00:00,7.75
1982-10-12 00:00:00+00:00,7.380000114440918
1982-10-13 00:00:00+00:00,7.420000076293945
1982-10-14 00:00:00+00:00,7.539999961853027
1982-10-15 00:00:00+00:00,7.559999942779541
1982-10-18 00:00:00+00:00,7.429999828338623
1982-10-19 00:00:00+00:00,7.480000019073486
1982-10-20 00:00:00+00:00,7.559999942779541
1982-10-21 00:00:00+00:00,7.570000171661377
1982-10-22 00:00:00+00:00,7.639999866485596
1982-10-25 00:00:00+00:00,7.869999885559082
1982-10-26 00:00:00+00:00,7.960000038146973
1982-10-27 00:00:00+00:00,8.0
1982-10-28 00:00:00+00:00,7.909999847412109
1982-10-29 00:00:00+00:00,7.900000095367432
1982-11-01 00:00:00+00:00,7.809999942779541
1982-11-03 00:00:00+00:00,7.789999961853027
1982-11-04 00:00:00+00:00,7.730000019073486
1982-11-05 00:00:00+00:00,7.78000020980835
1982-11-08 00:00:00+00:00,7.920000076293945
1982-11-09 00:00:00+00:00,8.0
1982-11-10 00:00:00+00:00,8.079999923706055
1982-11-12 00:00:00+00:00,8.279999732971191
1982-11-15 00:00:00+00:00,8.430000305175781
1982-11-16 00:00:00+00:00,8.399999618530273
1982-11-17 00:00:00+00:00,8.359999656677246
1982-11-18 00:00:00+00:00,8.270000457763672
1982-11-19 00:00:00+00:00,8.100000381469727
1982-11-22 00:00:00+00:00,7.960000038146973
1982-11-23 00:00:00+00:00,7.949999809265137
1982-11-24 00:00:00+00:00,7.929999828338623
1982-11-26 00:00:00+00:00,7.929999828338623
1982-11-29 00:00:00+00:00,8.260000228881836
1982-11-30 00:00:00+00:00,8.279999732971191
1982-12-01 00:00:00+00:00,8.279999732971191
1982-12-02 00:00:00+00:00,8.039999961853027
1982-12-03 00:00:00+00:00,7.840000152587891
1982-12-06 00:00:00+00:00,7.880000114440918
1982-12-07 00:00:00+00:00,7.929999828338623
1982-12-08 00:00:00+00:00,7.96999979019165
1982-12-09 00:00:00+00:00,7.960000038146973
1982-12-10 00:00:00+00:00,8.039999961853027
1982-12-13 00:00:00+00:00,8.0
1982-12-14 00:00:00+00:00,7.679999828338623
1982-12-15 00:00:00+00:00,7.630000114440918
1982-12-16 00:00:00+00:00,7.829999923706055
1982-12-17 00:00:00+00:00,7.869999885559082
1982-12-20 00:00:00+00:00,7.880000114440918
1982-12-21 00:00:00+00:00,7.900000095367432
1982-12-22 00:00:00+00:00,7.920000076293945
1982-12-23 00:00:00+00:00,7.920000076293945
1982-12-27 00:00:00+00:00,7.909999847412109
1982-12-28 00:00:00+00:00,8.050000190734863
1982-12-29 00:00:00+00:00,8.140000343322754
1982-12-30 00:00:00+00:00,8.020000457763672
1982-12-31 00:00:00+00:00,7.920000076293945
1983-01-03 00:00:00+00:00,7.920000076293945
1983-01-04 00:00:00+00:00,8.0
1983-01-05 00:00:00+00:00,7.980000019073486
1983-01-06 00:00:00+00:00,7.940000057220459
1983-01-07 00:00:00+00:00,7.760000228881836
1983-01-10 00:00:00+00:00,7.71999979019165
1983-01-11 00:00:00+00:00,7.690000057220459
1983-01-12 00:00:00+00:00,7.679999828338623
1983-01-13 00:00:00+00:00,7.659999847412109
1983-01-14 00:00:00+00:00,7.550000190734863
1983-01-17 00:00:00+00:00,7.599999904632568
1983-01-18 00:00:00+00:00,7.639999866485596
1983-01-19 00:00:00+00:00,7.679999828338623
1983-01-20 00:00:00+00:00,7.78000020980835
1983-01-21 00:00:00+00:00,8.029999732971191
1983-01-24 00:00:00+00:00,8.100000381469727
1983-01-25 00:00:00+00:00,8.050000190734863
1983-01-26 00:00:00+00:00,8.079999923706055
1983-01-27 00:00:00+00:00,8.020000457763672
1983-01-28 00:00:00+00:00,8.0
1983-01-31 00:00:00+00:00,8.100000381469727
1983-02-01 00:00:00+00:00,8.15999984741211
1983-02-02 00:00:00+00:00,8.15999984741211
1983-02-03 00:00:00+00:00,8.149999618530273
1983-02-04 00:00:00+00:00,8.25
1983-02-07 00:00:00+00:00,8.229999542236328
1983-02-08 00:00:00+00:00,8.289999961853027
1983-02-09 00:00:00+00:00,8.279999732971191
1983-02-10 00:00:00+00:00,8.170000076293945
1983-02-11 00:00:00+00:00,8.140000343322754
1983-02-14 00:00:00+00:00,8.239999771118164
1983-02-15 00:00:00+00:00,8.25
1983-02-16 00:00:00+00:00,8.199999809265137
1983-02-17 00:00:00+00:00,8.100000381469727
1983-02-18 00:00:00+00:00,7.989999771118164
1983-02-22 00:00:00+00:00,7.909999847412109
1983-02-23 00:00:00+00:00,7.960000038146973
1983-02-24 00:00:00+00:00,7.929999828338623
1983-02-25 00:00:00+00:00,7.820000171661377
1983-02-28 00:00:00+00:00,7.929999828338623
1983-03-01 00:00:00+00:00,7.960000038146973
1983-03-02 00:00:00+00:00,8.0
1983-03-03 00:00:00+00:00,7.949999809265137
1983-03-04 00:00:00+00:00,8.010000228881836
1983-03-07 00:00:00+00:00,8.180000305175781
1983-03-08 00:00:00+00:00,8.300000190734863
1983-03-09 00:00:00+00:00,8.260000228881836
1983-03-10 00:00:00+00:00,8.239999771118164
1983-03-11 00:00:00+00:00,8.270000457763672
1983-03-14 00:00:00+00:00,8.229999542236328
1983-03-15 00:00:00+00:00,8.25
1983-03-16 00:00:00+00:00,8.300000190734863
1983-03-17 00:00:00+00:00,8.34000015258789
1983-03-18 00:00:00+00:00,8.4399995803833
1983-03-21 00:00:00+00:00,8.5
1983-03-22 00:00:00+00:00,8.609999656677246
1983-03-23 00:00:00+00:00,8.470000267028809
1983-03-24 00:00:00+00:00,8.510000228881836
1983-03-25 00:00:00+00:00,8.649999618530273
1983-03-28 00:00:00+00:00,8.649999618530273
1983-03-29 00:00:00+00:00,8.630000114440918
1983-03-30 00:00:00+00:00,8.630000114440918
1983-03-31 00:00:00+00:00,8.640000343322754
1983-04-04 00:00:00+00:00,8.640000343322754
1983-04-05 00:00:00+00:00,8.510000228881836
1983-04-06 00:00:00+00:00,8.399999618530273
1983-04-07 00:00:00+00:00,8.359999656677246
1983-04-08 00:00:00+00:00,8.329999923706055
1983-04-11 00:00:00+00:00,8.170000076293945
1983-04-12 00:00:00+00:00,8.199999809265137
1983-04-13 00:00:00+00:00,8.180000305175781
1983-04-14 00:00:00+00:00,8.119999885559082
1983-04-15 00:00:00+00:00,8.140000343322754
1983-04-18 00:00:00+00:00,8.069999694824219
1983-04-19 00:00:00+00:00,8.15999984741211
1983-04-20 00:00:00+00:00,8.100000381469727
1983-04-21 00:00:00+00:00,8.140000343322754
1983-04-22 00:00:00+00:00,8.149999618530273
1983-04-25 00:00:00+00:00,8.149999618530273
1983-04-26 00:00:00+00:00,8.140000343322754
1983-04-27 00:00:00+00:00,8.100000381469727
1983-04-28 00:00:00+00:00,8.100000381469727
1983-04-29 00:00:00+00:00,8.079999923706055
1983-05-02 00:00:00+00:00,8.050000190734863
1983-05-03 00:00:00+00:00,8.039999961853027
1983-05-04 00:00:00+00:00,8.010000228881836
1983-05-05 00:00:00+00:00,8.0600004196167
1983-05-06 00:00:00+00:00,7.980000019073486
1983-05-09 00:00:00+00:00,8.130000114440918
1983-05-10 00:00:00+00:00,8.0
1983-05-11 00:00:00+00:00,7.960000038146973
1983-05-12 00:00:00+00:00,8.050000190734863
1983-05-13 00:00:00+00:00,8.020000457763672
1983-05-16 00:00:00+00:00,8.149999618530273
1983-05-17 00:00:00+00:00,8.130000114440918
1983-05-18 00:00:00+00:00,8.109999656677246
1983-05-19 00:00:00+00:00,8.140000343322754
1983-05-20 00:00:00+00:00,8.180000305175781
1983-05-23 00:00:00+00:00,8.420000076293945
1983-05-24 00:00:00+00:00,8.470000267028809
1983-05-25 00:00:00+00:00,8.489999771118164
1983-05-26 00:00:00+00:00,8.529999732971191
1983-05-27 00:00:00+00:00,8.479999542236328
1983-05-31 00:00:00+00:00,8.630000114440918
1983-06-01 00:00:00+00:00,8.579999923706055
1983-06-02 00:00:00+00:00,8.5
1983-06-03 00:00:00+00:00,8.550000190734863
1983-06-06 00:00:00+00:00,8.640000343322754
1983-06-07 00:00:00+00:00,8.819999694824219
1983-06-08 00:00:00+00:00,8.829999923706055
1983-06-09 00:00:00+00:00,8.739999771118164
1983-06-10 00:00:00+00:00,8.779999732971191
1983-06-13 00:00:00+00:00,8.699999809265137
1983-06-14 00:00:00+00:00,8.729999542236328
1983-06-15 00:00:00+00:00,8.720000267028809
1983-06-16 00:00:00+00:00,8.649999618530273
1983-06-17 00:00:00+00:00,8.6899995803833
1983-06-20 00:00:00+00:00,8.960000038146973
1983-06-21 00:00:00+00:00,8.949999809265137
1983-06-22 00:00:00+00:00,8.970000267028809
1983-06-23 00:00:00+00:00,8.930000305175781
1983-06-24 00:00:00+00:00,9.039999961853027
1983-06-27 00:00:00+00:00,9.029999732971191
1983-06-28 00:00:00+00:00,8.979999542236328
1983-06-29 00:00:00+00:00,8.850000381469727
1983-06-30 00:00:00+00:00,8.789999961853027
1983-07-01 00:00:00+00:00,8.729999542236328
1983-07-05 00:00:00+00:00,9.020000457763672
1983-07-06 00:00:00+00:00,9.020000457763672
1983-07-07 00:00:00+00:00,9.100000381469727
1983-07-08 00:00:00+00:00,9.119999885559082
1983-07-11 00:00:00+00:00,9.039999961853027
1983-07-12 00:00:00+00:00,9.140000343322754
1983-07-13 00:00:00+00:00,9.100000381469727
1983-07-14 00:00:00+00:00,9.079999923706055
1983-07-15 00:00:00+00:00,9.140000343322754
1983-07-18 00:00:00+00:00,9.109999656677246
1983-07-19 00:00:00+00:00,9.140000343322754
1983-07-20 00:00:00+00:00,9.069999694824219
1983-07-21 00:00:00+00:00,9.069999694824219
1983-07-22 00:00:00+00:00,9.09000015258789
1983-07-25 00:00:00+00:00,9.069999694824219
1983-07-26 00:00:00+00:00,9.109999656677246
1983-07-27 00:00:00+00:00,9.069999694824219
1983-07-28 00:00:00+00:00,9.170000076293945
1983-07-29 00:00:00+00:00,9.220000267028809
1983-08-01 00:00:00+00:00,9.270000457763672
1983-08-02 00:00:00+00:00,9.489999771118164
1983-08-03 00:00:00+00:00,9.390000343322754
1983-08-04 00:00:00+00:00,9.430000305175781
1983-08-05 00:00:00+00:00,9.449999809265137
1983-08-08 00:00:00+00:00,9.5
1983-08-09 00:00:00+00:00,9.529999732971191
1983-08-10 00:00:00+00:00,9.5600004196167
1983-08-11 00:00:00+00:00,9.520000457763672
1983-08-12 00:00:00+00:00,9.489999771118164
1983-08-15 00:00:00+00:00,9.399999618530273
1983-08-16 00:00:00+00:00,9.399999618530273
1983-08-17 00:00:00+00:00,9.319999694824219
1983-08-18 00:00:00+00:00,9.300000190734863
1983-08-19 00:00:00+00:00,9.3100004196167
1983-08-22 00:00:00+00:00,9.15999984741211
1983-08-23 00:00:00+00:00,9.1899995803833
1983-08-24 00:00:00+00:00,9.119999885559082
1983-08-25 00:00:00+00:00,9.100000381469727
1983-08-26 00:00:00+00:00,9.15999984741211
1983-08-29 00:00:00+00:00,9.25
1983-08-30 00:00:00+00:00,9.300000190734863
1983-08-31 00:00:00+00:00,9.260000228881836
1983-09-01 00:00:00+00:00,9.220000267028809
1983-09-02 00:00:00+00:00,9.270000457763672
1983-09-06 00:00:00+00:00,9.180000305175781
1983-09-07 00:00:00+00:00,9.100000381469727
1983-09-08 00:00:00+00:00,9.109999656677246
1983-09-09 00:00:00+00:00,9.130000114440918
1983-09-12 00:00:00+00:00,9.050000190734863
1983-09-13 00:00:00+00:00,9.079999923706055
1983-09-14 00:00:00+00:00,9.109999656677246
1983-09-15 00:00:00+00:00,9.100000381469727
1983-09-16 00:00:00+00:00,9.069999694824219
1983-09-19 00:00:00+00:00,8.989999771118164
1983-09-20 00:00:00+00:00,8.970000267028809
1983-09-21 00:00:00+00:00,8.949999809265137
1983-09-22 00:00:00+00:00,8.930000305175781
1983-09-23 00:00:00+00:00,8.880000114440918
1983-09-26 00:00:00+00:00,8.729999542236328
1983-09-27 00:00:00+00:00,8.729999542236328
1983-09-28 00:00:00+00:00,8.779999732971191
1983-09-29 00:00:00+00:00,8.8100004196167
1983-09-30 00:00:00+00:00,8.710000038146973
1983-10-03 00:00:00+00:00,8.739999771118164
1983-10-04 00:00:00+00:00,8.649999618530273
1983-10-05 00:00:00+00:00,8.539999961853027
1983-10-06 00:00:00+00:00,8.5600004196167
1983-10-07 00:00:00+00:00,8.600000381469727
1983-10-11 00:00:00+00:00,8.8100004196167
1983-10-12 00:00:00+00:00,8.779999732971191
1983-10-13 00:00:00+00:00,8.8100004196167
1983-10-14 00:00:00+00:00,8.770000457763672
1983-10-17 00:00:00+00:00,8.550000190734863
1983-10-18 00:00:00+00:00,8.520000457763672
1983-10-19 00:00:00+00:00,8.5
1983-10-20 00:00:00+00:00,8.539999961853027
1983-10-21 00:00:00+00:00,8.539999961853027
1983-10-24 00:00:00+00:00,8.680000305175781
1983-10-25 00:00:00+00:00,8.65999984741211
1983-10-26 00:00:00+00:00,8.65999984741211
1983-10-27 00:00:00+00:00,8.649999618530273
1983-10-28 00:00:00+00:00,8.630000114440918
1983-10-31 00:00:00+00:00,8.510000228881836
1983-11-01 00:00:00+00:00,8.470000267028809
1983-11-02 00:00:00+00:00,8.489999771118164
1983-11-03 00:00:00+00:00,8.640000343322754
1983-11-04 00:00:00+00:00,8.8100004196167
1983-11-07 00:00:00+00:00,8.770000457763672
1983-11-09 00:00:00+00:00,8.779999732971191
1983-11-10 00:00:00+00:00,8.760000228881836
1983-11-14 00:00:00+00:00,8.770000457763672
1983-11-15 00:00:00+00:00,8.779999732971191
1983-11-16 00:00:00+00:00,8.800000190734863
1983-11-17 00:00:00+00:00,8.84000015258789
1983-11-18 00:00:00+00:00,8.850000381469727
1983-11-21 00:00:00+00:00,8.779999732971191
1983-11-22 00:00:00+00:00,8.770000457763672
1983-11-23 00:00:00+00:00,8.8100004196167
1983-11-25 00:00:00+00:00,8.779999732971191
1983-11-28 00:00:00+00:00,8.869999885559082
1983-11-29 00:00:00+00:00,8.869999885559082
1983-11-30 00:00:00+00:00,8.880000114440918
1983-12-01 00:00:00+00:00,8.869999885559082
1983-12-02 00:00:00+00:00,8.930000305175781
1983-12-05 00:00:00+00:00,8.930000305175781
1983-12-06 00:00:00+00:00,8.9399995803833
1983-12-07 00:00:00+00:00,8.949999809265137
1983-12-08 00:00:00+00:00,9.020000457763672
1983-12-09 00:00:00+00:00,9.0
1983-12-12 00:00:00+00:00,8.960000038146973
1983-12-13 00:00:00+00:00,9.09000015258789
1983-12-14 00:00:00+00:00,9.119999885559082
1983-12-15 00:00:00+00:00,9.170000076293945
1983-12-16 00:00:00+00:00,9.109999656677246
1983-12-19 00:00:00+00:00,9.09000015258789
1983-12-20 00:00:00+00:00,9.039999961853027
1983-12-21 00:00:00+00:00,9.0
1983-12-22 00:00:00+00:00,8.890000343322754
1983-12-23 00:00:00+00:00,8.960000038146973
1983-12-27 00:00:00+00:00,8.920000076293945
1983-12-28 00:00:00+00:00,8.979999542236328
1983-12-29 00:00:00+00:00,8.979999542236328
1983-12-30 00:00:00+00:00,8.970000267028809
1984-01-03 00:00:00+00:00,9.0
1984-01-04 00:00:00+00:00,8.979999542236328
1984-01-05 00:00:00+00:00,8.930000305175781
1984-01-06 00:00:00+00:00,8.869999885559082
1984-01-09 00:00:00+00:00,8.899999618530273
1984-01-10 00:00:00+00:00,8.899999618530273
1984-01-11 00:00:00+00:00,8.930000305175781
1984-01-12 00:00:00+00:00,8.920000076293945
1984-01-13 00:00:00+00:00,8.739999771118164
1984-01-16 00:00:00+00:00,8.779999732971191
1984-01-17 00:00:00+00:00,8.829999923706055
1984-01-18 00:00:00+00:00,8.90999984741211
1984-01-19 00:00:00+00:00,8.899999618530273
1984-01-20 00:00:00+00:00,8.970000267028809
1984-01-23 00:00:00+00:00,8.9399995803833
1984-01-24 00:00:00+00:00,8.920000076293945
1984-01-25 00:00:00+00:00,8.930000305175781
1984-01-26 00:00:00+00:00,8.930000305175781
1984-01-27 00:00:00+00:00,8.90999984741211
1984-01-30 00:00:00+00:00,8.890000343322754
1984-01-31 00:00:00+00:00,8.890000343322754
1984-02-01 00:00:00+00:00,8.890000343322754
1984-02-02 00:00:00+00:00,8.90999984741211
1984-02-03 00:00:00+00:00,8.960000038146973
1984-02-06 00:00:00+00:00,9.09000015258789
1984-02-07 00:00:00+00:00,9.0600004196167
1984-02-08 00:00:00+00:00,9.0600004196167
1984-02-09 00:00:00+00:00,9.029999732971191
1984-02-10 00:00:00+00:00,9.0600004196167
1984-02-14 00:00:00+00:00,9.069999694824219
1984-02-15 00:00:00+00:00,9.0600004196167
1984-02-16 00:00:00+00:00,9.069999694824219
1984-02-17 00:00:00+00:00,9.170000076293945
1984-02-21 00:00:00+00:00,9.130000114440918
1984-02-22 00:00:00+00:00,9.130000114440918
1984-02-23 00:00:00+00:00,9.260000228881836
1984-02-24 00:00:00+00:00,9.180000305175781
1984-02-27 00:00:00+00:00,9.1899995803833
1984-02-28 00:00:00+00:00,9.210000038146973
1984-02-29 00:00:00+00:00,9.140000343322754
1984-03-01 00:00:00+00:00,9.1899995803833
1984-03-02 00:00:00+00:00,9.15999984741211
1984-03-05 00:00:00+00:00,9.199999809265137
1984-03-06 00:00:00+00:00,9.229999542236328
1984-03-07 00:00:00+00:00,9.3100004196167
1984-03-08 00:00:00+00:00,9.34000015258789
1984-03-09 00:00:00+00:00,9.350000381469727
1984-03-12 00:00:00+00:00,9.34000015258789
1984-03-13 00:00:00+00:00,9.380000114440918
1984-03-14 00:00:00+00:00,9.460000038146973
1984-03-15 00:00:00+00:00,9.479999542236328
1984-03-16 00:00:00+00:00,9.5
1984-03-19 00:00:00+00:00,9.640000343322754
1984-03-20 00:00:00+00:00,9.800000190734863
1984-03-21 00:00:00+00:00,9.8100004196167
1984-03-22 00:00:00+00:00,9.789999961853027
1984-03-23 00:00:00+00:00,9.770000457763672
1984-03-26 00:00:00+00:00,9.729999542236328
1984-03-27 00:00:00+00:00,9.779999732971191
1984-03-28 00:00:00+00:00,9.710000038146973
1984-03-29 00:00:00+00:00,9.680000305175781
1984-03-30 00:00:00+00:00,9.720000267028809
1984-04-02 00:00:00+00:00,9.680000305175781
1984-04-03 00:00:00+00:00,9.779999732971191
1984-04-04 00:00:00+00:00,9.789999961853027
1984-04-05 00:00:00+00:00,9.789999961853027
1984-04-06 00:00:00+00:00,9.680000305175781
1984-04-09 00:00:00+00:00,9.59000015258789
1984-04-10 00:00:00+00:00,9.630000114440918
1984-04-11 00:00:00+00:00,9.630000114440918
1984-04-12 00:00:00+00:00,9.640000343322754
1984-04-13 00:00:00+00:00,9.739999771118164
1984-04-16 00:00:00+00:00,9.789999961853027
1984-04-17 00:00:00+00:00,9.760000228881836
1984-04-18 00:00:00+00:00,9.75
1984-04-19 00:00:00+00:00,9.729999542236328
1984-04-23 00:00:00+00:00,9.649999618530273
1984-04-24 00:00:00+00:00,9.649999618530273
1984-04-25 00:00:00+00:00,9.630000114440918
1984-04-26 00:00:00+00:00,9.539999961853027
1984-04-27 00:00:00+00:00,9.710000038146973
1984-04-30 00:00:00+00:00,9.720000267028809
1984-05-01 00:00:00+00:00,9.699999809265137
1984-05-02 00:00:00+00:00,9.680000305175781
1984-05-03 00:00:00+00:00,9.670000076293945
1984-05-04 00:00:00+00:00,9.869999885559082
1984-05-07 00:00:00+00:00,9.930000305175781
1984-05-08 00:00:00+00:00,10.039999961853027
1984-05-09 00:00:00+00:00,10.0
1984-05-10 00:00:00+00:00,9.859999656677246
1984-05-11 00:00:00+00:00,10.010000228881836
1984-05-14 00:00:00+00:00,9.970000267028809
1984-05-15 00:00:00+00:00,10.109999656677246
1984-05-16 00:00:00+00:00,9.75
1984-05-17 00:00:00+00:00,9.779999732971191
1984-05-18 00:00:00+00:00,9.8100004196167
1984-05-21 00:00:00+00:00,9.699999809265137
1984-05-22 00:00:00+00:00,10.039999961853027
1984-05-23 00:00:00+00:00,9.90999984741211
1984-05-24 00:00:00+00:00,9.710000038146973
1984-05-25 00:00:00+00:00,9.579999923706055
1984-05-29 00:00:00+00:00,9.720000267028809
1984-05-30 00:00:00+00:00,9.760000228881836
1984-05-31 00:00:00+00:00,9.75
1984-06-01 00:00:00+00:00,9.800000190734863
1984-06-04 00:00:00+00:00,9.850000381469727
1984-06-05 00:00:00+00:00,9.75
1984-06-06 00:00:00+00:00,9.760000228881836
1984-06-07 00:00:00+00:00,9.84000015258789
1984-06-08 00:00:00+00:00,9.869999885559082
1984-06-11 00:00:00+00:00,10.029999732971191
1984-06-12 00:00:00+00:00,10.069999694824219
1984-06-13 00:00:00+00:00,9.890000343322754
1984-06-14 00:00:00+00:00,9.880000114440918
1984-06-15 00:00:00+00:00,9.880000114440918
1984-06-18 00:00:00+00:00,9.960000038146973
1984-06-19 00:00:00+00:00,9.90999984741211
1984-06-20 00:00:00+00:00,9.90999984741211
1984-06-21 00:00:00+00:00,9.930000305175781
1984-06-22 00:00:00+00:00,9.84000015258789
1984-06-25 00:00:00+00:00,9.75
1984-06-26 00:00:00+00:00,9.800000190734863
1984-06-27 00:00:00+00:00,9.75
1984-06-28 00:00:00+00:00,9.84000015258789
1984-06-29 00:00:00+00:00,9.920000076293945
1984-07-02 00:00:00+00:00,9.739999771118164
1984-07-03 00:00:00+00:00,9.979999542236328
1984-07-05 00:00:00+00:00,9.960000038146973
1984-07-06 00:00:00+00:00,10.0
1984-07-09 00:00:00+00:00,10.0
1984-07-10 00:00:00+00:00,10.09000015258789
1984-07-11 00:00:00+00:00,10.100000381469727
1984-07-12 00:00:00+00:00,10.029999732971191
1984-07-13 00:00:00+00:00,9.960000038146973
1984-07-16 00:00:00+00:00,10.0
1984-07-17 00:00:00+00:00,10.180000305175781
1984-07-18 00:00:00+00:00,10.109999656677246
1984-07-19 00:00:00+00:00,10.119999885559082
1984-07-20 00:00:00+00:00,10.149999618530273
1984-07-23 00:00:00+00:00,10.210000038146973
1984-07-24 00:00:00+00:00,10.270000457763672
1984-07-25 00:00:00+00:00,10.260000228881836
1984-07-26 00:00:00+00:00,10.239999771118164
1984-07-27 00:00:00+00:00,10.279999732971191
1984-07-30 00:00:00+00:00,10.34000015258789
1984-07-31 00:00:00+00:00,10.399999618530273
1984-08-01 00:00:00+00:00,10.430000305175781
1984-08-02 00:00:00+00:00,10.460000038146973
1984-08-03 00:00:00+00:00,10.460000038146973
1984-08-06 00:00:00+00:00,10.539999961853027
1984-08-07 00:00:00+00:00,10.529999732971191
1984-08-08 00:00:00+00:00,10.470000267028809
1984-08-09 00:00:00+00:00,10.40999984741211
1984-08-10 00:00:00+00:00,10.430000305175781
1984-08-13 00:00:00+00:00,10.449999809265137
1984-08-14 00:00:00+00:00,10.300000190734863
1984-08-15 00:00:00+00:00,10.199999809265137
1984-08-16 00:00:00+00:00,10.260000228881836
1984-08-17 00:00:00+00:00,10.329999923706055
1984-08-20 00:00:00+00:00,10.4399995803833
1984-08-21 00:00:00+00:00,10.420000076293945
1984-08-22 00:00:00+00:00,10.40999984741211
1984-08-23 00:00:00+00:00,10.449999809265137
1984-08-24 00:00:00+00:00,10.479999542236328
1984-08-27 00:00:00+00:00,10.670000076293945
1984-08-28 00:00:00+00:00,10.649999618530273
1984-08-29 00:00:00+00:00,10.65999984741211
1984-08-30 00:00:00+00:00,10.649999618530273
1984-08-31 00:00:00+00:00,10.630000114440918
1984-09-04 00:00:00+00:00,10.670000076293945
1984-09-05 00:00:00+00:00,10.630000114440918
1984-09-06 00:00:00+00:00,10.600000381469727
1984-09-07 00:00:00+00:00,10.729999542236328
1984-09-10 00:00:00+00:00,10.420000076293945
1984-09-11 00:00:00+00:00,10.390000343322754
1984-09-12 00:00:00+00:00,10.399999618530273
1984-09-13 00:00:00+00:00,10.329999923706055
1984-09-14 00:00:00+00:00,10.369999885559082
1984-09-17 00:00:00+00:00,10.380000114440918
1984-09-18 00:00:00+00:00,10.319999694824219
1984-09-19 00:00:00+00:00,10.270000457763672
1984-09-20 00:00:00+00:00,10.239999771118164
1984-09-21 00:00:00+00:00,10.25
1984-09-24 00:00:00+00:00,10.300000190734863
1984-09-25 00:00:00+00:00,10.289999961853027
1984-09-26 00:00:00+00:00,10.220000267028809
1984-09-27 00:00:00+00:00,10.15999984741211
1984-09-28 00:00:00+00:00,10.220000267028809
1984-10-01 00:00:00+00:00,10.229999542236328
1984-10-02 00:00:00+00:00,10.25
1984-10-03 00:00:00+00:00,10.180000305175781
1984-10-04 00:00:00+00:00,10.149999618530273
1984-10-05 00:00:00+00:00,10.140000343322754
1984-10-09 00:00:00+00:00,10.09000015258789
1984-10-10 00:00:00+00:00,10.069999694824219
1984-10-11 00:00:00+00:00,9.960000038146973
1984-10-12 00:00:00+00:00,9.899999618530273
1984-10-15 00:00:00+00:00,9.979999542236328
1984-10-16 00:00:00+00:00,9.949999809265137
1984-10-17 00:00:00+00:00,9.869999885559082
1984-10-18 00:00:00+00:00,9.710000038146973
1984-10-19 00:00:00+00:00,9.5600004196167
1984-10-22 00:00:00+00:00,9.550000190734863
1984-10-23 00:00:00+00:00,9.449999809265137
1984-10-24 00:00:00+00:00,9.15999984741211
1984-10-25 00:00:00+00:00,9.170000076293945
1984-10-26 00:00:00+00:00,9.34000015258789
1984-10-29 00:00:00+00:00,9.289999961853027
1984-10-30 00:00:00+00:00,9.1899995803833
1984-10-31 00:00:00+00:00,9.010000228881836
1984-11-01 00:00:00+00:00,9.010000228881836
1984-11-02 00:00:00+00:00,9.0
1984-11-05 00:00:00+00:00,8.670000076293945
1984-11-07 00:00:00+00:00,8.550000190734863
1984-11-08 00:00:00+00:00,8.75
1984-11-09 00:00:00+00:00,8.640000343322754
1984-11-13 00:00:00+00:00,8.710000038146973
1984-11-14 00:00:00+00:00,8.760000228881836
1984-11-15 00:00:00+00:00,8.65999984741211
1984-11-16 00:00:00+00:00,8.59000015258789
1984-11-19 00:00:00+00:00,8.59000015258789
1984-11-20 00:00:00+00:00,8.619999885559082
1984-11-21 00:00:00+00:00,8.539999961853027
1984-11-23 00:00:00+00:00,8.4399995803833
1984-11-26 00:00:00+00:00,8.479999542236328
1984-11-27 00:00:00+00:00,8.380000114440918
1984-11-28 00:00:00+00:00,8.380000114440918
1984-11-29 00:00:00+00:00,8.350000381469727
1984-11-30 00:00:00+00:00,8.4399995803833
1984-12-03 00:00:00+00:00,8.40999984741211
1984-12-04 00:00:00+00:00,8.489999771118164
1984-12-05 00:00:00+00:00,8.470000267028809
1984-12-06 00:00:00+00:00,8.479999542236328
1984-12-07 00:00:00+00:00,8.350000381469727
1984-12-10 00:00:00+00:00,8.34000015258789
1984-12-11 00:00:00+00:00,8.350000381469727
1984-12-12 00:00:00+00:00,8.270000457763672
1984-12-13 00:00:00+00:00,8.289999961853027
1984-12-14 00:00:00+00:00,8.109999656677246
1984-12-17 00:00:00+00:00,7.960000038146973
1984-12-18 00:00:00+00:00,7.809999942779541
1984-12-19 00:00:00+00:00,7.710000038146973
1984-12-20 00:00:00+00:00,7.800000190734863
1984-12-21 00:00:00+00:00,7.769999980926514
1984-12-24 00:00:00+00:00,7.639999866485596
1984-12-26 00:00:00+00:00,7.630000114440918
1984-12-27 00:00:00+00:00,7.670000076293945
1984-12-28 00:00:00+00:00,7.739999771118164
1984-12-31 00:00:00+00:00,7.849999904632568
1985-01-02 00:00:00+00:00,7.829999923706055
1985-01-03 00:00:00+00:00,7.800000190734863
1985-01-04 00:00:00+00:00,7.820000171661377
1985-01-07 00:00:00+00:00,7.78000020980835
1985-01-08 00:00:00+00:00,7.789999961853027
1985-01-09 00:00:00+00:00,7.690000057220459
1985-01-10 00:00:00+00:00,7.739999771118164
1985-01-11 00:00:00+00:00,7.760000228881836
1985-01-14 00:00:00+00:00,7.699999809265137
1985-01-15 00:00:00+00:00,7.730000019073486
1985-01-16 00:00:00+00:00,7.739999771118164
1985-01-17 00:00:00+00:00,7.739999771118164
1985-01-18 00:00:00+00:00,7.739999771118164
1985-01-22 00:00:00+00:00,7.699999809265137
1985-01-23 00:00:00+00:00,7.639999866485596
1985-01-24 00:00:00+00:00,7.619999885559082
1985-01-25 00:00:00+00:00,7.639999866485596
1985-01-28 00:00:00+00:00,7.71999979019165
1985-01-29 00:00:00+00:00,7.820000171661377
1985-01-30 00:00:00+00:00,7.829999923706055
1985-01-31 00:00:00+00:00,8.050000190734863
1985-02-01 00:00:00+00:00,8.1899995803833
1985-02-04 00:00:00+00:00,8.180000305175781
1985-02-05 00:00:00+00:00,8.140000343322754
1985-02-06 00:00:00+00:00,8.119999885559082
1985-02-07 00:00:00+00:00,8.170000076293945
1985-02-08 00:00:00+00:00,8.229999542236328
1985-02-11 00:00:00+00:00,8.210000038146973
1985-02-13 00:00:00+00:00,8.239999771118164
1985-02-14 00:00:00+00:00,8.1899995803833
1985-02-15 00:00:00+00:00,8.1899995803833
1985-02-19 00:00:00+00:00,8.170000076293945
1985-02-20 00:00:00+00:00,8.239999771118164
1985-02-21 00:00:00+00:00,8.430000305175781
1985-02-22 00:00:00+00:00,8.390000343322754
1985-02-25 00:00:00+00:00,8.380000114440918
1985-02-26 00:00:00+00:00,8.350000381469727
1985-02-27 00:00:00+00:00,8.449999809265137
1985-02-28 00:00:00+00:00,8.5
1985-03-01 00:00:00+00:00,8.65999984741211
1985-03-04 00:00:00+00:00,8.699999809265137
1985-03-05 00:00:00+00:00,8.680000305175781
1985-03-06 00:00:00+00:00,8.6899995803833
1985-03-07 00:00:00+00:00,8.800000190734863
1985-03-08 00:00:00+00:00,8.579999923706055
1985-03-11 00:00:00+00:00,8.470000267028809
1985-03-12 00:00:00+00:00,8.539999961853027
1985-03-13 00:00:00+00:00,8.600000381469727
1985-03-14 00:00:00+00:00,8.720000267028809
1985-03-15 00:00:00+00:00,8.40999984741211
1985-03-18 00:00:00+00:00,8.510000228881836
1985-03-19 00:00:00+00:00,8.550000190734863
1985-03-20 00:00:00+00:00,8.529999732971191
1985-03-21 00:00:00+00:00,8.4399995803833
1985-03-22 00:00:00+00:00,8.510000228881836
1985-03-25 00:00:00+00:00,8.420000076293945
1985-03-26 00:00:00+00:00,8.34000015258789
1985-03-27 00:00:00+00:00,8.329999923706055
1985-03-28 00:00:00+00:00,8.1899995803833
1985-03-29 00:00:00+00:00,8.180000305175781
1985-04-01 00:00:00+00:00,8.149999618530273
1985-04-02 00:00:00+00:00,8.220000267028809
1985-04-03 00:00:00+00:00,8.15999984741211
1985-04-04 00:00:00+00:00,8.130000114440918
1985-04-08 00:00:00+00:00,8.119999885559082
1985-04-09 00:00:00+00:00,8.09000015258789
1985-04-10 00:00:00+00:00,8.100000381469727
1985-04-11 00:00:00+00:00,8.039999961853027
1985-04-12 00:00:00+00:00,8.050000190734863
1985-04-15 00:00:00+00:00,8.069999694824219
1985-04-16 00:00:00+00:00,7.929999828338623
1985-04-17 00:00:00+00:00,7.789999961853027
1985-04-18 00:00:00+00:00,7.710000038146973
1985-04-19 00:00:00+00:00,7.789999961853027
1985-04-22 00:00:00+00:00,7.670000076293945
1985-04-23 00:00:00+00:00,7.78000020980835
1985-04-24 00:00:00+00:00,7.75
1985-04-25 00:00:00+00:00,7.829999923706055
1985-04-26 00:00:00+00:00,7.809999942779541
1985-04-29 00:00:00+00:00,7.840000152587891
1985-04-30 00:00:00+00:00,7.849999904632568
1985-05-01 00:00:00+00:00,7.75
1985-05-02 00:00:00+00:00,7.760000228881836
1985-05-03 00:00:00+00:00,7.71999979019165
1985-05-06 00:00:00+00:00,7.730000019073486
1985-05-07 00:00:00+00:00,7.760000228881836
1985-05-08 00:00:00+00:00,7.820000171661377
1985-05-09 00:00:00+00:00,7.739999771118164
1985-05-10 00:00:00+00:00,7.730000019073486
1985-05-13 00:00:00+00:00,7.710000038146973
1985-05-14 00:00:00+00:00,7.599999904632568
1985-05-15 00:00:00+00:00,7.429999828338623
1985-05-16 00:00:00+00:00,7.369999885559082
1985-05-17 00:00:00+00:00,7.400000095367432
1985-05-20 00:00:00+00:00,7.260000228881836
1985-05-21 00:00:00+00:00,7.300000190734863
1985-05-22 00:00:00+00:00,7.289999961853027
1985-05-23 00:00:00+00:00,7.239999771118164
1985-05-24 00:00:00+00:00,7.179999828338623
1985-05-28 00:00:00+00:00,7.199999809265137
1985-05-29 00:00:00+00:00,7.239999771118164
1985-05-30 00:00:00+00:00,7.179999828338623
1985-05-31 00:00:00+00:00,7.139999866485596
1985-06-03 00:00:00+00:00,7.019999980926514
1985-06-04 00:00:00+00:00,6.960000038146973
1985-06-05 00:00:00+00:00,6.920000076293945
1985-06-06 00:00:00+00:00,6.980000019073486
1985-06-07 00:00:00+00:00,7.150000095367432
1985-06-10 00:00:00+00:00,7.230000019073486
1985-06-11 00:00:00+00:00,7.150000095367432
1985-06-12 00:00:00+00:00,7.090000152587891
1985-06-13 00:00:00+00:00,6.96999979019165
1985-06-14 00:00:00+00:00,6.699999809265137
1985-06-17 00:00:00+00:00,6.769999980926514
1985-06-18 00:00:00+00:00,6.659999847412109
1985-06-19 00:00:00+00:00,6.739999771118164
1985-06-20 00:00:00+00:00,6.829999923706055
1985-06-21 00:00:00+00:00,7.039999961853027
1985-06-24 00:00:00+00:00,7.059999942779541
1985-06-25 00:00:00+00:00,7.090000152587891
1985-06-26 00:00:00+00:00,6.989999771118164
1985-06-27 00:00:00+00:00,6.900000095367432
1985-06-28 00:00:00+00:00,6.829999923706055
1985-07-01 00:00:00+00:00,6.869999885559082
1985-07-02 00:00:00+00:00,6.949999809265137
1985-07-03 00:00:00+00:00,7.019999980926514
1985-07-05 00:00:00+00:00,6.769999980926514
1985-07-08 00:00:00+00:00,6.920000076293945
1985-07-09 00:00:00+00:00,6.960000038146973
1985-07-10 00:00:00+00:00,6.940000057220459
1985-07-11 00:00:00+00:00,7.050000190734863
1985-07-12 00:00:00+00:00,7.090000152587891
1985-07-15 00:00:00+00:00,7.039999961853027
1985-07-16 00:00:00+00:00,7.0
1985-07-17 00:00:00+00:00,6.989999771118164
1985-07-18 00:00:00+00:00,7.150000095367432
1985-07-19 00:00:00+00:00,7.159999847412109
1985-07-22 00:00:00+00:00,7.239999771118164
1985-07-23 00:00:00+00:00,7.260000228881836
1985-07-24 00:00:00+00:00,7.239999771118164
1985-07-25 00:00:00+00:00,7.170000076293945
1985-07-26 00:00:00+00:00,7.190000057220459
1985-07-29 00:00:00+00:00,7.25
1985-07-30 00:00:00+00:00,7.28000020980835
1985-07-31 00:00:00+00:00,7.28000020980835
1985-08-01 00:00:00+00:00,7.269999980926514
1985-08-02 00:00:00+00:00,7.309999942779541
1985-08-05 00:00:00+00:00,7.269999980926514
1985-08-06 00:00:00+00:00,7.260000228881836
1985-08-07 00:00:00+00:00,7.179999828338623
1985-08-08 00:00:00+00:00,7.170000076293945
1985-08-09 00:00:00+00:00,7.159999847412109
1985-08-12 00:00:00+00:00,7.099999904632568
1985-08-13 00:00:00+00:00,7.139999866485596
1985-08-14 00:00:00+00:00,7.090000152587891
1985-08-15 00:00:00+00:00,7.190000057220459
1985-08-16 00:00:00+00:00,7.110000133514404
1985-08-19 00:00:00+00:00,7.130000114440918
1985-08-20 00:00:00+00:00,7.119999885559082
1985-08-21 00:00:00+00:00,7.039999961853027
1985-08-22 00:00:00+00:00,7.03000020980835
1985-08-23 00:00:00+00:00,7.039999961853027
1985-08-26 00:00:00+00:00,7.070000171661377
1985-08-27 00:00:00+00:00,7.050000190734863
1985-08-28 00:00:00+00:00,7.059999942779541
1985-08-29 00:00:00+00:00,7.039999961853027
1985-08-30 00:00:00+00:00,7.139999866485596
1985-09-03 00:00:00+00:00,7.110000133514404
1985-09-04 00:00:00+00:00,7.050000190734863
1985-09-05 00:00:00+00:00,7.130000114440918
1985-09-06 00:00:00+00:00,7.260000228881836
1985-09-09 00:00:00+00:00,7.25
1985-09-10 00:00:00+00:00,7.230000019073486
1985-09-11 00:00:00+00:00,7.239999771118164
1985-09-12 00:00:00+00:00,7.239999771118164
1985-09-13 00:00:00+00:00,7.210000038146973
1985-09-16 00:00:00+00:00,7.179999828338623
1985-09-17 00:00:00+00:00,7.199999809265137
1985-09-18 00:00:00+00:00,7.110000133514404
1985-09-19 00:00:00+00:00,7.090000152587891
1985-09-20 00:00:00+00:00,7.010000228881836
1985-09-23 00:00:00+00:00,6.889999866485596
1985-09-24 00:00:00+00:00,6.840000152587891
1985-09-25 00:00:00+00:00,6.869999885559082
1985-09-26 00:00:00+00:00,6.940000057220459
1985-09-30 00:00:00+00:00,7.039999961853027
1985-10-01 00:00:00+00:00,7.03000020980835
1985-10-02 00:00:00+00:00,7.019999980926514
1985-10-03 00:00:00+00:00,6.980000019073486
1985-10-04 00:00:00+00:00,6.989999771118164
1985-10-07 00:00:00+00:00,7.079999923706055
1985-10-08 00:00:00+00:00,7.159999847412109
1985-10-09 00:00:00+00:00,7.190000057220459
1985-10-10 00:00:00+00:00,7.21999979019165
1985-10-11 00:00:00+00:00,7.190000057220459
1985-10-15 00:00:00+00:00,7.210000038146973
1985-10-16 00:00:00+00:00,7.210000038146973
1985-10-17 00:00:00+00:00,7.190000057220459
1985-10-18 00:00:00+00:00,7.199999809265137
1985-10-21 00:00:00+00:00,7.210000038146973
1985-10-22 00:00:00+00:00,7.159999847412109
1985-10-23 00:00:00+00:00,7.21999979019165
1985-10-24 00:00:00+00:00,7.25
1985-10-25 00:00:00+00:00,7.239999771118164
1985-10-28 00:00:00+00:00,7.210000038146973
1985-10-29 00:00:00+00:00,7.210000038146973
1985-10-30 00:00:00+00:00,7.190000057220459
1985-10-31 00:00:00+00:00,7.190000057220459
1985-11-01 00:00:00+00:00,7.199999809265137
1985-11-04 00:00:00+00:00,7.230000019073486
1985-11-05 00:00:00+00:00,7.239999771118164
1985-11-06 00:00:00+00:00,7.25
1985-11-07 00:00:00+00:00,7.300000190734863
1985-11-08 00:00:00+00:00,7.230000019073486
1985-11-12 00:00:00+00:00,7.21999979019165
1985-11-13 00:00:00+00:00,7.28000020980835
1985-11-14 00:00:00+00:00,7.320000171661377
1985-11-15 00:00:00+00:00,7.349999904632568
1985-11-18 00:00:00+00:00,7.239999771118164
1985-11-19 00:00:00+00:00,7.210000038146973
1985-11-20 00:00:00+00:00,7.25
1985-11-21 00:00:00+00:00,7.230000019073486
1985-11-22 00:00:00+00:00,7.230000019073486
1985-11-25 00:00:00+00:00,7.190000057220459
1985-11-26 00:00:00+00:00,7.199999809265137
1985-11-27 00:00:00+00:00,7.179999828338623
1985-11-29 00:00:00+00:00,7.159999847412109
1985-12-02 00:00:00+00:00,7.260000228881836
1985-12-03 00:00:00+00:00,7.230000019073486
1985-12-04 00:00:00+00:00,7.21999979019165
1985-12-05 00:00:00+00:00,7.260000228881836
1985-12-06 00:00:00+00:00,7.25
1985-12-09 00:00:00+00:00,7.199999809265137
1985-12-10 00:00:00+00:00,7.170000076293945
1985-12-11 00:00:00+00:00,7.050000190734863
1985-12-12 00:00:00+00:00,7.079999923706055
1985-12-13 00:00:00+00:00,6.980000019073486
1985-12-16 00:00:00+00:00,7.03000020980835
1985-12-17 00:00:00+00:00,7.0
1985-12-18 00:00:00+00:00,7.130000114440918
1985-12-19 00:00:00+00:00,7.099999904632568
1985-12-20 00:00:00+00:00,7.050000190734863
1985-12-23 00:00:00+00:00,7.070000171661377
1985-12-24 00:00:00+00:00,7.050000190734863
1985-12-26 00:00:00+00:00,7.010000228881836
1985-12-27 00:00:00+00:00,6.960000038146973
1985-12-30 00:00:00+00:00,6.940000057220459
1985-12-31 00:00:00+00:00,7.050000190734863
1986-01-02 00:00:00+00:00,7.099999904632568
1986-01-03 00:00:00+00:00,7.070000171661377
1986-01-06 00:00:00+00:00,7.059999942779541
1986-01-07 00:00:00+00:00,7.03000020980835
1986-01-08 00:00:00+00:00,7.170000076293945
1986-01-09 00:00:00+00:00,7.179999828338623
1986-01-10 00:00:00+00:00,7.210000038146973
1986-01-13 00:00:00+00:00,7.239999771118164
1986-01-14 00:00:00+00:00,7.239999771118164
1986-01-15 00:00:00+00:00,7.190000057220459
1986-01-16 00:00:00+00:00,7.079999923706055
1986-01-17 00:00:00+00:00,7.110000133514404
1986-01-21 00:00:00+00:00,7.019999980926514
1986-01-22 00:00:00+00:00,7.0
1986-01-23 00:00:00+00:00,6.96999979019165
1986-01-24 00:00:00+00:00,6.96999979019165
1986-01-27 00:00:00+00:00,6.949999809265137
1986-01-28 00:00:00+00:00,6.920000076293945
1986-01-29 00:00:00+00:00,7.03000020980835
1986-01-30 00:00:00+00:00,7.039999961853027
1986-01-31 00:00:00+00:00,6.96999979019165
1986-02-03 00:00:00+00:00,7.0
1986-02-04 00:00:00+00:00,6.980000019073486
1986-02-05 00:00:00+00:00,7.010000228881836
1986-02-06 00:00:00+00:00,7.099999904632568
1986-02-07 00:00:00+00:00,7.210000038146973
1986-02-10 00:00:00+00:00,7.199999809265137
1986-02-11 00:00:00+00:00,7.110000133514404
1986-02-12 00:00:00+00:00,7.110000133514404
1986-02-13 00:00:00+00:00,7.099999904632568
1986-02-14 00:00:00+00:00,7.019999980926514
1986-02-18 00:00:00+00:00,7.019999980926514
1986-02-19 00:00:00+00:00,7.079999923706055
1986-02-20 00:00:00+00:00,7.110000133514404
1986-02-21 00:00:00+00:00,6.980000019073486
1986-02-24 00:00:00+00:00,7.019999980926514
1986-02-25 00:00:00+00:00,7.050000190734863
1986-02-26 00:00:00+00:00,7.070000171661377
1986-02-27 00:00:00+00:00,7.03000020980835
1986-02-28 00:00:00+00:00,7.019999980926514
1986-03-03 00:00:00+00:00,6.96999979019165
1986-03-04 00:00:00+00:00,6.840000152587891
1986-03-05 00:00:00+00:00,6.849999904632568
1986-03-06 00:00:00+00:00,6.690000057220459
1986-03-07 00:00:00+00:00,6.610000133514404
1986-03-10 00:00:00+00:00,6.610000133514404
1986-03-11 00:00:00+00:00,6.570000171661377
1986-03-12 00:00:00+00:00,6.619999885559082
1986-03-13 00:00:00+00:00,6.590000152587891
1986-03-14 00:00:00+00:00,6.539999961853027
1986-03-17 00:00:00+00:00,6.559999942779541
1986-03-18 00:00:00+00:00,6.539999961853027
1986-03-19 00:00:00+00:00,6.489999771118164
1986-03-20 00:00:00+00:00,6.440000057220459
1986-03-21 00:00:00+00:00,6.409999847412109
1986-03-24 00:00:00+00:00,6.409999847412109
1986-03-25 00:00:00+00:00,6.380000114440918
1986-03-26 00:00:00+00:00,6.409999847412109
1986-03-27 00:00:00+00:00,6.340000152587891
1986-03-31 00:00:00+00:00,6.340000152587891
1986-04-01 00:00:00+00:00,6.329999923706055
1986-04-02 00:00:00+00:00,6.340000152587891
1986-04-03 00:00:00+00:00,6.329999923706055
1986-04-04 00:00:00+00:00,6.230000019073486
1986-04-07 00:00:00+00:00,6.239999771118164
1986-04-08 00:00:00+00:00,6.130000114440918
1986-04-09 00:00:00+00:00,6.010000228881836
1986-04-10 00:00:00+00:00,6.019999980926514
1986-04-11 00:00:00+00:00,5.960000038146973
1986-04-14 00:00:00+00:00,5.909999847412109
1986-04-15 00:00:00+00:00,5.809999942779541
1986-04-16 00:00:00+00:00,5.769999980926514
1986-04-17 00:00:00+00:00,5.840000152587891
1986-04-18 00:00:00+00:00,5.869999885559082
1986-04-21 00:00:00+00:00,5.869999885559082
1986-04-22 00:00:00+00:00,5.949999809265137
1986-04-23 00:00:00+00:00,6.090000152587891
1986-04-24 00:00:00+00:00,6.110000133514404
1986-04-25 00:00:00+00:00,6.139999866485596
1986-04-28 00:00:00+00:00,6.099999904632568
1986-04-29 00:00:00+00:00,6.090000152587891
1986-04-30 00:00:00+00:00,6.099999904632568
1986-05-01 00:00:00+00:00,6.110000133514404
1986-05-02 00:00:00+00:00,6.150000095367432
1986-05-05 00:00:00+00:00,6.059999942779541
1986-05-06 00:00:00+00:00,6.050000190734863
1986-05-07 00:00:00+00:00,6.039999961853027
1986-05-08 00:00:00+00:00,6.039999961853027
1986-05-09 00:00:00+00:00,6.050000190734863
1986-05-12 00:00:00+00:00,6.130000114440918
1986-05-13 00:00:00+00:00,6.090000152587891
1986-05-14 00:00:00+00:00,6.090000152587891
1986-05-15 00:00:00+00:00,6.170000076293945
1986-05-16 00:00:00+00:00,6.210000038146973
1986-05-19 00:00:00+00:00,6.199999809265137
1986-05-20 00:00:00+00:00,6.230000019073486
1986-05-21 00:00:00+00:00,6.199999809265137
1986-05-22 00:00:00+00:00,6.199999809265137
1986-05-23 00:00:00+00:00,6.179999828338623
1986-05-27 00:00:00+00:00,6.159999847412109
1986-05-28 00:00:00+00:00,6.190000057220459
1986-05-29 00:00:00+00:00,6.300000190734863
1986-05-30 00:00:00+00:00,6.300000190734863
1986-06-02 00:00:00+00:00,6.360000133514404
1986-06-03 00:00:00+00:00,6.409999847412109
1986-06-04 00:00:00+00:00,6.519999980926514
1986-06-05 00:00:00+00:00,6.510000228881836
1986-06-06 00:00:00+00:00,6.320000171661377
1986-06-09 00:00:00+00:00,6.360000133514404
1986-06-10 00:00:00+00:00,6.28000020980835
1986-06-11 00:00:00+00:00,6.340000152587891
1986-06-12 00:00:00+00:00,6.28000020980835
1986-06-13 00:00:00+00:00,6.170000076293945
1986-06-16 00:00:00+00:00,6.119999885559082
1986-06-17 00:00:00+00:00,6.090000152587891
1986-06-18 00:00:00+00:00,6.090000152587891
1986-06-19 00:00:00+00:00,6.110000133514404
1986-06-20 00:00:00+00:00,6.099999904632568
1986-06-23 00:00:00+00:00,6.110000133514404
1986-06-24 00:00:00+00:00,6.079999923706055
1986-06-25 00:00:00+00:00,6.079999923706055
1986-06-26 00:00:00+00:00,6.079999923706055
1986-06-27 00:00:00+00:00,6.019999980926514
1986-06-30 00:00:00+00:00,5.960000038146973
1986-07-01 00:00:00+00:00,5.989999771118164
1986-07-02 00:00:00+00:00,6.0
1986-07-03 00:00:00+00:00,5.909999847412109
1986-07-07 00:00:00+00:00,5.869999885559082
1986-07-08 00:00:00+00:00,5.940000057220459
1986-07-09 00:00:00+00:00,5.880000114440918
1986-07-10 00:00:00+00:00,5.849999904632568
1986-07-11 00:00:00+00:00,5.75
1986-07-14 00:00:00+00:00,5.769999980926514
1986-07-15 00:00:00+00:00,5.769999980926514
1986-07-16 00:00:00+00:00,5.769999980926514
1986-07-17 00:00:00+00:00,5.75
1986-07-18 00:00:00+00:00,5.710000038146973
1986-07-21 00:00:00+00:00,5.71999979019165
1986-07-22 00:00:00+00:00,5.730000019073486
1986-07-23 00:00:00+00:00,5.809999942779541
1986-07-24 00:00:00+00:00,5.809999942779541
1986-07-25 00:00:00+00:00,5.809999942779541
1986-07-28 00:00:00+00:00,5.889999866485596
1986-07-29 00:00:00+00:00,5.860000133514404
1986-07-30 00:00:00+00:00,5.849999904632568
1986-07-31 00:00:00+00:00,5.789999961853027
1986-08-01 00:00:00+00:00,5.769999980926514
1986-08-04 00:00:00+00:00,5.710000038146973
1986-08-05 00:00:00+00:00,5.710000038146973
1986-08-06 00:00:00+00:00,5.71999979019165
1986-08-07 00:00:00+00:00,5.71999979019165
1986-08-08 00:00:00+00:00,5.699999809265137
1986-08-11 00:00:00+00:00,5.670000076293945
1986-08-12 00:00:00+00:00,5.610000133514404
1986-08-13 00:00:00+00:00,5.570000171661377
1986-08-14 00:00:00+00:00,5.590000152587891
1986-08-15 00:00:00+00:00,5.559999942779541
1986-08-18 00:00:00+00:00,5.610000133514404
1986-08-19 00:00:00+00:00,5.559999942779541
1986-08-20 00:00:00+00:00,5.5
1986-08-21 00:00:00+00:00,5.369999885559082
1986-08-22 00:00:00+00:00,5.360000133514404
1986-08-25 00:00:00+00:00,5.269999980926514
1986-08-26 00:00:00+00:00,5.289999961853027
1986-08-27 00:00:00+00:00,5.320000171661377
1986-08-28 00:00:00+00:00,5.289999961853027
1986-08-29 00:00:00+00:00,5.170000076293945
1986-09-02 00:00:00+00:00,5.190000057220459
1986-09-03 00:00:00+00:00,5.239999771118164
1986-09-04 00:00:00+00:00,5.190000057220459
1986-09-05 00:00:00+00:00,5.230000019073486
1986-09-08 00:00:00+00:00,5.239999771118164
1986-09-09 00:00:00+00:00,5.199999809265137
1986-09-10 00:00:00+00:00,5.159999847412109
1986-09-11 00:00:00+00:00,5.210000038146973
1986-09-12 00:00:00+00:00,5.170000076293945
1986-09-15 00:00:00+00:00,5.170000076293945
1986-09-16 00:00:00+00:00,5.130000114440918
1986-09-17 00:00:00+00:00,5.119999885559082
1986-09-18 00:00:00+00:00,5.230000019073486
1986-09-19 00:00:00+00:00,5.25
1986-09-22 00:00:00+00:00,5.25
1986-09-23 00:00:00+00:00,5.25
1986-09-24 00:00:00+00:00,5.239999771118164
1986-09-25 00:00:00+00:00,5.230000019073486
1986-09-26 00:00:00+00:00,5.239999771118164
1986-09-29 00:00:00+00:00,5.260000228881836
1986-09-30 00:00:00+00:00,5.199999809265137
1986-10-01 00:00:00+00:00,5.190000057220459
1986-10-02 00:00:00+00:00,5.190000057220459
1986-10-03 00:00:00+00:00,5.090000152587891
1986-10-06 00:00:00+00:00,5.050000190734863
1986-10-07 00:00:00+00:00,5.059999942779541
1986-10-08 00:00:00+00:00,5.039999961853027
1986-10-09 00:00:00+00:00,5.059999942779541
1986-10-10 00:00:00+00:00,5.059999942779541
1986-10-14 00:00:00+00:00,5.139999866485596
1986-10-15 00:00:00+00:00,5.179999828338623
1986-10-16 00:00:00+00:00,5.199999809265137
1986-10-17 00:00:00+00:00,5.269999980926514
1986-10-20 00:00:00+00:00,5.309999942779541
1986-10-21 00:00:00+00:00,5.309999942779541
1986-10-22 00:00:00+00:00,5.300000190734863
1986-10-23 00:00:00+00:00,5.260000228881836
1986-10-24 00:00:00+00:00,5.269999980926514
1986-10-27 00:00:00+00:00,5.190000057220459
1986-10-28 00:00:00+00:00,5.199999809265137
1986-10-29 00:00:00+00:00,5.199999809265137
1986-10-30 00:00:00+00:00,5.179999828338623
1986-10-31 00:00:00+00:00,5.199999809265137
1986-11-03 00:00:00+00:00,5.210000038146973
1986-11-04 00:00:00+00:00,5.25
1986-11-05 00:00:00+00:00,5.260000228881836
1986-11-06 00:00:00+00:00,5.260000228881836
1986-11-07 00:00:00+00:00,5.320000171661377
1986-11-10 00:00:00+00:00,5.420000076293945
1986-11-12 00:00:00+00:00,5.400000095367432
1986-11-13 00:00:00+00:00,5.400000095367432
1986-11-14 00:00:00+00:00,5.400000095367432
1986-11-17 00:00:00+00:00,5.400000095367432
1986-11-18 00:00:00+00:00,5.349999904632568
1986-11-19 00:00:00+00:00,5.329999923706055
1986-11-20 00:00:00+00:00,5.380000114440918
1986-11-21 00:00:00+00:00,5.360000133514404
1986-11-24 00:00:00+00:00,5.380000114440918
1986-11-25 00:00:00+00:00,5.389999866485596
1986-11-26 00:00:00+00:00,5.389999866485596
1986-11-28 00:00:00+00:00,5.389999866485596
1986-12-01 00:00:00+00:00,5.420000076293945
1986-12-02 00:00:00+00:00,5.409999847412109
1986-12-03 00:00:00+00:00,5.409999847412109
1986-12-04 00:00:00+00:00,5.400000095367432
1986-12-05 00:00:00+00:00,5.440000057220459
1986-12-08 00:00:00+00:00,5.510000228881836
1986-12-09 00:00:00+00:00,5.480000019073486
1986-12-10 00:00:00+00:00,5.489999771118164
1986-12-11 00:00:00+00:00,5.489999771118164
1986-12-12 00:00:00+00:00,5.489999771118164
1986-12-15 00:00:00+00:00,5.5
1986-12-16 00:00:00+00:00,5.579999923706055
1986-12-17 00:00:00+00:00,5.639999866485596
1986-12-18 00:00:00+00:00,5.599999904632568
1986-12-19 00:00:00+00:00,5.510000228881836
1986-12-22 00:00:00+00:00,5.53000020980835
1986-12-23 00:00:00+00:00,5.550000190734863
1986-12-24 00:00:00+00:00,5.570000171661377
1986-12-26 00:00:00+00:00,5.570000171661377
1986-12-29 00:00:00+00:00,5.670000076293945
1986-12-30 00:00:00+00:00,5.690000057220459
1986-12-31 00:00:00+00:00,5.670000076293945
1987-01-02 00:00:00+00:00,5.550000190734863
1987-01-05 00:00:00+00:00,5.550000190734863
1987-01-06 00:00:00+00:00,5.510000228881836
1987-01-07 00:00:00+00:00,5.429999828338623
1987-01-08 00:00:00+00:00,5.429999828338623
1987-01-09 00:00:00+00:00,5.380000114440918
1987-01-12 00:00:00+00:00,5.369999885559082
1987-01-13 00:00:00+00:00,5.360000133514404
1987-01-14 00:00:00+00:00,5.349999904632568
1987-01-15 00:00:00+00:00,5.360000133514404
1987-01-16 00:00:00+00:00,5.329999923706055
1987-01-20 00:00:00+00:00,5.300000190734863
1987-01-21 00:00:00+00:00,5.309999942779541
1987-01-22 00:00:00+00:00,5.380000114440918
1987-01-23 00:00:00+00:00,5.400000095367432
1987-01-26 00:00:00+00:00,5.489999771118164
1987-01-27 00:00:00+00:00,5.489999771118164
1987-01-28 00:00:00+00:00,5.46999979019165
1987-01-29 00:00:00+00:00,5.480000019073486
1987-01-30 00:00:00+00:00,5.599999904632568
1987-02-02 00:00:00+00:00,5.610000133514404
1987-02-03 00:00:00+00:00,5.590000152587891
1987-02-04 00:00:00+00:00,5.630000114440918
1987-02-05 00:00:00+00:00,5.590000152587891
1987-02-06 00:00:00+00:00,5.659999847412109
1987-02-09 00:00:00+00:00,5.71999979019165
1987-02-10 00:00:00+00:00,5.820000171661377
1987-02-11 00:00:00+00:00,5.860000133514404
1987-02-12 00:00:00+00:00,5.71999979019165
1987-02-13 00:00:00+00:00,5.650000095367432
1987-02-17 00:00:00+00:00,5.71999979019165
1987-02-18 00:00:00+00:00,5.599999904632568
1987-02-19 00:00:00+00:00,5.449999809265137
1987-02-20 00:00:00+00:00,5.429999828338623
1987-02-23 00:00:00+00:00,5.440000057220459
1987-02-24 00:00:00+00:00,5.440000057220459
1987-02-25 00:00:00+00:00,5.449999809265137
1987-02-26 00:00:00+00:00,5.449999809265137
1987-02-27 00:00:00+00:00,5.449999809265137
1987-03-02 00:00:00+00:00,5.480000019073486
1987-03-03 00:00:00+00:00,5.539999961853027
1987-03-04 00:00:00+00:00,5.510000228881836
1987-03-05 00:00:00+00:00,5.519999980926514
1987-03-06 00:00:00+00:00,5.639999866485596
1987-03-09 00:00:00+00:00,5.639999866485596
1987-03-10 00:00:00+00:00,5.679999828338623
1987-03-11 00:00:00+00:00,5.690000057220459
1987-03-12 00:00:00+00:00,5.670000076293945
1987-03-13 00:00:00+00:00,5.619999885559082
1987-03-16 00:00:00+00:00,5.650000095367432
1987-03-17 00:00:00+00:00,5.570000171661377
1987-03-18 00:00:00+00:00,5.519999980926514
1987-03-19 00:00:00+00:00,5.5
1987-03-20 00:00:00+00:00,5.519999980926514
1987-03-23 00:00:00+00:00,5.619999885559082
1987-03-24 00:00:00+00:00,5.610000133514404
1987-03-25 00:00:00+00:00,5.570000171661377
1987-03-26 00:00:00+00:00,5.570000171661377
1987-03-27 00:00:00+00:00,5.630000114440918
1987-03-30 00:00:00+00:00,5.659999847412109
1987-03-31 00:00:00+00:00,5.610000133514404
1987-04-01 00:00:00+00:00,5.539999961853027
1987-04-02 00:00:00+00:00,5.510000228881836
1987-04-03 00:00:00+00:00,5.5
1987-04-06 00:00:00+00:00,5.46999979019165
1987-04-07 00:00:00+00:00,5.510000228881836
1987-04-08 00:00:00+00:00,5.5
1987-04-09 00:00:00+00:00,5.75
1987-04-10 00:00:00+00:00,5.849999904632568
1987-04-13 00:00:00+00:00,6.019999980926514
1987-04-14 00:00:00+00:00,5.920000076293945
1987-04-15 00:00:00+00:00,5.679999828338623
1987-04-16 00:00:00+00:00,5.559999942779541
1987-04-20 00:00:00+00:00,5.539999961853027
1987-04-21 00:00:00+00:00,5.5
1987-04-22 00:00:00+00:00,5.420000076293945
1987-04-23 00:00:00+00:00,5.489999771118164
1987-04-24 00:00:00+00:00,5.760000228881836
1987-04-27 00:00:00+00:00,5.78000020980835
1987-04-28 00:00:00+00:00,5.820000171661377
1987-04-29 00:00:00+00:00,5.710000038146973
1987-04-30 00:00:00+00:00,5.53000020980835
1987-05-01 00:00:00+00:00,5.599999904632568
1987-05-04 00:00:00+00:00,5.670000076293945
1987-05-05 00:00:00+00:00,5.809999942779541
1987-05-06 00:00:00+00:00,5.5
1987-05-07 00:00:00+00:00,5.53000020980835
1987-05-08 00:00:00+00:00,5.53000020980835
1987-05-11 00:00:00+00:00,5.650000095367432
1987-05-12 00:00:00+00:00,5.599999904632568
1987-05-13 00:00:00+00:00,5.53000020980835
1987-05-14 00:00:00+00:00,5.730000019073486
1987-05-15 00:00:00+00:00,5.949999809265137
1987-05-18 00:00:00+00:00,5.869999885559082
1987-05-19 00:00:00+00:00,5.78000020980835
1987-05-20 00:00:00+00:00,5.690000057220459
1987-05-21 00:00:00+00:00,5.53000020980835
1987-05-22 00:00:00+00:00,5.550000190734863
1987-05-26 00:00:00+00:00,5.610000133514404
1987-05-27 00:00:00+00:00,5.760000228881836
1987-05-28 00:00:00+00:00,5.630000114440918
1987-05-29 00:00:00+00:00,5.679999828338623
1987-06-01 00:00:00+00:00,5.699999809265137
1987-06-02 00:00:00+00:00,5.760000228881836
1987-06-03 00:00:00+00:00,5.690000057220459
1987-06-04 00:00:00+00:00,5.659999847412109
1987-06-05 00:00:00+00:00,5.679999828338623
1987-06-08 00:00:00+00:00,5.659999847412109
1987-06-09 00:00:00+00:00,5.510000228881836
1987-06-10 00:00:00+00:00,5.480000019073486
1987-06-11 00:00:00+00:00,5.539999961853027
1987-06-12 00:00:00+00:00,5.550000190734863
1987-06-15 00:00:00+00:00,5.650000095367432
1987-06-16 00:00:00+00:00,5.630000114440918
1987-06-17 00:00:00+00:00,5.650000095367432
1987-06-18 00:00:00+00:00,5.650000095367432
1987-06-19 00:00:00+00:00,5.659999847412109
1987-06-22 00:00:00+00:00,5.659999847412109
1987-06-23 00:00:00+00:00,5.71999979019165
1987-06-24 00:00:00+00:00,5.829999923706055
1987-06-25 00:00:00+00:00,5.840000152587891
1987-06-26 00:00:00+00:00,5.78000020980835
1987-06-29 00:00:00+00:00,5.670000076293945
1987-06-30 00:00:00+00:00,5.730000019073486
1987-07-01 00:00:00+00:00,5.639999866485596
1987-07-02 00:00:00+00:00,5.659999847412109
1987-07-06 00:00:00+00:00,5.670000076293945
1987-07-07 00:00:00+00:00,5.599999904632568
1987-07-08 00:00:00+00:00,5.570000171661377
1987-07-09 00:00:00+00:00,5.610000133514404
1987-07-10 00:00:00+00:00,5.590000152587891
1987-07-13 00:00:00+00:00,5.610000133514404
1987-07-14 00:00:00+00:00,5.550000190734863
1987-07-15 00:00:00+00:00,5.579999923706055
1987-07-16 00:00:00+00:00,5.579999923706055
1987-07-17 00:00:00+00:00,5.559999942779541
1987-07-20 00:00:00+00:00,5.550000190734863
1987-07-21 00:00:00+00:00,5.690000057220459
1987-07-22 00:00:00+00:00,5.659999847412109
1987-07-23 00:00:00+00:00,5.670000076293945
1987-07-24 00:00:00+00:00,5.75
1987-07-27 00:00:00+00:00,5.809999942779541
1987-07-28 00:00:00+00:00,5.860000133514404
1987-07-29 00:00:00+00:00,5.880000114440918
1987-07-30 00:00:00+00:00,6.070000171661377
1987-07-31 00:00:00+00:00,6.070000171661377
1987-08-03 00:00:00+00:00,6.050000190734863
1987-08-04 00:00:00+00:00,5.849999904632568
1987-08-05 00:00:00+00:00,5.849999904632568
1987-08-06 00:00:00+00:00,5.739999771118164
1987-08-07 00:00:00+00:00,5.849999904632568
1987-08-10 00:00:00+00:00,5.909999847412109
1987-08-11 00:00:00+00:00,5.940000057220459
1987-08-12 00:00:00+00:00,5.949999809265137
1987-08-13 00:00:00+00:00,5.960000038146973
1987-08-14 00:00:00+00:00,5.960000038146973
1987-08-17 00:00:00+00:00,5.980000019073486
1987-08-18 00:00:00+00:00,6.019999980926514
1987-08-19 00:00:00+00:00,6.039999961853027
1987-08-20 00:00:00+00:00,6.110000133514404
1987-08-21 00:00:00+00:00,6.099999904632568
1987-08-24 00:00:00+00:00,6.170000076293945
1987-08-25 00:00:00+00:00,6.179999828338623
1987-08-26 00:00:00+00:00,6.25
1987-08-27 00:00:00+00:00,6.289999961853027
1987-08-28 00:00:00+00:00,6.309999942779541
1987-08-31 00:00:00+00:00,6.25
1987-09-01 00:00:00+00:00,6.119999885559082
1987-09-02 00:00:00+00:00,6.090000152587891
1987-09-03 00:00:00+00:00,6.190000057220459
1987-09-04 00:00:00+00:00,6.380000114440918
1987-09-08 00:00:00+00:00,6.440000057220459
1987-09-09 00:00:00+00:00,6.429999828338623
1987-09-10 00:00:00+00:00,6.329999923706055
1987-09-11 00:00:00+00:00,6.349999904632568
1987-09-14 00:00:00+00:00,6.340000152587891
1987-09-15 00:00:00+00:00,6.340000152587891
1987-09-16 00:00:00+00:00,6.340000152587891
1987-09-17 00:00:00+00:00,6.380000114440918
1987-09-18 00:00:00+00:00,6.420000076293945
1987-09-21 00:00:00+00:00,6.510000228881836
1987-09-22 00:00:00+00:00,6.489999771118164
1987-09-23 00:00:00+00:00,6.46999979019165
1987-09-24 00:00:00+00:00,6.409999847412109
1987-09-25 00:00:00+00:00,6.5
1987-09-28 00:00:00+00:00,6.53000020980835
1987-09-29 00:00:00+00:00,6.690000057220459
1987-09-30 00:00:00+00:00,6.610000133514404
1987-10-01 00:00:00+00:00,6.630000114440918
1987-10-02 00:00:00+00:00,6.659999847412109
1987-10-05 00:00:00+00:00,6.679999828338623
1987-10-06 00:00:00+00:00,6.550000190734863
1987-10-07 00:00:00+00:00,6.559999942779541
1987-10-08 00:00:00+00:00,6.690000057220459
1987-10-09 00:00:00+00:00,6.75
1987-10-13 00:00:00+00:00,6.739999771118164
1987-10-14 00:00:00+00:00,7.190000057220459
1987-10-15 00:00:00+00:00,7.070000171661377
1987-10-16 00:00:00+00:00,6.929999828338623
1987-10-19 00:00:00+00:00,6.389999866485596
1987-10-20 00:00:00+00:00,5.860000133514404
1987-10-21 00:00:00+00:00,5.599999904632568
1987-10-22 00:00:00+00:00,5.360000133514404
1987-10-23 00:00:00+00:00,5.289999961853027
1987-10-26 00:00:00+00:00,5.21999979019165
1987-10-27 00:00:00+00:00,5.230000019073486
1987-10-28 00:00:00+00:00,5.099999904632568
1987-10-29 00:00:00+00:00,5.03000020980835
1987-10-30 00:00:00+00:00,5.269999980926514
1987-11-02 00:00:00+00:00,5.619999885559082
1987-11-03 00:00:00+00:00,5.630000114440918
1987-11-04 00:00:00+00:00,5.539999961853027
1987-11-05 00:00:00+00:00,5.579999923706055
1987-11-06 00:00:00+00:00,5.730000019073486
1987-11-09 00:00:00+00:00,5.699999809265137
1987-11-10 00:00:00+00:00,5.670000076293945
1987-11-12 00:00:00+00:00,5.829999923706055
1987-11-13 00:00:00+00:00,5.909999847412109
1987-11-16 00:00:00+00:00,5.869999885559082
1987-11-17 00:00:00+00:00,5.880000114440918
1987-11-18 00:00:00+00:00,5.769999980926514
1987-11-19 00:00:00+00:00,5.659999847412109
1987-11-20 00:00:00+00:00,5.71999979019165
1987-11-23 00:00:00+00:00,5.78000020980835
1987-11-24 00:00:00+00:00,5.769999980926514
1987-11-25 00:00:00+00:00,5.699999809265137
1987-11-27 00:00:00+00:00,5.630000114440918
1987-11-30 00:00:00+00:00,5.210000038146973
1987-12-01 00:00:00+00:00,5.550000190734863
1987-12-02 00:00:00+00:00,5.489999771118164
1987-12-03 00:00:00+00:00,5.360000133514404
1987-12-04 00:00:00+00:00,5.429999828338623
1987-12-07 00:00:00+00:00,5.820000171661377
1987-12-08 00:00:00+00:00,5.860000133514404
1987-12-09 00:00:00+00:00,5.829999923706055
1987-12-10 00:00:00+00:00,5.920000076293945
1987-12-11 00:00:00+00:00,5.860000133514404
1987-12-14 00:00:00+00:00,5.849999904632568
1987-12-15 00:00:00+00:00,5.929999828338623
1987-12-16 00:00:00+00:00,5.940000057220459
1987-12-17 00:00:00+00:00,5.929999828338623
1987-12-18 00:00:00+00:00,5.869999885559082
1987-12-21 00:00:00+00:00,5.869999885559082
1987-12-22 00:00:00+00:00,5.929999828338623
1987-12-23 00:00:00+00:00,5.78000020980835
1987-12-24 00:00:00+00:00,5.739999771118164
1987-12-28 00:00:00+00:00,5.699999809265137
1987-12-29 00:00:00+00:00,5.840000152587891
1987-12-30 00:00:00+00:00,5.710000038146973
1987-12-31 00:00:00+00:00,5.679999828338623
1988-01-04 00:00:00+00:00,5.880000114440918
1988-01-05 00:00:00+00:00,5.929999828338623
1988-01-06 00:00:00+00:00,5.840000152587891
1988-01-07 00:00:00+00:00,5.78000020980835
1988-01-08 00:00:00+00:00,5.869999885559082
1988-01-11 00:00:00+00:00,5.690000057220459
1988-01-12 00:00:00+00:00,5.809999942779541
1988-01-13 00:00:00+00:00,5.789999961853027
1988-01-14 00:00:00+00:00,5.880000114440918
1988-01-15 00:00:00+00:00,5.880000114440918
1988-01-19 00:00:00+00:00,5.960000038146973
1988-01-20 00:00:00+00:00,5.809999942779541
1988-01-21 00:00:00+00:00,5.820000171661377
1988-01-22 00:00:00+00:00,5.809999942779541
1988-01-25 00:00:00+00:00,5.829999923706055
1988-01-26 00:00:00+00:00,5.820000171661377
1988-01-27 00:00:00+00:00,5.739999771118164
1988-01-28 00:00:00+00:00,5.679999828338623
1988-01-29 00:00:00+00:00,5.639999866485596
1988-02-01 00:00:00+00:00,5.659999847412109
1988-02-02 00:00:00+00:00,5.710000038146973
1988-02-03 00:00:00+00:00,5.710000038146973
1988-02-04 00:00:00+00:00,5.650000095367432
1988-02-05 00:00:00+00:00,5.639999866485596
1988-02-08 00:00:00+00:00,5.639999866485596
1988-02-09 00:00:00+00:00,5.599999904632568
1988-02-10 00:00:00+00:00,5.610000133514404
1988-02-11 00:00:00+00:00,5.630000114440918
1988-02-12 00:00:00+00:00,5.75
1988-02-16 00:00:00+00:00,5.75
1988-02-17 00:00:00+00:00,5.739999771118164
1988-02-18 00:00:00+00:00,5.690000057220459
1988-02-19 00:00:00+00:00,5.679999828338623
1988-02-22 00:00:00+00:00,5.659999847412109
1988-02-23 00:00:00+00:00,5.630000114440918
1988-02-24 00:00:00+00:00,5.619999885559082
1988-02-25 00:00:00+00:00,5.630000114440918
1988-02-26 00:00:00+00:00,5.590000152587891
1988-02-29 00:00:00+00:00,5.619999885559082
1988-03-01 00:00:00+00:00,5.619999885559082
1988-03-02 00:00:00+00:00,5.610000133514404
1988-03-03 00:00:00+00:00,5.599999904632568
1988-03-04 00:00:00+00:00,5.710000038146973
1988-03-07 00:00:00+00:00,5.71999979019165
1988-03-08 00:00:00+00:00,5.739999771118164
1988-03-09 00:00:00+00:00,5.730000019073486
1988-03-10 00:00:00+00:00,5.75
1988-03-11 00:00:00+00:00,5.730000019073486
1988-03-14 00:00:00+00:00,5.699999809265137
1988-03-15 00:00:00+00:00,5.610000133514404
1988-03-16 00:00:00+00:00,5.610000133514404
1988-03-17 00:00:00+00:00,5.599999904632568
1988-03-18 00:00:00+00:00,5.659999847412109
1988-03-21 00:00:00+00:00,5.739999771118164
1988-03-22 00:00:00+00:00,5.78000020980835
1988-03-23 00:00:00+00:00,5.829999923706055
1988-03-24 00:00:00+00:00,5.789999961853027
1988-03-25 00:00:00+00:00,5.699999809265137
1988-03-28 00:00:00+00:00,5.739999771118164
1988-03-29 00:00:00+00:00,5.739999771118164
1988-03-30 00:00:00+00:00,5.75
1988-03-31 00:00:00+00:00,5.710000038146973
1988-04-04 00:00:00+00:00,5.849999904632568
1988-04-05 00:00:00+00:00,6.0
1988-04-06 00:00:00+00:00,6.050000190734863
1988-04-07 00:00:00+00:00,6.050000190734863
1988-04-08 00:00:00+00:00,6.019999980926514
1988-04-11 00:00:00+00:00,6.039999961853027
1988-04-12 00:00:00+00:00,5.929999828338623
1988-04-13 00:00:00+00:00,5.860000133514404
1988-04-14 00:00:00+00:00,5.739999771118164
1988-04-15 00:00:00+00:00,5.880000114440918
1988-04-18 00:00:00+00:00,5.849999904632568
1988-04-19 00:00:00+00:00,5.809999942779541
1988-04-20 00:00:00+00:00,5.840000152587891
1988-04-21 00:00:00+00:00,5.829999923706055
1988-04-22 00:00:00+00:00,5.829999923706055
1988-04-25 00:00:00+00:00,5.849999904632568
1988-04-26 00:00:00+00:00,5.900000095367432
1988-04-27 00:00:00+00:00,5.869999885559082
1988-04-28 00:00:00+00:00,5.960000038146973
1988-04-29 00:00:00+00:00,5.980000019073486
1988-05-02 00:00:00+00:00,6.079999923706055
1988-05-03 00:00:00+00:00,6.130000114440918
1988-05-04 00:00:00+00:00,6.139999866485596
1988-05-05 00:00:00+00:00,6.179999828338623
1988-05-06 00:00:00+00:00,6.289999961853027
1988-05-09 00:00:00+00:00,6.309999942779541
1988-05-10 00:00:00+00:00,6.340000152587891
1988-05-11 00:00:00+00:00,6.260000228881836
1988-05-12 00:00:00+00:00,6.210000038146973
1988-05-13 00:00:00+00:00,6.179999828338623
1988-05-16 00:00:00+00:00,6.199999809265137
1988-05-17 00:00:00+00:00,6.300000190734863
1988-05-18 00:00:00+00:00,6.210000038146973
1988-05-19 00:00:00+00:00,6.150000095367432
1988-05-20 00:00:00+00:00,6.239999771118164
1988-05-23 00:00:00+00:00,6.25
1988-05-24 00:00:00+00:00,6.309999942779541
1988-05-25 00:00:00+00:00,6.329999923706055
1988-05-26 00:00:00+00:00,6.420000076293945
1988-05-27 00:00:00+00:00,6.440000057220459
1988-05-31 00:00:00+00:00,6.429999828338623
1988-06-01 00:00:00+00:00,6.46999979019165
1988-06-02 00:00:00+00:00,6.440000057220459
1988-06-03 00:00:00+00:00,6.460000038146973
1988-06-06 00:00:00+00:00,6.460000038146973
1988-06-07 00:00:00+00:00,6.429999828338623
1988-06-08 00:00:00+00:00,6.389999866485596
1988-06-09 00:00:00+00:00,6.440000057220459
1988-06-10 00:00:00+00:00,6.449999809265137
1988-06-13 00:00:00+00:00,6.440000057220459
1988-06-14 00:00:00+00:00,6.349999904632568
1988-06-15 00:00:00+00:00,6.340000152587891
1988-06-16 00:00:00+00:00,6.289999961853027
1988-06-17 00:00:00+00:00,6.369999885559082
1988-06-20 00:00:00+00:00,6.369999885559082
1988-06-21 00:00:00+00:00,6.559999942779541
1988-06-22 00:00:00+00:00,6.519999980926514
1988-06-23 00:00:00+00:00,6.519999980926514
1988-06-24 00:00:00+00:00,6.510000228881836
1988-06-27 00:00:00+00:00,6.559999942779541
1988-06-28 00:00:00+00:00,6.599999904632568
1988-06-29 00:00:00+00:00,6.579999923706055
1988-06-30 00:00:00+00:00,6.559999942779541
1988-07-01 00:00:00+00:00,6.550000190734863
1988-07-05 00:00:00+00:00,6.559999942779541
1988-07-06 00:00:00+00:00,6.53000020980835
1988-07-07 00:00:00+00:00,6.550000190734863
1988-07-08 00:00:00+00:00,6.659999847412109
1988-07-11 00:00:00+00:00,6.610000133514404
1988-07-12 00:00:00+00:00,6.730000019073486
1988-07-13 00:00:00+00:00,6.71999979019165
1988-07-14 00:00:00+00:00,6.730000019073486
1988-07-15 00:00:00+00:00,6.71999979019165
1988-07-18 00:00:00+00:00,6.659999847412109
1988-07-19 00:00:00+00:00,6.690000057220459
1988-07-20 00:00:00+00:00,6.710000038146973
1988-07-21 00:00:00+00:00,6.78000020980835
1988-07-22 00:00:00+00:00,6.739999771118164
1988-07-25 00:00:00+00:00,6.800000190734863
1988-07-26 00:00:00+00:00,6.889999866485596
1988-07-27 00:00:00+00:00,7.0
1988-07-28 00:00:00+00:00,6.989999771118164
1988-07-29 00:00:00+00:00,6.949999809265137
1988-08-01 00:00:00+00:00,6.909999847412109
1988-08-02 00:00:00+00:00,6.900000095367432
1988-08-03 00:00:00+00:00,6.900000095367432
1988-08-04 00:00:00+00:00,6.840000152587891
1988-08-05 00:00:00+00:00,6.920000076293945
1988-08-08 00:00:00+00:00,6.840000152587891
1988-08-09 00:00:00+00:00,7.059999942779541
1988-08-10 00:00:00+00:00,6.989999771118164
1988-08-11 00:00:00+00:00,7.010000228881836
1988-08-12 00:00:00+00:00,7.010000228881836
1988-08-15 00:00:00+00:00,6.989999771118164
1988-08-16 00:00:00+00:00,7.059999942779541
1988-08-17 00:00:00+00:00,7.03000020980835
1988-08-18 00:00:00+00:00,7.019999980926514
1988-08-19 00:00:00+00:00,7.059999942779541
1988-08-22 00:00:00+00:00,7.059999942779541
1988-08-23 00:00:00+00:00,7.159999847412109
1988-08-24 00:00:00+00:00,7.179999828338623
1988-08-25 00:00:00+00:00,7.25
1988-08-26 00:00:00+00:00,7.329999923706055
1988-08-29 00:00:00+00:00,7.320000171661377
1988-08-30 00:00:00+00:00,7.300000190734863
1988-08-31 00:00:00+00:00,7.300000190734863
1988-09-01 00:00:00+00:00,7.28000020980835
1988-09-02 00:00:00+00:00,7.21999979019165
1988-09-06 00:00:00+00:00,7.260000228881836
1988-09-07 00:00:00+00:00,7.329999923706055
1988-09-08 00:00:00+00:00,7.320000171661377
1988-09-09 00:00:00+00:00,7.28000020980835
1988-09-12 00:00:00+00:00,7.230000019073486
1988-09-13 00:00:00+00:00,7.170000076293945
1988-09-14 00:00:00+00:00,7.159999847412109
1988-09-15 00:00:00+00:00,7.170000076293945
1988-09-16 00:00:00+00:00,7.150000095367432
1988-09-19 00:00:00+00:00,7.130000114440918
1988-09-20 00:00:00+00:00,7.199999809265137
1988-09-21 00:00:00+00:00,7.190000057220459
1988-09-22 00:00:00+00:00,7.199999809265137
1988-09-23 00:00:00+00:00,7.230000019073486
1988-09-26 00:00:00+00:00,7.300000190734863
1988-09-27 00:00:00+00:00,7.329999923706055
1988-09-28 00:00:00+00:00,7.340000152587891
1988-09-29 00:00:00+00:00,7.289999961853027
1988-09-30 00:00:00+00:00,7.25
1988-10-03 00:00:00+00:00,7.239999771118164
1988-10-04 00:00:00+00:00,7.230000019073486
1988-10-05 00:00:00+00:00,7.21999979019165
1988-10-06 00:00:00+00:00,7.300000190734863
1988-10-07 00:00:00+00:00,7.269999980926514
1988-10-11 00:00:00+00:00,7.289999961853027
1988-10-12 00:00:00+00:00,7.28000020980835
1988-10-13 00:00:00+00:00,7.340000152587891
1988-10-14 00:00:00+00:00,7.320000171661377
1988-10-17 00:00:00+00:00,7.329999923706055
1988-10-18 00:00:00+00:00,7.360000133514404
1988-10-19 00:00:00+00:00,7.429999828338623
1988-10-20 00:00:00+00:00,7.449999809265137
1988-10-21 00:00:00+00:00,7.440000057220459
1988-10-24 00:00:00+00:00,7.510000228881836
1988-10-25 00:00:00+00:00,7.440000057220459
1988-10-26 00:00:00+00:00,7.409999847412109
1988-10-27 00:00:00+00:00,7.380000114440918
1988-10-28 00:00:00+00:00,7.369999885559082
1988-10-31 00:00:00+00:00,7.360000133514404
1988-11-01 00:00:00+00:00,7.340000152587891
1988-11-02 00:00:00+00:00,7.369999885559082
1988-11-03 00:00:00+00:00,7.400000095367432
1988-11-04 00:00:00+00:00,7.449999809265137
1988-11-07 00:00:00+00:00,7.480000019073486
1988-11-08 00:00:00+00:00,7.590000152587891
1988-11-09 00:00:00+00:00,7.570000171661377
1988-11-10 00:00:00+00:00,7.639999866485596
1988-11-14 00:00:00+00:00,7.78000020980835
1988-11-15 00:00:00+00:00,7.949999809265137
1988-11-16 00:00:00+00:00,7.940000057220459
1988-11-17 00:00:00+00:00,7.920000076293945
1988-11-18 00:00:00+00:00,7.940000057220459
1988-11-21 00:00:00+00:00,7.989999771118164
1988-11-22 00:00:00+00:00,8.0
1988-11-23 00:00:00+00:00,8.010000228881836
1988-11-25 00:00:00+00:00,8.029999732971191
1988-11-28 00:00:00+00:00,7.980000019073486
1988-11-29 00:00:00+00:00,7.989999771118164
1988-11-30 00:00:00+00:00,7.829999923706055
1988-12-01 00:00:00+00:00,7.849999904632568
1988-12-02 00:00:00+00:00,8.069999694824219
1988-12-05 00:00:00+00:00,8.010000228881836
1988-12-06 00:00:00+00:00,7.949999809265137
1988-12-07 00:00:00+00:00,7.989999771118164
1988-12-08 00:00:00+00:00,7.980000019073486
1988-12-09 00:00:00+00:00,7.880000114440918
1988-12-12 00:00:00+00:00,7.900000095367432
1988-12-13 00:00:00+00:00,8.100000381469727
1988-12-14 00:00:00+00:00,8.119999885559082
1988-12-15 00:00:00+00:00,8.1899995803833
1988-12-16 00:00:00+00:00,8.15999984741211
1988-12-19 00:00:00+00:00,8.1899995803833
1988-12-20 00:00:00+00:00,8.180000305175781
1988-12-21 00:00:00+00:00,8.100000381469727
1988-12-22 00:00:00+00:00,8.050000190734863
1988-12-23 00:00:00+00:00,8.050000190734863
1988-12-27 00:00:00+00:00,8.149999618530273
1988-12-28 00:00:00+00:00,8.260000228881836
1988-12-29 00:00:00+00:00,8.130000114440918
1988-12-30 00:00:00+00:00,8.100000381469727
1989-01-03 00:00:00+00:00,8.140000343322754
1989-01-04 00:00:00+00:00,8.25
1989-01-05 00:00:00+00:00,8.270000457763672
1989-01-06 00:00:00+00:00,8.289999961853027
1989-01-09 00:00:00+00:00,8.279999732971191
1989-01-10 00:00:00+00:00,8.300000190734863
1989-01-11 00:00:00+00:00,8.239999771118164
1989-01-12 00:00:00+00:00,8.260000228881836
1989-01-13 00:00:00+00:00,8.210000038146973
1989-01-17 00:00:00+00:00,8.239999771118164
1989-01-18 00:00:00+00:00,8.260000228881836
1989-01-19 00:00:00+00:00,8.229999542236328
1989-01-20 00:00:00+00:00,8.239999771118164
1989-01-23 00:00:00+00:00,8.270000457763672
1989-01-24 00:00:00+00:00,8.210000038146973
1989-01-25 00:00:00+00:00,8.289999961853027
1989-01-26 00:00:00+00:00,8.34000015258789
1989-01-27 00:00:00+00:00,8.329999923706055
1989-01-30 00:00:00+00:00,8.279999732971191
1989-01-31 00:00:00+00:00,8.390000343322754
1989-02-01 00:00:00+00:00,8.369999885559082
1989-02-02 00:00:00+00:00,8.380000114440918
1989-02-03 00:00:00+00:00,8.479999542236328
1989-02-06 00:00:00+00:00,8.529999732971191
1989-02-07 00:00:00+00:00,8.529999732971191
1989-02-08 00:00:00+00:00,8.529999732971191
1989-02-09 00:00:00+00:00,8.479999542236328
1989-02-10 00:00:00+00:00,8.550000190734863
1989-02-13 00:00:00+00:00,8.550000190734863
1989-02-14 00:00:00+00:00,8.5600004196167
1989-02-15 00:00:00+00:00,8.489999771118164
1989-02-16 00:00:00+00:00,8.5
1989-02-17 00:00:00+00:00,8.479999542236328
1989-02-21 00:00:00+00:00,8.470000267028809
1989-02-22 00:00:00+00:00,8.529999732971191
1989-02-23 00:00:00+00:00,8.609999656677246
1989-02-24 00:00:00+00:00,8.649999618530273
1989-02-27 00:00:00+00:00,8.680000305175781
1989-02-28 00:00:00+00:00,8.710000038146973
1989-03-01 00:00:00+00:00,8.65999984741211
1989-03-02 00:00:00+00:00,8.65999984741211
1989-03-03 00:00:00+00:00,8.630000114440918
1989-03-06 00:00:00+00:00,8.569999694824219
1989-03-07 00:00:00+00:00,8.619999885559082
1989-03-08 00:00:00+00:00,8.609999656677246
1989-03-09 00:00:00+00:00,8.65999984741211
1989-03-10 00:00:00+00:00,8.739999771118164
1989-03-13 00:00:00+00:00,8.760000228881836
1989-03-14 00:00:00+00:00,8.699999809265137
1989-03-15 00:00:00+00:00,8.670000076293945
1989-03-16 00:00:00+00:00,8.699999809265137
1989-03-17 00:00:00+00:00,8.850000381469727
1989-03-20 00:00:00+00:00,8.989999771118164
1989-03-21 00:00:00+00:00,9.09000015258789
1989-03-22 00:00:00+00:00,9.010000228881836
1989-03-23 00:00:00+00:00,9.039999961853027
1989-03-27 00:00:00+00:00,9.100000381469727
1989-03-28 00:00:00+00:00,9.069999694824219
1989-03-29 00:00:00+00:00,8.960000038146973
1989-03-30 00:00:00+00:00,8.949999809265137
1989-03-31 00:00:00+00:00,8.899999618530273
1989-04-03 00:00:00+00:00,8.819999694824219
1989-04-04 00:00:00+00:00,8.8100004196167
1989-04-05 00:00:00+00:00,8.819999694824219
1989-04-06 00:00:00+00:00,8.84000015258789
1989-04-07 00:00:00+00:00,8.800000190734863
1989-04-10 00:00:00+00:00,8.729999542236328
1989-04-11 00:00:00+00:00,8.680000305175781
1989-04-12 00:00:00+00:00,8.65999984741211
1989-04-13 00:00:00+00:00,8.770000457763672
1989-04-14 00:00:00+00:00,8.609999656677246
1989-04-17 00:00:00+00:00,8.609999656677246
1989-04-18 00:00:00+00:00,8.430000305175781
1989-04-19 00:00:00+00:00,8.430000305175781
1989-04-20 00:00:00+00:00,8.640000343322754
1989-04-21 00:00:00+00:00,8.640000343322754
1989-04-24 00:00:00+00:00,8.670000076293945
1989-04-25 00:00:00+00:00,8.630000114440918
1989-04-26 00:00:00+00:00,8.529999732971191
1989-04-27 00:00:00+00:00,8.40999984741211
1989-04-28 00:00:00+00:00,8.40999984741211
1989-05-01 00:00:00+00:00,8.619999885559082
1989-05-02 00:00:00+00:00,8.579999923706055
1989-05-03 00:00:00+00:00,8.529999732971191
1989-05-04 00:00:00+00:00,8.529999732971191
1989-05-05 00:00:00+00:00,8.430000305175781
1989-05-08 00:00:00+00:00,8.489999771118164
1989-05-09 00:00:00+00:00,8.5
1989-05-10 00:00:00+00:00,8.520000457763672
1989-05-11 00:00:00+00:00,8.420000076293945
1989-05-12 00:00:00+00:00,8.210000038146973
1989-05-15 00:00:00+00:00,8.239999771118164
1989-05-16 00:00:00+00:00,8.229999542236328
1989-05-17 00:00:00+00:00,8.279999732971191
1989-05-18 00:00:00+00:00,8.380000114440918
1989-05-19 00:00:00+00:00,8.350000381469727
1989-05-22 00:00:00+00:00,8.319999694824219
1989-05-23 00:00:00+00:00,8.279999732971191
1989-05-24 00:00:00+00:00,8.369999885559082
1989-05-25 00:00:00+00:00,8.539999961853027
1989-05-26 00:00:00+00:00,8.520000457763672
1989-05-30 00:00:00+00:00,8.579999923706055
1989-05-31 00:00:00+00:00,8.609999656677246
1989-06-01 00:00:00+00:00,8.609999656677246
1989-06-02 00:00:00+00:00,8.359999656677246
1989-06-05 00:00:00+00:00,8.260000228881836
1989-06-06 00:00:00+00:00,8.15999984741211
1989-06-07 00:00:00+00:00,8.140000343322754
1989-06-08 00:00:00+00:00,8.119999885559082
1989-06-09 00:00:00+00:00,8.220000267028809
1989-06-12 00:00:00+00:00,8.1899995803833
1989-06-13 00:00:00+00:00,8.15999984741211
1989-06-14 00:00:00+00:00,8.119999885559082
1989-06-15 00:00:00+00:00,8.09000015258789
1989-06-16 00:00:00+00:00,8.140000343322754
1989-06-19 00:00:00+00:00,8.149999618530273
1989-06-20 00:00:00+00:00,8.149999618530273
1989-06-21 00:00:00+00:00,8.130000114440918
1989-06-22 00:00:00+00:00,8.149999618530273
1989-06-23 00:00:00+00:00,8.050000190734863
1989-06-26 00:00:00+00:00,8.100000381469727
1989-06-27 00:00:00+00:00,8.050000190734863
1989-06-28 00:00:00+00:00,8.039999961853027
1989-06-29 00:00:00+00:00,7.949999809265137
1989-06-30 00:00:00+00:00,7.989999771118164
1989-07-03 00:00:00+00:00,7.96999979019165
1989-07-05 00:00:00+00:00,7.78000020980835
1989-07-06 00:00:00+00:00,7.769999980926514
1989-07-07 00:00:00+00:00,7.730000019073486
1989-07-10 00:00:00+00:00,7.75
1989-07-11 00:00:00+00:00,7.760000228881836
1989-07-12 00:00:00+00:00,7.730000019073486
1989-07-13 00:00:00+00:00,7.769999980926514
1989-07-14 00:00:00+00:00,7.840000152587891
1989-07-17 00:00:00+00:00,7.920000076293945
1989-07-18 00:00:00+00:00,7.909999847412109
1989-07-19 00:00:00+00:00,7.929999828338623
1989-07-20 00:00:00+00:00,7.96999979019165
1989-07-21 00:00:00+00:00,8.119999885559082
1989-07-24 00:00:00+00:00,8.100000381469727
1989-07-25 00:00:00+00:00,8.029999732971191
1989-07-26 00:00:00+00:00,8.020000457763672
1989-07-27 00:00:00+00:00,7.900000095367432
1989-07-28 00:00:00+00:00,7.860000133514404
1989-07-31 00:00:00+00:00,7.800000190734863
1989-08-01 00:00:00+00:00,7.630000114440918
1989-08-02 00:00:00+00:00,7.630000114440918
1989-08-03 00:00:00+00:00,7.639999866485596
1989-08-04 00:00:00+00:00,7.869999885559082
1989-08-07 00:00:00+00:00,7.949999809265137
1989-08-08 00:00:00+00:00,7.940000057220459
1989-08-09 00:00:00+00:00,7.909999847412109
1989-08-10 00:00:00+00:00,7.860000133514404
1989-08-11 00:00:00+00:00,7.960000038146973
1989-08-14 00:00:00+00:00,8.0600004196167
1989-08-15 00:00:00+00:00,8.029999732971191
1989-08-16 00:00:00+00:00,7.940000057220459
1989-08-17 00:00:00+00:00,7.880000114440918
1989-08-18 00:00:00+00:00,7.860000133514404
1989-08-21 00:00:00+00:00,7.920000076293945
1989-08-22 00:00:00+00:00,8.050000190734863
1989-08-23 00:00:00+00:00,8.0
1989-08-24 00:00:00+00:00,7.960000038146973
1989-08-25 00:00:00+00:00,7.960000038146973
1989-08-28 00:00:00+00:00,7.980000019073486
1989-08-29 00:00:00+00:00,7.900000095367432
1989-08-30 00:00:00+00:00,7.869999885559082
1989-08-31 00:00:00+00:00,7.889999866485596
1989-09-01 00:00:00+00:00,7.860000133514404
1989-09-05 00:00:00+00:00,7.880000114440918
1989-09-06 00:00:00+00:00,7.820000171661377
1989-09-07 00:00:00+00:00,7.800000190734863
1989-09-08 00:00:00+00:00,7.78000020980835
1989-09-11 00:00:00+00:00,7.690000057220459
1989-09-12 00:00:00+00:00,7.619999885559082
1989-09-13 00:00:00+00:00,7.590000152587891
1989-09-14 00:00:00+00:00,7.579999923706055
1989-09-15 00:00:00+00:00,7.53000020980835
1989-09-18 00:00:00+00:00,7.610000133514404
1989-09-19 00:00:00+00:00,7.659999847412109
1989-09-20 00:00:00+00:00,7.809999942779541
1989-09-21 00:00:00+00:00,7.829999923706055
1989-09-22 00:00:00+00:00,7.760000228881836
1989-09-25 00:00:00+00:00,7.820000171661377
1989-09-26 00:00:00+00:00,7.760000228881836
1989-09-27 00:00:00+00:00,7.829999923706055
1989-09-28 00:00:00+00:00,7.869999885559082
1989-09-29 00:00:00+00:00,7.909999847412109
1989-10-02 00:00:00+00:00,7.889999866485596
1989-10-03 00:00:00+00:00,7.78000020980835
1989-10-04 00:00:00+00:00,7.78000020980835
1989-10-05 00:00:00+00:00,7.760000228881836
1989-10-06 00:00:00+00:00,7.579999923706055
1989-10-10 00:00:00+00:00,7.630000114440918
1989-10-11 00:00:00+00:00,7.699999809265137
1989-10-12 00:00:00+00:00,7.699999809265137
1989-10-13 00:00:00+00:00,7.610000133514404
1989-10-16 00:00:00+00:00,7.440000057220459
1989-10-17 00:00:00+00:00,7.429999828338623
1989-10-18 00:00:00+00:00,7.5
1989-10-19 00:00:00+00:00,7.570000171661377
1989-10-20 00:00:00+00:00,7.550000190734863
1989-10-23 00:00:00+00:00,7.570000171661377
1989-10-24 00:00:00+00:00,7.5
1989-10-25 00:00:00+00:00,7.559999942779541
1989-10-26 00:00:00+00:00,7.599999904632568
1989-10-27 00:00:00+00:00,7.760000228881836
1989-10-30 00:00:00+00:00,7.75
1989-10-31 00:00:00+00:00,7.769999980926514
1989-11-01 00:00:00+00:00,7.78000020980835
1989-11-02 00:00:00+00:00,7.730000019073486
1989-11-03 00:00:00+00:00,7.840000152587891
1989-11-06 00:00:00+00:00,7.869999885559082
1989-11-07 00:00:00+00:00,7.75
1989-11-08 00:00:00+00:00,7.690000057220459
1989-11-09 00:00:00+00:00,7.699999809265137
1989-11-10 00:00:00+00:00,7.710000038146973
1989-11-13 00:00:00+00:00,7.699999809265137
1989-11-14 00:00:00+00:00,7.659999847412109
1989-11-15 00:00:00+00:00,7.639999866485596
1989-11-16 00:00:00+00:00,7.659999847412109
1989-11-17 00:00:00+00:00,7.679999828338623
1989-11-20 00:00:00+00:00,7.679999828338623
1989-11-21 00:00:00+00:00,7.630000114440918
1989-11-22 00:00:00+00:00,7.590000152587891
1989-11-24 00:00:00+00:00,7.510000228881836
1989-11-27 00:00:00+00:00,7.659999847412109
1989-11-28 00:00:00+00:00,7.710000038146973
1989-11-29 00:00:00+00:00,7.659999847412109
1989-11-30 00:00:00+00:00,7.590000152587891
1989-12-01 00:00:00+00:00,7.53000020980835
1989-12-04 00:00:00+00:00,7.550000190734863
1989-12-05 00:00:00+00:00,7.559999942779541
1989-12-06 00:00:00+00:00,7.639999866485596
1989-12-07 00:00:00+00:00,7.690000057220459
1989-12-08 00:00:00+00:00,7.610000133514404
1989-12-11 00:00:00+00:00,7.639999866485596
1989-12-12 00:00:00+00:00,7.659999847412109
1989-12-13 00:00:00+00:00,7.690000057220459
1989-12-14 00:00:00+00:00,7.619999885559082
1989-12-15 00:00:00+00:00,7.619999885559082
1989-12-18 00:00:00+00:00,7.599999904632568
1989-12-19 00:00:00+00:00,7.670000076293945
1989-12-20 00:00:00+00:00,7.570000171661377
1989-12-21 00:00:00+00:00,7.559999942779541
1989-12-22 00:00:00+00:00,7.590000152587891
1989-12-26 00:00:00+00:00,7.760000228881836
1989-12-27 00:00:00+00:00,7.730000019073486
1989-12-28 00:00:00+00:00,7.679999828338623
1989-12-29 00:00:00+00:00,7.550000190734863
1990-01-02 00:00:00+00:00,7.579999923706055
1990-01-03 00:00:00+00:00,7.630000114440918
1990-01-04 00:00:00+00:00,7.590000152587891
1990-01-05 00:00:00+00:00,7.539999961853027
1990-01-08 00:00:00+00:00,7.539999961853027
1990-01-09 00:00:00+00:00,7.550000190734863
1990-01-10 00:00:00+00:00,7.5
1990-01-11 00:00:00+00:00,7.550000190734863
1990-01-12 00:00:00+00:00,7.5
1990-01-16 00:00:00+00:00,7.630000114440918
1990-01-17 00:00:00+00:00,7.710000038146973
1990-01-18 00:00:00+00:00,7.78000020980835
1990-01-19 00:00:00+00:00,7.739999771118164
1990-01-22 00:00:00+00:00,7.730000019073486
1990-01-23 00:00:00+00:00,7.670000076293945
1990-01-24 00:00:00+00:00,7.670000076293945
1990-01-25 00:00:00+00:00,7.690000057220459
1990-01-26 00:00:00+00:00,7.679999828338623
1990-01-29 00:00:00+00:00,7.739999771118164
1990-01-30 00:00:00+00:00,7.739999771118164
1990-01-31 00:00:00+00:00,7.739999771118164
1990-02-01 00:00:00+00:00,7.760000228881836
1990-02-02 00:00:00+00:00,7.809999942779541
1990-02-05 00:00:00+00:00,7.820000171661377
1990-02-06 00:00:00+00:00,7.820000171661377
1990-02-07 00:00:00+00:00,7.809999942779541
1990-02-08 00:00:00+00:00,7.809999942779541
1990-02-09 00:00:00+00:00,7.760000228881836
1990-02-12 00:00:00+00:00,7.730000019073486
1990-02-13 00:00:00+00:00,7.579999923706055
1990-02-14 00:00:00+00:00,7.610000133514404
1990-02-15 00:00:00+00:00,7.710000038146973
1990-02-16 00:00:00+00:00,7.690000057220459
1990-02-20 00:00:00+00:00,7.800000190734863
1990-02-21 00:00:00+00:00,7.75
1990-02-22 00:00:00+00:00,7.730000019073486
1990-02-23 00:00:00+00:00,7.679999828338623
1990-02-26 00:00:00+00:00,7.710000038146973
1990-02-27 00:00:00+00:00,7.730000019073486
1990-02-28 00:00:00+00:00,7.769999980926514
1990-03-01 00:00:00+00:00,7.809999942779541
1990-03-02 00:00:00+00:00,7.760000228881836
1990-03-05 00:00:00+00:00,7.820000171661377
1990-03-06 00:00:00+00:00,7.900000095367432
1990-03-07 00:00:00+00:00,7.909999847412109
1990-03-08 00:00:00+00:00,7.909999847412109
1990-03-09 00:00:00+00:00,7.989999771118164
1990-03-12 00:00:00+00:00,7.989999771118164
1990-03-13 00:00:00+00:00,7.980000019073486
1990-03-14 00:00:00+00:00,7.949999809265137
1990-03-15 00:00:00+00:00,7.940000057220459
1990-03-16 00:00:00+00:00,7.920000076293945
1990-03-19 00:00:00+00:00,7.940000057220459
1990-03-20 00:00:00+00:00,7.96999979019165
1990-03-21 00:00:00+00:00,7.949999809265137
1990-03-22 00:00:00+00:00,7.900000095367432
1990-03-23 00:00:00+00:00,7.880000114440918
1990-03-26 00:00:00+00:00,7.860000133514404
1990-03-27 00:00:00+00:00,7.900000095367432
1990-03-28 00:00:00+00:00,7.849999904632568
1990-03-29 00:00:00+00:00,7.829999923706055
1990-03-30 00:00:00+00:00,7.800000190734863
1990-04-02 00:00:00+00:00,7.78000020980835
1990-04-03 00:00:00+00:00,7.820000171661377
1990-04-04 00:00:00+00:00,7.75
1990-04-05 00:00:00+00:00,7.760000228881836
1990-04-06 00:00:00+00:00,7.760000228881836
1990-04-09 00:00:00+00:00,7.820000171661377
1990-04-10 00:00:00+00:00,7.78000020980835
1990-04-11 00:00:00+00:00,7.760000228881836
1990-04-12 00:00:00+00:00,7.760000228881836
1990-04-16 00:00:00+00:00,7.739999771118164
1990-04-17 00:00:00+00:00,7.760000228881836
1990-04-18 00:00:00+00:00,7.809999942779541
1990-04-19 00:00:00+00:00,7.789999961853027
1990-04-20 00:00:00+00:00,7.690000057220459
1990-04-23 00:00:00+00:00,7.730000019073486
1990-04-24 00:00:00+00:00,7.760000228881836
1990-04-25 00:00:00+00:00,7.789999961853027
1990-04-26 00:00:00+00:00,7.820000171661377
1990-04-27 00:00:00+00:00,7.789999961853027
1990-04-30 00:00:00+00:00,7.789999961853027
1990-05-01 00:00:00+00:00,7.920000076293945
1990-05-02 00:00:00+00:00,7.900000095367432
1990-05-03 00:00:00+00:00,7.880000114440918
1990-05-04 00:00:00+00:00,7.760000228881836
1990-05-07 00:00:00+00:00,7.820000171661377
1990-05-08 00:00:00+00:00,7.789999961853027
1990-05-09 00:00:00+00:00,7.75
1990-05-10 00:00:00+00:00,7.710000038146973
1990-05-11 00:00:00+00:00,7.619999885559082
1990-05-14 00:00:00+00:00,7.630000114440918
1990-05-15 00:00:00+00:00,7.650000095367432
1990-05-16 00:00:00+00:00,7.670000076293945
1990-05-17 00:00:00+00:00,7.670000076293945
1990-05-18 00:00:00+00:00,7.75
1990-05-21 00:00:00+00:00,7.75
1990-05-22 00:00:00+00:00,7.730000019073486
1990-05-23 00:00:00+00:00,7.650000095367432
1990-05-24 00:00:00+00:00,7.690000057220459
1990-05-25 00:00:00+00:00,7.75
1990-05-29 00:00:00+00:00,7.75
1990-05-30 00:00:00+00:00,7.760000228881836
1990-05-31 00:00:00+00:00,7.75
1990-06-01 00:00:00+00:00,7.679999828338623
1990-06-04 00:00:00+00:00,7.699999809265137
1990-06-05 00:00:00+00:00,7.699999809265137
1990-06-06 00:00:00+00:00,7.699999809265137
1990-06-07 00:00:00+00:00,7.699999809265137
1990-06-08 00:00:00+00:00,7.699999809265137
1990-06-11 00:00:00+00:00,7.730000019073486
1990-06-12 00:00:00+00:00,7.730000019073486
1990-06-13 00:00:00+00:00,7.670000076293945
1990-06-14 00:00:00+00:00,7.659999847412109
1990-06-15 00:00:00+00:00,7.690000057220459
1990-06-18 00:00:00+00:00,7.670000076293945
1990-06-19 00:00:00+00:00,7.739999771118164
1990-06-20 00:00:00+00:00,7.760000228881836
1990-06-21 00:00:00+00:00,7.769999980926514
1990-06-22 00:00:00+00:00,7.78000020980835
1990-06-25 00:00:00+00:00,7.789999961853027
1990-06-26 00:00:00+00:00,7.800000190734863
1990-06-27 00:00:00+00:00,7.78000020980835
1990-06-28 00:00:00+00:00,7.739999771118164
1990-06-29 00:00:00+00:00,7.739999771118164
1990-07-02 00:00:00+00:00,7.739999771118164
1990-07-03 00:00:00+00:00,7.699999809265137
1990-07-05 00:00:00+00:00,7.659999847412109
1990-07-06 00:00:00+00:00,7.75
1990-07-09 00:00:00+00:00,7.800000190734863
1990-07-10 00:00:00+00:00,7.800000190734863
1990-07-11 00:00:00+00:00,7.78000020980835
1990-07-12 00:00:00+00:00,7.679999828338623
1990-07-13 00:00:00+00:00,7.599999904632568
1990-07-16 00:00:00+00:00,7.610000133514404
1990-07-17 00:00:00+00:00,7.610000133514404
1990-07-18 00:00:00+00:00,7.550000190734863
1990-07-19 00:00:00+00:00,7.539999961853027
1990-07-20 00:00:00+00:00,7.539999961853027
1990-07-23 00:00:00+00:00,7.480000019073486
1990-07-24 00:00:00+00:00,7.53000020980835
1990-07-25 00:00:00+00:00,7.559999942779541
1990-07-26 00:00:00+00:00,7.579999923706055
1990-07-27 00:00:00+00:00,7.519999980926514
1990-07-30 00:00:00+00:00,7.5
1990-07-31 00:00:00+00:00,7.489999771118164
1990-08-01 00:00:00+00:00,7.420000076293945
1990-08-02 00:00:00+00:00,7.429999828338623
1990-08-03 00:00:00+00:00,7.289999961853027
1990-08-06 00:00:00+00:00,7.300000190734863
1990-08-07 00:00:00+00:00,7.369999885559082
1990-08-08 00:00:00+00:00,7.380000114440918
1990-08-09 00:00:00+00:00,7.409999847412109
1990-08-10 00:00:00+00:00,7.400000095367432
1990-08-13 00:00:00+00:00,7.420000076293945
1990-08-14 00:00:00+00:00,7.429999828338623
1990-08-15 00:00:00+00:00,7.449999809265137
1990-08-16 00:00:00+00:00,7.480000019073486
1990-08-17 00:00:00+00:00,7.46999979019165
1990-08-20 00:00:00+00:00,7.519999980926514
1990-08-21 00:00:00+00:00,7.570000171661377
1990-08-22 00:00:00+00:00,7.590000152587891
1990-08-23 00:00:00+00:00,7.539999961853027
1990-08-24 00:00:00+00:00,7.489999771118164
1990-08-27 00:00:00+00:00,7.53000020980835
1990-08-28 00:00:00+00:00,7.480000019073486
1990-08-29 00:00:00+00:00,7.46999979019165
1990-08-30 00:00:00+00:00,7.449999809265137
1990-08-31 00:00:00+00:00,7.389999866485596
1990-09-04 00:00:00+00:00,7.389999866485596
1990-09-05 00:00:00+00:00,7.369999885559082
1990-09-06 00:00:00+00:00,7.380000114440918
1990-09-07 00:00:00+00:00,7.389999866485596
1990-09-10 00:00:00+00:00,7.429999828338623
1990-09-11 00:00:00+00:00,7.420000076293945
1990-09-12 00:00:00+00:00,7.369999885559082
1990-09-13 00:00:00+00:00,7.349999904632568
1990-09-14 00:00:00+00:00,7.349999904632568
1990-09-17 00:00:00+00:00,7.369999885559082
1990-09-18 00:00:00+00:00,7.369999885559082
1990-09-19 00:00:00+00:00,7.389999866485596
1990-09-20 00:00:00+00:00,7.389999866485596
1990-09-21 00:00:00+00:00,7.360000133514404
1990-09-24 00:00:00+00:00,7.380000114440918
1990-09-25 00:00:00+00:00,7.349999904632568
1990-09-26 00:00:00+00:00,7.329999923706055
1990-09-27 00:00:00+00:00,7.230000019073486
1990-09-28 00:00:00+00:00,7.139999866485596
1990-10-01 00:00:00+00:00,7.130000114440918
1990-10-02 00:00:00+00:00,7.179999828338623
1990-10-03 00:00:00+00:00,7.150000095367432
1990-10-04 00:00:00+00:00,7.130000114440918
1990-10-05 00:00:00+00:00,7.039999961853027
1990-10-09 00:00:00+00:00,7.170000076293945
1990-10-10 00:00:00+00:00,7.199999809265137
1990-10-11 00:00:00+00:00,7.119999885559082
1990-10-12 00:00:00+00:00,7.139999866485596
1990-10-15 00:00:00+00:00,7.159999847412109
1990-10-16 00:00:00+00:00,7.159999847412109
1990-10-17 00:00:00+00:00,7.199999809265137
1990-10-18 00:00:00+00:00,7.25
1990-10-19 00:00:00+00:00,7.25
1990-10-22 00:00:00+00:00,7.230000019073486
1990-10-23 00:00:00+00:00,7.210000038146973
1990-10-24 00:00:00+00:00,7.21999979019165
1990-10-25 00:00:00+00:00,7.179999828338623
1990-10-26 00:00:00+00:00,7.130000114440918
1990-10-29 00:00:00+00:00,7.150000095367432
1990-10-30 00:00:00+00:00,7.139999866485596
1990-10-31 00:00:00+00:00,7.110000133514404
1990-11-01 00:00:00+00:00,7.050000190734863
1990-11-02 00:00:00+00:00,7.079999923706055
1990-11-05 00:00:00+00:00,7.079999923706055
1990-11-06 00:00:00+00:00,7.079999923706055
1990-11-07 00:00:00+00:00,7.090000152587891
1990-11-08 00:00:00+00:00,7.090000152587891
1990-11-09 00:00:00+00:00,7.050000190734863
1990-11-13 00:00:00+00:00,7.039999961853027
1990-11-14 00:00:00+00:00,7.070000171661377
1990-11-15 00:00:00+00:00,7.090000152587891
1990-11-16 00:00:00+00:00,7.079999923706055
1990-11-19 00:00:00+00:00,7.099999904632568
1990-11-20 00:00:00+00:00,7.090000152587891
1990-11-21 00:00:00+00:00,7.039999961853027
1990-11-23 00:00:00+00:00,7.03000020980835
1990-11-26 00:00:00+00:00,7.03000020980835
1990-11-27 00:00:00+00:00,7.039999961853027
1990-11-28 00:00:00+00:00,7.059999942779541
1990-11-29 00:00:00+00:00,7.03000020980835
1990-11-30 00:00:00+00:00,7.019999980926514
1990-12-03 00:00:00+00:00,7.050000190734863
1990-12-04 00:00:00+00:00,7.010000228881836
1990-12-05 00:00:00+00:00,7.0
1990-12-06 00:00:00+00:00,7.0
1990-12-07 00:00:00+00:00,6.889999866485596
1990-12-10 00:00:00+00:00,6.860000133514404
1990-12-11 00:00:00+00:00,6.840000152587891
1990-12-12 00:00:00+00:00,6.789999961853027
1990-12-13 00:00:00+00:00,6.829999923706055
1990-12-14 00:00:00+00:00,6.849999904632568
1990-12-17 00:00:00+00:00,6.809999942779541
1990-12-18 00:00:00+00:00,6.730000019073486
1990-12-19 00:00:00+00:00,6.619999885559082
1990-12-20 00:00:00+00:00,6.550000190734863
1990-12-21 00:00:00+00:00,6.590000152587891
1990-12-24 00:00:00+00:00,6.53000020980835
1990-12-26 00:00:00+00:00,6.480000019073486
1990-12-27 00:00:00+00:00,6.46999979019165
1990-12-28 00:00:00+00:00,6.449999809265137
1990-12-31 00:00:00+00:00,6.440000057220459
1991-01-02 00:00:00+00:00,6.460000038146973
1991-01-03 00:00:00+00:00,6.440000057220459
1991-01-04 00:00:00+00:00,6.53000020980835
1991-01-07 00:00:00+00:00,6.510000228881836
1991-01-08 00:00:00+00:00,6.440000057220459
1991-01-09 00:00:00+00:00,6.25
1991-01-10 00:00:00+00:00,6.210000038146973
1991-01-11 00:00:00+00:00,6.159999847412109
1991-01-14 00:00:00+00:00,6.050000190734863
1991-01-15 00:00:00+00:00,6.050000190734863
1991-01-16 00:00:00+00:00,6.039999961853027
1991-01-17 00:00:00+00:00,6.119999885559082
1991-01-18 00:00:00+00:00,6.070000171661377
1991-01-22 00:00:00+00:00,6.050000190734863
1991-01-23 00:00:00+00:00,6.139999866485596
1991-01-24 00:00:00+00:00,6.130000114440918
1991-01-25 00:00:00+00:00,6.170000076293945
1991-01-28 00:00:00+00:00,6.25
1991-01-29 00:00:00+00:00,6.21999979019165
1991-01-30 00:00:00+00:00,6.199999809265137
1991-01-31 00:00:00+00:00,6.190000057220459
1991-02-01 00:00:00+00:00,6.0
1991-02-04 00:00:00+00:00,5.980000019073486
1991-02-05 00:00:00+00:00,5.96999979019165
1991-02-06 00:00:00+00:00,5.909999847412109
1991-02-07 00:00:00+00:00,5.940000057220459
1991-02-08 00:00:00+00:00,5.920000076293945
1991-02-11 00:00:00+00:00,5.880000114440918
1991-02-12 00:00:00+00:00,5.849999904632568
1991-02-13 00:00:00+00:00,5.860000133514404
1991-02-14 00:00:00+00:00,5.849999904632568
1991-02-15 00:00:00+00:00,5.909999847412109
1991-02-19 00:00:00+00:00,5.960000038146973
1991-02-20 00:00:00+00:00,5.940000057220459
1991-02-21 00:00:00+00:00,5.920000076293945
1991-02-22 00:00:00+00:00,5.949999809265137
1991-02-25 00:00:00+00:00,5.989999771118164
1991-02-26 00:00:00+00:00,6.039999961853027
1991-02-27 00:00:00+00:00,6.03000020980835
1991-02-28 00:00:00+00:00,6.039999961853027
1991-03-01 00:00:00+00:00,6.090000152587891
1991-03-04 00:00:00+00:00,6.059999942779541
1991-03-05 00:00:00+00:00,6.050000190734863
1991-03-06 00:00:00+00:00,6.079999923706055
1991-03-07 00:00:00+00:00,6.070000171661377
1991-03-08 00:00:00+00:00,5.96999979019165
1991-03-11 00:00:00+00:00,5.889999866485596
1991-03-12 00:00:00+00:00,5.860000133514404
1991-03-13 00:00:00+00:00,5.829999923706055
1991-03-14 00:00:00+00:00,5.760000228881836
1991-03-15 00:00:00+00:00,5.800000190734863
1991-03-18 00:00:00+00:00,5.840000152587891
1991-03-19 00:00:00+00:00,5.889999866485596
1991-03-20 00:00:00+00:00,5.880000114440918
1991-03-21 00:00:00+00:00,5.869999885559082
1991-03-22 00:00:00+00:00,5.869999885559082
1991-03-25 00:00:00+00:00,5.880000114440918
1991-03-26 00:00:00+00:00,5.860000133514404
1991-03-27 00:00:00+00:00,5.809999942779541
1991-03-28 00:00:00+00:00,5.739999771118164
1991-04-01 00:00:00+00:00,5.760000228881836
1991-04-02 00:00:00+00:00,5.769999980926514
1991-04-03 00:00:00+00:00,5.769999980926514
1991-04-04 00:00:00+00:00,5.739999771118164
1991-04-05 00:00:00+00:00,5.710000038146973
1991-04-08 00:00:00+00:00,5.650000095367432
1991-04-09 00:00:00+00:00,5.610000133514404
1991-04-10 00:00:00+00:00,5.610000133514404
1991-04-11 00:00:00+00:00,5.570000171661377
1991-04-12 00:00:00+00:00,5.510000228881836
1991-04-15 00:00:00+00:00,5.590000152587891
1991-04-16 00:00:00+00:00,5.610000133514404
1991-04-17 00:00:00+00:00,5.559999942779541
1991-04-18 00:00:00+00:00,5.659999847412109
1991-04-19 00:00:00+00:00,5.75
1991-04-22 00:00:00+00:00,5.690000057220459
1991-04-23 00:00:00+00:00,5.710000038146973
1991-04-24 00:00:00+00:00,5.659999847412109
1991-04-25 00:00:00+00:00,5.610000133514404
1991-04-26 00:00:00+00:00,5.619999885559082
1991-04-29 00:00:00+00:00,5.590000152587891
1991-04-30 00:00:00+00:00,5.510000228881836
1991-05-01 00:00:00+00:00,5.539999961853027
1991-05-02 00:00:00+00:00,5.460000038146973
1991-05-03 00:00:00+00:00,5.46999979019165
1991-05-06 00:00:00+00:00,5.460000038146973
1991-05-07 00:00:00+00:00,5.5
1991-05-08 00:00:00+00:00,5.5
1991-05-09 00:00:00+00:00,5.480000019073486
1991-05-10 00:00:00+00:00,5.480000019073486
1991-05-13 00:00:00+00:00,5.46999979019165
1991-05-14 00:00:00+00:00,5.489999771118164
1991-05-15 00:00:00+00:00,5.449999809265137
1991-05-16 00:00:00+00:00,5.400000095367432
1991-05-17 00:00:00+00:00,5.400000095367432
1991-05-20 00:00:00+00:00,5.449999809265137
1991-05-21 00:00:00+00:00,5.5
1991-05-22 00:00:00+00:00,5.460000038146973
1991-05-23 00:00:00+00:00,5.400000095367432
1991-05-24 00:00:00+00:00,5.400000095367432
1991-05-28 00:00:00+00:00,5.400000095367432
1991-05-29 00:00:00+00:00,5.449999809265137
1991-05-30 00:00:00+00:00,5.449999809265137
1991-05-31 00:00:00+00:00,5.53000020980835
1991-06-03 00:00:00+00:00,5.599999904632568
1991-06-04 00:00:00+00:00,5.570000171661377
1991-06-05 00:00:00+00:00,5.590000152587891
1991-06-06 00:00:00+00:00,5.559999942779541
1991-06-07 00:00:00+00:00,5.559999942779541
1991-06-10 00:00:00+00:00,5.579999923706055
1991-06-11 00:00:00+00:00,5.570000171661377
1991-06-12 00:00:00+00:00,5.559999942779541
1991-06-13 00:00:00+00:00,5.579999923706055
1991-06-14 00:00:00+00:00,5.590000152587891
1991-06-17 00:00:00+00:00,5.590000152587891
1991-06-18 00:00:00+00:00,5.619999885559082
1991-06-19 00:00:00+00:00,5.570000171661377
1991-06-20 00:00:00+00:00,5.559999942779541
1991-06-21 00:00:00+00:00,5.570000171661377
1991-06-24 00:00:00+00:00,5.559999942779541
1991-06-25 00:00:00+00:00,5.579999923706055
1991-06-26 00:00:00+00:00,5.559999942779541
1991-06-27 00:00:00+00:00,5.550000190734863
1991-06-28 00:00:00+00:00,5.539999961853027
1991-07-01 00:00:00+00:00,5.579999923706055
1991-07-02 00:00:00+00:00,5.579999923706055
1991-07-03 00:00:00+00:00,5.559999942779541
1991-07-05 00:00:00+00:00,5.579999923706055
1991-07-08 00:00:00+00:00,5.570000171661377
1991-07-09 00:00:00+00:00,5.590000152587891
1991-07-10 00:00:00+00:00,5.579999923706055
1991-07-11 00:00:00+00:00,5.559999942779541
1991-07-12 00:00:00+00:00,5.550000190734863
1991-07-15 00:00:00+00:00,5.570000171661377
1991-07-16 00:00:00+00:00,5.590000152587891
1991-07-17 00:00:00+00:00,5.610000133514404
1991-07-18 00:00:00+00:00,5.590000152587891
1991-07-19 00:00:00+00:00,5.579999923706055
1991-07-22 00:00:00+00:00,5.570000171661377
1991-07-23 00:00:00+00:00,5.590000152587891
1991-07-24 00:00:00+00:00,5.579999923706055
1991-07-25 00:00:00+00:00,5.579999923706055
1991-07-26 00:00:00+00:00,5.579999923706055
1991-07-29 00:00:00+00:00,5.570000171661377
1991-07-30 00:00:00+00:00,5.559999942779541
1991-07-31 00:00:00+00:00,5.53000020980835
1991-08-01 00:00:00+00:00,5.550000190734863
1991-08-02 00:00:00+00:00,5.460000038146973
1991-08-05 00:00:00+00:00,5.5
1991-08-06 00:00:00+00:00,5.409999847412109
1991-08-07 00:00:00+00:00,5.380000114440918
1991-08-08 00:00:00+00:00,5.369999885559082
1991-08-09 00:00:00+00:00,5.320000171661377
1991-08-12 00:00:00+00:00,5.309999942779541
1991-08-13 00:00:00+00:00,5.289999961853027
1991-08-14 00:00:00+00:00,5.289999961853027
1991-08-15 00:00:00+00:00,5.300000190734863
1991-08-16 00:00:00+00:00,5.260000228881836
1991-08-19 00:00:00+00:00,5.110000133514404
1991-08-20 00:00:00+00:00,5.110000133514404
1991-08-21 00:00:00+00:00,5.28000020980835
1991-08-22 00:00:00+00:00,5.309999942779541
1991-08-23 00:00:00+00:00,5.389999866485596
1991-08-26 00:00:00+00:00,5.409999847412109
1991-08-27 00:00:00+00:00,5.380000114440918
1991-08-28 00:00:00+00:00,5.300000190734863
1991-08-29 00:00:00+00:00,5.269999980926514
1991-08-30 00:00:00+00:00,5.329999923706055
1991-09-03 00:00:00+00:00,5.340000152587891
1991-09-04 00:00:00+00:00,5.329999923706055
1991-09-05 00:00:00+00:00,5.320000171661377
1991-09-06 00:00:00+00:00,5.289999961853027
1991-09-09 00:00:00+00:00,5.28000020980835
1991-09-10 00:00:00+00:00,5.239999771118164
1991-09-11 00:00:00+00:00,5.260000228881836
1991-09-12 00:00:00+00:00,5.21999979019165
1991-09-13 00:00:00+00:00,5.159999847412109
1991-09-16 00:00:00+00:00,5.179999828338623
1991-09-17 00:00:00+00:00,5.190000057220459
1991-09-18 00:00:00+00:00,5.179999828338623
1991-09-19 00:00:00+00:00,5.199999809265137
1991-09-20 00:00:00+00:00,5.190000057220459
1991-09-23 00:00:00+00:00,5.210000038146973
1991-09-24 00:00:00+00:00,5.170000076293945
1991-09-25 00:00:00+00:00,5.170000076293945
1991-09-26 00:00:00+00:00,5.130000114440918
1991-09-27 00:00:00+00:00,5.130000114440918
1991-09-30 00:00:00+00:00,5.110000133514404
1991-10-01 00:00:00+00:00,5.099999904632568
1991-10-02 00:00:00+00:00,5.090000152587891
1991-10-03 00:00:00+00:00,5.039999961853027
1991-10-04 00:00:00+00:00,5.019999980926514
1991-10-07 00:00:00+00:00,5.019999980926514
1991-10-08 00:00:00+00:00,5.019999980926514
1991-10-09 00:00:00+00:00,5.010000228881836
1991-10-10 00:00:00+00:00,5.03000020980835
1991-10-11 00:00:00+00:00,4.989999771118164
1991-10-15 00:00:00+00:00,4.960000038146973
1991-10-16 00:00:00+00:00,4.96999979019165
1991-10-17 00:00:00+00:00,5.03000020980835
1991-10-18 00:00:00+00:00,5.03000020980835
1991-10-21 00:00:00+00:00,5.039999961853027
1991-10-22 00:00:00+00:00,5.059999942779541
1991-10-23 00:00:00+00:00,5.039999961853027
1991-10-24 00:00:00+00:00,4.96999979019165
1991-10-25 00:00:00+00:00,4.960000038146973
1991-10-28 00:00:00+00:00,4.940000057220459
1991-10-29 00:00:00+00:00,4.889999866485596
1991-10-30 00:00:00+00:00,4.840000152587891
1991-10-31 00:00:00+00:00,4.820000171661377
1991-11-01 00:00:00+00:00,4.75
1991-11-04 00:00:00+00:00,4.739999771118164
1991-11-05 00:00:00+00:00,4.760000228881836
1991-11-06 00:00:00+00:00,4.630000114440918
1991-11-07 00:00:00+00:00,4.630000114440918
1991-11-08 00:00:00+00:00,4.619999885559082
1991-11-12 00:00:00+00:00,4.619999885559082
1991-11-13 00:00:00+00:00,4.630000114440918
1991-11-14 00:00:00+00:00,4.630000114440918
1991-11-15 00:00:00+00:00,4.590000152587891
1991-11-18 00:00:00+00:00,4.579999923706055
1991-11-19 00:00:00+00:00,4.53000020980835
1991-11-20 00:00:00+00:00,4.489999771118164
1991-11-21 00:00:00+00:00,4.429999828338623
1991-11-22 00:00:00+00:00,4.420000076293945
1991-11-25 00:00:00+00:00,4.429999828338623
1991-11-26 00:00:00+00:00,4.400000095367432
1991-11-27 00:00:00+00:00,4.389999866485596
1991-11-29 00:00:00+00:00,4.349999904632568
1991-12-02 00:00:00+00:00,4.380000114440918
1991-12-03 00:00:00+00:00,4.360000133514404
1991-12-04 00:00:00+00:00,4.309999942779541
1991-12-05 00:00:00+00:00,4.309999942779541
1991-12-06 00:00:00+00:00,4.239999771118164
1991-12-09 00:00:00+00:00,4.150000095367432
1991-12-10 00:00:00+00:00,4.199999809265137
1991-12-11 00:00:00+00:00,4.150000095367432
1991-12-12 00:00:00+00:00,4.150000095367432
1991-12-13 00:00:00+00:00,4.150000095367432
1991-12-16 00:00:00+00:00,4.139999866485596
1991-12-17 00:00:00+00:00,4.110000133514404
1991-12-18 00:00:00+00:00,4.119999885559082
1991-12-19 00:00:00+00:00,4.039999961853027
1991-12-20 00:00:00+00:00,3.740000009536743
1991-12-23 00:00:00+00:00,3.759999990463257
1991-12-24 00:00:00+00:00,3.809999942779541
1991-12-26 00:00:00+00:00,3.819999933242798
1991-12-27 00:00:00+00:00,3.859999895095825
1991-12-30 00:00:00+00:00,3.869999885559082
1991-12-31 00:00:00+00:00,3.880000114440918
1992-01-02 00:00:00+00:00,3.859999895095825
1992-01-03 00:00:00+00:00,3.8499999046325684
1992-01-06 00:00:00+00:00,3.809999942779541
1992-01-07 00:00:00+00:00,3.75
1992-01-08 00:00:00+00:00,3.7200000286102295
1992-01-09 00:00:00+00:00,3.7699999809265137
1992-01-10 00:00:00+00:00,3.819999933242798
1992-01-13 00:00:00+00:00,3.809999942779541
1992-01-14 00:00:00+00:00,3.819999933242798
1992-01-15 00:00:00+00:00,3.8399999141693115
1992-01-16 00:00:00+00:00,3.7899999618530273
1992-01-17 00:00:00+00:00,3.7899999618530273
1992-01-21 00:00:00+00:00,3.7300000190734863
1992-01-22 00:00:00+00:00,3.75
1992-01-23 00:00:00+00:00,3.7699999809265137
1992-01-24 00:00:00+00:00,3.809999942779541
1992-01-27 00:00:00+00:00,3.8499999046325684
1992-01-28 00:00:00+00:00,3.8299999237060547
1992-01-29 00:00:00+00:00,3.859999895095825
1992-01-30 00:00:00+00:00,3.8299999237060547
1992-01-31 00:00:00+00:00,3.8399999141693115
1992-02-03 00:00:00+00:00,3.8399999141693115
1992-02-04 00:00:00+00:00,3.8399999141693115
1992-02-05 00:00:00+00:00,3.8399999141693115
1992-02-06 00:00:00+00:00,3.809999942779541
1992-02-07 00:00:00+00:00,3.740000009536743
1992-02-10 00:00:00+00:00,3.7300000190734863
1992-02-11 00:00:00+00:00,3.75
1992-02-12 00:00:00+00:00,3.75
1992-02-13 00:00:00+00:00,3.7899999618530273
1992-02-14 00:00:00+00:00,3.7899999618530273
1992-02-18 00:00:00+00:00,3.809999942779541
1992-02-19 00:00:00+00:00,3.8499999046325684
1992-02-20 00:00:00+00:00,3.880000114440918
1992-02-21 00:00:00+00:00,3.930000066757202
1992-02-24 00:00:00+00:00,3.930000066757202
1992-02-25 00:00:00+00:00,3.9600000381469727
1992-02-26 00:00:00+00:00,3.940000057220459
1992-02-27 00:00:00+00:00,3.930000066757202
1992-02-28 00:00:00+00:00,3.930000066757202
1992-03-02 00:00:00+00:00,4.03000020980835
1992-03-03 00:00:00+00:00,4.039999961853027
1992-03-04 00:00:00+00:00,4.03000020980835
1992-03-05 00:00:00+00:00,4.039999961853027
1992-03-06 00:00:00+00:00,4.039999961853027
1992-03-09 00:00:00+00:00,4.010000228881836
1992-03-10 00:00:00+00:00,4.010000228881836
1992-03-11 00:00:00+00:00,4.010000228881836
1992-03-12 00:00:00+00:00,4.019999980926514
1992-03-13 00:00:00+00:00,4.059999942779541
1992-03-16 00:00:00+00:00,4.059999942779541
1992-03-17 00:00:00+00:00,4.059999942779541
1992-03-18 00:00:00+00:00,4.050000190734863
1992-03-19 00:00:00+00:00,4.050000190734863
1992-03-20 00:00:00+00:00,4.059999942779541
1992-03-23 00:00:00+00:00,4.079999923706055
1992-03-24 00:00:00+00:00,4.050000190734863
1992-03-25 00:00:00+00:00,4.010000228881836
1992-03-26 00:00:00+00:00,4.010000228881836
1992-03-27 00:00:00+00:00,4.010000228881836
1992-03-30 00:00:00+00:00,4.010000228881836
1992-03-31 00:00:00+00:00,4.050000190734863
1992-04-01 00:00:00+00:00,4.010000228881836
1992-04-02 00:00:00+00:00,4.019999980926514
1992-04-03 00:00:00+00:00,3.9600000381469727
1992-04-06 00:00:00+00:00,3.9600000381469727
1992-04-07 00:00:00+00:00,3.869999885559082
1992-04-08 00:00:00+00:00,3.869999885559082
1992-04-09 00:00:00+00:00,3.6600000858306885
1992-04-10 00:00:00+00:00,3.6500000953674316
1992-04-13 00:00:00+00:00,3.619999885559082
1992-04-14 00:00:00+00:00,3.619999885559082
1992-04-15 00:00:00+00:00,3.619999885559082
1992-04-16 00:00:00+00:00,3.6500000953674316
1992-04-20 00:00:00+00:00,3.690000057220459
1992-04-21 00:00:00+00:00,3.680000066757202
1992-04-22 00:00:00+00:00,3.680000066757202
1992-04-23 00:00:00+00:00,3.6700000762939453
1992-04-24 00:00:00+00:00,3.6700000762939453
1992-04-27 00:00:00+00:00,3.7100000381469727
1992-04-28 00:00:00+00:00,3.7100000381469727
1992-04-29 00:00:00+00:00,3.7100000381469727
1992-04-30 00:00:00+00:00,3.700000047683716
1992-05-01 00:00:00+00:00,3.630000114440918
1992-05-04 00:00:00+00:00,3.640000104904175
1992-05-05 00:00:00+00:00,3.640000104904175
1992-05-06 00:00:00+00:00,3.619999885559082
1992-05-07 00:00:00+00:00,3.619999885559082
1992-05-08 00:00:00+00:00,3.630000114440918
1992-05-11 00:00:00+00:00,3.640000104904175
1992-05-12 00:00:00+00:00,3.619999885559082
1992-05-13 00:00:00+00:00,3.5899999141693115
1992-05-14 00:00:00+00:00,3.569999933242798
1992-05-15 00:00:00+00:00,3.5799999237060547
1992-05-18 00:00:00+00:00,3.5999999046325684
1992-05-19 00:00:00+00:00,3.5399999618530273
1992-05-20 00:00:00+00:00,3.569999933242798
1992-05-21 00:00:00+00:00,3.6700000762939453
1992-05-22 00:00:00+00:00,3.680000066757202
1992-05-26 00:00:00+00:00,3.740000009536743
1992-05-27 00:00:00+00:00,3.700000047683716
1992-05-28 00:00:00+00:00,3.680000066757202
1992-05-29 00:00:00+00:00,3.700000047683716
1992-06-01 00:00:00+00:00,3.75
1992-06-02 00:00:00+00:00,3.740000009536743
1992-06-03 00:00:00+00:00,3.7100000381469727
1992-06-04 00:00:00+00:00,3.690000057220459
1992-06-05 00:00:00+00:00,3.680000066757202
1992-06-08 00:00:00+00:00,3.680000066757202
1992-06-09 00:00:00+00:00,3.680000066757202
1992-06-10 00:00:00+00:00,3.680000066757202
1992-06-11 00:00:00+00:00,3.6600000858306885
1992-06-12 00:00:00+00:00,3.6600000858306885
1992-06-15 00:00:00+00:00,3.6500000953674316
1992-06-16 00:00:00+00:00,3.640000104904175
1992-06-17 00:00:00+00:00,3.619999885559082
1992-06-18 00:00:00+00:00,3.609999895095825
1992-06-19 00:00:00+00:00,3.6500000953674316
1992-06-22 00:00:00+00:00,3.640000104904175
1992-06-23 00:00:00+00:00,3.680000066757202
1992-06-24 00:00:00+00:00,3.640000104904175
1992-06-25 00:00:00+00:00,3.619999885559082
1992-06-26 00:00:00+00:00,3.619999885559082
1992-06-29 00:00:00+00:00,3.569999933242798
1992-06-30 00:00:00+00:00,3.569999933242798
1992-07-01 00:00:00+00:00,3.549999952316284
1992-07-02 00:00:00+00:00,3.240000009536743
1992-07-06 00:00:00+00:00,3.2200000286102295
1992-07-07 00:00:00+00:00,3.2100000381469727
1992-07-08 00:00:00+00:00,3.2200000286102295
1992-07-09 00:00:00+00:00,3.2100000381469727
1992-07-10 00:00:00+00:00,3.2200000286102295
1992-07-13 00:00:00+00:00,3.2100000381469727
1992-07-14 00:00:00+00:00,3.2100000381469727
1992-07-15 00:00:00+00:00,3.180000066757202
1992-07-16 00:00:00+00:00,3.1700000762939453
1992-07-17 00:00:00+00:00,3.1600000858306885
1992-07-20 00:00:00+00:00,3.180000066757202
1992-07-21 00:00:00+00:00,3.190000057220459
1992-07-22 00:00:00+00:00,3.1700000762939453
1992-07-23 00:00:00+00:00,3.1600000858306885
1992-07-24 00:00:00+00:00,3.1600000858306885
1992-07-27 00:00:00+00:00,3.190000057220459
1992-07-28 00:00:00+00:00,3.190000057220459
1992-07-29 00:00:00+00:00,3.180000066757202
1992-07-30 00:00:00+00:00,3.180000066757202
1992-07-31 00:00:00+00:00,3.180000066757202
1992-08-03 00:00:00+00:00,3.1700000762939453
1992-08-04 00:00:00+00:00,3.1700000762939453
1992-08-05 00:00:00+00:00,3.1700000762939453
1992-08-06 00:00:00+00:00,3.1600000858306885
1992-08-07 00:00:00+00:00,3.140000104904175
1992-08-10 00:00:00+00:00,3.130000114440918
1992-08-11 00:00:00+00:00,3.130000114440918
1992-08-12 00:00:00+00:00,3.119999885559082
1992-08-13 00:00:00+00:00,3.0899999141693115
1992-08-14 00:00:00+00:00,3.059999942779541
1992-08-17 00:00:00+00:00,3.069999933242798
1992-08-18 00:00:00+00:00,3.069999933242798
1992-08-19 00:00:00+00:00,3.0799999237060547
1992-08-20 00:00:00+00:00,3.0799999237060547
1992-08-21 00:00:00+00:00,3.069999933242798
1992-08-24 00:00:00+00:00,3.1500000953674316
1992-08-25 00:00:00+00:00,3.1700000762939453
1992-08-26 00:00:00+00:00,3.1600000858306885
1992-08-27 00:00:00+00:00,3.1600000858306885
1992-08-28 00:00:00+00:00,3.1600000858306885
1992-08-31 00:00:00+00:00,3.1600000858306885
1992-09-01 00:00:00+00:00,3.1500000953674316
1992-09-02 00:00:00+00:00,3.140000104904175
1992-09-03 00:00:00+00:00,3.140000104904175
1992-09-04 00:00:00+00:00,2.9200000762939453
1992-09-08 00:00:00+00:00,2.9000000953674316
1992-09-09 00:00:00+00:00,2.9100000858306885
1992-09-10 00:00:00+00:00,2.9100000858306885
1992-09-11 00:00:00+00:00,2.9200000762939453
1992-09-14 00:00:00+00:00,2.890000104904175
1992-09-15 00:00:00+00:00,2.9200000762939453
1992-09-16 00:00:00+00:00,2.9000000953674316
1992-09-17 00:00:00+00:00,2.880000114440918
1992-09-18 00:00:00+00:00,2.880000114440918
1992-09-21 00:00:00+00:00,2.9100000858306885
1992-09-22 00:00:00+00:00,2.9200000762939453
1992-09-23 00:00:00+00:00,2.9200000762939453
1992-09-24 00:00:00+00:00,2.890000104904175
1992-09-25 00:00:00+00:00,2.799999952316284
1992-09-28 00:00:00+00:00,2.7799999713897705
1992-09-29 00:00:00+00:00,2.7300000190734863
1992-09-30 00:00:00+00:00,2.690000057220459
1992-10-01 00:00:00+00:00,2.609999895095825
1992-10-02 00:00:00+00:00,2.630000114440918
1992-10-05 00:00:00+00:00,2.640000104904175
1992-10-06 00:00:00+00:00,2.7300000190734863
1992-10-07 00:00:00+00:00,2.8299999237060547
1992-10-08 00:00:00+00:00,2.7899999618530273
1992-10-09 00:00:00+00:00,2.8299999237060547
1992-10-13 00:00:00+00:00,2.859999895095825
1992-10-14 00:00:00+00:00,2.930000066757202
1992-10-15 00:00:00+00:00,2.9200000762939453
1992-10-16 00:00:00+00:00,2.9000000953674316
1992-10-19 00:00:00+00:00,2.9700000286102295
1992-10-20 00:00:00+00:00,3.0199999809265137
1992-10-21 00:00:00+00:00,2.930000066757202
1992-10-22 00:00:00+00:00,2.9100000858306885
1992-10-23 00:00:00+00:00,2.930000066757202
1992-10-26 00:00:00+00:00,2.9200000762939453
1992-10-27 00:00:00+00:00,2.940000057220459
1992-10-28 00:00:00+00:00,2.940000057220459
1992-10-29 00:00:00+00:00,2.950000047683716
1992-10-30 00:00:00+00:00,2.9600000381469727
1992-11-02 00:00:00+00:00,3.009999990463257
1992-11-03 00:00:00+00:00,3.0299999713897705
1992-11-04 00:00:00+00:00,3.0199999809265137
1992-11-05 00:00:00+00:00,3.009999990463257
1992-11-06 00:00:00+00:00,3.059999942779541
1992-11-09 00:00:00+00:00,3.0799999237060547
1992-11-10 00:00:00+00:00,3.0799999237060547
1992-11-12 00:00:00+00:00,3.059999942779541
1992-11-13 00:00:00+00:00,3.0799999237060547
1992-11-16 00:00:00+00:00,3.119999885559082
1992-11-17 00:00:00+00:00,3.1700000762939453
1992-11-18 00:00:00+00:00,3.1500000953674316
1992-11-19 00:00:00+00:00,3.1500000953674316
1992-11-20 00:00:00+00:00,3.200000047683716
1992-11-23 00:00:00+00:00,3.240000009536743
1992-11-24 00:00:00+00:00,3.2200000286102295
1992-11-25 00:00:00+00:00,3.240000009536743
1992-11-27 00:00:00+00:00,3.25
1992-11-30 00:00:00+00:00,3.2699999809265137
1992-12-01 00:00:00+00:00,3.3299999237060547
1992-12-02 00:00:00+00:00,3.3399999141693115
1992-12-03 00:00:00+00:00,3.299999952316284
1992-12-04 00:00:00+00:00,3.25
1992-12-07 00:00:00+00:00,3.25
1992-12-08 00:00:00+00:00,3.259999990463257
1992-12-09 00:00:00+00:00,3.2300000190734863
1992-12-10 00:00:00+00:00,3.2200000286102295
1992-12-11 00:00:00+00:00,3.25
1992-12-14 00:00:00+00:00,3.259999990463257
1992-12-15 00:00:00+00:00,3.2200000286102295
1992-12-16 00:00:00+00:00,3.2100000381469727
1992-12-17 00:00:00+00:00,3.200000047683716
1992-12-18 00:00:00+00:00,3.1600000858306885
1992-12-21 00:00:00+00:00,3.1700000762939453
1992-12-22 00:00:00+00:00,3.200000047683716
1992-12-23 00:00:00+00:00,3.180000066757202
1992-12-24 00:00:00+00:00,3.1600000858306885
1992-12-28 00:00:00+00:00,3.180000066757202
1992-12-29 00:00:00+00:00,3.200000047683716
1992-12-30 00:00:00+00:00,3.119999885559082
1992-12-31 00:00:00+00:00,3.0799999237060547
1993-01-04 00:00:00+00:00,3.0799999237060547
1993-01-05 00:00:00+00:00,3.109999895095825
1993-01-06 00:00:00+00:00,3.0999999046325684
1993-01-07 00:00:00+00:00,3.119999885559082
1993-01-08 00:00:00+00:00,3.059999942779541
1993-01-11 00:00:00+00:00,3.049999952316284
1993-01-12 00:00:00+00:00,3.0199999809265137
1993-01-13 00:00:00+00:00,3.0
1993-01-14 00:00:00+00:00,2.9800000190734863
1993-01-15 00:00:00+00:00,2.940000057220459
1993-01-19 00:00:00+00:00,2.990000009536743
1993-01-20 00:00:00+00:00,3.009999990463257
1993-01-21 00:00:00+00:00,2.990000009536743
1993-01-22 00:00:00+00:00,2.9700000286102295
1993-01-25 00:00:00+00:00,2.950000047683716
1993-01-26 00:00:00+00:00,2.950000047683716
1993-01-27 00:00:00+00:00,2.9100000858306885
1993-01-28 00:00:00+00:00,2.9000000953674316
1993-01-29 00:00:00+00:00,2.9000000953674316
1993-02-01 00:00:00+00:00,2.9000000953674316
1993-02-02 00:00:00+00:00,2.9600000381469727
1993-02-03 00:00:00+00:00,2.930000066757202
1993-02-04 00:00:00+00:00,2.9000000953674316
1993-02-05 00:00:00+00:00,2.9000000953674316
1993-02-08 00:00:00+00:00,2.9200000762939453
1993-02-09 00:00:00+00:00,2.930000066757202
1993-02-10 00:00:00+00:00,2.940000057220459
1993-02-11 00:00:00+00:00,2.9200000762939453
1993-02-12 00:00:00+00:00,2.930000066757202
1993-02-16 00:00:00+00:00,2.930000066757202
1993-02-17 00:00:00+00:00,2.9100000858306885
1993-02-18 00:00:00+00:00,2.890000104904175
1993-02-19 00:00:00+00:00,2.930000066757202
1993-02-22 00:00:00+00:00,2.950000047683716
1993-02-23 00:00:00+00:00,2.940000057220459
1993-02-24 00:00:00+00:00,2.9600000381469727
1993-02-25 00:00:00+00:00,2.950000047683716
1993-02-26 00:00:00+00:00,2.950000047683716
1993-03-01 00:00:00+00:00,2.950000047683716
1993-03-02 00:00:00+00:00,2.9700000286102295
1993-03-03 00:00:00+00:00,2.940000057220459
1993-03-04 00:00:00+00:00,2.9100000858306885
1993-03-05 00:00:00+00:00,3.0
1993-03-08 00:00:00+00:00,3.0
1993-03-09 00:00:00+00:00,2.990000009536743
1993-03-10 00:00:00+00:00,2.9800000190734863
1993-03-11 00:00:00+00:00,2.9600000381469727
1993-03-12 00:00:00+00:00,2.9700000286102295
1993-03-15 00:00:00+00:00,2.990000009536743
1993-03-16 00:00:00+00:00,2.9800000190734863
1993-03-17 00:00:00+00:00,2.9800000190734863
1993-03-18 00:00:00+00:00,2.950000047683716
1993-03-19 00:00:00+00:00,2.9600000381469727
1993-03-22 00:00:00+00:00,2.940000057220459
1993-03-23 00:00:00+00:00,2.9200000762939453
1993-03-24 00:00:00+00:00,2.9200000762939453
1993-03-25 00:00:00+00:00,2.9100000858306885
1993-03-26 00:00:00+00:00,2.930000066757202
1993-03-29 00:00:00+00:00,2.940000057220459
1993-03-30 00:00:00+00:00,2.9100000858306885
1993-03-31 00:00:00+00:00,2.890000104904175
1993-04-01 00:00:00+00:00,2.9000000953674316
1993-04-02 00:00:00+00:00,2.9100000858306885
1993-04-05 00:00:00+00:00,2.9000000953674316
1993-04-06 00:00:00+00:00,2.9100000858306885
1993-04-07 00:00:00+00:00,2.9200000762939453
1993-04-08 00:00:00+00:00,2.9000000953674316
1993-04-12 00:00:00+00:00,2.890000104904175
1993-04-13 00:00:00+00:00,2.8499999046325684
1993-04-14 00:00:00+00:00,2.819999933242798
1993-04-15 00:00:00+00:00,2.8399999141693115
1993-04-16 00:00:00+00:00,2.8399999141693115
1993-04-19 00:00:00+00:00,2.809999942779541
1993-04-20 00:00:00+00:00,2.7899999618530273
1993-04-21 00:00:00+00:00,2.799999952316284
1993-04-22 00:00:00+00:00,2.819999933242798
1993-04-23 00:00:00+00:00,2.8399999141693115
1993-04-26 00:00:00+00:00,2.890000104904175
1993-04-27 00:00:00+00:00,2.9100000858306885
1993-04-28 00:00:00+00:00,2.9200000762939453
1993-04-29 00:00:00+00:00,2.9000000953674316
1993-04-30 00:00:00+00:00,2.9100000858306885
1993-05-03 00:00:00+00:00,2.869999885559082
1993-05-04 00:00:00+00:00,2.869999885559082
1993-05-05 00:00:00+00:00,2.890000104904175
1993-05-06 00:00:00+00:00,2.859999895095825
1993-05-07 00:00:00+00:00,2.869999885559082
1993-05-10 00:00:00+00:00,2.869999885559082
1993-05-11 00:00:00+00:00,2.890000104904175
1993-05-12 00:00:00+00:00,2.9000000953674316
1993-05-13 00:00:00+00:00,2.930000066757202
1993-05-14 00:00:00+00:00,2.9600000381469727
1993-05-17 00:00:00+00:00,3.0
1993-05-18 00:00:00+00:00,3.009999990463257
1993-05-19 00:00:00+00:00,2.9700000286102295
1993-05-20 00:00:00+00:00,2.9600000381469727
1993-05-21 00:00:00+00:00,3.0
1993-05-24 00:00:00+00:00,3.0399999618530273
1993-05-25 00:00:00+00:00,3.069999933242798
1993-05-26 00:00:00+00:00,3.049999952316284
1993-05-27 00:00:00+00:00,3.059999942779541
1993-05-28 00:00:00+00:00,3.059999942779541
1993-06-01 00:00:00+00:00,3.0399999618530273
1993-06-02 00:00:00+00:00,3.069999933242798
1993-06-03 00:00:00+00:00,3.0299999713897705
1993-06-04 00:00:00+00:00,3.109999895095825
1993-06-07 00:00:00+00:00,3.0999999046325684
1993-06-08 00:00:00+00:00,3.130000114440918
1993-06-09 00:00:00+00:00,3.109999895095825
1993-06-10 00:00:00+00:00,3.109999895095825
1993-06-11 00:00:00+00:00,3.049999952316284
1993-06-14 00:00:00+00:00,3.049999952316284
1993-06-15 00:00:00+00:00,3.049999952316284
1993-06-16 00:00:00+00:00,3.0399999618530273
1993-06-17 00:00:00+00:00,3.0299999713897705
1993-06-18 00:00:00+00:00,3.059999942779541
1993-06-21 00:00:00+00:00,3.059999942779541
1993-06-22 00:00:00+00:00,3.0899999141693115
1993-06-23 00:00:00+00:00,3.119999885559082
1993-06-24 00:00:00+00:00,3.0999999046325684
1993-06-25 00:00:00+00:00,3.0799999237060547
1993-06-28 00:00:00+00:00,3.069999933242798
1993-06-29 00:00:00+00:00,3.0299999713897705
1993-06-30 00:00:00+00:00,3.0299999713897705
1993-07-01 00:00:00+00:00,2.990000009536743
1993-07-02 00:00:00+00:00,2.950000047683716
1993-07-06 00:00:00+00:00,3.009999990463257
1993-07-07 00:00:00+00:00,3.0399999618530273
1993-07-08 00:00:00+00:00,3.0199999809265137
1993-07-09 00:00:00+00:00,3.0199999809265137
1993-07-12 00:00:00+00:00,3.009999990463257
1993-07-13 00:00:00+00:00,3.0399999618530273
1993-07-14 00:00:00+00:00,3.009999990463257
1993-07-15 00:00:00+00:00,3.009999990463257
1993-07-16 00:00:00+00:00,3.009999990463257
1993-07-19 00:00:00+00:00,3.0299999713897705
1993-07-20 00:00:00+00:00,3.059999942779541
1993-07-21 00:00:00+00:00,3.069999933242798
1993-07-22 00:00:00+00:00,3.0899999141693115
1993-07-23 00:00:00+00:00,3.0899999141693115
1993-07-26 00:00:00+00:00,3.0799999237060547
1993-07-27 00:00:00+00:00,3.0999999046325684
1993-07-28 00:00:00+00:00,3.0799999237060547
1993-07-29 00:00:00+00:00,3.0199999809265137
1993-07-30 00:00:00+00:00,3.0299999713897705
1993-08-02 00:00:00+00:00,3.069999933242798
1993-08-03 00:00:00+00:00,3.0799999237060547
1993-08-04 00:00:00+00:00,3.0799999237060547
1993-08-05 00:00:00+00:00,3.049999952316284
1993-08-06 00:00:00+00:00,3.0399999618530273
1993-08-09 00:00:00+00:00,3.0199999809265137
1993-08-10 00:00:00+00:00,3.0299999713897705
1993-08-11 00:00:00+00:00,3.0199999809265137
1993-08-12 00:00:00+00:00,3.009999990463257
1993-08-13 00:00:00+00:00,3.0199999809265137
1993-08-16 00:00:00+00:00,3.0199999809265137
1993-08-17 00:00:00+00:00,3.009999990463257
1993-08-18 00:00:00+00:00,2.990000009536743
1993-08-19 00:00:00+00:00,2.9800000190734863
1993-08-20 00:00:00+00:00,2.990000009536743
1993-08-23 00:00:00+00:00,2.990000009536743
1993-08-24 00:00:00+00:00,2.990000009536743
1993-08-25 00:00:00+00:00,2.9800000190734863
1993-08-26 00:00:00+00:00,3.0
1993-08-27 00:00:00+00:00,3.0199999809265137
1993-08-30 00:00:00+00:00,3.0199999809265137
1993-08-31 00:00:00+00:00,3.009999990463257
1993-09-01 00:00:00+00:00,3.009999990463257
1993-09-02 00:00:00+00:00,2.990000009536743
1993-09-03 00:00:00+00:00,2.940000057220459
1993-09-07 00:00:00+00:00,2.930000066757202
1993-09-08 00:00:00+00:00,2.9600000381469727
1993-09-09 00:00:00+00:00,2.9800000190734863
1993-09-10 00:00:00+00:00,2.9600000381469727
1993-09-13 00:00:00+00:00,2.9700000286102295
1993-09-14 00:00:00+00:00,2.990000009536743
1993-09-15 00:00:00+00:00,2.9600000381469727
1993-09-16 00:00:00+00:00,2.950000047683716
1993-09-17 00:00:00+00:00,2.950000047683716
1993-09-20 00:00:00+00:00,2.950000047683716
1993-09-21 00:00:00+00:00,2.9200000762939453
1993-09-22 00:00:00+00:00,2.9200000762939453
1993-09-23 00:00:00+00:00,2.930000066757202
1993-09-24 00:00:00+00:00,2.930000066757202
1993-09-27 00:00:00+00:00,2.9100000858306885
1993-09-28 00:00:00+00:00,2.9000000953674316
1993-09-29 00:00:00+00:00,2.930000066757202
1993-09-30 00:00:00+00:00,2.9200000762939453
1993-10-01 00:00:00+00:00,2.9200000762939453
1993-10-04 00:00:00+00:00,2.930000066757202
1993-10-05 00:00:00+00:00,3.0
1993-10-06 00:00:00+00:00,2.9800000190734863
1993-10-07 00:00:00+00:00,2.9800000190734863
1993-10-08 00:00:00+00:00,2.9800000190734863
1993-10-12 00:00:00+00:00,3.009999990463257
1993-10-13 00:00:00+00:00,3.0299999713897705
1993-10-14 00:00:00+00:00,3.009999990463257
1993-10-15 00:00:00+00:00,3.009999990463257
1993-10-18 00:00:00+00:00,3.0199999809265137
1993-10-19 00:00:00+00:00,3.059999942779541
1993-10-20 00:00:00+00:00,3.0399999618530273
1993-10-21 00:00:00+00:00,3.049999952316284
1993-10-22 00:00:00+00:00,3.0399999618530273
1993-10-25 00:00:00+00:00,3.0399999618530273
1993-10-26 00:00:00+00:00,3.0799999237060547
1993-10-27 00:00:00+00:00,3.0799999237060547
1993-10-28 00:00:00+00:00,3.0399999618530273
1993-10-29 00:00:00+00:00,3.0299999713897705
1993-11-01 00:00:00+00:00,3.059999942779541
1993-11-02 00:00:00+00:00,3.119999885559082
1993-11-03 00:00:00+00:00,3.0799999237060547
1993-11-04 00:00:00+00:00,3.069999933242798
1993-11-05 00:00:00+00:00,3.069999933242798
1993-11-08 00:00:00+00:00,3.059999942779541
1993-11-09 00:00:00+00:00,3.109999895095825
1993-11-10 00:00:00+00:00,3.109999895095825
1993-11-12 00:00:00+00:00,3.109999895095825
1993-11-15 00:00:00+00:00,3.109999895095825
1993-11-16 00:00:00+00:00,3.0899999141693115
1993-11-17 00:00:00+00:00,3.0899999141693115
1993-11-18 00:00:00+00:00,3.0999999046325684
1993-11-19 00:00:00+00:00,3.109999895095825
1993-11-22 00:00:00+00:00,3.119999885559082
1993-11-23 00:00:00+00:00,3.109999895095825
1993-11-24 00:00:00+00:00,3.109999895095825
1993-11-26 00:00:00+00:00,3.0999999046325684
1993-11-29 00:00:00+00:00,3.109999895095825
1993-11-30 00:00:00+00:00,3.140000104904175
1993-12-01 00:00:00+00:00,3.109999895095825
1993-12-02 00:00:00+00:00,3.109999895095825
1993-12-03 00:00:00+00:00,3.109999895095825
1993-12-06 00:00:00+00:00,3.0899999141693115
1993-12-07 00:00:00+00:00,3.0799999237060547
1993-12-08 00:00:00+00:00,3.0799999237060547
1993-12-09 00:00:00+00:00,3.049999952316284
1993-12-10 00:00:00+00:00,3.049999952316284
1993-12-13 00:00:00+00:00,3.0399999618530273
1993-12-14 00:00:00+00:00,3.0399999618530273
1993-12-15 00:00:00+00:00,3.0299999713897705
1993-12-16 00:00:00+00:00,3.0199999809265137
1993-12-17 00:00:00+00:00,3.0299999713897705
1993-12-20 00:00:00+00:00,3.049999952316284
1993-12-21 00:00:00+00:00,3.069999933242798
1993-12-22 00:00:00+00:00,3.049999952316284
1993-12-23 00:00:00+00:00,3.049999952316284
1993-12-27 00:00:00+00:00,3.059999942779541
1993-12-28 00:00:00+00:00,3.059999942779541
1993-12-29 00:00:00+00:00,3.0
1993-12-30 00:00:00+00:00,2.9800000190734863
1993-12-31 00:00:00+00:00,3.0
1994-01-03 00:00:00+00:00,3.0299999713897705
1994-01-04 00:00:00+00:00,3.0799999237060547
1994-01-05 00:00:00+00:00,3.069999933242798
1994-01-06 00:00:00+00:00,3.049999952316284
1994-01-07 00:00:00+00:00,3.009999990463257
1994-01-10 00:00:00+00:00,2.990000009536743
1994-01-11 00:00:00+00:00,2.9700000286102295
1994-01-12 00:00:00+00:00,2.950000047683716
1994-01-13 00:00:00+00:00,2.950000047683716
1994-01-14 00:00:00+00:00,2.9700000286102295
1994-01-18 00:00:00+00:00,2.9600000381469727
1994-01-19 00:00:00+00:00,2.9700000286102295
1994-01-20 00:00:00+00:00,2.940000057220459
1994-01-21 00:00:00+00:00,2.950000047683716
1994-01-24 00:00:00+00:00,2.940000057220459
1994-01-25 00:00:00+00:00,2.930000066757202
1994-01-26 00:00:00+00:00,2.9200000762939453
1994-01-27 00:00:00+00:00,2.9200000762939453
1994-01-28 00:00:00+00:00,2.940000057220459
1994-01-31 00:00:00+00:00,2.9700000286102295
1994-02-01 00:00:00+00:00,3.0299999713897705
1994-02-02 00:00:00+00:00,3.059999942779541
1994-02-03 00:00:00+00:00,3.140000104904175
1994-02-04 00:00:00+00:00,3.2300000190734863
1994-02-07 00:00:00+00:00,3.2200000286102295
1994-02-08 00:00:00+00:00,3.25
1994-02-09 00:00:00+00:00,3.25
1994-02-10 00:00:00+00:00,3.259999990463257
1994-02-11 00:00:00+00:00,3.25
1994-02-14 00:00:00+00:00,3.25
1994-02-15 00:00:00+00:00,3.2699999809265137
1994-02-16 00:00:00+00:00,3.2699999809265137
1994-02-17 00:00:00+00:00,3.2699999809265137
1994-02-18 00:00:00+00:00,3.2799999713897705
1994-02-22 00:00:00+00:00,3.2899999618530273
1994-02-23 00:00:00+00:00,3.369999885559082
1994-02-24 00:00:00+00:00,3.359999895095825
1994-02-25 00:00:00+00:00,3.369999885559082
1994-02-28 00:00:00+00:00,3.359999895095825
1994-03-01 00:00:00+00:00,3.490000009536743
1994-03-02 00:00:00+00:00,3.4700000286102295
1994-03-03 00:00:00+00:00,3.4800000190734863
1994-03-04 00:00:00+00:00,3.5299999713897705
1994-03-07 00:00:00+00:00,3.5199999809265137
1994-03-08 00:00:00+00:00,3.5399999618530273
1994-03-09 00:00:00+00:00,3.5299999713897705
1994-03-10 00:00:00+00:00,3.490000009536743
1994-03-11 00:00:00+00:00,3.490000009536743
1994-03-14 00:00:00+00:00,3.5199999809265137
1994-03-15 00:00:00+00:00,3.569999933242798
1994-03-16 00:00:00+00:00,3.5299999713897705
1994-03-17 00:00:00+00:00,3.4700000286102295
1994-03-18 00:00:00+00:00,3.4700000286102295
1994-03-21 00:00:00+00:00,3.509999990463257
1994-03-22 00:00:00+00:00,3.5399999618530273
1994-03-23 00:00:00+00:00,3.450000047683716
1994-03-24 00:00:00+00:00,3.450000047683716
1994-03-25 00:00:00+00:00,3.4800000190734863
1994-03-28 00:00:00+00:00,3.5
1994-03-29 00:00:00+00:00,3.509999990463257
1994-03-30 00:00:00+00:00,3.490000009536743
1994-03-31 00:00:00+00:00,3.4700000286102295
1994-04-04 00:00:00+00:00,3.6500000953674316
1994-04-05 00:00:00+00:00,3.6600000858306885
1994-04-06 00:00:00+00:00,3.5999999046325684
1994-04-07 00:00:00+00:00,3.5299999713897705
1994-04-08 00:00:00+00:00,3.549999952316284
1994-04-11 00:00:00+00:00,3.5399999618530273
1994-04-12 00:00:00+00:00,3.559999942779541
1994-04-13 00:00:00+00:00,3.559999942779541
1994-04-14 00:00:00+00:00,3.5799999237060547
1994-04-15 00:00:00+00:00,3.5899999141693115
1994-04-18 00:00:00+00:00,3.690000057220459
1994-04-19 00:00:00+00:00,3.740000009536743
1994-04-20 00:00:00+00:00,3.740000009536743
1994-04-21 00:00:00+00:00,3.740000009536743
1994-04-22 00:00:00+00:00,3.740000009536743
1994-04-25 00:00:00+00:00,3.759999990463257
1994-04-26 00:00:00+00:00,3.880000114440918
1994-04-28 00:00:00+00:00,3.880000114440918
1994-04-29 00:00:00+00:00,3.859999895095825
1994-05-02 00:00:00+00:00,3.9100000858306885
1994-05-03 00:00:00+00:00,4.039999961853027
1994-05-04 00:00:00+00:00,4.039999961853027
1994-05-05 00:00:00+00:00,4.019999980926514
1994-05-06 00:00:00+00:00,4.159999847412109
1994-05-09 00:00:00+00:00,4.239999771118164
1994-05-10 00:00:00+00:00,4.239999771118164
1994-05-11 00:00:00+00:00,4.21999979019165
1994-05-12 00:00:00+00:00,4.119999885559082
1994-05-13 00:00:00+00:00,4.110000133514404
1994-05-16 00:00:00+00:00,4.150000095367432
1994-05-17 00:00:00+00:00,4.190000057220459
1994-05-18 00:00:00+00:00,4.190000057220459
1994-05-19 00:00:00+00:00,4.130000114440918
1994-05-20 00:00:00+00:00,4.139999866485596
1994-05-23 00:00:00+00:00,4.159999847412109
1994-05-24 00:00:00+00:00,4.210000038146973
1994-05-25 00:00:00+00:00,4.179999828338623
1994-05-26 00:00:00+00:00,4.150000095367432
1994-05-27 00:00:00+00:00,4.170000076293945
1994-05-31 00:00:00+00:00,4.170000076293945
1994-06-01 00:00:00+00:00,4.179999828338623
1994-06-02 00:00:00+00:00,4.130000114440918
1994-06-03 00:00:00+00:00,4.110000133514404
1994-06-06 00:00:00+00:00,4.085000038146973
1994-06-07 00:00:00+00:00,4.130000114440918
1994-06-08 00:00:00+00:00,4.110000133514404
1994-06-09 00:00:00+00:00,4.110000133514404
1994-06-10 00:00:00+00:00,4.110000133514404
1994-06-13 00:00:00+00:00,4.110000133514404
1994-06-14 00:00:00+00:00,4.099999904632568
1994-06-15 00:00:00+00:00,4.119999885559082
1994-06-16 00:00:00+00:00,4.110000133514404
1994-06-17 00:00:00+00:00,4.110000133514404
1994-06-20 00:00:00+00:00,4.110000133514404
1994-06-21 00:00:00+00:00,4.179999828338623
1994-06-22 00:00:00+00:00,4.179999828338623
1994-06-23 00:00:00+00:00,4.150000095367432
1994-06-24 00:00:00+00:00,4.159999847412109
1994-06-27 00:00:00+00:00,4.139999866485596
1994-06-28 00:00:00+00:00,4.179999828338623
1994-06-29 00:00:00+00:00,4.130000114440918
1994-06-30 00:00:00+00:00,4.139999866485596
1994-07-01 00:00:00+00:00,4.190000057220459
1994-07-05 00:00:00+00:00,4.199999809265137
1994-07-06 00:00:00+00:00,4.289999961853027
1994-07-07 00:00:00+00:00,4.239999771118164
1994-07-08 00:00:00+00:00,4.369999885559082
1994-07-11 00:00:00+00:00,4.420000076293945
1994-07-12 00:00:00+00:00,4.449999809265137
1994-07-13 00:00:00+00:00,4.409999847412109
1994-07-14 00:00:00+00:00,4.300000190734863
1994-07-15 00:00:00+00:00,4.260000228881836
1994-07-18 00:00:00+00:00,4.230000019073486
1994-07-19 00:00:00+00:00,4.25
1994-07-20 00:00:00+00:00,4.309999942779541
1994-07-21 00:00:00+00:00,4.329999923706055
1994-07-22 00:00:00+00:00,4.369999885559082
1994-07-25 00:00:00+00:00,4.380000114440918
1994-07-26 00:00:00+00:00,4.409999847412109
1994-07-27 00:00:00+00:00,4.449999809265137
1994-07-28 00:00:00+00:00,4.409999847412109
1994-07-29 00:00:00+00:00,4.269999980926514
1994-08-01 00:00:00+00:00,4.28000020980835
1994-08-02 00:00:00+00:00,4.320000171661377
1994-08-03 00:00:00+00:00,4.340000152587891
1994-08-04 00:00:00+00:00,4.320000171661377
1994-08-05 00:00:00+00:00,4.460000038146973
1994-08-08 00:00:00+00:00,4.449999809265137
1994-08-09 00:00:00+00:00,4.449999809265137
1994-08-10 00:00:00+00:00,4.349999904632568
1994-08-11 00:00:00+00:00,4.340000152587891
1994-08-12 00:00:00+00:00,4.360000133514404
1994-08-15 00:00:00+00:00,4.449999809265137
1994-08-16 00:00:00+00:00,4.619999885559082
1994-08-17 00:00:00+00:00,4.559999942779541
1994-08-18 00:00:00+00:00,4.579999923706055
1994-08-19 00:00:00+00:00,4.550000190734863
1994-08-22 00:00:00+00:00,4.539999961853027
1994-08-23 00:00:00+00:00,4.570000171661377
1994-08-24 00:00:00+00:00,4.53000020980835
1994-08-25 00:00:00+00:00,4.550000190734863
1994-08-26 00:00:00+00:00,4.539999961853027
1994-08-29 00:00:00+00:00,4.559999942779541
1994-08-30 00:00:00+00:00,4.590000152587891
1994-08-31 00:00:00+00:00,4.559999942779541
1994-09-01 00:00:00+00:00,4.539999961853027
1994-09-02 00:00:00+00:00,4.559999942779541
1994-09-06 00:00:00+00:00,4.550000190734863
1994-09-07 00:00:00+00:00,4.539999961853027
1994-09-08 00:00:00+00:00,4.539999961853027
1994-09-09 00:00:00+00:00,4.570000171661377
1994-09-12 00:00:00+00:00,4.579999923706055
1994-09-13 00:00:00+00:00,4.599999904632568
1994-09-14 00:00:00+00:00,4.579999923706055
1994-09-15 00:00:00+00:00,4.579999923706055
1994-09-16 00:00:00+00:00,4.619999885559082
1994-09-19 00:00:00+00:00,4.579999923706055
1994-09-20 00:00:00+00:00,4.610000133514404
1994-09-21 00:00:00+00:00,4.809999942779541
1994-09-22 00:00:00+00:00,4.78000020980835
1994-09-23 00:00:00+00:00,4.78000020980835
1994-09-26 00:00:00+00:00,4.769999980926514
1994-09-27 00:00:00+00:00,4.730000019073486
1994-09-28 00:00:00+00:00,4.519999980926514
1994-09-29 00:00:00+00:00,4.559999942779541
1994-09-30 00:00:00+00:00,4.670000076293945
1994-10-03 00:00:00+00:00,4.71999979019165
1994-10-04 00:00:00+00:00,4.940000057220459
1994-10-05 00:00:00+00:00,4.960000038146973
1994-10-06 00:00:00+00:00,4.949999809265137
1994-10-07 00:00:00+00:00,4.869999885559082
1994-10-11 00:00:00+00:00,4.860000133514404
1994-10-12 00:00:00+00:00,4.980000019073486
1994-10-13 00:00:00+00:00,4.900000095367432
1994-10-14 00:00:00+00:00,4.849999904632568
1994-10-17 00:00:00+00:00,4.849999904632568
1994-10-18 00:00:00+00:00,4.889999866485596
1994-10-19 00:00:00+00:00,4.909999847412109
1994-10-20 00:00:00+00:00,5.0
1994-10-21 00:00:00+00:00,5.0
1994-10-24 00:00:00+00:00,5.019999980926514
1994-10-25 00:00:00+00:00,5.050000190734863
1994-10-26 00:00:00+00:00,5.0
1994-10-27 00:00:00+00:00,4.96999979019165
1994-10-28 00:00:00+00:00,5.010000228881836
1994-10-31 00:00:00+00:00,5.019999980926514
1994-11-01 00:00:00+00:00,5.079999923706055
1994-11-02 00:00:00+00:00,5.079999923706055
1994-11-03 00:00:00+00:00,5.090000152587891
1994-11-04 00:00:00+00:00,5.170000076293945
1994-11-07 00:00:00+00:00,5.21999979019165
1994-11-08 00:00:00+00:00,5.230000019073486
1994-11-09 00:00:00+00:00,5.179999828338623
1994-11-10 00:00:00+00:00,5.21999979019165
1994-11-11 00:00:00+00:00,5.230000019073486
1994-11-14 00:00:00+00:00,5.289999961853027
1994-11-15 00:00:00+00:00,5.360000133514404
1994-11-16 00:00:00+00:00,5.369999885559082
1994-11-17 00:00:00+00:00,5.349999904632568
1994-11-18 00:00:00+00:00,5.340000152587891
1994-11-21 00:00:00+00:00,5.340000152587891
1994-11-22 00:00:00+00:00,5.340000152587891
1994-11-23 00:00:00+00:00,5.289999961853027
1994-11-25 00:00:00+00:00,5.28000020980835
1994-11-28 00:00:00+00:00,5.369999885559082
1994-11-29 00:00:00+00:00,5.519999980926514
1994-11-30 00:00:00+00:00,5.550000190734863
1994-12-01 00:00:00+00:00,5.550000190734863
1994-12-02 00:00:00+00:00,5.619999885559082
1994-12-05 00:00:00+00:00,5.789999961853027
1994-12-06 00:00:00+00:00,5.78000020980835
1994-12-07 00:00:00+00:00,5.699999809265137
1994-12-08 00:00:00+00:00,5.670000076293945
1994-12-09 00:00:00+00:00,5.650000095367432
1994-12-12 00:00:00+00:00,5.71999979019165
1994-12-13 00:00:00+00:00,5.78000020980835
1994-12-14 00:00:00+00:00,5.659999847412109
1994-12-15 00:00:00+00:00,5.53000020980835
1994-12-16 00:00:00+00:00,5.539999961853027
1994-12-19 00:00:00+00:00,5.550000190734863
1994-12-20 00:00:00+00:00,5.46999979019165
1994-12-21 00:00:00+00:00,5.409999847412109
1994-12-22 00:00:00+00:00,5.449999809265137
1994-12-23 00:00:00+00:00,5.519999980926514
1994-12-27 00:00:00+00:00,5.519999980926514
1994-12-28 00:00:00+00:00,5.510000228881836
1994-12-29 00:00:00+00:00,5.5
1994-12-30 00:00:00+00:00,5.53000020980835
1995-01-03 00:00:00+00:00,5.519999980926514
1995-01-04 00:00:00+00:00,5.690000057220459
1995-01-05 00:00:00+00:00,5.710000038146973
1995-01-06 00:00:00+00:00,5.739999771118164
1995-01-09 00:00:00+00:00,5.75
1995-01-10 00:00:00+00:00,5.739999771118164
1995-01-11 00:00:00+00:00,5.650000095367432
1995-01-12 00:00:00+00:00,5.610000133514404
1995-01-13 00:00:00+00:00,5.559999942779541
1995-01-16 00:00:00+00:00,5.559999942779541
1995-01-17 00:00:00+00:00,5.610000133514404
1995-01-18 00:00:00+00:00,5.71999979019165
1995-01-19 00:00:00+00:00,5.710000038146973
1995-01-20 00:00:00+00:00,5.739999771118164
1995-01-23 00:00:00+00:00,5.75
1995-01-24 00:00:00+00:00,5.800000190734863
1995-01-25 00:00:00+00:00,5.769999980926514
1995-01-26 00:00:00+00:00,5.760000228881836
1995-01-27 00:00:00+00:00,5.75
1995-01-30 00:00:00+00:00,5.71999979019165
1995-01-31 00:00:00+00:00,5.840000152587891
1995-02-01 00:00:00+00:00,5.880000114440918
1995-02-02 00:00:00+00:00,5.840000152587891
1995-02-03 00:00:00+00:00,5.789999961853027
1995-02-06 00:00:00+00:00,5.789999961853027
1995-02-07 00:00:00+00:00,5.800000190734863
1995-02-08 00:00:00+00:00,5.760000228881836
1995-02-09 00:00:00+00:00,5.769999980926514
1995-02-10 00:00:00+00:00,5.800000190734863
1995-02-13 00:00:00+00:00,5.78000020980835
1995-02-14 00:00:00+00:00,5.789999961853027
1995-02-15 00:00:00+00:00,5.760000228881836
1995-02-16 00:00:00+00:00,5.679999828338623
1995-02-17 00:00:00+00:00,5.690000057220459
1995-02-21 00:00:00+00:00,5.730000019073486
1995-02-22 00:00:00+00:00,5.679999828338623
1995-02-23 00:00:00+00:00,5.699999809265137
1995-02-24 00:00:00+00:00,5.71999979019165
1995-02-27 00:00:00+00:00,5.71999979019165
1995-02-28 00:00:00+00:00,5.75
1995-03-01 00:00:00+00:00,5.75
1995-03-02 00:00:00+00:00,5.739999771118164
1995-03-03 00:00:00+00:00,5.710000038146973
1995-03-06 00:00:00+00:00,5.739999771118164
1995-03-07 00:00:00+00:00,5.78000020980835
1995-03-08 00:00:00+00:00,5.769999980926514
1995-03-09 00:00:00+00:00,5.730000019073486
1995-03-10 00:00:00+00:00,5.760000228881836
1995-03-13 00:00:00+00:00,5.739999771118164
1995-03-14 00:00:00+00:00,5.739999771118164
1995-03-15 00:00:00+00:00,5.739999771118164
1995-03-16 00:00:00+00:00,5.730000019073486
1995-03-17 00:00:00+00:00,5.730000019073486
1995-03-20 00:00:00+00:00,5.71999979019165
1995-03-21 00:00:00+00:00,5.730000019073486
1995-03-22 00:00:00+00:00,5.71999979019165
1995-03-23 00:00:00+00:00,5.690000057220459
1995-03-24 00:00:00+00:00,5.659999847412109
1995-03-27 00:00:00+00:00,5.659999847412109
1995-03-28 00:00:00+00:00,5.690000057220459
1995-03-29 00:00:00+00:00,5.659999847412109
1995-03-30 00:00:00+00:00,5.679999828338623
1995-03-31 00:00:00+00:00,5.699999809265137
1995-04-03 00:00:00+00:00,5.690000057220459
1995-04-04 00:00:00+00:00,5.71999979019165
1995-04-05 00:00:00+00:00,5.690000057220459
1995-04-06 00:00:00+00:00,5.650000095367432
1995-04-07 00:00:00+00:00,5.670000076293945
1995-04-10 00:00:00+00:00,5.650000095367432
1995-04-11 00:00:00+00:00,5.650000095367432
1995-04-12 00:00:00+00:00,5.639999866485596
1995-04-13 00:00:00+00:00,5.590000152587891
1995-04-17 00:00:00+00:00,5.599999904632568
1995-04-18 00:00:00+00:00,5.599999904632568
1995-04-19 00:00:00+00:00,5.599999904632568
1995-04-20 00:00:00+00:00,5.590000152587891
1995-04-21 00:00:00+00:00,5.610000133514404
1995-04-24 00:00:00+00:00,5.619999885559082
1995-04-25 00:00:00+00:00,5.659999847412109
1995-04-26 00:00:00+00:00,5.670000076293945
1995-04-27 00:00:00+00:00,5.679999828338623
1995-04-28 00:00:00+00:00,5.690000057220459
1995-05-01 00:00:00+00:00,5.699999809265137
1995-05-02 00:00:00+00:00,5.690000057220459
1995-05-03 00:00:00+00:00,5.650000095367432
1995-05-04 00:00:00+00:00,5.579999923706055
1995-05-05 00:00:00+00:00,5.559999942779541
1995-05-08 00:00:00+00:00,5.570000171661377
1995-05-09 00:00:00+00:00,5.619999885559082
1995-05-10 00:00:00+00:00,5.630000114440918
1995-05-11 00:00:00+00:00,5.659999847412109
1995-05-12 00:00:00+00:00,5.690000057220459
1995-05-15 00:00:00+00:00,5.690000057220459
1995-05-16 00:00:00+00:00,5.690000057220459
1995-05-17 00:00:00+00:00,5.670000076293945
1995-05-18 00:00:00+00:00,5.690000057220459
1995-05-19 00:00:00+00:00,5.679999828338623
1995-05-22 00:00:00+00:00,5.71999979019165
1995-05-23 00:00:00+00:00,5.71999979019165
1995-05-24 00:00:00+00:00,5.690000057220459
1995-05-25 00:00:00+00:00,5.659999847412109
1995-05-26 00:00:00+00:00,5.659999847412109
1995-05-30 00:00:00+00:00,5.639999866485596
1995-05-31 00:00:00+00:00,5.630000114440918
1995-06-01 00:00:00+00:00,5.510000228881836
1995-06-02 00:00:00+00:00,5.420000076293945
1995-06-05 00:00:00+00:00,5.510000228881836
1995-06-06 00:00:00+00:00,5.53000020980835
1995-06-07 00:00:00+00:00,5.559999942779541
1995-06-08 00:00:00+00:00,5.590000152587891
1995-06-09 00:00:00+00:00,5.590000152587891
1995-06-12 00:00:00+00:00,5.559999942779541
1995-06-13 00:00:00+00:00,5.440000057220459
1995-06-14 00:00:00+00:00,5.440000057220459
1995-06-15 00:00:00+00:00,5.46999979019165
1995-06-16 00:00:00+00:00,5.489999771118164
1995-06-19 00:00:00+00:00,5.460000038146973
1995-06-20 00:00:00+00:00,5.480000019073486
1995-06-21 00:00:00+00:00,5.429999828338623
1995-06-22 00:00:00+00:00,5.360000133514404
1995-06-23 00:00:00+00:00,5.369999885559082
1995-06-26 00:00:00+00:00,5.369999885559082
1995-06-27 00:00:00+00:00,5.369999885559082
1995-06-28 00:00:00+00:00,5.400000095367432
1995-06-29 00:00:00+00:00,5.5
1995-06-30 00:00:00+00:00,5.429999828338623
1995-07-03 00:00:00+00:00,5.440000057220459
1995-07-05 00:00:00+00:00,5.5
1995-07-06 00:00:00+00:00,5.369999885559082
1995-07-07 00:00:00+00:00,5.360000133514404
1995-07-10 00:00:00+00:00,5.349999904632568
1995-07-11 00:00:00+00:00,5.380000114440918
1995-07-12 00:00:00+00:00,5.380000114440918
1995-07-13 00:00:00+00:00,5.380000114440918
1995-07-14 00:00:00+00:00,5.429999828338623
1995-07-17 00:00:00+00:00,5.440000057220459
1995-07-18 00:00:00+00:00,5.440000057220459
1995-07-19 00:00:00+00:00,5.409999847412109
1995-07-20 00:00:00+00:00,5.429999828338623
1995-07-21 00:00:00+00:00,5.429999828338623
1995-07-24 00:00:00+00:00,5.440000057220459
1995-07-25 00:00:00+00:00,5.440000057220459
1995-07-26 00:00:00+00:00,5.449999809265137
1995-07-27 00:00:00+00:00,5.400000095367432
1995-07-28 00:00:00+00:00,5.409999847412109
1995-07-31 00:00:00+00:00,5.420000076293945
1995-08-01 00:00:00+00:00,5.440000057220459
1995-08-02 00:00:00+00:00,5.409999847412109
1995-08-03 00:00:00+00:00,5.409999847412109
1995-08-04 00:00:00+00:00,5.400000095367432
1995-08-07 00:00:00+00:00,5.389999866485596
1995-08-08 00:00:00+00:00,5.380000114440918
1995-08-09 00:00:00+00:00,5.380000114440918
1995-08-10 00:00:00+00:00,5.389999866485596
1995-08-11 00:00:00+00:00,5.420000076293945
1995-08-14 00:00:00+00:00,5.420000076293945
1995-08-15 00:00:00+00:00,5.460000038146973
1995-08-16 00:00:00+00:00,5.420000076293945
1995-08-17 00:00:00+00:00,5.429999828338623
1995-08-18 00:00:00+00:00,5.429999828338623
1995-08-21 00:00:00+00:00,5.429999828338623
1995-08-22 00:00:00+00:00,5.449999809265137
1995-08-23 00:00:00+00:00,5.429999828338623
1995-08-24 00:00:00+00:00,5.340000152587891
1995-08-25 00:00:00+00:00,5.340000152587891
1995-08-28 00:00:00+00:00,5.309999942779541
1995-08-29 00:00:00+00:00,5.329999923706055
1995-08-30 00:00:00+00:00,5.300000190734863
1995-08-31 00:00:00+00:00,5.269999980926514
1995-09-01 00:00:00+00:00,5.269999980926514
1995-09-05 00:00:00+00:00,5.289999961853027
1995-09-06 00:00:00+00:00,5.320000171661377
1995-09-07 00:00:00+00:00,5.340000152587891
1995-09-08 00:00:00+00:00,5.349999904632568
1995-09-11 00:00:00+00:00,5.340000152587891
1995-09-12 00:00:00+00:00,5.300000190734863
1995-09-13 00:00:00+00:00,5.300000190734863
1995-09-14 00:00:00+00:00,5.269999980926514
1995-09-15 00:00:00+00:00,5.289999961853027
1995-09-18 00:00:00+00:00,5.28000020980835
1995-09-19 00:00:00+00:00,5.190000057220459
1995-09-20 00:00:00+00:00,5.170000076293945
1995-09-21 00:00:00+00:00,5.230000019073486
1995-09-22 00:00:00+00:00,5.199999809265137
1995-09-25 00:00:00+00:00,5.239999771118164
1995-09-26 00:00:00+00:00,5.28000020980835
1995-09-27 00:00:00+00:00,5.260000228881836
1995-09-28 00:00:00+00:00,5.260000228881836
1995-09-29 00:00:00+00:00,5.239999771118164
1995-10-02 00:00:00+00:00,5.25
1995-10-03 00:00:00+00:00,5.340000152587891
1995-10-04 00:00:00+00:00,5.309999942779541
1995-10-05 00:00:00+00:00,5.269999980926514
1995-10-06 00:00:00+00:00,5.289999961853027
1995-10-10 00:00:00+00:00,5.269999980926514
1995-10-11 00:00:00+00:00,5.300000190734863
1995-10-12 00:00:00+00:00,5.289999961853027
1995-10-13 00:00:00+00:00,5.289999961853027
1995-10-16 00:00:00+00:00,5.320000171661377
1995-10-17 00:00:00+00:00,5.269999980926514
1995-10-18 00:00:00+00:00,5.239999771118164
1995-10-19 00:00:00+00:00,5.239999771118164
1995-10-20 00:00:00+00:00,5.260000228881836
1995-10-23 00:00:00+00:00,5.269999980926514
1995-10-24 00:00:00+00:00,5.210000038146973
1995-10-25 00:00:00+00:00,5.21999979019165
1995-10-26 00:00:00+00:00,5.21999979019165
1995-10-27 00:00:00+00:00,5.239999771118164
1995-10-30 00:00:00+00:00,5.269999980926514
1995-10-31 00:00:00+00:00,5.309999942779541
1995-11-01 00:00:00+00:00,5.320000171661377
1995-11-02 00:00:00+00:00,5.309999942779541
1995-11-03 00:00:00+00:00,5.309999942779541
1995-11-06 00:00:00+00:00,5.340000152587891
1995-11-07 00:00:00+00:00,5.369999885559082
1995-11-08 00:00:00+00:00,5.349999904632568
1995-11-09 00:00:00+00:00,5.389999866485596
1995-11-10 00:00:00+00:00,5.409999847412109
1995-11-13 00:00:00+00:00,5.420000076293945
1995-11-14 00:00:00+00:00,5.380000114440918
1995-11-15 00:00:00+00:00,5.389999866485596
1995-11-16 00:00:00+00:00,5.340000152587891
1995-11-17 00:00:00+00:00,5.340000152587891
1995-11-20 00:00:00+00:00,5.349999904632568
1995-11-21 00:00:00+00:00,5.349999904632568
1995-11-22 00:00:00+00:00,5.349999904632568
1995-11-24 00:00:00+00:00,5.320000171661377
1995-11-27 00:00:00+00:00,5.329999923706055
1995-11-28 00:00:00+00:00,5.360000133514404
1995-11-29 00:00:00+00:00,5.340000152587891
1995-11-30 00:00:00+00:00,5.320000171661377
1995-12-01 00:00:00+00:00,5.289999961853027
1995-12-04 00:00:00+00:00,5.309999942779541
1995-12-05 00:00:00+00:00,5.300000190734863
1995-12-06 00:00:00+00:00,5.309999942779541
1995-12-07 00:00:00+00:00,5.340000152587891
1995-12-08 00:00:00+00:00,5.349999904632568
1995-12-11 00:00:00+00:00,5.320000171661377
1995-12-12 00:00:00+00:00,5.25
1995-12-13 00:00:00+00:00,5.260000228881836
1995-12-14 00:00:00+00:00,5.260000228881836
1995-12-15 00:00:00+00:00,5.210000038146973
1995-12-18 00:00:00+00:00,5.199999809265137
1995-12-19 00:00:00+00:00,5.070000171661377
1995-12-20 00:00:00+00:00,5.0
1995-12-21 00:00:00+00:00,4.909999847412109
1995-12-22 00:00:00+00:00,4.880000114440918
1995-12-26 00:00:00+00:00,4.860000133514404
1995-12-27 00:00:00+00:00,4.900000095367432
1995-12-28 00:00:00+00:00,4.829999923706055
1995-12-29 00:00:00+00:00,4.960000038146973
1996-01-02 00:00:00+00:00,4.96999979019165
1996-01-03 00:00:00+00:00,5.050000190734863
1996-01-04 00:00:00+00:00,5.03000020980835
1996-01-05 00:00:00+00:00,5.039999961853027
1996-01-08 00:00:00+00:00,5.03000020980835
1996-01-09 00:00:00+00:00,5.010000228881836
1996-01-10 00:00:00+00:00,5.039999961853027
1996-01-11 00:00:00+00:00,5.03000020980835
1996-01-12 00:00:00+00:00,5.019999980926514
1996-01-16 00:00:00+00:00,5.0
1996-01-17 00:00:00+00:00,4.989999771118164
1996-01-18 00:00:00+00:00,4.949999809265137
1996-01-19 00:00:00+00:00,4.960000038146973
1996-01-22 00:00:00+00:00,4.980000019073486
1996-01-23 00:00:00+00:00,4.96999979019165
1996-01-24 00:00:00+00:00,4.980000019073486
1996-01-25 00:00:00+00:00,4.96999979019165
1996-01-26 00:00:00+00:00,4.96999979019165
1996-01-29 00:00:00+00:00,5.0
1996-01-30 00:00:00+00:00,4.989999771118164
1996-01-31 00:00:00+00:00,4.909999847412109
1996-02-01 00:00:00+00:00,4.889999866485596
1996-02-02 00:00:00+00:00,4.840000152587891
1996-02-05 00:00:00+00:00,4.869999885559082
1996-02-06 00:00:00+00:00,4.840000152587891
1996-02-07 00:00:00+00:00,4.800000190734863
1996-02-08 00:00:00+00:00,4.78000020980835
1996-02-09 00:00:00+00:00,4.789999961853027
1996-02-12 00:00:00+00:00,4.789999961853027
1996-02-13 00:00:00+00:00,4.789999961853027
1996-02-14 00:00:00+00:00,4.800000190734863
1996-02-15 00:00:00+00:00,4.769999980926514
1996-02-16 00:00:00+00:00,4.760000228881836
1996-02-20 00:00:00+00:00,4.829999923706055
1996-02-21 00:00:00+00:00,4.820000171661377
1996-02-22 00:00:00+00:00,4.800000190734863
1996-02-23 00:00:00+00:00,4.829999923706055
1996-02-26 00:00:00+00:00,4.849999904632568
1996-02-27 00:00:00+00:00,4.880000114440918
1996-02-28 00:00:00+00:00,4.880000114440918
1996-02-29 00:00:00+00:00,4.880000114440918
1996-03-01 00:00:00+00:00,4.860000133514404
1996-03-04 00:00:00+00:00,4.880000114440918
1996-03-05 00:00:00+00:00,4.889999866485596
1996-03-06 00:00:00+00:00,4.889999866485596
1996-03-07 00:00:00+00:00,4.889999866485596
1996-03-08 00:00:00+00:00,4.909999847412109
1996-03-11 00:00:00+00:00,4.949999809265137
1996-03-12 00:00:00+00:00,4.949999809265137
1996-03-13 00:00:00+00:00,4.960000038146973
1996-03-14 00:00:00+00:00,4.96999979019165
1996-03-15 00:00:00+00:00,5.0
1996-03-18 00:00:00+00:00,5.03000020980835
1996-03-19 00:00:00+00:00,5.03000020980835
1996-03-20 00:00:00+00:00,5.03000020980835
1996-03-21 00:00:00+00:00,4.940000057220459
1996-03-22 00:00:00+00:00,4.96999979019165
1996-03-25 00:00:00+00:00,4.929999828338623
1996-03-26 00:00:00+00:00,5.0
1996-03-27 00:00:00+00:00,5.019999980926514
1996-03-28 00:00:00+00:00,5.050000190734863
1996-03-29 00:00:00+00:00,5.0
1996-04-01 00:00:00+00:00,5.03000020980835
1996-04-02 00:00:00+00:00,5.019999980926514
1996-04-03 00:00:00+00:00,5.0
1996-04-04 00:00:00+00:00,4.980000019073486
1996-04-08 00:00:00+00:00,5.019999980926514
1996-04-09 00:00:00+00:00,4.980000019073486
1996-04-10 00:00:00+00:00,4.949999809265137
1996-04-11 00:00:00+00:00,4.940000057220459
1996-04-12 00:00:00+00:00,4.929999828338623
1996-04-15 00:00:00+00:00,4.869999885559082
1996-04-16 00:00:00+00:00,4.820000171661377
1996-04-17 00:00:00+00:00,4.829999923706055
1996-04-18 00:00:00+00:00,4.849999904632568
1996-04-19 00:00:00+00:00,4.880000114440918
1996-04-22 00:00:00+00:00,4.880000114440918
1996-04-23 00:00:00+00:00,4.960000038146973
1996-04-24 00:00:00+00:00,5.0
1996-04-25 00:00:00+00:00,4.96999979019165
1996-04-26 00:00:00+00:00,4.96999979019165
1996-04-29 00:00:00+00:00,5.0
1996-04-30 00:00:00+00:00,5.010000228881836
1996-05-01 00:00:00+00:00,4.96999979019165
1996-05-02 00:00:00+00:00,4.989999771118164
1996-05-03 00:00:00+00:00,5.0
1996-05-06 00:00:00+00:00,4.989999771118164
1996-05-07 00:00:00+00:00,5.010000228881836
1996-05-08 00:00:00+00:00,4.989999771118164
1996-05-09 00:00:00+00:00,4.989999771118164
1996-05-10 00:00:00+00:00,4.989999771118164
1996-05-13 00:00:00+00:00,5.019999980926514
1996-05-14 00:00:00+00:00,5.010000228881836
1996-05-15 00:00:00+00:00,5.0
1996-05-16 00:00:00+00:00,5.0
1996-05-17 00:00:00+00:00,5.010000228881836
1996-05-20 00:00:00+00:00,5.010000228881836
1996-05-21 00:00:00+00:00,5.039999961853027
1996-05-22 00:00:00+00:00,5.039999961853027
1996-05-23 00:00:00+00:00,5.039999961853027
1996-05-24 00:00:00+00:00,5.03000020980835
1996-05-28 00:00:00+00:00,5.039999961853027
1996-05-29 00:00:00+00:00,5.03000020980835
1996-05-30 00:00:00+00:00,5.039999961853027
1996-05-31 00:00:00+00:00,5.039999961853027
1996-06-03 00:00:00+00:00,5.079999923706055
1996-06-04 00:00:00+00:00,5.079999923706055
1996-06-05 00:00:00+00:00,5.079999923706055
1996-06-06 00:00:00+00:00,5.070000171661377
1996-06-07 00:00:00+00:00,5.119999885559082
1996-06-10 00:00:00+00:00,5.139999866485596
1996-06-11 00:00:00+00:00,5.130000114440918
1996-06-12 00:00:00+00:00,5.119999885559082
1996-06-13 00:00:00+00:00,5.090000152587891
1996-06-14 00:00:00+00:00,5.070000171661377
1996-06-17 00:00:00+00:00,5.050000190734863
1996-06-18 00:00:00+00:00,5.070000171661377
1996-06-19 00:00:00+00:00,5.090000152587891
1996-06-20 00:00:00+00:00,5.119999885559082
1996-06-21 00:00:00+00:00,5.119999885559082
1996-06-24 00:00:00+00:00,5.119999885559082
1996-06-25 00:00:00+00:00,5.090000152587891
1996-06-26 00:00:00+00:00,5.099999904632568
1996-06-27 00:00:00+00:00,5.050000190734863
1996-06-28 00:00:00+00:00,5.03000020980835
1996-07-01 00:00:00+00:00,5.070000171661377
1996-07-02 00:00:00+00:00,5.179999828338623
1996-07-03 00:00:00+00:00,5.110000133514404
1996-07-05 00:00:00+00:00,5.150000095367432
1996-07-08 00:00:00+00:00,5.159999847412109
1996-07-09 00:00:00+00:00,5.190000057220459
1996-07-10 00:00:00+00:00,5.150000095367432
1996-07-11 00:00:00+00:00,5.110000133514404
1996-07-12 00:00:00+00:00,5.139999866485596
1996-07-15 00:00:00+00:00,5.150000095367432
1996-07-16 00:00:00+00:00,5.110000133514404
1996-07-17 00:00:00+00:00,5.119999885559082
1996-07-18 00:00:00+00:00,5.110000133514404
1996-07-19 00:00:00+00:00,5.139999866485596
1996-07-22 00:00:00+00:00,5.150000095367432
1996-07-23 00:00:00+00:00,5.159999847412109
1996-07-24 00:00:00+00:00,5.159999847412109
1996-07-25 00:00:00+00:00,5.150000095367432
1996-07-26 00:00:00+00:00,5.150000095367432
1996-07-29 00:00:00+00:00,5.210000038146973
1996-07-30 00:00:00+00:00,5.190000057220459
1996-07-31 00:00:00+00:00,5.179999828338623
1996-08-01 00:00:00+00:00,5.099999904632568
1996-08-02 00:00:00+00:00,5.059999942779541
1996-08-05 00:00:00+00:00,5.039999961853027
1996-08-06 00:00:00+00:00,5.059999942779541
1996-08-07 00:00:00+00:00,5.039999961853027
1996-08-08 00:00:00+00:00,5.010000228881836
1996-08-09 00:00:00+00:00,5.010000228881836
1996-08-12 00:00:00+00:00,5.010000228881836
1996-08-13 00:00:00+00:00,5.03000020980835
1996-08-14 00:00:00+00:00,5.019999980926514
1996-08-15 00:00:00+00:00,5.050000190734863
1996-08-16 00:00:00+00:00,5.039999961853027
1996-08-19 00:00:00+00:00,5.039999961853027
1996-08-20 00:00:00+00:00,5.03000020980835
1996-08-21 00:00:00+00:00,5.0
1996-08-22 00:00:00+00:00,4.989999771118164
1996-08-23 00:00:00+00:00,5.010000228881836
1996-08-26 00:00:00+00:00,5.059999942779541
1996-08-27 00:00:00+00:00,5.059999942779541
1996-08-28 00:00:00+00:00,5.059999942779541
1996-08-29 00:00:00+00:00,5.099999904632568
1996-08-30 00:00:00+00:00,5.139999866485596
1996-09-03 00:00:00+00:00,5.179999828338623
1996-09-04 00:00:00+00:00,5.179999828338623
1996-09-05 00:00:00+00:00,5.210000038146973
1996-09-06 00:00:00+00:00,5.190000057220459
1996-09-09 00:00:00+00:00,5.130000114440918
1996-09-10 00:00:00+00:00,5.150000095367432
1996-09-11 00:00:00+00:00,5.159999847412109
1996-09-12 00:00:00+00:00,5.139999866485596
1996-09-13 00:00:00+00:00,5.059999942779541
1996-09-16 00:00:00+00:00,5.039999961853027
1996-09-17 00:00:00+00:00,5.170000076293945
1996-09-18 00:00:00+00:00,5.150000095367432
1996-09-19 00:00:00+00:00,5.110000133514404
1996-09-20 00:00:00+00:00,5.139999866485596
1996-09-23 00:00:00+00:00,5.150000095367432
1996-09-24 00:00:00+00:00,5.019999980926514
1996-09-25 00:00:00+00:00,4.940000057220459
1996-09-26 00:00:00+00:00,4.869999885559082
1996-09-27 00:00:00+00:00,4.900000095367432
1996-09-30 00:00:00+00:00,4.909999847412109
1996-10-01 00:00:00+00:00,4.96999979019165
1996-10-02 00:00:00+00:00,4.900000095367432
1996-10-03 00:00:00+00:00,4.900000095367432
1996-10-04 00:00:00+00:00,4.869999885559082
1996-10-07 00:00:00+00:00,4.920000076293945
1996-10-08 00:00:00+00:00,4.980000019073486
1996-10-09 00:00:00+00:00,4.980000019073486
1996-10-10 00:00:00+00:00,5.010000228881836
1996-10-11 00:00:00+00:00,5.0
1996-10-15 00:00:00+00:00,5.039999961853027
1996-10-16 00:00:00+00:00,5.0
1996-10-17 00:00:00+00:00,4.96999979019165
1996-10-18 00:00:00+00:00,4.96999979019165
1996-10-21 00:00:00+00:00,4.989999771118164
1996-10-22 00:00:00+00:00,4.989999771118164
1996-10-23 00:00:00+00:00,4.980000019073486
1996-10-24 00:00:00+00:00,4.989999771118164
1996-10-25 00:00:00+00:00,4.989999771118164
1996-10-28 00:00:00+00:00,5.019999980926514
1996-10-29 00:00:00+00:00,5.010000228881836
1996-10-30 00:00:00+00:00,5.010000228881836
1996-10-31 00:00:00+00:00,5.010000228881836
1996-11-01 00:00:00+00:00,5.019999980926514
1996-11-04 00:00:00+00:00,5.010000228881836
1996-11-05 00:00:00+00:00,5.019999980926514
1996-11-06 00:00:00+00:00,5.019999980926514
1996-11-07 00:00:00+00:00,5.010000228881836
1996-11-08 00:00:00+00:00,5.03000020980835
1996-11-12 00:00:00+00:00,5.03000020980835
1996-11-13 00:00:00+00:00,5.019999980926514
1996-11-14 00:00:00+00:00,5.019999980926514
1996-11-15 00:00:00+00:00,5.0
1996-11-18 00:00:00+00:00,5.019999980926514
1996-11-19 00:00:00+00:00,5.019999980926514
1996-11-20 00:00:00+00:00,5.019999980926514
1996-11-21 00:00:00+00:00,5.019999980926514
1996-11-22 00:00:00+00:00,5.019999980926514
1996-11-25 00:00:00+00:00,5.019999980926514
1996-11-26 00:00:00+00:00,5.019999980926514
1996-11-27 00:00:00+00:00,5.010000228881836
1996-11-29 00:00:00+00:00,4.989999771118164
1996-12-02 00:00:00+00:00,4.940000057220459
1996-12-03 00:00:00+00:00,4.909999847412109
1996-12-04 00:00:00+00:00,4.889999866485596
1996-12-05 00:00:00+00:00,4.900000095367432
1996-12-06 00:00:00+00:00,4.889999866485596
1996-12-09 00:00:00+00:00,4.849999904632568
1996-12-10 00:00:00+00:00,4.809999942779541
1996-12-11 00:00:00+00:00,4.809999942779541
1996-12-12 00:00:00+00:00,4.829999923706055
1996-12-13 00:00:00+00:00,4.789999961853027
1996-12-16 00:00:00+00:00,4.849999904632568
1996-12-17 00:00:00+00:00,4.880000114440918
1996-12-18 00:00:00+00:00,4.869999885559082
1996-12-19 00:00:00+00:00,4.849999904632568
1996-12-20 00:00:00+00:00,4.880000114440918
1996-12-23 00:00:00+00:00,4.960000038146973
1996-12-24 00:00:00+00:00,4.949999809265137
1996-12-26 00:00:00+00:00,4.960000038146973
1996-12-27 00:00:00+00:00,4.960000038146973
1996-12-30 00:00:00+00:00,5.03000020980835
1996-12-31 00:00:00+00:00,5.050000190734863
1997-01-02 00:00:00+00:00,5.050000190734863
1997-01-03 00:00:00+00:00,5.03000020980835
1997-01-06 00:00:00+00:00,5.03000020980835
1997-01-07 00:00:00+00:00,5.010000228881836
1997-01-08 00:00:00+00:00,5.010000228881836
1997-01-09 00:00:00+00:00,4.989999771118164
1997-01-10 00:00:00+00:00,5.019999980926514
1997-01-13 00:00:00+00:00,5.03000020980835
1997-01-14 00:00:00+00:00,5.03000020980835
1997-01-15 00:00:00+00:00,5.0
1997-01-16 00:00:00+00:00,5.03000020980835
1997-01-17 00:00:00+00:00,5.019999980926514
1997-01-21 00:00:00+00:00,5.019999980926514
1997-01-22 00:00:00+00:00,5.019999980926514
1997-01-23 00:00:00+00:00,5.019999980926514
1997-01-24 00:00:00+00:00,5.019999980926514
1997-01-27 00:00:00+00:00,5.050000190734863
1997-01-28 00:00:00+00:00,5.039999961853027
1997-01-29 00:00:00+00:00,5.039999961853027
1997-01-30 00:00:00+00:00,5.03000020980835
1997-01-31 00:00:00+00:00,5.010000228881836
1997-02-03 00:00:00+00:00,4.96999979019165
1997-02-04 00:00:00+00:00,5.0
1997-02-05 00:00:00+00:00,4.989999771118164
1997-02-06 00:00:00+00:00,5.0
1997-02-07 00:00:00+00:00,4.989999771118164
1997-02-10 00:00:00+00:00,4.989999771118164
1997-02-11 00:00:00+00:00,5.010000228881836
1997-02-12 00:00:00+00:00,5.010000228881836
1997-02-13 00:00:00+00:00,4.989999771118164
1997-02-14 00:00:00+00:00,4.960000038146973
1997-02-18 00:00:00+00:00,4.960000038146973
1997-02-19 00:00:00+00:00,4.96999979019165
1997-02-20 00:00:00+00:00,4.949999809265137
1997-02-21 00:00:00+00:00,4.949999809265137
1997-02-24 00:00:00+00:00,4.96999979019165
1997-02-25 00:00:00+00:00,5.0
1997-02-26 00:00:00+00:00,5.059999942779541
1997-02-27 00:00:00+00:00,5.070000171661377
1997-02-28 00:00:00+00:00,5.070000171661377
1997-03-03 00:00:00+00:00,5.090000152587891
1997-03-04 00:00:00+00:00,5.079999923706055
1997-03-05 00:00:00+00:00,5.059999942779541
1997-03-06 00:00:00+00:00,5.070000171661377
1997-03-07 00:00:00+00:00,5.079999923706055
1997-03-10 00:00:00+00:00,5.050000190734863
1997-03-11 00:00:00+00:00,5.03000020980835
1997-03-12 00:00:00+00:00,5.059999942779541
1997-03-13 00:00:00+00:00,5.099999904632568
1997-03-14 00:00:00+00:00,5.090000152587891
1997-03-17 00:00:00+00:00,5.119999885559082
1997-03-18 00:00:00+00:00,5.130000114440918
1997-03-19 00:00:00+00:00,5.150000095367432
1997-03-20 00:00:00+00:00,5.190000057220459
1997-03-21 00:00:00+00:00,5.260000228881836
1997-03-24 00:00:00+00:00,5.25
1997-03-25 00:00:00+00:00,5.25
1997-03-26 00:00:00+00:00,5.210000038146973
1997-03-27 00:00:00+00:00,5.21999979019165
1997-03-31 00:00:00+00:00,5.170000076293945
1997-04-01 00:00:00+00:00,5.159999847412109
1997-04-02 00:00:00+00:00,5.139999866485596
1997-04-03 00:00:00+00:00,5.119999885559082
1997-04-04 00:00:00+00:00,5.139999866485596
1997-04-07 00:00:00+00:00,5.150000095367432
1997-04-08 00:00:00+00:00,5.099999904632568
1997-04-09 00:00:00+00:00,5.099999904632568
1997-04-10 00:00:00+00:00,5.139999866485596
1997-04-11 00:00:00+00:00,5.150000095367432
1997-04-14 00:00:00+00:00,5.150000095367432
1997-04-15 00:00:00+00:00,5.139999866485596
1997-04-16 00:00:00+00:00,5.150000095367432
1997-04-17 00:00:00+00:00,5.139999866485596
1997-04-18 00:00:00+00:00,5.139999866485596
1997-04-21 00:00:00+00:00,5.150000095367432
1997-04-22 00:00:00+00:00,5.199999809265137
1997-04-23 00:00:00+00:00,5.199999809265137
1997-04-24 00:00:00+00:00,5.170000076293945
1997-04-25 00:00:00+00:00,5.159999847412109
1997-04-28 00:00:00+00:00,5.179999828338623
1997-04-29 00:00:00+00:00,5.119999885559082
1997-04-30 00:00:00+00:00,5.099999904632568
1997-05-01 00:00:00+00:00,5.090000152587891
1997-05-02 00:00:00+00:00,5.090000152587891
1997-05-05 00:00:00+00:00,5.010000228881836
1997-05-06 00:00:00+00:00,5.039999961853027
1997-05-07 00:00:00+00:00,5.090000152587891
1997-05-08 00:00:00+00:00,5.059999942779541
1997-05-09 00:00:00+00:00,5.039999961853027
1997-05-12 00:00:00+00:00,5.019999980926514
1997-05-13 00:00:00+00:00,5.059999942779541
1997-05-14 00:00:00+00:00,5.03000020980835
1997-05-15 00:00:00+00:00,4.96999979019165
1997-05-16 00:00:00+00:00,5.050000190734863
1997-05-19 00:00:00+00:00,5.159999847412109
1997-05-20 00:00:00+00:00,5.110000133514404
1997-05-21 00:00:00+00:00,4.989999771118164
1997-05-22 00:00:00+00:00,5.019999980926514
1997-05-23 00:00:00+00:00,5.03000020980835
1997-05-27 00:00:00+00:00,4.980000019073486
1997-05-28 00:00:00+00:00,5.0
1997-05-29 00:00:00+00:00,4.900000095367432
1997-05-30 00:00:00+00:00,4.820000171661377
1997-06-02 00:00:00+00:00,4.78000020980835
1997-06-03 00:00:00+00:00,4.949999809265137
1997-06-04 00:00:00+00:00,4.960000038146973
1997-06-05 00:00:00+00:00,4.980000019073486
1997-06-06 00:00:00+00:00,4.920000076293945
1997-06-09 00:00:00+00:00,4.900000095367432
1997-06-10 00:00:00+00:00,4.909999847412109
1997-06-11 00:00:00+00:00,4.849999904632568
1997-06-12 00:00:00+00:00,4.829999923706055
1997-06-13 00:00:00+00:00,4.840000152587891
1997-06-16 00:00:00+00:00,4.829999923706055
1997-06-17 00:00:00+00:00,4.909999847412109
1997-06-18 00:00:00+00:00,4.929999828338623
1997-06-19 00:00:00+00:00,4.940000057220459
1997-06-20 00:00:00+00:00,4.940000057220459
1997-06-23 00:00:00+00:00,5.03000020980835
1997-06-24 00:00:00+00:00,5.0
1997-06-25 00:00:00+00:00,4.96999979019165
1997-06-26 00:00:00+00:00,4.989999771118164
1997-06-27 00:00:00+00:00,5.0
1997-06-30 00:00:00+00:00,5.050000190734863
1997-07-01 00:00:00+00:00,5.099999904632568
1997-07-02 00:00:00+00:00,5.090000152587891
1997-07-03 00:00:00+00:00,5.0
1997-07-07 00:00:00+00:00,4.940000057220459
1997-07-08 00:00:00+00:00,4.960000038146973
1997-07-09 00:00:00+00:00,4.96999979019165
1997-07-10 00:00:00+00:00,4.989999771118164
1997-07-11 00:00:00+00:00,4.989999771118164
1997-07-14 00:00:00+00:00,5.0
1997-07-15 00:00:00+00:00,5.059999942779541
1997-07-16 00:00:00+00:00,5.039999961853027
1997-07-17 00:00:00+00:00,5.070000171661377
1997-07-18 00:00:00+00:00,5.110000133514404
1997-07-21 00:00:00+00:00,5.130000114440918
1997-07-22 00:00:00+00:00,5.090000152587891
1997-07-23 00:00:00+00:00,5.050000190734863
1997-07-24 00:00:00+00:00,5.070000171661377
1997-07-25 00:00:00+00:00,5.079999923706055
1997-07-28 00:00:00+00:00,5.099999904632568
1997-07-29 00:00:00+00:00,5.090000152587891
1997-07-30 00:00:00+00:00,5.090000152587891
1997-07-31 00:00:00+00:00,5.099999904632568
1997-08-01 00:00:00+00:00,5.130000114440918
1997-08-04 00:00:00+00:00,5.139999866485596
1997-08-05 00:00:00+00:00,5.139999866485596
1997-08-06 00:00:00+00:00,5.139999866485596
1997-08-07 00:00:00+00:00,5.150000095367432
1997-08-08 00:00:00+00:00,5.139999866485596
1997-08-11 00:00:00+00:00,5.159999847412109
1997-08-12 00:00:00+00:00,5.170000076293945
1997-08-13 00:00:00+00:00,5.170000076293945
1997-08-14 00:00:00+00:00,5.179999828338623
1997-08-15 00:00:00+00:00,5.130000114440918
1997-08-18 00:00:00+00:00,5.110000133514404
1997-08-19 00:00:00+00:00,5.079999923706055
1997-08-20 00:00:00+00:00,5.090000152587891
1997-08-21 00:00:00+00:00,5.119999885559082
1997-08-22 00:00:00+00:00,5.090000152587891
1997-08-25 00:00:00+00:00,5.139999866485596
1997-08-26 00:00:00+00:00,5.119999885559082
1997-08-27 00:00:00+00:00,5.130000114440918
1997-08-28 00:00:00+00:00,5.090000152587891
1997-08-29 00:00:00+00:00,5.090000152587891
1997-09-02 00:00:00+00:00,5.050000190734863
1997-09-03 00:00:00+00:00,5.010000228881836
1997-09-04 00:00:00+00:00,5.0
1997-09-05 00:00:00+00:00,5.019999980926514
1997-09-08 00:00:00+00:00,5.0
1997-09-09 00:00:00+00:00,4.989999771118164
1997-09-10 00:00:00+00:00,4.960000038146973
1997-09-11 00:00:00+00:00,4.980000019073486
1997-09-12 00:00:00+00:00,4.960000038146973
1997-09-15 00:00:00+00:00,4.989999771118164
1997-09-16 00:00:00+00:00,4.920000076293945
1997-09-17 00:00:00+00:00,4.96999979019165
1997-09-18 00:00:00+00:00,4.949999809265137
1997-09-19 00:00:00+00:00,4.920000076293945
1997-09-22 00:00:00+00:00,4.889999866485596
1997-09-23 00:00:00+00:00,4.849999904632568
1997-09-24 00:00:00+00:00,4.800000190734863
1997-09-25 00:00:00+00:00,4.789999961853027
1997-09-26 00:00:00+00:00,4.849999904632568
1997-09-29 00:00:00+00:00,4.860000133514404
1997-09-30 00:00:00+00:00,4.96999979019165
1997-10-01 00:00:00+00:00,4.960000038146973
1997-10-02 00:00:00+00:00,4.920000076293945
1997-10-03 00:00:00+00:00,4.889999866485596
1997-10-06 00:00:00+00:00,4.849999904632568
1997-10-07 00:00:00+00:00,4.920000076293945
1997-10-08 00:00:00+00:00,4.960000038146973
1997-10-09 00:00:00+00:00,4.980000019073486
1997-10-10 00:00:00+00:00,4.989999771118164
1997-10-14 00:00:00+00:00,4.949999809265137
1997-10-15 00:00:00+00:00,4.920000076293945
1997-10-16 00:00:00+00:00,4.929999828338623
1997-10-17 00:00:00+00:00,4.889999866485596
1997-10-20 00:00:00+00:00,4.900000095367432
1997-10-21 00:00:00+00:00,4.960000038146973
1997-10-22 00:00:00+00:00,5.0
1997-10-23 00:00:00+00:00,4.96999979019165
1997-10-24 00:00:00+00:00,5.010000228881836
1997-10-27 00:00:00+00:00,4.949999809265137
1997-10-28 00:00:00+00:00,5.090000152587891
1997-10-29 00:00:00+00:00,5.050000190734863
1997-10-30 00:00:00+00:00,5.019999980926514
1997-10-31 00:00:00+00:00,5.059999942779541
1997-11-03 00:00:00+00:00,5.099999904632568
1997-11-04 00:00:00+00:00,5.099999904632568
1997-11-05 00:00:00+00:00,5.119999885559082
1997-11-06 00:00:00+00:00,5.150000095367432
1997-11-07 00:00:00+00:00,5.150000095367432
1997-11-10 00:00:00+00:00,5.199999809265137
1997-11-12 00:00:00+00:00,5.150000095367432
1997-11-13 00:00:00+00:00,5.130000114440918
1997-11-14 00:00:00+00:00,5.119999885559082
1997-11-17 00:00:00+00:00,5.159999847412109
1997-11-18 00:00:00+00:00,5.150000095367432
1997-11-19 00:00:00+00:00,5.130000114440918
1997-11-20 00:00:00+00:00,5.130000114440918
1997-11-21 00:00:00+00:00,5.099999904632568
1997-11-24 00:00:00+00:00,5.139999866485596
1997-11-25 00:00:00+00:00,5.139999866485596
1997-11-26 00:00:00+00:00,5.090000152587891
1997-11-28 00:00:00+00:00,5.059999942779541
1997-12-01 00:00:00+00:00,5.090000152587891
1997-12-02 00:00:00+00:00,5.099999904632568
1997-12-03 00:00:00+00:00,5.099999904632568
1997-12-04 00:00:00+00:00,5.099999904632568
1997-12-05 00:00:00+00:00,5.159999847412109
1997-12-08 00:00:00+00:00,5.190000057220459
1997-12-09 00:00:00+00:00,5.099999904632568
1997-12-10 00:00:00+00:00,5.059999942779541
1997-12-11 00:00:00+00:00,5.050000190734863
1997-12-12 00:00:00+00:00,5.050000190734863
1997-12-15 00:00:00+00:00,5.090000152587891
1997-12-16 00:00:00+00:00,5.059999942779541
1997-12-17 00:00:00+00:00,5.090000152587891
1997-12-18 00:00:00+00:00,5.079999923706055
1997-12-19 00:00:00+00:00,5.239999771118164
1997-12-22 00:00:00+00:00,5.300000190734863
1997-12-23 00:00:00+00:00,5.340000152587891
1997-12-24 00:00:00+00:00,5.21999979019165
1997-12-26 00:00:00+00:00,5.179999828338623
1997-12-29 00:00:00+00:00,5.25
1997-12-30 00:00:00+00:00,5.239999771118164
1997-12-31 00:00:00+00:00,5.199999809265137
1998-01-02 00:00:00+00:00,5.170000076293945
1998-01-05 00:00:00+00:00,5.079999923706055
1998-01-06 00:00:00+00:00,5.079999923706055
1998-01-07 00:00:00+00:00,5.090000152587891
1998-01-08 00:00:00+00:00,4.960000038146973
1998-01-09 00:00:00+00:00,4.920000076293945
1998-01-12 00:00:00+00:00,4.920000076293945
1998-01-13 00:00:00+00:00,5.070000171661377
1998-01-14 00:00:00+00:00,5.039999961853027
1998-01-15 00:00:00+00:00,4.980000019073486
1998-01-16 00:00:00+00:00,5.0
1998-01-20 00:00:00+00:00,5.010000228881836
1998-01-21 00:00:00+00:00,4.989999771118164
1998-01-22 00:00:00+00:00,4.989999771118164
1998-01-23 00:00:00+00:00,5.039999961853027
1998-01-26 00:00:00+00:00,5.03000020980835
1998-01-27 00:00:00+00:00,5.110000133514404
1998-01-28 00:00:00+00:00,5.079999923706055
1998-01-29 00:00:00+00:00,5.050000190734863
1998-01-30 00:00:00+00:00,5.039999961853027
1998-02-02 00:00:00+00:00,5.090000152587891
1998-02-03 00:00:00+00:00,5.090000152587891
1998-02-04 00:00:00+00:00,4.96999979019165
1998-02-05 00:00:00+00:00,4.989999771118164
1998-02-06 00:00:00+00:00,5.039999961853027
1998-02-09 00:00:00+00:00,5.010000228881836
1998-02-10 00:00:00+00:00,5.079999923706055
1998-02-11 00:00:00+00:00,5.070000171661377
1998-02-12 00:00:00+00:00,5.099999904632568
1998-02-13 00:00:00+00:00,5.079999923706055
1998-02-17 00:00:00+00:00,5.039999961853027
1998-02-18 00:00:00+00:00,5.050000190734863
1998-02-19 00:00:00+00:00,5.050000190734863
1998-02-20 00:00:00+00:00,5.070000171661377
1998-02-23 00:00:00+00:00,5.099999904632568
1998-02-24 00:00:00+00:00,5.179999828338623
1998-02-25 00:00:00+00:00,5.170000076293945
1998-02-26 00:00:00+00:00,5.179999828338623
1998-02-27 00:00:00+00:00,5.179999828338623
1998-03-02 00:00:00+00:00,5.170000076293945
1998-03-03 00:00:00+00:00,5.070000171661377
1998-03-04 00:00:00+00:00,5.03000020980835
1998-03-05 00:00:00+00:00,5.03000020980835
1998-03-06 00:00:00+00:00,5.010000228881836
1998-03-09 00:00:00+00:00,5.010000228881836
1998-03-10 00:00:00+00:00,4.960000038146973
1998-03-11 00:00:00+00:00,4.940000057220459
1998-03-12 00:00:00+00:00,4.940000057220459
1998-03-13 00:00:00+00:00,4.960000038146973
1998-03-16 00:00:00+00:00,4.960000038146973
1998-03-17 00:00:00+00:00,5.010000228881836
1998-03-18 00:00:00+00:00,5.019999980926514
1998-03-19 00:00:00+00:00,5.03000020980835
1998-03-20 00:00:00+00:00,5.039999961853027
1998-03-23 00:00:00+00:00,5.010000228881836
1998-03-24 00:00:00+00:00,5.010000228881836
1998-03-25 00:00:00+00:00,5.019999980926514
1998-03-26 00:00:00+00:00,5.059999942779541
1998-03-27 00:00:00+00:00,5.059999942779541
1998-03-30 00:00:00+00:00,5.079999923706055
1998-03-31 00:00:00+00:00,4.989999771118164
1998-04-01 00:00:00+00:00,4.96999979019165
1998-04-02 00:00:00+00:00,4.960000038146973
1998-04-03 00:00:00+00:00,4.929999828338623
1998-04-06 00:00:00+00:00,4.96999979019165
1998-04-07 00:00:00+00:00,4.909999847412109
1998-04-08 00:00:00+00:00,4.909999847412109
1998-04-09 00:00:00+00:00,4.929999828338623
1998-04-13 00:00:00+00:00,5.050000190734863
1998-04-14 00:00:00+00:00,5.0
1998-04-15 00:00:00+00:00,4.949999809265137
1998-04-16 00:00:00+00:00,4.909999847412109
1998-04-17 00:00:00+00:00,4.909999847412109
1998-04-20 00:00:00+00:00,4.909999847412109
1998-04-21 00:00:00+00:00,4.940000057220459
1998-04-22 00:00:00+00:00,4.940000057220459
1998-04-23 00:00:00+00:00,4.949999809265137
1998-04-24 00:00:00+00:00,4.929999828338623
1998-04-27 00:00:00+00:00,4.940000057220459
1998-04-28 00:00:00+00:00,4.920000076293945
1998-04-29 00:00:00+00:00,4.929999828338623
1998-04-30 00:00:00+00:00,4.849999904632568
1998-05-01 00:00:00+00:00,4.880000114440918
1998-05-04 00:00:00+00:00,4.900000095367432
1998-05-05 00:00:00+00:00,4.96999979019165
1998-05-06 00:00:00+00:00,4.989999771118164
1998-05-07 00:00:00+00:00,4.96999979019165
1998-05-08 00:00:00+00:00,4.989999771118164
1998-05-11 00:00:00+00:00,4.989999771118164
1998-05-12 00:00:00+00:00,4.989999771118164
1998-05-13 00:00:00+00:00,4.980000019073486
1998-05-14 00:00:00+00:00,5.03000020980835
1998-05-15 00:00:00+00:00,5.03000020980835
1998-05-18 00:00:00+00:00,5.039999961853027
1998-05-19 00:00:00+00:00,5.070000171661377
1998-05-20 00:00:00+00:00,5.059999942779541
1998-05-21 00:00:00+00:00,5.099999904632568
1998-05-22 00:00:00+00:00,5.070000171661377
1998-05-26 00:00:00+00:00,5.0
1998-05-27 00:00:00+00:00,4.949999809265137
1998-05-28 00:00:00+00:00,4.920000076293945
1998-05-29 00:00:00+00:00,4.889999866485596
1998-06-01 00:00:00+00:00,4.860000133514404
1998-06-02 00:00:00+00:00,4.96999979019165
1998-06-03 00:00:00+00:00,4.989999771118164
1998-06-04 00:00:00+00:00,4.980000019073486
1998-06-05 00:00:00+00:00,4.96999979019165
1998-06-08 00:00:00+00:00,4.980000019073486
1998-06-09 00:00:00+00:00,5.0
1998-06-10 00:00:00+00:00,5.0
1998-06-11 00:00:00+00:00,4.960000038146973
1998-06-12 00:00:00+00:00,4.980000019073486
1998-06-15 00:00:00+00:00,4.96999979019165
1998-06-16 00:00:00+00:00,5.019999980926514
1998-06-17 00:00:00+00:00,5.079999923706055
1998-06-18 00:00:00+00:00,5.039999961853027
1998-06-19 00:00:00+00:00,5.019999980926514
1998-06-22 00:00:00+00:00,4.980000019073486
1998-06-23 00:00:00+00:00,4.940000057220459
1998-06-24 00:00:00+00:00,4.909999847412109
1998-06-25 00:00:00+00:00,4.860000133514404
1998-06-26 00:00:00+00:00,4.860000133514404
1998-06-29 00:00:00+00:00,4.869999885559082
1998-06-30 00:00:00+00:00,4.96999979019165
1998-07-01 00:00:00+00:00,4.949999809265137
1998-07-02 00:00:00+00:00,4.929999828338623
1998-07-06 00:00:00+00:00,4.920000076293945
1998-07-07 00:00:00+00:00,4.96999979019165
1998-07-08 00:00:00+00:00,4.949999809265137
1998-07-09 00:00:00+00:00,4.929999828338623
1998-07-10 00:00:00+00:00,4.920000076293945
1998-07-13 00:00:00+00:00,4.940000057220459
1998-07-14 00:00:00+00:00,5.019999980926514
1998-07-15 00:00:00+00:00,5.0
1998-07-16 00:00:00+00:00,5.019999980926514
1998-07-17 00:00:00+00:00,5.010000228881836
1998-07-20 00:00:00+00:00,4.989999771118164
1998-07-21 00:00:00+00:00,4.929999828338623
1998-07-22 00:00:00+00:00,4.929999828338623
1998-07-23 00:00:00+00:00,4.960000038146973
1998-07-24 00:00:00+00:00,4.940000057220459
1998-07-27 00:00:00+00:00,4.940000057220459
1998-07-28 00:00:00+00:00,4.920000076293945
1998-07-29 00:00:00+00:00,4.929999828338623
1998-07-30 00:00:00+00:00,4.920000076293945
1998-07-31 00:00:00+00:00,4.949999809265137
1998-08-03 00:00:00+00:00,4.96999979019165
1998-08-04 00:00:00+00:00,4.949999809265137
1998-08-05 00:00:00+00:00,4.940000057220459
1998-08-06 00:00:00+00:00,4.880000114440918
1998-08-07 00:00:00+00:00,4.869999885559082
1998-08-10 00:00:00+00:00,4.849999904632568
1998-08-11 00:00:00+00:00,4.880000114440918
1998-08-12 00:00:00+00:00,4.900000095367432
1998-08-13 00:00:00+00:00,4.920000076293945
1998-08-14 00:00:00+00:00,4.900000095367432
1998-08-17 00:00:00+00:00,4.920000076293945
1998-08-18 00:00:00+00:00,4.949999809265137
1998-08-19 00:00:00+00:00,4.929999828338623
1998-08-20 00:00:00+00:00,4.909999847412109
1998-08-21 00:00:00+00:00,4.869999885559082
1998-08-24 00:00:00+00:00,4.929999828338623
1998-08-25 00:00:00+00:00,4.940000057220459
1998-08-26 00:00:00+00:00,4.920000076293945
1998-08-27 00:00:00+00:00,4.840000152587891
1998-08-28 00:00:00+00:00,4.78000020980835
1998-08-31 00:00:00+00:00,4.760000228881836
1998-09-01 00:00:00+00:00,4.769999980926514
1998-09-02 00:00:00+00:00,4.769999980926514
1998-09-03 00:00:00+00:00,4.710000038146973
1998-09-04 00:00:00+00:00,4.730000019073486
1998-09-08 00:00:00+00:00,4.730000019073486
1998-09-09 00:00:00+00:00,4.75
1998-09-10 00:00:00+00:00,4.650000095367432
1998-09-11 00:00:00+00:00,4.730000019073486
1998-09-14 00:00:00+00:00,4.75
1998-09-15 00:00:00+00:00,4.659999847412109
1998-09-16 00:00:00+00:00,4.630000114440918
1998-09-17 00:00:00+00:00,4.570000171661377
1998-09-18 00:00:00+00:00,4.489999771118164
1998-09-21 00:00:00+00:00,4.590000152587891
1998-09-22 00:00:00+00:00,4.690000057220459
1998-09-23 00:00:00+00:00,4.570000171661377
1998-09-24 00:00:00+00:00,4.480000019073486
1998-09-25 00:00:00+00:00,4.409999847412109
1998-09-28 00:00:00+00:00,4.369999885559082
1998-09-29 00:00:00+00:00,4.320000171661377
1998-09-30 00:00:00+00:00,4.25
1998-10-01 00:00:00+00:00,4.130000114440918
1998-10-02 00:00:00+00:00,4.099999904632568
1998-10-05 00:00:00+00:00,4.019999980926514
1998-10-06 00:00:00+00:00,4.050000190734863
1998-10-07 00:00:00+00:00,4.050000190734863
1998-10-08 00:00:00+00:00,3.7300000190734863
1998-10-09 00:00:00+00:00,3.809999942779541
1998-10-13 00:00:00+00:00,3.809999942779541
1998-10-14 00:00:00+00:00,3.9200000762939453
1998-10-15 00:00:00+00:00,4.019999980926514
1998-10-16 00:00:00+00:00,3.5299999713897705
1998-10-19 00:00:00+00:00,3.690000057220459
1998-10-20 00:00:00+00:00,3.9100000858306885
1998-10-21 00:00:00+00:00,3.9000000953674316
1998-10-22 00:00:00+00:00,3.859999895095825
1998-10-23 00:00:00+00:00,3.869999885559082
1998-10-26 00:00:00+00:00,3.990000009536743
1998-10-27 00:00:00+00:00,4.059999942779541
1998-10-28 00:00:00+00:00,4.179999828338623
1998-10-29 00:00:00+00:00,4.210000038146973
1998-10-30 00:00:00+00:00,4.210000038146973
1998-11-02 00:00:00+00:00,4.300000190734863
1998-11-03 00:00:00+00:00,4.380000114440918
1998-11-04 00:00:00+00:00,4.449999809265137
1998-11-05 00:00:00+00:00,4.429999828338623
1998-11-06 00:00:00+00:00,4.550000190734863
1998-11-09 00:00:00+00:00,4.510000228881836
1998-11-10 00:00:00+00:00,4.440000057220459
1998-11-12 00:00:00+00:00,4.389999866485596
1998-11-13 00:00:00+00:00,4.349999904632568
1998-11-16 00:00:00+00:00,4.409999847412109
1998-11-17 00:00:00+00:00,4.300000190734863
1998-11-18 00:00:00+00:00,4.320000171661377
1998-11-19 00:00:00+00:00,4.320000171661377
1998-11-20 00:00:00+00:00,4.349999904632568
1998-11-23 00:00:00+00:00,4.46999979019165
1998-11-24 00:00:00+00:00,4.489999771118164
1998-11-25 00:00:00+00:00,4.449999809265137
1998-11-27 00:00:00+00:00,4.429999828338623
1998-11-30 00:00:00+00:00,4.420000076293945
1998-12-01 00:00:00+00:00,4.380000114440918
1998-12-02 00:00:00+00:00,4.369999885559082
1998-12-03 00:00:00+00:00,4.329999923706055
1998-12-04 00:00:00+00:00,4.360000133514404
1998-12-07 00:00:00+00:00,4.380000114440918
1998-12-08 00:00:00+00:00,4.309999942779541
1998-12-09 00:00:00+00:00,4.309999942779541
1998-12-10 00:00:00+00:00,4.360000133514404
1998-12-11 00:00:00+00:00,4.389999866485596
1998-12-14 00:00:00+00:00,4.389999866485596
1998-12-15 00:00:00+00:00,4.380000114440918
1998-12-16 00:00:00+00:00,4.340000152587891
1998-12-17 00:00:00+00:00,4.340000152587891
1998-12-18 00:00:00+00:00,4.380000114440918
1998-12-21 00:00:00+00:00,4.429999828338623
1998-12-22 00:00:00+00:00,4.409999847412109
1998-12-23 00:00:00+00:00,4.460000038146973
1998-12-24 00:00:00+00:00,4.449999809265137
1998-12-28 00:00:00+00:00,4.449999809265137
1998-12-29 00:00:00+00:00,4.480000019073486
1998-12-30 00:00:00+00:00,4.429999828338623
1998-12-31 00:00:00+00:00,4.349999904632568
1999-01-04 00:00:00+00:00,4.369999885559082
1999-01-05 00:00:00+00:00,4.369999885559082
1999-01-06 00:00:00+00:00,4.369999885559082
1999-01-07 00:00:00+00:00,4.309999942779541
1999-01-08 00:00:00+00:00,4.360000133514404
1999-01-11 00:00:00+00:00,4.389999866485596
1999-01-12 00:00:00+00:00,4.360000133514404
1999-01-13 00:00:00+00:00,4.340000152587891
1999-01-14 00:00:00+00:00,4.309999942779541
1999-01-15 00:00:00+00:00,4.320000171661377
1999-01-19 00:00:00+00:00,4.28000020980835
1999-01-20 00:00:00+00:00,4.289999961853027
1999-01-21 00:00:00+00:00,4.210000038146973
1999-01-22 00:00:00+00:00,4.25
1999-01-25 00:00:00+00:00,4.289999961853027
1999-01-26 00:00:00+00:00,4.349999904632568
1999-01-27 00:00:00+00:00,4.360000133514404
1999-01-28 00:00:00+00:00,4.369999885559082
1999-01-29 00:00:00+00:00,4.360000133514404
1999-02-01 00:00:00+00:00,4.409999847412109
1999-02-02 00:00:00+00:00,4.409999847412109
1999-02-03 00:00:00+00:00,4.360000133514404
1999-02-04 00:00:00+00:00,4.360000133514404
1999-02-05 00:00:00+00:00,4.389999866485596
1999-02-08 00:00:00+00:00,4.400000095367432
1999-02-09 00:00:00+00:00,4.409999847412109
1999-02-10 00:00:00+00:00,4.369999885559082
1999-02-11 00:00:00+00:00,4.389999866485596
1999-02-12 00:00:00+00:00,4.420000076293945
1999-02-16 00:00:00+00:00,4.400000095367432
1999-02-17 00:00:00+00:00,4.409999847412109
1999-02-18 00:00:00+00:00,4.409999847412109
1999-02-19 00:00:00+00:00,4.449999809265137
1999-02-22 00:00:00+00:00,4.489999771118164
1999-02-23 00:00:00+00:00,4.539999961853027
1999-02-24 00:00:00+00:00,4.539999961853027
1999-02-25 00:00:00+00:00,4.5
1999-02-26 00:00:00+00:00,4.550000190734863
1999-03-01 00:00:00+00:00,4.579999923706055
1999-03-02 00:00:00+00:00,4.539999961853027
1999-03-03 00:00:00+00:00,4.480000019073486
1999-03-04 00:00:00+00:00,4.480000019073486
1999-03-05 00:00:00+00:00,4.489999771118164
1999-03-08 00:00:00+00:00,4.5
1999-03-09 00:00:00+00:00,4.46999979019165
1999-03-10 00:00:00+00:00,4.46999979019165
1999-03-11 00:00:00+00:00,4.480000019073486
1999-03-12 00:00:00+00:00,4.46999979019165
1999-03-15 00:00:00+00:00,4.460000038146973
1999-03-16 00:00:00+00:00,4.429999828338623
1999-03-17 00:00:00+00:00,4.400000095367432
1999-03-18 00:00:00+00:00,4.369999885559082
1999-03-19 00:00:00+00:00,4.380000114440918
1999-03-22 00:00:00+00:00,4.389999866485596
1999-03-23 00:00:00+00:00,4.380000114440918
1999-03-24 00:00:00+00:00,4.380000114440918
1999-03-25 00:00:00+00:00,4.389999866485596
1999-03-26 00:00:00+00:00,4.389999866485596
1999-03-29 00:00:00+00:00,4.389999866485596
1999-03-30 00:00:00+00:00,4.369999885559082
1999-03-31 00:00:00+00:00,4.360000133514404
1999-04-01 00:00:00+00:00,4.300000190734863
1999-04-05 00:00:00+00:00,4.289999961853027
1999-04-06 00:00:00+00:00,4.289999961853027
1999-04-07 00:00:00+00:00,4.28000020980835
1999-04-08 00:00:00+00:00,4.269999980926514
1999-04-09 00:00:00+00:00,4.260000228881836
1999-04-12 00:00:00+00:00,4.21999979019165
1999-04-13 00:00:00+00:00,4.170000076293945
1999-04-14 00:00:00+00:00,4.159999847412109
1999-04-15 00:00:00+00:00,4.190000057220459
1999-04-16 00:00:00+00:00,4.21999979019165
1999-04-19 00:00:00+00:00,4.210000038146973
1999-04-20 00:00:00+00:00,4.25
1999-04-21 00:00:00+00:00,4.239999771118164
1999-04-22 00:00:00+00:00,4.269999980926514
1999-04-23 00:00:00+00:00,4.309999942779541
1999-04-26 00:00:00+00:00,4.349999904632568
1999-04-27 00:00:00+00:00,4.369999885559082
1999-04-28 00:00:00+00:00,4.380000114440918
1999-04-29 00:00:00+00:00,4.380000114440918
1999-04-30 00:00:00+00:00,4.429999828338623
1999-05-03 00:00:00+00:00,4.460000038146973
1999-05-04 00:00:00+00:00,4.489999771118164
1999-05-05 00:00:00+00:00,4.480000019073486
1999-05-06 00:00:00+00:00,4.480000019073486
1999-05-07 00:00:00+00:00,4.46999979019165
1999-05-10 00:00:00+00:00,4.46999979019165
1999-05-11 00:00:00+00:00,4.480000019073486
1999-05-12 00:00:00+00:00,4.46999979019165
1999-05-13 00:00:00+00:00,4.449999809265137
1999-05-14 00:00:00+00:00,4.5
1999-05-17 00:00:00+00:00,4.550000190734863
1999-05-18 00:00:00+00:00,4.53000020980835
1999-05-19 00:00:00+00:00,4.5
1999-05-20 00:00:00+00:00,4.480000019073486
1999-05-21 00:00:00+00:00,4.460000038146973
1999-05-24 00:00:00+00:00,4.5
1999-05-25 00:00:00+00:00,4.510000228881836
1999-05-26 00:00:00+00:00,4.519999980926514
1999-05-27 00:00:00+00:00,4.519999980926514
1999-05-28 00:00:00+00:00,4.510000228881836
1999-06-01 00:00:00+00:00,4.539999961853027
1999-06-02 00:00:00+00:00,4.599999904632568
1999-06-03 00:00:00+00:00,4.519999980926514
1999-06-04 00:00:00+00:00,4.429999828338623
1999-06-07 00:00:00+00:00,4.389999866485596
1999-06-08 00:00:00+00:00,4.480000019073486
1999-06-09 00:00:00+00:00,4.46999979019165
1999-06-10 00:00:00+00:00,4.53000020980835
1999-06-11 00:00:00+00:00,4.590000152587891
1999-06-14 00:00:00+00:00,4.570000171661377
1999-06-15 00:00:00+00:00,4.590000152587891
1999-06-16 00:00:00+00:00,4.550000190734863
1999-06-17 00:00:00+00:00,4.510000228881836
1999-06-18 00:00:00+00:00,4.519999980926514
1999-06-21 00:00:00+00:00,4.550000190734863
1999-06-22 00:00:00+00:00,4.610000133514404
1999-06-23 00:00:00+00:00,4.590000152587891
1999-06-24 00:00:00+00:00,4.590000152587891
1999-06-25 00:00:00+00:00,4.659999847412109
1999-06-28 00:00:00+00:00,4.670000076293945
1999-06-29 00:00:00+00:00,4.699999809265137
1999-06-30 00:00:00+00:00,4.670000076293945
1999-07-01 00:00:00+00:00,4.570000171661377
1999-07-02 00:00:00+00:00,4.539999961853027
1999-07-06 00:00:00+00:00,4.519999980926514
1999-07-07 00:00:00+00:00,4.53000020980835
1999-07-08 00:00:00+00:00,4.539999961853027
1999-07-09 00:00:00+00:00,4.559999942779541
1999-07-12 00:00:00+00:00,4.559999942779541
1999-07-13 00:00:00+00:00,4.579999923706055
1999-07-14 00:00:00+00:00,4.579999923706055
1999-07-15 00:00:00+00:00,4.570000171661377
1999-07-16 00:00:00+00:00,4.539999961853027
1999-07-19 00:00:00+00:00,4.519999980926514
1999-07-20 00:00:00+00:00,4.489999771118164
1999-07-21 00:00:00+00:00,4.46999979019165
1999-07-22 00:00:00+00:00,4.480000019073486
1999-07-23 00:00:00+00:00,4.519999980926514
1999-07-26 00:00:00+00:00,4.570000171661377
1999-07-27 00:00:00+00:00,4.579999923706055
1999-07-28 00:00:00+00:00,4.570000171661377
1999-07-29 00:00:00+00:00,4.579999923706055
1999-07-30 00:00:00+00:00,4.619999885559082
1999-08-02 00:00:00+00:00,4.650000095367432
1999-08-03 00:00:00+00:00,4.690000057220459
1999-08-04 00:00:00+00:00,4.659999847412109
1999-08-05 00:00:00+00:00,4.579999923706055
1999-08-06 00:00:00+00:00,4.659999847412109
1999-08-09 00:00:00+00:00,4.739999771118164
1999-08-10 00:00:00+00:00,4.809999942779541
1999-08-11 00:00:00+00:00,4.769999980926514
1999-08-12 00:00:00+00:00,4.659999847412109
1999-08-13 00:00:00+00:00,4.599999904632568
1999-08-16 00:00:00+00:00,4.630000114440918
1999-08-17 00:00:00+00:00,4.679999828338623
1999-08-18 00:00:00+00:00,4.630000114440918
1999-08-19 00:00:00+00:00,4.630000114440918
1999-08-20 00:00:00+00:00,4.690000057220459
1999-08-23 00:00:00+00:00,4.769999980926514
1999-08-24 00:00:00+00:00,4.849999904632568
1999-08-25 00:00:00+00:00,4.789999961853027
1999-08-26 00:00:00+00:00,4.78000020980835
1999-08-27 00:00:00+00:00,4.840000152587891
1999-08-30 00:00:00+00:00,4.849999904632568
1999-08-31 00:00:00+00:00,4.849999904632568
1999-09-01 00:00:00+00:00,4.820000171661377
1999-09-02 00:00:00+00:00,4.78000020980835
1999-09-03 00:00:00+00:00,4.769999980926514
1999-09-07 00:00:00+00:00,4.690000057220459
1999-09-08 00:00:00+00:00,4.690000057220459
1999-09-09 00:00:00+00:00,4.679999828338623
1999-09-10 00:00:00+00:00,4.619999885559082
1999-09-13 00:00:00+00:00,4.630000114440918
1999-09-14 00:00:00+00:00,4.690000057220459
1999-09-15 00:00:00+00:00,4.619999885559082
1999-09-16 00:00:00+00:00,4.559999942779541
1999-09-17 00:00:00+00:00,4.550000190734863
1999-09-20 00:00:00+00:00,4.539999961853027
1999-09-21 00:00:00+00:00,4.650000095367432
1999-09-22 00:00:00+00:00,4.679999828338623
1999-09-23 00:00:00+00:00,4.670000076293945
1999-09-24 00:00:00+00:00,4.670000076293945
1999-09-27 00:00:00+00:00,4.670000076293945
1999-09-28 00:00:00+00:00,4.670000076293945
1999-09-29 00:00:00+00:00,4.679999828338623
1999-09-30 00:00:00+00:00,4.710000038146973
1999-10-01 00:00:00+00:00,4.710000038146973
1999-10-04 00:00:00+00:00,4.699999809265137
1999-10-05 00:00:00+00:00,4.730000019073486
1999-10-06 00:00:00+00:00,4.670000076293945
1999-10-07 00:00:00+00:00,4.699999809265137
1999-10-08 00:00:00+00:00,4.670000076293945
1999-10-12 00:00:00+00:00,4.71999979019165
1999-10-13 00:00:00+00:00,4.840000152587891
1999-10-14 00:00:00+00:00,4.869999885559082
1999-10-15 00:00:00+00:00,4.889999866485596
1999-10-18 00:00:00+00:00,4.929999828338623
1999-10-19 00:00:00+00:00,4.989999771118164
1999-10-20 00:00:00+00:00,4.989999771118164
1999-10-21 00:00:00+00:00,4.980000019073486
1999-10-22 00:00:00+00:00,4.920000076293945
1999-10-25 00:00:00+00:00,4.900000095367432
1999-10-26 00:00:00+00:00,4.989999771118164
1999-10-27 00:00:00+00:00,4.989999771118164
1999-10-28 00:00:00+00:00,4.949999809265137
1999-10-29 00:00:00+00:00,4.960000038146973
1999-11-01 00:00:00+00:00,4.980000019073486
1999-11-02 00:00:00+00:00,4.980000019073486
1999-11-03 00:00:00+00:00,4.96999979019165
1999-11-04 00:00:00+00:00,4.940000057220459
1999-11-05 00:00:00+00:00,4.980000019073486
1999-11-08 00:00:00+00:00,5.039999961853027
1999-11-09 00:00:00+00:00,5.039999961853027
1999-11-10 00:00:00+00:00,5.050000190734863
1999-11-12 00:00:00+00:00,5.079999923706055
1999-11-15 00:00:00+00:00,5.110000133514404
1999-11-16 00:00:00+00:00,5.139999866485596
1999-11-17 00:00:00+00:00,5.090000152587891
1999-11-18 00:00:00+00:00,5.079999923706055
1999-11-19 00:00:00+00:00,5.079999923706055
1999-11-22 00:00:00+00:00,5.070000171661377
1999-11-23 00:00:00+00:00,5.130000114440918
1999-11-24 00:00:00+00:00,5.130000114440918
1999-11-26 00:00:00+00:00,5.130000114440918
1999-11-29 00:00:00+00:00,5.170000076293945
1999-11-30 00:00:00+00:00,5.150000095367432
1999-12-01 00:00:00+00:00,5.099999904632568
1999-12-02 00:00:00+00:00,5.090000152587891
1999-12-03 00:00:00+00:00,5.090000152587891
1999-12-06 00:00:00+00:00,5.090000152587891
1999-12-07 00:00:00+00:00,5.070000171661377
1999-12-08 00:00:00+00:00,5.059999942779541
1999-12-09 00:00:00+00:00,5.099999904632568
1999-12-10 00:00:00+00:00,5.119999885559082
1999-12-13 00:00:00+00:00,5.210000038146973
1999-12-14 00:00:00+00:00,5.210000038146973
1999-12-15 00:00:00+00:00,5.179999828338623
1999-12-16 00:00:00+00:00,5.21999979019165
1999-12-17 00:00:00+00:00,5.28000020980835
1999-12-20 00:00:00+00:00,5.380000114440918
1999-12-21 00:00:00+00:00,5.420000076293945
1999-12-22 00:00:00+00:00,5.380000114440918
1999-12-23 00:00:00+00:00,5.300000190734863
1999-12-27 00:00:00+00:00,5.28000020980835
1999-12-28 00:00:00+00:00,5.260000228881836
1999-12-29 00:00:00+00:00,5.090000152587891
1999-12-30 00:00:00+00:00,5.010000228881836
1999-12-31 00:00:00+00:00,5.170000076293945
2000-01-03 00:00:00+00:00,5.269999980926514
2000-01-04 00:00:00+00:00,5.269999980926514
2000-01-05 00:00:00+00:00,5.269999980926514
2000-01-06 00:00:00+00:00,5.239999771118164
2000-01-07 00:00:00+00:00,5.21999979019165
2000-01-10 00:00:00+00:00,5.230000019073486
2000-01-11 00:00:00+00:00,5.269999980926514
2000-01-12 00:00:00+00:00,5.28000020980835
2000-01-13 00:00:00+00:00,5.21999979019165
2000-01-14 00:00:00+00:00,5.25
2000-01-18 00:00:00+00:00,5.230000019073486
2000-01-19 00:00:00+00:00,5.349999904632568
2000-01-20 00:00:00+00:00,5.300000190734863
2000-01-21 00:00:00+00:00,5.300000190734863
2000-01-24 00:00:00+00:00,5.329999923706055
2000-01-25 00:00:00+00:00,5.400000095367432
2000-01-26 00:00:00+00:00,5.409999847412109
2000-01-27 00:00:00+00:00,5.409999847412109
2000-01-28 00:00:00+00:00,5.46999979019165
2000-01-31 00:00:00+00:00,5.53000020980835
2000-02-01 00:00:00+00:00,5.550000190734863
2000-02-02 00:00:00+00:00,5.5
2000-02-03 00:00:00+00:00,5.429999828338623
2000-02-04 00:00:00+00:00,5.489999771118164
2000-02-07 00:00:00+00:00,5.46999979019165
2000-02-08 00:00:00+00:00,5.519999980926514
2000-02-09 00:00:00+00:00,5.489999771118164
2000-02-10 00:00:00+00:00,5.5
2000-02-11 00:00:00+00:00,5.480000019073486
2000-02-14 00:00:00+00:00,5.460000038146973
2000-02-15 00:00:00+00:00,5.579999923706055
2000-02-16 00:00:00+00:00,5.550000190734863
2000-02-17 00:00:00+00:00,5.570000171661377
2000-02-18 00:00:00+00:00,5.570000171661377
2000-02-22 00:00:00+00:00,5.599999904632568
2000-02-23 00:00:00+00:00,5.639999866485596
2000-02-24 00:00:00+00:00,5.639999866485596
2000-02-25 00:00:00+00:00,5.619999885559082
2000-02-28 00:00:00+00:00,5.659999847412109
2000-02-29 00:00:00+00:00,5.639999866485596
2000-03-01 00:00:00+00:00,5.599999904632568
2000-03-02 00:00:00+00:00,5.590000152587891
2000-03-03 00:00:00+00:00,5.630000114440918
2000-03-06 00:00:00+00:00,5.650000095367432
2000-03-07 00:00:00+00:00,5.650000095367432
2000-03-08 00:00:00+00:00,5.670000076293945
2000-03-09 00:00:00+00:00,5.659999847412109
2000-03-10 00:00:00+00:00,5.679999828338623
2000-03-13 00:00:00+00:00,5.710000038146973
2000-03-14 00:00:00+00:00,5.710000038146973
2000-03-15 00:00:00+00:00,5.690000057220459
2000-03-16 00:00:00+00:00,5.699999809265137
2000-03-17 00:00:00+00:00,5.699999809265137
2000-03-20 00:00:00+00:00,5.730000019073486
2000-03-21 00:00:00+00:00,5.739999771118164
2000-03-22 00:00:00+00:00,5.739999771118164
2000-03-23 00:00:00+00:00,5.730000019073486
2000-03-24 00:00:00+00:00,5.71999979019165
2000-03-27 00:00:00+00:00,5.679999828338623
2000-03-28 00:00:00+00:00,5.710000038146973
2000-03-29 00:00:00+00:00,5.71999979019165
2000-03-30 00:00:00+00:00,5.710000038146973
2000-03-31 00:00:00+00:00,5.71999979019165
2000-04-03 00:00:00+00:00,5.690000057220459
2000-04-04 00:00:00+00:00,5.670000076293945
2000-04-05 00:00:00+00:00,5.699999809265137
2000-04-06 00:00:00+00:00,5.710000038146973
2000-04-07 00:00:00+00:00,5.710000038146973
2000-04-10 00:00:00+00:00,5.690000057220459
2000-04-11 00:00:00+00:00,5.670000076293945
2000-04-12 00:00:00+00:00,5.670000076293945
2000-04-13 00:00:00+00:00,5.639999866485596
2000-04-14 00:00:00+00:00,5.639999866485596
2000-04-17 00:00:00+00:00,5.639999866485596
2000-04-18 00:00:00+00:00,5.639999866485596
2000-04-19 00:00:00+00:00,5.639999866485596
2000-04-20 00:00:00+00:00,5.619999885559082
2000-04-24 00:00:00+00:00,5.599999904632568
2000-04-25 00:00:00+00:00,5.630000114440918
2000-04-26 00:00:00+00:00,5.590000152587891
2000-04-27 00:00:00+00:00,5.579999923706055
2000-04-28 00:00:00+00:00,5.650000095367432
2000-05-01 00:00:00+00:00,5.670000076293945
2000-05-02 00:00:00+00:00,5.739999771118164
2000-05-03 00:00:00+00:00,5.739999771118164
2000-05-04 00:00:00+00:00,5.71999979019165
2000-05-05 00:00:00+00:00,5.789999961853027
2000-05-08 00:00:00+00:00,5.889999866485596
2000-05-09 00:00:00+00:00,5.960000038146973
2000-05-10 00:00:00+00:00,5.929999828338623
2000-05-11 00:00:00+00:00,5.909999847412109
2000-05-12 00:00:00+00:00,5.960000038146973
2000-05-15 00:00:00+00:00,5.929999828338623
2000-05-16 00:00:00+00:00,6.010000228881836
2000-05-17 00:00:00+00:00,5.909999847412109
2000-05-18 00:00:00+00:00,5.730000019073486
2000-05-19 00:00:00+00:00,5.699999809265137
2000-05-22 00:00:00+00:00,5.699999809265137
2000-05-23 00:00:00+00:00,5.78000020980835
2000-05-24 00:00:00+00:00,5.739999771118164
2000-05-25 00:00:00+00:00,5.659999847412109
2000-05-26 00:00:00+00:00,5.650000095367432
2000-05-30 00:00:00+00:00,5.599999904632568
2000-05-31 00:00:00+00:00,5.489999771118164
2000-06-01 00:00:00+00:00,5.559999942779541
2000-06-02 00:00:00+00:00,5.699999809265137
2000-06-05 00:00:00+00:00,5.710000038146973
2000-06-06 00:00:00+00:00,5.820000171661377
2000-06-07 00:00:00+00:00,5.75
2000-06-08 00:00:00+00:00,5.75
2000-06-09 00:00:00+00:00,5.75
2000-06-12 00:00:00+00:00,5.670000076293945
2000-06-13 00:00:00+00:00,5.71999979019165
2000-06-14 00:00:00+00:00,5.659999847412109
2000-06-15 00:00:00+00:00,5.650000095367432
2000-06-16 00:00:00+00:00,5.639999866485596
2000-06-19 00:00:00+00:00,5.639999866485596
2000-06-20 00:00:00+00:00,5.619999885559082
2000-06-21 00:00:00+00:00,5.639999866485596
2000-06-22 00:00:00+00:00,5.659999847412109
2000-06-23 00:00:00+00:00,5.690000057220459
2000-06-26 00:00:00+00:00,5.650000095367432
2000-06-27 00:00:00+00:00,5.650000095367432
2000-06-28 00:00:00+00:00,5.639999866485596
2000-06-29 00:00:00+00:00,5.670000076293945
2000-06-30 00:00:00+00:00,5.699999809265137
2000-07-03 00:00:00+00:00,5.869999885559082
2000-07-05 00:00:00+00:00,5.809999942779541
2000-07-06 00:00:00+00:00,5.840000152587891
2000-07-07 00:00:00+00:00,5.849999904632568
2000-07-10 00:00:00+00:00,5.880000114440918
2000-07-11 00:00:00+00:00,5.920000076293945
2000-07-12 00:00:00+00:00,5.989999771118164
2000-07-13 00:00:00+00:00,5.980000019073486
2000-07-14 00:00:00+00:00,5.96999979019165
2000-07-17 00:00:00+00:00,5.960000038146973
2000-07-18 00:00:00+00:00,5.96999979019165
2000-07-19 00:00:00+00:00,5.980000019073486
2000-07-20 00:00:00+00:00,6.0
2000-07-21 00:00:00+00:00,5.940000057220459
2000-07-24 00:00:00+00:00,5.96999979019165
2000-07-25 00:00:00+00:00,6.010000228881836
2000-07-26 00:00:00+00:00,5.989999771118164
2000-07-27 00:00:00+00:00,6.019999980926514
2000-07-28 00:00:00+00:00,6.0
2000-07-31 00:00:00+00:00,6.019999980926514
2000-08-01 00:00:00+00:00,6.059999942779541
2000-08-02 00:00:00+00:00,6.050000190734863
2000-08-03 00:00:00+00:00,6.039999961853027
2000-08-04 00:00:00+00:00,6.039999961853027
2000-08-07 00:00:00+00:00,6.039999961853027
2000-08-08 00:00:00+00:00,6.070000171661377
2000-08-09 00:00:00+00:00,6.050000190734863
2000-08-10 00:00:00+00:00,6.059999942779541
2000-08-11 00:00:00+00:00,6.090000152587891
2000-08-14 00:00:00+00:00,6.079999923706055
2000-08-15 00:00:00+00:00,6.079999923706055
2000-08-16 00:00:00+00:00,6.079999923706055
2000-08-17 00:00:00+00:00,6.070000171661377
2000-08-18 00:00:00+00:00,6.070000171661377
2000-08-21 00:00:00+00:00,6.079999923706055
2000-08-22 00:00:00+00:00,6.079999923706055
2000-08-23 00:00:00+00:00,6.090000152587891
2000-08-24 00:00:00+00:00,6.090000152587891
2000-08-25 00:00:00+00:00,6.110000133514404
2000-08-28 00:00:00+00:00,6.130000114440918
2000-08-29 00:00:00+00:00,6.119999885559082
2000-08-30 00:00:00+00:00,6.119999885559082
2000-08-31 00:00:00+00:00,6.110000133514404
2000-09-01 00:00:00+00:00,6.079999923706055
2000-09-05 00:00:00+00:00,6.059999942779541
2000-09-06 00:00:00+00:00,6.010000228881836
2000-09-07 00:00:00+00:00,6.0
2000-09-08 00:00:00+00:00,5.960000038146973
2000-09-11 00:00:00+00:00,5.940000057220459
2000-09-12 00:00:00+00:00,5.909999847412109
2000-09-13 00:00:00+00:00,5.909999847412109
2000-09-14 00:00:00+00:00,5.949999809265137
2000-09-15 00:00:00+00:00,5.960000038146973
2000-09-18 00:00:00+00:00,5.949999809265137
2000-09-19 00:00:00+00:00,5.96999979019165
2000-09-20 00:00:00+00:00,5.96999979019165
2000-09-21 00:00:00+00:00,5.960000038146973
2000-09-22 00:00:00+00:00,5.96999979019165
2000-09-25 00:00:00+00:00,5.980000019073486
2000-09-26 00:00:00+00:00,5.980000019073486
2000-09-27 00:00:00+00:00,6.010000228881836
2000-09-28 00:00:00+00:00,6.050000190734863
2000-09-29 00:00:00+00:00,6.03000020980835
2000-10-02 00:00:00+00:00,6.010000228881836
2000-10-03 00:00:00+00:00,6.050000190734863
2000-10-04 00:00:00+00:00,6.039999961853027
2000-10-05 00:00:00+00:00,6.050000190734863
2000-10-06 00:00:00+00:00,6.050000190734863
2000-10-09 00:00:00+00:00,6.050000190734863
2000-10-10 00:00:00+00:00,6.039999961853027
2000-10-11 00:00:00+00:00,6.039999961853027
2000-10-12 00:00:00+00:00,6.0
2000-10-13 00:00:00+00:00,6.0
2000-10-16 00:00:00+00:00,6.039999961853027
2000-10-17 00:00:00+00:00,6.090000152587891
2000-10-18 00:00:00+00:00,6.119999885559082
2000-10-19 00:00:00+00:00,6.119999885559082
2000-10-20 00:00:00+00:00,6.119999885559082
2000-10-23 00:00:00+00:00,6.150000095367432
2000-10-24 00:00:00+00:00,6.159999847412109
2000-10-25 00:00:00+00:00,6.179999828338623
2000-10-26 00:00:00+00:00,6.159999847412109
2000-10-27 00:00:00+00:00,6.150000095367432
2000-10-30 00:00:00+00:00,6.179999828338623
2000-10-31 00:00:00+00:00,6.150000095367432
2000-11-01 00:00:00+00:00,6.170000076293945
2000-11-02 00:00:00+00:00,6.170000076293945
2000-11-03 00:00:00+00:00,6.190000057220459
2000-11-06 00:00:00+00:00,6.21999979019165
2000-11-07 00:00:00+00:00,6.21999979019165
2000-11-08 00:00:00+00:00,6.210000038146973
2000-11-09 00:00:00+00:00,6.179999828338623
2000-11-10 00:00:00+00:00,6.170000076293945
2000-11-13 00:00:00+00:00,6.170000076293945
2000-11-14 00:00:00+00:00,6.150000095367432
2000-11-15 00:00:00+00:00,6.170000076293945
2000-11-16 00:00:00+00:00,6.150000095367432
2000-11-17 00:00:00+00:00,6.150000095367432
2000-11-20 00:00:00+00:00,6.159999847412109
2000-11-21 00:00:00+00:00,6.170000076293945
2000-11-22 00:00:00+00:00,6.170000076293945
2000-11-24 00:00:00+00:00,6.170000076293945
2000-11-27 00:00:00+00:00,6.130000114440918
2000-11-28 00:00:00+00:00,6.099999904632568
2000-11-29 00:00:00+00:00,6.050000190734863
2000-11-30 00:00:00+00:00,6.010000228881836
2000-12-01 00:00:00+00:00,6.039999961853027
2000-12-04 00:00:00+00:00,5.980000019073486
2000-12-05 00:00:00+00:00,5.900000095367432
2000-12-06 00:00:00+00:00,5.900000095367432
2000-12-07 00:00:00+00:00,5.920000076293945
2000-12-08 00:00:00+00:00,5.900000095367432
2000-12-11 00:00:00+00:00,5.889999866485596
2000-12-12 00:00:00+00:00,5.889999866485596
2000-12-13 00:00:00+00:00,5.429999828338623
2000-12-14 00:00:00+00:00,5.869999885559082
2000-12-15 00:00:00+00:00,5.829999923706055
2000-12-18 00:00:00+00:00,5.78000020980835
2000-12-19 00:00:00+00:00,5.75
2000-12-20 00:00:00+00:00,5.670000076293945
2000-12-21 00:00:00+00:00,5.21999979019165
2000-12-22 00:00:00+00:00,5.119999885559082
2000-12-26 00:00:00+00:00,5.590000152587891
2000-12-27 00:00:00+00:00,5.599999904632568
2000-12-28 00:00:00+00:00,5.699999809265137
2000-12-29 00:00:00+00:00,5.730000019073486
2001-01-02 00:00:00+00:00,5.679999828338623
2001-01-03 00:00:00+00:00,5.53000020980835
2001-01-04 00:00:00+00:00,5.239999771118164
2001-01-05 00:00:00+00:00,4.96999979019165
2001-01-08 00:00:00+00:00,5.050000190734863
2001-01-09 00:00:00+00:00,5.090000152587891
2001-01-10 00:00:00+00:00,5.139999866485596
2001-01-11 00:00:00+00:00,5.159999847412109
2001-01-12 00:00:00+00:00,5.130000114440918
2001-01-16 00:00:00+00:00,5.210000038146973
2001-01-17 00:00:00+00:00,5.21999979019165
2001-01-18 00:00:00+00:00,5.139999866485596
2001-01-19 00:00:00+00:00,5.090000152587891
2001-01-22 00:00:00+00:00,5.099999904632568
2001-01-23 00:00:00+00:00,5.090000152587891
2001-01-24 00:00:00+00:00,5.130000114440918
2001-01-25 00:00:00+00:00,5.119999885559082
2001-01-26 00:00:00+00:00,5.03000020980835
2001-01-29 00:00:00+00:00,4.980000019073486
2001-01-30 00:00:00+00:00,4.880000114440918
2001-01-31 00:00:00+00:00,4.840000152587891
2001-02-01 00:00:00+00:00,4.849999904632568
2001-02-02 00:00:00+00:00,4.920000076293945
2001-02-05 00:00:00+00:00,4.949999809265137
2001-02-06 00:00:00+00:00,4.929999828338623
2001-02-07 00:00:00+00:00,4.929999828338623
2001-02-08 00:00:00+00:00,4.940000057220459
2001-02-09 00:00:00+00:00,4.909999847412109
2001-02-12 00:00:00+00:00,4.920000076293945
2001-02-13 00:00:00+00:00,4.909999847412109
2001-02-14 00:00:00+00:00,4.929999828338623
2001-02-15 00:00:00+00:00,4.940000057220459
2001-02-16 00:00:00+00:00,4.880000114440918
2001-02-20 00:00:00+00:00,4.909999847412109
2001-02-21 00:00:00+00:00,4.880000114440918
2001-02-22 00:00:00+00:00,4.869999885559082
2001-02-23 00:00:00+00:00,4.75
2001-02-26 00:00:00+00:00,4.699999809265137
2001-02-27 00:00:00+00:00,4.679999828338623
2001-02-28 00:00:00+00:00,4.71999979019165
2001-03-01 00:00:00+00:00,4.699999809265137
2001-03-02 00:00:00+00:00,4.710000038146973
2001-03-05 00:00:00+00:00,4.71999979019165
2001-03-06 00:00:00+00:00,4.650000095367432
2001-03-07 00:00:00+00:00,4.559999942779541
2001-03-08 00:00:00+00:00,4.550000190734863
2001-03-09 00:00:00+00:00,4.599999904632568
2001-03-12 00:00:00+00:00,4.539999961853027
2001-03-13 00:00:00+00:00,4.510000228881836
2001-03-14 00:00:00+00:00,4.420000076293945
2001-03-15 00:00:00+00:00,4.380000114440918
2001-03-16 00:00:00+00:00,4.409999847412109
2001-03-19 00:00:00+00:00,4.440000057220459
2001-03-20 00:00:00+00:00,4.380000114440918
2001-03-21 00:00:00+00:00,4.190000057220459
2001-03-22 00:00:00+00:00,4.150000095367432
2001-03-23 00:00:00+00:00,4.170000076293945
2001-03-26 00:00:00+00:00,4.150000095367432
2001-03-27 00:00:00+00:00,4.239999771118164
2001-03-28 00:00:00+00:00,4.230000019073486
2001-03-29 00:00:00+00:00,4.21999979019165
2001-03-30 00:00:00+00:00,4.179999828338623
2001-04-02 00:00:00+00:00,4.150000095367432
2001-04-03 00:00:00+00:00,4.039999961853027
2001-04-04 00:00:00+00:00,4.0
2001-04-05 00:00:00+00:00,3.990000009536743
2001-04-06 00:00:00+00:00,3.8399999141693115
2001-04-09 00:00:00+00:00,3.8299999237060547
2001-04-10 00:00:00+00:00,3.8299999237060547
2001-04-11 00:00:00+00:00,3.9800000190734863
2001-04-12 00:00:00+00:00,3.9000000953674316
2001-04-16 00:00:00+00:00,4.03000020980835
2001-04-17 00:00:00+00:00,4.0
2001-04-18 00:00:00+00:00,3.799999952316284
2001-04-19 00:00:00+00:00,3.759999990463257
2001-04-20 00:00:00+00:00,3.6700000762939453
2001-04-23 00:00:00+00:00,3.630000114440918
2001-04-24 00:00:00+00:00,3.690000057220459
2001-04-25 00:00:00+00:00,3.740000009536743
2001-04-26 00:00:00+00:00,3.7300000190734863
2001-04-27 00:00:00+00:00,3.740000009536743
2001-04-30 00:00:00+00:00,3.8299999237060547
2001-05-01 00:00:00+00:00,3.809999942779541
2001-05-02 00:00:00+00:00,3.7899999618530273
2001-05-03 00:00:00+00:00,3.75
2001-05-04 00:00:00+00:00,3.640000104904175
2001-05-07 00:00:00+00:00,3.619999885559082
2001-05-08 00:00:00+00:00,3.5899999141693115
2001-05-09 00:00:00+00:00,3.630000114440918
2001-05-10 00:00:00+00:00,3.619999885559082
2001-05-11 00:00:00+00:00,3.680000066757202
2001-05-14 00:00:00+00:00,3.609999895095825
2001-05-15 00:00:00+00:00,3.5399999618530273
2001-05-16 00:00:00+00:00,3.4800000190734863
2001-05-17 00:00:00+00:00,3.4800000190734863
2001-05-18 00:00:00+00:00,3.509999990463257
2001-05-21 00:00:00+00:00,3.5399999618530273
2001-05-22 00:00:00+00:00,3.559999942779541
2001-05-23 00:00:00+00:00,3.559999942779541
2001-05-24 00:00:00+00:00,3.5999999046325684
2001-05-25 00:00:00+00:00,3.569999933242798
2001-05-29 00:00:00+00:00,3.5999999046325684
2001-05-30 00:00:00+00:00,3.5899999141693115
2001-05-31 00:00:00+00:00,3.5399999618530273
2001-06-01 00:00:00+00:00,3.5399999618530273
2001-06-04 00:00:00+00:00,3.5899999141693115
2001-06-05 00:00:00+00:00,3.5299999713897705
2001-06-06 00:00:00+00:00,3.5299999713897705
2001-06-07 00:00:00+00:00,3.5199999809265137
2001-06-08 00:00:00+00:00,3.5299999713897705
2001-06-11 00:00:00+00:00,3.509999990463257
2001-06-12 00:00:00+00:00,3.4700000286102295
2001-06-13 00:00:00+00:00,3.4600000381469727
2001-06-14 00:00:00+00:00,3.440000057220459
2001-06-15 00:00:00+00:00,3.430000066757202
2001-06-18 00:00:00+00:00,3.4000000953674316
2001-06-19 00:00:00+00:00,3.4100000858306885
2001-06-20 00:00:00+00:00,3.4100000858306885
2001-06-21 00:00:00+00:00,3.4200000762939453
2001-06-22 00:00:00+00:00,3.359999895095825
2001-06-25 00:00:00+00:00,3.359999895095825
2001-06-26 00:00:00+00:00,3.4100000858306885
2001-06-27 00:00:00+00:00,3.4100000858306885
2001-06-28 00:00:00+00:00,3.549999952316284
2001-06-29 00:00:00+00:00,3.559999942779541
2001-07-02 00:00:00+00:00,3.559999942779541
2001-07-03 00:00:00+00:00,3.569999933242798
2001-07-05 00:00:00+00:00,3.559999942779541
2001-07-06 00:00:00+00:00,3.5199999809265137
2001-07-09 00:00:00+00:00,3.549999952316284
2001-07-10 00:00:00+00:00,3.5299999713897705
2001-07-11 00:00:00+00:00,3.490000009536743
2001-07-12 00:00:00+00:00,3.509999990463257
2001-07-13 00:00:00+00:00,3.5199999809265137
2001-07-16 00:00:00+00:00,3.5399999618530273
2001-07-17 00:00:00+00:00,3.509999990463257
2001-07-18 00:00:00+00:00,3.440000057220459
2001-07-19 00:00:00+00:00,3.450000047683716
2001-07-20 00:00:00+00:00,3.440000057220459
2001-07-23 00:00:00+00:00,3.4600000381469727
2001-07-24 00:00:00+00:00,3.4700000286102295
2001-07-25 00:00:00+00:00,3.4600000381469727
2001-07-26 00:00:00+00:00,3.4800000190734863
2001-07-27 00:00:00+00:00,3.4600000381469727
2001-07-30 00:00:00+00:00,3.4700000286102295
2001-07-31 00:00:00+00:00,3.440000057220459
2001-08-01 00:00:00+00:00,3.430000066757202
2001-08-02 00:00:00+00:00,3.430000066757202
2001-08-03 00:00:00+00:00,3.430000066757202
2001-08-06 00:00:00+00:00,3.430000066757202
2001-08-07 00:00:00+00:00,3.4200000762939453
2001-08-08 00:00:00+00:00,3.4000000953674316
2001-08-09 00:00:00+00:00,3.369999885559082
2001-08-10 00:00:00+00:00,3.3499999046325684
2001-08-13 00:00:00+00:00,3.3499999046325684
2001-08-14 00:00:00+00:00,3.3499999046325684
2001-08-15 00:00:00+00:00,3.3399999141693115
2001-08-16 00:00:00+00:00,3.309999942779541
2001-08-17 00:00:00+00:00,3.2899999618530273
2001-08-20 00:00:00+00:00,3.3399999141693115
2001-08-21 00:00:00+00:00,3.299999952316284
2001-08-22 00:00:00+00:00,3.299999952316284
2001-08-23 00:00:00+00:00,3.309999942779541
2001-08-24 00:00:00+00:00,3.3299999237060547
2001-08-27 00:00:00+00:00,3.3499999046325684
2001-08-28 00:00:00+00:00,3.3299999237060547
2001-08-29 00:00:00+00:00,3.3299999237060547
2001-08-30 00:00:00+00:00,3.2799999713897705
2001-08-31 00:00:00+00:00,3.2799999713897705
2001-09-04 00:00:00+00:00,3.359999895095825
2001-09-05 00:00:00+00:00,3.319999933242798
2001-09-06 00:00:00+00:00,3.2699999809265137
2001-09-07 00:00:00+00:00,3.180000066757202
2001-09-10 00:00:00+00:00,3.180000066757202
2001-09-17 00:00:00+00:00,2.609999895095825
2001-09-18 00:00:00+00:00,2.450000047683716
2001-09-19 00:00:00+00:00,2.4100000858306885
2001-09-20 00:00:00+00:00,2.2100000381469727
2001-09-21 00:00:00+00:00,2.200000047683716
2001-09-24 00:00:00+00:00,2.319999933242798
2001-09-25 00:00:00+00:00,2.3399999141693115
2001-09-26 00:00:00+00:00,2.3399999141693115
2001-09-27 00:00:00+00:00,2.3299999237060547
2001-09-28 00:00:00+00:00,2.299999952316284
2001-10-01 00:00:00+00:00,2.299999952316284
2001-10-02 00:00:00+00:00,2.2699999809265137
2001-10-03 00:00:00+00:00,2.180000066757202
2001-10-04 00:00:00+00:00,2.1700000762939453
2001-10-05 00:00:00+00:00,2.1500000953674316
2001-10-08 00:00:00+00:00,2.1500000953674316
2001-10-09 00:00:00+00:00,2.1700000762939453
2001-10-10 00:00:00+00:00,2.180000066757202
2001-10-11 00:00:00+00:00,2.2200000286102295
2001-10-12 00:00:00+00:00,2.190000057220459
2001-10-15 00:00:00+00:00,2.2100000381469727
2001-10-16 00:00:00+00:00,2.1600000858306885
2001-10-17 00:00:00+00:00,2.1700000762939453
2001-10-18 00:00:00+00:00,2.1500000953674316
2001-10-19 00:00:00+00:00,2.1500000953674316
2001-10-22 00:00:00+00:00,2.180000066757202
2001-10-23 00:00:00+00:00,2.1500000953674316
2001-10-24 00:00:00+00:00,2.119999885559082
2001-10-25 00:00:00+00:00,2.0999999046325684
2001-10-26 00:00:00+00:00,2.0999999046325684
2001-10-29 00:00:00+00:00,2.059999942779541
2001-10-30 00:00:00+00:00,1.9900000095367432
2001-10-31 00:00:00+00:00,2.009999990463257
2001-11-01 00:00:00+00:00,2.009999990463257
2001-11-02 00:00:00+00:00,1.9500000476837158
2001-11-05 00:00:00+00:00,1.9700000286102295
2001-11-06 00:00:00+00:00,1.8200000524520874
2001-11-07 00:00:00+00:00,1.7599999904632568
2001-11-08 00:00:00+00:00,1.809999942779541
2001-11-09 00:00:00+00:00,1.7999999523162842
2001-11-12 00:00:00+00:00,1.7999999523162842
2001-11-13 00:00:00+00:00,1.7999999523162842
2001-11-14 00:00:00+00:00,1.840000033378601
2001-11-15 00:00:00+00:00,1.8700000047683716
2001-11-16 00:00:00+00:00,1.8899999856948853
2001-11-19 00:00:00+00:00,1.899999976158142
2001-11-20 00:00:00+00:00,1.899999976158142
2001-11-21 00:00:00+00:00,1.909999966621399
2001-11-23 00:00:00+00:00,1.9299999475479126
2001-11-26 00:00:00+00:00,1.940000057220459
2001-11-27 00:00:00+00:00,1.8600000143051147
2001-11-28 00:00:00+00:00,1.8300000429153442
2001-11-29 00:00:00+00:00,1.7599999904632568
2001-11-30 00:00:00+00:00,1.7300000190734863
2001-12-03 00:00:00+00:00,1.7400000095367432
2001-12-04 00:00:00+00:00,1.7100000381469727
2001-12-05 00:00:00+00:00,1.7300000190734863
2001-12-06 00:00:00+00:00,1.7100000381469727
2001-12-07 00:00:00+00:00,1.649999976158142
2001-12-10 00:00:00+00:00,1.6799999475479126
2001-12-11 00:00:00+00:00,1.6100000143051147
2001-12-12 00:00:00+00:00,1.6399999856948853
2001-12-13 00:00:00+00:00,1.659999966621399
2001-12-14 00:00:00+00:00,1.6799999475479126
2001-12-17 00:00:00+00:00,1.7100000381469727
2001-12-18 00:00:00+00:00,1.6799999475479126
2001-12-19 00:00:00+00:00,1.6699999570846558
2001-12-20 00:00:00+00:00,1.6399999856948853
2001-12-21 00:00:00+00:00,1.659999966621399
2001-12-24 00:00:00+00:00,1.690000057220459
2001-12-26 00:00:00+00:00,1.7100000381469727
2001-12-27 00:00:00+00:00,1.7000000476837158
2001-12-28 00:00:00+00:00,1.6799999475479126
2001-12-31 00:00:00+00:00,1.6699999570846558
2002-01-02 00:00:00+00:00,1.7000000476837158
2002-01-03 00:00:00+00:00,1.690000057220459
2002-01-04 00:00:00+00:00,1.6799999475479126
2002-01-07 00:00:00+00:00,1.659999966621399
2002-01-08 00:00:00+00:00,1.649999976158142
2002-01-09 00:00:00+00:00,1.649999976158142
2002-01-10 00:00:00+00:00,1.649999976158142
2002-01-11 00:00:00+00:00,1.590000033378601
2002-01-14 00:00:00+00:00,1.5399999618530273
2002-01-15 00:00:00+00:00,1.559999942779541
2002-01-16 00:00:00+00:00,1.5700000524520874
2002-01-17 00:00:00+00:00,1.600000023841858
2002-01-18 00:00:00+00:00,1.5800000429153442
2002-01-22 00:00:00+00:00,1.6399999856948853
2002-01-23 00:00:00+00:00,1.6699999570846558
2002-01-24 00:00:00+00:00,1.6699999570846558
2002-01-25 00:00:00+00:00,1.6799999475479126
2002-01-28 00:00:00+00:00,1.690000057220459
2002-01-29 00:00:00+00:00,1.7000000476837158
2002-01-30 00:00:00+00:00,1.690000057220459
2002-01-31 00:00:00+00:00,1.7200000286102295
2002-02-01 00:00:00+00:00,1.7100000381469727
2002-02-04 00:00:00+00:00,1.7200000286102295
2002-02-05 00:00:00+00:00,1.7200000286102295
2002-02-06 00:00:00+00:00,1.7000000476837158
2002-02-07 00:00:00+00:00,1.690000057220459
2002-02-08 00:00:00+00:00,1.6699999570846558
2002-02-11 00:00:00+00:00,1.7000000476837158
2002-02-12 00:00:00+00:00,1.7100000381469727
2002-02-13 00:00:00+00:00,1.7100000381469727
2002-02-14 00:00:00+00:00,1.7100000381469727
2002-02-15 00:00:00+00:00,1.7000000476837158
2002-02-19 00:00:00+00:00,1.7000000476837158
2002-02-20 00:00:00+00:00,1.7200000286102295
2002-02-21 00:00:00+00:00,1.7200000286102295
2002-02-22 00:00:00+00:00,1.7200000286102295
2002-02-25 00:00:00+00:00,1.7300000190734863
2002-02-26 00:00:00+00:00,1.7300000190734863
2002-02-27 00:00:00+00:00,1.7300000190734863
2002-02-28 00:00:00+00:00,1.7200000286102295
2002-03-01 00:00:00+00:00,1.75
2002-03-04 00:00:00+00:00,1.75
2002-03-05 00:00:00+00:00,1.75
2002-03-06 00:00:00+00:00,1.7400000095367432
2002-03-07 00:00:00+00:00,1.75
2002-03-08 00:00:00+00:00,1.7699999809265137
2002-03-11 00:00:00+00:00,1.7899999618530273
2002-03-12 00:00:00+00:00,1.7999999523162842
2002-03-13 00:00:00+00:00,1.7899999618530273
2002-03-14 00:00:00+00:00,1.809999942779541
2002-03-15 00:00:00+00:00,1.8200000524520874
2002-03-18 00:00:00+00:00,1.8200000524520874
2002-03-19 00:00:00+00:00,1.7999999523162842
2002-03-20 00:00:00+00:00,1.809999942779541
2002-03-21 00:00:00+00:00,1.809999942779541
2002-03-22 00:00:00+00:00,1.7999999523162842
2002-03-25 00:00:00+00:00,1.7799999713897705
2002-03-26 00:00:00+00:00,1.7899999618530273
2002-03-27 00:00:00+00:00,1.7799999713897705
2002-03-28 00:00:00+00:00,1.7400000095367432
2002-04-01 00:00:00+00:00,1.7599999904632568
2002-04-02 00:00:00+00:00,1.7599999904632568
2002-04-03 00:00:00+00:00,1.75
2002-04-04 00:00:00+00:00,1.7400000095367432
2002-04-05 00:00:00+00:00,1.7200000286102295
2002-04-08 00:00:00+00:00,1.7100000381469727
2002-04-09 00:00:00+00:00,1.690000057220459
2002-04-10 00:00:00+00:00,1.6699999570846558
2002-04-11 00:00:00+00:00,1.6699999570846558
2002-04-12 00:00:00+00:00,1.6699999570846558
2002-04-15 00:00:00+00:00,1.6699999570846558
2002-04-16 00:00:00+00:00,1.7000000476837158
2002-04-17 00:00:00+00:00,1.690000057220459
2002-04-18 00:00:00+00:00,1.6699999570846558
2002-04-19 00:00:00+00:00,1.7000000476837158
2002-04-22 00:00:00+00:00,1.6799999475479126
2002-04-23 00:00:00+00:00,1.7000000476837158
2002-04-24 00:00:00+00:00,1.6799999475479126
2002-04-25 00:00:00+00:00,1.7000000476837158
2002-04-26 00:00:00+00:00,1.7000000476837158
2002-04-29 00:00:00+00:00,1.7200000286102295
2002-04-30 00:00:00+00:00,1.7300000190734863
2002-05-01 00:00:00+00:00,1.7200000286102295
2002-05-02 00:00:00+00:00,1.7300000190734863
2002-05-03 00:00:00+00:00,1.7200000286102295
2002-05-06 00:00:00+00:00,1.7300000190734863
2002-05-07 00:00:00+00:00,1.7100000381469727
2002-05-08 00:00:00+00:00,1.7300000190734863
2002-05-09 00:00:00+00:00,1.7300000190734863
2002-05-10 00:00:00+00:00,1.7300000190734863
2002-05-13 00:00:00+00:00,1.7300000190734863
2002-05-14 00:00:00+00:00,1.7400000095367432
2002-05-15 00:00:00+00:00,1.7300000190734863
2002-05-16 00:00:00+00:00,1.7400000095367432
2002-05-17 00:00:00+00:00,1.7200000286102295
2002-05-20 00:00:00+00:00,1.7100000381469727
2002-05-21 00:00:00+00:00,1.7009999752044678
2002-05-22 00:00:00+00:00,1.6970000267028809
2002-05-23 00:00:00+00:00,1.7039999961853027
2002-05-24 00:00:00+00:00,1.7070000171661377
2002-05-28 00:00:00+00:00,1.722000002861023
2002-05-29 00:00:00+00:00,1.7170000076293945
2002-05-30 00:00:00+00:00,1.7130000591278076
2002-05-31 00:00:00+00:00,1.7050000429153442
2002-06-03 00:00:00+00:00,1.715000033378601
2002-06-04 00:00:00+00:00,1.715000033378601
2002-06-05 00:00:00+00:00,1.718000054359436
2002-06-06 00:00:00+00:00,1.7050000429153442
2002-06-07 00:00:00+00:00,1.7070000171661377
2002-06-10 00:00:00+00:00,1.7109999656677246
2002-06-11 00:00:00+00:00,1.7139999866485596
2002-06-12 00:00:00+00:00,1.7020000219345093
2002-06-13 00:00:00+00:00,1.684999942779541
2002-06-14 00:00:00+00:00,1.6749999523162842
2002-06-17 00:00:00+00:00,1.690000057220459
2002-06-18 00:00:00+00:00,1.6920000314712524
2002-06-19 00:00:00+00:00,1.6699999570846558
2002-06-20 00:00:00+00:00,1.690000057220459
2002-06-21 00:00:00+00:00,1.6779999732971191
2002-06-24 00:00:00+00:00,1.6920000314712524
2002-06-25 00:00:00+00:00,1.690000057220459
2002-06-26 00:00:00+00:00,1.6619999408721924
2002-06-27 00:00:00+00:00,1.659999966621399
2002-06-28 00:00:00+00:00,1.659000039100647
2002-07-01 00:00:00+00:00,1.6770000457763672
2002-07-02 00:00:00+00:00,1.6820000410079956
2002-07-03 00:00:00+00:00,1.6820000410079956
2002-07-05 00:00:00+00:00,1.684999942779541
2002-07-08 00:00:00+00:00,1.690000057220459
2002-07-09 00:00:00+00:00,1.6829999685287476
2002-07-10 00:00:00+00:00,1.687000036239624
2002-07-11 00:00:00+00:00,1.6820000410079956
2002-07-12 00:00:00+00:00,1.6720000505447388
2002-07-15 00:00:00+00:00,1.6749999523162842
2002-07-16 00:00:00+00:00,1.6749999523162842
2002-07-17 00:00:00+00:00,1.690000057220459
2002-07-18 00:00:00+00:00,1.690000057220459
2002-07-19 00:00:00+00:00,1.6720000505447388
2002-07-22 00:00:00+00:00,1.6699999570846558
2002-07-23 00:00:00+00:00,1.6619999408721924
2002-07-24 00:00:00+00:00,1.6430000066757202
2002-07-25 00:00:00+00:00,1.659999966621399
2002-07-26 00:00:00+00:00,1.6469999551773071
2002-07-29 00:00:00+00:00,1.6770000457763672
2002-07-30 00:00:00+00:00,1.6820000410079956
2002-07-31 00:00:00+00:00,1.6649999618530273
2002-08-01 00:00:00+00:00,1.6419999599456787
2002-08-02 00:00:00+00:00,1.5920000076293945
2002-08-05 00:00:00+00:00,1.6019999980926514
2002-08-06 00:00:00+00:00,1.6119999885559082
2002-08-07 00:00:00+00:00,1.5579999685287476
2002-08-08 00:00:00+00:00,1.5779999494552612
2002-08-09 00:00:00+00:00,1.5750000476837158
2002-08-12 00:00:00+00:00,1.6330000162124634
2002-08-13 00:00:00+00:00,1.597000002861023
2002-08-14 00:00:00+00:00,1.6019999980926514
2002-08-15 00:00:00+00:00,1.5820000171661377
2002-08-16 00:00:00+00:00,1.5850000381469727
2002-08-19 00:00:00+00:00,1.625
2002-08-20 00:00:00+00:00,1.5750000476837158
2002-08-21 00:00:00+00:00,1.5950000286102295
2002-08-22 00:00:00+00:00,1.6109999418258667
2002-08-23 00:00:00+00:00,1.6169999837875366
2002-08-26 00:00:00+00:00,1.625
2002-08-27 00:00:00+00:00,1.6419999599456787
2002-08-28 00:00:00+00:00,1.6369999647140503
2002-08-29 00:00:00+00:00,1.6399999856948853
2002-08-30 00:00:00+00:00,1.6449999809265137
2002-09-03 00:00:00+00:00,1.6050000190734863
2002-09-04 00:00:00+00:00,1.5920000076293945
2002-09-05 00:00:00+00:00,1.5770000219345093
2002-09-06 00:00:00+00:00,1.621999979019165
2002-09-09 00:00:00+00:00,1.6369999647140503
2002-09-10 00:00:00+00:00,1.63100004196167
2002-09-11 00:00:00+00:00,1.6549999713897705
2002-09-12 00:00:00+00:00,1.6519999504089355
2002-09-13 00:00:00+00:00,1.649999976158142
2002-09-16 00:00:00+00:00,1.656999945640564
2002-09-17 00:00:00+00:00,1.656999945640564
2002-09-18 00:00:00+00:00,1.6419999599456787
2002-09-19 00:00:00+00:00,1.6169999837875366
2002-09-20 00:00:00+00:00,1.6119999885559082
2002-09-23 00:00:00+00:00,1.6169999837875366
2002-09-24 00:00:00+00:00,1.6139999628067017
2002-09-25 00:00:00+00:00,1.621999979019165
2002-09-26 00:00:00+00:00,1.6169999837875366
2002-09-27 00:00:00+00:00,1.597000002861023
2002-09-30 00:00:00+00:00,1.5269999504089355
2002-10-01 00:00:00+00:00,1.5520000457763672
2002-10-02 00:00:00+00:00,1.5399999618530273
2002-10-03 00:00:00+00:00,1.5299999713897705
2002-10-04 00:00:00+00:00,1.5670000314712524
2002-10-07 00:00:00+00:00,1.5820000171661377
2002-10-08 00:00:00+00:00,1.5720000267028809
2002-10-09 00:00:00+00:00,1.527999997138977
2002-10-10 00:00:00+00:00,1.5379999876022339
2002-10-11 00:00:00+00:00,1.5460000038146973
2002-10-14 00:00:00+00:00,1.5449999570846558
2002-10-15 00:00:00+00:00,1.625
2002-10-16 00:00:00+00:00,1.6200000047683716
2002-10-17 00:00:00+00:00,1.6269999742507935
2002-10-18 00:00:00+00:00,1.6319999694824219
2002-10-21 00:00:00+00:00,1.6619999408721924
2002-10-22 00:00:00+00:00,1.656999945640564
2002-10-23 00:00:00+00:00,1.6419999599456787
2002-10-24 00:00:00+00:00,1.621999979019165
2002-10-25 00:00:00+00:00,1.6019999980926514
2002-10-28 00:00:00+00:00,1.5520000457763672
2002-10-29 00:00:00+00:00,1.472000002861023
2002-10-30 00:00:00+00:00,1.468000054359436
2002-10-31 00:00:00+00:00,1.4170000553131104
2002-11-01 00:00:00+00:00,1.3969999551773071
2002-11-04 00:00:00+00:00,1.406999945640564
2002-11-05 00:00:00+00:00,1.3949999809265137
2002-11-06 00:00:00+00:00,1.2070000171661377
2002-11-07 00:00:00+00:00,1.1950000524520874
2002-11-08 00:00:00+00:00,1.1970000267028809
2002-11-11 00:00:00+00:00,1.1970000267028809
2002-11-12 00:00:00+00:00,1.190000057220459
2002-11-13 00:00:00+00:00,1.187000036239624
2002-11-14 00:00:00+00:00,1.190999984741211
2002-11-15 00:00:00+00:00,1.1970000267028809
2002-11-18 00:00:00+00:00,1.2020000219345093
2002-11-19 00:00:00+00:00,1.190000057220459
2002-11-20 00:00:00+00:00,1.1959999799728394
2002-11-21 00:00:00+00:00,1.1970000267028809
2002-11-22 00:00:00+00:00,1.1979999542236328
2002-11-25 00:00:00+00:00,1.2020000219345093
2002-11-26 00:00:00+00:00,1.2020000219345093
2002-11-27 00:00:00+00:00,1.2070000171661377
2002-11-29 00:00:00+00:00,1.2020000219345093
2002-12-02 00:00:00+00:00,1.2050000429153442
2002-12-03 00:00:00+00:00,1.2000000476837158
2002-12-04 00:00:00+00:00,1.1970000267028809
2002-12-05 00:00:00+00:00,1.187000036239624
2002-12-06 00:00:00+00:00,1.1829999685287476
2002-12-09 00:00:00+00:00,1.1970000267028809
2002-12-10 00:00:00+00:00,1.1920000314712524
2002-12-11 00:00:00+00:00,1.1820000410079956
2002-12-12 00:00:00+00:00,1.184999942779541
2002-12-13 00:00:00+00:00,1.187000036239624
2002-12-16 00:00:00+00:00,1.2020000219345093
2002-12-17 00:00:00+00:00,1.1920000314712524
2002-12-18 00:00:00+00:00,1.1820000410079956
2002-12-19 00:00:00+00:00,1.1770000457763672
2002-12-20 00:00:00+00:00,1.1770000457763672
2002-12-23 00:00:00+00:00,1.1619999408721924
2002-12-24 00:00:00+00:00,1.1649999618530273
2002-12-26 00:00:00+00:00,1.1549999713897705
2002-12-27 00:00:00+00:00,1.1349999904632568
2002-12-30 00:00:00+00:00,1.1649999618530273
2002-12-31 00:00:00+00:00,1.1820000410079956
2003-01-02 00:00:00+00:00,1.190000057220459
2003-01-03 00:00:00+00:00,1.1920000314712524
2003-01-06 00:00:00+00:00,1.1820000410079956
2003-01-07 00:00:00+00:00,1.1720000505447388
2003-01-08 00:00:00+00:00,1.1670000553131104
2003-01-09 00:00:00+00:00,1.1770000457763672
2003-01-10 00:00:00+00:00,1.1720000505447388
2003-01-13 00:00:00+00:00,1.1720000505447388
2003-01-14 00:00:00+00:00,1.1720000505447388
2003-01-15 00:00:00+00:00,1.1670000553131104
2003-01-16 00:00:00+00:00,1.1649999618530273
2003-01-17 00:00:00+00:00,1.1519999504089355
2003-01-21 00:00:00+00:00,1.1519999504089355
2003-01-22 00:00:00+00:00,1.1419999599456787
2003-01-23 00:00:00+00:00,1.1419999599456787
2003-01-24 00:00:00+00:00,1.1269999742507935
2003-01-27 00:00:00+00:00,1.1419999599456787
2003-01-28 00:00:00+00:00,1.149999976158142
2003-01-29 00:00:00+00:00,1.1519999504089355
2003-01-30 00:00:00+00:00,1.1519999504089355
2003-01-31 00:00:00+00:00,1.1480000019073486
2003-02-03 00:00:00+00:00,1.1519999504089355
2003-02-04 00:00:00+00:00,1.1469999551773071
2003-02-05 00:00:00+00:00,1.1469999551773071
2003-02-06 00:00:00+00:00,1.1419999599456787
2003-02-07 00:00:00+00:00,1.1369999647140503
2003-02-10 00:00:00+00:00,1.149999976158142
2003-02-11 00:00:00+00:00,1.1519999504089355
2003-02-12 00:00:00+00:00,1.149999976158142
2003-02-13 00:00:00+00:00,1.1469999551773071
2003-02-14 00:00:00+00:00,1.1510000228881836
2003-02-18 00:00:00+00:00,1.1549999713897705
2003-02-19 00:00:00+00:00,1.156999945640564
2003-02-20 00:00:00+00:00,1.156999945640564
2003-02-21 00:00:00+00:00,1.1670000553131104
2003-02-24 00:00:00+00:00,1.1720000505447388
2003-02-25 00:00:00+00:00,1.1749999523162842
2003-02-26 00:00:00+00:00,1.1820000410079956
2003-02-27 00:00:00+00:00,1.1820000410079956
2003-02-28 00:00:00+00:00,1.1749999523162842
2003-03-03 00:00:00+00:00,1.1720000505447388
2003-03-04 00:00:00+00:00,1.1649999618530273
2003-03-05 00:00:00+00:00,1.1519999504089355
2003-03-06 00:00:00+00:00,1.1469999551773071
2003-03-07 00:00:00+00:00,1.097000002861023
2003-03-10 00:00:00+00:00,1.059999942779541
2003-03-11 00:00:00+00:00,1.062000036239624
2003-03-12 00:00:00+00:00,1.0670000314712524
2003-03-13 00:00:00+00:00,1.1019999980926514
2003-03-14 00:00:00+00:00,1.1030000448226929
2003-03-17 00:00:00+00:00,1.1169999837875366
2003-03-18 00:00:00+00:00,1.125
2003-03-19 00:00:00+00:00,1.1349999904632568
2003-03-20 00:00:00+00:00,1.1369999647140503
2003-03-21 00:00:00+00:00,1.156999945640564
2003-03-24 00:00:00+00:00,1.1549999713897705
2003-03-25 00:00:00+00:00,1.1519999504089355
2003-03-26 00:00:00+00:00,1.1490000486373901
2003-03-27 00:00:00+00:00,1.1319999694824219
2003-03-28 00:00:00+00:00,1.1109999418258667
2003-03-31 00:00:00+00:00,1.090000033378601
2003-04-01 00:00:00+00:00,1.0950000286102295
2003-04-02 00:00:00+00:00,1.1019999980926514
2003-04-03 00:00:00+00:00,1.0870000123977661
2003-04-04 00:00:00+00:00,1.0820000171661377
2003-04-07 00:00:00+00:00,1.1319999694824219
2003-04-08 00:00:00+00:00,1.1269999742507935
2003-04-09 00:00:00+00:00,1.1100000143051147
2003-04-10 00:00:00+00:00,1.1169999837875366
2003-04-11 00:00:00+00:00,1.1469999551773071
2003-04-14 00:00:00+00:00,1.156999945640564
2003-04-15 00:00:00+00:00,1.159999966621399
2003-04-16 00:00:00+00:00,1.1469999551773071
2003-04-17 00:00:00+00:00,1.1469999551773071
2003-04-21 00:00:00+00:00,1.1519999504089355
2003-04-22 00:00:00+00:00,1.1519999504089355
2003-04-23 00:00:00+00:00,1.1469999551773071
2003-04-24 00:00:00+00:00,1.128999948501587
2003-04-25 00:00:00+00:00,1.1169999837875366
2003-04-28 00:00:00+00:00,1.1119999885559082
2003-04-29 00:00:00+00:00,1.1169999837875366
2003-04-30 00:00:00+00:00,1.1009999513626099
2003-05-01 00:00:00+00:00,1.0770000219345093
2003-05-02 00:00:00+00:00,1.0959999561309814
2003-05-05 00:00:00+00:00,1.0920000076293945
2003-05-06 00:00:00+00:00,1.0800000429153442
2003-05-07 00:00:00+00:00,1.0870000123977661
2003-05-08 00:00:00+00:00,1.0670000314712524
2003-05-09 00:00:00+00:00,1.0820000171661377
2003-05-12 00:00:00+00:00,1.0670000314712524
2003-05-13 00:00:00+00:00,1.062000036239624
2003-05-14 00:00:00+00:00,1.0369999408721924
2003-05-15 00:00:00+00:00,1.0299999713897705
2003-05-16 00:00:00+00:00,1.0219999551773071
2003-05-19 00:00:00+00:00,1.0169999599456787
2003-05-20 00:00:00+00:00,1.0
2003-05-21 00:00:00+00:00,1.0470000505447388
2003-05-22 00:00:00+00:00,1.0499999523162842
2003-05-23 00:00:00+00:00,1.0549999475479126
2003-05-27 00:00:00+00:00,1.062999963760376
2003-05-28 00:00:00+00:00,1.0870000123977661
2003-05-29 00:00:00+00:00,1.0750000476837158
2003-05-30 00:00:00+00:00,1.0850000381469727
2003-06-02 00:00:00+00:00,1.1019999980926514
2003-06-03 00:00:00+00:00,1.062000036239624
2003-06-04 00:00:00+00:00,1.0219999551773071
2003-06-05 00:00:00+00:00,1.0169999599456787
2003-06-06 00:00:00+00:00,1.0269999504089355
2003-06-09 00:00:00+00:00,1.0069999694824219
2003-06-10 00:00:00+00:00,0.9570000171661377
2003-06-11 00:00:00+00:00,0.9100000262260437
2003-06-12 00:00:00+00:00,0.8920000195503235
2003-06-13 00:00:00+00:00,0.8330000042915344
2003-06-16 00:00:00+00:00,0.8370000123977661
2003-06-17 00:00:00+00:00,0.8669999837875366
2003-06-18 00:00:00+00:00,0.8619999885559082
2003-06-19 00:00:00+00:00,0.7919999957084656
2003-06-20 00:00:00+00:00,0.8069999814033508
2003-06-23 00:00:00+00:00,0.8199999928474426
2003-06-24 00:00:00+00:00,0.800000011920929
2003-06-25 00:00:00+00:00,0.8970000147819519
2003-06-26 00:00:00+00:00,0.875
2003-06-27 00:00:00+00:00,0.8420000076293945
2003-06-30 00:00:00+00:00,0.8379999995231628
2003-07-01 00:00:00+00:00,0.8679999709129333
2003-07-02 00:00:00+00:00,0.847000002861023
2003-07-03 00:00:00+00:00,0.8420000076293945
2003-07-07 00:00:00+00:00,0.8619999885559082
2003-07-08 00:00:00+00:00,0.8849999904632568
2003-07-09 00:00:00+00:00,0.8700000047683716
2003-07-10 00:00:00+00:00,0.8629999756813049
2003-07-11 00:00:00+00:00,0.8659999966621399
2003-07-14 00:00:00+00:00,0.8669999837875366
2003-07-15 00:00:00+00:00,0.8880000114440918
2003-07-16 00:00:00+00:00,0.8820000290870667
2003-07-17 00:00:00+00:00,0.8709999918937683
2003-07-18 00:00:00+00:00,0.8769999742507935
2003-07-21 00:00:00+00:00,0.8870000243186951
2003-07-22 00:00:00+00:00,0.9020000100135803
2003-07-23 00:00:00+00:00,0.8920000195503235
2003-07-24 00:00:00+00:00,0.9010000228881836
2003-07-25 00:00:00+00:00,0.9020000100135803
2003-07-28 00:00:00+00:00,0.9369999766349792
2003-07-29 00:00:00+00:00,0.9570000171661377
2003-07-30 00:00:00+00:00,0.9470000267028809
2003-07-31 00:00:00+00:00,0.9269999861717224
2003-08-01 00:00:00+00:00,0.9179999828338623
2003-08-04 00:00:00+00:00,0.9369999766349792
2003-08-05 00:00:00+00:00,0.9350000023841858
2003-08-06 00:00:00+00:00,0.921999990940094
2003-08-07 00:00:00+00:00,0.9200000166893005
2003-08-08 00:00:00+00:00,0.9269999861717224
2003-08-11 00:00:00+00:00,0.9259999990463257
2003-08-12 00:00:00+00:00,0.9269999861717224
2003-08-13 00:00:00+00:00,0.9269999861717224
2003-08-14 00:00:00+00:00,0.9350000023841858
2003-08-15 00:00:00+00:00,0.9269999861717224
2003-08-18 00:00:00+00:00,0.9369999766349792
2003-08-19 00:00:00+00:00,0.9369999766349792
2003-08-20 00:00:00+00:00,0.9369999766349792
2003-08-21 00:00:00+00:00,0.9459999799728394
2003-08-22 00:00:00+00:00,0.9509999752044678
2003-08-25 00:00:00+00:00,0.972000002861023
2003-08-26 00:00:00+00:00,0.9769999980926514
2003-08-27 00:00:00+00:00,0.9769999980926514
2003-08-28 00:00:00+00:00,0.9620000123977661
2003-08-29 00:00:00+00:00,0.9599999785423279
2003-09-02 00:00:00+00:00,0.9520000219345093
2003-09-03 00:00:00+00:00,0.9520000219345093
2003-09-04 00:00:00+00:00,0.9419999718666077
2003-09-05 00:00:00+00:00,0.9269999861717224
2003-09-08 00:00:00+00:00,0.9319999814033508
2003-09-09 00:00:00+00:00,0.9319999814033508
2003-09-10 00:00:00+00:00,0.9319999814033508
2003-09-11 00:00:00+00:00,0.9319999814033508
2003-09-12 00:00:00+00:00,0.9319999814033508
2003-09-15 00:00:00+00:00,0.9259999990463257
2003-09-16 00:00:00+00:00,0.9269999861717224
2003-09-17 00:00:00+00:00,0.9269999861717224
2003-09-18 00:00:00+00:00,0.9319999814033508
2003-09-19 00:00:00+00:00,0.9269999861717224
2003-09-22 00:00:00+00:00,0.921999990940094
2003-09-23 00:00:00+00:00,0.925000011920929
2003-09-24 00:00:00+00:00,0.9169999957084656
2003-09-25 00:00:00+00:00,0.9169999957084656
2003-09-26 00:00:00+00:00,0.9169999957084656
2003-09-29 00:00:00+00:00,0.9210000038146973
2003-09-30 00:00:00+00:00,0.9259999990463257
2003-10-01 00:00:00+00:00,0.9100000262260437
2003-10-02 00:00:00+00:00,0.9120000004768372
2003-10-03 00:00:00+00:00,0.9120000004768372
2003-10-06 00:00:00+00:00,0.9049999713897705
2003-10-07 00:00:00+00:00,0.9020000100135803
2003-10-08 00:00:00+00:00,0.8769999742507935
2003-10-09 00:00:00+00:00,0.8799999952316284
2003-10-10 00:00:00+00:00,0.8870000243186951
2003-10-13 00:00:00+00:00,0.8870000243186951
2003-10-14 00:00:00+00:00,0.8870000243186951
2003-10-15 00:00:00+00:00,0.902999997138977
2003-10-16 00:00:00+00:00,0.9020000100135803
2003-10-17 00:00:00+00:00,0.9070000052452087
2003-10-20 00:00:00+00:00,0.9120000004768372
2003-10-21 00:00:00+00:00,0.9359999895095825
2003-10-22 00:00:00+00:00,0.9319999814033508
2003-10-23 00:00:00+00:00,0.9300000071525574
2003-10-24 00:00:00+00:00,0.9269999861717224
2003-10-27 00:00:00+00:00,0.9409999847412109
2003-10-28 00:00:00+00:00,0.9449999928474426
2003-10-29 00:00:00+00:00,0.9369999766349792
2003-10-30 00:00:00+00:00,0.9319999814033508
2003-10-31 00:00:00+00:00,0.9319999814033508
2003-11-03 00:00:00+00:00,0.9210000038146973
2003-11-04 00:00:00+00:00,0.9279999732971191
2003-11-05 00:00:00+00:00,0.9330000281333923
2003-11-06 00:00:00+00:00,0.9269999861717224
2003-11-07 00:00:00+00:00,0.9319999814033508
2003-11-10 00:00:00+00:00,0.921999990940094
2003-11-12 00:00:00+00:00,0.9279999732971191
2003-11-13 00:00:00+00:00,0.9269999861717224
2003-11-14 00:00:00+00:00,0.9269999861717224
2003-11-17 00:00:00+00:00,0.9279999732971191
2003-11-18 00:00:00+00:00,0.9359999895095825
2003-11-19 00:00:00+00:00,0.9269999861717224
2003-11-20 00:00:00+00:00,0.921999990940094
2003-11-21 00:00:00+00:00,0.9120000004768372
2003-11-24 00:00:00+00:00,0.9169999957084656
2003-11-25 00:00:00+00:00,0.9200000166893005
2003-11-26 00:00:00+00:00,0.9120000004768372
2003-11-28 00:00:00+00:00,0.9079999923706055
2003-12-01 00:00:00+00:00,0.8970000147819519
2003-12-02 00:00:00+00:00,0.9169999957084656
2003-12-03 00:00:00+00:00,0.9120000004768372
2003-12-04 00:00:00+00:00,0.9010000228881836
2003-12-05 00:00:00+00:00,0.8949999809265137
2003-12-08 00:00:00+00:00,0.8920000195503235
2003-12-09 00:00:00+00:00,0.8920000195503235
2003-12-10 00:00:00+00:00,0.8870000243186951
2003-12-11 00:00:00+00:00,0.871999979019165
2003-12-12 00:00:00+00:00,0.8769999742507935
2003-12-15 00:00:00+00:00,0.8799999952316284
2003-12-16 00:00:00+00:00,0.878000020980835
2003-12-17 00:00:00+00:00,0.871999979019165
2003-12-18 00:00:00+00:00,0.8629999756813049
2003-12-19 00:00:00+00:00,0.8579999804496765
2003-12-22 00:00:00+00:00,0.8610000014305115
2003-12-23 00:00:00+00:00,0.8820000290870667
2003-12-24 00:00:00+00:00,0.871999979019165
2003-12-26 00:00:00+00:00,0.847000002861023
2003-12-29 00:00:00+00:00,0.8569999933242798
2003-12-30 00:00:00+00:00,0.9120000004768372
2003-12-31 00:00:00+00:00,0.9070000052452087
2004-01-02 00:00:00+00:00,0.9020000100135803
2004-01-05 00:00:00+00:00,0.9020000100135803
2004-01-06 00:00:00+00:00,0.9010000228881836
2004-01-07 00:00:00+00:00,0.8859999775886536
2004-01-08 00:00:00+00:00,0.847000002861023
2004-01-09 00:00:00+00:00,0.8420000076293945
2004-01-12 00:00:00+00:00,0.847000002861023
2004-01-13 00:00:00+00:00,0.8619999885559082
2004-01-14 00:00:00+00:00,0.8579999804496765
2004-01-15 00:00:00+00:00,0.8519999980926514
2004-01-16 00:00:00+00:00,0.8619999885559082
2004-01-20 00:00:00+00:00,0.8569999933242798
2004-01-21 00:00:00+00:00,0.8669999837875366
2004-01-22 00:00:00+00:00,0.8519999980926514
2004-01-23 00:00:00+00:00,0.8669999837875366
2004-01-26 00:00:00+00:00,0.8820000290870667
2004-01-27 00:00:00+00:00,0.8970000147819519
2004-01-28 00:00:00+00:00,0.9169999957084656
2004-01-29 00:00:00+00:00,0.9169999957084656
2004-01-30 00:00:00+00:00,0.8970000147819519
2004-02-02 00:00:00+00:00,0.9020000100135803
2004-02-03 00:00:00+00:00,0.9120000004768372
2004-02-04 00:00:00+00:00,0.9120000004768372
2004-02-05 00:00:00+00:00,0.9110000133514404
2004-02-06 00:00:00+00:00,0.9070000052452087
2004-02-09 00:00:00+00:00,0.9120000004768372
2004-02-10 00:00:00+00:00,0.9210000038146973
2004-02-11 00:00:00+00:00,0.9100000262260437
2004-02-12 00:00:00+00:00,0.8980000019073486
2004-02-13 00:00:00+00:00,0.8970000147819519
2004-02-17 00:00:00+00:00,0.8970000147819519
2004-02-18 00:00:00+00:00,0.9120000004768372
2004-02-19 00:00:00+00:00,0.9120000004768372
2004-02-20 00:00:00+00:00,0.9160000085830688
2004-02-23 00:00:00+00:00,0.9269999861717224
2004-02-24 00:00:00+00:00,0.9380000233650208
2004-02-25 00:00:00+00:00,0.9380000233650208
2004-02-26 00:00:00+00:00,0.9319999814033508
2004-02-27 00:00:00+00:00,0.9269999861717224
2004-03-01 00:00:00+00:00,0.9359999895095825
2004-03-02 00:00:00+00:00,0.9419999718666077
2004-03-03 00:00:00+00:00,0.9419999718666077
2004-03-04 00:00:00+00:00,0.9409999847412109
2004-03-05 00:00:00+00:00,0.9309999942779541
2004-03-08 00:00:00+00:00,0.9269999861717224
2004-03-09 00:00:00+00:00,0.9319999814033508
2004-03-10 00:00:00+00:00,0.9369999766349792
2004-03-11 00:00:00+00:00,0.9369999766349792
2004-03-12 00:00:00+00:00,0.9319999814033508
2004-03-15 00:00:00+00:00,0.9319999814033508
2004-03-16 00:00:00+00:00,0.9380000233650208
2004-03-17 00:00:00+00:00,0.9179999828338623
2004-03-18 00:00:00+00:00,0.9169999957084656
2004-03-19 00:00:00+00:00,0.9169999957084656
2004-03-22 00:00:00+00:00,0.9229999780654907
2004-03-23 00:00:00+00:00,0.9229999780654907
2004-03-24 00:00:00+00:00,0.9179999828338623
2004-03-25 00:00:00+00:00,0.9169999957084656
2004-03-26 00:00:00+00:00,0.921999990940094
2004-03-29 00:00:00+00:00,0.9229999780654907
2004-03-30 00:00:00+00:00,0.9330000281333923
2004-03-31 00:00:00+00:00,0.9229999780654907
2004-04-01 00:00:00+00:00,0.9160000085830688
2004-04-02 00:00:00+00:00,0.9269999861717224
2004-04-05 00:00:00+00:00,0.9120000004768372
2004-04-06 00:00:00+00:00,0.9179999828338623
2004-04-07 00:00:00+00:00,0.9179999828338623
2004-04-08 00:00:00+00:00,0.9129999876022339
2004-04-12 00:00:00+00:00,0.9120000004768372
2004-04-13 00:00:00+00:00,0.921999990940094
2004-04-14 00:00:00+00:00,0.9340000152587891
2004-04-15 00:00:00+00:00,0.9269999861717224
2004-04-16 00:00:00+00:00,0.9169999957084656
2004-04-19 00:00:00+00:00,0.921999990940094
2004-04-20 00:00:00+00:00,0.9470000267028809
2004-04-21 00:00:00+00:00,0.9670000076293945
2004-04-22 00:00:00+00:00,0.9369999766349792
2004-04-23 00:00:00+00:00,0.9520000219345093
2004-04-26 00:00:00+00:00,0.9430000185966492
2004-04-27 00:00:00+00:00,0.9620000123977661
2004-04-28 00:00:00+00:00,0.9480000138282776
2004-04-29 00:00:00+00:00,0.9490000009536743
2004-04-30 00:00:00+00:00,0.9520000219345093
2004-05-03 00:00:00+00:00,0.9589999914169312
2004-05-04 00:00:00+00:00,0.9860000014305115
2004-05-05 00:00:00+00:00,0.9670000076293945
2004-05-06 00:00:00+00:00,0.9710000157356262
2004-05-07 00:00:00+00:00,1.0369999408721924
2004-05-10 00:00:00+00:00,1.0269999504089355
2004-05-11 00:00:00+00:00,1.031000018119812
2004-05-12 00:00:00+00:00,1.0069999694824219
2004-05-13 00:00:00+00:00,0.9800000190734863
2004-05-14 00:00:00+00:00,0.968999981880188
2004-05-17 00:00:00+00:00,0.9769999980926514
2004-05-18 00:00:00+00:00,1.0269999504089355
2004-05-19 00:00:00+00:00,1.0160000324249268
2004-05-20 00:00:00+00:00,1.003999948501587
2004-05-21 00:00:00+00:00,1.003999948501587
2004-05-24 00:00:00+00:00,1.0119999647140503
2004-05-25 00:00:00+00:00,1.0570000410079956
2004-05-26 00:00:00+00:00,1.0520000457763672
2004-05-27 00:00:00+00:00,1.0390000343322754
2004-05-28 00:00:00+00:00,1.0520000457763672
2004-06-01 00:00:00+00:00,1.093000054359436
2004-06-02 00:00:00+00:00,1.1419999599456787
2004-06-03 00:00:00+00:00,1.1469999551773071
2004-06-04 00:00:00+00:00,1.1770000457763672
2004-06-07 00:00:00+00:00,1.184000015258789
2004-06-08 00:00:00+00:00,1.2419999837875366
2004-06-09 00:00:00+00:00,1.2419999837875366
2004-06-10 00:00:00+00:00,1.2669999599456787
2004-06-14 00:00:00+00:00,1.3389999866485596
2004-06-15 00:00:00+00:00,1.312000036239624
2004-06-16 00:00:00+00:00,1.2769999504089355
2004-06-17 00:00:00+00:00,1.2419999837875366
2004-06-18 00:00:00+00:00,1.246999979019165
2004-06-21 00:00:00+00:00,1.2380000352859497
2004-06-22 00:00:00+00:00,1.2929999828338623
2004-06-23 00:00:00+00:00,1.2569999694824219
2004-06-24 00:00:00+00:00,1.253999948501587
2004-06-25 00:00:00+00:00,1.2719999551773071
2004-06-28 00:00:00+00:00,1.281999945640564
2004-06-29 00:00:00+00:00,1.3519999980926514
2004-06-30 00:00:00+00:00,1.3029999732971191
2004-07-01 00:00:00+00:00,1.1970000267028809
2004-07-02 00:00:00+00:00,1.2630000114440918
2004-07-06 00:00:00+00:00,1.253999948501587
2004-07-07 00:00:00+00:00,1.2680000066757202
2004-07-08 00:00:00+00:00,1.2510000467300415
2004-07-09 00:00:00+00:00,1.246999979019165
2004-07-12 00:00:00+00:00,1.2619999647140503
2004-07-13 00:00:00+00:00,1.315000057220459
2004-07-14 00:00:00+00:00,1.3170000314712524
2004-07-15 00:00:00+00:00,1.3170000314712524
2004-07-16 00:00:00+00:00,1.312000036239624
2004-07-19 00:00:00+00:00,1.3020000457763672
2004-07-20 00:00:00+00:00,1.3320000171661377
2004-07-21 00:00:00+00:00,1.3220000267028809
2004-07-22 00:00:00+00:00,1.3339999914169312
2004-07-23 00:00:00+00:00,1.3380000591278076
2004-07-26 00:00:00+00:00,1.3919999599456787
2004-07-27 00:00:00+00:00,1.437000036239624
2004-07-28 00:00:00+00:00,1.4199999570846558
2004-07-29 00:00:00+00:00,1.4119999408721924
2004-07-30 00:00:00+00:00,1.4119999408721924
2004-08-02 00:00:00+00:00,1.4320000410079956
2004-08-03 00:00:00+00:00,1.4570000171661377
2004-08-04 00:00:00+00:00,1.4520000219345093
2004-08-05 00:00:00+00:00,1.444000005722046
2004-08-06 00:00:00+00:00,1.406000018119812
2004-08-09 00:00:00+00:00,1.444000005722046
2004-08-10 00:00:00+00:00,1.472000002861023
2004-08-11 00:00:00+00:00,1.4149999618530273
2004-08-12 00:00:00+00:00,1.4079999923706055
2004-08-13 00:00:00+00:00,1.4010000228881836
2004-08-16 00:00:00+00:00,1.4270000457763672
2004-08-17 00:00:00+00:00,1.4539999961853027
2004-08-18 00:00:00+00:00,1.4470000267028809
2004-08-19 00:00:00+00:00,1.4420000314712524
2004-08-20 00:00:00+00:00,1.4539999961853027
2004-08-23 00:00:00+00:00,1.4769999980926514
2004-08-24 00:00:00+00:00,1.5169999599456787
2004-08-25 00:00:00+00:00,1.5119999647140503
2004-08-26 00:00:00+00:00,1.5160000324249268
2004-08-27 00:00:00+00:00,1.5219999551773071
2004-08-30 00:00:00+00:00,1.5420000553131104
2004-08-31 00:00:00+00:00,1.5679999589920044
2004-09-01 00:00:00+00:00,1.5470000505447388
2004-09-02 00:00:00+00:00,1.562999963760376
2004-09-03 00:00:00+00:00,1.6119999885559082
2004-09-07 00:00:00+00:00,1.597000002861023
2004-09-08 00:00:00+00:00,1.6119999885559082
2004-09-09 00:00:00+00:00,1.6080000400543213
2004-09-10 00:00:00+00:00,1.6230000257492065
2004-09-13 00:00:00+00:00,1.6160000562667847
2004-09-14 00:00:00+00:00,1.6230000257492065
2004-09-15 00:00:00+00:00,1.6319999694824219
2004-09-16 00:00:00+00:00,1.6319999694824219
2004-09-17 00:00:00+00:00,1.6679999828338623
2004-09-20 00:00:00+00:00,1.6629999876022339
2004-09-21 00:00:00+00:00,1.6829999685287476
2004-09-22 00:00:00+00:00,1.6740000247955322
2004-09-23 00:00:00+00:00,1.6859999895095825
2004-09-24 00:00:00+00:00,1.690999984741211
2004-09-27 00:00:00+00:00,1.6820000410079956
2004-09-28 00:00:00+00:00,1.687000036239624
2004-09-29 00:00:00+00:00,1.6799999475479126
2004-09-30 00:00:00+00:00,1.6740000247955322
2004-10-01 00:00:00+00:00,1.656999945640564
2004-10-04 00:00:00+00:00,1.6510000228881836
2004-10-05 00:00:00+00:00,1.6710000038146973
2004-10-06 00:00:00+00:00,1.6729999780654907
2004-10-07 00:00:00+00:00,1.6619999408721924
2004-10-08 00:00:00+00:00,1.656999945640564
2004-10-11 00:00:00+00:00,1.656999945640564
2004-10-12 00:00:00+00:00,1.652999997138977
2004-10-13 00:00:00+00:00,1.687000036239624
2004-10-14 00:00:00+00:00,1.6970000267028809
2004-10-15 00:00:00+00:00,1.7120000123977661
2004-10-18 00:00:00+00:00,1.7369999885559082
2004-10-19 00:00:00+00:00,1.781999945640564
2004-10-20 00:00:00+00:00,1.7869999408721924
2004-10-21 00:00:00+00:00,1.7970000505447388
2004-10-22 00:00:00+00:00,1.8070000410079956
2004-10-25 00:00:00+00:00,1.8320000171661377
2004-10-26 00:00:00+00:00,1.8739999532699585
2004-10-27 00:00:00+00:00,1.8769999742507935
2004-10-28 00:00:00+00:00,1.8669999837875366
2004-10-29 00:00:00+00:00,1.8669999837875366
2004-11-01 00:00:00+00:00,1.8819999694824219
2004-11-02 00:00:00+00:00,1.9429999589920044
2004-11-03 00:00:00+00:00,1.9179999828338623
2004-11-04 00:00:00+00:00,1.937000036239624
2004-11-05 00:00:00+00:00,1.9819999933242798
2004-11-08 00:00:00+00:00,2.002000093460083
2004-11-09 00:00:00+00:00,2.0369999408721924
2004-11-10 00:00:00+00:00,2.0290000438690186
2004-11-11 00:00:00+00:00,2.0290000438690186
2004-11-12 00:00:00+00:00,2.0360000133514404
2004-11-15 00:00:00+00:00,2.056999921798706
2004-11-16 00:00:00+00:00,2.0910000801086426
2004-11-17 00:00:00+00:00,2.0799999237060547
2004-11-18 00:00:00+00:00,2.0869998931884766
2004-11-19 00:00:00+00:00,2.0959999561309814
2004-11-22 00:00:00+00:00,2.121999979019165
2004-11-23 00:00:00+00:00,2.134000062942505
2004-11-24 00:00:00+00:00,2.131999969482422
2004-11-26 00:00:00+00:00,2.1519999504089355
2004-11-29 00:00:00+00:00,2.1570000648498535
2004-11-30 00:00:00+00:00,2.181999921798706
2004-12-01 00:00:00+00:00,2.171999931335449
2004-12-02 00:00:00+00:00,2.171999931335449
2004-12-03 00:00:00+00:00,2.1670000553131104
2004-12-06 00:00:00+00:00,2.184000015258789
2004-12-07 00:00:00+00:00,2.2019999027252197
2004-12-08 00:00:00+00:00,2.197000026702881
2004-12-09 00:00:00+00:00,2.197000026702881
2004-12-10 00:00:00+00:00,2.2009999752044678
2004-12-13 00:00:00+00:00,2.178999900817871
2004-12-14 00:00:00+00:00,2.177000045776367
2004-12-15 00:00:00+00:00,2.1670000553131104
2004-12-16 00:00:00+00:00,2.1549999713897705
2004-12-17 00:00:00+00:00,2.1519999504089355
2004-12-20 00:00:00+00:00,2.1579999923706055
2004-12-21 00:00:00+00:00,2.171999931335449
2004-12-22 00:00:00+00:00,2.1470000743865967
2004-12-23 00:00:00+00:00,2.1470000743865967
2004-12-27 00:00:00+00:00,2.181999921798706
2004-12-28 00:00:00+00:00,2.2109999656677246
2004-12-29 00:00:00+00:00,2.181999921798706
2004-12-30 00:00:00+00:00,2.1700000762939453
2004-12-31 00:00:00+00:00,2.181999921798706
2005-01-03 00:00:00+00:00,2.2039999961853027
2005-01-04 00:00:00+00:00,2.2920000553131104
2005-01-05 00:00:00+00:00,2.2820000648498535
2005-01-06 00:00:00+00:00,2.2669999599456787
2005-01-07 00:00:00+00:00,2.2769999504089355
2005-01-10 00:00:00+00:00,2.2730000019073486
2005-01-11 00:00:00+00:00,2.302000045776367
2005-01-12 00:00:00+00:00,2.2920000553131104
2005-01-13 00:00:00+00:00,2.302000045776367
2005-01-14 00:00:00+00:00,2.319999933242798
2005-01-18 00:00:00+00:00,2.302000045776367
2005-01-19 00:00:00+00:00,2.3269999027252197
2005-01-20 00:00:00+00:00,2.306999921798706
2005-01-21 00:00:00+00:00,2.302000045776367
2005-01-24 00:00:00+00:00,2.3010001182556152
2005-01-25 00:00:00+00:00,2.3610000610351562
2005-01-26 00:00:00+00:00,2.365000009536743
2005-01-27 00:00:00+00:00,2.38700008392334
2005-01-28 00:00:00+00:00,2.4070000648498535
2005-01-31 00:00:00+00:00,2.421999931335449
2005-02-01 00:00:00+00:00,2.4619998931884766
2005-02-02 00:00:00+00:00,2.4579999446868896
2005-02-03 00:00:00+00:00,2.431999921798706
2005-02-04 00:00:00+00:00,2.421999931335449
2005-02-07 00:00:00+00:00,2.437000036239624
2005-02-08 00:00:00+00:00,2.4649999141693115
2005-02-09 00:00:00+00:00,2.4670000076293945
2005-02-10 00:00:00+00:00,2.4670000076293945
2005-02-11 00:00:00+00:00,2.49399995803833
2005-02-14 00:00:00+00:00,2.4820001125335693
2005-02-15 00:00:00+00:00,2.5320000648498535
2005-02-16 00:00:00+00:00,2.5269999504089355
2005-02-17 00:00:00+00:00,2.5269999504089355
2005-02-18 00:00:00+00:00,2.552000045776367
2005-02-22 00:00:00+00:00,2.572999954223633
2005-02-23 00:00:00+00:00,2.625
2005-02-24 00:00:00+00:00,2.63700008392334
2005-02-25 00:00:00+00:00,2.674999952316284
2005-02-28 00:00:00+00:00,2.690000057220459
2005-03-01 00:00:00+00:00,2.691999912261963
2005-03-02 00:00:00+00:00,2.677000045776367
2005-03-03 00:00:00+00:00,2.691999912261963
2005-03-04 00:00:00+00:00,2.691999912261963
2005-03-07 00:00:00+00:00,2.677000045776367
2005-03-08 00:00:00+00:00,2.691999912261963
2005-03-09 00:00:00+00:00,2.691999912261963
2005-03-10 00:00:00+00:00,2.687000036239624
2005-03-11 00:00:00+00:00,2.691999912261963
2005-03-14 00:00:00+00:00,2.7119998931884766
2005-03-15 00:00:00+00:00,2.736999988555908
2005-03-16 00:00:00+00:00,2.7320001125335693
2005-03-17 00:00:00+00:00,2.7269999980926514
2005-03-18 00:00:00+00:00,2.742000102996826
2005-03-21 00:00:00+00:00,2.756999969482422
2005-03-22 00:00:00+00:00,2.802000045776367
2005-03-23 00:00:00+00:00,2.760999917984009
2005-03-24 00:00:00+00:00,2.7699999809265137
2005-03-28 00:00:00+00:00,2.7720000743865967
2005-03-29 00:00:00+00:00,2.7720000743865967
2005-03-30 00:00:00+00:00,2.76200008392334
2005-03-31 00:00:00+00:00,2.7219998836517334
2005-04-01 00:00:00+00:00,2.7269999980926514
2005-04-04 00:00:00+00:00,2.687999963760376
2005-04-05 00:00:00+00:00,2.7279999256134033
2005-04-06 00:00:00+00:00,2.7019999027252197
2005-04-07 00:00:00+00:00,2.700000047683716
2005-04-08 00:00:00+00:00,2.7119998931884766
2005-04-11 00:00:00+00:00,2.697000026702881
2005-04-12 00:00:00+00:00,2.7070000171661377
2005-04-13 00:00:00+00:00,2.7170000076293945
2005-04-14 00:00:00+00:00,2.7119998931884766
2005-04-15 00:00:00+00:00,2.7239999771118164
2005-04-18 00:00:00+00:00,2.812000036239624
2005-04-19 00:00:00+00:00,2.8469998836517334
2005-04-20 00:00:00+00:00,2.806999921798706
2005-04-21 00:00:00+00:00,2.816999912261963
2005-04-22 00:00:00+00:00,2.8580000400543213
2005-04-25 00:00:00+00:00,2.8320000171661377
2005-04-26 00:00:00+00:00,2.8519999980926514
2005-04-27 00:00:00+00:00,2.819999933242798
2005-04-28 00:00:00+00:00,2.811000108718872
2005-04-29 00:00:00+00:00,2.8369998931884766
2005-05-02 00:00:00+00:00,2.822000026702881
2005-05-03 00:00:00+00:00,2.8499999046325684
2005-05-04 00:00:00+00:00,2.7950000762939453
2005-05-05 00:00:00+00:00,2.746999979019165
2005-05-06 00:00:00+00:00,2.802000045776367
2005-05-09 00:00:00+00:00,2.796999931335449
2005-05-10 00:00:00+00:00,2.822000026702881
2005-05-11 00:00:00+00:00,2.802000045776367
2005-05-12 00:00:00+00:00,2.816999912261963
2005-05-13 00:00:00+00:00,2.756999969482422
2005-05-16 00:00:00+00:00,2.746999979019165
2005-05-17 00:00:00+00:00,2.812000036239624
2005-05-18 00:00:00+00:00,2.7869999408721924
2005-05-19 00:00:00+00:00,2.802000045776367
2005-05-20 00:00:00+00:00,2.825000047683716
2005-05-23 00:00:00+00:00,2.8450000286102295
2005-05-24 00:00:00+00:00,2.881999969482422
2005-05-25 00:00:00+00:00,2.869999885559082
2005-05-26 00:00:00+00:00,2.867000102996826
2005-05-27 00:00:00+00:00,2.88700008392334
2005-05-31 00:00:00+00:00,2.881999969482422
2005-06-01 00:00:00+00:00,2.9070000648498535
2005-06-02 00:00:00+00:00,2.9079999923706055
2005-06-03 00:00:00+00:00,2.930000066757202
2005-06-06 00:00:00+00:00,2.931999921798706
2005-06-07 00:00:00+00:00,2.947000026702881
2005-06-08 00:00:00+00:00,2.947000026702881
2005-06-09 00:00:00+00:00,2.927000045776367
2005-06-10 00:00:00+00:00,2.937000036239624
2005-06-13 00:00:00+00:00,2.937000036239624
2005-06-14 00:00:00+00:00,2.9619998931884766
2005-06-15 00:00:00+00:00,2.9549999237060547
2005-06-16 00:00:00+00:00,2.9019999504089355
2005-06-17 00:00:00+00:00,2.9130001068115234
2005-06-20 00:00:00+00:00,2.9200000762939453
2005-06-21 00:00:00+00:00,2.950000047683716
2005-06-22 00:00:00+00:00,2.9619998931884766
2005-06-23 00:00:00+00:00,3.0
2005-06-24 00:00:00+00:00,3.0
2005-06-27 00:00:00+00:00,3.0350000858306885
2005-06-28 00:00:00+00:00,3.075000047683716
2005-06-29 00:00:00+00:00,3.062999963760376
2005-06-30 00:00:00+00:00,3.059999942779541
2005-07-01 00:00:00+00:00,3.0899999141693115
2005-07-05 00:00:00+00:00,3.13700008392334
2005-07-06 00:00:00+00:00,3.119999885559082
2005-07-07 00:00:00+00:00,3.0799999237060547
2005-07-08 00:00:00+00:00,3.0950000286102295
2005-07-11 00:00:00+00:00,3.0950000286102295
2005-07-12 00:00:00+00:00,3.134999990463257
2005-07-13 00:00:00+00:00,3.1449999809265137
2005-07-14 00:00:00+00:00,3.1519999504089355
2005-07-15 00:00:00+00:00,3.177999973297119
2005-07-18 00:00:00+00:00,3.180000066757202
2005-07-19 00:00:00+00:00,3.2219998836517334
2005-07-20 00:00:00+00:00,3.2279999256134033
2005-07-21 00:00:00+00:00,3.2679998874664307
2005-07-22 00:00:00+00:00,3.2929999828338623
2005-07-25 00:00:00+00:00,3.315000057220459
2005-07-26 00:00:00+00:00,3.3589999675750732
2005-07-27 00:00:00+00:00,3.325000047683716
2005-07-28 00:00:00+00:00,3.315000057220459
2005-07-29 00:00:00+00:00,3.3320000171661377
2005-08-01 00:00:00+00:00,3.3550000190734863
2005-08-02 00:00:00+00:00,3.4019999504089355
2005-08-03 00:00:00+00:00,3.384999990463257
2005-08-04 00:00:00+00:00,3.380000114440918
2005-08-05 00:00:00+00:00,3.437000036239624
2005-08-08 00:00:00+00:00,3.427999973297119
2005-08-09 00:00:00+00:00,3.434999942779541
2005-08-10 00:00:00+00:00,3.434000015258789
2005-08-11 00:00:00+00:00,3.421999931335449
2005-08-12 00:00:00+00:00,3.433000087738037
2005-08-15 00:00:00+00:00,3.427000045776367
2005-08-16 00:00:00+00:00,3.4519999027252197
2005-08-17 00:00:00+00:00,3.434999942779541
2005-08-18 00:00:00+00:00,3.4100000858306885
2005-08-19 00:00:00+00:00,3.427999973297119
2005-08-22 00:00:00+00:00,3.421999931335449
2005-08-23 00:00:00+00:00,3.440000057220459
2005-08-24 00:00:00+00:00,3.430000066757202
2005-08-25 00:00:00+00:00,3.434999942779541
2005-08-26 00:00:00+00:00,3.4670000076293945
2005-08-29 00:00:00+00:00,3.484999895095825
2005-08-30 00:00:00+00:00,3.4769999980926514
2005-08-31 00:00:00+00:00,3.430000066757202
2005-09-01 00:00:00+00:00,3.365000009536743
2005-09-02 00:00:00+00:00,3.377000093460083
2005-09-06 00:00:00+00:00,3.4100000858306885
2005-09-07 00:00:00+00:00,3.4049999713897705
2005-09-08 00:00:00+00:00,3.3980000019073486
2005-09-09 00:00:00+00:00,3.3970000743865967
2005-09-12 00:00:00+00:00,3.4149999618530273
2005-09-13 00:00:00+00:00,3.4040000438690186
2005-09-14 00:00:00+00:00,3.3450000286102295
2005-09-15 00:00:00+00:00,3.3550000190734863
2005-09-16 00:00:00+00:00,3.4089999198913574
2005-09-19 00:00:00+00:00,3.440000057220459
2005-09-20 00:00:00+00:00,3.5250000953674316
2005-09-21 00:00:00+00:00,3.3420000076293945
2005-09-22 00:00:00+00:00,3.380000114440918
2005-09-23 00:00:00+00:00,3.390000104904175
2005-09-26 00:00:00+00:00,3.424999952316284
2005-09-27 00:00:00+00:00,3.4049999713897705
2005-09-28 00:00:00+00:00,3.38700008392334
2005-09-29 00:00:00+00:00,3.4579999446868896
2005-09-30 00:00:00+00:00,3.4700000286102295
2005-10-03 00:00:00+00:00,3.484999895095825
2005-10-04 00:00:00+00:00,3.5350000858306885
2005-10-05 00:00:00+00:00,3.490000009536743
2005-10-06 00:00:00+00:00,3.51200008392334
2005-10-07 00:00:00+00:00,3.5329999923706055
2005-10-11 00:00:00+00:00,3.559999942779541
2005-10-12 00:00:00+00:00,3.615000009536743
2005-10-13 00:00:00+00:00,3.6619999408721924
2005-10-14 00:00:00+00:00,3.7019999027252197
2005-10-17 00:00:00+00:00,3.697000026702881
2005-10-18 00:00:00+00:00,3.7699999809265137
2005-10-19 00:00:00+00:00,3.756999969482422
2005-10-20 00:00:00+00:00,3.759999990463257
2005-10-21 00:00:00+00:00,3.765000104904175
2005-10-24 00:00:00+00:00,3.765000104904175
2005-10-25 00:00:00+00:00,3.8369998931884766
2005-10-26 00:00:00+00:00,3.805000066757202
2005-10-27 00:00:00+00:00,3.7920000553131104
2005-10-28 00:00:00+00:00,3.825000047683716
2005-10-31 00:00:00+00:00,3.805000066757202
2005-11-01 00:00:00+00:00,3.861999988555908
2005-11-02 00:00:00+00:00,3.8369998931884766
2005-11-03 00:00:00+00:00,3.8469998836517334
2005-11-04 00:00:00+00:00,3.865000009536743
2005-11-07 00:00:00+00:00,3.8269999027252197
2005-11-08 00:00:00+00:00,3.861999988555908
2005-11-09 00:00:00+00:00,3.877000093460083
2005-11-10 00:00:00+00:00,3.871999979019165
2005-11-14 00:00:00+00:00,3.881999969482422
2005-11-15 00:00:00+00:00,3.9149999618530273
2005-11-16 00:00:00+00:00,3.9119999408721924
2005-11-17 00:00:00+00:00,3.9119999408721924
2005-11-18 00:00:00+00:00,3.9119999408721924
2005-11-21 00:00:00+00:00,3.8949999809265137
2005-11-22 00:00:00+00:00,3.8320000171661377
2005-11-23 00:00:00+00:00,3.8519999980926514
2005-11-25 00:00:00+00:00,3.8519999980926514
2005-11-28 00:00:00+00:00,3.8299999237060547
2005-11-29 00:00:00+00:00,3.88700008392334
2005-11-30 00:00:00+00:00,3.8570001125335693
2005-12-01 00:00:00+00:00,3.877000093460083
2005-12-02 00:00:00+00:00,3.8919999599456787
2005-12-05 00:00:00+00:00,3.9100000858306885
2005-12-06 00:00:00+00:00,3.931999921798706
2005-12-07 00:00:00+00:00,3.930000066757202
2005-12-08 00:00:00+00:00,3.8450000286102295
2005-12-09 00:00:00+00:00,3.8420000076293945
2005-12-12 00:00:00+00:00,3.825000047683716
2005-12-13 00:00:00+00:00,3.8269999027252197
2005-12-14 00:00:00+00:00,3.802000045776367
2005-12-15 00:00:00+00:00,3.8399999141693115
2005-12-16 00:00:00+00:00,3.8320000171661377
2005-12-19 00:00:00+00:00,3.859999895095825
2005-12-20 00:00:00+00:00,3.88700008392334
2005-12-21 00:00:00+00:00,3.8919999599456787
2005-12-22 00:00:00+00:00,3.9019999504089355
2005-12-23 00:00:00+00:00,3.8949999809265137
2005-12-27 00:00:00+00:00,3.877000093460083
2005-12-28 00:00:00+00:00,3.861999988555908
2005-12-29 00:00:00+00:00,3.9119999408721924
2005-12-30 00:00:00+00:00,3.984999895095825
2006-01-03 00:00:00+00:00,4.019999980926514
2006-01-04 00:00:00+00:00,4.081999778747559
2006-01-05 00:00:00+00:00,4.090000152587891
2006-01-06 00:00:00+00:00,4.10699987411499
2006-01-09 00:00:00+00:00,4.117000102996826
2006-01-10 00:00:00+00:00,4.177000045776367
2006-01-11 00:00:00+00:00,4.191999912261963
2006-01-12 00:00:00+00:00,4.204999923706055
2006-01-13 00:00:00+00:00,4.21999979019165
2006-01-17 00:00:00+00:00,4.23199987411499
2006-01-18 00:00:00+00:00,4.247000217437744
2006-01-19 00:00:00+00:00,4.242000102996826
2006-01-20 00:00:00+00:00,4.251999855041504
2006-01-23 00:00:00+00:00,4.247000217437744
2006-01-24 00:00:00+00:00,4.295000076293945
2006-01-25 00:00:00+00:00,4.307000160217285
2006-01-26 00:00:00+00:00,4.331999778747559
2006-01-27 00:00:00+00:00,4.336999893188477
2006-01-30 00:00:00+00:00,4.3420000076293945
2006-01-31 00:00:00+00:00,4.369999885559082
2006-02-01 00:00:00+00:00,4.361999988555908
2006-02-02 00:00:00+00:00,4.361999988555908
2006-02-03 00:00:00+00:00,4.361999988555908
2006-02-06 00:00:00+00:00,4.3470001220703125
2006-02-07 00:00:00+00:00,4.381999969482422
2006-02-08 00:00:00+00:00,4.392000198364258
2006-02-09 00:00:00+00:00,4.396999835968018
2006-02-10 00:00:00+00:00,4.425000190734863
2006-02-13 00:00:00+00:00,4.421999931335449
2006-02-14 00:00:00+00:00,4.447000026702881
2006-02-15 00:00:00+00:00,4.432000160217285
2006-02-16 00:00:00+00:00,4.429999828338623
2006-02-17 00:00:00+00:00,4.427000045776367
2006-02-21 00:00:00+00:00,4.445000171661377
2006-02-22 00:00:00+00:00,4.452000141143799
2006-02-23 00:00:00+00:00,4.4770002365112305
2006-02-24 00:00:00+00:00,4.48199987411499
2006-02-27 00:00:00+00:00,4.489999771118164
2006-02-28 00:00:00+00:00,4.506999969482422
2006-03-01 00:00:00+00:00,4.486999988555908
2006-03-02 00:00:00+00:00,4.486999988555908
2006-03-03 00:00:00+00:00,4.492000102996826
2006-03-06 00:00:00+00:00,4.465000152587891
2006-03-07 00:00:00+00:00,4.48199987411499
2006-03-08 00:00:00+00:00,4.485000133514404
2006-03-09 00:00:00+00:00,4.474999904632568
2006-03-10 00:00:00+00:00,4.489999771118164
2006-03-13 00:00:00+00:00,4.492000102996826
2006-03-14 00:00:00+00:00,4.4770002365112305
2006-03-15 00:00:00+00:00,4.5
2006-03-16 00:00:00+00:00,4.492000102996826
2006-03-17 00:00:00+00:00,4.517000198364258
2006-03-20 00:00:00+00:00,4.53000020980835
2006-03-21 00:00:00+00:00,4.566999912261963
2006-03-22 00:00:00+00:00,4.566999912261963
2006-03-23 00:00:00+00:00,4.546999931335449
2006-03-24 00:00:00+00:00,4.534999847412109
2006-03-27 00:00:00+00:00,4.517000198364258
2006-03-28 00:00:00+00:00,4.5269999504089355
2006-03-29 00:00:00+00:00,4.501999855041504
2006-03-30 00:00:00+00:00,4.485000133514404
2006-03-31 00:00:00+00:00,4.514999866485596
2006-04-03 00:00:00+00:00,4.5269999504089355
2006-04-04 00:00:00+00:00,4.552000045776367
2006-04-05 00:00:00+00:00,4.546999931335449
2006-04-06 00:00:00+00:00,4.552000045776367
2006-04-07 00:00:00+00:00,4.561999797821045
2006-04-10 00:00:00+00:00,4.566999912261963
2006-04-11 00:00:00+00:00,4.572000026702881
2006-04-12 00:00:00+00:00,4.581999778747559
2006-04-13 00:00:00+00:00,4.577000141143799
2006-04-17 00:00:00+00:00,4.577000141143799
2006-04-18 00:00:00+00:00,4.5970001220703125
2006-04-19 00:00:00+00:00,4.6020002365112305
2006-04-20 00:00:00+00:00,4.6020002365112305
2006-04-21 00:00:00+00:00,4.625
2006-04-24 00:00:00+00:00,4.622000217437744
2006-04-25 00:00:00+00:00,4.65500020980835
2006-04-26 00:00:00+00:00,4.6570000648498535
2006-04-27 00:00:00+00:00,4.6570000648498535
2006-04-28 00:00:00+00:00,4.650000095367432
2006-05-01 00:00:00+00:00,4.646999835968018
2006-05-02 00:00:00+00:00,4.682000160217285
2006-05-03 00:00:00+00:00,4.697000026702881
2006-05-04 00:00:00+00:00,4.671999931335449
2006-05-05 00:00:00+00:00,4.695000171661377
2006-05-08 00:00:00+00:00,4.699999809265137
2006-05-09 00:00:00+00:00,4.755000114440918
2006-05-10 00:00:00+00:00,4.751999855041504
2006-05-11 00:00:00+00:00,4.695000171661377
2006-05-12 00:00:00+00:00,4.706999778747559
2006-05-15 00:00:00+00:00,4.697000026702881
2006-05-16 00:00:00+00:00,4.706999778747559
2006-05-17 00:00:00+00:00,4.706999778747559
2006-05-18 00:00:00+00:00,4.706999778747559
2006-05-19 00:00:00+00:00,4.697000026702881
2006-05-22 00:00:00+00:00,4.682000160217285
2006-05-23 00:00:00+00:00,4.711999893188477
2006-05-24 00:00:00+00:00,4.702000141143799
2006-05-25 00:00:00+00:00,4.697000026702881
2006-05-26 00:00:00+00:00,4.711999893188477
2006-05-30 00:00:00+00:00,4.697000026702881
2006-05-31 00:00:00+00:00,4.715000152587891
2006-06-01 00:00:00+00:00,4.706999778747559
2006-06-02 00:00:00+00:00,4.682000160217285
2006-06-05 00:00:00+00:00,4.702000141143799
2006-06-06 00:00:00+00:00,4.736999988555908
2006-06-07 00:00:00+00:00,4.73199987411499
2006-06-08 00:00:00+00:00,4.735000133514404
2006-06-09 00:00:00+00:00,4.747000217437744
2006-06-12 00:00:00+00:00,4.7820000648498535
2006-06-13 00:00:00+00:00,4.771999835968018
2006-06-14 00:00:00+00:00,4.760000228881836
2006-06-15 00:00:00+00:00,4.71999979019165
2006-06-16 00:00:00+00:00,4.744999885559082
2006-06-19 00:00:00+00:00,4.755000114440918
2006-06-20 00:00:00+00:00,4.800000190734863
2006-06-21 00:00:00+00:00,4.784999847412109
2006-06-22 00:00:00+00:00,4.775000095367432
2006-06-23 00:00:00+00:00,4.835000038146973
2006-06-26 00:00:00+00:00,4.849999904632568
2006-06-27 00:00:00+00:00,4.909999847412109
2006-06-28 00:00:00+00:00,4.869999885559082
2006-06-29 00:00:00+00:00,4.864999771118164
2006-06-30 00:00:00+00:00,4.860000133514404
2006-07-03 00:00:00+00:00,4.885000228881836
2006-07-05 00:00:00+00:00,4.869999885559082
2006-07-06 00:00:00+00:00,4.869999885559082
2006-07-07 00:00:00+00:00,4.875
2006-07-10 00:00:00+00:00,4.875
2006-07-11 00:00:00+00:00,4.914999961853027
2006-07-12 00:00:00+00:00,4.925000190734863
2006-07-13 00:00:00+00:00,4.914999961853027
2006-07-14 00:00:00+00:00,4.914999961853027
2006-07-17 00:00:00+00:00,4.940000057220459
2006-07-18 00:00:00+00:00,5.0
2006-07-19 00:00:00+00:00,4.96999979019165
2006-07-20 00:00:00+00:00,4.945000171661377
2006-07-21 00:00:00+00:00,4.945000171661377
2006-07-24 00:00:00+00:00,4.945000171661377
2006-07-25 00:00:00+00:00,5.0
2006-07-26 00:00:00+00:00,4.96999979019165
2006-07-27 00:00:00+00:00,4.954999923706055
2006-07-28 00:00:00+00:00,4.920000076293945
2006-07-31 00:00:00+00:00,4.934999942779541
2006-08-01 00:00:00+00:00,4.985000133514404
2006-08-02 00:00:00+00:00,4.965000152587891
2006-08-03 00:00:00+00:00,4.96999979019165
2006-08-04 00:00:00+00:00,4.945000171661377
2006-08-07 00:00:00+00:00,4.96999979019165
2006-08-08 00:00:00+00:00,4.974999904632568
2006-08-09 00:00:00+00:00,4.934999942779541
2006-08-10 00:00:00+00:00,4.914999961853027
2006-08-11 00:00:00+00:00,4.934999942779541
2006-08-14 00:00:00+00:00,4.954999923706055
2006-08-15 00:00:00+00:00,4.960000038146973
2006-08-16 00:00:00+00:00,4.929999828338623
2006-08-17 00:00:00+00:00,4.954999923706055
2006-08-18 00:00:00+00:00,4.960000038146973
2006-08-21 00:00:00+00:00,4.954999923706055
2006-08-22 00:00:00+00:00,4.965000152587891
2006-08-23 00:00:00+00:00,4.960000038146973
2006-08-24 00:00:00+00:00,4.954999923706055
2006-08-25 00:00:00+00:00,4.965000152587891
2006-08-28 00:00:00+00:00,4.960000038146973
2006-08-29 00:00:00+00:00,4.934999942779541
2006-08-30 00:00:00+00:00,4.920000076293945
2006-08-31 00:00:00+00:00,4.90500020980835
2006-09-01 00:00:00+00:00,4.885000228881836
2006-09-05 00:00:00+00:00,4.849999904632568
2006-09-06 00:00:00+00:00,4.829999923706055
2006-09-07 00:00:00+00:00,4.829999923706055
2006-09-08 00:00:00+00:00,4.800000190734863
2006-09-11 00:00:00+00:00,4.809999942779541
2006-09-12 00:00:00+00:00,4.78000020980835
2006-09-13 00:00:00+00:00,4.78000020980835
2006-09-14 00:00:00+00:00,4.809999942779541
2006-09-15 00:00:00+00:00,4.815000057220459
2006-09-18 00:00:00+00:00,4.804999828338623
2006-09-19 00:00:00+00:00,4.820000171661377
2006-09-20 00:00:00+00:00,4.809999942779541
2006-09-21 00:00:00+00:00,4.784999847412109
2006-09-22 00:00:00+00:00,4.789999961853027
2006-09-25 00:00:00+00:00,4.769999980926514
2006-09-26 00:00:00+00:00,4.755000114440918
2006-09-27 00:00:00+00:00,4.75
2006-09-28 00:00:00+00:00,4.739999771118164
2006-09-29 00:00:00+00:00,4.760000228881836
2006-10-02 00:00:00+00:00,4.760000228881836
2006-10-03 00:00:00+00:00,4.775000095367432
2006-10-04 00:00:00+00:00,4.795000076293945
2006-10-05 00:00:00+00:00,4.800000190734863
2006-10-06 00:00:00+00:00,4.809999942779541
2006-10-10 00:00:00+00:00,4.855000019073486
2006-10-11 00:00:00+00:00,4.885000228881836
2006-10-12 00:00:00+00:00,4.920000076293945
2006-10-13 00:00:00+00:00,4.920000076293945
2006-10-16 00:00:00+00:00,4.929999828338623
2006-10-17 00:00:00+00:00,4.949999809265137
2006-10-18 00:00:00+00:00,4.949999809265137
2006-10-19 00:00:00+00:00,4.960000038146973
2006-10-20 00:00:00+00:00,4.949999809265137
2006-10-23 00:00:00+00:00,4.96999979019165
2006-10-24 00:00:00+00:00,4.989999771118164
2006-10-25 00:00:00+00:00,4.985000133514404
2006-10-26 00:00:00+00:00,4.974999904632568
2006-10-27 00:00:00+00:00,4.965000152587891
2006-10-30 00:00:00+00:00,4.945000171661377
2006-10-31 00:00:00+00:00,4.940000057220459
2006-11-01 00:00:00+00:00,4.934999942779541
2006-11-02 00:00:00+00:00,4.934999942779541
2006-11-03 00:00:00+00:00,4.954999923706055
2006-11-06 00:00:00+00:00,4.940000057220459
2006-11-07 00:00:00+00:00,4.945000171661377
2006-11-08 00:00:00+00:00,4.960000038146973
2006-11-09 00:00:00+00:00,4.960000038146973
2006-11-10 00:00:00+00:00,4.954999923706055
2006-11-13 00:00:00+00:00,4.945000171661377
2006-11-14 00:00:00+00:00,4.954999923706055
2006-11-15 00:00:00+00:00,4.949999809265137
2006-11-16 00:00:00+00:00,4.954999923706055
2006-11-17 00:00:00+00:00,4.945000171661377
2006-11-20 00:00:00+00:00,4.925000190734863
2006-11-21 00:00:00+00:00,4.929999828338623
2006-11-22 00:00:00+00:00,4.920000076293945
2006-11-24 00:00:00+00:00,4.90500020980835
2006-11-27 00:00:00+00:00,4.90500020980835
2006-11-28 00:00:00+00:00,4.90500020980835
2006-11-29 00:00:00+00:00,4.90500020980835
2006-11-30 00:00:00+00:00,4.889999866485596
2006-12-01 00:00:00+00:00,4.889999866485596
2006-12-04 00:00:00+00:00,4.869999885559082
2006-12-05 00:00:00+00:00,4.849999904632568
2006-12-06 00:00:00+00:00,4.855000019073486
2006-12-07 00:00:00+00:00,4.840000152587891
2006-12-08 00:00:00+00:00,4.829999923706055
2006-12-11 00:00:00+00:00,4.815000057220459
2006-12-12 00:00:00+00:00,4.804999828338623
2006-12-13 00:00:00+00:00,4.815000057220459
2006-12-14 00:00:00+00:00,4.815000057220459
2006-12-15 00:00:00+00:00,4.775000095367432
2006-12-18 00:00:00+00:00,4.804999828338623
2006-12-19 00:00:00+00:00,4.829999923706055
2006-12-20 00:00:00+00:00,4.835000038146973
2006-12-21 00:00:00+00:00,4.835000038146973
2006-12-22 00:00:00+00:00,4.849999904632568
2006-12-26 00:00:00+00:00,4.849999904632568
2006-12-27 00:00:00+00:00,4.84499979019165
2006-12-28 00:00:00+00:00,4.864999771118164
2006-12-29 00:00:00+00:00,4.885000228881836
2007-01-03 00:00:00+00:00,4.914999961853027
2007-01-04 00:00:00+00:00,4.900000095367432
2007-01-05 00:00:00+00:00,4.909999847412109
2007-01-08 00:00:00+00:00,4.909999847412109
2007-01-09 00:00:00+00:00,4.945000171661377
2007-01-10 00:00:00+00:00,4.949999809265137
2007-01-11 00:00:00+00:00,4.965000152587891
2007-01-12 00:00:00+00:00,4.954999923706055
2007-01-16 00:00:00+00:00,4.954999923706055
2007-01-17 00:00:00+00:00,4.980000019073486
2007-01-18 00:00:00+00:00,4.980000019073486
2007-01-19 00:00:00+00:00,5.0
2007-01-22 00:00:00+00:00,4.989999771118164
2007-01-23 00:00:00+00:00,5.005000114440918
2007-01-24 00:00:00+00:00,4.989999771118164
2007-01-25 00:00:00+00:00,5.0
2007-01-26 00:00:00+00:00,4.994999885559082
2007-01-29 00:00:00+00:00,4.994999885559082
2007-01-30 00:00:00+00:00,4.994999885559082
2007-01-31 00:00:00+00:00,4.974999904632568
2007-02-01 00:00:00+00:00,4.989999771118164
2007-02-02 00:00:00+00:00,5.0
2007-02-05 00:00:00+00:00,4.994999885559082
2007-02-06 00:00:00+00:00,5.010000228881836
2007-02-07 00:00:00+00:00,5.010000228881836
2007-02-08 00:00:00+00:00,5.014999866485596
2007-02-09 00:00:00+00:00,5.014999866485596
2007-02-12 00:00:00+00:00,5.019999980926514
2007-02-13 00:00:00+00:00,5.025000095367432
2007-02-14 00:00:00+00:00,5.010000228881836
2007-02-15 00:00:00+00:00,5.019999980926514
2007-02-16 00:00:00+00:00,5.03000020980835
2007-02-20 00:00:00+00:00,5.034999847412109
2007-02-21 00:00:00+00:00,5.034999847412109
2007-02-22 00:00:00+00:00,5.045000076293945
2007-02-23 00:00:00+00:00,5.039999961853027
2007-02-26 00:00:00+00:00,5.045000076293945
2007-02-27 00:00:00+00:00,4.989999771118164
2007-02-28 00:00:00+00:00,4.994999885559082
2007-03-01 00:00:00+00:00,4.989999771118164
2007-03-02 00:00:00+00:00,4.96999979019165
2007-03-05 00:00:00+00:00,4.960000038146973
2007-03-06 00:00:00+00:00,4.974999904632568
2007-03-07 00:00:00+00:00,4.954999923706055
2007-03-08 00:00:00+00:00,4.945000171661377
2007-03-09 00:00:00+00:00,4.949999809265137
2007-03-12 00:00:00+00:00,4.949999809265137
2007-03-13 00:00:00+00:00,4.934999942779541
2007-03-14 00:00:00+00:00,4.914999961853027
2007-03-15 00:00:00+00:00,4.894999980926514
2007-03-16 00:00:00+00:00,4.885000228881836
2007-03-19 00:00:00+00:00,4.894999980926514
2007-03-20 00:00:00+00:00,4.909999847412109
2007-03-21 00:00:00+00:00,4.909999847412109
2007-03-22 00:00:00+00:00,4.920000076293945
2007-03-23 00:00:00+00:00,4.925000190734863
2007-03-26 00:00:00+00:00,4.929999828338623
2007-03-27 00:00:00+00:00,4.920000076293945
2007-03-28 00:00:00+00:00,4.909999847412109
2007-03-29 00:00:00+00:00,4.90500020980835
2007-03-30 00:00:00+00:00,4.894999980926514
2007-04-02 00:00:00+00:00,4.90500020980835
2007-04-03 00:00:00+00:00,4.90500020980835
2007-04-04 00:00:00+00:00,4.90500020980835
2007-04-05 00:00:00+00:00,4.894999980926514
2007-04-09 00:00:00+00:00,4.885000228881836
2007-04-10 00:00:00+00:00,4.880000114440918
2007-04-11 00:00:00+00:00,4.885000228881836
2007-04-12 00:00:00+00:00,4.885000228881836
2007-04-13 00:00:00+00:00,4.869999885559082
2007-04-16 00:00:00+00:00,4.864999771118164
2007-04-17 00:00:00+00:00,4.860000133514404
2007-04-18 00:00:00+00:00,4.849999904632568
2007-04-19 00:00:00+00:00,4.84499979019165
2007-04-20 00:00:00+00:00,4.835000038146973
2007-04-23 00:00:00+00:00,4.840000152587891
2007-04-24 00:00:00+00:00,4.835000038146973
2007-04-25 00:00:00+00:00,4.820000171661377
2007-04-26 00:00:00+00:00,4.800000190734863
2007-04-27 00:00:00+00:00,4.795000076293945
2007-04-30 00:00:00+00:00,4.724999904632568
2007-05-01 00:00:00+00:00,4.755000114440918
2007-05-02 00:00:00+00:00,4.755000114440918
2007-05-03 00:00:00+00:00,4.75
2007-05-04 00:00:00+00:00,4.75
2007-05-07 00:00:00+00:00,4.730000019073486
2007-05-08 00:00:00+00:00,4.755000114440918
2007-05-09 00:00:00+00:00,4.730000019073486
2007-05-10 00:00:00+00:00,4.71999979019165
2007-05-11 00:00:00+00:00,4.715000152587891
2007-05-14 00:00:00+00:00,4.699999809265137
2007-05-15 00:00:00+00:00,4.690000057220459
2007-05-16 00:00:00+00:00,4.610000133514404
2007-05-17 00:00:00+00:00,4.659999847412109
2007-05-18 00:00:00+00:00,4.684999942779541
2007-05-21 00:00:00+00:00,4.710000038146973
2007-05-22 00:00:00+00:00,4.775000095367432
2007-05-23 00:00:00+00:00,4.764999866485596
2007-05-24 00:00:00+00:00,4.764999866485596
2007-05-25 00:00:00+00:00,4.739999771118164
2007-05-29 00:00:00+00:00,4.684999942779541
2007-05-30 00:00:00+00:00,4.704999923706055
2007-05-31 00:00:00+00:00,4.590000152587891
2007-06-01 00:00:00+00:00,4.65500020980835
2007-06-04 00:00:00+00:00,4.625
2007-06-05 00:00:00+00:00,4.690000057220459
2007-06-06 00:00:00+00:00,4.65500020980835
2007-06-07 00:00:00+00:00,4.659999847412109
2007-06-08 00:00:00+00:00,4.630000114440918
2007-06-11 00:00:00+00:00,4.590000152587891
2007-06-12 00:00:00+00:00,4.590000152587891
2007-06-13 00:00:00+00:00,4.514999866485596
2007-06-14 00:00:00+00:00,4.510000228881836
2007-06-15 00:00:00+00:00,4.429999828338623
2007-06-18 00:00:00+00:00,4.409999847412109
2007-06-19 00:00:00+00:00,4.514999866485596
2007-06-20 00:00:00+00:00,4.599999904632568
2007-06-21 00:00:00+00:00,4.559999942779541
2007-06-22 00:00:00+00:00,4.585000038146973
2007-06-25 00:00:00+00:00,4.639999866485596
2007-06-26 00:00:00+00:00,4.675000190734863
2007-06-27 00:00:00+00:00,4.635000228881836
2007-06-28 00:00:00+00:00,4.639999866485596
2007-06-29 00:00:00+00:00,4.670000076293945
2007-07-02 00:00:00+00:00,4.730000019073486
2007-07-03 00:00:00+00:00,4.815000057220459
2007-07-05 00:00:00+00:00,4.809999942779541
2007-07-06 00:00:00+00:00,4.789999961853027
2007-07-09 00:00:00+00:00,4.784999847412109
2007-07-10 00:00:00+00:00,4.804999828338623
2007-07-11 00:00:00+00:00,4.804999828338623
2007-07-12 00:00:00+00:00,4.815000057220459
2007-07-13 00:00:00+00:00,4.820000171661377
2007-07-16 00:00:00+00:00,4.789999961853027
2007-07-17 00:00:00+00:00,4.809999942779541
2007-07-18 00:00:00+00:00,4.815000057220459
2007-07-19 00:00:00+00:00,4.829999923706055
2007-07-20 00:00:00+00:00,4.824999809265137
2007-07-23 00:00:00+00:00,4.855000019073486
2007-07-24 00:00:00+00:00,4.875
2007-07-25 00:00:00+00:00,4.835000038146973
2007-07-26 00:00:00+00:00,4.769999980926514
2007-07-27 00:00:00+00:00,4.704999923706055
2007-07-30 00:00:00+00:00,4.71999979019165
2007-07-31 00:00:00+00:00,4.809999942779541
2007-08-01 00:00:00+00:00,4.739999771118164
2007-08-02 00:00:00+00:00,4.744999885559082
2007-08-03 00:00:00+00:00,4.699999809265137
2007-08-06 00:00:00+00:00,4.715000152587891
2007-08-07 00:00:00+00:00,4.784999847412109
2007-08-08 00:00:00+00:00,4.804999828338623
2007-08-09 00:00:00+00:00,4.71999979019165
2007-08-10 00:00:00+00:00,4.414999961853027
2007-08-13 00:00:00+00:00,4.53000020980835
2007-08-14 00:00:00+00:00,4.5
2007-08-15 00:00:00+00:00,4.130000114440918
2007-08-16 00:00:00+00:00,3.700000047683716
2007-08-17 00:00:00+00:00,3.619999885559082
2007-08-20 00:00:00+00:00,2.950000047683716
2007-08-21 00:00:00+00:00,3.4200000762939453
2007-08-22 00:00:00+00:00,3.565000057220459
2007-08-23 00:00:00+00:00,3.7100000381469727
2007-08-24 00:00:00+00:00,4.079999923706055
2007-08-27 00:00:00+00:00,4.380000114440918
2007-08-28 00:00:00+00:00,4.269999980926514
2007-08-29 00:00:00+00:00,3.8499999046325684
2007-08-30 00:00:00+00:00,3.7300000190734863
2007-08-31 00:00:00+00:00,3.990000009536743
2007-09-04 00:00:00+00:00,4.28000020980835
2007-09-05 00:00:00+00:00,4.21999979019165
2007-09-06 00:00:00+00:00,4.159999847412109
2007-09-07 00:00:00+00:00,3.940000057220459
2007-09-10 00:00:00+00:00,3.869999885559082
2007-09-11 00:00:00+00:00,3.990000009536743
2007-09-12 00:00:00+00:00,3.9000000953674316
2007-09-13 00:00:00+00:00,3.950000047683716
2007-09-14 00:00:00+00:00,3.880000114440918
2007-09-17 00:00:00+00:00,3.990000009536743
2007-09-18 00:00:00+00:00,3.859999895095825
2007-09-19 00:00:00+00:00,3.809999942779541
2007-09-20 00:00:00+00:00,3.6700000762939453
2007-09-21 00:00:00+00:00,3.619999885559082
2007-09-24 00:00:00+00:00,3.6700000762939453
2007-09-25 00:00:00+00:00,3.690000057220459
2007-09-26 00:00:00+00:00,3.625
2007-09-27 00:00:00+00:00,3.5999999046325684
2007-09-28 00:00:00+00:00,3.700000047683716
2007-10-01 00:00:00+00:00,3.7950000762939453
2007-10-02 00:00:00+00:00,3.8499999046325684
2007-10-03 00:00:00+00:00,3.8399999141693115
2007-10-04 00:00:00+00:00,3.8350000381469727
2007-10-05 00:00:00+00:00,3.869999885559082
2007-10-08 00:00:00+00:00,3.865000009536743
2007-10-09 00:00:00+00:00,3.9100000858306885
2007-10-10 00:00:00+00:00,3.934999942779541
2007-10-11 00:00:00+00:00,4.005000114440918
2007-10-12 00:00:00+00:00,4.079999923706055
2007-10-15 00:00:00+00:00,4.159999847412109
2007-10-16 00:00:00+00:00,4.125
2007-10-17 00:00:00+00:00,3.890000104904175
2007-10-18 00:00:00+00:00,3.640000104904175
2007-10-19 00:00:00+00:00,3.740000009536743
2007-10-22 00:00:00+00:00,3.859999895095825
2007-10-23 00:00:00+00:00,3.859999895095825
2007-10-24 00:00:00+00:00,3.7100000381469727
2007-10-25 00:00:00+00:00,3.819999933242798
2007-10-26 00:00:00+00:00,3.8399999141693115
2007-10-29 00:00:00+00:00,3.859999895095825
2007-10-30 00:00:00+00:00,3.8499999046325684
2007-10-31 00:00:00+00:00,3.819999933242798
2007-11-01 00:00:00+00:00,3.7049999237060547
2007-11-02 00:00:00+00:00,3.5
2007-11-05 00:00:00+00:00,3.5799999237060547
2007-11-06 00:00:00+00:00,3.630000114440918
2007-11-07 00:00:00+00:00,3.359999895095825
2007-11-08 00:00:00+00:00,3.2799999713897705
2007-11-09 00:00:00+00:00,3.1700000762939453
2007-11-12 00:00:00+00:00,3.180000066757202
2007-11-13 00:00:00+00:00,3.359999895095825
2007-11-14 00:00:00+00:00,3.315000057220459
2007-11-15 00:00:00+00:00,3.190000057220459
2007-11-16 00:00:00+00:00,3.2899999618530273
2007-11-19 00:00:00+00:00,3.2750000953674316
2007-11-20 00:00:00+00:00,3.1600000858306885
2007-11-21 00:00:00+00:00,3.0399999618530273
2007-11-23 00:00:00+00:00,3.140000104904175
2007-11-26 00:00:00+00:00,3.055000066757202
2007-11-27 00:00:00+00:00,3.075000047683716
2007-11-28 00:00:00+00:00,2.9600000381469727
2007-11-29 00:00:00+00:00,2.884999990463257
2007-11-30 00:00:00+00:00,3.069999933242798
2007-12-03 00:00:00+00:00,2.9600000381469727
2007-12-04 00:00:00+00:00,2.9800000190734863
2007-12-05 00:00:00+00:00,2.9800000190734863
2007-12-06 00:00:00+00:00,2.9600000381469727
2007-12-07 00:00:00+00:00,3.0199999809265137
2007-12-10 00:00:00+00:00,2.9700000286102295
2007-12-11 00:00:00+00:00,2.869999885559082
2007-12-12 00:00:00+00:00,2.809999942779541
2007-12-13 00:00:00+00:00,2.7799999713897705
2007-12-14 00:00:00+00:00,2.7950000762939453
2007-12-17 00:00:00+00:00,2.930000066757202
2007-12-18 00:00:00+00:00,2.9700000286102295
2007-12-19 00:00:00+00:00,2.8350000381469727
2007-12-20 00:00:00+00:00,2.805000066757202
2007-12-21 00:00:00+00:00,2.9000000953674316
2007-12-24 00:00:00+00:00,3.200000047683716
2007-12-26 00:00:00+00:00,3.2249999046325684
2007-12-27 00:00:00+00:00,3.075000047683716
2007-12-28 00:00:00+00:00,3.0799999237060547
2007-12-31 00:00:00+00:00,3.140000104904175
2008-01-02 00:00:00+00:00,3.1700000762939453
2008-01-03 00:00:00+00:00,3.1500000953674316
2008-01-04 00:00:00+00:00,3.115000009536743
2008-01-07 00:00:00+00:00,3.1649999618530273
2008-01-08 00:00:00+00:00,3.1600000858306885
2008-01-09 00:00:00+00:00,3.109999895095825
2008-01-10 00:00:00+00:00,3.130000114440918
2008-01-11 00:00:00+00:00,3.009999990463257
2008-01-14 00:00:00+00:00,3.0850000381469727
2008-01-15 00:00:00+00:00,3.0850000381469727
2008-01-16 00:00:00+00:00,3.0399999618530273
2008-01-17 00:00:00+00:00,2.9800000190734863
2008-01-18 00:00:00+00:00,2.7899999618530273
2008-01-22 00:00:00+00:00,2.2300000190734863
2008-01-23 00:00:00+00:00,2.109999895095825
2008-01-24 00:00:00+00:00,2.299999952316284
2008-01-25 00:00:00+00:00,2.2200000286102295
2008-01-28 00:00:00+00:00,2.2149999141693115
2008-01-29 00:00:00+00:00,2.2049999237060547
2008-01-30 00:00:00+00:00,2.140000104904175
2008-01-31 00:00:00+00:00,1.8700000047683716
2008-02-01 00:00:00+00:00,2.049999952316284
2008-02-04 00:00:00+00:00,2.1700000762939453
2008-02-05 00:00:00+00:00,2.1449999809265137
2008-02-06 00:00:00+00:00,2.0399999618530273
2008-02-07 00:00:00+00:00,2.0999999046325684
2008-02-08 00:00:00+00:00,2.1600000858306885
2008-02-11 00:00:00+00:00,2.190000057220459
2008-02-12 00:00:00+00:00,2.25
2008-02-13 00:00:00+00:00,2.2100000381469727
2008-02-14 00:00:00+00:00,2.2200000286102295
2008-02-15 00:00:00+00:00,2.130000114440918
2008-02-19 00:00:00+00:00,2.1700000762939453
2008-02-20 00:00:00+00:00,2.174999952316284
2008-02-21 00:00:00+00:00,2.140000104904175
2008-02-22 00:00:00+00:00,2.140000104904175
2008-02-25 00:00:00+00:00,2.109999895095825
2008-02-26 00:00:00+00:00,2.075000047683716
2008-02-27 00:00:00+00:00,1.9299999475479126
2008-02-28 00:00:00+00:00,1.8550000190734863
2008-02-29 00:00:00+00:00,1.784999966621399
2008-03-03 00:00:00+00:00,1.6349999904632568
2008-03-04 00:00:00+00:00,1.5950000286102295
2008-03-05 00:00:00+00:00,1.4800000190734863
2008-03-06 00:00:00+00:00,1.3650000095367432
2008-03-07 00:00:00+00:00,1.399999976158142
2008-03-10 00:00:00+00:00,1.2999999523162842
2008-03-11 00:00:00+00:00,1.440000057220459
2008-03-12 00:00:00+00:00,1.440000057220459
2008-03-13 00:00:00+00:00,1.2999999523162842
2008-03-14 00:00:00+00:00,1.1200000047683716
2008-03-17 00:00:00+00:00,0.9900000095367432
2008-03-18 00:00:00+00:00,0.8999999761581421
2008-03-19 00:00:00+00:00,0.6499999761581421
2008-03-20 00:00:00+00:00,0.5
2008-03-24 00:00:00+00:00,1.0149999856948853
2008-03-25 00:00:00+00:00,1.2549999952316284
2008-03-26 00:00:00+00:00,1.2699999809265137
2008-03-27 00:00:00+00:00,1.25
2008-03-28 00:00:00+00:00,1.350000023841858
2008-03-31 00:00:00+00:00,1.274999976158142
2008-04-01 00:00:00+00:00,1.3550000190734863
2008-04-02 00:00:00+00:00,1.3650000095367432
2008-04-03 00:00:00+00:00,1.3600000143051147
2008-04-04 00:00:00+00:00,1.3200000524520874
2008-04-07 00:00:00+00:00,1.3600000143051147
2008-04-08 00:00:00+00:00,1.350000023841858
2008-04-09 00:00:00+00:00,1.274999976158142
2008-04-10 00:00:00+00:00,1.2350000143051147
2008-04-11 00:00:00+00:00,1.159999966621399
2008-04-14 00:00:00+00:00,1.0750000476837158
2008-04-15 00:00:00+00:00,1.100000023841858
2008-04-16 00:00:00+00:00,1.1150000095367432
2008-04-17 00:00:00+00:00,1.2100000381469727
2008-04-18 00:00:00+00:00,1.3200000524520874
2008-04-21 00:00:00+00:00,1.2699999809265137
2008-04-22 00:00:00+00:00,1.2549999952316284
2008-04-23 00:00:00+00:00,1.2000000476837158
2008-04-24 00:00:00+00:00,1.2200000286102295
2008-04-25 00:00:00+00:00,1.284999966621399
2008-04-28 00:00:00+00:00,1.3300000429153442
2008-04-29 00:00:00+00:00,1.440000057220459
2008-04-30 00:00:00+00:00,1.340000033378601
2008-05-01 00:00:00+00:00,1.3700000047683716
2008-05-02 00:00:00+00:00,1.465000033378601
2008-05-05 00:00:00+00:00,1.5499999523162842
2008-05-06 00:00:00+00:00,1.5950000286102295
2008-05-07 00:00:00+00:00,1.6299999952316284
2008-05-08 00:00:00+00:00,1.6200000047683716
2008-05-09 00:00:00+00:00,1.649999976158142
2008-05-12 00:00:00+00:00,1.75
2008-05-13 00:00:00+00:00,1.784999966621399
2008-05-14 00:00:00+00:00,1.784999966621399
2008-05-15 00:00:00+00:00,1.7899999618530273
2008-05-16 00:00:00+00:00,1.7999999523162842
2008-05-19 00:00:00+00:00,1.8049999475479126
2008-05-20 00:00:00+00:00,1.8250000476837158
2008-05-21 00:00:00+00:00,1.809999942779541
2008-05-22 00:00:00+00:00,1.8250000476837158
2008-05-23 00:00:00+00:00,1.7999999523162842
2008-05-27 00:00:00+00:00,1.850000023841858
2008-05-28 00:00:00+00:00,1.8550000190734863
2008-05-29 00:00:00+00:00,1.8650000095367432
2008-05-30 00:00:00+00:00,1.850000023841858
2008-06-02 00:00:00+00:00,1.7899999618530273
2008-06-03 00:00:00+00:00,1.809999942779541
2008-06-04 00:00:00+00:00,1.8049999475479126
2008-06-05 00:00:00+00:00,1.809999942779541
2008-06-06 00:00:00+00:00,1.7999999523162842
2008-06-09 00:00:00+00:00,1.850000023841858
2008-06-10 00:00:00+00:00,1.9700000286102295
2008-06-11 00:00:00+00:00,1.9049999713897705
2008-06-12 00:00:00+00:00,1.9500000476837158
2008-06-13 00:00:00+00:00,1.9299999475479126
2008-06-16 00:00:00+00:00,1.940000057220459
2008-06-17 00:00:00+00:00,1.9550000429153442
2008-06-18 00:00:00+00:00,1.8799999952316284
2008-06-19 00:00:00+00:00,1.8600000143051147
2008-06-20 00:00:00+00:00,1.7999999523162842
2008-06-23 00:00:00+00:00,1.850000023841858
2008-06-24 00:00:00+00:00,1.7949999570846558
2008-06-25 00:00:00+00:00,1.7599999904632568
2008-06-26 00:00:00+00:00,1.6799999475479126
2008-06-27 00:00:00+00:00,1.6299999952316284
2008-06-30 00:00:00+00:00,1.7050000429153442
2008-07-01 00:00:00+00:00,1.8250000476837158
2008-07-02 00:00:00+00:00,1.7899999618530273
2008-07-03 00:00:00+00:00,1.809999942779541
2008-07-07 00:00:00+00:00,1.774999976158142
2008-07-08 00:00:00+00:00,1.8200000524520874
2008-07-09 00:00:00+00:00,1.7899999618530273
2008-07-10 00:00:00+00:00,1.6299999952316284
2008-07-11 00:00:00+00:00,1.5700000524520874
2008-07-14 00:00:00+00:00,1.4249999523162842
2008-07-15 00:00:00+00:00,1.375
2008-07-16 00:00:00+00:00,1.3450000286102295
2008-07-17 00:00:00+00:00,1.3899999856948853
2008-07-18 00:00:00+00:00,1.4199999570846558
2008-07-21 00:00:00+00:00,1.3799999952316284
2008-07-22 00:00:00+00:00,1.5
2008-07-23 00:00:00+00:00,1.5449999570846558
2008-07-24 00:00:00+00:00,1.6100000143051147
2008-07-25 00:00:00+00:00,1.690000057220459
2008-07-28 00:00:00+00:00,1.6649999618530273
2008-07-29 00:00:00+00:00,1.6799999475479126
2008-07-30 00:00:00+00:00,1.6699999570846558
2008-07-31 00:00:00+00:00,1.6349999904632568
2008-08-01 00:00:00+00:00,1.6299999952316284
2008-08-04 00:00:00+00:00,1.659999966621399
2008-08-05 00:00:00+00:00,1.7100000381469727
2008-08-06 00:00:00+00:00,1.600000023841858
2008-08-07 00:00:00+00:00,1.6299999952316284
2008-08-08 00:00:00+00:00,1.6649999618530273
2008-08-11 00:00:00+00:00,1.7699999809265137
2008-08-12 00:00:00+00:00,1.8250000476837158
2008-08-13 00:00:00+00:00,1.815000057220459
2008-08-14 00:00:00+00:00,1.8300000429153442
2008-08-15 00:00:00+00:00,1.7999999523162842
2008-08-18 00:00:00+00:00,1.7400000095367432
2008-08-19 00:00:00+00:00,1.7649999856948853
2008-08-20 00:00:00+00:00,1.6699999570846558
2008-08-21 00:00:00+00:00,1.684999942779541
2008-08-22 00:00:00+00:00,1.6649999618530273
2008-08-25 00:00:00+00:00,1.6449999809265137
2008-08-26 00:00:00+00:00,1.6749999523162842
2008-08-27 00:00:00+00:00,1.6399999856948853
2008-08-28 00:00:00+00:00,1.7000000476837158
2008-08-29 00:00:00+00:00,1.690000057220459
2008-09-02 00:00:00+00:00,1.649999976158142
2008-09-03 00:00:00+00:00,1.6649999618530273
2008-09-04 00:00:00+00:00,1.649999976158142
2008-09-05 00:00:00+00:00,1.6399999856948853
2008-09-08 00:00:00+00:00,1.6699999570846558
2008-09-09 00:00:00+00:00,1.6399999856948853
2008-09-10 00:00:00+00:00,1.6200000047683716
2008-09-11 00:00:00+00:00,1.5800000429153442
2008-09-12 00:00:00+00:00,1.4600000381469727
2008-09-15 00:00:00+00:00,0.8100000023841858
2008-09-16 00:00:00+00:00,0.8600000143051147
2008-09-17 00:00:00+00:00,0.019999999552965164
2008-09-18 00:00:00+00:00,0.07000000029802322
2008-09-19 00:00:00+00:00,0.9200000166893005
2008-09-22 00:00:00+00:00,0.875
2008-09-23 00:00:00+00:00,0.800000011920929
2008-09-24 00:00:00+00:00,0.4399999976158142
2008-09-25 00:00:00+00:00,0.7099999785423279
2008-09-26 00:00:00+00:00,0.8299999833106995
2008-09-29 00:00:00+00:00,0.44999998807907104
2008-09-30 00:00:00+00:00,0.8999999761581421
2008-10-01 00:00:00+00:00,0.800000011920929
2008-10-02 00:00:00+00:00,0.5899999737739563
2008-10-03 00:00:00+00:00,0.4699999988079071
2008-10-06 00:00:00+00:00,0.4099999964237213
2008-10-07 00:00:00+00:00,0.7850000262260437
2008-10-08 00:00:00+00:00,0.6399999856948853
2008-10-09 00:00:00+00:00,0.5799999833106995
2008-10-10 00:00:00+00:00,0.20999999344348907
2008-10-13 00:00:00+00:00,0.20999999344348907
2008-10-14 00:00:00+00:00,0.23499999940395355
2008-10-15 00:00:00+00:00,0.20000000298023224
2008-10-16 00:00:00+00:00,0.4350000023841858
2008-10-17 00:00:00+00:00,0.7799999713897705
2008-10-20 00:00:00+00:00,1.0199999809265137
2008-10-21 00:00:00+00:00,1.0950000286102295
2008-10-22 00:00:00+00:00,1.0099999904632568
2008-10-23 00:00:00+00:00,0.9100000262260437
2008-10-24 00:00:00+00:00,0.8199999928474426
2008-10-27 00:00:00+00:00,0.7300000190734863
2008-10-28 00:00:00+00:00,0.75
2008-10-29 00:00:00+00:00,0.5649999976158142
2008-10-30 00:00:00+00:00,0.375
2008-10-31 00:00:00+00:00,0.4350000023841858
2008-11-03 00:00:00+00:00,0.41999998688697815
2008-11-04 00:00:00+00:00,0.4650000035762787
2008-11-05 00:00:00+00:00,0.3799999952316284
2008-11-06 00:00:00+00:00,0.3149999976158142
2008-11-07 00:00:00+00:00,0.28999999165534973
2008-11-10 00:00:00+00:00,0.20000000298023224
2008-11-11 00:00:00+00:00,0.19499999284744263
2008-11-12 00:00:00+00:00,0.14000000059604645
2008-11-13 00:00:00+00:00,0.1899999976158142
2008-11-14 00:00:00+00:00,0.12999999523162842
2008-11-17 00:00:00+00:00,0.09000000357627869
2008-11-18 00:00:00+00:00,0.10999999940395355
2008-11-19 00:00:00+00:00,0.06499999761581421
2008-11-20 00:00:00+00:00,0.004999999888241291
2008-11-21 00:00:00+00:00,0.009999999776482582
2008-11-24 00:00:00+00:00,0.009999999776482582
2008-11-25 00:00:00+00:00,0.10000000149011612
2008-11-26 00:00:00+00:00,0.029999999329447746
2008-11-28 00:00:00+00:00,0.019999999552965164
2008-12-01 00:00:00+00:00,0.009999999776482582
2008-12-02 00:00:00+00:00,0.05000000074505806
2008-12-03 00:00:00+00:00,0.014999999664723873
2008-12-04 00:00:00+00:00,0.004999999888241291
2008-12-05 00:00:00+00:00,0.009999999776482582
2008-12-08 00:00:00+00:00,0.004999999888241291
2008-12-09 00:00:00+00:00,0.009999999776482582
2008-12-10 00:00:00+00:00,0.004999999888241291
2008-12-11 00:00:00+00:00,0.009999999776482582
2008-12-12 00:00:00+00:00,0.009999999776482582
2008-12-15 00:00:00+00:00,0.004999999888241291
2008-12-16 00:00:00+00:00,0.02500000037252903
2008-12-17 00:00:00+00:00,0.004999999888241291
2008-12-18 00:00:00+00:00,0.004999999888241291
2008-12-19 00:00:00+00:00,0.004999999888241291
2008-12-22 00:00:00+00:00,0.004999999888241291
2008-12-23 00:00:00+00:00,0.004999999888241291
2008-12-24 00:00:00+00:00,0.004999999888241291
2008-12-26 00:00:00+00:00,0.004999999888241291
2008-12-29 00:00:00+00:00,0.009999999776482582
2008-12-30 00:00:00+00:00,0.09000000357627869
2008-12-31 00:00:00+00:00,0.11500000208616257
2009-01-02 00:00:00+00:00,0.08500000089406967
2009-01-05 00:00:00+00:00,0.08500000089406967
2009-01-06 00:00:00+00:00,0.12999999523162842
2009-01-07 00:00:00+00:00,0.10000000149011612
2009-01-08 00:00:00+00:00,0.07999999821186066
2009-01-09 00:00:00+00:00,0.06499999761581421
2009-01-12 00:00:00+00:00,0.06499999761581421
2009-01-13 00:00:00+00:00,0.10499999672174454
2009-01-14 00:00:00+00:00,0.10999999940395355
2009-01-15 00:00:00+00:00,0.10000000149011612
2009-01-16 00:00:00+00:00,0.11500000208616257
2009-01-20 00:00:00+00:00,0.10000000149011612
2009-01-21 00:00:00+00:00,0.10999999940395355
2009-01-22 00:00:00+00:00,0.10000000149011612
2009-01-23 00:00:00+00:00,0.09000000357627869
2009-01-26 00:00:00+00:00,0.10000000149011612
2009-01-27 00:00:00+00:00,0.12999999523162842
2009-01-28 00:00:00+00:00,0.18000000715255737
2009-01-29 00:00:00+00:00,0.2199999988079071
2009-01-30 00:00:00+00:00,0.2199999988079071
2009-02-02 00:00:00+00:00,0.24500000476837158
2009-02-03 00:00:00+00:00,0.3100000023841858
2009-02-04 00:00:00+00:00,0.28999999165534973
2009-02-05 00:00:00+00:00,0.27000001072883606
2009-02-06 00:00:00+00:00,0.27000001072883606
2009-02-09 00:00:00+00:00,0.2750000059604645
2009-02-10 00:00:00+00:00,0.3050000071525574
2009-02-11 00:00:00+00:00,0.30000001192092896
2009-02-12 00:00:00+00:00,0.2849999964237213
2009-02-13 00:00:00+00:00,0.28999999165534973
2009-02-17 00:00:00+00:00,0.2849999964237213
2009-02-18 00:00:00+00:00,0.30000001192092896
2009-02-19 00:00:00+00:00,0.30000001192092896
2009-02-20 00:00:00+00:00,0.26499998569488525
2009-02-23 00:00:00+00:00,0.27000001072883606
2009-02-24 00:00:00+00:00,0.29499998688697815
2009-02-25 00:00:00+00:00,0.29499998688697815
2009-02-26 00:00:00+00:00,0.26499998569488525
2009-02-27 00:00:00+00:00,0.25
2009-03-02 00:00:00+00:00,0.23000000417232513
2009-03-03 00:00:00+00:00,0.26499998569488525
2009-03-04 00:00:00+00:00,0.25
2009-03-05 00:00:00+00:00,0.20000000298023224
2009-03-06 00:00:00+00:00,0.1850000023841858
2009-03-09 00:00:00+00:00,0.20000000298023224
2009-03-10 00:00:00+00:00,0.23499999940395355
2009-03-11 00:00:00+00:00,0.2199999988079071
2009-03-12 00:00:00+00:00,0.20000000298023224
2009-03-13 00:00:00+00:00,0.1899999976158142
2009-03-16 00:00:00+00:00,0.2199999988079071
2009-03-17 00:00:00+00:00,0.22499999403953552
2009-03-18 00:00:00+00:00,0.20499999821186066
2009-03-19 00:00:00+00:00,0.1899999976158142
2009-03-20 00:00:00+00:00,0.20000000298023224
2009-03-23 00:00:00+00:00,0.1899999976158142
2009-03-24 00:00:00+00:00,0.20499999821186066
2009-03-25 00:00:00+00:00,0.1850000023841858
2009-03-26 00:00:00+00:00,0.14000000059604645
2009-03-27 00:00:00+00:00,0.125
2009-03-30 00:00:00+00:00,0.11999999731779099
2009-03-31 00:00:00+00:00,0.20000000298023224
2009-04-01 00:00:00+00:00,0.20999999344348907
2009-04-02 00:00:00+00:00,0.1899999976158142
2009-04-03 00:00:00+00:00,0.20000000298023224
2009-04-06 00:00:00+00:00,0.1850000023841858
2009-04-07 00:00:00+00:00,0.1899999976158142
2009-04-08 00:00:00+00:00,0.18000000715255737
2009-04-09 00:00:00+00:00,0.17499999701976776
2009-04-13 00:00:00+00:00,0.17000000178813934
2009-04-14 00:00:00+00:00,0.16500000655651093
2009-04-15 00:00:00+00:00,0.14000000059604645
2009-04-16 00:00:00+00:00,0.125
2009-04-17 00:00:00+00:00,0.12999999523162842
2009-04-20 00:00:00+00:00,0.11999999731779099
2009-04-21 00:00:00+00:00,0.14000000059604645
2009-04-22 00:00:00+00:00,0.13500000536441803
2009-04-23 00:00:00+00:00,0.0949999988079071
2009-04-24 00:00:00+00:00,0.0949999988079071
2009-04-27 00:00:00+00:00,0.09000000357627869
2009-04-28 00:00:00+00:00,0.11999999731779099
2009-04-29 00:00:00+00:00,0.0949999988079071
2009-04-30 00:00:00+00:00,0.125
2009-05-01 00:00:00+00:00,0.14499999582767487
2009-05-04 00:00:00+00:00,0.17499999701976776
2009-05-05 00:00:00+00:00,0.17499999701976776
2009-05-06 00:00:00+00:00,0.18000000715255737
2009-05-07 00:00:00+00:00,0.18000000715255737
2009-05-08 00:00:00+00:00,0.16500000655651093
2009-05-11 00:00:00+00:00,0.1550000011920929
2009-05-12 00:00:00+00:00,0.18000000715255737
2009-05-13 00:00:00+00:00,0.17000000178813934
2009-05-14 00:00:00+00:00,0.1550000011920929
2009-05-15 00:00:00+00:00,0.1550000011920929
2009-05-18 00:00:00+00:00,0.1599999964237213
2009-05-19 00:00:00+00:00,0.17499999701976776
2009-05-20 00:00:00+00:00,0.17000000178813934
2009-05-21 00:00:00+00:00,0.17499999701976776
2009-05-22 00:00:00+00:00,0.17499999701976776
2009-05-26 00:00:00+00:00,0.16500000655651093
2009-05-27 00:00:00+00:00,0.1599999964237213
2009-05-28 00:00:00+00:00,0.13500000536441803
2009-05-29 00:00:00+00:00,0.12999999523162842
2009-06-01 00:00:00+00:00,0.08500000089406967
2009-06-02 00:00:00+00:00,0.12999999523162842
2009-06-03 00:00:00+00:00,0.12999999523162842
2009-06-04 00:00:00+00:00,0.13500000536441803
2009-06-05 00:00:00+00:00,0.18000000715255737
2009-06-08 00:00:00+00:00,0.17000000178813934
2009-06-09 00:00:00+00:00,0.17499999701976776
2009-06-10 00:00:00+00:00,0.17499999701976776
2009-06-11 00:00:00+00:00,0.17000000178813934
2009-06-12 00:00:00+00:00,0.16500000655651093
2009-06-15 00:00:00+00:00,0.1550000011920929
2009-06-16 00:00:00+00:00,0.16500000655651093
2009-06-17 00:00:00+00:00,0.16500000655651093
2009-06-18 00:00:00+00:00,0.17000000178813934
2009-06-19 00:00:00+00:00,0.17000000178813934
2009-06-22 00:00:00+00:00,0.1850000023841858
2009-06-23 00:00:00+00:00,0.19499999284744263
2009-06-24 00:00:00+00:00,0.18000000715255737
2009-06-25 00:00:00+00:00,0.16500000655651093
2009-06-26 00:00:00+00:00,0.17499999701976776
2009-06-29 00:00:00+00:00,0.1599999964237213
2009-06-30 00:00:00+00:00,0.18000000715255737
2009-07-01 00:00:00+00:00,0.16500000655651093
2009-07-02 00:00:00+00:00,0.1550000011920929
2009-07-06 00:00:00+00:00,0.1550000011920929
2009-07-07 00:00:00+00:00,0.18000000715255737
2009-07-08 00:00:00+00:00,0.17499999701976776
2009-07-09 00:00:00+00:00,0.17499999701976776
2009-07-10 00:00:00+00:00,0.16500000655651093
2009-07-13 00:00:00+00:00,0.17000000178813934
2009-07-14 00:00:00+00:00,0.17499999701976776
2009-07-15 00:00:00+00:00,0.17499999701976776
2009-07-16 00:00:00+00:00,0.16500000655651093
2009-07-17 00:00:00+00:00,0.16500000655651093
2009-07-20 00:00:00+00:00,0.1599999964237213
2009-07-21 00:00:00+00:00,0.18000000715255737
2009-07-22 00:00:00+00:00,0.18000000715255737
2009-07-23 00:00:00+00:00,0.18000000715255737
2009-07-24 00:00:00+00:00,0.18000000715255737
2009-07-27 00:00:00+00:00,0.18000000715255737
2009-07-28 00:00:00+00:00,0.1850000023841858
2009-07-29 00:00:00+00:00,0.17499999701976776
2009-07-30 00:00:00+00:00,0.17499999701976776
2009-07-31 00:00:00+00:00,0.17499999701976776
2009-08-03 00:00:00+00:00,0.17499999701976776
2009-08-04 00:00:00+00:00,0.17499999701976776
2009-08-05 00:00:00+00:00,0.17499999701976776
2009-08-06 00:00:00+00:00,0.17000000178813934
2009-08-07 00:00:00+00:00,0.17000000178813934
2009-08-10 00:00:00+00:00,0.1599999964237213
2009-08-11 00:00:00+00:00,0.18000000715255737
2009-08-12 00:00:00+00:00,0.17000000178813934
2009-08-13 00:00:00+00:00,0.16500000655651093
2009-08-14 00:00:00+00:00,0.17000000178813934
2009-08-17 00:00:00+00:00,0.17000000178813934
2009-08-18 00:00:00+00:00,0.17499999701976776
2009-08-19 00:00:00+00:00,0.16500000655651093
2009-08-20 00:00:00+00:00,0.1599999964237213
2009-08-21 00:00:00+00:00,0.1599999964237213
2009-08-24 00:00:00+00:00,0.1550000011920929
2009-08-25 00:00:00+00:00,0.1550000011920929
2009-08-26 00:00:00+00:00,0.14499999582767487
2009-08-27 00:00:00+00:00,0.14000000059604645
2009-08-28 00:00:00+00:00,0.12999999523162842
2009-08-31 00:00:00+00:00,0.12999999523162842
2009-09-01 00:00:00+00:00,0.12999999523162842
2009-09-02 00:00:00+00:00,0.12999999523162842
2009-09-03 00:00:00+00:00,0.125
2009-09-04 00:00:00+00:00,0.125
2009-09-08 00:00:00+00:00,0.125
2009-09-09 00:00:00+00:00,0.13500000536441803
2009-09-10 00:00:00+00:00,0.13500000536441803
2009-09-11 00:00:00+00:00,0.13500000536441803
2009-09-14 00:00:00+00:00,0.12999999523162842
2009-09-15 00:00:00+00:00,0.125
2009-09-16 00:00:00+00:00,0.0949999988079071
2009-09-17 00:00:00+00:00,0.0949999988079071
2009-09-18 00:00:00+00:00,0.07999999821186066
2009-09-21 00:00:00+00:00,0.09000000357627869
2009-09-22 00:00:00+00:00,0.0949999988079071
2009-09-23 00:00:00+00:00,0.0949999988079071
2009-09-24 00:00:00+00:00,0.09000000357627869
2009-09-25 00:00:00+00:00,0.09000000357627869
2009-09-28 00:00:00+00:00,0.09000000357627869
2009-09-29 00:00:00+00:00,0.11999999731779099
2009-09-30 00:00:00+00:00,0.11500000208616257
2009-10-01 00:00:00+00:00,0.0949999988079071
2009-10-02 00:00:00+00:00,0.09000000357627869
2009-10-05 00:00:00+00:00,0.09000000357627869
2009-10-06 00:00:00+00:00,0.07000000029802322
2009-10-07 00:00:00+00:00,0.05999999865889549
2009-10-08 00:00:00+00:00,0.05999999865889549
2009-10-09 00:00:00+00:00,0.06499999761581421
2009-10-12 00:00:00+00:00,0.05999999865889549
2009-10-13 00:00:00+00:00,0.05999999865889549
2009-10-14 00:00:00+00:00,0.06499999761581421
2009-10-15 00:00:00+00:00,0.054999999701976776
2009-10-16 00:00:00+00:00,0.05999999865889549
2009-10-19 00:00:00+00:00,0.05999999865889549
2009-10-20 00:00:00+00:00,0.07500000298023224
2009-10-21 00:00:00+00:00,0.06499999761581421
2009-10-22 00:00:00+00:00,0.05000000074505806
2009-10-23 00:00:00+00:00,0.05000000074505806
2009-10-26 00:00:00+00:00,0.05000000074505806
2009-10-27 00:00:00+00:00,0.07000000029802322
2009-10-28 00:00:00+00:00,0.05999999865889549
2009-10-29 00:00:00+00:00,0.05000000074505806
2009-10-30 00:00:00+00:00,0.04500000178813934
2009-11-02 00:00:00+00:00,0.03999999910593033
2009-11-03 00:00:00+00:00,0.05000000074505806
2009-11-04 00:00:00+00:00,0.04500000178813934
2009-11-05 00:00:00+00:00,0.03500000014901161
2009-11-06 00:00:00+00:00,0.04500000178813934
2009-11-09 00:00:00+00:00,0.04500000178813934
2009-11-10 00:00:00+00:00,0.05999999865889549
2009-11-11 00:00:00+00:00,0.05999999865889549
2009-11-12 00:00:00+00:00,0.054999999701976776
2009-11-13 00:00:00+00:00,0.054999999701976776
2009-11-16 00:00:00+00:00,0.054999999701976776
2009-11-17 00:00:00+00:00,0.054999999701976776
2009-11-18 00:00:00+00:00,0.029999999329447746
2009-11-19 00:00:00+00:00,0.004999999888241291
2009-11-20 00:00:00+00:00,0.009999999776482582
2009-11-23 00:00:00+00:00,0.019999999552965164
2009-11-24 00:00:00+00:00,0.03999999910593033
2009-11-25 00:00:00+00:00,0.03999999910593033
2009-11-27 00:00:00+00:00,0.02500000037252903
2009-11-30 00:00:00+00:00,0.05000000074505806
2009-12-01 00:00:00+00:00,0.05000000074505806
2009-12-02 00:00:00+00:00,0.03999999910593033
2009-12-03 00:00:00+00:00,0.03999999910593033
2009-12-04 00:00:00+00:00,0.03999999910593033
2009-12-07 00:00:00+00:00,0.014999999664723873
2009-12-08 00:00:00+00:00,0.02500000037252903
2009-12-09 00:00:00+00:00,0.02500000037252903
2009-12-10 00:00:00+00:00,0.02500000037252903
2009-12-11 00:00:00+00:00,0.019999999552965164
2009-12-14 00:00:00+00:00,0.019999999552965164
2009-12-15 00:00:00+00:00,0.03999999910593033
2009-12-16 00:00:00+00:00,0.03500000014901161
2009-12-17 00:00:00+00:00,0.03999999910593033
2009-12-18 00:00:00+00:00,0.03999999910593033
2009-12-21 00:00:00+00:00,0.04500000178813934
2009-12-22 00:00:00+00:00,0.07000000029802322
2009-12-23 00:00:00+00:00,0.054999999701976776
2009-12-24 00:00:00+00:00,0.03999999910593033
2009-12-28 00:00:00+00:00,0.054999999701976776
2009-12-29 00:00:00+00:00,0.0949999988079071
2009-12-30 00:00:00+00:00,0.03999999910593033
2009-12-31 00:00:00+00:00,0.05000000074505806
2010-01-04 00:00:00+00:00,0.054999999701976776
2010-01-05 00:00:00+00:00,0.05999999865889549
2010-01-06 00:00:00+00:00,0.04500000178813934
2010-01-07 00:00:00+00:00,0.04500000178813934
2010-01-08 00:00:00+00:00,0.03999999910593033
2010-01-11 00:00:00+00:00,0.02500000037252903
2010-01-12 00:00:00+00:00,0.03999999910593033
2010-01-13 00:00:00+00:00,0.05000000074505806
2010-01-14 00:00:00+00:00,0.04500000178813934
2010-01-15 00:00:00+00:00,0.054999999701976776
2010-01-19 00:00:00+00:00,0.05000000074505806
2010-01-20 00:00:00+00:00,0.05000000074505806
2010-01-21 00:00:00+00:00,0.03999999910593033
2010-01-22 00:00:00+00:00,0.04500000178813934
2010-01-25 00:00:00+00:00,0.04500000178813934
2010-01-26 00:00:00+00:00,0.06499999761581421
2010-01-27 00:00:00+00:00,0.07000000029802322
2010-01-28 00:00:00+00:00,0.07000000029802322
2010-01-29 00:00:00+00:00,0.07000000029802322
2010-02-01 00:00:00+00:00,0.08500000089406967
2010-02-02 00:00:00+00:00,0.09000000357627869
2010-02-03 00:00:00+00:00,0.09000000357627869
2010-02-04 00:00:00+00:00,0.08500000089406967
2010-02-05 00:00:00+00:00,0.08500000089406967
2010-02-08 00:00:00+00:00,0.09000000357627869
2010-02-09 00:00:00+00:00,0.10000000149011612
2010-02-10 00:00:00+00:00,0.10000000149011612
2010-02-11 00:00:00+00:00,0.0949999988079071
2010-02-12 00:00:00+00:00,0.09000000357627869
2010-02-16 00:00:00+00:00,0.08500000089406967
2010-02-17 00:00:00+00:00,0.09000000357627869
2010-02-18 00:00:00+00:00,0.08500000089406967
2010-02-19 00:00:00+00:00,0.0949999988079071
2010-02-22 00:00:00+00:00,0.08500000089406967
2010-02-23 00:00:00+00:00,0.11500000208616257
2010-02-24 00:00:00+00:00,0.10999999940395355
2010-02-25 00:00:00+00:00,0.11500000208616257
2010-02-26 00:00:00+00:00,0.11500000208616257
2010-03-01 00:00:00+00:00,0.11999999731779099
2010-03-02 00:00:00+00:00,0.125
2010-03-03 00:00:00+00:00,0.13500000536441803
2010-03-04 00:00:00+00:00,0.13500000536441803
2010-03-05 00:00:00+00:00,0.14499999582767487
2010-03-08 00:00:00+00:00,0.14499999582767487
2010-03-09 00:00:00+00:00,0.15000000596046448
2010-03-10 00:00:00+00:00,0.14499999582767487
2010-03-11 00:00:00+00:00,0.14499999582767487
2010-03-12 00:00:00+00:00,0.14000000059604645
2010-03-15 00:00:00+00:00,0.14499999582767487
2010-03-16 00:00:00+00:00,0.1550000011920929
2010-03-17 00:00:00+00:00,0.15000000596046448
2010-03-18 00:00:00+00:00,0.14499999582767487
2010-03-19 00:00:00+00:00,0.14499999582767487
2010-03-22 00:00:00+00:00,0.14000000059604645
2010-03-23 00:00:00+00:00,0.12999999523162842
2010-03-24 00:00:00+00:00,0.13500000536441803
2010-03-25 00:00:00+00:00,0.12999999523162842
2010-03-26 00:00:00+00:00,0.12999999523162842
2010-03-29 00:00:00+00:00,0.125
2010-03-30 00:00:00+00:00,0.15000000596046448
2010-03-31 00:00:00+00:00,0.15000000596046448
2010-04-01 00:00:00+00:00,0.15000000596046448
2010-04-05 00:00:00+00:00,0.1599999964237213
2010-04-06 00:00:00+00:00,0.16500000655651093
2010-04-07 00:00:00+00:00,0.1599999964237213
2010-04-08 00:00:00+00:00,0.1550000011920929
2010-04-09 00:00:00+00:00,0.15000000596046448
2010-04-12 00:00:00+00:00,0.13500000536441803
2010-04-13 00:00:00+00:00,0.15000000596046448
2010-04-14 00:00:00+00:00,0.1550000011920929
2010-04-15 00:00:00+00:00,0.15000000596046448
2010-04-16 00:00:00+00:00,0.15000000596046448
2010-04-19 00:00:00+00:00,0.15000000596046448
2010-04-20 00:00:00+00:00,0.14499999582767487
2010-04-21 00:00:00+00:00,0.14499999582767487
2010-04-22 00:00:00+00:00,0.15000000596046448
2010-04-23 00:00:00+00:00,0.1550000011920929
2010-04-26 00:00:00+00:00,0.15000000596046448
2010-04-27 00:00:00+00:00,0.14499999582767487
2010-04-28 00:00:00+00:00,0.1550000011920929
2010-04-29 00:00:00+00:00,0.1599999964237213
2010-04-30 00:00:00+00:00,0.1550000011920929
2010-05-03 00:00:00+00:00,0.1599999964237213
2010-05-04 00:00:00+00:00,0.1550000011920929
2010-05-05 00:00:00+00:00,0.14499999582767487
2010-05-06 00:00:00+00:00,0.10000000149011612
2010-05-07 00:00:00+00:00,0.11999999731779099
2010-05-10 00:00:00+00:00,0.14499999582767487
2010-05-11 00:00:00+00:00,0.15000000596046448
2010-05-12 00:00:00+00:00,0.15000000596046448
2010-05-13 00:00:00+00:00,0.1550000011920929
2010-05-14 00:00:00+00:00,0.14499999582767487
2010-05-17 00:00:00+00:00,0.15000000596046448
2010-05-18 00:00:00+00:00,0.16500000655651093
2010-05-19 00:00:00+00:00,0.16500000655651093
2010-05-20 00:00:00+00:00,0.1550000011920929
2010-05-21 00:00:00+00:00,0.15000000596046448
2010-05-24 00:00:00+00:00,0.15000000596046448
2010-05-25 00:00:00+00:00,0.1599999964237213
2010-05-26 00:00:00+00:00,0.1599999964237213
2010-05-27 00:00:00+00:00,0.1599999964237213
2010-05-28 00:00:00+00:00,0.15000000596046448
2010-06-01 00:00:00+00:00,0.14499999582767487
2010-06-02 00:00:00+00:00,0.14499999582767487
2010-06-03 00:00:00+00:00,0.12999999523162842
2010-06-04 00:00:00+00:00,0.11999999731779099
2010-06-07 00:00:00+00:00,0.10499999672174454
2010-06-08 00:00:00+00:00,0.10999999940395355
2010-06-09 00:00:00+00:00,0.0949999988079071
2010-06-10 00:00:00+00:00,0.08500000089406967
2010-06-11 00:00:00+00:00,0.07000000029802322
2010-06-14 00:00:00+00:00,0.054999999701976776
2010-06-15 00:00:00+00:00,0.07999999821186066
2010-06-16 00:00:00+00:00,0.09000000357627869
2010-06-17 00:00:00+00:00,0.09000000357627869
2010-06-18 00:00:00+00:00,0.0949999988079071
2010-06-21 00:00:00+00:00,0.10499999672174454
2010-06-22 00:00:00+00:00,0.125
2010-06-23 00:00:00+00:00,0.11999999731779099
2010-06-24 00:00:00+00:00,0.125
2010-06-25 00:00:00+00:00,0.125
2010-06-28 00:00:00+00:00,0.13500000536441803
2010-06-29 00:00:00+00:00,0.1599999964237213
2010-06-30 00:00:00+00:00,0.17000000178813934
2010-07-01 00:00:00+00:00,0.16500000655651093
2010-07-02 00:00:00+00:00,0.1599999964237213
2010-07-06 00:00:00+00:00,0.1599999964237213
2010-07-07 00:00:00+00:00,0.1550000011920929
2010-07-08 00:00:00+00:00,0.14499999582767487
2010-07-09 00:00:00+00:00,0.14499999582767487
2010-07-12 00:00:00+00:00,0.14000000059604645
2010-07-13 00:00:00+00:00,0.14499999582767487
2010-07-14 00:00:00+00:00,0.14499999582767487
2010-07-15 00:00:00+00:00,0.14499999582767487
2010-07-16 00:00:00+00:00,0.14499999582767487
2010-07-19 00:00:00+00:00,0.14499999582767487
2010-07-20 00:00:00+00:00,0.15000000596046448
2010-07-21 00:00:00+00:00,0.15000000596046448
2010-07-22 00:00:00+00:00,0.14499999582767487
2010-07-23 00:00:00+00:00,0.14499999582767487
2010-07-26 00:00:00+00:00,0.14499999582767487
2010-07-27 00:00:00+00:00,0.15000000596046448
2010-07-28 00:00:00+00:00,0.14499999582767487
2010-07-29 00:00:00+00:00,0.14499999582767487
2010-07-30 00:00:00+00:00,0.14000000059604645
2010-08-02 00:00:00+00:00,0.14000000059604645
2010-08-03 00:00:00+00:00,0.15000000596046448
2010-08-04 00:00:00+00:00,0.14499999582767487
2010-08-05 00:00:00+00:00,0.14000000059604645
2010-08-06 00:00:00+00:00,0.14000000059604645
2010-08-09 00:00:00+00:00,0.14000000059604645
2010-08-10 00:00:00+00:00,0.14499999582767487
2010-08-11 00:00:00+00:00,0.14499999582767487
2010-08-12 00:00:00+00:00,0.15000000596046448
2010-08-13 00:00:00+00:00,0.14499999582767487
2010-08-16 00:00:00+00:00,0.15000000596046448
2010-08-17 00:00:00+00:00,0.1550000011920929
2010-08-18 00:00:00+00:00,0.15000000596046448
2010-08-19 00:00:00+00:00,0.14499999582767487
2010-08-20 00:00:00+00:00,0.14499999582767487
2010-08-23 00:00:00+00:00,0.15000000596046448
2010-08-24 00:00:00+00:00,0.1550000011920929
2010-08-25 00:00:00+00:00,0.15000000596046448
2010-08-26 00:00:00+00:00,0.14499999582767487
2010-08-27 00:00:00+00:00,0.14000000059604645
2010-08-30 00:00:00+00:00,0.12999999523162842
2010-08-31 00:00:00+00:00,0.13500000536441803
2010-09-01 00:00:00+00:00,0.12999999523162842
2010-09-02 00:00:00+00:00,0.125
2010-09-03 00:00:00+00:00,0.125
2010-09-07 00:00:00+00:00,0.11999999731779099
2010-09-08 00:00:00+00:00,0.12999999523162842
2010-09-09 00:00:00+00:00,0.13500000536441803
2010-09-10 00:00:00+00:00,0.13500000536441803
2010-09-13 00:00:00+00:00,0.13500000536441803
2010-09-14 00:00:00+00:00,0.14499999582767487
2010-09-15 00:00:00+00:00,0.15000000596046448
2010-09-16 00:00:00+00:00,0.15000000596046448
2010-09-17 00:00:00+00:00,0.14499999582767487
2010-09-20 00:00:00+00:00,0.15000000596046448
2010-09-21 00:00:00+00:00,0.1550000011920929
2010-09-22 00:00:00+00:00,0.1550000011920929
2010-09-23 00:00:00+00:00,0.15000000596046448
2010-09-24 00:00:00+00:00,0.14000000059604645
2010-09-27 00:00:00+00:00,0.12999999523162842
2010-09-28 00:00:00+00:00,0.15000000596046448
2010-09-29 00:00:00+00:00,0.1550000011920929
2010-09-30 00:00:00+00:00,0.1550000011920929
2010-10-01 00:00:00+00:00,0.15000000596046448
2010-10-04 00:00:00+00:00,0.14499999582767487
2010-10-05 00:00:00+00:00,0.11500000208616257
2010-10-06 00:00:00+00:00,0.11500000208616257
2010-10-07 00:00:00+00:00,0.11500000208616257
2010-10-08 00:00:00+00:00,0.11500000208616257
2010-10-12 00:00:00+00:00,0.11500000208616257
2010-10-13 00:00:00+00:00,0.12999999523162842
2010-10-14 00:00:00+00:00,0.13500000536441803
2010-10-15 00:00:00+00:00,0.13500000536441803
2010-10-18 00:00:00+00:00,0.13500000536441803
2010-10-19 00:00:00+00:00,0.13500000536441803
2010-10-20 00:00:00+00:00,0.13500000536441803
2010-10-21 00:00:00+00:00,0.11999999731779099
2010-10-22 00:00:00+00:00,0.11999999731779099
2010-10-25 00:00:00+00:00,0.11500000208616257
2010-10-26 00:00:00+00:00,0.12999999523162842
2010-10-27 00:00:00+00:00,0.12999999523162842
2010-10-28 00:00:00+00:00,0.125
2010-10-29 00:00:00+00:00,0.10999999940395355
2010-11-01 00:00:00+00:00,0.10499999672174454
2010-11-02 00:00:00+00:00,0.125
2010-11-03 00:00:00+00:00,0.11999999731779099
2010-11-04 00:00:00+00:00,0.11500000208616257
2010-11-05 00:00:00+00:00,0.11999999731779099
2010-11-08 00:00:00+00:00,0.10999999940395355
2010-11-09 00:00:00+00:00,0.125
2010-11-10 00:00:00+00:00,0.125
2010-11-11 00:00:00+00:00,0.125
2010-11-12 00:00:00+00:00,0.125
2010-11-15 00:00:00+00:00,0.12999999523162842
2010-11-16 00:00:00+00:00,0.13500000536441803
2010-11-17 00:00:00+00:00,0.13500000536441803
2010-11-18 00:00:00+00:00,0.13500000536441803
2010-11-19 00:00:00+00:00,0.12999999523162842
2010-11-22 00:00:00+00:00,0.125
2010-11-23 00:00:00+00:00,0.14000000059604645
2010-11-24 00:00:00+00:00,0.15000000596046448
2010-11-26 00:00:00+00:00,0.1550000011920929
2010-11-29 00:00:00+00:00,0.1550000011920929
2010-11-30 00:00:00+00:00,0.1599999964237213
2010-12-01 00:00:00+00:00,0.1550000011920929
2010-12-02 00:00:00+00:00,0.14499999582767487
2010-12-03 00:00:00+00:00,0.12999999523162842
2010-12-06 00:00:00+00:00,0.125
2010-12-07 00:00:00+00:00,0.14000000059604645
2010-12-08 00:00:00+00:00,0.13500000536441803
2010-12-09 00:00:00+00:00,0.13500000536441803
2010-12-10 00:00:00+00:00,0.11500000208616257
2010-12-13 00:00:00+00:00,0.11999999731779099
2010-12-14 00:00:00+00:00,0.13500000536441803
2010-12-15 00:00:00+00:00,0.13500000536441803
2010-12-16 00:00:00+00:00,0.125
2010-12-17 00:00:00+00:00,0.10499999672174454
2010-12-20 00:00:00+00:00,0.10000000149011612
2010-12-21 00:00:00+00:00,0.12999999523162842
2010-12-22 00:00:00+00:00,0.12999999523162842
2010-12-23 00:00:00+00:00,0.12999999523162842
2010-12-27 00:00:00+00:00,0.11999999731779099
2010-12-28 00:00:00+00:00,0.14000000059604645
2010-12-29 00:00:00+00:00,0.125
2010-12-30 00:00:00+00:00,0.10999999940395355
2010-12-31 00:00:00+00:00,0.11500000208616257
2011-01-03 00:00:00+00:00,0.11999999731779099
2011-01-04 00:00:00+00:00,0.13500000536441803
2011-01-05 00:00:00+00:00,0.13500000536441803
2011-01-06 00:00:00+00:00,0.14000000059604645
2011-01-07 00:00:00+00:00,0.13500000536441803
2011-01-10 00:00:00+00:00,0.13500000536441803
2011-01-11 00:00:00+00:00,0.14499999582767487
2011-01-12 00:00:00+00:00,0.14499999582767487
2011-01-13 00:00:00+00:00,0.14000000059604645
2011-01-14 00:00:00+00:00,0.14499999582767487
2011-01-18 00:00:00+00:00,0.14499999582767487
2011-01-19 00:00:00+00:00,0.1550000011920929
2011-01-20 00:00:00+00:00,0.1550000011920929
2011-01-21 00:00:00+00:00,0.15000000596046448
2011-01-24 00:00:00+00:00,0.15000000596046448
2011-01-25 00:00:00+00:00,0.15000000596046448
2011-01-26 00:00:00+00:00,0.1550000011920929
2011-01-27 00:00:00+00:00,0.14000000059604645
2011-01-28 00:00:00+00:00,0.13500000536441803
2011-01-31 00:00:00+00:00,0.14499999582767487
2011-02-01 00:00:00+00:00,0.15000000596046448
2011-02-02 00:00:00+00:00,0.15000000596046448
2011-02-03 00:00:00+00:00,0.14499999582767487
2011-02-04 00:00:00+00:00,0.14499999582767487
2011-02-07 00:00:00+00:00,0.14000000059604645
2011-02-08 00:00:00+00:00,0.14499999582767487
2011-02-09 00:00:00+00:00,0.12999999523162842
2011-02-10 00:00:00+00:00,0.10999999940395355
2011-02-11 00:00:00+00:00,0.10999999940395355
2011-02-14 00:00:00+00:00,0.10999999940395355
2011-02-15 00:00:00+00:00,0.125
2011-02-16 00:00:00+00:00,0.10999999940395355
2011-02-17 00:00:00+00:00,0.09000000357627869
2011-02-18 00:00:00+00:00,0.09000000357627869
2011-02-22 00:00:00+00:00,0.10000000149011612
2011-02-23 00:00:00+00:00,0.11500000208616257
2011-02-24 00:00:00+00:00,0.11999999731779099
2011-02-25 00:00:00+00:00,0.125
2011-02-28 00:00:00+00:00,0.13500000536441803
2011-03-01 00:00:00+00:00,0.12999999523162842
2011-03-02 00:00:00+00:00,0.11999999731779099
2011-03-03 00:00:00+00:00,0.125
2011-03-04 00:00:00+00:00,0.10999999940395355
2011-03-07 00:00:00+00:00,0.10000000149011612
2011-03-08 00:00:00+00:00,0.10499999672174454
2011-03-09 00:00:00+00:00,0.0949999988079071
2011-03-10 00:00:00+00:00,0.06499999761581421
2011-03-11 00:00:00+00:00,0.07000000029802322
2011-03-14 00:00:00+00:00,0.07500000298023224
2011-03-15 00:00:00+00:00,0.0949999988079071
2011-03-16 00:00:00+00:00,0.08500000089406967
2011-03-17 00:00:00+00:00,0.07000000029802322
2011-03-18 00:00:00+00:00,0.06499999761581421
2011-03-21 00:00:00+00:00,0.07000000029802322
2011-03-22 00:00:00+00:00,0.09000000357627869
2011-03-23 00:00:00+00:00,0.08500000089406967
2011-03-24 00:00:00+00:00,0.07999999821186066
2011-03-25 00:00:00+00:00,0.07999999821186066
2011-03-28 00:00:00+00:00,0.07999999821186066
2011-03-29 00:00:00+00:00,0.0949999988079071
2011-03-30 00:00:00+00:00,0.0949999988079071
2011-03-31 00:00:00+00:00,0.09000000357627869
2011-04-01 00:00:00+00:00,0.054999999701976776
2011-04-04 00:00:00+00:00,0.03500000014901161
2011-04-05 00:00:00+00:00,0.06499999761581421
2011-04-06 00:00:00+00:00,0.05000000074505806
2011-04-07 00:00:00+00:00,0.03500000014901161
2011-04-08 00:00:00+00:00,0.03500000014901161
2011-04-11 00:00:00+00:00,0.03500000014901161
2011-04-12 00:00:00+00:00,0.04500000178813934
2011-04-13 00:00:00+00:00,0.05000000074505806
2011-04-14 00:00:00+00:00,0.06499999761581421
2011-04-15 00:00:00+00:00,0.05999999865889549
2011-04-18 00:00:00+00:00,0.054999999701976776
2011-04-19 00:00:00+00:00,0.054999999701976776
2011-04-20 00:00:00+00:00,0.054999999701976776
2011-04-21 00:00:00+00:00,0.04500000178813934
2011-04-25 00:00:00+00:00,0.04500000178813934
2011-04-26 00:00:00+00:00,0.054999999701976776
2011-04-27 00:00:00+00:00,0.05000000074505806
2011-04-28 00:00:00+00:00,0.03500000014901161
2011-04-29 00:00:00+00:00,0.03999999910593033
2011-05-02 00:00:00+00:00,0.029999999329447746
2011-05-03 00:00:00+00:00,0.02500000037252903
2011-05-04 00:00:00+00:00,0.019999999552965164
2011-05-05 00:00:00+00:00,0.009999999776482582
2011-05-06 00:00:00+00:00,0.004999999888241291
2011-05-09 00:00:00+00:00,0.004999999888241291
2011-05-10 00:00:00+00:00,0.02500000037252903
2011-05-11 00:00:00+00:00,0.019999999552965164
2011-05-12 00:00:00+00:00,0.019999999552965164
2011-05-13 00:00:00+00:00,0.019999999552965164
2011-05-16 00:00:00+00:00,0.019999999552965164
2011-05-17 00:00:00+00:00,0.03500000014901161
2011-05-18 00:00:00+00:00,0.03999999910593033
2011-05-19 00:00:00+00:00,0.03999999910593033
2011-05-20 00:00:00+00:00,0.03999999910593033
2011-05-23 00:00:00+00:00,0.04500000178813934
2011-05-24 00:00:00+00:00,0.05000000074505806
2011-05-25 00:00:00+00:00,0.04500000178813934
2011-05-26 00:00:00+00:00,0.04500000178813934
2011-05-27 00:00:00+00:00,0.03500000014901161
2011-05-31 00:00:00+00:00,0.03999999910593033
2011-06-01 00:00:00+00:00,0.03999999910593033
2011-06-02 00:00:00+00:00,0.03500000014901161
2011-06-03 00:00:00+00:00,0.029999999329447746
2011-06-06 00:00:00+00:00,0.029999999329447746
2011-06-07 00:00:00+00:00,0.03999999910593033
2011-06-08 00:00:00+00:00,0.03500000014901161
2011-06-09 00:00:00+00:00,0.03999999910593033
2011-06-10 00:00:00+00:00,0.03500000014901161
2011-06-13 00:00:00+00:00,0.03999999910593033
2011-06-14 00:00:00+00:00,0.05000000074505806
2011-06-15 00:00:00+00:00,0.04500000178813934
2011-06-16 00:00:00+00:00,0.03500000014901161
2011-06-17 00:00:00+00:00,0.02500000037252903
2011-06-20 00:00:00+00:00,0.014999999664723873
2011-06-21 00:00:00+00:00,0.019999999552965164
2011-06-22 00:00:00+00:00,0.009999999776482582
2011-06-23 00:00:00+00:00,0.004999999888241291
2011-06-24 00:00:00+00:00,0.009999999776482582
2011-06-27 00:00:00+00:00,0.014999999664723873
2011-06-28 00:00:00+00:00,0.02500000037252903
2011-06-29 00:00:00+00:00,0.019999999552965164
2011-06-30 00:00:00+00:00,0.014999999664723873
2011-07-01 00:00:00+00:00,0.009999999776482582
2011-07-05 00:00:00+00:00,0.009999999776482582
2011-07-06 00:00:00+00:00,0.004999999888241291
2011-07-07 00:00:00+00:00,0.019999999552965164
2011-07-08 00:00:00+00:00,0.019999999552965164
2011-07-11 00:00:00+00:00,0.014999999664723873
2011-07-12 00:00:00+00:00,0.029999999329447746
2011-07-13 00:00:00+00:00,0.004999999888241291
2011-07-14 00:00:00+00:00,0.004999999888241291
2011-07-15 00:00:00+00:00,0.004999999888241291
2011-07-18 00:00:00+00:00,0.004999999888241291
2011-07-19 00:00:00+00:00,0.02500000037252903
2011-07-20 00:00:00+00:00,0.019999999552965164
2011-07-21 00:00:00+00:00,0.03500000014901161
2011-07-22 00:00:00+00:00,0.029999999329447746
2011-07-25 00:00:00+00:00,0.03500000014901161
2011-07-26 00:00:00+00:00,0.06499999761581421
2011-07-27 00:00:00+00:00,0.07000000029802322
2011-07-28 00:00:00+00:00,0.06499999761581421
2011-07-29 00:00:00+00:00,0.09000000357627869
2011-08-01 00:00:00+00:00,0.07500000298023224
2011-08-02 00:00:00+00:00,0.05000000074505806
2011-08-03 00:00:00+00:00,0.009999999776482582
2011-08-04 00:00:00+00:00,0.009999999776482582
2011-08-05 00:00:00+00:00,0.009999999776482582
2011-08-08 00:00:00+00:00,0.014999999664723873
2011-08-09 00:00:00+00:00,0.029999999329447746
2011-08-10 00:00:00+00:00,0.014999999664723873
2011-08-11 00:00:00+00:00,0.009999999776482582
2011-08-12 00:00:00+00:00,0.004999999888241291
2011-08-15 00:00:00+00:00,0.004999999888241291
2011-08-16 00:00:00+00:00,0.019999999552965164
2011-08-17 00:00:00+00:00,0.004999999888241291
2011-08-18 00:00:00+00:00,0.009999999776482582
2011-08-19 00:00:00+00:00,0.009999999776482582
2011-08-22 00:00:00+00:00,0.004999999888241291
2011-08-23 00:00:00+00:00,0.004999999888241291
2011-08-24 00:00:00+00:00,0.009999999776482582
2011-08-25 00:00:00+00:00,0.009999999776482582
2011-08-26 00:00:00+00:00,0.009999999776482582
2011-08-29 00:00:00+00:00,0.004999999888241291
2011-08-30 00:00:00+00:00,0.014999999664723873
2011-08-31 00:00:00+00:00,0.014999999664723873
2011-09-01 00:00:00+00:00,0.009999999776482582
2011-09-02 00:00:00+00:00,0.014999999664723873
2011-09-06 00:00:00+00:00,0.014999999664723873
2011-09-07 00:00:00+00:00,0.014999999664723873
2011-09-08 00:00:00+00:00,0.009999999776482582
2011-09-09 00:00:00+00:00,0.004999999888241291
2011-09-12 00:00:00+00:00,0.004999999888241291
2011-09-13 00:00:00+00:00,0.004999999888241291
2011-09-14 00:00:00+00:00,0.004999999888241291
2011-09-15 00:00:00+00:00,0.004999999888241291
2011-09-16 00:00:00+00:00,0.004999999888241291
2011-09-19 00:00:00+00:00,0.004999999888241291
2011-09-20 00:00:00+00:00,0.004999999888241291
2011-09-21 00:00:00+00:00,0.004999999888241291
2011-09-22 00:00:00+00:00,0.004999999888241291
2011-09-23 00:00:00+00:00,0.004999999888241291
2011-09-26 00:00:00+00:00,0.004999999888241291
2011-09-27 00:00:00+00:00,0.009999999776482582
2011-09-28 00:00:00+00:00,0.009999999776482582
2011-09-29 00:00:00+00:00,0.009999999776482582
2011-09-30 00:00:00+00:00,0.009999999776482582
2011-10-03 00:00:00+00:00,0.019999999552965164
2011-10-04 00:00:00+00:00,0.004999999888241291
2011-10-05 00:00:00+00:00,0.004999999888241291
2011-10-06 00:00:00+00:00,0.004999999888241291
2011-10-07 00:00:00+00:00,0.004999999888241291
2011-10-10 00:00:00+00:00,0.004999999888241291
2011-10-11 00:00:00+00:00,0.004999999888241291
2011-10-12 00:00:00+00:00,0.014999999664723873
2011-10-13 00:00:00+00:00,0.014999999664723873
2011-10-14 00:00:00+00:00,0.014999999664723873
2011-10-17 00:00:00+00:00,0.019999999552965164
2011-10-18 00:00:00+00:00,0.02500000037252903
2011-10-19 00:00:00+00:00,0.019999999552965164
2011-10-20 00:00:00+00:00,0.014999999664723873
2011-10-21 00:00:00+00:00,0.014999999664723873
2011-10-24 00:00:00+00:00,0.004999999888241291
2011-10-25 00:00:00+00:00,0.014999999664723873
2011-10-26 00:00:00+00:00,0.014999999664723873
2011-10-27 00:00:00+00:00,0.009999999776482582
2011-10-28 00:00:00+00:00,0.009999999776482582
2011-10-31 00:00:00+00:00,0.004999999888241291
2011-11-01 00:00:00+00:00,0.004999999888241291
2011-11-02 00:00:00+00:00,0.004999999888241291
2011-11-03 00:00:00+00:00,0.004999999888241291
2011-11-04 00:00:00+00:00,0.004999999888241291
2011-11-07 00:00:00+00:00,0.004999999888241291
2011-11-08 00:00:00+00:00,0.004999999888241291
2011-11-09 00:00:00+00:00,0.004999999888241291
2011-11-10 00:00:00+00:00,0.004999999888241291
2011-11-11 00:00:00+00:00,0.004999999888241291
2011-11-14 00:00:00+00:00,0.004999999888241291
2011-11-15 00:00:00+00:00,0.009999999776482582
2011-11-16 00:00:00+00:00,0.004999999888241291
2011-11-17 00:00:00+00:00,0.004999999888241291
2011-11-18 00:00:00+00:00,0.004999999888241291
2011-11-21 00:00:00+00:00,0.004999999888241291
2011-11-22 00:00:00+00:00,0.014999999664723873
2011-11-23 00:00:00+00:00,0.014999999664723873
2011-11-25 00:00:00+00:00,0.004999999888241291
2011-11-28 00:00:00+00:00,0.009999999776482582
2011-11-29 00:00:00+00:00,0.014999999664723873
2011-11-30 00:00:00+00:00,0.014999999664723873
2011-12-01 00:00:00+00:00,0.014999999664723873
2011-12-02 00:00:00+00:00,0.014999999664723873
2011-12-05 00:00:00+00:00,0.014999999664723873
2011-12-06 00:00:00+00:00,0.004999999888241291
2011-12-07 00:00:00+00:00,0.004999999888241291
2011-12-08 00:00:00+00:00,0.004999999888241291
2011-12-09 00:00:00+00:00,0.004999999888241291
2011-12-12 00:00:00+00:00,0.004999999888241291
2011-12-13 00:00:00+00:00,0.004999999888241291
2011-12-14 00:00:00+00:00,0.004999999888241291
2011-12-15 00:00:00+00:00,0.004999999888241291
2011-12-16 00:00:00+00:00,0.004999999888241291
2011-12-19 00:00:00+00:00,0.004999999888241291
2011-12-20 00:00:00+00:00,0.004999999888241291
2011-12-21 00:00:00+00:00,0.004999999888241291
2011-12-22 00:00:00+00:00,0.004999999888241291
2011-12-23 00:00:00+00:00,0.004999999888241291
2011-12-27 00:00:00+00:00,0.004999999888241291
2011-12-28 00:00:00+00:00,0.004999999888241291
2011-12-29 00:00:00+00:00,0.004999999888241291
2011-12-30 00:00:00+00:00,0.004999999888241291
2012-01-03 00:00:00+00:00,0.004999999888241291
2012-01-04 00:00:00+00:00,0.009999999776482582
2012-01-05 00:00:00+00:00,0.009999999776482582
2012-01-06 00:00:00+00:00,0.014999999664723873
2012-01-09 00:00:00+00:00,0.004999999888241291
2012-01-10 00:00:00+00:00,0.009999999776482582
2012-01-11 00:00:00+00:00,0.014999999664723873
2012-01-12 00:00:00+00:00,0.019999999552965164
2012-01-13 00:00:00+00:00,0.019999999552965164
2012-01-17 00:00:00+00:00,0.019999999552965164
2012-01-18 00:00:00+00:00,0.02500000037252903
2012-01-19 00:00:00+00:00,0.03999999910593033
2012-01-20 00:00:00+00:00,0.03999999910593033
2012-01-23 00:00:00+00:00,0.03500000014901161
2012-01-24 00:00:00+00:00,0.03500000014901161
2012-01-25 00:00:00+00:00,0.03500000014901161
2012-01-26 00:00:00+00:00,0.04500000178813934
2012-01-27 00:00:00+00:00,0.05000000074505806
2012-01-30 00:00:00+00:00,0.04500000178813934
2012-01-31 00:00:00+00:00,0.054999999701976776
2012-02-01 00:00:00+00:00,0.054999999701976776
2012-02-02 00:00:00+00:00,0.07500000298023224
2012-02-03 00:00:00+00:00,0.07000000029802322
2012-02-06 00:00:00+00:00,0.06499999761581421
2012-02-07 00:00:00+00:00,0.07999999821186066
2012-02-08 00:00:00+00:00,0.07500000298023224
2012-02-09 00:00:00+00:00,0.08500000089406967
2012-02-10 00:00:00+00:00,0.07999999821186066
2012-02-13 00:00:00+00:00,0.0949999988079071
2012-02-14 00:00:00+00:00,0.10999999940395355
2012-02-15 00:00:00+00:00,0.10499999672174454
2012-02-16 00:00:00+00:00,0.0949999988079071
2012-02-17 00:00:00+00:00,0.07500000298023224
2012-02-21 00:00:00+00:00,0.07000000029802322
2012-02-22 00:00:00+00:00,0.07999999821186066
2012-02-23 00:00:00+00:00,0.08500000089406967
2012-02-24 00:00:00+00:00,0.09000000357627869
2012-02-27 00:00:00+00:00,0.10000000149011612
2012-02-28 00:00:00+00:00,0.0949999988079071
2012-02-29 00:00:00+00:00,0.07500000298023224
2012-03-01 00:00:00+00:00,0.07000000029802322
2012-03-02 00:00:00+00:00,0.05999999865889549
2012-03-05 00:00:00+00:00,0.05999999865889549
2012-03-06 00:00:00+00:00,0.07000000029802322
2012-03-07 00:00:00+00:00,0.07500000298023224
2012-03-08 00:00:00+00:00,0.07500000298023224
2012-03-09 00:00:00+00:00,0.07999999821186066
2012-03-12 00:00:00+00:00,0.07500000298023224
2012-03-13 00:00:00+00:00,0.07999999821186066
2012-03-14 00:00:00+00:00,0.07999999821186066
2012-03-15 00:00:00+00:00,0.07500000298023224
2012-03-16 00:00:00+00:00,0.07999999821186066
2012-03-19 00:00:00+00:00,0.07500000298023224
2012-03-20 00:00:00+00:00,0.0949999988079071
2012-03-21 00:00:00+00:00,0.08500000089406967
2012-03-22 00:00:00+00:00,0.07000000029802322
2012-03-23 00:00:00+00:00,0.07000000029802322
2012-03-26 00:00:00+00:00,0.07000000029802322
2012-03-27 00:00:00+00:00,0.07999999821186066
2012-03-28 00:00:00+00:00,0.07500000298023224
2012-03-29 00:00:00+00:00,0.054999999701976776
2012-03-30 00:00:00+00:00,0.06499999761581421
2012-04-02 00:00:00+00:00,0.05999999865889549
2012-04-03 00:00:00+00:00,0.07500000298023224
2012-04-04 00:00:00+00:00,0.07000000029802322
2012-04-05 00:00:00+00:00,0.07000000029802322
2012-04-09 00:00:00+00:00,0.07500000298023224
2012-04-10 00:00:00+00:00,0.08500000089406967
2012-04-11 00:00:00+00:00,0.08500000089406967
2012-04-12 00:00:00+00:00,0.08500000089406967
2012-04-13 00:00:00+00:00,0.07999999821186066
2012-04-16 00:00:00+00:00,0.07500000298023224
2012-04-17 00:00:00+00:00,0.07500000298023224
2012-04-18 00:00:00+00:00,0.06499999761581421
2012-04-19 00:00:00+00:00,0.06499999761581421
2012-04-20 00:00:00+00:00,0.06499999761581421
2012-04-23 00:00:00+00:00,0.07000000029802322
2012-04-24 00:00:00+00:00,0.07999999821186066
2012-04-25 00:00:00+00:00,0.08500000089406967
2012-04-26 00:00:00+00:00,0.08500000089406967
2012-04-27 00:00:00+00:00,0.08500000089406967
2012-04-30 00:00:00+00:00,0.09000000357627869
2012-05-01 00:00:00+00:00,0.08500000089406967
2012-05-02 00:00:00+00:00,0.07999999821186066
2012-05-03 00:00:00+00:00,0.07500000298023224
2012-05-04 00:00:00+00:00,0.07000000029802322
2012-05-07 00:00:00+00:00,0.07500000298023224
2012-05-08 00:00:00+00:00,0.09000000357627869
2012-05-09 00:00:00+00:00,0.09000000357627869
2012-05-10 00:00:00+00:00,0.09000000357627869
2012-05-11 00:00:00+00:00,0.09000000357627869
2012-05-14 00:00:00+00:00,0.08500000089406967
2012-05-15 00:00:00+00:00,0.09000000357627869
2012-05-16 00:00:00+00:00,0.0949999988079071
2012-05-17 00:00:00+00:00,0.09000000357627869
2012-05-18 00:00:00+00:00,0.07500000298023224
2012-05-21 00:00:00+00:00,0.05999999865889549
2012-05-22 00:00:00+00:00,0.08500000089406967
2012-05-23 00:00:00+00:00,0.07999999821186066
2012-05-24 00:00:00+00:00,0.09000000357627869
2012-05-25 00:00:00+00:00,0.07999999821186066
2012-05-29 00:00:00+00:00,0.07500000298023224
2012-05-30 00:00:00+00:00,0.06499999761581421
2012-05-31 00:00:00+00:00,0.05999999865889549
2012-06-01 00:00:00+00:00,0.06499999761581421
2012-06-04 00:00:00+00:00,0.06499999761581421
2012-06-05 00:00:00+00:00,0.07999999821186066
2012-06-06 00:00:00+00:00,0.07999999821186066
2012-06-07 00:00:00+00:00,0.07999999821186066
2012-06-08 00:00:00+00:00,0.07999999821186066
2012-06-11 00:00:00+00:00,0.07500000298023224
2012-06-12 00:00:00+00:00,0.09000000357627869
2012-06-13 00:00:00+00:00,0.09000000357627869
2012-06-14 00:00:00+00:00,0.0949999988079071
2012-06-15 00:00:00+00:00,0.08500000089406967
2012-06-18 00:00:00+00:00,0.07500000298023224
2012-06-19 00:00:00+00:00,0.09000000357627869
2012-06-20 00:00:00+00:00,0.07999999821186066
2012-06-21 00:00:00+00:00,0.07500000298023224
2012-06-22 00:00:00+00:00,0.07500000298023224
2012-06-25 00:00:00+00:00,0.07500000298023224
2012-06-26 00:00:00+00:00,0.0949999988079071
2012-06-27 00:00:00+00:00,0.07999999821186066
2012-06-28 00:00:00+00:00,0.07500000298023224
2012-06-29 00:00:00+00:00,0.07999999821186066
2012-07-02 00:00:00+00:00,0.07000000029802322
2012-07-03 00:00:00+00:00,0.07500000298023224
2012-07-05 00:00:00+00:00,0.07500000298023224
2012-07-06 00:00:00+00:00,0.07000000029802322
2012-07-09 00:00:00+00:00,0.07000000029802322
2012-07-10 00:00:00+00:00,0.09000000357627869
2012-07-11 00:00:00+00:00,0.09000000357627869
2012-07-12 00:00:00+00:00,0.0949999988079071
2012-07-13 00:00:00+00:00,0.09000000357627869
2012-07-16 00:00:00+00:00,0.08500000089406967
2012-07-17 00:00:00+00:00,0.0949999988079071
2012-07-18 00:00:00+00:00,0.08500000089406967
2012-07-19 00:00:00+00:00,0.07999999821186066
2012-07-20 00:00:00+00:00,0.08500000089406967
2012-07-23 00:00:00+00:00,0.09000000357627869
2012-07-24 00:00:00+00:00,0.0949999988079071
2012-07-25 00:00:00+00:00,0.0949999988079071
2012-07-26 00:00:00+00:00,0.10000000149011612
2012-07-27 00:00:00+00:00,0.10000000149011612
2012-07-30 00:00:00+00:00,0.09000000357627869
2012-07-31 00:00:00+00:00,0.10000000149011612
2012-08-01 00:00:00+00:00,0.09000000357627869
2012-08-02 00:00:00+00:00,0.08500000089406967
2012-08-03 00:00:00+00:00,0.07500000298023224
2012-08-06 00:00:00+00:00,0.07500000298023224
2012-08-07 00:00:00+00:00,0.10000000149011612
2012-08-08 00:00:00+00:00,0.10499999672174454
2012-08-09 00:00:00+00:00,0.10999999940395355
2012-08-10 00:00:00+00:00,0.0949999988079071
2012-08-13 00:00:00+00:00,0.0949999988079071
2012-08-14 00:00:00+00:00,0.10499999672174454
2012-08-15 00:00:00+00:00,0.07999999821186066
2012-08-16 00:00:00+00:00,0.07500000298023224
2012-08-17 00:00:00+00:00,0.07999999821186066
2012-08-20 00:00:00+00:00,0.08500000089406967
2012-08-21 00:00:00+00:00,0.10499999672174454
2012-08-22 00:00:00+00:00,0.10000000149011612
2012-08-23 00:00:00+00:00,0.0949999988079071
2012-08-24 00:00:00+00:00,0.09000000357627869
2012-08-27 00:00:00+00:00,0.0949999988079071
2012-08-28 00:00:00+00:00,0.10000000149011612
2012-08-29 00:00:00+00:00,0.0949999988079071
2012-08-30 00:00:00+00:00,0.09000000357627869
2012-08-31 00:00:00+00:00,0.08500000089406967
2012-09-04 00:00:00+00:00,0.09000000357627869
2012-09-05 00:00:00+00:00,0.10000000149011612
2012-09-06 00:00:00+00:00,0.10000000149011612
2012-09-07 00:00:00+00:00,0.10000000149011612
2012-09-10 00:00:00+00:00,0.0949999988079071
2012-09-11 00:00:00+00:00,0.10000000149011612
2012-09-12 00:00:00+00:00,0.0949999988079071
2012-09-13 00:00:00+00:00,0.0949999988079071
2012-09-14 00:00:00+00:00,0.0949999988079071
2012-09-17 00:00:00+00:00,0.09000000357627869
2012-09-18 00:00:00+00:00,0.10000000149011612
2012-09-19 00:00:00+00:00,0.10499999672174454
2012-09-20 00:00:00+00:00,0.10499999672174454
2012-09-21 00:00:00+00:00,0.10000000149011612
2012-09-24 00:00:00+00:00,0.0949999988079071
2012-09-25 00:00:00+00:00,0.10499999672174454
2012-09-26 00:00:00+00:00,0.10000000149011612
2012-09-27 00:00:00+00:00,0.08500000089406967
2012-09-28 00:00:00+00:00,0.09000000357627869
2012-10-01 00:00:00+00:00,0.07999999821186066
2012-10-02 00:00:00+00:00,0.09000000357627869
2012-10-03 00:00:00+00:00,0.08500000089406967
2012-10-04 00:00:00+00:00,0.0949999988079071
2012-10-05 00:00:00+00:00,0.10000000149011612
2012-10-08 00:00:00+00:00,0.0949999988079071
2012-10-09 00:00:00+00:00,0.0949999988079071
2012-10-10 00:00:00+00:00,0.0949999988079071
2012-10-11 00:00:00+00:00,0.0949999988079071
2012-10-12 00:00:00+00:00,0.10000000149011612
2012-10-15 00:00:00+00:00,0.0949999988079071
2012-10-16 00:00:00+00:00,0.10000000149011612
2012-10-17 00:00:00+00:00,0.10499999672174454
2012-10-18 00:00:00+00:00,0.0949999988079071
2012-10-19 00:00:00+00:00,0.09000000357627869
2012-10-22 00:00:00+00:00,0.09000000357627869
2012-10-23 00:00:00+00:00,0.10000000149011612
2012-10-24 00:00:00+00:00,0.10499999672174454
2012-10-25 00:00:00+00:00,0.10999999940395355
2012-10-26 00:00:00+00:00,0.10499999672174454
2012-10-31 00:00:00+00:00,0.10499999672174454
2012-11-01 00:00:00+00:00,0.09000000357627869
2012-11-02 00:00:00+00:00,0.09000000357627869
2012-11-05 00:00:00+00:00,0.09000000357627869
2012-11-06 00:00:00+00:00,0.10000000149011612
2012-11-07 00:00:00+00:00,0.09000000357627869
2012-11-08 00:00:00+00:00,0.08500000089406967
2012-11-09 00:00:00+00:00,0.09000000357627869
2012-11-12 00:00:00+00:00,0.08699999749660492
2012-11-13 00:00:00+00:00,0.08500000089406967
2012-11-14 00:00:00+00:00,0.0949999988079071
2012-11-15 00:00:00+00:00,0.07500000298023224
2012-11-16 00:00:00+00:00,0.07500000298023224
2012-11-19 00:00:00+00:00,0.07500000298023224
2012-11-20 00:00:00+00:00,0.08500000089406967
2012-11-21 00:00:00+00:00,0.09000000357627869
2012-11-23 00:00:00+00:00,0.09000000357627869
2012-11-26 00:00:00+00:00,0.09000000357627869
2012-11-27 00:00:00+00:00,0.0949999988079071
2012-11-28 00:00:00+00:00,0.09200000017881393
2012-11-29 00:00:00+00:00,0.07999999821186066
2012-11-30 00:00:00+00:00,0.07500000298023224
2012-12-03 00:00:00+00:00,0.07699999958276749
2012-12-04 00:00:00+00:00,0.09000000357627869
2012-12-05 00:00:00+00:00,0.09000000357627869
2012-12-06 00:00:00+00:00,0.09000000357627869
2012-12-07 00:00:00+00:00,0.07999999821186066
2012-12-10 00:00:00+00:00,0.07500000298023224
2012-12-11 00:00:00+00:00,0.07500000298023224
2012-12-12 00:00:00+00:00,0.05999999865889549
2012-12-13 00:00:00+00:00,0.052000001072883606
2012-12-14 00:00:00+00:00,0.02500000037252903
2012-12-17 00:00:00+00:00,0.02199999988079071
2012-12-18 00:00:00+00:00,0.054999999701976776
2012-12-19 00:00:00+00:00,0.04500000178813934
2012-12-20 00:00:00+00:00,0.05000000074505806
2012-12-21 00:00:00+00:00,0.05000000074505806
2012-12-24 00:00:00+00:00,0.05000000074505806
2012-12-26 00:00:00+00:00,0.054999999701976776
2012-12-27 00:00:00+00:00,0.07000000029802322
2012-12-28 00:00:00+00:00,0.009999999776482582
2012-12-31 00:00:00+00:00,0.03500000014901161
2013-01-02 00:00:00+00:00,0.054999999701976776
2013-01-03 00:00:00+00:00,0.06499999761581421
2013-01-04 00:00:00+00:00,0.06499999761581421
2013-01-07 00:00:00+00:00,0.057999998331069946
2013-01-08 00:00:00+00:00,0.05999999865889549
2013-01-09 00:00:00+00:00,0.054999999701976776
2013-01-10 00:00:00+00:00,0.054999999701976776
2013-01-11 00:00:00+00:00,0.06300000101327896
2013-01-14 00:00:00+00:00,0.05999999865889549
2013-01-15 00:00:00+00:00,0.07999999821186066
2013-01-16 00:00:00+00:00,0.07199999690055847
2013-01-17 00:00:00+00:00,0.07000000029802322
2013-01-18 00:00:00+00:00,0.07000000029802322
2013-01-22 00:00:00+00:00,0.05999999865889549
2013-01-23 00:00:00+00:00,0.07000000029802322
2013-01-24 00:00:00+00:00,0.07500000298023224
2013-01-25 00:00:00+00:00,0.07000000029802322
2013-01-28 00:00:00+00:00,0.05999999865889549
2013-01-29 00:00:00+00:00,0.06300000101327896
2013-01-30 00:00:00+00:00,0.05999999865889549
2013-01-31 00:00:00+00:00,0.06499999761581421
2013-02-01 00:00:00+00:00,0.05999999865889549
2013-02-04 00:00:00+00:00,0.054999999701976776
2013-02-05 00:00:00+00:00,0.07000000029802322
2013-02-06 00:00:00+00:00,0.06499999761581421
2013-02-07 00:00:00+00:00,0.06499999761581421
2013-02-08 00:00:00+00:00,0.06499999761581421
2013-02-11 00:00:00+00:00,0.06499999761581421
2013-02-12 00:00:00+00:00,0.08299999684095383
2013-02-13 00:00:00+00:00,0.08500000089406967
2013-02-14 00:00:00+00:00,0.0949999988079071
2013-02-15 00:00:00+00:00,0.0949999988079071
2013-02-19 00:00:00+00:00,0.10000000149011612
2013-02-20 00:00:00+00:00,0.11500000208616257
2013-02-21 00:00:00+00:00,0.11999999731779099
2013-02-22 00:00:00+00:00,0.11999999731779099
2013-02-25 00:00:00+00:00,0.11500000208616257
2013-02-26 00:00:00+00:00,0.10999999940395355
2013-02-27 00:00:00+00:00,0.10000000149011612
2013-02-28 00:00:00+00:00,0.10000000149011612
2013-03-01 00:00:00+00:00,0.10000000149011612
2013-03-04 00:00:00+00:00,0.08500000089406967
2013-03-05 00:00:00+00:00,0.08500000089406967
2013-03-06 00:00:00+00:00,0.09200000017881393
2013-03-07 00:00:00+00:00,0.09000000357627869
2013-03-08 00:00:00+00:00,0.08699999749660492
2013-03-11 00:00:00+00:00,0.08699999749660492
2013-03-12 00:00:00+00:00,0.09200000017881393
2013-03-13 00:00:00+00:00,0.08500000089406967
2013-03-14 00:00:00+00:00,0.09000000357627869
2013-03-15 00:00:00+00:00,0.08299999684095383
2013-03-18 00:00:00+00:00,0.07199999690055847
2013-03-19 00:00:00+00:00,0.07000000029802322
2013-03-20 00:00:00+00:00,0.06300000101327896
2013-03-21 00:00:00+00:00,0.05999999865889549
2013-03-22 00:00:00+00:00,0.06499999761581421
2013-03-25 00:00:00+00:00,0.057999998331069946
2013-03-26 00:00:00+00:00,0.07199999690055847
2013-03-27 00:00:00+00:00,0.07999999821186066
2013-03-28 00:00:00+00:00,0.06499999761581421
2013-04-01 00:00:00+00:00,0.06499999761581421
2013-04-02 00:00:00+00:00,0.06800000369548798
2013-04-03 00:00:00+00:00,0.054999999701976776
2013-04-04 00:00:00+00:00,0.06499999761581421
2013-04-05 00:00:00+00:00,0.05999999865889549
2013-04-08 00:00:00+00:00,0.054999999701976776
2013-04-09 00:00:00+00:00,0.06300000101327896
2013-04-10 00:00:00+00:00,0.06499999761581421
2013-04-11 00:00:00+00:00,0.06300000101327896
2013-04-12 00:00:00+00:00,0.054999999701976776
2013-04-15 00:00:00+00:00,0.054999999701976776
2013-04-16 00:00:00+00:00,0.052000001072883606
2013-04-17 00:00:00+00:00,0.05000000074505806
2013-04-18 00:00:00+00:00,0.05000000074505806
2013-04-19 00:00:00+00:00,0.04500000178813934
2013-04-22 00:00:00+00:00,0.04500000178813934
2013-04-23 00:00:00+00:00,0.04500000178813934
2013-04-24 00:00:00+00:00,0.04800000041723251
2013-04-25 00:00:00+00:00,0.05000000074505806
2013-04-26 00:00:00+00:00,0.04500000178813934
2013-04-29 00:00:00+00:00,0.04500000178813934
2013-04-30 00:00:00+00:00,0.04500000178813934
2013-05-01 00:00:00+00:00,0.05000000074505806
2013-05-02 00:00:00+00:00,0.05000000074505806
2013-05-03 00:00:00+00:00,0.04500000178813934
2013-05-06 00:00:00+00:00,0.029999999329447746
2013-05-07 00:00:00+00:00,0.03500000014901161
2013-05-08 00:00:00+00:00,0.03500000014901161
2013-05-09 00:00:00+00:00,0.03500000014901161
2013-05-10 00:00:00+00:00,0.03500000014901161
2013-05-13 00:00:00+00:00,0.03500000014901161
2013-05-14 00:00:00+00:00,0.03999999910593033
2013-05-15 00:00:00+00:00,0.03700000047683716
2013-05-16 00:00:00+00:00,0.02500000037252903
2013-05-17 00:00:00+00:00,0.029999999329447746
2013-05-20 00:00:00+00:00,0.03500000014901161
2013-05-21 00:00:00+00:00,0.03999999910593033
2013-05-22 00:00:00+00:00,0.03500000014901161
2013-05-23 00:00:00+00:00,0.03999999910593033
2013-05-24 00:00:00+00:00,0.03700000047683716
2013-05-28 00:00:00+00:00,0.03500000014901161
2013-05-29 00:00:00+00:00,0.03999999910593033
2013-05-30 00:00:00+00:00,0.02500000037252903
2013-05-31 00:00:00+00:00,0.029999999329447746
2013-06-03 00:00:00+00:00,0.029999999329447746
2013-06-04 00:00:00+00:00,0.03999999910593033
2013-06-05 00:00:00+00:00,0.04500000178813934
2013-06-06 00:00:00+00:00,0.04500000178813934
2013-06-07 00:00:00+00:00,0.03999999910593033
2013-06-10 00:00:00+00:00,0.03999999910593033
2013-06-11 00:00:00+00:00,0.04500000178813934
2013-06-12 00:00:00+00:00,0.03999999910593033
2013-06-13 00:00:00+00:00,0.0430000014603138
2013-06-14 00:00:00+00:00,0.03999999910593033
2013-06-17 00:00:00+00:00,0.03999999910593033
2013-06-18 00:00:00+00:00,0.04500000178813934
2013-06-19 00:00:00+00:00,0.03999999910593033
2013-06-20 00:00:00+00:00,0.03999999910593033
2013-06-21 00:00:00+00:00,0.03999999910593033
2013-06-24 00:00:00+00:00,0.03999999910593033
2013-06-25 00:00:00+00:00,0.057999998331069946
2013-06-26 00:00:00+00:00,0.054999999701976776
2013-06-27 00:00:00+00:00,0.04500000178813934
2013-06-28 00:00:00+00:00,0.029999999329447746
2013-07-01 00:00:00+00:00,0.009999999776482582
2013-07-02 00:00:00+00:00,0.03500000014901161
2013-07-03 00:00:00+00:00,0.03500000014901161
2013-07-05 00:00:00+00:00,0.03500000014901161
2013-07-08 00:00:00+00:00,0.03500000014901161
2013-07-09 00:00:00+00:00,0.03500000014901161
2013-07-10 00:00:00+00:00,0.029999999329447746
2013-07-11 00:00:00+00:00,0.029999999329447746
2013-07-12 00:00:00+00:00,0.029999999329447746
2013-07-15 00:00:00+00:00,0.019999999552965164
2013-07-16 00:00:00+00:00,0.03500000014901161
2013-07-17 00:00:00+00:00,0.02500000037252903
2013-07-18 00:00:00+00:00,0.02199999988079071
2013-07-19 00:00:00+00:00,0.019999999552965164
2013-07-22 00:00:00+00:00,0.004999999888241291
2013-07-23 00:00:00+00:00,0.019999999552965164
2013-07-24 00:00:00+00:00,0.019999999552965164
2013-07-25 00:00:00+00:00,0.014999999664723873
2013-07-26 00:00:00+00:00,0.014999999664723873
2013-07-29 00:00:00+00:00,0.019999999552965164
2013-07-30 00:00:00+00:00,0.029999999329447746
2013-07-31 00:00:00+00:00,0.029999999329447746
2013-08-01 00:00:00+00:00,0.03500000014901161
2013-08-02 00:00:00+00:00,0.029999999329447746
2013-08-05 00:00:00+00:00,0.03500000014901161
2013-08-06 00:00:00+00:00,0.03999999910593033
2013-08-07 00:00:00+00:00,0.03999999910593033
2013-08-08 00:00:00+00:00,0.04500000178813934
2013-08-09 00:00:00+00:00,0.04800000041723251
2013-08-12 00:00:00+00:00,0.04800000041723251
2013-08-13 00:00:00+00:00,0.052000001072883606
2013-08-14 00:00:00+00:00,0.05000000074505806
2013-08-15 00:00:00+00:00,0.04500000178813934
2013-08-16 00:00:00+00:00,0.03999999910593033
2013-08-19 00:00:00+00:00,0.03999999910593033
2013-08-20 00:00:00+00:00,0.04500000178813934
2013-08-21 00:00:00+00:00,0.032999999821186066
2013-08-22 00:00:00+00:00,0.019999999552965164
2013-08-23 00:00:00+00:00,0.02199999988079071
2013-08-26 00:00:00+00:00,0.013000000268220901
2013-08-27 00:00:00+00:00,0.032999999821186066
2013-08-28 00:00:00+00:00,0.029999999329447746
2013-08-29 00:00:00+00:00,0.019999999552965164
2013-08-30 00:00:00+00:00,0.019999999552965164
2013-09-03 00:00:00+00:00,0.014999999664723873
2013-09-04 00:00:00+00:00,0.014999999664723873
2013-09-05 00:00:00+00:00,0.014999999664723873
2013-09-06 00:00:00+00:00,0.014999999664723873
2013-09-09 00:00:00+00:00,0.009999999776482582
2013-09-10 00:00:00+00:00,0.014999999664723873
2013-09-11 00:00:00+00:00,0.014999999664723873
2013-09-12 00:00:00+00:00,0.009999999776482582
2013-09-13 00:00:00+00:00,0.009999999776482582
2013-09-16 00:00:00+00:00,0.003000000026077032
2013-09-17 00:00:00+00:00,0.004999999888241291
2013-09-18 00:00:00+00:00,0.004999999888241291
2013-09-19 00:00:00+00:00,0.004999999888241291
2013-09-20 00:00:00+00:00,0.004999999888241291
2013-09-23 00:00:00+00:00,0.004999999888241291
2013-09-24 00:00:00+00:00,0.014999999664723873
2013-09-25 00:00:00+00:00,0.014999999664723873
2013-09-26 00:00:00+00:00,0.003000000026077032
2013-09-27 00:00:00+00:00,0.004999999888241291
2013-09-30 00:00:00+00:00,0.004999999888241291
2013-10-01 00:00:00+00:00,0.013000000268220901
2013-10-02 00:00:00+00:00,0.009999999776482582
2013-10-03 00:00:00+00:00,0.019999999552965164
2013-10-04 00:00:00+00:00,0.017999999225139618
2013-10-07 00:00:00+00:00,0.017999999225139618
2013-10-08 00:00:00+00:00,0.04500000178813934
2013-10-09 00:00:00+00:00,0.03700000047683716
2013-10-10 00:00:00+00:00,0.03999999910593033
2013-10-11 00:00:00+00:00,0.06300000101327896
2013-10-14 00:00:00+00:00,0.057999998331069946
2013-10-15 00:00:00+00:00,0.09200000017881393
2013-10-16 00:00:00+00:00,0.09200000017881393
2013-10-17 00:00:00+00:00,0.03700000047683716
2013-10-18 00:00:00+00:00,0.02500000037252903
2013-10-21 00:00:00+00:00,0.02500000037252903
2013-10-22 00:00:00+00:00,0.032999999821186066
2013-10-23 00:00:00+00:00,0.029999999329447746
2013-10-24 00:00:00+00:00,0.029999999329447746
2013-10-25 00:00:00+00:00,0.029999999329447746
2013-10-28 00:00:00+00:00,0.019999999552965164
2013-10-29 00:00:00+00:00,0.03999999910593033
2013-10-30 00:00:00+00:00,0.03500000014901161
2013-10-31 00:00:00+00:00,0.032999999821186066
2013-11-01 00:00:00+00:00,0.032999999821186066
2013-11-04 00:00:00+00:00,0.032999999821186066
2013-11-05 00:00:00+00:00,0.04500000178813934
2013-11-06 00:00:00+00:00,0.04500000178813934
2013-11-07 00:00:00+00:00,0.04800000041723251
2013-11-08 00:00:00+00:00,0.052000001072883606
2013-11-11 00:00:00+00:00,0.052000001072883606
2013-11-12 00:00:00+00:00,0.057999998331069946
2013-11-13 00:00:00+00:00,0.07000000029802322
2013-11-14 00:00:00+00:00,0.06800000369548798
2013-11-15 00:00:00+00:00,0.07000000029802322
2013-11-18 00:00:00+00:00,0.06499999761581421
2013-11-19 00:00:00+00:00,0.07999999821186066
2013-11-20 00:00:00+00:00,0.07699999958276749
2013-11-21 00:00:00+00:00,0.07000000029802322
2013-11-22 00:00:00+00:00,0.06499999761581421
2013-11-25 00:00:00+00:00,0.05999999865889549
2013-11-26 00:00:00+00:00,0.06800000369548798
2013-11-27 00:00:00+00:00,0.06300000101327896
2013-11-29 00:00:00+00:00,0.054999999701976776
2013-12-02 00:00:00+00:00,0.05000000074505806
2013-12-03 00:00:00+00:00,0.03500000014901161
2013-12-04 00:00:00+00:00,0.052000001072883606
2013-12-05 00:00:00+00:00,0.04800000041723251
2013-12-06 00:00:00+00:00,0.052000001072883606
2013-12-09 00:00:00+00:00,0.052000001072883606
2013-12-10 00:00:00+00:00,0.07000000029802322
2013-12-11 00:00:00+00:00,0.06800000369548798
2013-12-12 00:00:00+00:00,0.06300000101327896
2013-12-13 00:00:00+00:00,0.05999999865889549
2013-12-16 00:00:00+00:00,0.057999998331069946
2013-12-17 00:00:00+00:00,0.06300000101327896
2013-12-18 00:00:00+00:00,0.05999999865889549
2013-12-19 00:00:00+00:00,0.057999998331069946
2013-12-20 00:00:00+00:00,0.054999999701976776
2013-12-23 00:00:00+00:00,0.057999998331069946
2013-12-24 00:00:00+00:00,0.06800000369548798
2013-12-26 00:00:00+00:00,0.05999999865889549
2013-12-27 00:00:00+00:00,0.057999998331069946
2013-12-30 00:00:00+00:00,0.054999999701976776
2013-12-31 00:00:00+00:00,0.06300000101327896
2014-01-02 00:00:00+00:00,0.057999998331069946
2014-01-03 00:00:00+00:00,0.057999998331069946
2014-01-06 00:00:00+00:00,0.04500000178813934
2014-01-07 00:00:00+00:00,0.0430000014603138
2014-01-08 00:00:00+00:00,0.03999999910593033
2014-01-09 00:00:00+00:00,0.032999999821186066
2014-01-10 00:00:00+00:00,0.032999999821186066
2014-01-13 00:00:00+00:00,0.029999999329447746
2014-01-14 00:00:00+00:00,0.032999999821186066
2014-01-15 00:00:00+00:00,0.03500000014901161
2014-01-16 00:00:00+00:00,0.029999999329447746
2014-01-17 00:00:00+00:00,0.029999999329447746
2014-01-21 00:00:00+00:00,0.02800000086426735
2014-01-22 00:00:00+00:00,0.029999999329447746
2014-01-23 00:00:00+00:00,0.029999999329447746
2014-01-24 00:00:00+00:00,0.032999999821186066
2014-01-27 00:00:00+00:00,0.04800000041723251
2014-01-28 00:00:00+00:00,0.04500000178813934
2014-01-29 00:00:00+00:00,0.03999999910593033
2014-01-30 00:00:00+00:00,0.014999999664723873
2014-01-31 00:00:00+00:00,0.009999999776482582
2014-02-03 00:00:00+00:00,0.019999999552965164
2014-02-04 00:00:00+00:00,0.054999999701976776
2014-02-05 00:00:00+00:00,0.054999999701976776
2014-02-06 00:00:00+00:00,0.05999999865889549
2014-02-07 00:00:00+00:00,0.07199999690055847
2014-02-10 00:00:00+00:00,0.054999999701976776
2014-02-11 00:00:00+00:00,0.04500000178813934
2014-02-12 00:00:00+00:00,0.0430000014603138
2014-02-13 00:00:00+00:00,0.02500000037252903
2014-02-14 00:00:00+00:00,0.009999999776482582
2014-02-18 00:00:00+00:00,0.014999999664723873
2014-02-19 00:00:00+00:00,0.04500000178813934
2014-02-20 00:00:00+00:00,0.03999999910593033
2014-02-21 00:00:00+00:00,0.03500000014901161
2014-02-24 00:00:00+00:00,0.032999999821186066
2014-02-25 00:00:00+00:00,0.03999999910593033
2014-02-26 00:00:00+00:00,0.03999999910593033
2014-02-27 00:00:00+00:00,0.03500000014901161
2014-02-28 00:00:00+00:00,0.0430000014603138
2014-03-03 00:00:00+00:00,0.0430000014603138
2014-03-04 00:00:00+00:00,0.04800000041723251
2014-03-05 00:00:00+00:00,0.05000000074505806
2014-03-06 00:00:00+00:00,0.04500000178813934
2014-03-07 00:00:00+00:00,0.04500000178813934
2014-03-10 00:00:00+00:00,0.03999999910593033
2014-03-11 00:00:00+00:00,0.04500000178813934
2014-03-12 00:00:00+00:00,0.03999999910593033
2014-03-13 00:00:00+00:00,0.03999999910593033
2014-03-14 00:00:00+00:00,0.03999999910593033
2014-03-17 00:00:00+00:00,0.0430000014603138
2014-03-18 00:00:00+00:00,0.05000000074505806
2014-03-19 00:00:00+00:00,0.05000000074505806
2014-03-20 00:00:00+00:00,0.052000001072883606
2014-03-21 00:00:00+00:00,0.04500000178813934
2014-03-24 00:00:00+00:00,0.0430000014603138
2014-03-25 00:00:00+00:00,0.04500000178813934
2014-03-26 00:00:00+00:00,0.03700000047683716
2014-03-27 00:00:00+00:00,0.032999999821186066
2014-03-28 00:00:00+00:00,0.032999999821186066
2014-03-31 00:00:00+00:00,0.02800000086426735
2014-04-01 00:00:00+00:00,0.029999999329447746
2014-04-02 00:00:00+00:00,0.017999999225139618
2014-04-03 00:00:00+00:00,0.014999999664723873
2014-04-04 00:00:00+00:00,0.019999999552965164
2014-04-07 00:00:00+00:00,0.019999999552965164
2014-04-08 00:00:00+00:00,0.02500000037252903
2014-04-09 00:00:00+00:00,0.02800000086426735
2014-04-10 00:00:00+00:00,0.02800000086426735
2014-04-11 00:00:00+00:00,0.029999999329447746
2014-04-14 00:00:00+00:00,0.029999999329447746
2014-04-15 00:00:00+00:00,0.029999999329447746
2014-04-16 00:00:00+00:00,0.02500000037252903
2014-04-17 00:00:00+00:00,0.02500000037252903
2014-04-21 00:00:00+00:00,0.02500000037252903
2014-04-22 00:00:00+00:00,0.02500000037252903
2014-04-23 00:00:00+00:00,0.014999999664723873
2014-04-24 00:00:00+00:00,0.007000000216066837
2014-04-25 00:00:00+00:00,0.007000000216066837
2014-04-28 00:00:00+00:00,0.003000000026077032
2014-04-29 00:00:00+00:00,0.014999999664723873
2014-04-30 00:00:00+00:00,0.019999999552965164
2014-05-01 00:00:00+00:00,0.017999999225139618
2014-05-02 00:00:00+00:00,0.014999999664723873
2014-05-05 00:00:00+00:00,0.014999999664723873
2014-05-06 00:00:00+00:00,0.019999999552965164
2014-05-07 00:00:00+00:00,0.019999999552965164
2014-05-08 00:00:00+00:00,0.02199999988079071
2014-05-09 00:00:00+00:00,0.02199999988079071
2014-05-12 00:00:00+00:00,0.019999999552965164
2014-05-13 00:00:00+00:00,0.019999999552965164
2014-05-14 00:00:00+00:00,0.019999999552965164
2014-05-15 00:00:00+00:00,0.017999999225139618
2014-05-16 00:00:00+00:00,0.014999999664723873
2014-05-19 00:00:00+00:00,0.017999999225139618
2014-05-20 00:00:00+00:00,0.02500000037252903
2014-05-21 00:00:00+00:00,0.02500000037252903
2014-05-22 00:00:00+00:00,0.02800000086426735
2014-05-23 00:00:00+00:00,0.02800000086426735
2014-05-27 00:00:00+00:00,0.02800000086426735
2014-05-28 00:00:00+00:00,0.02800000086426735
2014-05-29 00:00:00+00:00,0.029999999329447746
2014-05-30 00:00:00+00:00,0.029999999329447746
2014-06-02 00:00:00+00:00,0.02500000037252903
2014-06-03 00:00:00+00:00,0.029999999329447746
2014-06-04 00:00:00+00:00,0.029999999329447746
2014-06-05 00:00:00+00:00,0.029999999329447746
2014-06-06 00:00:00+00:00,0.02800000086426735
2014-06-09 00:00:00+00:00,0.029999999329447746
2014-06-10 00:00:00+00:00,0.03500000014901161
2014-06-11 00:00:00+00:00,0.032999999821186066
2014-06-12 00:00:00+00:00,0.032999999821186066
2014-06-13 00:00:00+00:00,0.029999999329447746
2014-06-16 00:00:00+00:00,0.02500000037252903
2014-06-17 00:00:00+00:00,0.032999999821186066
2014-06-18 00:00:00+00:00,0.017999999225139618
2014-06-19 00:00:00+00:00,0.009999999776482582
2014-06-20 00:00:00+00:00,0.009999999776482582
2014-06-23 00:00:00+00:00,0.004999999888241291
2014-06-24 00:00:00+00:00,0.02199999988079071
2014-06-25 00:00:00+00:00,0.019999999552965164
2014-06-26 00:00:00+00:00,0.02500000037252903
2014-06-27 00:00:00+00:00,0.017999999225139618
2014-06-30 00:00:00+00:00,0.019999999552965164
2014-07-01 00:00:00+00:00,0.02500000037252903
2014-07-02 00:00:00+00:00,0.007000000216066837
2014-07-03 00:00:00+00:00,0.003000000026077032
2014-07-07 00:00:00+00:00,0.007000000216066837
2014-07-08 00:00:00+00:00,0.02500000037252903
2014-07-09 00:00:00+00:00,0.014999999664723873
2014-07-10 00:00:00+00:00,0.014999999664723873
2014-07-11 00:00:00+00:00,0.014999999664723873
2014-07-14 00:00:00+00:00,0.014999999664723873
2014-07-15 00:00:00+00:00,0.019999999552965164
2014-07-16 00:00:00+00:00,0.017999999225139618
2014-07-17 00:00:00+00:00,0.007000000216066837
2014-07-18 00:00:00+00:00,0.009999999776482582
2014-07-21 00:00:00+00:00,0.013000000268220901
2014-07-22 00:00:00+00:00,0.019999999552965164
2014-07-23 00:00:00+00:00,0.019999999552965164
2014-07-24 00:00:00+00:00,0.019999999552965164
2014-07-25 00:00:00+00:00,0.019999999552965164
2014-07-28 00:00:00+00:00,0.02500000037252903
2014-07-29 00:00:00+00:00,0.02800000086426735
2014-07-30 00:00:00+00:00,0.02800000086426735
2014-07-31 00:00:00+00:00,0.017999999225139618
2014-08-01 00:00:00+00:00,0.017999999225139618
2014-08-04 00:00:00+00:00,0.014999999664723873
2014-08-05 00:00:00+00:00,0.02500000037252903
2014-08-06 00:00:00+00:00,0.019999999552965164
2014-08-07 00:00:00+00:00,0.019999999552965164
2014-08-08 00:00:00+00:00,0.019999999552965164
2014-08-11 00:00:00+00:00,0.02500000037252903
2014-08-12 00:00:00+00:00,0.02500000037252903
2014-08-13 00:00:00+00:00,0.029999999329447746
2014-08-14 00:00:00+00:00,0.02800000086426735
2014-08-15 00:00:00+00:00,0.02199999988079071
2014-08-18 00:00:00+00:00,0.02199999988079071
2014-08-19 00:00:00+00:00,0.02500000037252903
2014-08-20 00:00:00+00:00,0.02500000037252903
2014-08-21 00:00:00+00:00,0.014999999664723873
2014-08-22 00:00:00+00:00,0.014999999664723873
2014-08-25 00:00:00+00:00,0.014999999664723873
2014-08-26 00:00:00+00:00,0.02500000037252903
2014-08-27 00:00:00+00:00,0.02500000037252903
2014-08-28 00:00:00+00:00,0.02199999988079071
2014-08-29 00:00:00+00:00,0.017999999225139618
2014-09-02 00:00:00+00:00,0.019999999552965164
2014-09-03 00:00:00+00:00,0.019999999552965164
2014-09-04 00:00:00+00:00,0.019999999552965164
2014-09-05 00:00:00+00:00,0.019999999552965164
2014-09-08 00:00:00+00:00,0.019999999552965164
2014-09-09 00:00:00+00:00,0.014999999664723873
2014-09-10 00:00:00+00:00,0.014999999664723873
2014-09-11 00:00:00+00:00,0.009999999776482582
2014-09-12 00:00:00+00:00,0.009999999776482582
2014-09-15 00:00:00+00:00,0.009999999776482582
2014-09-16 00:00:00+00:00,0.014999999664723873
2014-09-17 00:00:00+00:00,0.013000000268220901
2014-09-18 00:00:00+00:00,0.009999999776482582
2014-09-19 00:00:00+00:00,0.007000000216066837
2014-09-22 00:00:00+00:00,0.003000000026077032
2014-09-23 00:00:00+00:00,0.007000000216066837
2014-09-24 00:00:00+00:00,0.007000000216066837
2014-09-25 00:00:00+00:00,0.004999999888241291
2014-09-26 00:00:00+00:00,0.004999999888241291
2014-09-29 00:00:00+00:00,0.004999999888241291
2014-09-30 00:00:00+00:00,0.013000000268220901
2014-10-01 00:00:00+00:00,0.013000000268220901
2014-10-02 00:00:00+00:00,0.009999999776482582
2014-10-03 00:00:00+00:00,0.009999999776482582
2014-10-06 00:00:00+00:00,0.009999999776482582
2014-10-07 00:00:00+00:00,0.009999999776482582
2014-10-08 00:00:00+00:00,0.004999999888241291
2014-10-09 00:00:00+00:00,0.004999999888241291
2014-10-10 00:00:00+00:00,0.004999999888241291
2014-10-13 00:00:00+00:00,0.004999999888241291
2014-10-14 00:00:00+00:00,0.004999999888241291
2014-10-15 00:00:00+00:00,0.009999999776482582
2014-10-16 00:00:00+00:00,0.019999999552965164
2014-10-17 00:00:00+00:00,0.02199999988079071
2014-10-20 00:00:00+00:00,0.019999999552965164
2014-10-21 00:00:00+00:00,0.017999999225139618
2014-10-22 00:00:00+00:00,0.014999999664723873
2014-10-23 00:00:00+00:00,0.014999999664723873
2014-10-24 00:00:00+00:00,0.004999999888241291
2014-10-27 00:00:00+00:00,0.004999999888241291
2014-10-28 00:00:00+00:00,0.014999999664723873
2014-10-29 00:00:00+00:00,0.014999999664723873
2014-10-30 00:00:00+00:00,0.003000000026077032
2014-10-31 00:00:00+00:00,0.003000000026077032
2014-11-03 00:00:00+00:00,0.003000000026077032
2014-11-04 00:00:00+00:00,0.02199999988079071
2014-11-05 00:00:00+00:00,0.019999999552965164
2014-11-06 00:00:00+00:00,0.017999999225139618
2014-11-07 00:00:00+00:00,0.017999999225139618
2014-11-10 00:00:00+00:00,0.014999999664723873
2014-11-11 00:00:00+00:00,0.014999999664723873
2014-11-12 00:00:00+00:00,0.013000000268220901
2014-11-13 00:00:00+00:00,0.004999999888241291
2014-11-14 00:00:00+00:00,0.003000000026077032
2014-11-17 00:00:00+00:00,0.009999999776482582
2014-11-18 00:00:00+00:00,0.014999999664723873
2014-11-19 00:00:00+00:00,0.014999999664723873
2014-11-20 00:00:00+00:00,0.014999999664723873
2014-11-21 00:00:00+00:00,0.003000000026077032
2014-11-24 00:00:00+00:00,0.004999999888241291
2014-11-25 00:00:00+00:00,0.017999999225139618
2014-11-26 00:00:00+00:00,0.009999999776482582
2014-11-28 00:00:00+00:00,0.004999999888241291
2014-12-01 00:00:00+00:00,0.007000000216066837
2014-12-02 00:00:00+00:00,0.014999999664723873
2014-12-03 00:00:00+00:00,0.004999999888241291
2014-12-04 00:00:00+00:00,0.013000000268220901
2014-12-05 00:00:00+00:00,0.009999999776482582
2014-12-08 00:00:00+00:00,0.004999999888241291
2014-12-09 00:00:00+00:00,0.02800000086426735
2014-12-10 00:00:00+00:00,0.02500000037252903
2014-12-11 00:00:00+00:00,0.02199999988079071
2014-12-12 00:00:00+00:00,0.014999999664723873
2014-12-15 00:00:00+00:00,0.009999999776482582
2014-12-16 00:00:00+00:00,0.029999999329447746
2014-12-17 00:00:00+00:00,0.019999999552965164
2014-12-18 00:00:00+00:00,0.032999999821186066
2014-12-19 00:00:00+00:00,0.02500000037252903
2014-12-22 00:00:00+00:00,0.014999999664723873
2014-12-23 00:00:00+00:00,0.019999999552965164
2014-12-24 00:00:00+00:00,0.019999999552965164
2014-12-26 00:00:00+00:00,0.009999999776482582
2014-12-29 00:00:00+00:00,0.003000000026077032
2014-12-30 00:00:00+00:00,0.019999999552965164
2014-12-31 00:00:00+00:00,0.03700000047683716
2015-01-02 00:00:00+00:00,0.014999999664723873
2015-01-05 00:00:00+00:00,0.003000000026077032
2015-01-06 00:00:00+00:00,0.019999999552965164
2015-01-07 00:00:00+00:00,0.019999999552965164
2015-01-08 00:00:00+00:00,0.017999999225139618
2015-01-09 00:00:00+00:00,0.014999999664723873
2015-01-12 00:00:00+00:00,0.013000000268220901
2015-01-13 00:00:00+00:00,0.023000000044703484
2015-01-14 00:00:00+00:00,0.02500000037252903
2015-01-15 00:00:00+00:00,0.023000000044703484
2015-01-16 00:00:00+00:00,0.017999999225139618
2015-01-20 00:00:00+00:00,0.00800000037997961
2015-01-21 00:00:00+00:00,0.019999999552965164
2015-01-22 00:00:00+00:00,0.014999999664723873
2015-01-23 00:00:00+00:00,0.013000000268220901
2015-01-26 00:00:00+00:00,0.004999999888241291
2015-01-27 00:00:00+00:00,0.017999999225139618
2015-01-28 00:00:00+00:00,0.014999999664723873
2015-01-29 00:00:00+00:00,0.009999999776482582
2015-01-30 00:00:00+00:00,0.004999999888241291
2015-02-02 00:00:00+00:00,0.004999999888241291
2015-02-03 00:00:00+00:00,0.014999999664723873
2015-02-04 00:00:00+00:00,0.004999999888241291
2015-02-05 00:00:00+00:00,0.00800000037997961
2015-02-06 00:00:00+00:00,0.014999999664723873
2015-02-09 00:00:00+00:00,0.003000000026077032
2015-02-10 00:00:00+00:00,0.004999999888241291
2015-02-11 00:00:00+00:00,0.004999999888241291
2015-02-12 00:00:00+00:00,0.00800000037997961
2015-02-13 00:00:00+00:00,0.004999999888241291
2015-02-17 00:00:00+00:00,0.00800000037997961
2015-02-18 00:00:00+00:00,0.013000000268220901
2015-02-19 00:00:00+00:00,0.013000000268220901
2015-02-20 00:00:00+00:00,0.009999999776482582
2015-02-23 00:00:00+00:00,0.014999999664723873
2015-02-24 00:00:00+00:00,0.017999999225139618
2015-02-25 00:00:00+00:00,0.014999999664723873
2015-02-26 00:00:00+00:00,0.013000000268220901
2015-02-27 00:00:00+00:00,0.00800000037997961
2015-03-02 00:00:00+00:00,0.004999999888241291
2015-03-03 00:00:00+00:00,0.013000000268220901
2015-03-04 00:00:00+00:00,0.009999999776482582
2015-03-05 00:00:00+00:00,0.003000000026077032
2015-03-06 00:00:00+00:00,0.004999999888241291
2015-03-09 00:00:00+00:00,0.004999999888241291
2015-03-10 00:00:00+00:00,0.009999999776482582
2015-03-11 00:00:00+00:00,0.013000000268220901
2015-03-12 00:00:00+00:00,0.017999999225139618
2015-03-13 00:00:00+00:00,0.023000000044703484
2015-03-16 00:00:00+00:00,0.029999999329447746
2015-03-17 00:00:00+00:00,0.04800000041723251
2015-03-18 00:00:00+00:00,0.03799999877810478
2015-03-19 00:00:00+00:00,0.009999999776482582
2015-03-20 00:00:00+00:00,0.003000000026077032
2015-03-23 00:00:00+00:00,0.003000000026077032
2015-03-24 00:00:00+00:00,0.014999999664723873
2015-03-25 00:00:00+00:00,0.017999999225139618
2015-03-26 00:00:00+00:00,0.02800000086426735
2015-03-27 00:00:00+00:00,0.029999999329447746
2015-03-30 00:00:00+00:00,0.023000000044703484
2015-03-31 00:00:00+00:00,0.02500000037252903
2015-04-01 00:00:00+00:00,0.032999999821186066
2015-04-02 00:00:00+00:00,0.009999999776482582
2015-04-06 00:00:00+00:00,0.003000000026077032
2015-04-07 00:00:00+00:00,0.014999999664723873
2015-04-08 00:00:00+00:00,0.017999999225139618
2015-04-09 00:00:00+00:00,0.019999999552965164
2015-04-10 00:00:00+00:00,0.014999999664723873
2015-04-13 00:00:00+00:00,0.004999999888241291
2015-04-14 00:00:00+00:00,0.009999999776482582
2015-04-15 00:00:00+00:00,0.014999999664723873
2015-04-16 00:00:00+00:00,0.009999999776482582
2015-04-17 00:00:00+00:00,0.013000000268220901
2015-04-20 00:00:00+00:00,0.013000000268220901
2015-04-21 00:00:00+00:00,0.019999999552965164
2015-04-22 00:00:00+00:00,0.019999999552965164
2015-04-23 00:00:00+00:00,0.019999999552965164
2015-04-24 00:00:00+00:00,0.014999999664723873
2015-04-27 00:00:00+00:00,0.013000000268220901
2015-04-28 00:00:00+00:00,0.013000000268220901
2015-04-29 00:00:00+00:00,0.003000000026077032
2015-04-30 00:00:00+00:00,0.004999999888241291
2015-05-01 00:00:00+00:00,0.003000000026077032
2015-05-04 00:00:00+00:00,0.003000000026077032
2015-05-05 00:00:00+00:00,0.00800000037997961
2015-05-06 00:00:00+00:00,0.009999999776482582
2015-05-07 00:00:00+00:00,0.004999999888241291
2015-05-08 00:00:00+00:00,0.003000000026077032
2015-05-11 00:00:00+00:00,0.004999999888241291
2015-05-12 00:00:00+00:00,0.013000000268220901
2015-05-13 00:00:00+00:00,0.009999999776482582
2015-05-14 00:00:00+00:00,0.009999999776482582
2015-05-15 00:00:00+00:00,0.009999999776482582
2015-05-18 00:00:00+00:00,0.00800000037997961
2015-05-19 00:00:00+00:00,0.009999999776482582
2015-05-20 00:00:00+00:00,0.013000000268220901
2015-05-21 00:00:00+00:00,0.013000000268220901
2015-05-22 00:00:00+00:00,0.009999999776482582
2015-05-26 00:00:00+00:00,0.009999999776482582
2015-05-27 00:00:00+00:00,0.013000000268220901
2015-05-28 00:00:00+00:00,0.003000000026077032
2015-05-29 00:00:00+00:00,0.003000000026077032
2015-06-01 00:00:00+00:00,0.00800000037997961
2015-06-02 00:00:00+00:00,0.009999999776482582
2015-06-03 00:00:00+00:00,0.009999999776482582
2015-06-04 00:00:00+00:00,0.004999999888241291
2015-06-05 00:00:00+00:00,0.009999999776482582
2015-06-08 00:00:00+00:00,0.009999999776482582
2015-06-09 00:00:00+00:00,0.013000000268220901
2015-06-10 00:00:00+00:00,0.013000000268220901
2015-06-11 00:00:00+00:00,0.00800000037997961
2015-06-12 00:00:00+00:00,0.004999999888241291
2015-06-15 00:00:00+00:00,0.003000000026077032
2015-06-16 00:00:00+00:00,0.00800000037997961
2015-06-17 00:00:00+00:00,0.003000000026077032
2015-06-18 00:00:00+00:00,0.003000000026077032
2015-06-19 00:00:00+00:00,0.003000000026077032
2015-06-22 00:00:00+00:00,0.003000000026077032
2015-06-23 00:00:00+00:00,0.00800000037997961
2015-06-24 00:00:00+00:00,0.004999999888241291
2015-06-25 00:00:00+00:00,0.004999999888241291
2015-06-26 00:00:00+00:00,0.004999999888241291
2015-06-29 00:00:00+00:00,0.004999999888241291
2015-06-30 00:00:00+00:00,0.009999999776482582
2015-07-01 00:00:00+00:00,0.003000000026077032
2015-07-02 00:00:00+00:00,0.003000000026077032
2015-07-06 00:00:00+00:00,0.004999999888241291
2015-07-07 00:00:00+00:00,0.009999999776482582
2015-07-08 00:00:00+00:00,0.009999999776482582
2015-07-09 00:00:00+00:00,0.00800000037997961
2015-07-10 00:00:00+00:00,0.00800000037997961
2015-07-13 00:00:00+00:00,0.00800000037997961
2015-07-14 00:00:00+00:00,0.009999999776482582
2015-07-15 00:00:00+00:00,0.013000000268220901
2015-07-16 00:00:00+00:00,0.009999999776482582
2015-07-17 00:00:00+00:00,0.013000000268220901
2015-07-20 00:00:00+00:00,0.023000000044703484
2015-07-21 00:00:00+00:00,0.029999999329447746
2015-07-22 00:00:00+00:00,0.029999999329447746
2015-07-23 00:00:00+00:00,0.029999999329447746
2015-07-24 00:00:00+00:00,0.029999999329447746
2015-07-27 00:00:00+00:00,0.02800000086426735
2015-07-28 00:00:00+00:00,0.0430000014603138
2015-07-29 00:00:00+00:00,0.04500000178813934
2015-07-30 00:00:00+00:00,0.05999999865889549
2015-07-31 00:00:00+00:00,0.057999998331069946
2015-08-03 00:00:00+00:00,0.06300000101327896
2015-08-04 00:00:00+00:00,0.07500000298023224
2015-08-05 00:00:00+00:00,0.07500000298023224
2015-08-06 00:00:00+00:00,0.02800000086426735
2015-08-07 00:00:00+00:00,0.054999999701976776
2015-08-10 00:00:00+00:00,0.06499999761581421
2015-08-11 00:00:00+00:00,0.09799999743700027
2015-08-12 00:00:00+00:00,0.09000000357627869
2015-08-13 00:00:00+00:00,0.08299999684095383
2015-08-14 00:00:00+00:00,0.07999999821186066
2015-08-17 00:00:00+00:00,0.05999999865889549
2015-08-18 00:00:00+00:00,0.08500000089406967
2015-08-19 00:00:00+00:00,0.03999999910593033
2015-08-20 00:00:00+00:00,0.014999999664723873
2015-08-21 00:00:00+00:00,0.019999999552965164
2015-08-24 00:00:00+00:00,0.014999999664723873
2015-08-25 00:00:00+00:00,0.05299999937415123
2015-08-26 00:00:00+00:00,0.054999999701976776
2015-08-27 00:00:00+00:00,0.05000000074505806
2015-08-28 00:00:00+00:00,0.05000000074505806
2015-08-31 00:00:00+00:00,0.003000000026077032
2015-09-01 00:00:00+00:00,0.03799999877810478
2015-09-02 00:00:00+00:00,0.02500000037252903
2015-09-03 00:00:00+00:00,0.014999999664723873
2015-09-04 00:00:00+00:00,0.02500000037252903
2015-09-08 00:00:00+00:00,0.02500000037252903
2015-09-09 00:00:00+00:00,0.03500000014901161
2015-09-10 00:00:00+00:00,0.014999999664723873
2015-09-11 00:00:00+00:00,0.023000000044703484
2015-09-14 00:00:00+00:00,0.02500000037252903
2015-09-15 00:00:00+00:00,0.057999998331069946
2015-09-16 00:00:00+00:00,0.05299999937415123
2015-09-17 00:00:00+00:00,0.003000000026077032
2015-09-18 00:00:00+00:00,0.009999999776482582
2015-09-21 00:00:00+00:00,0.013000000268220901
2015-09-22 00:00:00+00:00,0.003000000026077032
2015-09-23 00:00:00+00:00,0.003000000026077032
2015-09-24 00:00:00+00:00,0.004999999888241291
2015-09-25 00:00:00+00:00,0.019999999552965164
2015-09-28 00:00:00+00:00,0.013000000268220901
2015-09-29 00:00:00+00:00,0.003000000026077032
2015-09-30 00:00:00+00:00,0.004999999888241291
2015-10-01 00:00:00+00:00,0.017999999225139618
2015-10-02 00:00:00+00:00,0.00800000037997961
2015-10-05 00:00:00+00:00,0.00800000037997961
2015-10-06 00:00:00+00:00,0.004999999888241291
2015-10-07 00:00:00+00:00,0.004999999888241291
2015-10-08 00:00:00+00:00,0.003000000026077032
2015-10-09 00:00:00+00:00,0.003000000026077032
2015-10-12 00:00:00+00:00,0.009999999776482582
2015-10-13 00:00:00+00:00,0.004999999888241291
2015-10-14 00:00:00+00:00,0.009999999776482582
2015-10-15 00:00:00+00:00,0.004999999888241291
2015-10-16 00:00:00+00:00,0.004999999888241291
2015-10-19 00:00:00+00:00,0.004999999888241291
2015-10-20 00:00:00+00:00,0.009999999776482582
2015-10-21 00:00:00+00:00,0.004999999888241291
2015-10-22 00:00:00+00:00,0.004999999888241291
2015-10-23 00:00:00+00:00,0.003000000026077032
2015-10-26 00:00:00+00:00,0.00800000037997961
2015-10-27 00:00:00+00:00,0.009999999776482582
2015-10-28 00:00:00+00:00,0.03500000014901161
2015-10-29 00:00:00+00:00,0.05299999937415123
2015-10-30 00:00:00+00:00,0.06800000369548798
2015-11-02 00:00:00+00:00,0.05299999937415123
2015-11-03 00:00:00+00:00,0.057999998331069946
2015-11-04 00:00:00+00:00,0.054999999701976776
2015-11-05 00:00:00+00:00,0.03999999910593033
2015-11-06 00:00:00+00:00,0.0729999989271164
2015-11-09 00:00:00+00:00,0.07500000298023224
2015-11-10 00:00:00+00:00,0.125
2015-11-11 00:00:00+00:00,0.12300000339746475
2015-11-12 00:00:00+00:00,0.12300000339746475
2015-11-13 00:00:00+00:00,0.11299999803304672
2015-11-16 00:00:00+00:00,0.09799999743700027
2015-11-17 00:00:00+00:00,0.13500000536441803
2015-11-18 00:00:00+00:00,0.12300000339746475
2015-11-19 00:00:00+00:00,0.08799999952316284
2015-11-20 00:00:00+00:00,0.09300000220537186
2015-11-23 00:00:00+00:00,0.10499999672174454
2015-11-24 00:00:00+00:00,0.15299999713897705
2015-11-25 00:00:00+00:00,0.17499999701976776
2015-11-27 00:00:00+00:00,0.1599999964237213
2015-11-30 00:00:00+00:00,0.17000000178813934
2015-12-01 00:00:00+00:00,0.2029999941587448
2015-12-02 00:00:00+00:00,0.20000000298023224
2015-12-03 00:00:00+00:00,0.1979999989271164
2015-12-04 00:00:00+00:00,0.20499999821186066
2015-12-07 00:00:00+00:00,0.23499999940395355
2015-12-08 00:00:00+00:00,0.2680000066757202
2015-12-09 00:00:00+00:00,0.24500000476837158
2015-12-10 00:00:00+00:00,0.23000000417232513
2015-12-11 00:00:00+00:00,0.21299999952316284
2015-12-14 00:00:00+00:00,0.1979999989271164
2015-12-15 00:00:00+00:00,0.25
2015-12-16 00:00:00+00:00,0.23499999940395355
2015-12-17 00:00:00+00:00,0.21299999952316284
2015-12-18 00:00:00+00:00,0.17499999701976776
2015-12-21 00:00:00+00:00,0.15299999713897705
2015-12-22 00:00:00+00:00,0.19300000369548798
2015-12-23 00:00:00+00:00,0.1899999976158142
2015-12-24 00:00:00+00:00,0.18299999833106995
2015-12-28 00:00:00+00:00,0.1899999976158142
2015-12-29 00:00:00+00:00,0.2150000035762787
2015-12-30 00:00:00+00:00,0.19499999284744263
2015-12-31 00:00:00+00:00,0.14800000190734863
2016-01-04 00:00:00+00:00,0.1550000011920929
2016-01-05 00:00:00+00:00,0.20499999821186066
2016-01-06 00:00:00+00:00,0.20499999821186066
2016-01-07 00:00:00+00:00,0.1899999976158142
2016-01-08 00:00:00+00:00,0.1899999976158142
2016-01-11 00:00:00+00:00,0.17499999701976776
2016-01-12 00:00:00+00:00,0.20999999344348907
2016-01-13 00:00:00+00:00,0.2150000035762787
2016-01-14 00:00:00+00:00,0.23999999463558197
2016-01-15 00:00:00+00:00,0.22300000488758087
2016-01-19 00:00:00+00:00,0.23000000417232513
2016-01-20 00:00:00+00:00,0.2529999911785126
2016-01-21 00:00:00+00:00,0.27300000190734863
2016-01-22 00:00:00+00:00,0.2879999876022339
2016-01-25 00:00:00+00:00,0.2750000059604645
2016-01-26 00:00:00+00:00,0.30000001192092896
2016-01-27 00:00:00+00:00,0.30000001192092896
2016-01-28 00:00:00+00:00,0.3179999887943268
2016-01-29 00:00:00+00:00,0.30000001192092896
2016-02-01 00:00:00+00:00,0.29499998688697815
2016-02-02 00:00:00+00:00,0.33000001311302185
2016-02-03 00:00:00+00:00,0.3330000042915344
2016-02-04 00:00:00+00:00,0.28299999237060547
2016-02-05 00:00:00+00:00,0.27799999713897705
2016-02-08 00:00:00+00:00,0.25999999046325684
2016-02-09 00:00:00+00:00,0.30000001192092896
2016-02-10 00:00:00+00:00,0.2980000078678131
2016-02-11 00:00:00+00:00,0.27300000190734863
2016-02-12 00:00:00+00:00,0.27000001072883606
2016-02-16 00:00:00+00:00,0.27300000190734863
2016-02-17 00:00:00+00:00,0.2930000126361847
2016-02-18 00:00:00+00:00,0.2879999876022339
2016-02-19 00:00:00+00:00,0.28299999237060547
2016-02-22 00:00:00+00:00,0.2930000126361847
2016-02-23 00:00:00+00:00,0.3179999887943268
2016-02-24 00:00:00+00:00,0.3149999976158142
2016-02-25 00:00:00+00:00,0.3100000023841858
2016-02-26 00:00:00+00:00,0.30300000309944153
2016-02-29 00:00:00+00:00,0.30799999833106995
2016-03-01 00:00:00+00:00,0.3199999928474426
2016-03-02 00:00:00+00:00,0.30300000309944153
2016-03-03 00:00:00+00:00,0.2630000114440918
2016-03-04 00:00:00+00:00,0.26499998569488525
2016-03-07 00:00:00+00:00,0.26499998569488525
2016-03-08 00:00:00+00:00,0.3050000071525574
2016-03-09 00:00:00+00:00,0.2879999876022339
2016-03-10 00:00:00+00:00,0.30300000309944153
2016-03-11 00:00:00+00:00,0.30799999833106995
2016-03-14 00:00:00+00:00,0.30799999833106995
2016-03-15 00:00:00+00:00,0.32499998807907104
2016-03-16 00:00:00+00:00,0.30000001192092896
2016-03-17 00:00:00+00:00,0.2750000059604645
2016-03-18 00:00:00+00:00,0.2800000011920929
2016-03-21 00:00:00+00:00,0.2879999876022339
2016-03-22 00:00:00+00:00,0.29499998688697815
2016-03-23 00:00:00+00:00,0.2930000126361847
2016-03-24 00:00:00+00:00,0.2750000059604645
2016-03-28 00:00:00+00:00,0.2549999952316284
2016-03-29 00:00:00+00:00,0.22499999403953552
2016-03-30 00:00:00+00:00,0.1850000023841858
2016-03-31 00:00:00+00:00,0.19300000369548798
2016-04-01 00:00:00+00:00,0.21799999475479126
2016-04-04 00:00:00+00:00,0.18299999833106995
2016-04-05 00:00:00+00:00,0.21799999475479126
2016-04-06 00:00:00+00:00,0.2199999988079071
2016-04-07 00:00:00+00:00,0.2199999988079071
2016-04-08 00:00:00+00:00,0.21799999475479126
2016-04-11 00:00:00+00:00,0.20999999344348907
2016-04-12 00:00:00+00:00,0.23000000417232513
2016-04-13 00:00:00+00:00,0.22300000488758087
2016-04-14 00:00:00+00:00,0.2150000035762787
2016-04-15 00:00:00+00:00,0.20999999344348907
2016-04-18 00:00:00+00:00,0.1979999989271164
2016-04-19 00:00:00+00:00,0.2150000035762787
2016-04-20 00:00:00+00:00,0.21799999475479126
2016-04-21 00:00:00+00:00,0.22499999403953552
2016-04-22 00:00:00+00:00,0.22499999403953552
2016-04-25 00:00:00+00:00,0.23800000548362732
2016-04-26 00:00:00+00:00,0.24500000476837158
2016-04-27 00:00:00+00:00,0.24500000476837158
2016-04-28 00:00:00+00:00,0.20999999344348907
2016-04-29 00:00:00+00:00,0.19300000369548798
2016-05-02 00:00:00+00:00,0.1850000023841858
2016-05-03 00:00:00+00:00,0.2029999941587448
2016-05-04 00:00:00+00:00,0.1979999989271164
2016-05-05 00:00:00+00:00,0.18299999833106995
2016-05-06 00:00:00+00:00,0.18000000715255737
2016-05-09 00:00:00+00:00,0.2029999941587448
2016-05-10 00:00:00+00:00,0.24300000071525574
2016-05-11 00:00:00+00:00,0.24799999594688416
2016-05-12 00:00:00+00:00,0.257999986410141
2016-05-13 00:00:00+00:00,0.257999986410141
2016-05-16 00:00:00+00:00,0.257999986410141
2016-05-17 00:00:00+00:00,0.2680000066757202
2016-05-18 00:00:00+00:00,0.27000001072883606
2016-05-19 00:00:00+00:00,0.28999999165534973
2016-05-20 00:00:00+00:00,0.2980000078678131
2016-05-23 00:00:00+00:00,0.31299999356269836
2016-05-24 00:00:00+00:00,0.34299999475479126
2016-05-25 00:00:00+00:00,0.3149999976158142
2016-05-26 00:00:00+00:00,0.2750000059604645
2016-05-27 00:00:00+00:00,0.2980000078678131
2016-05-31 00:00:00+00:00,0.28299999237060547
2016-06-01 00:00:00+00:00,0.29499998688697815
2016-06-02 00:00:00+00:00,0.27000001072883606
2016-06-03 00:00:00+00:00,0.27000001072883606
2016-06-06 00:00:00+00:00,0.25
2016-06-07 00:00:00+00:00,0.26499998569488525
2016-06-08 00:00:00+00:00,0.23499999940395355
2016-06-09 00:00:00+00:00,0.23999999463558197
2016-06-10 00:00:00+00:00,0.23999999463558197
2016-06-13 00:00:00+00:00,0.24500000476837158
2016-06-14 00:00:00+00:00,0.2630000114440918
2016-06-15 00:00:00+00:00,0.2549999952316284
2016-06-16 00:00:00+00:00,0.24500000476837158
2016-06-17 00:00:00+00:00,0.24799999594688416
2016-06-20 00:00:00+00:00,0.24799999594688416
2016-06-21 00:00:00+00:00,0.26499998569488525
2016-06-22 00:00:00+00:00,0.2680000066757202
2016-06-23 00:00:00+00:00,0.2750000059604645
2016-06-24 00:00:00+00:00,0.23800000548362732
2016-06-27 00:00:00+00:00,0.23499999940395355
2016-06-28 00:00:00+00:00,0.25999999046325684
2016-06-29 00:00:00+00:00,0.2549999952316284
2016-06-30 00:00:00+00:00,0.24799999594688416
2016-07-01 00:00:00+00:00,0.24300000071525574
2016-07-05 00:00:00+00:00,0.23800000548362732
2016-07-06 00:00:00+00:00,0.2630000114440918
2016-07-07 00:00:00+00:00,0.27000001072883606
2016-07-08 00:00:00+00:00,0.27300000190734863
2016-07-11 00:00:00+00:00,0.2750000059604645
2016-07-12 00:00:00+00:00,0.29499998688697815
2016-07-13 00:00:00+00:00,0.2980000078678131
2016-07-14 00:00:00+00:00,0.30300000309944153
2016-07-15 00:00:00+00:00,0.2980000078678131
2016-07-18 00:00:00+00:00,0.2879999876022339
2016-07-19 00:00:00+00:00,0.3100000023841858
2016-07-20 00:00:00+00:00,0.3149999976158142
2016-07-21 00:00:00+00:00,0.30300000309944153
2016-07-22 00:00:00+00:00,0.30300000309944153
2016-07-25 00:00:00+00:00,0.2980000078678131
2016-07-26 00:00:00+00:00,0.30799999833106995
2016-07-27 00:00:00+00:00,0.28299999237060547
2016-07-28 00:00:00+00:00,0.2199999988079071
2016-07-29 00:00:00+00:00,0.23999999463558197
2016-08-01 00:00:00+00:00,0.23800000548362732
2016-08-02 00:00:00+00:00,0.2800000011920929
2016-08-03 00:00:00+00:00,0.2680000066757202
2016-08-04 00:00:00+00:00,0.24799999594688416
2016-08-05 00:00:00+00:00,0.25
2016-08-08 00:00:00+00:00,0.25
2016-08-09 00:00:00+00:00,0.2930000126361847
2016-08-10 00:00:00+00:00,0.27300000190734863
2016-08-11 00:00:00+00:00,0.2750000059604645
2016-08-12 00:00:00+00:00,0.2630000114440918
2016-08-15 00:00:00+00:00,0.2750000059604645
2016-08-16 00:00:00+00:00,0.2879999876022339
2016-08-17 00:00:00+00:00,0.2879999876022339
2016-08-18 00:00:00+00:00,0.2849999964237213
2016-08-19 00:00:00+00:00,0.2930000126361847
2016-08-22 00:00:00+00:00,0.2800000011920929
2016-08-23 00:00:00+00:00,0.3050000071525574
2016-08-24 00:00:00+00:00,0.3050000071525574
2016-08-25 00:00:00+00:00,0.3050000071525574
2016-08-26 00:00:00+00:00,0.3050000071525574
2016-08-29 00:00:00+00:00,0.3050000071525574
2016-08-30 00:00:00+00:00,0.32499998807907104
2016-08-31 00:00:00+00:00,0.3199999928474426
2016-09-01 00:00:00+00:00,0.3149999976158142
2016-09-02 00:00:00+00:00,0.30300000309944153
2016-09-06 00:00:00+00:00,0.30300000309944153
2016-09-07 00:00:00+00:00,0.33000001311302185
2016-09-08 00:00:00+00:00,0.3330000042915344
2016-09-09 00:00:00+00:00,0.3330000042915344
2016-09-12 00:00:00+00:00,0.3499999940395355
2016-09-13 00:00:00+00:00,0.3449999988079071
2016-09-14 00:00:00+00:00,0.3149999976158142
2016-09-15 00:00:00+00:00,0.27799999713897705
2016-09-16 00:00:00+00:00,0.27300000190734863
2016-09-19 00:00:00+00:00,0.23800000548362732
2016-09-20 00:00:00+00:00,0.2879999876022339
2016-09-21 00:00:00+00:00,0.22300000488758087
2016-09-22 00:00:00+00:00,0.1599999964237213
2016-09-23 00:00:00+00:00,0.16500000655651093
2016-09-26 00:00:00+00:00,0.17299999296665192
2016-09-27 00:00:00+00:00,0.2549999952316284
2016-09-28 00:00:00+00:00,0.2630000114440918
2016-09-29 00:00:00+00:00,0.23499999940395355
2016-09-30 00:00:00+00:00,0.25999999046325684
2016-10-03 00:00:00+00:00,0.2879999876022339
2016-10-04 00:00:00+00:00,0.3149999976158142
2016-10-05 00:00:00+00:00,0.31299999356269836
2016-10-06 00:00:00+00:00,0.3100000023841858
2016-10-07 00:00:00+00:00,0.3100000023841858
2016-10-10 00:00:00+00:00,0.30799999833106995
2016-10-11 00:00:00+00:00,0.3199999928474426
2016-10-12 00:00:00+00:00,0.3400000035762787
2016-10-13 00:00:00+00:00,0.2750000059604645
2016-10-14 00:00:00+00:00,0.28999999165534973
2016-10-17 00:00:00+00:00,0.29499998688697815
2016-10-18 00:00:00+00:00,0.3330000042915344
2016-10-19 00:00:00+00:00,0.3230000138282776
2016-10-20 00:00:00+00:00,0.3199999928474426
2016-10-21 00:00:00+00:00,0.3149999976158142
2016-10-24 00:00:00+00:00,0.31299999356269836
2016-10-25 00:00:00+00:00,0.32499998807907104
2016-10-26 00:00:00+00:00,0.31299999356269836
2016-10-27 00:00:00+00:00,0.2750000059604645
2016-10-28 00:00:00+00:00,0.27300000190734863
2016-10-31 00:00:00+00:00,0.29499998688697815
2016-11-01 00:00:00+00:00,0.3449999988079071
2016-11-02 00:00:00+00:00,0.3449999988079071
2016-11-03 00:00:00+00:00,0.3580000102519989
2016-11-04 00:00:00+00:00,0.3580000102519989
2016-11-07 00:00:00+00:00,0.38999998569488525
2016-11-08 00:00:00+00:00,0.41999998688697815
2016-11-09 00:00:00+00:00,0.4180000126361847
2016-11-10 00:00:00+00:00,0.4580000042915344
2016-11-14 00:00:00+00:00,0.503000020980835
2016-11-15 00:00:00+00:00,0.4880000054836273
2016-11-16 00:00:00+00:00,0.453000009059906
2016-11-17 00:00:00+00:00,0.41999998688697815
2016-11-18 00:00:00+00:00,0.4180000126361847
2016-11-21 00:00:00+00:00,0.41999998688697815
2016-11-22 00:00:00+00:00,0.4749999940395355
2016-11-23 00:00:00+00:00,0.48500001430511475
2016-11-25 00:00:00+00:00,0.47999998927116394
2016-11-28 00:00:00+00:00,0.44999998807907104
2016-11-29 00:00:00+00:00,0.46799999475479126
2016-11-30 00:00:00+00:00,0.46799999475479126
2016-12-01 00:00:00+00:00,0.4580000042915344
2016-12-02 00:00:00+00:00,0.45500001311302185
2016-12-05 00:00:00+00:00,0.453000009059906
2016-12-06 00:00:00+00:00,0.48500001430511475
2016-12-07 00:00:00+00:00,0.4880000054836273
2016-12-08 00:00:00+00:00,0.49000000953674316
2016-12-09 00:00:00+00:00,0.5199999809265137
2016-12-12 00:00:00+00:00,0.5
2016-12-13 00:00:00+00:00,0.5230000019073486
2016-12-14 00:00:00+00:00,0.5230000019073486
2016-12-15 00:00:00+00:00,0.4880000054836273
2016-12-16 00:00:00+00:00,0.48500001430511475
2016-12-19 00:00:00+00:00,0.4779999852180481
2016-12-20 00:00:00+00:00,0.5130000114440918
2016-12-21 00:00:00+00:00,0.503000020980835
2016-12-22 00:00:00+00:00,0.49300000071525574
2016-12-23 00:00:00+00:00,0.5
2016-12-27 00:00:00+00:00,0.4950000047683716
2016-12-28 00:00:00+00:00,0.4950000047683716
2016-12-29 00:00:00+00:00,0.4399999976158142
2016-12-30 00:00:00+00:00,0.47999998927116394
2017-01-03 00:00:00+00:00,0.4749999940395355
2017-01-04 00:00:00+00:00,0.5180000066757202
2017-01-05 00:00:00+00:00,0.5080000162124634
2017-01-06 00:00:00+00:00,0.503000020980835
2017-01-09 00:00:00+00:00,0.48500001430511475
2017-01-10 00:00:00+00:00,0.503000020980835
2017-01-11 00:00:00+00:00,0.49799999594688416
2017-01-12 00:00:00+00:00,0.503000020980835
2017-01-13 00:00:00+00:00,0.5130000114440918
2017-01-17 00:00:00+00:00,0.5130000114440918
2017-01-18 00:00:00+00:00,0.5149999856948853
2017-01-19 00:00:00+00:00,0.503000020980835
2017-01-20 00:00:00+00:00,0.47999998927116394
2017-01-23 00:00:00+00:00,0.4729999899864197
2017-01-24 00:00:00+00:00,0.49300000071525574
2017-01-25 00:00:00+00:00,0.4830000102519989
2017-01-26 00:00:00+00:00,0.4880000054836273
2017-01-27 00:00:00+00:00,0.49799999594688416
2017-01-30 00:00:00+00:00,0.4950000047683716
2017-01-31 00:00:00+00:00,0.5
2017-02-01 00:00:00+00:00,0.5
2017-02-02 00:00:00+00:00,0.4880000054836273
2017-02-03 00:00:00+00:00,0.4880000054836273
2017-02-06 00:00:00+00:00,0.503000020980835
2017-02-07 00:00:00+00:00,0.5249999761581421
2017-02-08 00:00:00+00:00,0.5249999761581421
2017-02-09 00:00:00+00:00,0.527999997138977
2017-02-10 00:00:00+00:00,0.5230000019073486
2017-02-13 00:00:00+00:00,0.5230000019073486
2017-02-14 00:00:00+00:00,0.5350000262260437
2017-02-15 00:00:00+00:00,0.5199999809265137
2017-02-16 00:00:00+00:00,0.5080000162124634
2017-02-17 00:00:00+00:00,0.5080000162124634
2017-02-21 00:00:00+00:00,0.5049999952316284
2017-02-22 00:00:00+00:00,0.5099999904632568
2017-02-23 00:00:00+00:00,0.49799999594688416
2017-02-24 00:00:00+00:00,0.49799999594688416
2017-02-27 00:00:00+00:00,0.49000000953674316
2017-02-28 00:00:00+00:00,0.5230000019073486
2017-03-01 00:00:00+00:00,0.6150000095367432
2017-03-02 00:00:00+00:00,0.6449999809265137
2017-03-03 00:00:00+00:00,0.6830000281333923
2017-03-06 00:00:00+00:00,0.7049999833106995
2017-03-07 00:00:00+00:00,0.7350000143051147
2017-03-08 00:00:00+00:00,0.7080000042915344
2017-03-09 00:00:00+00:00,0.7129999995231628
2017-03-10 00:00:00+00:00,0.7250000238418579
2017-03-13 00:00:00+00:00,0.7279999852180481
2017-03-14 00:00:00+00:00,0.753000020980835
2017-03-15 00:00:00+00:00,0.7149999737739563
2017-03-16 00:00:00+00:00,0.7080000042915344
2017-03-17 00:00:00+00:00,0.7080000042915344
2017-03-20 00:00:00+00:00,0.7099999785423279
2017-03-21 00:00:00+00:00,0.753000020980835
2017-03-22 00:00:00+00:00,0.7480000257492065
2017-03-23 00:00:00+00:00,0.7480000257492065
2017-03-24 00:00:00+00:00,0.7480000257492065
2017-03-27 00:00:00+00:00,0.7580000162124634
2017-03-28 00:00:00+00:00,0.7730000019073486
2017-03-29 00:00:00+00:00,0.7549999952316284
2017-03-30 00:00:00+00:00,0.7580000162124634
2017-03-31 00:00:00+00:00,0.7379999756813049
2017-04-03 00:00:00+00:00,0.7400000095367432
2017-04-04 00:00:00+00:00,0.7799999713897705
2017-04-05 00:00:00+00:00,0.7799999713897705
2017-04-06 00:00:00+00:00,0.7879999876022339
2017-04-07 00:00:00+00:00,0.7979999780654907
2017-04-10 00:00:00+00:00,0.7879999876022339
2017-04-11 00:00:00+00:00,0.800000011920929
2017-04-12 00:00:00+00:00,0.7929999828338623
2017-04-13 00:00:00+00:00,0.7900000214576721
2017-04-17 00:00:00+00:00,0.7900000214576721
2017-04-18 00:00:00+00:00,0.8050000071525574
2017-04-19 00:00:00+00:00,0.7850000262260437
2017-04-20 00:00:00+00:00,0.7699999809265137
2017-04-21 00:00:00+00:00,0.7630000114440918
2017-04-24 00:00:00+00:00,0.7699999809265137
2017-04-25 00:00:00+00:00,0.8080000281333923
2017-04-26 00:00:00+00:00,0.8029999732971191
2017-04-27 00:00:00+00:00,0.7850000262260437
2017-04-28 00:00:00+00:00,0.7799999713897705
2017-05-01 00:00:00+00:00,0.7850000262260437
2017-05-02 00:00:00+00:00,0.8429999947547913
2017-05-03 00:00:00+00:00,0.8479999899864197
2017-05-04 00:00:00+00:00,0.8550000190734863
2017-05-05 00:00:00+00:00,0.8679999709129333
2017-05-08 00:00:00+00:00,0.8700000047683716
2017-05-09 00:00:00+00:00,0.8899999856948853
2017-05-10 00:00:00+00:00,0.875
2017-05-11 00:00:00+00:00,0.8600000143051147
2017-05-12 00:00:00+00:00,0.8550000190734863
2017-05-15 00:00:00+00:00,0.8629999756813049
2017-05-16 00:00:00+00:00,0.8899999856948853
2017-05-17 00:00:00+00:00,0.875
2017-05-18 00:00:00+00:00,0.8930000066757202
2017-05-19 00:00:00+00:00,0.8880000114440918
2017-05-22 00:00:00+00:00,0.878000020980835
2017-05-23 00:00:00+00:00,0.9129999876022339
2017-05-24 00:00:00+00:00,0.9049999713897705
2017-05-25 00:00:00+00:00,0.9079999923706055
2017-05-26 00:00:00+00:00,0.9100000262260437
2017-05-30 00:00:00+00:00,0.9100000262260437
2017-05-31 00:00:00+00:00,0.949999988079071
2017-06-01 00:00:00+00:00,0.9480000138282776
2017-06-02 00:00:00+00:00,0.953000009059906
2017-06-05 00:00:00+00:00,0.9480000138282776
2017-06-06 00:00:00+00:00,0.9580000042915344
2017-06-07 00:00:00+00:00,0.9729999899864197
2017-06-08 00:00:00+00:00,0.9729999899864197
2017-06-09 00:00:00+00:00,0.9800000190734863
2017-06-12 00:00:00+00:00,0.9729999899864197
2017-06-13 00:00:00+00:00,0.9829999804496765
2017-06-14 00:00:00+00:00,0.9829999804496765
2017-06-15 00:00:00+00:00,0.9929999709129333
2017-06-16 00:00:00+00:00,0.9850000143051147
2017-06-19 00:00:00+00:00,0.9850000143051147
2017-06-20 00:00:00+00:00,0.9929999709129333
2017-06-21 00:00:00+00:00,0.9679999947547913
2017-06-22 00:00:00+00:00,0.9330000281333923
2017-06-23 00:00:00+00:00,0.9330000281333923
2017-06-26 00:00:00+00:00,0.9330000281333923
2017-06-27 00:00:00+00:00,0.9900000095367432
2017-06-28 00:00:00+00:00,0.9850000143051147
2017-06-29 00:00:00+00:00,1.003000020980835
2017-06-30 00:00:00+00:00,0.9929999709129333
2017-07-03 00:00:00+00:00,1.0
2017-07-05 00:00:00+00:00,1.0199999809265137
2017-07-06 00:00:00+00:00,1.0080000162124634
2017-07-07 00:00:00+00:00,1.0080000162124634
2017-07-10 00:00:00+00:00,1.0130000114440918
2017-07-11 00:00:00+00:00,1.0329999923706055
2017-07-12 00:00:00+00:00,1.0230000019073486
2017-07-13 00:00:00+00:00,1.0130000114440918
2017-07-14 00:00:00+00:00,1.0080000162124634
2017-07-17 00:00:00+00:00,1.0199999809265137
2017-07-18 00:00:00+00:00,1.0399999618530273
2017-07-19 00:00:00+00:00,1.0850000381469727
2017-07-20 00:00:00+00:00,1.1130000352859497
2017-07-21 00:00:00+00:00,1.1380000114440918
2017-07-24 00:00:00+00:00,1.149999976158142
2017-07-25 00:00:00+00:00,1.1430000066757202
2017-07-26 00:00:00+00:00,1.0950000286102295
2017-07-27 00:00:00+00:00,1.0779999494552612
2017-07-28 00:00:00+00:00,1.0529999732971191
2017-07-31 00:00:00+00:00,1.0529999732971191
2017-08-01 00:00:00+00:00,1.0579999685287476
2017-08-02 00:00:00+00:00,1.0499999523162842
2017-08-03 00:00:00+00:00,1.0579999685287476
2017-08-04 00:00:00+00:00,1.0529999732971191
2017-08-07 00:00:00+00:00,1.0329999923706055
2017-08-08 00:00:00+00:00,1.0299999713897705
2017-08-09 00:00:00+00:00,1.024999976158142
2017-08-10 00:00:00+00:00,1.0180000066757202
2017-08-11 00:00:00+00:00,1.0130000114440918
2017-08-14 00:00:00+00:00,1.003000020980835
2017-08-15 00:00:00+00:00,1.0080000162124634
2017-08-16 00:00:00+00:00,0.9850000143051147
2017-08-17 00:00:00+00:00,0.9779999852180481
2017-08-18 00:00:00+00:00,0.9879999756813049
2017-08-21 00:00:00+00:00,0.9649999737739563
2017-08-22 00:00:00+00:00,0.9950000047683716
2017-08-23 00:00:00+00:00,0.9800000190734863
2017-08-24 00:00:00+00:00,0.9980000257492065
2017-08-25 00:00:00+00:00,0.9950000047683716
2017-08-28 00:00:00+00:00,1.0049999952316284
2017-08-29 00:00:00+00:00,1.0099999904632568
2017-08-30 00:00:00+00:00,0.9980000257492065
2017-08-31 00:00:00+00:00,0.9779999852180481
2017-09-01 00:00:00+00:00,0.9850000143051147
2017-09-05 00:00:00+00:00,0.9829999804496765
2017-09-06 00:00:00+00:00,1.0379999876022339
2017-09-07 00:00:00+00:00,1.0230000019073486
2017-09-08 00:00:00+00:00,1.0199999809265137
2017-09-11 00:00:00+00:00,1.0199999809265137
2017-09-12 00:00:00+00:00,1.0180000066757202
2017-09-13 00:00:00+00:00,1.0180000066757202
2017-09-14 00:00:00+00:00,1.027999997138977
2017-09-15 00:00:00+00:00,1.0099999904632568
2017-09-18 00:00:00+00:00,1.0
2017-09-19 00:00:00+00:00,1.0180000066757202
2017-09-20 00:00:00+00:00,1.0199999809265137
2017-09-21 00:00:00+00:00,1.0080000162124634
2017-09-22 00:00:00+00:00,1.003000020980835
2017-09-25 00:00:00+00:00,0.9980000257492065
2017-09-26 00:00:00+00:00,1.0429999828338623
2017-09-27 00:00:00+00:00,1.0379999876022339
2017-09-28 00:00:00+00:00,1.0299999713897705
2017-09-29 00:00:00+00:00,1.027999997138977
2017-10-02 00:00:00+00:00,1.0130000114440918
2017-10-03 00:00:00+00:00,1.034999966621399
2017-10-04 00:00:00+00:00,1.0429999828338623
2017-10-05 00:00:00+00:00,1.0429999828338623
2017-10-06 00:00:00+00:00,1.0429999828338623
2017-10-09 00:00:00+00:00,1.0449999570846558
2017-10-10 00:00:00+00:00,1.0549999475479126
2017-10-11 00:00:00+00:00,1.0679999589920044
2017-10-12 00:00:00+00:00,1.0529999732971191
2017-10-13 00:00:00+00:00,1.0499999523162842
2017-10-16 00:00:00+00:00,1.0549999475479126
2017-10-17 00:00:00+00:00,1.0729999542236328
2017-10-18 00:00:00+00:00,1.0679999589920044
2017-10-19 00:00:00+00:00,1.065000057220459
2017-10-20 00:00:00+00:00,1.0750000476837158
2017-10-23 00:00:00+00:00,1.0700000524520874
2017-10-24 00:00:00+00:00,1.0980000495910645
2017-10-25 00:00:00+00:00,1.0829999446868896
2017-10-26 00:00:00+00:00,1.0800000429153442
2017-10-27 00:00:00+00:00,1.0729999542236328
2017-10-30 00:00:00+00:00,1.0750000476837158
2017-10-31 00:00:00+00:00,1.1230000257492065
2017-11-01 00:00:00+00:00,1.1380000114440918
2017-11-02 00:00:00+00:00,1.1380000114440918
2017-11-03 00:00:00+00:00,1.1480000019073486
2017-11-06 00:00:00+00:00,1.1579999923706055
2017-11-07 00:00:00+00:00,1.187999963760376
2017-11-08 00:00:00+00:00,1.1950000524520874
2017-11-09 00:00:00+00:00,1.2029999494552612
2017-11-10 00:00:00+00:00,1.2000000476837158
2017-11-13 00:00:00+00:00,1.184999942779541
2017-11-14 00:00:00+00:00,1.2400000095367432
2017-11-15 00:00:00+00:00,1.2300000190734863
2017-11-16 00:00:00+00:00,1.2300000190734863
2017-11-17 00:00:00+00:00,1.2400000095367432
2017-11-20 00:00:00+00:00,1.2400000095367432
2017-11-21 00:00:00+00:00,1.277999997138977
2017-11-22 00:00:00+00:00,1.2649999856948853
2017-11-24 00:00:00+00:00,1.2400000095367432
2017-11-27 00:00:00+00:00,1.2230000495910645
2017-11-28 00:00:00+00:00,1.2649999856948853
2017-11-29 00:00:00+00:00,1.2580000162124634
2017-11-30 00:00:00+00:00,1.2380000352859497
2017-12-01 00:00:00+00:00,1.2350000143051147
2017-12-04 00:00:00+00:00,1.2450000047683716
2017-12-05 00:00:00+00:00,1.2829999923706055
2017-12-06 00:00:00+00:00,1.2630000114440918
2017-12-07 00:00:00+00:00,1.2599999904632568
2017-12-08 00:00:00+00:00,1.253000020980835
2017-12-11 00:00:00+00:00,1.2630000114440918
2017-12-12 00:00:00+00:00,1.309999942779541
2017-12-13 00:00:00+00:00,1.2730000019073486
2017-12-14 00:00:00+00:00,1.2829999923706055
2017-12-15 00:00:00+00:00,1.284999966621399
2017-12-18 00:00:00+00:00,1.315000057220459
2017-12-19 00:00:00+00:00,1.3530000448226929
2017-12-20 00:00:00+00:00,1.350000023841858
2017-12-21 00:00:00+00:00,1.3200000524520874
2017-12-22 00:00:00+00:00,1.2979999780654907
2017-12-26 00:00:00+00:00,1.3029999732971191
2017-12-27 00:00:00+00:00,1.4079999923706055
2017-12-28 00:00:00+00:00,1.3700000047683716
2017-12-29 00:00:00+00:00,1.3550000190734863
2018-01-02 00:00:00+00:00,1.378000020980835
2018-01-03 00:00:00+00:00,1.3700000047683716
2018-01-04 00:00:00+00:00,1.3700000047683716
2018-01-05 00:00:00+00:00,1.3700000047683716
2018-01-08 00:00:00+00:00,1.3799999952316284
2018-01-09 00:00:00+00:00,1.4149999618530273
2018-01-10 00:00:00+00:00,1.3949999809265137
2018-01-11 00:00:00+00:00,1.402999997138977
2018-01-12 00:00:00+00:00,1.409999966621399
2018-01-16 00:00:00+00:00,1.3949999809265137
2018-01-17 00:00:00+00:00,1.4149999618530273
2018-01-18 00:00:00+00:00,1.4049999713897705
2018-01-19 00:00:00+00:00,1.402999997138977
2018-01-22 00:00:00+00:00,1.3899999856948853
2018-01-23 00:00:00+00:00,1.4129999876022339
2018-01-24 00:00:00+00:00,1.409999966621399
2018-01-25 00:00:00+00:00,1.3930000066757202
2018-01-26 00:00:00+00:00,1.3880000114440918
2018-01-29 00:00:00+00:00,1.375
2018-01-30 00:00:00+00:00,1.4249999523162842
2018-01-31 00:00:00+00:00,1.4299999475479126
2018-02-01 00:00:00+00:00,1.4529999494552612
2018-02-02 00:00:00+00:00,1.4500000476837158
2018-02-05 00:00:00+00:00,1.4579999446868896
2018-02-06 00:00:00+00:00,1.4880000352859497
2018-02-07 00:00:00+00:00,1.5149999856948853
2018-02-08 00:00:00+00:00,1.5149999856948853
2018-02-09 00:00:00+00:00,1.524999976158142
2018-02-12 00:00:00+00:00,1.534999966621399
2018-02-13 00:00:00+00:00,1.5700000524520874
2018-02-14 00:00:00+00:00,1.5499999523162842
2018-02-15 00:00:00+00:00,1.559999942779541
2018-02-16 00:00:00+00:00,1.5700000524520874
2018-02-20 00:00:00+00:00,1.5729999542236328
2018-02-21 00:00:00+00:00,1.6080000400543213
2018-02-22 00:00:00+00:00,1.6050000190734863
2018-02-23 00:00:00+00:00,1.6050000190734863
2018-02-26 00:00:00+00:00,1.6080000400543213
2018-02-27 00:00:00+00:00,1.6349999904632568
2018-02-28 00:00:00+00:00,1.6180000305175781
2018-03-01 00:00:00+00:00,1.590000033378601
2018-03-02 00:00:00+00:00,1.6050000190734863
2018-03-05 00:00:00+00:00,1.625
2018-03-06 00:00:00+00:00,1.6430000066757202
2018-03-07 00:00:00+00:00,1.649999976158142
2018-03-08 00:00:00+00:00,1.6349999904632568
2018-03-09 00:00:00+00:00,1.6349999904632568
2018-03-12 00:00:00+00:00,1.6430000066757202
2018-03-13 00:00:00+00:00,1.690000057220459
2018-03-14 00:00:00+00:00,1.718000054359436
2018-03-15 00:00:00+00:00,1.7330000400543213
2018-03-16 00:00:00+00:00,1.7380000352859497
2018-03-19 00:00:00+00:00,1.7280000448226929
2018-03-20 00:00:00+00:00,1.7580000162124634
2018-03-21 00:00:00+00:00,1.7100000381469727
2018-03-22 00:00:00+00:00,1.6829999685287476
2018-03-23 00:00:00+00:00,1.687999963760376
2018-03-26 00:00:00+00:00,1.7050000429153442
2018-03-27 00:00:00+00:00,1.7330000400543213
2018-03-28 00:00:00+00:00,1.6950000524520874
2018-03-29 00:00:00+00:00,1.6699999570846558
2018-04-02 00:00:00+00:00,1.6829999685287476
2018-04-03 00:00:00+00:00,1.7130000591278076
2018-04-04 00:00:00+00:00,1.6679999828338623
2018-04-05 00:00:00+00:00,1.6749999523162842
2018-04-06 00:00:00+00:00,1.6799999475479126
2018-04-09 00:00:00+00:00,1.6749999523162842
2018-04-10 00:00:00+00:00,1.6950000524520874
2018-04-11 00:00:00+00:00,1.6929999589920044
2018-04-12 00:00:00+00:00,1.7050000429153442
2018-04-13 00:00:00+00:00,1.718000054359436
2018-04-16 00:00:00+00:00,1.7130000591278076
2018-04-17 00:00:00+00:00,1.7549999952316284
2018-04-18 00:00:00+00:00,1.7699999809265137
2018-04-19 00:00:00+00:00,1.7829999923706055
2018-04-20 00:00:00+00:00,1.7649999856948853
2018-04-23 00:00:00+00:00,1.7829999923706055
2018-04-24 00:00:00+00:00,1.8229999542236328
2018-04-25 00:00:00+00:00,1.815000057220459
2018-04-26 00:00:00+00:00,1.784999966621399
2018-04-27 00:00:00+00:00,1.7699999809265137
2018-04-30 00:00:00+00:00,1.7630000114440918
2018-05-01 00:00:00+00:00,1.809999942779541
2018-05-02 00:00:00+00:00,1.784999966621399
2018-05-03 00:00:00+00:00,1.7879999876022339
2018-05-04 00:00:00+00:00,1.7929999828338623
2018-05-07 00:00:00+00:00,1.7929999828338623
2018-05-08 00:00:00+00:00,1.8350000381469727
2018-05-09 00:00:00+00:00,1.8450000286102295
2018-05-10 00:00:00+00:00,1.8450000286102295
2018-05-11 00:00:00+00:00,1.8600000143051147
2018-05-14 00:00:00+00:00,1.8550000190734863
2018-05-15 00:00:00+00:00,1.875
2018-05-16 00:00:00+00:00,1.8650000095367432
2018-05-17 00:00:00+00:00,1.8630000352859497
2018-05-18 00:00:00+00:00,1.8550000190734863
2018-05-21 00:00:00+00:00,1.8630000352859497
2018-05-22 00:00:00+00:00,1.8930000066757202
2018-05-23 00:00:00+00:00,1.8730000257492065
2018-05-24 00:00:00+00:00,1.8600000143051147
2018-05-25 00:00:00+00:00,1.8530000448226929
2018-05-29 00:00:00+00:00,1.840000033378601
2018-05-30 00:00:00+00:00,1.878000020980835
2018-05-31 00:00:00+00:00,1.8700000047683716
2018-06-01 00:00:00+00:00,1.8680000305175781
2018-06-04 00:00:00+00:00,1.8650000095367432
2018-06-05 00:00:00+00:00,1.902999997138977
2018-06-06 00:00:00+00:00,1.899999976158142
2018-06-07 00:00:00+00:00,1.8849999904632568
2018-06-08 00:00:00+00:00,1.8799999952316284
2018-06-11 00:00:00+00:00,1.8680000305175781
2018-06-12 00:00:00+00:00,1.8880000114440918
2018-06-13 00:00:00+00:00,1.8949999809265137
2018-06-14 00:00:00+00:00,1.8830000162124634
2018-06-15 00:00:00+00:00,1.8880000114440918
2018-06-18 00:00:00+00:00,1.8830000162124634
2018-06-19 00:00:00+00:00,1.8980000019073486
2018-06-20 00:00:00+00:00,1.8880000114440918
2018-06-21 00:00:00+00:00,1.8899999856948853
2018-06-22 00:00:00+00:00,1.8700000047683716
2018-06-25 00:00:00+00:00,1.8530000448226929
2018-06-26 00:00:00+00:00,1.8930000066757202
2018-06-27 00:00:00+00:00,1.8799999952316284
2018-06-28 00:00:00+00:00,1.8799999952316284
2018-06-29 00:00:00+00:00,1.8799999952316284
2018-07-02 00:00:00+00:00,1.8949999809265137
2018-07-03 00:00:00+00:00,1.9329999685287476
2018-07-05 00:00:00+00:00,1.909999966621399
2018-07-06 00:00:00+00:00,1.9049999713897705
2018-07-09 00:00:00+00:00,1.9149999618530273
2018-07-10 00:00:00+00:00,1.934999942779541
2018-07-11 00:00:00+00:00,1.9199999570846558
2018-07-12 00:00:00+00:00,1.9279999732971191
2018-07-13 00:00:00+00:00,1.9279999732971191
2018-07-16 00:00:00+00:00,1.937999963760376
2018-07-17 00:00:00+00:00,1.975000023841858
2018-07-18 00:00:00+00:00,1.9600000381469727
2018-07-19 00:00:00+00:00,1.9479999542236328
2018-07-20 00:00:00+00:00,1.9329999685287476
2018-07-23 00:00:00+00:00,1.9199999570846558
2018-07-24 00:00:00+00:00,1.9600000381469727
2018-07-25 00:00:00+00:00,1.9529999494552612
2018-07-26 00:00:00+00:00,1.9450000524520874
2018-07-27 00:00:00+00:00,1.9450000524520874
2018-07-30 00:00:00+00:00,1.9450000524520874
2018-07-31 00:00:00+00:00,1.9850000143051147
2018-08-01 00:00:00+00:00,1.9780000448226929
2018-08-02 00:00:00+00:00,1.965000033378601
2018-08-03 00:00:00+00:00,1.9600000381469727
2018-08-06 00:00:00+00:00,1.968000054359436
2018-08-07 00:00:00+00:00,2.007999897003174
2018-08-08 00:00:00+00:00,2.007999897003174
2018-08-09 00:00:00+00:00,2.005000114440918
2018-08-10 00:00:00+00:00,2.0
2018-08-13 00:00:00+00:00,1.9950000047683716
2018-08-14 00:00:00+00:00,2.0329999923706055
2018-08-15 00:00:00+00:00,2.0199999809265137
2018-08-16 00:00:00+00:00,2.015000104904175
2018-08-17 00:00:00+00:00,1.9950000047683716
2018-08-20 00:00:00+00:00,1.9930000305175781
2018-08-21 00:00:00+00:00,2.0350000858306885
2018-08-22 00:00:00+00:00,2.0350000858306885
2018-08-23 00:00:00+00:00,2.0329999923706055
2018-08-24 00:00:00+00:00,2.0480000972747803
2018-08-27 00:00:00+00:00,2.059999942779541
2018-08-28 00:00:00+00:00,2.078000068664551
2018-08-29 00:00:00+00:00,2.0799999237060547
2018-08-30 00:00:00+00:00,2.058000087738037
2018-08-31 00:00:00+00:00,2.055000066757202
2018-09-04 00:00:00+00:00,2.068000078201294
2018-09-05 00:00:00+00:00,2.0899999141693115
2018-09-06 00:00:00+00:00,2.0799999237060547
2018-09-07 00:00:00+00:00,2.0880000591278076
2018-09-10 00:00:00+00:00,2.0829999446868896
2018-09-11 00:00:00+00:00,2.1080000400543213
2018-09-12 00:00:00+00:00,2.1050000190734863
2018-09-13 00:00:00+00:00,2.0929999351501465
2018-09-14 00:00:00+00:00,2.1029999256134033
2018-09-17 00:00:00+00:00,2.1080000400543213
2018-09-18 00:00:00+00:00,2.125
2018-09-19 00:00:00+00:00,2.119999885559082
2018-09-20 00:00:00+00:00,2.118000030517578
2018-09-21 00:00:00+00:00,2.122999906539917
2018-09-24 00:00:00+00:00,2.122999906539917
2018-09-25 00:00:00+00:00,2.1679999828338623
2018-09-26 00:00:00+00:00,2.1600000858306885
2018-09-27 00:00:00+00:00,2.140000104904175
2018-09-28 00:00:00+00:00,2.1500000953674316
2018-10-01 00:00:00+00:00,2.1549999713897705
2018-10-02 00:00:00+00:00,2.174999952316284
2018-10-03 00:00:00+00:00,2.1700000762939453
2018-10-04 00:00:00+00:00,2.1700000762939453
2018-10-05 00:00:00+00:00,2.1649999618530273
2018-10-08 00:00:00+00:00,2.1649999618530273
2018-10-09 00:00:00+00:00,2.184999942779541
2018-10-10 00:00:00+00:00,2.2200000286102295
2018-10-11 00:00:00+00:00,2.2149999141693115
2018-10-12 00:00:00+00:00,2.2179999351501465
2018-10-15 00:00:00+00:00,2.2300000190734863
2018-10-16 00:00:00+00:00,2.259999990463257
2018-10-17 00:00:00+00:00,2.259999990463257
2018-10-18 00:00:00+00:00,2.255000114440918
2018-10-19 00:00:00+00:00,2.259999990463257
2018-10-22 00:00:00+00:00,2.257999897003174
2018-10-23 00:00:00+00:00,2.2899999618530273
2018-10-24 00:00:00+00:00,2.2850000858306885
2018-10-25 00:00:00+00:00,2.2799999713897705
2018-10-26 00:00:00+00:00,2.2730000019073486
2018-10-29 00:00:00+00:00,2.259999990463257
2018-10-30 00:00:00+00:00,2.2829999923706055
2018-10-31 00:00:00+00:00,2.2780001163482666
2018-11-01 00:00:00+00:00,2.2699999809265137
2018-11-02 00:00:00+00:00,2.2730000019073486
2018-11-05 00:00:00+00:00,2.2679998874664307
2018-11-06 00:00:00+00:00,2.309999942779541
2018-11-07 00:00:00+00:00,2.309999942779541
2018-11-08 00:00:00+00:00,2.302999973297119
2018-11-09 00:00:00+00:00,2.299999952316284
2018-11-12 00:00:00+00:00,2.299999952316284
2018-11-13 00:00:00+00:00,2.2950000762939453
2018-11-14 00:00:00+00:00,2.325000047683716
2018-11-15 00:00:00+00:00,2.309999942779541
2018-11-16 00:00:00+00:00,2.299999952316284
2018-11-19 00:00:00+00:00,2.299999952316284
2018-11-20 00:00:00+00:00,2.3350000381469727
2018-11-21 00:00:00+00:00,2.3499999046325684
2018-11-23 00:00:00+00:00,2.3480000495910645
2018-11-26 00:00:00+00:00,2.3429999351501465
2018-11-27 00:00:00+00:00,2.3529999256134033
2018-11-28 00:00:00+00:00,2.3350000381469727
2018-11-29 00:00:00+00:00,2.309999942779541
2018-11-30 00:00:00+00:00,2.308000087738037
2018-12-03 00:00:00+00:00,2.2880001068115234
2018-12-04 00:00:00+00:00,2.365000009536743
2018-12-06 00:00:00+00:00,2.3529999256134033
2018-12-07 00:00:00+00:00,2.3399999141693115
2018-12-10 00:00:00+00:00,2.3299999237060547
2018-12-11 00:00:00+00:00,2.369999885559082
2018-12-12 00:00:00+00:00,2.375
2018-12-13 00:00:00+00:00,2.36299991607666
2018-12-14 00:00:00+00:00,2.368000030517578
2018-12-17 00:00:00+00:00,2.3399999141693115
2018-12-18 00:00:00+00:00,2.328000068664551
2018-12-19 00:00:00+00:00,2.3380000591278076
2018-12-20 00:00:00+00:00,2.3350000381469727
2018-12-21 00:00:00+00:00,2.3299999237060547
2018-12-24 00:00:00+00:00,2.3329999446868896
2018-12-26 00:00:00+00:00,2.380000114440918
2018-12-27 00:00:00+00:00,2.3480000495910645
2018-12-28 00:00:00+00:00,2.328000068664551
2018-12-31 00:00:00+00:00,2.299999952316284
2019-01-02 00:00:00+00:00,2.365000009536743
2019-01-03 00:00:00+00:00,2.3550000190734863
2019-01-04 00:00:00+00:00,2.3580000400543213
2019-01-07 00:00:00+00:00,2.3529999256134033
2019-01-08 00:00:00+00:00,2.4000000953674316
2019-01-09 00:00:00+00:00,2.390000104904175
2019-01-10 00:00:00+00:00,2.375
2019-01-11 00:00:00+00:00,2.369999885559082
2019-01-14 00:00:00+00:00,2.359999895095825
2019-01-15 00:00:00+00:00,2.382999897003174
2019-01-16 00:00:00+00:00,2.36299991607666
2019-01-17 00:00:00+00:00,2.3550000190734863
2019-01-18 00:00:00+00:00,2.3480000495910645
2019-01-22 00:00:00+00:00,2.3450000286102295
2019-01-23 00:00:00+00:00,2.3529999256134033
2019-01-24 00:00:00+00:00,2.305000066757202
2019-01-25 00:00:00+00:00,2.328000068664551
2019-01-28 00:00:00+00:00,2.3329999446868896
2019-01-29 00:00:00+00:00,2.365000009536743
2019-01-30 00:00:00+00:00,2.365000009536743
2019-01-31 00:00:00+00:00,2.3399999141693115
2019-02-01 00:00:00+00:00,2.3399999141693115
2019-02-04 00:00:00+00:00,2.3350000381469727
2019-02-05 00:00:00+00:00,2.365000009536743
2019-02-06 00:00:00+00:00,2.365000009536743
2019-02-07 00:00:00+00:00,2.3550000190734863
2019-02-08 00:00:00+00:00,2.365000009536743
2019-02-11 00:00:00+00:00,2.375
2019-02-12 00:00:00+00:00,2.378000020980835
2019-02-13 00:00:00+00:00,2.372999906539917
2019-02-14 00:00:00+00:00,2.372999906539917
2019-02-15 00:00:00+00:00,2.369999885559082
2019-02-19 00:00:00+00:00,2.372999906539917
2019-02-20 00:00:00+00:00,2.382999897003174
2019-02-21 00:00:00+00:00,2.3949999809265137
2019-02-22 00:00:00+00:00,2.3929998874664307
2019-02-25 00:00:00+00:00,2.3929998874664307
2019-02-26 00:00:00+00:00,2.4000000953674316
2019-02-27 00:00:00+00:00,2.3929998874664307
2019-02-28 00:00:00+00:00,2.382999897003174
2019-03-01 00:00:00+00:00,2.378000020980835
2019-03-04 00:00:00+00:00,2.375
2019-03-05 00:00:00+00:00,2.4000000953674316
2019-03-06 00:00:00+00:00,2.4049999713897705
2019-03-07 00:00:00+00:00,2.3949999809265137
2019-03-08 00:00:00+00:00,2.3929998874664307
2019-03-11 00:00:00+00:00,2.380000114440918
2019-03-12 00:00:00+00:00,2.3949999809265137
2019-03-13 00:00:00+00:00,2.388000011444092
2019-03-14 00:00:00+00:00,2.388000011444092
2019-03-15 00:00:00+00:00,2.388000011444092
2019-03-18 00:00:00+00:00,2.384999990463257
2019-03-19 00:00:00+00:00,2.4049999713897705
2019-03-20 00:00:00+00:00,2.4079999923706055
2019-03-21 00:00:00+00:00,2.4079999923706055
2019-03-22 00:00:00+00:00,2.3980000019073486
2019-03-25 00:00:00+00:00,2.390000104904175
2019-03-26 00:00:00+00:00,2.4049999713897705
2019-03-27 00:00:00+00:00,2.378000020980835
2019-03-28 00:00:00+00:00,2.369999885559082
2019-03-29 00:00:00+00:00,2.328000068664551
2019-04-01 00:00:00+00:00,2.322999954223633
2019-04-02 00:00:00+00:00,2.369999885559082
2019-04-03 00:00:00+00:00,2.372999906539917
2019-04-04 00:00:00+00:00,2.369999885559082
2019-04-05 00:00:00+00:00,2.369999885559082
2019-04-08 00:00:00+00:00,2.365000009536743
2019-04-09 00:00:00+00:00,2.365000009536743
2019-04-10 00:00:00+00:00,2.36299991607666
2019-04-11 00:00:00+00:00,2.365000009536743
2019-04-12 00:00:00+00:00,2.375
2019-04-15 00:00:00+00:00,2.359999895095825
2019-04-16 00:00:00+00:00,2.378000020980835
2019-04-17 00:00:00+00:00,2.380000114440918
2019-04-18 00:00:00+00:00,2.365000009536743
2019-04-22 00:00:00+00:00,2.375
2019-04-23 00:00:00+00:00,2.390000104904175
2019-04-24 00:00:00+00:00,2.375
2019-04-25 00:00:00+00:00,2.365000009536743
2019-04-26 00:00:00+00:00,2.359999895095825
2019-04-29 00:00:00+00:00,2.359999895095825
2019-04-30 00:00:00+00:00,2.368000030517578
2019-05-01 00:00:00+00:00,2.36299991607666
2019-05-02 00:00:00+00:00,2.372999906539917
2019-05-03 00:00:00+00:00,2.368000030517578
2019-05-06 00:00:00+00:00,2.36299991607666
2019-05-07 00:00:00+00:00,2.368000030517578
2019-05-08 00:00:00+00:00,2.369999885559082
2019-05-09 00:00:00+00:00,2.369999885559082
2019-05-10 00:00:00+00:00,2.369999885559082
2019-05-13 00:00:00+00:00,2.3499999046325684
2019-05-14 00:00:00+00:00,2.3529999256134033
2019-05-15 00:00:00+00:00,2.3499999046325684
2019-05-16 00:00:00+00:00,2.3380000591278076
2019-05-17 00:00:00+00:00,2.3299999237060547
2019-05-20 00:00:00+00:00,2.319999933242798
2019-05-21 00:00:00+00:00,2.3299999237060547
2019-05-22 00:00:00+00:00,2.319999933242798
2019-05-23 00:00:00+00:00,2.302999973297119
2019-05-24 00:00:00+00:00,2.2880001068115234
2019-05-28 00:00:00+00:00,2.2980000972747803
2019-05-29 00:00:00+00:00,2.2980000972747803
2019-05-30 00:00:00+00:00,2.309999942779541
2019-05-31 00:00:00+00:00,2.2929999828338623
2019-06-03 00:00:00+00:00,2.2799999713897705
2019-06-04 00:00:00+00:00,2.2950000762939453
2019-06-05 00:00:00+00:00,2.2850000858306885
2019-06-06 00:00:00+00:00,2.255000114440918
2019-06-07 00:00:00+00:00,2.2149999141693115
2019-06-10 00:00:00+00:00,2.2200000286102295
2019-06-11 00:00:00+00:00,2.2130000591278076
2019-06-12 00:00:00+00:00,2.1649999618530273
2019-06-13 00:00:00+00:00,2.140000104904175
2019-06-14 00:00:00+00:00,2.125
2019-06-17 00:00:00+00:00,2.138000011444092
2019-06-18 00:00:00+00:00,2.1679999828338623
2019-06-19 00:00:00+00:00,2.125
2019-06-20 00:00:00+00:00,2.078000068664551
2019-06-21 00:00:00+00:00,2.055000066757202
2019-06-24 00:00:00+00:00,2.058000087738037
2019-06-25 00:00:00+00:00,2.0829999446868896
2019-06-26 00:00:00+00:00,2.0929999351501465
2019-06-27 00:00:00+00:00,2.0850000381469727
2019-06-28 00:00:00+00:00,2.0350000858306885
2019-07-01 00:00:00+00:00,2.065000057220459
2019-07-02 00:00:00+00:00,2.1480000019073486
2019-07-03 00:00:00+00:00,2.1500000953674316
2019-07-05 00:00:00+00:00,2.1630001068115234
2019-07-08 00:00:00+00:00,2.177999973297119
2019-07-09 00:00:00+00:00,2.194999933242798
2019-07-10 00:00:00+00:00,2.130000114440918
2019-07-11 00:00:00+00:00,2.0980000495910645
2019-07-12 00:00:00+00:00,2.0899999141693115
2019-07-15 00:00:00+00:00,2.0850000381469727
2019-07-16 00:00:00+00:00,2.1029999256134033
2019-07-17 00:00:00+00:00,2.072999954223633
2019-07-18 00:00:00+00:00,2.013000011444092
2019-07-19 00:00:00+00:00,2.013000011444092
2019-07-22 00:00:00+00:00,2.0250000953674316
2019-07-23 00:00:00+00:00,2.0329999923706055
2019-07-24 00:00:00+00:00,2.0399999618530273
2019-07-25 00:00:00+00:00,2.059999942779541
2019-07-26 00:00:00+00:00,2.062999963760376
2019-07-29 00:00:00+00:00,2.049999952316284
2019-07-30 00:00:00+00:00,2.0399999618530273
2019-07-31 00:00:00+00:00,2.0299999713897705
2019-08-01 00:00:00+00:00,2.0299999713897705
2019-08-02 00:00:00+00:00,2.0
2019-08-05 00:00:00+00:00,1.9529999494552612
2019-08-06 00:00:00+00:00,1.9950000047683716
2019-08-07 00:00:00+00:00,1.968000054359436
2019-08-08 00:00:00+00:00,1.9700000286102295
2019-08-09 00:00:00+00:00,1.9500000476837158
2019-08-12 00:00:00+00:00,1.9279999732971191
2019-08-13 00:00:00+00:00,1.9550000429153442
2019-08-14 00:00:00+00:00,1.9079999923706055
2019-08-15 00:00:00+00:00,1.843000054359436
2019-08-16 00:00:00+00:00,1.8229999542236328
2019-08-19 00:00:00+00:00,1.8530000448226929
2019-08-20 00:00:00+00:00,1.899999976158142
2019-08-21 00:00:00+00:00,1.9279999732971191
2019-08-22 00:00:00+00:00,1.937999963760376
2019-08-23 00:00:00+00:00,1.909999966621399
2019-08-26 00:00:00+00:00,1.9329999685287476
2019-08-27 00:00:00+00:00,1.9429999589920044
2019-08-28 00:00:00+00:00,1.940000057220459
2019-08-29 00:00:00+00:00,1.940000057220459
2019-08-30 00:00:00+00:00,1.9329999685287476
2019-09-03 00:00:00+00:00,1.909999966621399
2019-09-04 00:00:00+00:00,1.9049999713897705
2019-09-05 00:00:00+00:00,1.9199999570846558
2019-09-06 00:00:00+00:00,1.909999966621399
2019-09-09 00:00:00+00:00,1.9079999923706055
2019-09-10 00:00:00+00:00,1.9129999876022339
2019-09-11 00:00:00+00:00,1.9129999876022339
2019-09-12 00:00:00+00:00,1.8949999809265137
2019-09-13 00:00:00+00:00,1.899999976158142
2019-09-16 00:00:00+00:00,1.9450000524520874
2019-09-17 00:00:00+00:00,1.937999963760376
2019-09-18 00:00:00+00:00,1.8799999952316284
2019-09-19 00:00:00+00:00,1.8830000162124634
2019-09-20 00:00:00+00:00,1.850000023841858
2019-09-23 00:00:00+00:00,1.8450000286102295
2019-09-24 00:00:00+00:00,1.8799999952316284
2019-09-25 00:00:00+00:00,1.8450000286102295
2019-09-26 00:00:00+00:00,1.7699999809265137
2019-09-27 00:00:00+00:00,1.7300000190734863
2019-09-30 00:00:00+00:00,1.7699999809265137
2019-10-01 00:00:00+00:00,1.753000020980835
2019-10-02 00:00:00+00:00,1.7350000143051147
2019-10-03 00:00:00+00:00,1.6649999618530273
2019-10-04 00:00:00+00:00,1.6549999713897705
2019-10-07 00:00:00+00:00,1.6729999780654907
2019-10-08 00:00:00+00:00,1.6549999713897705
2019-10-09 00:00:00+00:00,1.628000020980835
2019-10-10 00:00:00+00:00,1.6330000162124634
2019-10-11 00:00:00+00:00,1.6230000257492065
2019-10-14 00:00:00+00:00,1.6180000305175781
2019-10-15 00:00:00+00:00,1.6180000305175781
2019-10-16 00:00:00+00:00,1.6150000095367432
2019-10-17 00:00:00+00:00,1.625
2019-10-18 00:00:00+00:00,1.625
2019-10-21 00:00:00+00:00,1.625
2019-10-22 00:00:00+00:00,1.6150000095367432
2019-10-23 00:00:00+00:00,1.6150000095367432
2019-10-24 00:00:00+00:00,1.6230000257492065
2019-10-25 00:00:00+00:00,1.625
2019-10-28 00:00:00+00:00,1.6050000190734863
2019-10-29 00:00:00+00:00,1.5950000286102295
2019-10-30 00:00:00+00:00,1.5950000286102295
2019-10-31 00:00:00+00:00,1.4980000257492065
2019-11-01 00:00:00+00:00,1.4850000143051147
2019-11-04 00:00:00+00:00,1.503000020980835
2019-11-05 00:00:00+00:00,1.5180000066757202
2019-11-06 00:00:00+00:00,1.5149999856948853
2019-11-07 00:00:00+00:00,1.5180000066757202
2019-11-08 00:00:00+00:00,1.5099999904632568
2019-11-11 00:00:00+00:00,1.5130000114440918
2019-11-12 00:00:00+00:00,1.5329999923706055
2019-11-13 00:00:00+00:00,1.534999966621399
2019-11-14 00:00:00+00:00,1.527999997138977
2019-11-15 00:00:00+00:00,1.527999997138977
2019-11-18 00:00:00+00:00,1.5230000019073486
2019-11-19 00:00:00+00:00,1.524999976158142
2019-11-20 00:00:00+00:00,1.5199999809265137
2019-11-21 00:00:00+00:00,1.5299999713897705
2019-11-22 00:00:00+00:00,1.5429999828338623
2019-11-25 00:00:00+00:00,1.5449999570846558
2019-11-26 00:00:00+00:00,1.565000057220459
2019-11-27 00:00:00+00:00,1.565000057220459
2019-11-29 00:00:00+00:00,1.5399999618530273
2019-12-02 00:00:00+00:00,1.5379999876022339
2019-12-03 00:00:00+00:00,1.5379999876022339
2019-12-04 00:00:00+00:00,1.4980000257492065
2019-12-05 00:00:00+00:00,1.4930000305175781
2019-12-06 00:00:00+00:00,1.4800000190734863
2019-12-09 00:00:00+00:00,1.4980000257492065
2019-12-10 00:00:00+00:00,1.5149999856948853
2019-12-11 00:00:00+00:00,1.5199999809265137
2019-12-12 00:00:00+00:00,1.5299999713897705
2019-12-13 00:00:00+00:00,1.5230000019073486
2019-12-16 00:00:00+00:00,1.524999976158142
2019-12-17 00:00:00+00:00,1.5299999713897705
2019-12-18 00:00:00+00:00,1.5180000066757202
2019-12-19 00:00:00+00:00,1.5329999923706055
2019-12-20 00:00:00+00:00,1.527999997138977
2019-12-23 00:00:00+00:00,1.5199999809265137
2019-12-24 00:00:00+00:00,1.5379999876022339
2019-12-26 00:00:00+00:00,1.534999966621399
2019-12-27 00:00:00+00:00,1.5180000066757202
2019-12-30 00:00:00+00:00,1.4900000095367432
2019-12-31 00:00:00+00:00,1.5049999952316284
2020-01-02 00:00:00+00:00,1.4950000047683716
2020-01-03 00:00:00+00:00,1.4730000495910645
2020-01-06 00:00:00+00:00,1.4880000352859497
2020-01-07 00:00:00+00:00,1.5
2020-01-08 00:00:00+00:00,1.4930000305175781
2020-01-09 00:00:00+00:00,1.5
2020-01-10 00:00:00+00:00,1.4980000257492065
2020-01-13 00:00:00+00:00,1.5099999904632568
2020-01-14 00:00:00+00:00,1.5299999713897705
2020-01-15 00:00:00+00:00,1.5080000162124634
2020-01-16 00:00:00+00:00,1.5180000066757202
2020-01-17 00:00:00+00:00,1.5230000019073486
2020-01-21 00:00:00+00:00,1.503000020980835
2020-01-22 00:00:00+00:00,1.5130000114440918
2020-01-23 00:00:00+00:00,1.5149999856948853
2020-01-24 00:00:00+00:00,1.4900000095367432
2020-01-27 00:00:00+00:00,1.5049999952316284
2020-01-28 00:00:00+00:00,1.5299999713897705
2020-01-29 00:00:00+00:00,1.5199999809265137
2020-01-30 00:00:00+00:00,1.527999997138977
2020-01-31 00:00:00+00:00,1.5099999904632568
2020-02-03 00:00:00+00:00,1.5180000066757202
2020-02-04 00:00:00+00:00,1.5379999876022339
2020-02-05 00:00:00+00:00,1.5199999809265137
2020-02-06 00:00:00+00:00,1.5299999713897705
2020-02-07 00:00:00+00:00,1.5180000066757202
2020-02-10 00:00:00+00:00,1.5199999809265137
2020-02-11 00:00:00+00:00,1.5379999876022339
2020-02-12 00:00:00+00:00,1.534999966621399
2020-02-13 00:00:00+00:00,1.5449999570846558
2020-02-14 00:00:00+00:00,1.534999966621399
2020-02-18 00:00:00+00:00,1.534999966621399
2020-02-19 00:00:00+00:00,1.5429999828338623
2020-02-20 00:00:00+00:00,1.5379999876022339
2020-02-21 00:00:00+00:00,1.5180000066757202
2020-02-24 00:00:00+00:00,1.503000020980835
2020-02-25 00:00:00+00:00,1.4900000095367432
2020-02-26 00:00:00+00:00,1.4780000448226929
2020-02-27 00:00:00+00:00,1.3949999809265137
2020-02-28 00:00:00+00:00,1.2300000190734863
2020-03-02 00:00:00+00:00,1.1349999904632568
2020-03-03 00:00:00+00:00,0.9179999828338623
2020-03-04 00:00:00+00:00,0.675000011920929
2020-03-05 00:00:00+00:00,0.5950000286102295
2020-03-06 00:00:00+00:00,0.41499999165534973
2020-03-09 00:00:00+00:00,0.33000001311302185
2020-03-10 00:00:00+00:00,0.38999998569488525
2020-03-11 00:00:00+00:00,0.36800000071525574
2020-03-12 00:00:00+00:00,0.27300000190734863
2020-03-13 00:00:00+00:00,0.24300000071525574
2020-03-16 00:00:00+00:00,0.1850000023841858
2020-03-17 00:00:00+00:00,0.16500000655651093
2020-03-18 00:00:00+00:00,0.003000000026077032
2020-03-19 00:00:00+00:00,-0.02800000086426735
2020-03-20 00:00:00+00:00,-0.032999999821186066
2020-03-23 00:00:00+00:00,-0.03999999910593033
2020-03-24 00:00:00+00:00,-0.032999999821186066
2020-03-25 00:00:00+00:00,-0.07000000029802322
2020-03-26 00:00:00+00:00,-0.10499999672174454
2020-03-27 00:00:00+00:00,-0.057999998331069946
2020-03-30 00:00:00+00:00,0.013000000268220901
2020-03-31 00:00:00+00:00,0.029999999329447746
2020-04-01 00:00:00+00:00,0.06300000101327896
2020-04-02 00:00:00+00:00,0.06499999761581421
2020-04-03 00:00:00+00:00,0.057999998331069946
2020-04-06 00:00:00+00:00,0.05999999865889549
2020-04-07 00:00:00+00:00,0.12800000607967377
2020-04-08 00:00:00+00:00,0.1850000023841858
2020-04-09 00:00:00+00:00,0.20999999344348907
2020-04-13 00:00:00+00:00,0.20000000298023224
2020-04-14 00:00:00+00:00,0.16500000655651093
2020-04-15 00:00:00+00:00,0.11500000208616257
2020-04-16 00:00:00+00:00,0.10999999940395355
2020-04-17 00:00:00+00:00,0.10300000011920929
2020-04-20 00:00:00+00:00,0.07000000029802322
2020-04-21 00:00:00+00:00,0.09799999743700027
2020-04-22 00:00:00+00:00,0.09300000220537186
2020-04-23 00:00:00+00:00,0.09300000220537186
2020-04-24 00:00:00+00:00,0.10000000149011612
2020-04-27 00:00:00+00:00,0.09300000220537186
2020-04-28 00:00:00+00:00,0.08500000089406967
2020-04-29 00:00:00+00:00,0.09000000357627869
2020-04-30 00:00:00+00:00,0.09000000357627869
2020-05-01 00:00:00+00:00,0.09300000220537186
2020-05-04 00:00:00+00:00,0.09000000357627869
2020-05-05 00:00:00+00:00,0.10999999940395355
2020-05-06 00:00:00+00:00,0.1080000028014183
2020-05-07 00:00:00+00:00,0.0949999988079071
2020-05-08 00:00:00+00:00,0.0949999988079071
2020-05-11 00:00:00+00:00,0.10499999672174454
2020-05-12 00:00:00+00:00,0.12300000339746475
2020-05-13 00:00:00+00:00,0.11500000208616257
2020-05-14 00:00:00+00:00,0.10499999672174454
2020-05-15 00:00:00+00:00,0.10300000011920929
2020-05-18 00:00:00+00:00,0.10499999672174454
2020-05-19 00:00:00+00:00,0.11800000071525574
2020-05-20 00:00:00+00:00,0.11800000071525574
2020-05-21 00:00:00+00:00,0.10999999940395355
2020-05-22 00:00:00+00:00,0.10999999940395355
2020-05-26 00:00:00+00:00,0.11800000071525574
2020-05-27 00:00:00+00:00,0.13500000536441803
2020-05-28 00:00:00+00:00,0.1379999965429306
2020-05-29 00:00:00+00:00,0.12800000607967377
2020-06-01 00:00:00+00:00,0.12800000607967377
2020-06-02 00:00:00+00:00,0.14499999582767487
2020-06-03 00:00:00+00:00,0.14800000190734863
2020-06-04 00:00:00+00:00,0.14000000059604645
2020-06-05 00:00:00+00:00,0.14499999582767487
2020-06-08 00:00:00+00:00,0.15299999713897705
2020-06-09 00:00:00+00:00,0.16500000655651093
2020-06-10 00:00:00+00:00,0.16500000655651093
2020-06-11 00:00:00+00:00,0.15299999713897705
2020-06-12 00:00:00+00:00,0.15000000596046448
2020-06-15 00:00:00+00:00,0.1550000011920929
2020-06-16 00:00:00+00:00,0.1599999964237213
2020-06-17 00:00:00+00:00,0.16500000655651093
2020-06-18 00:00:00+00:00,0.14000000059604645
2020-06-19 00:00:00+00:00,0.14300000667572021
2020-06-22 00:00:00+00:00,0.14000000059604645
2020-06-23 00:00:00+00:00,0.14000000059604645
2020-06-24 00:00:00+00:00,0.13500000536441803
2020-06-25 00:00:00+00:00,0.12999999523162842
2020-06-26 00:00:00+00:00,0.13300000131130219
2020-06-29 00:00:00+00:00,0.125
2020-06-30 00:00:00+00:00,0.13500000536441803
2020-07-01 00:00:00+00:00,0.12999999523162842
2020-07-02 00:00:00+00:00,0.13300000131130219
2020-07-06 00:00:00+00:00,0.12800000607967377
2020-07-07 00:00:00+00:00,0.14000000059604645
2020-07-08 00:00:00+00:00,0.13500000536441803
2020-07-09 00:00:00+00:00,0.12300000339746475
2020-07-10 00:00:00+00:00,0.11999999731779099
2020-07-13 00:00:00+00:00,0.125
2020-07-14 00:00:00+00:00,0.13300000131130219
2020-07-15 00:00:00+00:00,0.125
2020-07-16 00:00:00+00:00,0.10300000011920929
2020-07-17 00:00:00+00:00,0.10499999672174454
2020-07-20 00:00:00+00:00,0.10499999672174454
2020-07-21 00:00:00+00:00,0.10999999940395355
2020-07-22 00:00:00+00:00,0.10000000149011612
2020-07-23 00:00:00+00:00,0.10300000011920929
2020-07-24 00:00:00+00:00,0.09799999743700027
2020-07-27 00:00:00+00:00,0.09300000220537186
2020-07-28 00:00:00+00:00,0.10300000011920929
2020-07-29 00:00:00+00:00,0.09000000357627869
2020-07-30 00:00:00+00:00,0.08500000089406967
2020-07-31 00:00:00+00:00,0.08299999684095383
2020-08-03 00:00:00+00:00,0.07800000160932541
2020-08-04 00:00:00+00:00,0.09000000357627869
2020-08-05 00:00:00+00:00,0.0949999988079071
2020-08-06 00:00:00+00:00,0.08799999952316284
2020-08-07 00:00:00+00:00,0.08799999952316284
2020-08-10 00:00:00+00:00,0.08799999952316284
2020-08-11 00:00:00+00:00,0.10000000149011612
2020-08-12 00:00:00+00:00,0.10000000149011612
2020-08-13 00:00:00+00:00,0.09000000357627869
2020-08-14 00:00:00+00:00,0.08799999952316284
2020-08-17 00:00:00+00:00,0.08500000089406967
2020-08-18 00:00:00+00:00,0.10000000149011612
2020-08-19 00:00:00+00:00,0.0949999988079071
2020-08-20 00:00:00+00:00,0.08799999952316284
2020-08-21 00:00:00+00:00,0.08799999952316284
2020-08-24 00:00:00+00:00,0.08500000089406967
2020-08-25 00:00:00+00:00,0.0949999988079071
2020-08-26 00:00:00+00:00,0.09300000220537186
2020-08-27 00:00:00+00:00,0.0949999988079071
2020-08-28 00:00:00+00:00,0.0949999988079071
2020-08-31 00:00:00+00:00,0.0949999988079071
2020-09-01 00:00:00+00:00,0.10000000149011612
2020-09-02 00:00:00+00:00,0.10000000149011612
2020-09-03 00:00:00+00:00,0.10000000149011612
2020-09-04 00:00:00+00:00,0.10300000011920929
2020-09-08 00:00:00+00:00,0.1080000028014183
2020-09-09 00:00:00+00:00,0.10499999672174454
2020-09-10 00:00:00+00:00,0.10300000011920929
2020-09-11 00:00:00+00:00,0.10300000011920929
2020-09-14 00:00:00+00:00,0.10000000149011612
2020-09-15 00:00:00+00:00,0.10000000149011612
2020-09-16 00:00:00+00:00,0.10000000149011612
2020-09-17 00:00:00+00:00,0.08500000089406967
2020-09-18 00:00:00+00:00,0.08299999684095383
2020-09-21 00:00:00+00:00,0.07999999821186066
2020-09-22 00:00:00+00:00,0.08799999952316284
2020-09-23 00:00:00+00:00,0.08799999952316284
2020-09-24 00:00:00+00:00,0.09300000220537186
2020-09-25 00:00:00+00:00,0.09000000357627869
2020-09-28 00:00:00+00:00,0.08799999952316284
2020-09-29 00:00:00+00:00,0.08500000089406967
2020-09-30 00:00:00+00:00,0.08500000089406967
2020-10-01 00:00:00+00:00,0.08299999684095383
2020-10-02 00:00:00+00:00,0.08500000089406967
2020-10-05 00:00:00+00:00,0.08500000089406967
2020-10-06 00:00:00+00:00,0.08799999952316284
2020-10-07 00:00:00+00:00,0.08799999952316284
2020-10-08 00:00:00+00:00,0.08799999952316284
2020-10-09 00:00:00+00:00,0.09300000220537186
2020-10-12 00:00:00+00:00,0.09000000357627869
2020-10-13 00:00:00+00:00,0.09300000220537186
2020-10-14 00:00:00+00:00,0.10000000149011612
2020-10-15 00:00:00+00:00,0.0949999988079071
2020-10-16 00:00:00+00:00,0.09000000357627869
2020-10-19 00:00:00+00:00,0.09000000357627869
2020-10-20 00:00:00+00:00,0.0949999988079071
2020-10-21 00:00:00+00:00,0.09000000357627869
2020-10-22 00:00:00+00:00,0.08500000089406967
2020-10-23 00:00:00+00:00,0.08299999684095383
2020-10-26 00:00:00+00:00,0.07999999821186066
2020-10-27 00:00:00+00:00,0.09000000357627869
2020-10-28 00:00:00+00:00,0.09000000357627869
2020-10-29 00:00:00+00:00,0.08299999684095383
2020-10-30 00:00:00+00:00,0.08299999684095383
2020-11-02 00:00:00+00:00,0.08299999684095383
2020-11-03 00:00:00+00:00,0.09000000357627869
2020-11-04 00:00:00+00:00,0.08299999684095383
2020-11-05 00:00:00+00:00,0.08500000089406967
2020-11-06 00:00:00+00:00,0.08299999684095383
2020-11-09 00:00:00+00:00,0.08799999952316284
2020-11-10 00:00:00+00:00,0.09000000357627869
2020-11-11 00:00:00+00:00,0.09000000357627869
2020-11-12 00:00:00+00:00,0.08500000089406967
2020-11-13 00:00:00+00:00,0.08299999684095383
2020-11-16 00:00:00+00:00,0.07500000298023224
2020-11-17 00:00:00+00:00,0.07999999821186066
2020-11-18 00:00:00+00:00,0.07500000298023224
2020-11-19 00:00:00+00:00,0.05999999865889549
2020-11-20 00:00:00+00:00,0.057999998331069946
2020-11-23 00:00:00+00:00,0.07000000029802322
2020-11-24 00:00:00+00:00,0.07999999821186066
2020-11-25 00:00:00+00:00,0.07999999821186066
2020-11-27 00:00:00+00:00,0.0729999989271164
2020-11-30 00:00:00+00:00,0.07500000298023224
2020-12-01 00:00:00+00:00,0.07999999821186066
2020-12-02 00:00:00+00:00,0.07500000298023224
2020-12-03 00:00:00+00:00,0.07500000298023224
2020-12-04 00:00:00+00:00,0.07500000298023224
2020-12-07 00:00:00+00:00,0.07000000029802322
2020-12-08 00:00:00+00:00,0.06800000369548798
2020-12-09 00:00:00+00:00,0.07000000029802322
2020-12-10 00:00:00+00:00,0.07000000029802322
2020-12-11 00:00:00+00:00,0.06499999761581421
2020-12-14 00:00:00+00:00,0.05999999865889549
2020-12-15 00:00:00+00:00,0.07000000029802322
2020-12-16 00:00:00+00:00,0.07500000298023224
2020-12-17 00:00:00+00:00,0.07999999821186066
2020-12-18 00:00:00+00:00,0.07999999821186066
2020-12-21 00:00:00+00:00,0.07800000160932541
2020-12-22 00:00:00+00:00,0.07800000160932541
2020-12-23 00:00:00+00:00,0.07500000298023224
2020-12-24 00:00:00+00:00,0.07500000298023224
2020-12-28 00:00:00+00:00,0.07999999821186066
2020-12-29 00:00:00+00:00,0.09000000357627869
2020-12-30 00:00:00+00:00,0.07000000029802322
2020-12-31 00:00:00+00:00,0.06499999761581421
2021-01-04 00:00:00+00:00,0.06800000369548798
2021-01-05 00:00:00+00:00,0.07800000160932541
2021-01-06 00:00:00+00:00,0.07800000160932541
2021-01-07 00:00:00+00:00,0.07999999821186066
2021-01-08 00:00:00+00:00,0.07999999821186066
2021-01-11 00:00:00+00:00,0.07999999821186066
2021-01-12 00:00:00+00:00,0.07999999821186066
2021-01-13 00:00:00+00:00,0.07999999821186066
2021-01-14 00:00:00+00:00,0.07500000298023224
2021-01-15 00:00:00+00:00,0.07500000298023224
2021-01-19 00:00:00+00:00,0.0729999989271164
2021-01-20 00:00:00+00:00,0.07500000298023224
2021-01-21 00:00:00+00:00,0.0729999989271164
2021-01-22 00:00:00+00:00,0.07000000029802322
2021-01-25 00:00:00+00:00,0.07000000029802322
2021-01-26 00:00:00+00:00,0.06800000369548798
2021-01-27 00:00:00+00:00,0.05999999865889549
2021-01-28 00:00:00+00:00,0.054999999701976776
2021-01-29 00:00:00+00:00,0.04800000041723251
2021-02-01 00:00:00+00:00,0.04800000041723251
2021-02-02 00:00:00+00:00,0.05000000074505806
2021-02-03 00:00:00+00:00,0.03999999910593033
2021-02-04 00:00:00+00:00,0.029999999329447746
2021-02-05 00:00:00+00:00,0.023000000044703484
2021-02-08 00:00:00+00:00,0.019999999552965164
2021-02-09 00:00:00+00:00,0.032999999821186066
2021-02-10 00:00:00+00:00,0.03500000014901161
2021-02-11 00:00:00+00:00,0.03500000014901161
2021-02-12 00:00:00+00:00,0.03500000014901161
2021-02-16 00:00:00+00:00,0.03500000014901161
2021-02-17 00:00:00+00:00,0.03500000014901161
2021-02-18 00:00:00+00:00,0.023000000044703484
2021-02-19 00:00:00+00:00,0.023000000044703484
2021-02-22 00:00:00+00:00,0.02500000037252903
2021-02-23 00:00:00+00:00,0.023000000044703484
2021-02-24 00:00:00+00:00,0.02800000086426735
2021-02-25 00:00:00+00:00,0.032999999821186066
2021-02-26 00:00:00+00:00,0.03500000014901161
2021-03-01 00:00:00+00:00,0.02800000086426735
2021-03-02 00:00:00+00:00,0.03500000014901161
2021-03-03 00:00:00+00:00,0.03500000014901161
2021-03-04 00:00:00+00:00,0.02800000086426735
2021-03-05 00:00:00+00:00,0.02800000086426735
2021-03-08 00:00:00+00:00,0.03500000014901161
2021-03-09 00:00:00+00:00,0.03500000014901161
2021-03-10 00:00:00+00:00,0.029999999329447746
2021-03-11 00:00:00+00:00,0.02800000086426735
2021-03-12 00:00:00+00:00,0.02500000037252903
2021-03-15 00:00:00+00:00,0.014999999664723873
2021-03-16 00:00:00+00:00,0.00800000037997961
2021-03-17 00:00:00+00:00,0.00800000037997961
2021-03-18 00:00:00+00:00,0.003000000026077032
2021-03-19 00:00:00+00:00,0.004999999888241291
2021-03-22 00:00:00+00:00,0.004999999888241291
2021-03-23 00:00:00+00:00,0.009999999776482582
2021-03-24 00:00:00+00:00,0.014999999664723873
2021-03-25 00:00:00+00:00,0.014999999664723873
2021-03-26 00:00:00+00:00,0.014999999664723873
2021-03-29 00:00:00+00:00,0.00800000037997961
2021-03-30 00:00:00+00:00,0.013000000268220901
2021-03-31 00:00:00+00:00,0.013000000268220901
2021-04-01 00:00:00+00:00,0.00800000037997961
2021-04-05 00:00:00+00:00,0.014999999664723873
2021-04-06 00:00:00+00:00,0.014999999664723873
2021-04-07 00:00:00+00:00,0.009999999776482582
2021-04-08 00:00:00+00:00,0.004999999888241291
2021-04-09 00:00:00+00:00,0.003000000026077032
2021-04-12 00:00:00+00:00,0.009999999776482582
2021-04-13 00:00:00+00:00,0.014999999664723873
2021-04-14 00:00:00+00:00,0.014999999664723873
2021-04-15 00:00:00+00:00,0.009999999776482582
2021-04-16 00:00:00+00:00,0.00800000037997961
2021-04-19 00:00:00+00:00,0.014999999664723873
2021-04-20 00:00:00+00:00,0.014999999664723873
2021-04-21 00:00:00+00:00,0.013000000268220901
2021-04-22 00:00:00+00:00,0.014999999664723873
2021-04-23 00:00:00+00:00,0.014999999664723873
2021-04-26 00:00:00+00:00,0.00800000037997961
2021-04-27 00:00:00+00:00,0.009999999776482582
2021-04-28 00:00:00+00:00,0.00800000037997961
2021-04-29 00:00:00+00:00,0.00800000037997961
2021-04-30 00:00:00+00:00,0.003000000026077032
2021-05-03 00:00:00+00:00,0.004999999888241291
2021-05-04 00:00:00+00:00,0.009999999776482582
2021-05-05 00:00:00+00:00,0.00800000037997961
2021-05-06 00:00:00+00:00,0.00800000037997961
2021-05-07 00:00:00+00:00,0.00800000037997961
2021-05-10 00:00:00+00:00,0.004999999888241291
2021-05-11 00:00:00+00:00,0.009999999776482582
2021-05-12 00:00:00+00:00,0.009999999776482582
2021-05-13 00:00:00+00:00,0.00800000037997961
2021-05-14 00:00:00+00:00,0.004999999888241291
2021-05-17 00:00:00+00:00,0.004999999888241291
2021-05-18 00:00:00+00:00,0.009999999776482582
2021-05-19 00:00:00+00:00,0.004999999888241291
2021-05-20 00:00:00+00:00,0.003000000026077032
2021-05-21 00:00:00+00:00,0.003000000026077032
2021-05-24 00:00:00+00:00,0.003000000026077032
2021-05-25 00:00:00+00:00,0.009999999776482582
2021-05-26 00:00:00+00:00,0.004999999888241291
2021-05-27 00:00:00+00:00,0.004999999888241291
2021-05-28 00:00:00+00:00,0.00800000037997961
2021-06-01 00:00:00+00:00,0.009999999776482582
2021-06-02 00:00:00+00:00,0.014999999664723873
2021-06-03 00:00:00+00:00,0.014999999664723873
2021-06-04 00:00:00+00:00,0.014999999664723873
2021-06-07 00:00:00+00:00,0.017999999225139618
2021-06-08 00:00:00+00:00,0.019999999552965164
2021-06-09 00:00:00+00:00,0.019999999552965164
2021-06-10 00:00:00+00:00,0.019999999552965164
2021-06-11 00:00:00+00:00,0.017999999225139618
2021-06-14 00:00:00+00:00,0.014999999664723873
2021-06-15 00:00:00+00:00,0.019999999552965164
2021-06-16 00:00:00+00:00,0.02800000086426735
2021-06-17 00:00:00+00:00,0.02800000086426735
2021-06-18 00:00:00+00:00,0.02800000086426735
2021-06-21 00:00:00+00:00,0.029999999329447746
2021-06-22 00:00:00+00:00,0.03799999877810478
2021-06-23 00:00:00+00:00,0.03999999910593033
2021-06-24 00:00:00+00:00,0.0430000014603138
2021-06-25 00:00:00+00:00,0.0430000014603138
2021-06-28 00:00:00+00:00,0.03999999910593033
2021-06-29 00:00:00+00:00,0.03999999910593033
2021-06-30 00:00:00+00:00,0.03999999910593033
2021-07-01 00:00:00+00:00,0.03999999910593033
2021-07-02 00:00:00+00:00,0.03799999877810478
2021-07-06 00:00:00+00:00,0.03999999910593033
2021-07-07 00:00:00+00:00,0.0430000014603138
2021-07-08 00:00:00+00:00,0.0430000014603138
2021-07-09 00:00:00+00:00,0.0430000014603138
2021-07-12 00:00:00+00:00,0.0430000014603138
2021-07-13 00:00:00+00:00,0.04500000178813934
2021-07-14 00:00:00+00:00,0.04500000178813934
2021-07-15 00:00:00+00:00,0.03799999877810478
2021-07-16 00:00:00+00:00,0.03799999877810478
2021-07-19 00:00:00+00:00,0.03999999910593033
2021-07-20 00:00:00+00:00,0.04500000178813934
2021-07-21 00:00:00+00:00,0.04500000178813934
2021-07-22 00:00:00+00:00,0.0430000014603138
2021-07-23 00:00:00+00:00,0.04500000178813934
2021-07-26 00:00:00+00:00,0.03999999910593033
2021-07-27 00:00:00+00:00,0.04500000178813934
2021-07-28 00:00:00+00:00,0.04500000178813934
2021-07-29 00:00:00+00:00,0.03999999910593033
2021-07-30 00:00:00+00:00,0.03999999910593033
2021-08-02 00:00:00+00:00,0.03799999877810478
2021-08-03 00:00:00+00:00,0.04500000178813934
2021-08-04 00:00:00+00:00,0.04500000178813934
2021-08-05 00:00:00+00:00,0.0430000014603138
2021-08-06 00:00:00+00:00,0.0430000014603138
2021-08-09 00:00:00+00:00,0.04500000178813934
2021-08-10 00:00:00+00:00,0.05000000074505806
2021-08-11 00:00:00+00:00,0.04500000178813934
2021-08-12 00:00:00+00:00,0.0430000014603138
2021-08-13 00:00:00+00:00,0.04500000178813934
2021-08-16 00:00:00+00:00,0.057999998331069946
2021-08-17 00:00:00+00:00,0.06300000101327896
2021-08-18 00:00:00+00:00,0.054999999701976776
2021-08-19 00:00:00+00:00,0.0430000014603138
2021-08-20 00:00:00+00:00,0.0430000014603138
2021-08-23 00:00:00+00:00,0.03999999910593033
2021-08-24 00:00:00+00:00,0.04800000041723251
2021-08-25 00:00:00+00:00,0.04500000178813934
2021-08-26 00:00:00+00:00,0.0430000014603138
2021-08-27 00:00:00+00:00,0.0430000014603138
2021-08-30 00:00:00+00:00,0.03799999877810478
2021-08-31 00:00:00+00:00,0.03999999910593033
2021-09-01 00:00:00+00:00,0.03999999910593033
2021-09-02 00:00:00+00:00,0.03999999910593033
2021-09-03 00:00:00+00:00,0.03999999910593033
2021-09-07 00:00:00+00:00,0.03500000014901161
2021-09-08 00:00:00+00:00,0.03999999910593033
2021-09-09 00:00:00+00:00,0.03799999877810478
2021-09-10 00:00:00+00:00,0.03799999877810478
2021-09-13 00:00:00+00:00,0.03799999877810478
2021-09-14 00:00:00+00:00,0.03500000014901161
2021-09-15 00:00:00+00:00,0.03500000014901161
2021-09-16 00:00:00+00:00,0.029999999329447746
2021-09-17 00:00:00+00:00,0.02800000086426735
2021-09-20 00:00:00+00:00,0.02500000037252903
2021-09-21 00:00:00+00:00,0.019999999552965164
2021-09-22 00:00:00+00:00,0.02500000037252903
2021-09-23 00:00:00+00:00,0.02500000037252903
2021-09-24 00:00:00+00:00,0.02500000037252903
2021-09-27 00:00:00+00:00,0.02500000037252903
2021-09-28 00:00:00+00:00,0.029999999329447746
2021-09-29 00:00:00+00:00,0.029999999329447746
2021-09-30 00:00:00+00:00,0.02800000086426735
2021-10-01 00:00:00+00:00,0.02800000086426735
2021-10-04 00:00:00+00:00,0.02800000086426735
2021-10-05 00:00:00+00:00,0.03500000014901161
2021-10-06 00:00:00+00:00,0.03999999910593033
2021-10-07 00:00:00+00:00,0.03999999910593033
2021-10-08 00:00:00+00:00,0.03999999910593033
2021-10-11 00:00:00+00:00,0.03999999910593033
2021-10-12 00:00:00+00:00,0.03999999910593033
2021-10-13 00:00:00+00:00,0.04500000178813934
2021-10-14 00:00:00+00:00,0.03999999910593033
2021-10-15 00:00:00+00:00,0.03799999877810478
2021-10-18 00:00:00+00:00,0.0430000014603138
2021-10-19 00:00:00+00:00,0.05000000074505806
2021-10-20 00:00:00+00:00,0.05000000074505806
2021-10-21 00:00:00+00:00,0.05000000074505806
2021-10-22 00:00:00+00:00,0.05000000074505806
2021-10-25 00:00:00+00:00,0.05000000074505806
2021-10-26 00:00:00+00:00,0.05000000074505806
2021-10-27 00:00:00+00:00,0.05000000074505806
2021-10-28 00:00:00+00:00,0.04800000041723251
2021-10-29 00:00:00+00:00,0.04800000041723251
2021-11-01 00:00:00+00:00,0.03999999910593033
2021-11-02 00:00:00+00:00,0.04500000178813934
2021-11-03 00:00:00+00:00,0.04500000178813934
2021-11-04 00:00:00+00:00,0.03500000014901161
2021-11-05 00:00:00+00:00,0.03999999910593033
2021-11-08 00:00:00+00:00,0.03500000014901161
2021-11-09 00:00:00+00:00,0.03999999910593033
2021-11-10 00:00:00+00:00,0.04500000178813934
2021-11-11 00:00:00+00:00,0.03999999910593033
2021-11-12 00:00:00+00:00,0.0430000014603138
2021-11-15 00:00:00+00:00,0.03799999877810478
2021-11-16 00:00:00+00:00,0.03999999910593033
2021-11-17 00:00:00+00:00,0.04500000178813934
2021-11-18 00:00:00+00:00,0.04500000178813934
2021-11-19 00:00:00+00:00,0.04500000178813934
2021-11-22 00:00:00+00:00,0.03999999910593033
2021-11-23 00:00:00+00:00,0.04500000178813934
2021-11-24 00:00:00+00:00,0.05000000074505806
2021-11-26 00:00:00+00:00,0.0430000014603138
2021-11-29 00:00:00+00:00,0.03799999877810478
2021-11-30 00:00:00+00:00,0.04800000041723251
2021-12-01 00:00:00+00:00,0.05000000074505806
2021-12-02 00:00:00+00:00,0.0430000014603138
2021-12-03 00:00:00+00:00,0.0430000014603138
2021-12-06 00:00:00+00:00,0.0430000014603138
2021-12-07 00:00:00+00:00,0.057999998331069946
2021-12-08 00:00:00+00:00,0.05999999865889549
2021-12-09 00:00:00+00:00,0.05299999937415123
2021-12-10 00:00:00+00:00,0.05000000074505806
2021-12-13 00:00:00+00:00,0.0430000014603138
2021-12-14 00:00:00+00:00,0.04800000041723251
2021-12-15 00:00:00+00:00,0.04500000178813934
2021-12-16 00:00:00+00:00,0.03500000014901161
2021-12-17 00:00:00+00:00,0.029999999329447746
2021-12-20 00:00:00+00:00,0.03799999877810478
2021-12-21 00:00:00+00:00,0.06499999761581421
2021-12-22 00:00:00+00:00,0.06499999761581421
2021-12-23 00:00:00+00:00,0.057999998331069946
2021-12-27 00:00:00+00:00,0.0430000014603138
2021-12-28 00:00:00+00:00,0.05000000074505806
2021-12-29 00:00:00+00:00,0.04500000178813934
2021-12-30 00:00:00+00:00,0.02500000037252903
2021-12-31 00:00:00+00:00,0.032999999821186066
2022-01-03 00:00:00+00:00,0.05299999937415123
2022-01-04 00:00:00+00:00,0.07999999821186066
2022-01-05 00:00:00+00:00,0.08500000089406967
2022-01-06 00:00:00+00:00,0.09000000357627869
2022-01-07 00:00:00+00:00,0.08799999952316284
2022-01-10 00:00:00+00:00,0.09000000357627869
2022-01-11 00:00:00+00:00,0.11800000071525574
2022-01-12 00:00:00+00:00,0.11500000208616257
2022-01-13 00:00:00+00:00,0.10999999940395355
2022-01-14 00:00:00+00:00,0.11800000071525574
2022-01-18 00:00:00+00:00,0.12999999523162842
2022-01-19 00:00:00+00:00,0.16500000655651093
2022-01-20 00:00:00+00:00,0.1679999977350235
2022-01-21 00:00:00+00:00,0.15800000727176666
2022-01-24 00:00:00+00:00,0.1550000011920929
2022-01-25 00:00:00+00:00,0.1850000023841858
2022-01-26 00:00:00+00:00,0.17800000309944153
2022-01-27 00:00:00+00:00,0.1850000023841858
2022-01-28 00:00:00+00:00,0.17299999296665192
2022-01-31 00:00:00+00:00,0.17299999296665192
2022-02-01 00:00:00+00:00,0.2029999941587448
2022-02-02 00:00:00+00:00,0.1850000023841858
2022-02-03 00:00:00+00:00,0.19300000369548798
2022-02-04 00:00:00+00:00,0.22300000488758087
2022-02-07 00:00:00+00:00,0.2029999941587448
2022-02-08 00:00:00+00:00,0.2750000059604645
2022-02-09 00:00:00+00:00,0.27000001072883606
2022-02-10 00:00:00+00:00,0.3700000047683716
2022-02-11 00:00:00+00:00,0.33799999952316284
2022-02-14 00:00:00+00:00,0.36000001430511475
2022-02-15 00:00:00+00:00,0.4000000059604645
2022-02-16 00:00:00+00:00,0.37299999594688416
2022-02-17 00:00:00+00:00,0.3449999988079071
2022-02-18 00:00:00+00:00,0.3179999887943268
2022-02-22 00:00:00+00:00,0.33000001311302185
2022-02-23 00:00:00+00:00,0.3400000035762787
2022-02-24 00:00:00+00:00,0.28299999237060547
2022-02-25 00:00:00+00:00,0.2980000078678131
2022-02-28 00:00:00+00:00,0.2879999876022339
2022-03-01 00:00:00+00:00,0.31299999356269836
2022-03-02 00:00:00+00:00,0.32499998807907104
2022-03-03 00:00:00+00:00,0.33500000834465027
2022-03-04 00:00:00+00:00,0.3050000071525574
2022-03-07 00:00:00+00:00,0.3050000071525574
2022-03-08 00:00:00+00:00,0.36000001430511475
2022-03-09 00:00:00+00:00,0.3700000047683716
2022-03-10 00:00:00+00:00,0.36000001430511475
2022-03-11 00:00:00+00:00,0.36500000953674316
2022-03-14 00:00:00+00:00,0.3779999911785126
2022-03-15 00:00:00+00:00,0.4480000138282776
2022-03-16 00:00:00+00:00,0.43299999833106995
2022-03-17 00:00:00+00:00,0.36000001430511475
2022-03-18 00:00:00+00:00,0.382999986410141
2022-03-21 00:00:00+00:00,0.45500001311302185
2022-03-22 00:00:00+00:00,0.5199999809265137
2022-03-23 00:00:00+00:00,0.47999998927116394
2022-03-24 00:00:00+00:00,0.4830000102519989
2022-03-25 00:00:00+00:00,0.5199999809265137
2022-03-28 00:00:00+00:00,0.5080000162124634
2022-03-29 00:00:00+00:00,0.5550000071525574
2022-03-30 00:00:00+00:00,0.5249999761581421
2022-03-31 00:00:00+00:00,0.49300000071525574
2022-04-01 00:00:00+00:00,0.5
2022-04-04 00:00:00+00:00,0.5379999876022339
2022-04-05 00:00:00+00:00,0.6679999828338623
2022-04-06 00:00:00+00:00,0.6629999876022339
2022-04-07 00:00:00+00:00,0.6600000262260437
2022-04-08 00:00:00+00:00,0.6679999828338623
2022-04-11 00:00:00+00:00,0.6800000071525574
2022-04-12 00:00:00+00:00,0.7379999756813049
2022-04-13 00:00:00+00:00,0.7400000095367432
2022-04-14 00:00:00+00:00,0.7480000257492065
2022-04-18 00:00:00+00:00,0.7549999952316284
2022-04-19 00:00:00+00:00,0.8330000042915344
2022-04-20 00:00:00+00:00,0.7950000166893005
2022-04-21 00:00:00+00:00,0.800000011920929
2022-04-22 00:00:00+00:00,0.7799999713897705
2022-04-25 00:00:00+00:00,0.7979999780654907
2022-04-26 00:00:00+00:00,0.8330000042915344
2022-04-27 00:00:00+00:00,0.8080000281333923
2022-04-28 00:00:00+00:00,0.7850000262260437
2022-04-29 00:00:00+00:00,0.8080000281333923
2022-05-02 00:00:00+00:00,0.7649999856948853
2022-05-03 00:00:00+00:00,0.8949999809265137
2022-05-04 00:00:00+00:00,0.8330000042915344
2022-05-05 00:00:00+00:00,0.8029999732971191
2022-05-06 00:00:00+00:00,0.8149999976158142
2022-05-09 00:00:00+00:00,0.800000011920929
2022-05-10 00:00:00+00:00,0.878000020980835
2022-05-11 00:00:00+00:00,0.8830000162124634
2022-05-12 00:00:00+00:00,0.9049999713897705
2022-05-13 00:00:00+00:00,0.9430000185966492
2022-05-16 00:00:00+00:00,0.9800000190734863
2022-05-17 00:00:00+00:00,1.0379999876022339
2022-05-18 00:00:00+00:00,1.003000020980835
2022-05-19 00:00:00+00:00,1.0
2022-05-20 00:00:00+00:00,0.9779999852180481
2022-05-23 00:00:00+00:00,0.9929999709129333
2022-05-24 00:00:00+00:00,1.0429999828338623
2022-05-25 00:00:00+00:00,1.0449999570846558
2022-05-26 00:00:00+00:00,1.027999997138977
2022-05-27 00:00:00+00:00,1.024999976158142
2022-05-31 00:00:00+00:00,1.0299999713897705
2022-06-01 00:00:00+00:00,1.1030000448226929
2022-06-02 00:00:00+00:00,1.1130000352859497
2022-06-03 00:00:00+00:00,1.1349999904632568
2022-06-06 00:00:00+00:00,1.159999966621399
2022-06-07 00:00:00+00:00,1.225000023841858
2022-06-08 00:00:00+00:00,1.2330000400543213
2022-06-09 00:00:00+00:00,1.2380000352859497
2022-06-10 00:00:00+00:00,1.2879999876022339
2022-06-13 00:00:00+00:00,1.4980000257492065
2022-06-14 00:00:00+00:00,1.7430000305175781
2022-06-15 00:00:00+00:00,1.6950000524520874
2022-06-16 00:00:00+00:00,1.4830000400543213
2022-06-17 00:00:00+00:00,1.5099999904632568
2022-06-21 00:00:00+00:00,1.4880000352859497
2022-06-22 00:00:00+00:00,1.5449999570846558
2022-06-23 00:00:00+00:00,1.559999942779541
2022-06-24 00:00:00+00:00,1.5980000495910645
2022-06-27 00:00:00+00:00,1.6330000162124634
2022-06-28 00:00:00+00:00,1.7380000352859497
2022-06-29 00:00:00+00:00,1.7050000429153442
2022-06-30 00:00:00+00:00,1.600000023841858
2022-07-01 00:00:00+00:00,1.6030000448226929
2022-07-05 00:00:00+00:00,1.6299999952316284
2022-07-06 00:00:00+00:00,1.840000033378601
2022-07-07 00:00:00+00:00,1.8530000448226929
2022-07-08 00:00:00+00:00,1.843000054359436
2022-07-11 00:00:00+00:00,1.9529999494552612
2022-07-12 00:00:00+00:00,2.11299991607666
2022-07-13 00:00:00+00:00,2.322999954223633
2022-07-14 00:00:00+00:00,2.2730000019073486
2022-07-15 00:00:00+00:00,2.240000009536743
2022-07-18 00:00:00+00:00,2.259999990463257
2022-07-19 00:00:00+00:00,2.450000047683716
2022-07-20 00:00:00+00:00,2.378000020980835
2022-07-21 00:00:00+00:00,2.359999895095825
2022-07-22 00:00:00+00:00,2.3550000190734863
2022-07-25 00:00:00+00:00,2.3929998874664307
2022-07-26 00:00:00+00:00,2.4749999046325684
2022-07-27 00:00:00+00:00,2.382999897003174
2022-07-28 00:00:00+00:00,2.308000087738037
2022-07-29 00:00:00+00:00,2.2980000972747803
2022-08-01 00:00:00+00:00,2.265000104904175
2022-08-02 00:00:00+00:00,2.4630000591278076
2022-08-03 00:00:00+00:00,2.427999973297119
2022-08-04 00:00:00+00:00,2.378000020980835
2022-08-05 00:00:00+00:00,2.4100000858306885
2022-08-08 00:00:00+00:00,2.4600000381469727
2022-08-09 00:00:00+00:00,2.569999933242798
2022-08-10 00:00:00+00:00,2.5350000858306885
2022-08-11 00:00:00+00:00,2.490000009536743
2022-08-12 00:00:00+00:00,2.5
2022-08-15 00:00:00+00:00,2.513000011444092
2022-08-16 00:00:00+00:00,2.5980000495910645
2022-08-17 00:00:00+00:00,2.568000078201294
2022-08-18 00:00:00+00:00,2.565000057220459
2022-08-19 00:00:00+00:00,2.5799999237060547
2022-08-22 00:00:00+00:00,2.6480000019073486
2022-08-23 00:00:00+00:00,2.703000068664551
2022-08-24 00:00:00+00:00,2.7130000591278076
2022-08-25 00:00:00+00:00,2.7300000190734863
2022-08-26 00:00:00+00:00,2.755000114440918
2022-08-29 00:00:00+00:00,2.7980000972747803
2022-08-30 00:00:00+00:00,2.872999906539917
2022-08-31 00:00:00+00:00,2.859999895095825
2022-09-01 00:00:00+00:00,2.86299991607666
2022-09-02 00:00:00+00:00,2.819999933242798
2022-09-06 00:00:00+00:00,2.8450000286102295
2022-09-07 00:00:00+00:00,2.933000087738037
2022-09-08 00:00:00+00:00,2.950000047683716
2022-09-09 00:00:00+00:00,2.9679999351501465
2022-09-12 00:00:00+00:00,2.994999885559082
2022-09-13 00:00:00+00:00,3.1530001163482666
2022-09-14 00:00:00+00:00,3.128000020980835
2022-09-15 00:00:00+00:00,3.0950000286102295
2022-09-16 00:00:00+00:00,3.069999933242798
2022-09-19 00:00:00+00:00,3.0350000858306885
2022-09-20 00:00:00+00:00,3.243000030517578
2022-09-21 00:00:00+00:00,3.190000057220459
2022-09-22 00:00:00+00:00,3.130000114440918
2022-09-23 00:00:00+00:00,3.1080000400543213
2022-09-26 00:00:00+00:00,3.1649999618530273
2022-09-27 00:00:00+00:00,3.25
2022-09-28 00:00:00+00:00,3.2300000190734863
2022-09-29 00:00:00+00:00,3.2179999351501465
2022-09-30 00:00:00+00:00,3.180000066757202
2022-10-03 00:00:00+00:00,3.1500000953674316
2022-10-04 00:00:00+00:00,3.315000057220459
2022-10-05 00:00:00+00:00,3.2929999828338623
2022-10-06 00:00:00+00:00,3.2880001068115234
2022-10-07 00:00:00+00:00,3.2929999828338623
2022-10-10 00:00:00+00:00,3.2850000858306885
2022-10-11 00:00:00+00:00,3.3399999141693115
2022-10-12 00:00:00+00:00,3.5329999923706055
2022-10-13 00:00:00+00:00,3.5829999446868896
2022-10-14 00:00:00+00:00,3.628000020980835
2022-10-17 00:00:00+00:00,3.687999963760376
2022-10-18 00:00:00+00:00,3.8329999446868896
2022-10-19 00:00:00+00:00,3.8929998874664307
2022-10-20 00:00:00+00:00,3.890000104904175
2022-10-21 00:00:00+00:00,3.884999990463257
2022-10-24 00:00:00+00:00,3.9130001068115234
2022-10-25 00:00:00+00:00,3.9649999141693115
2022-10-26 00:00:00+00:00,3.930000066757202
2022-10-27 00:00:00+00:00,3.930000066757202
2022-10-28 00:00:00+00:00,3.9700000286102295
2022-10-31 00:00:00+00:00,3.9749999046325684
2022-11-01 00:00:00+00:00,4.050000190734863
2022-11-02 00:00:00+00:00,4.025000095367432
2022-11-03 00:00:00+00:00,4.025000095367432
2022-11-04 00:00:00+00:00,4.013000011444092
2022-11-07 00:00:00+00:00,3.9830000400543213
2022-11-08 00:00:00+00:00,4.090000152587891
2022-11-09 00:00:00+00:00,4.0929999351501465
2022-11-10 00:00:00+00:00,4.054999828338623
2022-11-11 00:00:00+00:00,4.063000202178955
2022-11-14 00:00:00+00:00,4.067999839782715
2022-11-15 00:00:00+00:00,4.130000114440918
2022-11-16 00:00:00+00:00,4.125
2022-11-17 00:00:00+00:00,4.11299991607666
2022-11-18 00:00:00+00:00,4.135000228881836
2022-11-21 00:00:00+00:00,4.0980000495910645
2022-11-22 00:00:00+00:00,4.197999954223633
2022-11-23 00:00:00+00:00,4.199999809265137
2022-11-25 00:00:00+00:00,4.175000190734863
2022-11-28 00:00:00+00:00,4.183000087738037
2022-11-29 00:00:00+00:00,4.252999782562256
2022-11-30 00:00:00+00:00,4.252999782562256
2022-12-01 00:00:00+00:00,4.192999839782715
2022-12-02 00:00:00+00:00,4.208000183105469
2022-12-05 00:00:00+00:00,4.1579999923706055
2022-12-06 00:00:00+00:00,4.21999979019165
2022-12-07 00:00:00+00:00,4.183000087738037
2022-12-08 00:00:00+00:00,4.150000095367432
2022-12-09 00:00:00+00:00,4.172999858856201
2022-12-12 00:00:00+00:00,4.168000221252441
2022-12-13 00:00:00+00:00,4.248000144958496
2022-12-14 00:00:00+00:00,4.21999979019165
2022-12-15 00:00:00+00:00,4.2129998207092285
2022-12-16 00:00:00+00:00,4.163000106811523
2022-12-19 00:00:00+00:00,4.163000106811523
2022-12-20 00:00:00+00:00,4.230000019073486
2022-12-21 00:00:00+00:00,4.204999923706055
2022-12-22 00:00:00+00:00,4.208000183105469
2022-12-23 00:00:00+00:00,4.192999839782715
2022-12-27 00:00:00+00:00,4.195000171661377
2022-12-28 00:00:00+00:00,4.3379998207092285
2022-12-29 00:00:00+00:00,4.295000076293945
2022-12-30 00:00:00+00:00,4.260000228881836
2023-01-03 00:00:00+00:00,4.255000114440918
2023-01-04 00:00:00+00:00,4.400000095367432
2023-01-05 00:00:00+00:00,4.498000144958496
2023-01-06 00:00:00+00:00,4.493000030517578
2023-01-09 00:00:00+00:00,4.482999801635742
2023-01-10 00:00:00+00:00,4.565000057220459
2023-01-11 00:00:00+00:00,4.554999828338623
2023-01-12 00:00:00+00:00,4.474999904632568
2023-01-13 00:00:00+00:00,4.48799991607666
2023-01-17 00:00:00+00:00,4.493000030517578
2023-01-18 00:00:00+00:00,4.53000020980835
2023-01-19 00:00:00+00:00,4.525000095367432
2023-01-20 00:00:00+00:00,4.538000106811523
2023-01-23 00:00:00+00:00,4.534999847412109
2023-01-24 00:00:00+00:00,4.572999954223633
2023-01-25 00:00:00+00:00,4.545000076293945
2023-01-26 00:00:00+00:00,4.543000221252441
2023-01-27 00:00:00+00:00,4.547999858856201
2023-01-30 00:00:00+00:00,4.534999847412109
2023-01-31 00:00:00+00:00,4.570000171661377
2023-02-01 00:00:00+00:00,4.519999980926514
2023-02-02 00:00:00+00:00,4.510000228881836
2023-02-03 00:00:00+00:00,4.5229997634887695
2023-02-06 00:00:00+00:00,4.5329999923706055
2023-02-07 00:00:00+00:00,4.570000171661377
2023-02-08 00:00:00+00:00,4.585000038146973
2023-02-09 00:00:00+00:00,4.61299991607666
2023-02-10 00:00:00+00:00,4.635000228881836
2023-02-13 00:00:00+00:00,4.644999980926514
2023-02-14 00:00:00+00:00,4.659999847412109
2023-02-15 00:00:00+00:00,4.64300012588501
2023-02-16 00:00:00+00:00,4.664999961853027
2023-02-17 00:00:00+00:00,4.679999828338623
2023-02-21 00:00:00+00:00,4.688000202178955
2023-02-22 00:00:00+00:00,4.695000171661377
2023-02-23 00:00:00+00:00,4.690000057220459
2023-02-24 00:00:00+00:00,4.703000068664551
2023-02-27 00:00:00+00:00,4.664999961853027
2023-02-28 00:00:00+00:00,4.710000038146973
2023-03-01 00:00:00+00:00,4.724999904632568
2023-03-02 00:00:00+00:00,4.7230000495910645
2023-03-03 00:00:00+00:00,4.7179999351501465
2023-03-06 00:00:00+00:00,4.728000164031982
2023-03-07 00:00:00+00:00,4.84499979019165
2023-03-08 00:00:00+00:00,4.882999897003174
2023-03-09 00:00:00+00:00,4.8480000495910645
2023-03-10 00:00:00+00:00,4.802999973297119
2023-03-13 00:00:00+00:00,4.6579999923706055
2023-03-14 00:00:00+00:00,4.679999828338623
2023-03-15 00:00:00+00:00,4.558000087738037
2023-03-16 00:00:00+00:00,4.53000020980835
2023-03-17 00:00:00+00:00,4.293000221252441
2023-03-20 00:00:00+00:00,4.465000152587891
2023-03-21 00:00:00+00:00,4.605000019073486
2023-03-22 00:00:00+00:00,4.563000202178955
2023-03-23 00:00:00+00:00,4.502999782562256
2023-03-24 00:00:00+00:00,4.502999782562256
2023-03-27 00:00:00+00:00,4.583000183105469
2023-03-28 00:00:00+00:00,4.627999782562256
2023-03-29 00:00:00+00:00,4.630000114440918
2023-03-30 00:00:00+00:00,4.664999961853027
2023-03-31 00:00:00+00:00,4.585000038146973
2023-04-03 00:00:00+00:00,4.570000171661377
2023-04-04 00:00:00+00:00,4.728000164031982
2023-04-05 00:00:00+00:00,4.704999923706055
2023-04-06 00:00:00+00:00,4.710000038146973
2023-04-10 00:00:00+00:00,4.8379998207092285
2023-04-11 00:00:00+00:00,4.880000114440918
2023-04-12 00:00:00+00:00,4.860000133514404
2023-04-13 00:00:00+00:00,4.855000019073486
2023-04-14 00:00:00+00:00,4.9029998779296875
2023-04-17 00:00:00+00:00,4.922999858856201
2023-04-18 00:00:00+00:00,5.03000020980835
2023-04-19 00:00:00+00:00,4.994999885559082
2023-04-20 00:00:00+00:00,4.945000171661377
2023-04-21 00:00:00+00:00,4.949999809265137
2023-04-24 00:00:00+00:00,4.873000144958496
2023-04-25 00:00:00+00:00,4.953000068664551
2023-04-26 00:00:00+00:00,4.985000133514404
2023-04-27 00:00:00+00:00,5.0
2023-04-28 00:00:00+00:00,4.922999858856201
2023-05-01 00:00:00+00:00,4.864999771118164
2023-05-02 00:00:00+00:00,5.039999961853027
2023-05-03 00:00:00+00:00,5.09499979019165
2023-05-04 00:00:00+00:00,5.054999828338623
2023-05-05 00:00:00+00:00,5.079999923706055
2023-05-08 00:00:00+00:00,5.083000183105469
2023-05-09 00:00:00+00:00,5.123000144958496
2023-05-10 00:00:00+00:00,5.065000057220459
2023-05-11 00:00:00+00:00,5.014999866485596
2023-05-12 00:00:00+00:00,5.0279998779296875
2023-05-15 00:00:00+00:00,5.0
2023-05-16 00:00:00+00:00,5.058000087738037
2023-05-17 00:00:00+00:00,5.0879998207092285
2023-05-18 00:00:00+00:00,5.125
2023-05-19 00:00:00+00:00,5.085000038146973
2023-05-22 00:00:00+00:00,5.09499979019165
2023-05-23 00:00:00+00:00,5.1529998779296875
2023-05-24 00:00:00+00:00,5.184999942779541
2023-05-25 00:00:00+00:00,5.163000106811523
2023-05-26 00:00:00+00:00,5.114999771118164
2023-05-30 00:00:00+00:00,5.14300012588501
2023-05-31 00:00:00+00:00,5.248000144958496
2023-06-01 00:00:00+00:00,5.203000068664551
2023-06-02 00:00:00+00:00,5.215000152587891
2023-06-05 00:00:00+00:00,5.14300012588501
2023-06-06 00:00:00+00:00,5.1579999923706055
2023-06-07 00:00:00+00:00,5.1529998779296875
2023-06-08 00:00:00+00:00,5.099999904632568
2023-06-09 00:00:00+00:00,5.09499979019165
2023-06-12 00:00:00+00:00,5.09499979019165
2023-06-13 00:00:00+00:00,5.099999904632568
2023-06-14 00:00:00+00:00,5.079999923706055
2023-06-15 00:00:00+00:00,5.054999828338623
2023-06-16 00:00:00+00:00,5.065000057220459
2023-06-20 00:00:00+00:00,5.074999809265137
2023-06-21 00:00:00+00:00,5.135000228881836
2023-06-22 00:00:00+00:00,5.135000228881836
2023-06-23 00:00:00+00:00,5.138000011444092
2023-06-26 00:00:00+00:00,5.15500020980835
2023-06-27 00:00:00+00:00,5.179999828338623
2023-06-28 00:00:00+00:00,5.170000076293945
2023-06-29 00:00:00+00:00,5.175000190734863
2023-06-30 00:00:00+00:00,5.1529998779296875
2023-07-03 00:00:00+00:00,5.144999980926514
2023-07-05 00:00:00+00:00,5.192999839782715
2023-07-06 00:00:00+00:00,5.2129998207092285
2023-07-07 00:00:00+00:00,5.2129998207092285
2023-07-10 00:00:00+00:00,5.224999904632568
2023-07-11 00:00:00+00:00,5.243000030517578
2023-07-12 00:00:00+00:00,5.230000019073486
2023-07-13 00:00:00+00:00,5.2230000495910645
2023-07-14 00:00:00+00:00,5.215000152587891
2023-07-17 00:00:00+00:00,5.232999801635742
2023-07-18 00:00:00+00:00,5.248000144958496
2023-07-19 00:00:00+00:00,5.244999885559082
2023-07-20 00:00:00+00:00,5.243000030517578
2023-07-21 00:00:00+00:00,5.248000144958496
2023-07-24 00:00:00+00:00,5.25
2023-07-25 00:00:00+00:00,5.264999866485596
2023-07-26 00:00:00+00:00,5.26800012588501
2023-07-27 00:00:00+00:00,5.26800012588501
2023-07-28 00:00:00+00:00,5.255000114440918
2023-07-31 00:00:00+00:00,5.248000144958496
2023-08-01 00:00:00+00:00,5.260000228881836
2023-08-02 00:00:00+00:00,5.260000228881836
2023-08-03 00:00:00+00:00,5.257999897003174
2023-08-04 00:00:00+00:00,5.252999782562256
2023-08-07 00:00:00+00:00,5.260000228881836
2023-08-08 00:00:00+00:00,5.275000095367432
2023-08-09 00:00:00+00:00,5.28000020980835
2023-08-10 00:00:00+00:00,5.26800012588501
2023-08-11 00:00:00+00:00,5.264999866485596
2023-08-14 00:00:00+00:00,5.269999980926514
2023-08-15 00:00:00+00:00,5.28000020980835
2023-08-16 00:00:00+00:00,5.284999847412109
2023-08-17 00:00:00+00:00,5.2779998779296875
2023-08-18 00:00:00+00:00,5.2779998779296875
2023-08-21 00:00:00+00:00,5.28000020980835
2023-08-22 00:00:00+00:00,5.295000076293945
2023-08-23 00:00:00+00:00,5.295000076293945
2023-08-24 00:00:00+00:00,5.302999973297119
2023-08-25 00:00:00+00:00,5.315000057220459
2023-08-28 00:00:00+00:00,5.322999954223633
2023-08-29 00:00:00+00:00,5.320000171661377
2023-08-30 00:00:00+00:00,5.315000057220459
2023-08-31 00:00:00+00:00,5.297999858856201
2023-09-01 00:00:00+00:00,5.26800012588501
2023-09-05 00:00:00+00:00,5.2779998779296875
2023-09-06 00:00:00+00:00,5.300000190734863
2023-09-07 00:00:00+00:00,5.2829999923706055
2023-09-08 00:00:00+00:00,5.293000221252441
2023-09-11 00:00:00+00:00,5.293000221252441
2023-09-12 00:00:00+00:00,5.304999828338623
2023-09-13 00:00:00+00:00,5.304999828338623
2023-09-14 00:00:00+00:00,5.295000076293945
2023-09-15 00:00:00+00:00,5.297999858856201
2023-09-18 00:00:00+00:00,5.300000190734863
2023-09-19 00:00:00+00:00,5.309999942779541
2023-09-20 00:00:00+00:00,5.315000057220459
2023-09-21 00:00:00+00:00,5.304999828338623
2023-09-22 00:00:00+00:00,5.304999828338623
2023-09-25 00:00:00+00:00,5.313000202178955
2023-09-26 00:00:00+00:00,5.324999809265137
2023-09-27 00:00:00+00:00,5.329999923706055
2023-09-28 00:00:00+00:00,5.308000087738037
2023-09-29 00:00:00+00:00,5.300000190734863
2023-10-02 00:00:00+00:00,5.315000057220459
2023-10-03 00:00:00+00:00,5.340000152587891
2023-10-04 00:00:00+00:00,5.335000038146973
2023-10-05 00:00:00+00:00,5.324999809265137
2023-10-06 00:00:00+00:00,5.3480000495910645
2023-10-09 00:00:00+00:00,5.3480000495910645
2023-10-10 00:00:00+00:00,5.322999954223633
2023-10-11 00:00:00+00:00,5.335000038146973
2023-10-12 00:00:00+00:00,5.335000038146973
2023-10-13 00:00:00+00:00,5.328000068664551
2023-10-16 00:00:00+00:00,5.328000068664551
2023-10-17 00:00:00+00:00,5.340000152587891
2023-10-18 00:00:00+00:00,5.329999923706055
2023-10-19 00:00:00+00:00,5.309999942779541
2023-10-20 00:00:00+00:00,5.300000190734863
2023-10-23 00:00:00+00:00,5.293000221252441
2023-10-24 00:00:00+00:00,5.308000087738037
2023-10-25 00:00:00+00:00,5.315000057220459
2023-10-26 00:00:00+00:00,5.300000190734863
2023-10-27 00:00:00+00:00,5.304999828338623
2023-10-30 00:00:00+00:00,5.313000202178955
2023-10-31 00:00:00+00:00,5.320000171661377
2023-11-01 00:00:00+00:00,5.300000190734863
2023-11-02 00:00:00+00:00,5.269999980926514
2023-11-03 00:00:00+00:00,5.252999782562256
2023-11-06 00:00:00+00:00,5.260000228881836
2023-11-07 00:00:00+00:00,5.2729997634887695
2023-11-08 00:00:00+00:00,5.26800012588501
2023-11-09 00:00:00+00:00,5.263000011444092
2023-11-10 00:00:00+00:00,5.25
2023-11-13 00:00:00+00:00,5.260000228881836
2023-11-14 00:00:00+00:00,5.252999782562256
2023-11-15 00:00:00+00:00,5.255000114440918
2023-11-16 00:00:00+00:00,5.243000030517578
2023-11-17 00:00:00+00:00,5.232999801635742
2023-11-20 00:00:00+00:00,5.23799991607666
2023-11-21 00:00:00+00:00,5.255000114440918
2023-11-22 00:00:00+00:00,5.264999866485596
2023-11-24 00:00:00+00:00,5.252999782562256
2023-11-27 00:00:00+00:00,5.257999897003174
2023-11-28 00:00:00+00:00,5.260000228881836
2023-11-29 00:00:00+00:00,5.239999771118164
2023-11-30 00:00:00+00:00,5.23799991607666
2023-12-01 00:00:00+00:00,5.215000152587891
2023-12-04 00:00:00+00:00,5.2230000495910645
2023-12-05 00:00:00+00:00,5.243000030517578
2023-12-06 00:00:00+00:00,5.243000030517578
2023-12-07 00:00:00+00:00,5.232999801635742
2023-12-08 00:00:00+00:00,5.232999801635742
2023-12-11 00:00:00+00:00,5.232999801635742
2023-12-12 00:00:00+00:00,5.248000144958496
2023-12-13 00:00:00+00:00,5.2230000495910645
2023-12-14 00:00:00+00:00,5.215000152587891
2023-12-15 00:00:00+00:00,5.224999904632568
2023-12-18 00:00:00+00:00,5.224999904632568
2023-12-19 00:00:00+00:00,5.23799991607666
2023-12-20 00:00:00+00:00,5.230000019073486
2023-12-21 00:00:00+00:00,5.210000038146973
2023-12-22 00:00:00+00:00,5.208000183105469
2023-12-26 00:00:00+00:00,5.203000068664551
2023-12-27 00:00:00+00:00,5.235000133514404
2023-12-28 00:00:00+00:00,5.2179999351501465
2023-12-29 00:00:00+00:00,5.179999828338623
2024-01-02 00:00:00+00:00,5.2129998207092285
2024-01-03 00:00:00+00:00,5.235000133514404
2024-01-04 00:00:00+00:00,5.228000164031982
2024-01-05 00:00:00+00:00,5.21999979019165
2024-01-08 00:00:00+00:00,5.21999979019165
2024-01-09 00:00:00+00:00,5.230000019073486
2024-01-10 00:00:00+00:00,5.224999904632568
2024-01-11 00:00:00+00:00,5.2179999351501465
2024-01-12 00:00:00+00:00,5.197999954223633
2024-01-16 00:00:00+00:00,5.203000068664551
2024-01-17 00:00:00+00:00,5.215000152587891
2024-01-18 00:00:00+00:00,5.199999809265137
2024-01-19 00:00:00+00:00,5.197999954223633
2024-01-22 00:00:00+00:00,5.199999809265137
2024-01-23 00:00:00+00:00,5.210000038146973
2024-01-24 00:00:00+00:00,5.210000038146973
2024-01-25 00:00:00+00:00,5.195000171661377
2024-01-26 00:00:00+00:00,5.199999809265137
2024-01-29 00:00:00+00:00,5.199999809265137
2024-01-30 00:00:00+00:00,5.203000068664551
2024-01-31 00:00:00+00:00,5.188000202178955
2024-02-01 00:00:00+00:00,5.199999809265137
2024-02-02 00:00:00+00:00,5.210000038146973
2024-02-05 00:00:00+00:00,5.228000164031982
2024-02-06 00:00:00+00:00,5.2230000495910645
2024-02-07 00:00:00+00:00,5.2230000495910645
2024-02-08 00:00:00+00:00,5.2179999351501465
2024-02-09 00:00:00+00:00,5.21999979019165
2024-02-12 00:00:00+00:00,5.228000164031982
2024-02-13 00:00:00+00:00,5.232999801635742
2024-02-14 00:00:00+00:00,5.2179999351501465
2024-02-15 00:00:00+00:00,5.2179999351501465
2024-02-16 00:00:00+00:00,5.2230000495910645
2024-02-20 00:00:00+00:00,5.2129998207092285
2024-02-21 00:00:00+00:00,5.235000133514404
2024-02-22 00:00:00+00:00,5.232999801635742
2024-02-23 00:00:00+00:00,5.239999771118164
2024-02-26 00:00:00+00:00,5.25
2024-02-27 00:00:00+00:00,5.244999885559082
2024-02-28 00:00:00+00:00,5.239999771118164
2024-02-29 00:00:00+00:00,5.2230000495910645
2024-03-01 00:00:00+00:00,5.215000152587891
2024-03-04 00:00:00+00:00,5.2230000495910645
2024-03-05 00:00:00+00:00,5.224999904632568
2024-03-06 00:00:00+00:00,5.230000019073486
2024-03-07 00:00:00+00:00,5.228000164031982
2024-03-08 00:00:00+00:00,5.228000164031982
2024-03-11 00:00:00+00:00,5.239999771118164
2024-03-12 00:00:00+00:00,5.239999771118164
2024-03-13 00:00:00+00:00,5.23799991607666
2024-03-14 00:00:00+00:00,5.23799991607666
2024-03-15 00:00:00+00:00,5.23799991607666
2024-03-18 00:00:00+00:00,5.23799991607666
2024-03-19 00:00:00+00:00,5.23799991607666
2024-03-20 00:00:00+00:00,5.228000164031982
2024-03-21 00:00:00+00:00,5.228000164031982
2024-03-22 00:00:00+00:00,5.21999979019165
2024-03-25 00:00:00+00:00,5.2179999351501465
2024-03-26 00:00:00+00:00,5.2179999351501465
2024-03-27 00:00:00+00:00,5.215000152587891
2024-03-28 00:00:00+00:00,5.203000068664551
2024-04-01 00:00:00+00:00,5.2179999351501465
2024-04-02 00:00:00+00:00,5.2129998207092285
2024-04-03 00:00:00+00:00,5.210000038146973
2024-04-04 00:00:00+00:00,5.203000068664551
2024-04-05 00:00:00+00:00,5.215000152587891
2024-04-08 00:00:00+00:00,5.2230000495910645
2024-04-09 00:00:00+00:00,5.21999979019165
2024-04-10 00:00:00+00:00,5.243000030517578
2024-04-11 00:00:00+00:00,5.23799991607666
2024-04-12 00:00:00+00:00,5.230000019073486
2024-04-15 00:00:00+00:00,5.23799991607666
2024-04-16 00:00:00+00:00,5.232999801635742
2024-04-17 00:00:00+00:00,5.239999771118164
2024-04-18 00:00:00+00:00,5.243000030517578
2024-04-19 00:00:00+00:00,5.244999885559082
2024-04-22 00:00:00+00:00,5.244999885559082
2024-04-23 00:00:00+00:00,5.244999885559082
2024-04-24 00:00:00+00:00,5.255000114440918
2024-04-25 00:00:00+00:00,5.244999885559082
2024-04-26 00:00:00+00:00,5.23799991607666
2024-04-29 00:00:00+00:00,5.243000030517578
2024-04-30 00:00:00+00:00,5.244999885559082
2024-05-01 00:00:00+00:00,5.25
2024-05-02 00:00:00+00:00,5.23799991607666
2024-05-03 00:00:00+00:00,5.235000133514404
2024-05-06 00:00:00+00:00,5.239999771118164
2024-05-07 00:00:00+00:00,5.243000030517578
2024-05-08 00:00:00+00:00,5.244999885559082
2024-05-09 00:00:00+00:00,5.239999771118164
2024-05-10 00:00:00+00:00,5.243000030517578
2024-05-13 00:00:00+00:00,5.239999771118164
2024-05-14 00:00:00+00:00,5.235000133514404
2024-05-15 00:00:00+00:00,5.239999771118164
2024-05-16 00:00:00+00:00,5.243000030517578
2024-05-17 00:00:00+00:00,5.239999771118164
2024-05-20 00:00:00+00:00,5.239999771118164
2024-05-21 00:00:00+00:00,5.239999771118164
2024-05-22 00:00:00+00:00,5.244999885559082
2024-05-23 00:00:00+00:00,5.244999885559082
2024-05-24 00:00:00+00:00,5.244999885559082
2024-05-28 00:00:00+00:00,5.248000144958496
2024-05-29 00:00:00+00:00,5.25
2024-05-30 00:00:00+00:00,5.248000144958496
2024-05-31 00:00:00+00:00,5.244999885559082
2024-06-03 00:00:00+00:00,5.243000030517578
2024-06-04 00:00:00+00:00,5.239999771118164
2024-06-05 00:00:00+00:00,5.239999771118164
2024-06-06 00:00:00+00:00,5.232999801635742
2024-06-07 00:00:00+00:00,5.23799991607666
2024-06-10 00:00:00+00:00,5.232999801635742
2024-06-11 00:00:00+00:00,5.244999885559082
2024-06-12 00:00:00+00:00,5.243000030517578
2024-06-13 00:00:00+00:00,5.239999771118164
2024-06-14 00:00:00+00:00,5.239999771118164
2024-06-17 00:00:00+00:00,5.243000030517578
2024-06-18 00:00:00+00:00,5.235000133514404
2024-06-20 00:00:00+00:00,5.224999904632568
2024-06-21 00:00:00+00:00,5.215000152587891
2024-06-24 00:00:00+00:00,5.210000038146973
2024-06-25 00:00:00+00:00,5.2230000495910645
2024-06-26 00:00:00+00:00,5.230000019073486
2024-06-27 00:00:00+00:00,5.2230000495910645
2024-06-28 00:00:00+00:00,5.2129998207092285
2024-07-01 00:00:00+00:00,5.2179999351501465
2024-07-02 00:00:00+00:00,5.228000164031982
2024-07-03 00:00:00+00:00,5.230000019073486
2024-07-05 00:00:00+00:00,5.224999904632568
2024-07-08 00:00:00+00:00,5.2179999351501465
2024-07-09 00:00:00+00:00,5.224999904632568
2024-07-10 00:00:00+00:00,5.224999904632568
2024-07-11 00:00:00+00:00,5.197999954223633
2024-07-12 00:00:00+00:00,5.197999954223633
2024-07-15 00:00:00+00:00,5.192999839782715
2024-07-16 00:00:00+00:00,5.192999839782715
2024-07-17 00:00:00+00:00,5.195000171661377
2024-07-18 00:00:00+00:00,5.192999839782715
2024-07-19 00:00:00+00:00,5.192999839782715
2024-07-22 00:00:00+00:00,5.190000057220459
2024-07-23 00:00:00+00:00,5.172999858856201
2024-07-24 00:00:00+00:00,5.170000076293945
2024-07-25 00:00:00+00:00,5.159999847412109
2024-07-26 00:00:00+00:00,5.15500020980835
2024-07-29 00:00:00+00:00,5.146999835968018
2024-07-30 00:00:00+00:00,5.135000228881836
2024-07-31 00:00:00+00:00,5.135000228881836
2024-08-01 00:00:00+00:00,5.114999771118164
2024-08-02 00:00:00+00:00,5.03000020980835
2024-08-05 00:00:00+00:00,5.059999942779541
2024-08-06 00:00:00+00:00,5.079999923706055
2024-08-07 00:00:00+00:00,5.079999923706055
2024-08-08 00:00:00+00:00,5.083000183105469
2024-08-09 00:00:00+00:00,5.074999809265137
2024-08-12 00:00:00+00:00,5.072999954223633
2024-08-13 00:00:00+00:00,5.052999973297119
2024-08-14 00:00:00+00:00,5.063000202178955
2024-08-15 00:00:00+00:00,5.079999923706055
2024-08-16 00:00:00+00:00,5.074999809265137
2024-08-19 00:00:00+00:00,5.063000202178955
2024-08-20 00:00:00+00:00,5.0329999923706055
2024-08-21 00:00:00+00:00,5.005000114440918
2024-08-22 00:00:00+00:00,5.025000095367432
2024-08-23 00:00:00+00:00,5.0
2024-08-26 00:00:00+00:00,4.998000144958496
2024-08-27 00:00:00+00:00,4.9679999351501465
2024-08-28 00:00:00+00:00,4.954999923706055
2024-08-29 00:00:00+00:00,4.965000152587891
2024-08-30 00:00:00+00:00,4.9679999351501465
2024-09-03 00:00:00+00:00,4.96999979019165
2024-09-04 00:00:00+00:00,4.947999954223633
2024-09-05 00:00:00+00:00,4.932000160217285
2024-09-06 00:00:00+00:00,4.9079999923706055
2024-09-09 00:00:00+00:00,4.894999980926514
2024-09-10 00:00:00+00:00,4.835000038146973
2024-09-11 00:00:00+00:00,4.875
2024-09-12 00:00:00+00:00,4.840000152587891
2024-09-13 00:00:00+00:00,4.763000011444092
2024-09-16 00:00:00+00:00,4.744999885559082
2024-09-17 00:00:00+00:00,4.735000133514404
2024-09-18 00:00:00+00:00,4.614999771118164
2024-09-19 00:00:00+00:00,4.5929999351501465
2024-09-20 00:00:00+00:00,4.545000076293945
2024-09-23 00:00:00+00:00,4.502999782562256
2024-09-24 00:00:00+00:00,4.494999885559082
2024-09-25 00:00:00+00:00,4.486999988555908
2024-09-26 00:00:00+00:00,4.4679999351501465
2024-09-27 00:00:00+00:00,4.48199987411499
2024-09-30 00:00:00+00:00,4.498000144958496
2024-10-01 00:00:00+00:00,4.48199987411499
2024-10-02 00:00:00+00:00,4.4730000495910645
2024-10-03 00:00:00+00:00,4.465000152587891
2024-10-04 00:00:00+00:00,4.505000114440918
2024-10-07 00:00:00+00:00,4.525000095367432
2024-10-08 00:00:00+00:00,4.5279998779296875
2024-10-09 00:00:00+00:00,4.534999847412109
2024-10-10 00:00:00+00:00,4.53000020980835
2024-10-11 00:00:00+00:00,4.514999866485596
2024-10-14 00:00:00+00:00,4.51800012588501
2024-10-15 00:00:00+00:00,4.514999866485596
2024-10-16 00:00:00+00:00,4.502999782562256
2024-10-17 00:00:00+00:00,4.514999866485596
2024-10-18 00:00:00+00:00,4.513000011444092
2024-10-21 00:00:00+00:00,4.51800012588501
2024-10-22 00:00:00+00:00,4.5
2024-10-23 00:00:00+00:00,4.505000114440918
2024-10-24 00:00:00+00:00,4.486999988555908
2024-10-25 00:00:00+00:00,4.510000228881836
2024-10-28 00:00:00+00:00,4.48199987411499
2024-10-29 00:00:00+00:00,4.480000019073486
2024-10-30 00:00:00+00:00,4.4629998207092285
2024-10-31 00:00:00+00:00,4.432000160217285
2024-11-01 00:00:00+00:00,4.400000095367432
2024-11-04 00:00:00+00:00,4.418000221252441
2024-11-05 00:00:00+00:00,4.422999858856201
2024-11-06 00:00:00+00:00,4.429999828338623
2024-11-07 00:00:00+00:00,4.420000076293945
2024-11-08 00:00:00+00:00,4.422999858856201
2024-11-11 00:00:00+00:00,4.414999961853027
2024-11-12 00:00:00+00:00,4.422999858856201
2024-11-13 00:00:00+00:00,4.389999866485596
2024-11-14 00:00:00+00:00,4.382999897003174
2024-11-15 00:00:00+00:00,4.39300012588501
2024-11-18 00:00:00+00:00,4.4029998779296875
2024-11-19 00:00:00+00:00,4.4079999923706055
2024-11-20 00:00:00+00:00,4.409999847412109
2024-11-21 00:00:00+00:00,4.413000106811523
2024-11-22 00:00:00+00:00,4.414999961853027
2024-11-25 00:00:00+00:00,4.40500020980835
2024-11-26 00:00:00+00:00,4.394999980926514
2024-11-27 00:00:00+00:00,4.385000228881836
2024-11-29 00:00:00+00:00,4.373000144958496
2024-12-02 00:00:00+00:00,4.380000114440918
2024-12-03 00:00:00+00:00,4.35699987411499
2024-12-04 00:00:00+00:00,4.34499979019165
2024-12-05 00:00:00+00:00,4.329999923706055
2024-12-06 00:00:00+00:00,4.295000076293945
2024-12-09 00:00:00+00:00,4.293000221252441
2024-12-10 00:00:00+00:00,4.284999847412109
2024-12-11 00:00:00+00:00,4.255000114440918
2024-12-12 00:00:00+00:00,4.2230000495910645
2024-12-13 00:00:00+00:00,4.2179999351501465
2024-12-16 00:00:00+00:00,4.228000164031982
2024-12-17 00:00:00+00:00,4.239999771118164
2024-12-18 00:00:00+00:00,4.23199987411499
2024-12-19 00:00:00+00:00,4.21999979019165
2024-12-20 00:00:00+00:00,4.215000152587891
2024-12-23 00:00:00+00:00,4.215000152587891
2024-12-24 00:00:00+00:00,4.199999809265137
2024-12-26 00:00:00+00:00,4.215000152587891
2024-12-27 00:00:00+00:00,4.177999973297119
2024-12-30 00:00:00+00:00,4.182000160217285
2024-12-31 00:00:00+00:00,4.208000183105469
2025-01-02 00:00:00+00:00,4.208000183105469
2025-01-03 00:00:00+00:00,4.192999839782715
2025-01-06 00:00:00+00:00,4.190000057220459
2025-01-07 00:00:00+00:00,4.203000068664551
2025-01-08 00:00:00+00:00,4.204999923706055
2025-01-10 00:00:00+00:00,4.2129998207092285
2025-01-13 00:00:00+00:00,4.2179999351501465
2025-01-14 00:00:00+00:00,4.2129998207092285
2025-01-15 00:00:00+00:00,4.204999923706055
2025-01-16 00:00:00+00:00,4.195000171661377
2025-01-17 00:00:00+00:00,4.192999839782715
2025-01-21 00:00:00+00:00,4.197000026702881
2025-01-22 00:00:00+00:00,4.215000152587891
2025-01-23 00:00:00+00:00,4.2129998207092285
2025-01-24 00:00:00+00:00,4.204999923706055
2025-01-27 00:00:00+00:00,4.188000202178955
2025-01-28 00:00:00+00:00,4.190000057220459
2025-01-29 00:00:00+00:00,4.188000202178955
2025-01-30 00:00:00+00:00,4.182000160217285
2025-01-31 00:00:00+00:00,4.188000202178955
2025-02-03 00:00:00+00:00,4.190000057220459
2025-02-04 00:00:00+00:00,4.2129998207092285
2025-02-05 00:00:00+00:00,4.210000038146973
2025-02-06 00:00:00+00:00,4.2129998207092285
2025-02-07 00:00:00+00:00,4.228000164031982
2025-02-10 00:00:00+00:00,4.228000164031982
2025-02-11 00:00:00+00:00,4.224999904632568
2025-02-12 00:00:00+00:00,4.228000164031982
2025-02-13 00:00:00+00:00,4.2129998207092285
2025-02-14 00:00:00+00:00,4.2129998207092285
2025-02-18 00:00:00+00:00,4.2129998207092285
2025-02-19 00:00:00+00:00,4.2179999351501465
2025-02-20 00:00:00+00:00,4.204999923706055
2025-02-21 00:00:00+00:00,4.197000026702881
2025-02-24 00:00:00+00:00,4.190000057220459
2025-02-25 00:00:00+00:00,4.182000160217285
2025-02-26 00:00:00+00:00,4.192999839782715
2025-02-27 00:00:00+00:00,4.195000171661377
2025-02-28 00:00:00+00:00,4.192999839782715
2025-03-03 00:00:00+00:00,4.192999839782715
2025-03-04 00:00:00+00:00,4.195000171661377
2025-03-05 00:00:00+00:00,4.204999923706055
2025-03-06 00:00:00+00:00,4.197000026702881
2025-03-07 00:00:00+00:00,4.197000026702881
2025-03-10 00:00:00+00:00,4.184999942779541
2025-03-11 00:00:00+00:00,4.195000171661377
2025-03-12 00:00:00+00:00,4.197000026702881
2025-03-13 00:00:00+00:00,4.188000202178955
2025-03-14 00:00:00+00:00,4.188000202178955
2025-03-17 00:00:00+00:00,4.188000202178955
2025-03-18 00:00:00+00:00,4.195000171661377
2025-03-19 00:00:00+00:00,4.190000057220459
2025-03-20 00:00:00+00:00,4.182000160217285
2025-03-21 00:00:00+00:00,4.184999942779541
2025-03-24 00:00:00+00:00,4.182000160217285
2025-03-25 00:00:00+00:00,4.182000160217285
2025-03-26 00:00:00+00:00,4.190000057220459
2025-03-27 00:00:00+00:00,4.188000202178955
2025-03-28 00:00:00+00:00,4.188000202178955
2025-03-31 00:00:00+00:00,4.192999839782715
2025-04-01 00:00:00+00:00,4.199999809265137
2025-04-02 00:00:00+00:00,4.203000068664551
2025-04-03 00:00:00+00:00,4.184999942779541
2025-04-04 00:00:00+00:00,4.15500020980835
2025-04-07 00:00:00+00:00,4.150000095367432
2025-04-08 00:00:00+00:00,4.177999973297119
2025-04-09 00:00:00+00:00,4.228000164031982
2025-04-10 00:00:00+00:00,4.197000026702881
2025-04-11 00:00:00+00:00,4.2129998207092285
2025-04-14 00:00:00+00:00,4.195000171661377
2025-04-15 00:00:00+00:00,4.199999809265137
2025-04-16 00:00:00+00:00,4.208000183105469
2025-04-17 00:00:00+00:00,4.204999923706055
2025-04-21 00:00:00+00:00,4.210000038146973
2025-04-22 00:00:00+00:00,4.2129998207092285
2025-04-23 00:00:00+00:00,4.208000183105469
2025-04-24 00:00:00+00:00,4.197000026702881
2025-04-25 00:00:00+00:00,4.192999839782715
2025-04-28 00:00:00+00:00,4.192999839782715
2025-04-29 00:00:00+00:00,4.190000057220459
2025-04-30 00:00:00+00:00,4.190000057220459
2025-05-01 00:00:00+00:00,4.184999942779541
2025-05-02 00:00:00+00:00,4.208000183105469
2025-05-05 00:00:00+00:00,4.208000183105469
2025-05-06 00:00:00+00:00,4.210000038146973
2025-05-07 00:00:00+00:00,4.215000152587891
2025-05-08 00:00:00+00:00,4.215000152587891
2025-05-09 00:00:00+00:00,4.215000152587891
2025-05-12 00:00:00+00:00,4.28000020980835
2025-05-13 00:00:00+00:00,4.284999847412109
2025-05-14 00:00:00+00:00,4.284999847412109
2025-05-15 00:00:00+00:00,4.257999897003174
2025-05-16 00:00:00+00:00,4.236999988555908
2025-05-19 00:00:00+00:00,4.239999771118164
2025-05-20 00:00:00+00:00,4.248000144958496
2025-05-21 00:00:00+00:00,4.235000133514404
2025-05-22 00:00:00+00:00,4.23199987411499
2025-05-23 00:00:00+00:00,4.230000019073486
2025-05-27 00:00:00+00:00,4.203000068664551
2025-05-28 00:00:00+00:00,4.224999904632568
2025-05-29 00:00:00+00:00,4.230000019073486
2025-05-30 00:00:00+00:00,4.23199987411499
2025-06-02 00:00:00+00:00,4.23199987411499
2025-06-03 00:00:00+00:00,4.235000133514404
2025-06-04 00:00:00+00:00,4.239999771118164
2025-06-05 00:00:00+00:00,4.23199987411499
2025-06-06 00:00:00+00:00,4.23199987411499
2025-06-09 00:00:00+00:00,4.239999771118164
2025-06-10 00:00:00+00:00,4.25
2025-06-11 00:00:00+00:00,4.25
2025-06-12 00:00:00+00:00,4.257999897003174
2025-06-13 00:00:00+00:00,4.239999771118164
2025-06-16 00:00:00+00:00,4.248000144958496
2025-06-17 00:00:00+00:00,4.2179999351501465
2025-06-18 00:00:00+00:00,4.2230000495910645
2025-06-20 00:00:00+00:00,4.195000171661377
2025-06-23 00:00:00+00:00,4.1579999923706055
2025-06-24 00:00:00+00:00,4.182000160217285
2025-06-25 00:00:00+00:00,4.188000202178955
2025-06-26 00:00:00+00:00,4.192999839782715
2025-06-27 00:00:00+00:00,4.197000026702881
2025-06-30 00:00:00+00:00,4.190000057220459
2025-07-01 00:00:00+00:00,4.224999904632568
2025-07-02 00:00:00+00:00,4.2230000495910645
2025-07-03 00:00:00+00:00,4.239999771118164
2025-07-07 00:00:00+00:00,4.244999885559082
2025-07-08 00:00:00+00:00,4.25
2025-07-09 00:00:00+00:00,4.244999885559082
2025-07-10 00:00:00+00:00,4.239999771118164
2025-07-11 00:00:00+00:00,4.236999988555908
2025-07-14 00:00:00+00:00,4.228000164031982
2025-07-15 00:00:00+00:00,4.23199987411499
2025-07-16 00:00:00+00:00,4.224999904632568
2025-07-17 00:00:00+00:00,4.235000133514404
2025-07-18 00:00:00+00:00,4.230000019073486
2025-07-21 00:00:00+00:00,4.2230000495910645
2025-07-22 00:00:00+00:00,4.230000019073486
2025-07-23 00:00:00+00:00,4.239999771118164
2025-07-24 00:00:00+00:00,4.244999885559082
2025-07-25 00:00:00+00:00,4.244999885559082
2025-07-28 00:00:00+00:00,4.235000133514404
2025-07-29 00:00:00+00:00,4.230000019073486
2025-07-30 00:00:00+00:00,4.23199987411499
2025-07-31 00:00:00+00:00,4.235000133514404
2025-08-01 00:00:00+00:00,4.182000160217285
2025-08-04 00:00:00+00:00,4.1529998779296875
2025-08-05 00:00:00+00:00,4.150000095367432
2025-08-06 00:00:00+00:00,4.132999897003174
2025-08-07 00:00:00+00:00,4.138000011444092
2025-08-08 00:00:00+00:00,4.132999897003174
2025-08-11 00:00:00+00:00,4.14300012588501
2025-08-12 00:00:00+00:00,4.130000114440918
2025-08-13 00:00:00+00:00,4.110000133514404
2025-08-14 00:00:00+00:00,4.111999988555908
2025-08-15 00:00:00+00:00,4.111999988555908
2025-08-18 00:00:00+00:00,4.123000144958496
2025-08-19 00:00:00+00:00,4.110000133514404
2025-08-20 00:00:00+00:00,4.114999771118164
2025-08-21 00:00:00+00:00,4.127999782562256
2025-08-22 00:00:00+00:00,4.0879998207092285
2025-08-25 00:00:00+00:00,4.0929999351501465
2025-08-26 00:00:00+00:00,4.0879998207092285
2025-08-27 00:00:00+00:00,4.059999942779541
2025-08-28 00:00:00+00:00,4.072000026702881
2025-08-29 00:00:00+00:00,4.043000221252441
2025-09-02 00:00:00+00:00,4.0320000648498535
2025-09-03 00:00:00+00:00,4.01800012588501
2025-09-04 00:00:00+00:00,3.997999906539917
2025-09-05 00:00:00+00:00,3.9100000858306885
2025-09-08 00:00:00+00:00,3.927999973297119
2025-09-09 00:00:00+00:00,3.943000078201294
2025-09-10 00:00:00+00:00,3.930000066757202
2025-09-11 00:00:00+00:00,3.927999973297119
2025-09-12 00:00:00+00:00,3.927999973297119
2025-09-15 00:00:00+00:00,3.9000000953674316
2025-09-16 00:00:00+00:00,3.890000104904175
2025-09-17 00:00:00+00:00,3.868000030517578
2025-09-18 00:00:00+00:00,3.880000114440918
2025-09-19 00:00:00+00:00,3.878000020980835
2025-09-22 00:00:00+00:00,3.8480000495910645
2025-09-23 00:00:00+00:00,3.8450000286102295
2025-09-24 00:00:00+00:00,3.8580000400543213
2025-09-25 00:00:00+00:00,3.882999897003174
2025-09-26 00:00:00+00:00,3.859999895095825
2025-09-29 00:00:00+00:00,3.86299991607666
2025-09-30 00:00:00+00:00,3.8450000286102295
2025-10-01 00:00:00+00:00,3.8450000286102295
2025-10-02 00:00:00+00:00,3.8480000495910645
2025-10-03 00:00:00+00:00,3.8580000400543213
2025-10-06 00:00:00+00:00,3.859999895095825
2025-10-07 00:00:00+00:00,3.8429999351501465
2025-10-08 00:00:00+00:00,3.8429999351501465
2025-10-09 00:00:00+00:00,3.8529999256134033
2025-10-10 00:00:00+00:00,3.8529999256134033
2025-10-13 00:00:00+00:00,3.8529999256134033
2025-10-14 00:00:00+00:00,3.8529999256134033
2025-10-15 00:00:00+00:00,3.8580000400543213
2025-10-16 00:00:00+00:00,3.8529999256134033
2025-10-17 00:00:00+00:00,3.8320000171661377
2025-10-20 00:00:00+00:00,3.7980000972747803
2025-10-21 00:00:00+00:00,3.7850000858306885
2025-10-22 00:00:00+00:00,3.7880001068115234
2025-10-23 00:00:00+00:00,3.7880001068115234
2025-10-24 00:00:00+00:00,3.763000011444092
2025-10-27 00:00:00+00:00,3.7179999351501465
2025-10-28 00:00:00+00:00,3.7200000286102295
2025-10-29 00:00:00+00:00,3.7300000190734863
2025-10-30 00:00:00+00:00,3.756999969482422
2025-10-31 00:00:00+00:00,3.7179999351501465
2025-11-03 00:00:00+00:00,3.7829999923706055
2025-11-04 00:00:00+00:00,3.7929999828338623
2025-11-05 00:00:00+00:00,3.7880001068115234
2025-11-06 00:00:00+00:00,3.763000011444092
2025-11-07 00:00:00+00:00,3.756999969482422
2025-11-10 00:00:00+00:00,3.7829999923706055
2025-11-11 00:00:00+00:00,3.7829999923706055
2025-11-12 00:00:00+00:00,3.7780001163482666
2025-11-13 00:00:00+00:00,3.7929999828338623
2025-11-14 00:00:00+00:00,3.7880001068115234
2025-11-17 00:00:00+00:00,3.7720000743865967
2025-11-18 00:00:00+00:00,3.7720000743865967
2025-11-19 00:00:00+00:00,3.7720000743865967
2025-11-20 00:00:00+00:00,3.7750000953674316
2025-11-21 00:00:00+00:00,3.740000009536743
2025-11-24 00:00:00+00:00,3.7300000190734863
2025-11-25 00:00:00+00:00,3.7320001125335693
2025-11-26 00:00:00+00:00,3.753000020980835
2025-11-28 00:00:00+00:00,3.697000026702881
2025-12-01 00:00:00+00:00,3.693000078201294
2025-12-02 00:00:00+00:00,3.671999931335449
2025-12-03 00:00:00+00:00,3.634999990463257
2025-12-04 00:00:00+00:00,3.611999988555908
2025-12-05 00:00:00+00:00,3.6029999256134033
2025-12-08 00:00:00+00:00,3.618000030517578
2025-12-09 00:00:00+00:00,3.631999969482422
2025-12-10 00:00:00+00:00,3.5929999351501465
2025-12-11 00:00:00+00:00,3.568000078201294
2025-12-12 00:00:00+00:00,3.5250000953674316
2025-12-15 00:00:00+00:00,3.5380001068115234
2025-12-16 00:00:00+00:00,3.5450000762939453
2025-12-17 00:00:00+00:00,3.5429999828338623
2025-12-18 00:00:00+00:00,3.5220000743865967
2025-12-19 00:00:00+00:00,3.5220000743865967
2025-12-22 00:00:00+00:00,3.5280001163482666
2025-12-23 00:00:00+00:00,3.546999931335449
2025-12-24 00:00:00+00:00,3.555000066757202
2025-12-26 00:00:00+00:00,3.5429999828338623
2025-12-29 00:00:00+00:00,3.5380001068115234
2025-12-30 00:00:00+00:00,3.5399999618530273
2025-12-31 00:00:00+00:00,3.546999931335449
2026-01-02 00:00:00+00:00,3.5329999923706055
2026-01-05 00:00:00+00:00,3.515000104904175
2026-01-06 00:00:00+00:00,3.5199999809265137
2026-01-07 00:00:00+00:00,3.515000104904175
2026-01-08 00:00:00+00:00,3.506999969482422
2026-01-09 00:00:00+00:00,3.513000011444092
2026-01-12 00:00:00+00:00,3.5329999923706055
2026-01-13 00:00:00+00:00,3.559999942779541
2026-01-14 00:00:00+00:00,3.559999942779541
2026-01-15 00:00:00+00:00,3.565000057220459
2026-01-16 00:00:00+00:00,3.556999921798706
2026-01-20 00:00:00+00:00,3.572000026702881
2026-01-21 00:00:00+00:00,3.5880000591278076
2026-01-22 00:00:00+00:00,3.5880000591278076
2026-01-23 00:00:00+00:00,3.5820000171661377
2026-01-26 00:00:00+00:00,3.575000047683716
2026-01-27 00:00:00+00:00,3.569999933242798
2026-01-28 00:00:00+00:00,3.5820000171661377
2026-01-29 00:00:00+00:00,3.5799999237060547
2026-01-30 00:00:00+00:00,3.572000026702881
2026-02-02 00:00:00+00:00,3.578000068664551
2026-02-03 00:00:00+00:00,3.5899999141693115
2026-02-04 00:00:00+00:00,3.5950000286102295
2026-02-05 00:00:00+00:00,3.578000068664551
2026-02-06 00:00:00+00:00,3.5899999141693115
2026-02-09 00:00:00+00:00,3.5929999351501465
2026-02-10 00:00:00+00:00,3.5899999141693115
2026-02-11 00:00:00+00:00,3.5999999046325684
2026-02-12 00:00:00+00:00,3.5980000495910645
2026-02-13 00:00:00+00:00,3.5929999351501465
2026-02-17 00:00:00+00:00,3.5929999351501465
2026-02-18 00:00:00+00:00,3.6029999256134033
2026-02-19 00:00:00+00:00,3.5950000286102295
2026-02-20 00:00:00+00:00,3.5950000286102295
2026-02-23 00:00:00+00:00,3.5880000591278076
2026-02-24 00:00:00+00:00,3.5880000591278076
2026-02-25 00:00:00+00:00,3.5880000591278076
2026-02-26 00:00:00+00:00,3.5880000591278076
2026-02-27 00:00:00+00:00,3.578000068664551
2026-03-02 00:00:00+00:00,3.5899999141693115
2026-03-03 00:00:00+00:00,3.5950000286102295
2026-03-04 00:00:00+00:00,3.5950000286102295
2026-03-05 00:00:00+00:00,3.5880000591278076
2026-03-06 00:00:00+00:00,3.569999933242798
2026-03-09 00:00:00+00:00,3.5929999351501465
2026-03-10 00:00:00+00:00,3.5950000286102295
2026-03-11 00:00:00+00:00,3.5999999046325684
2026-03-12 00:00:00+00:00,3.6050000190734863
2026-03-13 00:00:00+00:00,3.6029999256134033
2026-03-16 00:00:00+00:00,3.6050000190734863
2026-03-17 00:00:00+00:00,3.6050000190734863
2026-03-18 00:00:00+00:00,3.609999895095825
2026-03-19 00:00:00+00:00,3.611999988555908
2026-03-20 00:00:00+00:00,3.618000030517578
2026-03-23 00:00:00+00:00,3.611999988555908
2026-03-24 00:00:00+00:00,3.619999885559082
2026-03-25 00:00:00+00:00,3.619999885559082
2026-03-26 00:00:00+00:00,3.619999885559082
2026-03-27 00:00:00+00:00,3.6070001125335693
2026-03-30 00:00:00+00:00,3.5980000495910645
2026-03-31 00:00:00+00:00,3.5999999046325684
2026-04-01 00:00:00+00:00,3.6050000190734863
2026-04-02 00:00:00+00:00,3.6070001125335693
2026-04-06 00:00:00+00:00,3.622999906539917
2026-04-07 00:00:00+00:00,3.615000009536743
2026-04-08 00:00:00+00:00,3.5999999046325684
2026-04-09 00:00:00+00:00,3.5880000591278076
2026-04-10 00:00:00+00:00,3.5929999351501465
2026-04-13 00:00:00+00:00,3.6029999256134033
2026-04-14 00:00:00+00:00,3.611999988555908
2026-04-15 00:00:00+00:00,3.611999988555908
2026-04-16 00:00:00+00:00,3.609999895095825
2026-04-17 00:00:00+00:00,3.5999999046325684
2026-04-20 00:00:00+00:00,3.5980000495910645
2026-04-21 00:00:00+00:00,3.5980000495910645
2026-04-22 00:00:00+00:00,3.5950000286102295
2026-04-23 00:00:00+00:00,3.5950000286102295
2026-04-24 00:00:00+00:00,3.5929999351501465
2026-04-27 00:00:00+00:00,3.5899999141693115
2026-04-28 00:00:00+00:00,3.5899999141693115
2026-04-29 00:00:00+00:00,3.5899999141693115
2026-04-30 00:00:00+00:00,3.5850000381469727
2026-05-01 00:00:00+00:00,3.575000047683716
2026-05-04 00:00:00+00:00,3.5899999141693115
2026-05-05 00:00:00+00:00,3.5999999046325684
2026-05-06 00:00:00+00:00,3.5999999046325684
2026-05-07 00:00:00+00:00,3.5980000495910645
2026-05-08 00:00:00+00:00,3.5950000286102295
2026-05-11 00:00:00+00:00,3.5999999046325684
2026-05-12 00:00:00+00:00,3.6029999256134033
2026-05-13 00:00:00+00:00,3.5999999046325684
2026-05-14 00:00:00+00:00,3.5880000591278076
2026-05-15 00:00:00+00:00,3.5880000591278076
2026-05-18 00:00:00+00:00,3.568000078201294
2026-05-19 00:00:00+00:00,3.575000047683716
2026-05-20 00:00:00+00:00,3.556999921798706
2026-05-21 00:00:00+00:00,3.5820000171661377
2026-05-22 00:00:00+00:00,3.5850000381469727
2026-05-26 00:00:00+00:00,3.5820000171661377
2026-05-27 00:00:00+00:00,3.5850000381469727
2026-05-28 00:00:00+00:00,3.5899999141693115
2026-05-29 00:00:00+00:00,3.5880000591278076
2026-06-01 00:00:00+00:00,3.619999885559082
2026-06-02 00:00:00+00:00,3.618000030517578
2026-06-03 00:00:00+00:00,3.622999906539917
2026-06-04 00:00:00+00:00,3.619999885559082
2026-06-05 00:00:00+00:00,3.625
2026-06-08 00:00:00+00:00,3.628000020980835
2026-06-09 00:00:00+00:00,3.634999990463257
2026-06-10 00:00:00+00:00,3.634999990463257
2026-06-11 00:00:00+00:00,3.622999906539917
2026-06-12 00:00:00+00:00,3.618000030517578
2026-06-15 00:00:00+00:00,3.618000030517578
2026-06-16 00:00:00+00:00,3.630000114440918
2026-06-17 00:00:00+00:00,3.6470000743865967
2026-06-18 00:00:00+00:00,3.6579999923706055
2026-06-22 00:00:00+00:00,3.680000066757202
2026-06-23 00:00:00+00:00,3.690000057220459
2026-06-24 00:00:00+00:00,3.690000057220459
2026-06-25 00:00:00+00:00,3.680000066757202
2026-06-26 00:00:00+00:00,3.6630001068115234
2026-06-29 00:00:00+00:00,3.680000066757202
2026-06-30 00:00:00+00:00,3.7320001125335693
2026-07-01 00:00:00+00:00,3.700000047683716
2026-07-02 00:00:00+00:00,3.6679999828338623
2026-07-06 00:00:00+00:00,3.690000057220459
2026-07-07 00:00:00+00:00,3.7249999046325684
2026-07-08 00:00:00+00:00,3.7230000495910645
2026-07-09 00:00:00+00:00,3.681999921798706
2026-07-10 00:00:00+00:00,3.694999933242798
2026-07-13 00:00:00+00:00,3.7279999256134033
2026-07-14 00:00:00+00:00,3.700000047683716
2026-07-15 00:00:00+00:00,3.687999963760376
2026-07-16 00:00:00+00:00,3.697000026702881
2026-07-17 00:00:00+00:00,3.7070000171661377
2026-07-20 00:00:00+00:00,3.7049999237060547
2026-07-21 00:00:00+00:00,3.7300000190734863
2026-07-22 00:00:00+00:00,3.744999885559082
2026-07-23 00:00:00+00:00,3.799999952316284
2026-07-24 00:00:00+00:00,3.805000066757202
2026-07-27 00:00:00+00:00,3.796999931335449
2026-07-28 00:00:00+00:00,3.759999990463257
2026-07-29 00:00:00+00:00,3.6579999923706055
2026-07-30 00:00:00+00:00,3.674999952316284
2026-07-31 00:00:00+00:00,3.681999921798706
2026-08-03 00:00:00+00:00,3.700000047683716
2026-08-04 00:00:00+00:00,3.7300000190734863
2026-08-05 00:00:00+00:00,3.7249999046325684
2026-08-06 00:00:00+00:00,3.7320001125335693
2026-08-07 00:00:00+00:00,3.7100000381469727
2026-08-10 00:00:00+00:00,3.7179999351501465
2026-08-11 00:00:00+00:00,3.7300000190734863
2026-08-12 00:00:00+00:00,3.7070000171661377
2026-08-13 00:00:00+00:00,3.7049999237060547
2026-08-14 00:00:00+00:00,3.697000026702881
2026-08-17 00:00:00+00:00,3.703000068664551
2026-08-18 00:00:00+00:00,3.7049999237060547
2026-08-19 00:00:00+00:00,3.700000047683716
2026-08-20 00:00:00+00:00,3.703000068664551
2026-08-21 00:00:00+00:00,3.7100000381469727
2026-08-24 00:00:00+00:00,3.703000068664551
2026-08-25 00:00:00+00:00,3.7049999237060547
2026-08-26 00:00:00+00:00,3.690000057220459
2026-08-27 00:00:00+00:00,3.677999973297119
2026-08-28 00:00:00+00:00,3.7300000190734863
2026-08-31 00:00:00+00:00,3.7320001125335693
2026-09-01 00:00:00+00:00,3.7720000743865967
2026-09-02 00:00:00+00:00,3.7720000743865967
2026-09-03 00:00:00+00:00,3.740000009536743
2026-09-04 00:00:00+00:00,3.756999969482422
2026-09-08 00:00:00+00:00,3.7750000953674316
2026-09-09 00:00:00+00:00,3.805000066757202
2026-09-10 00:00:00+00:00,3.8450000286102295
2026-09-11 00:00:00+00:00,3.9130001068115234
2026-09-14 00:00:00+00:00,3.934999942779541
2026-09-15 00:00:00+00:00,3.9600000381469727
2026-09-16 00:00:00+00:00,3.9700000286102295
2026-09-17 00:00:00+00:00,3.9649999141693115
2026-09-18 00:00:00+00:00,3.9779999256134033
2026-09-21 00:00:00+00:00,3.9820001125335693
2026-09-22 00:00:00+00:00,4.005000114440918
2026-09-23 00:00:00+00:00,4.0279998779296875
2026-09-24 00:00:00+00:00,4.067999839782715
2026-09-25 00:00:00+00:00,4.070000171661377
2026-09-28 00:00:00+00:00,4.057000160217285
