timestamp,close
1971-01-04 00:00:00+00:00,120.52999877929688
1971-01-05 00:00:00+00:00,120.5199966430664
1971-01-06 00:00:00+00:00,120.48999786376953
1971-01-07 00:00:00+00:00,120.55000305175781
1971-01-08 00:00:00+00:00,120.52999877929688
1971-01-11 00:00:00+00:00,120.52999877929688
1971-01-12 00:00:00+00:00,120.48999786376953
1971-01-13 00:00:00+00:00,120.47000122070312
1971-01-14 00:00:00+00:00,120.44000244140625
1971-01-15 00:00:00+00:00,120.44000244140625
1971-01-18 00:00:00+00:00,120.41000366210938
1971-01-19 00:00:00+00:00,120.37000274658203
1971-01-20 00:00:00+00:00,120.33999633789062
1971-01-21 00:00:00+00:00,120.33000183105469
1971-01-22 00:00:00+00:00,120.30999755859375
1971-01-25 00:00:00+00:00,120.2699966430664
1971-01-26 00:00:00+00:00,120.26000213623047
1971-01-27 00:00:00+00:00,120.25
1971-01-28 00:00:00+00:00,120.25
1971-01-29 00:00:00+00:00,120.23999786376953
1971-02-01 00:00:00+00:00,120.26000213623047
1971-02-02 00:00:00+00:00,120.27999877929688
1971-02-03 00:00:00+00:00,120.23999786376953
1971-02-04 00:00:00+00:00,120.23999786376953
1971-02-05 00:00:00+00:00,120.26000213623047
1971-02-08 00:00:00+00:00,120.26000213623047
1971-02-09 00:00:00+00:00,120.25
1971-02-10 00:00:00+00:00,120.27999877929688
1971-02-11 00:00:00+00:00,120.29000091552734
1971-02-16 00:00:00+00:00,120.22000122070312
1971-02-17 00:00:00+00:00,120.20999908447266
1971-02-18 00:00:00+00:00,120.20999908447266
1971-02-19 00:00:00+00:00,120.18000030517578
1971-02-22 00:00:00+00:00,120.13999938964844
1971-02-23 00:00:00+00:00,120.12000274658203
1971-02-24 00:00:00+00:00,120.18000030517578
1971-02-25 00:00:00+00:00,120.19999694824219
1971-02-26 00:00:00+00:00,120.26000213623047
1971-03-01 00:00:00+00:00,120.25
1971-03-02 00:00:00+00:00,120.20999908447266
1971-03-03 00:00:00+00:00,120.19000244140625
1971-03-04 00:00:00+00:00,120.19999694824219
1971-03-05 00:00:00+00:00,120.16999816894531
1971-03-08 00:00:00+00:00,120.12999725341797
1971-03-09 00:00:00+00:00,120.13999938964844
1971-03-10 00:00:00+00:00,120.13999938964844
1971-03-11 00:00:00+00:00,120.16000366210938
1971-03-12 00:00:00+00:00,120.18000030517578
1971-03-15 00:00:00+00:00,120.19000244140625
1971-03-16 00:00:00+00:00,120.19000244140625
1971-03-17 00:00:00+00:00,120.16000366210938
1971-03-18 00:00:00+00:00,120.18000030517578
1971-03-19 00:00:00+00:00,120.18000030517578
1971-03-22 00:00:00+00:00,120.18000030517578
1971-03-23 00:00:00+00:00,120.16999816894531
1971-03-24 00:00:00+00:00,120.16000366210938
1971-03-25 00:00:00+00:00,120.16999816894531
1971-03-26 00:00:00+00:00,120.16999816894531
1971-03-29 00:00:00+00:00,120.18000030517578
1971-03-30 00:00:00+00:00,120.18000030517578
1971-03-31 00:00:00+00:00,120.16999816894531
1971-04-01 00:00:00+00:00,120.18000030517578
1971-04-02 00:00:00+00:00,120.18000030517578
1971-04-05 00:00:00+00:00,120.19000244140625
1971-04-06 00:00:00+00:00,120.16000366210938
1971-04-07 00:00:00+00:00,120.19999694824219
1971-04-08 00:00:00+00:00,120.22000122070312
1971-04-12 00:00:00+00:00,120.22000122070312
1971-04-13 00:00:00+00:00,120.30999755859375
1971-04-14 00:00:00+00:00,120.29000091552734
1971-04-15 00:00:00+00:00,120.2300033569336
1971-04-16 00:00:00+00:00,120.2300033569336
1971-04-19 00:00:00+00:00,120.29000091552734
1971-04-20 00:00:00+00:00,120.2699966430664
1971-04-21 00:00:00+00:00,120.2300033569336
1971-04-22 00:00:00+00:00,120.2300033569336
1971-04-23 00:00:00+00:00,120.2699966430664
1971-04-26 00:00:00+00:00,120.2699966430664
1971-04-27 00:00:00+00:00,120.25
1971-04-28 00:00:00+00:00,120.18000030517578
1971-04-29 00:00:00+00:00,120.18000030517578
1971-04-30 00:00:00+00:00,120.19000244140625
1971-05-03 00:00:00+00:00,120.16999816894531
1971-05-04 00:00:00+00:00,120.16000366210938
1971-05-05 00:00:00+00:00,119.6500015258789
1971-05-06 00:00:00+00:00,119.62000274658203
1971-05-07 00:00:00+00:00,119.44000244140625
1971-05-10 00:00:00+00:00,119.12000274658203
1971-05-11 00:00:00+00:00,119.55999755859375
1971-05-12 00:00:00+00:00,119.45999908447266
1971-05-13 00:00:00+00:00,119.2699966430664
1971-05-14 00:00:00+00:00,119.33999633789062
1971-05-17 00:00:00+00:00,119.33000183105469
1971-05-18 00:00:00+00:00,119.30999755859375
1971-05-19 00:00:00+00:00,119.19999694824219
1971-05-20 00:00:00+00:00,118.98999786376953
1971-05-21 00:00:00+00:00,118.91000366210938
1971-05-24 00:00:00+00:00,118.9800033569336
1971-05-25 00:00:00+00:00,119.26000213623047
1971-05-26 00:00:00+00:00,119.33000183105469
1971-05-27 00:00:00+00:00,119.3499984741211
1971-05-28 00:00:00+00:00,119.43000030517578
1971-06-01 00:00:00+00:00,119.69000244140625
1971-06-02 00:00:00+00:00,119.5
1971-06-03 00:00:00+00:00,119.31999969482422
1971-06-04 00:00:00+00:00,119.2699966430664
1971-06-07 00:00:00+00:00,119.2300033569336
1971-06-08 00:00:00+00:00,119.25
1971-06-09 00:00:00+00:00,119.19000244140625
1971-06-10 00:00:00+00:00,119.23999786376953
1971-06-11 00:00:00+00:00,119.23999786376953
1971-06-14 00:00:00+00:00,119.29000091552734
1971-06-15 00:00:00+00:00,119.33999633789062
1971-06-16 00:00:00+00:00,119.30999755859375
1971-06-17 00:00:00+00:00,119.31999969482422
1971-06-18 00:00:00+00:00,119.29000091552734
1971-06-21 00:00:00+00:00,119.31999969482422
1971-06-22 00:00:00+00:00,119.27999877929688
1971-06-23 00:00:00+00:00,119.16000366210938
1971-06-24 00:00:00+00:00,119.19000244140625
1971-06-25 00:00:00+00:00,119.20999908447266
1971-06-28 00:00:00+00:00,119.25
1971-06-29 00:00:00+00:00,119.20999908447266
1971-06-30 00:00:00+00:00,119.16000366210938
1971-07-01 00:00:00+00:00,119.16999816894531
1971-07-02 00:00:00+00:00,119.16000366210938
1971-07-06 00:00:00+00:00,119.20999908447266
1971-07-07 00:00:00+00:00,119.18000030517578
1971-07-08 00:00:00+00:00,119.18000030517578
1971-07-09 00:00:00+00:00,119.16999816894531
1971-07-12 00:00:00+00:00,119.16999816894531
1971-07-13 00:00:00+00:00,119.16000366210938
1971-07-14 00:00:00+00:00,119.05000305175781
1971-07-15 00:00:00+00:00,119.01000213623047
1971-07-16 00:00:00+00:00,118.91999816894531
1971-07-19 00:00:00+00:00,118.91999816894531
1971-07-20 00:00:00+00:00,118.91000366210938
1971-07-21 00:00:00+00:00,118.8499984741211
1971-07-22 00:00:00+00:00,118.79000091552734
1971-07-23 00:00:00+00:00,118.76000213623047
1971-07-26 00:00:00+00:00,118.80000305175781
1971-07-27 00:00:00+00:00,118.80999755859375
1971-07-28 00:00:00+00:00,118.83000183105469
1971-07-29 00:00:00+00:00,118.79000091552734
1971-07-30 00:00:00+00:00,118.76000213623047
1971-08-02 00:00:00+00:00,118.79000091552734
1971-08-03 00:00:00+00:00,118.80999755859375
1971-08-04 00:00:00+00:00,118.61000061035156
1971-08-05 00:00:00+00:00,118.54000091552734
1971-08-06 00:00:00+00:00,118.58000183105469
1971-08-09 00:00:00+00:00,118.02999877929688
1971-08-10 00:00:00+00:00,118.0999984741211
1971-08-11 00:00:00+00:00,118.04000091552734
1971-08-12 00:00:00+00:00,117.81999969482422
1971-08-13 00:00:00+00:00,117.83999633789062
1971-08-16 00:00:00+00:00,117.83999633789062
1971-08-17 00:00:00+00:00,117.83999633789062
1971-08-18 00:00:00+00:00,117.83999633789062
1971-08-19 00:00:00+00:00,117.83999633789062
1971-08-20 00:00:00+00:00,117.83999633789062
1971-08-23 00:00:00+00:00,117.83999633789062
1971-08-24 00:00:00+00:00,117.83999633789062
1971-08-25 00:00:00+00:00,117.83999633789062
1971-08-26 00:00:00+00:00,117.83999633789062
1971-08-27 00:00:00+00:00,117.83999633789062
1971-08-30 00:00:00+00:00,117.83999633789062
1971-08-31 00:00:00+00:00,116.47000122070312
1971-09-01 00:00:00+00:00,116.58000183105469
1971-09-02 00:00:00+00:00,116.3499984741211
1971-09-03 00:00:00+00:00,116.37999725341797
1971-09-07 00:00:00+00:00,116.41999816894531
1971-09-08 00:00:00+00:00,116.41999816894531
1971-09-09 00:00:00+00:00,116.38999938964844
1971-09-10 00:00:00+00:00,116.31999969482422
1971-09-13 00:00:00+00:00,116.29000091552734
1971-09-14 00:00:00+00:00,116.02999877929688
1971-09-15 00:00:00+00:00,115.94999694824219
1971-09-16 00:00:00+00:00,115.93000030517578
1971-09-17 00:00:00+00:00,115.91000366210938
1971-09-20 00:00:00+00:00,115.5199966430664
1971-09-21 00:00:00+00:00,115.55999755859375
1971-09-22 00:00:00+00:00,115.41999816894531
1971-09-23 00:00:00+00:00,115.02999877929688
1971-09-24 00:00:00+00:00,114.95999908447266
1971-09-27 00:00:00+00:00,115.02999877929688
1971-09-28 00:00:00+00:00,115.05999755859375
1971-09-29 00:00:00+00:00,114.93000030517578
1971-09-30 00:00:00+00:00,114.93000030517578
1971-10-01 00:00:00+00:00,114.80999755859375
1971-10-04 00:00:00+00:00,114.83999633789062
1971-10-05 00:00:00+00:00,114.83000183105469
1971-10-06 00:00:00+00:00,114.73999786376953
1971-10-07 00:00:00+00:00,114.70999908447266
1971-10-08 00:00:00+00:00,114.69999694824219
1971-10-12 00:00:00+00:00,114.66000366210938
1971-10-13 00:00:00+00:00,114.76000213623047
1971-10-14 00:00:00+00:00,114.87999725341797
1971-10-15 00:00:00+00:00,114.81999969482422
1971-10-18 00:00:00+00:00,114.63999938964844
1971-10-19 00:00:00+00:00,114.66000366210938
1971-10-20 00:00:00+00:00,114.62000274658203
1971-10-21 00:00:00+00:00,114.58000183105469
1971-10-22 00:00:00+00:00,114.5999984741211
1971-10-26 00:00:00+00:00,114.52999877929688
1971-10-27 00:00:00+00:00,114.63999938964844
1971-10-28 00:00:00+00:00,114.5999984741211
1971-10-29 00:00:00+00:00,114.6500015258789
1971-11-01 00:00:00+00:00,114.62999725341797
1971-11-03 00:00:00+00:00,114.62000274658203
1971-11-04 00:00:00+00:00,114.68000030517578
1971-11-05 00:00:00+00:00,114.56999969482422
1971-11-08 00:00:00+00:00,114.62000274658203
1971-11-09 00:00:00+00:00,114.63999938964844
1971-11-10 00:00:00+00:00,114.68000030517578
1971-11-11 00:00:00+00:00,114.63999938964844
1971-11-12 00:00:00+00:00,114.58999633789062
1971-11-15 00:00:00+00:00,114.54000091552734
1971-11-16 00:00:00+00:00,114.54000091552734
1971-11-17 00:00:00+00:00,114.54000091552734
1971-11-18 00:00:00+00:00,114.58000183105469
1971-11-19 00:00:00+00:00,114.37000274658203
1971-11-22 00:00:00+00:00,114.30999755859375
1971-11-23 00:00:00+00:00,114.19000244140625
1971-11-24 00:00:00+00:00,113.9800033569336
1971-11-26 00:00:00+00:00,113.93000030517578
1971-11-29 00:00:00+00:00,113.93000030517578
1971-11-30 00:00:00+00:00,114.01000213623047
1971-12-01 00:00:00+00:00,113.86000061035156
1971-12-02 00:00:00+00:00,113.58000183105469
1971-12-03 00:00:00+00:00,113.25
1971-12-06 00:00:00+00:00,113.11000061035156
1971-12-07 00:00:00+00:00,113.12999725341797
1971-12-08 00:00:00+00:00,113.04000091552734
1971-12-09 00:00:00+00:00,112.97000122070312
1971-12-10 00:00:00+00:00,112.94000244140625
1971-12-13 00:00:00+00:00,112.93000030517578
1971-12-14 00:00:00+00:00,112.69000244140625
1971-12-15 00:00:00+00:00,112.55000305175781
1971-12-16 00:00:00+00:00,112.52999877929688
1971-12-17 00:00:00+00:00,112.37999725341797
1971-12-21 00:00:00+00:00,111.16000366210938
1971-12-22 00:00:00+00:00,111.18000030517578
1971-12-23 00:00:00+00:00,111.2699966430664
1971-12-24 00:00:00+00:00,111.29000091552734
1971-12-27 00:00:00+00:00,111.38999938964844
1971-12-28 00:00:00+00:00,111.44999694824219
1971-12-29 00:00:00+00:00,111.47000122070312
1971-12-30 00:00:00+00:00,111.20999908447266
1972-01-03 00:00:00+00:00,111.19000244140625
1972-01-04 00:00:00+00:00,111.2699966430664
1972-01-05 00:00:00+00:00,111.22000122070312
1972-01-06 00:00:00+00:00,111.0199966430664
1972-01-07 00:00:00+00:00,111.04000091552734
1972-01-10 00:00:00+00:00,110.94000244140625
1972-01-11 00:00:00+00:00,110.97000122070312
1972-01-12 00:00:00+00:00,110.68000030517578
1972-01-13 00:00:00+00:00,110.44000244140625
1972-01-14 00:00:00+00:00,110.02999877929688
1972-01-17 00:00:00+00:00,109.86000061035156
1972-01-18 00:00:00+00:00,110.0199966430664
1972-01-19 00:00:00+00:00,109.94000244140625
1972-01-20 00:00:00+00:00,109.97000122070312
1972-01-21 00:00:00+00:00,110.04000091552734
1972-01-24 00:00:00+00:00,109.86000061035156
1972-01-25 00:00:00+00:00,109.69000244140625
1972-01-26 00:00:00+00:00,109.70999908447266
1972-01-27 00:00:00+00:00,109.6500015258789
1972-01-28 00:00:00+00:00,109.6500015258789
1972-01-31 00:00:00+00:00,109.5999984741211
1972-02-01 00:00:00+00:00,109.43000030517578
1972-02-02 00:00:00+00:00,109.01000213623047
1972-02-03 00:00:00+00:00,109.13999938964844
1972-02-04 00:00:00+00:00,109.3499984741211
1972-02-07 00:00:00+00:00,109.19999694824219
1972-02-08 00:00:00+00:00,109.16999816894531
1972-02-09 00:00:00+00:00,108.93000030517578
1972-02-10 00:00:00+00:00,108.88999938964844
1972-02-11 00:00:00+00:00,108.9000015258789
1972-02-14 00:00:00+00:00,108.94000244140625
1972-02-15 00:00:00+00:00,108.93000030517578
1972-02-16 00:00:00+00:00,108.55999755859375
1972-02-17 00:00:00+00:00,108.66000366210938
1972-02-18 00:00:00+00:00,108.5999984741211
1972-02-22 00:00:00+00:00,108.66999816894531
1972-02-23 00:00:00+00:00,108.62000274658203
1972-02-24 00:00:00+00:00,108.56999969482422
1972-02-25 00:00:00+00:00,108.7699966430664
1972-02-28 00:00:00+00:00,108.80000305175781
1972-02-29 00:00:00+00:00,108.68000030517578
1972-03-01 00:00:00+00:00,108.6500015258789
1972-03-02 00:00:00+00:00,108.63999938964844
1972-03-03 00:00:00+00:00,108.58000183105469
1972-03-06 00:00:00+00:00,108.37000274658203
1972-03-07 00:00:00+00:00,108.19999694824219
1972-03-08 00:00:00+00:00,108.01000213623047
1972-03-09 00:00:00+00:00,107.76000213623047
1972-03-10 00:00:00+00:00,107.9000015258789
1972-03-13 00:00:00+00:00,108.12000274658203
1972-03-14 00:00:00+00:00,108.12999725341797
1972-03-15 00:00:00+00:00,108.19999694824219
1972-03-16 00:00:00+00:00,108.22000122070312
1972-03-17 00:00:00+00:00,109.19000244140625
1972-03-20 00:00:00+00:00,108.51000213623047
1972-03-21 00:00:00+00:00,108.27999877929688
1972-03-22 00:00:00+00:00,108.33999633789062
1972-03-23 00:00:00+00:00,108.5
1972-03-24 00:00:00+00:00,108.6500015258789
1972-03-27 00:00:00+00:00,108.45999908447266
1972-03-28 00:00:00+00:00,108.37999725341797
1972-03-29 00:00:00+00:00,108.37999725341797
1972-03-30 00:00:00+00:00,108.37000274658203
1972-03-31 00:00:00+00:00,108.4000015258789
1972-04-03 00:00:00+00:00,108.4000015258789
1972-04-04 00:00:00+00:00,108.4800033569336
1972-04-05 00:00:00+00:00,108.5
1972-04-06 00:00:00+00:00,108.52999877929688
1972-04-07 00:00:00+00:00,108.45999908447266
1972-04-10 00:00:00+00:00,108.2699966430664
1972-04-11 00:00:00+00:00,108.4000015258789
1972-04-12 00:00:00+00:00,108.38999938964844
1972-04-13 00:00:00+00:00,108.66000366210938
1972-04-14 00:00:00+00:00,108.54000091552734
1972-04-17 00:00:00+00:00,108.55000305175781
1972-04-18 00:00:00+00:00,108.77999877929688
1972-04-19 00:00:00+00:00,108.8499984741211
1972-04-20 00:00:00+00:00,108.62999725341797
1972-04-21 00:00:00+00:00,108.6500015258789
1972-04-24 00:00:00+00:00,108.62000274658203
1972-04-25 00:00:00+00:00,108.55999755859375
1972-04-26 00:00:00+00:00,108.58999633789062
1972-04-27 00:00:00+00:00,108.58999633789062
1972-04-28 00:00:00+00:00,108.62000274658203
1972-05-01 00:00:00+00:00,108.58000183105469
1972-05-02 00:00:00+00:00,108.58000183105469
1972-05-03 00:00:00+00:00,108.54000091552734
1972-05-04 00:00:00+00:00,108.48999786376953
1972-05-05 00:00:00+00:00,108.5199966430664
1972-05-08 00:00:00+00:00,108.5199966430664
1972-05-09 00:00:00+00:00,108.38999938964844
1972-05-10 00:00:00+00:00,108.2699966430664
1972-05-11 00:00:00+00:00,108.33000183105469
1972-05-12 00:00:00+00:00,108.37000274658203
1972-05-15 00:00:00+00:00,108.45999908447266
1972-05-16 00:00:00+00:00,108.5199966430664
1972-05-17 00:00:00+00:00,108.38999938964844
1972-05-18 00:00:00+00:00,108.37999725341797
1972-05-19 00:00:00+00:00,108.37999725341797
1972-05-22 00:00:00+00:00,108.37000274658203
1972-05-23 00:00:00+00:00,108.33999633789062
1972-05-24 00:00:00+00:00,108.25
1972-05-25 00:00:00+00:00,108.30999755859375
1972-05-26 00:00:00+00:00,108.29000091552734
1972-05-30 00:00:00+00:00,108.2699966430664
1972-05-31 00:00:00+00:00,108.16999816894531
1972-06-01 00:00:00+00:00,108.12000274658203
1972-06-02 00:00:00+00:00,108.11000061035156
1972-06-05 00:00:00+00:00,108.12999725341797
1972-06-06 00:00:00+00:00,108.16000366210938
1972-06-07 00:00:00+00:00,108.11000061035156
1972-06-08 00:00:00+00:00,108.06999969482422
1972-06-09 00:00:00+00:00,108.05000305175781
1972-06-12 00:00:00+00:00,108.05999755859375
1972-06-13 00:00:00+00:00,107.9800033569336
1972-06-14 00:00:00+00:00,107.97000122070312
1972-06-15 00:00:00+00:00,108.0199966430664
1972-06-16 00:00:00+00:00,108.19999694824219
1972-06-19 00:00:00+00:00,108.25
1972-06-20 00:00:00+00:00,108.44999694824219
1972-06-21 00:00:00+00:00,108.55999755859375
1972-06-22 00:00:00+00:00,108.7699966430664
1972-06-23 00:00:00+00:00,108.22000122070312
1972-06-26 00:00:00+00:00,108.36000061035156
1972-06-27 00:00:00+00:00,108.55999755859375
1972-06-28 00:00:00+00:00,108.18000030517578
1972-06-29 00:00:00+00:00,108.47000122070312
1972-06-30 00:00:00+00:00,108.51000213623047
1972-07-03 00:00:00+00:00,108.61000061035156
1972-07-05 00:00:00+00:00,108.51000213623047
1972-07-06 00:00:00+00:00,108.5999984741211
1972-07-07 00:00:00+00:00,108.58000183105469
1972-07-10 00:00:00+00:00,108.58999633789062
1972-07-11 00:00:00+00:00,108.61000061035156
1972-07-12 00:00:00+00:00,108.5199966430664
1972-07-13 00:00:00+00:00,108.45999908447266
1972-07-14 00:00:00+00:00,108.4800033569336
1972-07-17 00:00:00+00:00,108.52999877929688
1972-07-18 00:00:00+00:00,108.56999969482422
1972-07-19 00:00:00+00:00,108.70999908447266
1972-07-20 00:00:00+00:00,108.66999816894531
1972-07-21 00:00:00+00:00,108.72000122070312
1972-07-24 00:00:00+00:00,108.79000091552734
1972-07-25 00:00:00+00:00,108.76000213623047
1972-07-26 00:00:00+00:00,108.7300033569336
1972-07-27 00:00:00+00:00,108.7300033569336
1972-07-28 00:00:00+00:00,108.76000213623047
1972-07-31 00:00:00+00:00,108.76000213623047
1972-08-01 00:00:00+00:00,108.7699966430664
1972-08-02 00:00:00+00:00,108.81999969482422
1972-08-03 00:00:00+00:00,108.79000091552734
1972-08-04 00:00:00+00:00,108.76000213623047
1972-08-07 00:00:00+00:00,108.76000213623047
1972-08-08 00:00:00+00:00,108.7699966430664
1972-08-09 00:00:00+00:00,108.77999877929688
1972-08-10 00:00:00+00:00,108.80000305175781
1972-08-11 00:00:00+00:00,108.80999755859375
1972-08-14 00:00:00+00:00,108.79000091552734
1972-08-15 00:00:00+00:00,108.81999969482422
1972-08-16 00:00:00+00:00,108.88999938964844
1972-08-17 00:00:00+00:00,108.95999908447266
1972-08-18 00:00:00+00:00,108.95999908447266
1972-08-21 00:00:00+00:00,109.02999877929688
1972-08-22 00:00:00+00:00,108.95999908447266
1972-08-23 00:00:00+00:00,108.9000015258789
1972-08-24 00:00:00+00:00,108.91000366210938
1972-08-25 00:00:00+00:00,108.98999786376953
1972-08-28 00:00:00+00:00,108.95999908447266
1972-09-01 00:00:00+00:00,108.9800033569336
1972-09-05 00:00:00+00:00,109.0
1972-09-06 00:00:00+00:00,108.95999908447266
1972-09-07 00:00:00+00:00,108.91000366210938
1972-09-08 00:00:00+00:00,108.94999694824219
1972-09-11 00:00:00+00:00,108.98999786376953
1972-09-12 00:00:00+00:00,108.98999786376953
1972-09-13 00:00:00+00:00,108.95999908447266
1972-09-14 00:00:00+00:00,108.97000122070312
1972-09-15 00:00:00+00:00,109.0
1972-09-18 00:00:00+00:00,109.05999755859375
1972-09-19 00:00:00+00:00,109.0999984741211
1972-09-20 00:00:00+00:00,109.05999755859375
1972-09-21 00:00:00+00:00,109.05999755859375
1972-09-22 00:00:00+00:00,109.08999633789062
1972-09-25 00:00:00+00:00,109.12000274658203
1972-09-26 00:00:00+00:00,109.19000244140625
1972-09-27 00:00:00+00:00,109.19999694824219
1972-09-28 00:00:00+00:00,109.33000183105469
1972-09-29 00:00:00+00:00,109.38999938964844
1972-10-02 00:00:00+00:00,109.51000213623047
1972-10-03 00:00:00+00:00,109.54000091552734
1972-10-04 00:00:00+00:00,109.36000061035156
1972-10-05 00:00:00+00:00,109.22000122070312
1972-10-06 00:00:00+00:00,109.25
1972-10-10 00:00:00+00:00,109.3499984741211
1972-10-11 00:00:00+00:00,109.43000030517578
1972-10-12 00:00:00+00:00,109.47000122070312
1972-10-13 00:00:00+00:00,109.4800033569336
1972-10-16 00:00:00+00:00,109.55000305175781
1972-10-17 00:00:00+00:00,109.5199966430664
1972-10-18 00:00:00+00:00,109.47000122070312
1972-10-19 00:00:00+00:00,109.5199966430664
1972-10-20 00:00:00+00:00,109.54000091552734
1972-10-24 00:00:00+00:00,109.7699966430664
1972-10-25 00:00:00+00:00,109.77999877929688
1972-10-26 00:00:00+00:00,109.93000030517578
1972-10-27 00:00:00+00:00,109.9000015258789
1972-10-30 00:00:00+00:00,109.9800033569336
1972-10-31 00:00:00+00:00,109.9000015258789
1972-11-01 00:00:00+00:00,109.75
1972-11-02 00:00:00+00:00,109.7300033569336
1972-11-03 00:00:00+00:00,109.77999877929688
1972-11-06 00:00:00+00:00,109.80999755859375
1972-11-08 00:00:00+00:00,109.87000274658203
1972-11-09 00:00:00+00:00,109.9000015258789
1972-11-10 00:00:00+00:00,109.88999938964844
1972-11-13 00:00:00+00:00,109.9000015258789
1972-11-14 00:00:00+00:00,109.91000366210938
1972-11-15 00:00:00+00:00,109.83999633789062
1972-11-16 00:00:00+00:00,109.81999969482422
1972-11-17 00:00:00+00:00,109.91000366210938
1972-11-20 00:00:00+00:00,109.93000030517578
1972-11-21 00:00:00+00:00,109.9000015258789
1972-11-22 00:00:00+00:00,109.88999938964844
1972-11-24 00:00:00+00:00,109.9000015258789
1972-11-27 00:00:00+00:00,109.81999969482422
1972-11-28 00:00:00+00:00,109.88999938964844
1972-11-29 00:00:00+00:00,109.86000061035156
1972-11-30 00:00:00+00:00,109.8499984741211
1972-12-01 00:00:00+00:00,109.87000274658203
1972-12-04 00:00:00+00:00,109.93000030517578
1972-12-05 00:00:00+00:00,109.94999694824219
1972-12-06 00:00:00+00:00,109.9800033569336
1972-12-07 00:00:00+00:00,110.01000213623047
1972-12-08 00:00:00+00:00,110.04000091552734
1972-12-11 00:00:00+00:00,110.06999969482422
1972-12-12 00:00:00+00:00,110.08999633789062
1972-12-13 00:00:00+00:00,110.0199966430664
1972-12-14 00:00:00+00:00,110.04000091552734
1972-12-15 00:00:00+00:00,110.06999969482422
1972-12-18 00:00:00+00:00,110.19999694824219
1972-12-19 00:00:00+00:00,110.19999694824219
1972-12-20 00:00:00+00:00,110.0999984741211
1972-12-21 00:00:00+00:00,110.01000213623047
1972-12-22 00:00:00+00:00,110.05999755859375
1972-12-26 00:00:00+00:00,110.08999633789062
1972-12-27 00:00:00+00:00,110.1500015258789
1972-12-29 00:00:00+00:00,110.13999938964844
1973-01-02 00:00:00+00:00,110.19999694824219
1973-01-03 00:00:00+00:00,110.25
1973-01-04 00:00:00+00:00,110.25
1973-01-05 00:00:00+00:00,110.26000213623047
1973-01-08 00:00:00+00:00,110.2699966430664
1973-01-09 00:00:00+00:00,110.22000122070312
1973-01-10 00:00:00+00:00,110.08000183105469
1973-01-11 00:00:00+00:00,110.12000274658203
1973-01-12 00:00:00+00:00,110.16000366210938
1973-01-15 00:00:00+00:00,110.25
1973-01-16 00:00:00+00:00,110.2699966430664
1973-01-17 00:00:00+00:00,110.2300033569336
1973-01-18 00:00:00+00:00,110.2699966430664
1973-01-19 00:00:00+00:00,110.30999755859375
1973-01-22 00:00:00+00:00,109.94000244140625
1973-01-23 00:00:00+00:00,109.98999786376953
1973-01-24 00:00:00+00:00,109.77999877929688
1973-01-26 00:00:00+00:00,109.66999816894531
1973-01-29 00:00:00+00:00,109.26000213623047
1973-01-30 00:00:00+00:00,109.0
1973-01-31 00:00:00+00:00,109.01000213623047
1973-02-01 00:00:00+00:00,108.79000091552734
1973-02-02 00:00:00+00:00,109.05000305175781
1973-02-05 00:00:00+00:00,108.95999908447266
1973-02-06 00:00:00+00:00,108.9000015258789
1973-02-07 00:00:00+00:00,108.80000305175781
1973-02-08 00:00:00+00:00,108.70999908447266
1973-02-09 00:00:00+00:00,108.41000366210938
1973-02-13 00:00:00+00:00,103.18000030517578
1973-02-14 00:00:00+00:00,101.62000274658203
1973-02-15 00:00:00+00:00,102.33999633789062
1973-02-16 00:00:00+00:00,102.33000183105469
1973-02-20 00:00:00+00:00,102.73999786376953
1973-02-21 00:00:00+00:00,102.58999633789062
1973-02-22 00:00:00+00:00,101.69000244140625
1973-02-23 00:00:00+00:00,100.80000305175781
1973-02-26 00:00:00+00:00,101.1500015258789
1973-02-27 00:00:00+00:00,100.75
1973-02-28 00:00:00+00:00,100.12999725341797
1973-03-01 00:00:00+00:00,99.69000244140625
1973-03-02 00:00:00+00:00,98.72000122070312
1973-03-05 00:00:00+00:00,99.72000122070312
1973-03-06 00:00:00+00:00,99.55999755859375
1973-03-07 00:00:00+00:00,99.43000030517578
1973-03-08 00:00:00+00:00,99.05999755859375
1973-03-09 00:00:00+00:00,99.22000122070312
1973-03-12 00:00:00+00:00,99.22000122070312
1973-03-13 00:00:00+00:00,99.63999938964844
1973-03-14 00:00:00+00:00,99.76000213623047
1973-03-15 00:00:00+00:00,99.58999633789062
1973-03-16 00:00:00+00:00,100.37000274658203
1973-03-19 00:00:00+00:00,100.58000183105469
1973-03-20 00:00:00+00:00,100.44000244140625
1973-03-21 00:00:00+00:00,100.5199966430664
1973-03-22 00:00:00+00:00,100.58999633789062
1973-03-23 00:00:00+00:00,100.69000244140625
1973-03-26 00:00:00+00:00,100.62000274658203
1973-03-27 00:00:00+00:00,100.58000183105469
1973-03-28 00:00:00+00:00,100.70999908447266
1973-03-29 00:00:00+00:00,100.87000274658203
1973-03-30 00:00:00+00:00,101.16999816894531
1973-04-02 00:00:00+00:00,101.45999908447266
1973-04-03 00:00:00+00:00,101.69000244140625
1973-04-04 00:00:00+00:00,101.04000091552734
1973-04-05 00:00:00+00:00,100.97000122070312
1973-04-06 00:00:00+00:00,101.16000366210938
1973-04-09 00:00:00+00:00,101.2300033569336
1973-04-10 00:00:00+00:00,101.20999908447266
1973-04-11 00:00:00+00:00,101.02999877929688
1973-04-12 00:00:00+00:00,101.11000061035156
1973-04-13 00:00:00+00:00,101.16000366210938
1973-04-16 00:00:00+00:00,101.37000274658203
1973-04-17 00:00:00+00:00,101.08999633789062
1973-04-18 00:00:00+00:00,101.18000030517578
1973-04-19 00:00:00+00:00,101.27999877929688
1973-04-20 00:00:00+00:00,101.29000091552734
1973-04-23 00:00:00+00:00,101.27999877929688
1973-04-24 00:00:00+00:00,101.44000244140625
1973-04-25 00:00:00+00:00,101.36000061035156
1973-04-26 00:00:00+00:00,101.51000213623047
1973-04-27 00:00:00+00:00,101.47000122070312
1973-04-30 00:00:00+00:00,101.43000030517578
1973-05-01 00:00:00+00:00,101.4000015258789
1973-05-02 00:00:00+00:00,101.37000274658203
1973-05-03 00:00:00+00:00,101.41000366210938
1973-05-04 00:00:00+00:00,101.44999694824219
1973-05-07 00:00:00+00:00,101.48999786376953
1973-05-08 00:00:00+00:00,101.33999633789062
1973-05-09 00:00:00+00:00,101.16999816894531
1973-05-10 00:00:00+00:00,101.19999694824219
1973-05-11 00:00:00+00:00,101.11000061035156
1973-05-14 00:00:00+00:00,100.19999694824219
1973-05-15 00:00:00+00:00,99.19999694824219
1973-05-16 00:00:00+00:00,99.6500015258789
1973-05-17 00:00:00+00:00,99.81999969482422
1973-05-18 00:00:00+00:00,99.54000091552734
1973-05-21 00:00:00+00:00,98.66000366210938
1973-05-22 00:00:00+00:00,98.87000274658203
1973-05-23 00:00:00+00:00,98.97000122070312
1973-05-24 00:00:00+00:00,99.1500015258789
1973-05-25 00:00:00+00:00,99.36000061035156
1973-05-29 00:00:00+00:00,98.87000274658203
1973-05-30 00:00:00+00:00,98.33000183105469
1973-05-31 00:00:00+00:00,98.0
1973-06-01 00:00:00+00:00,97.55999755859375
1973-06-04 00:00:00+00:00,96.19999694824219
1973-06-05 00:00:00+00:00,96.31999969482422
1973-06-06 00:00:00+00:00,97.41999816894531
1973-06-07 00:00:00+00:00,97.62999725341797
1973-06-08 00:00:00+00:00,97.31999969482422
1973-06-11 00:00:00+00:00,97.4000015258789
1973-06-12 00:00:00+00:00,97.2300033569336
1973-06-13 00:00:00+00:00,97.5999984741211
1973-06-14 00:00:00+00:00,97.4000015258789
1973-06-15 00:00:00+00:00,96.94999694824219
1973-06-18 00:00:00+00:00,96.37000274658203
1973-06-19 00:00:00+00:00,96.55000305175781
1973-06-20 00:00:00+00:00,96.51000213623047
1973-06-21 00:00:00+00:00,96.26000213623047
1973-06-22 00:00:00+00:00,96.06999969482422
1973-06-25 00:00:00+00:00,96.08999633789062
1973-06-26 00:00:00+00:00,95.9000015258789
1973-06-27 00:00:00+00:00,95.37999725341797
1973-06-28 00:00:00+00:00,94.54000091552734
1973-06-29 00:00:00+00:00,93.87999725341797
1973-07-02 00:00:00+00:00,93.41999816894531
1973-07-03 00:00:00+00:00,93.16000366210938
1973-07-05 00:00:00+00:00,92.12999725341797
1973-07-06 00:00:00+00:00,90.54000091552734
1973-07-09 00:00:00+00:00,91.72000122070312
1973-07-10 00:00:00+00:00,93.76000213623047
1973-07-11 00:00:00+00:00,94.22000122070312
1973-07-12 00:00:00+00:00,93.69000244140625
1973-07-13 00:00:00+00:00,93.62999725341797
1973-07-16 00:00:00+00:00,93.13999938964844
1973-07-17 00:00:00+00:00,92.38999938964844
1973-07-18 00:00:00+00:00,91.94999694824219
1973-07-19 00:00:00+00:00,92.94999694824219
1973-07-20 00:00:00+00:00,92.45999908447266
1973-07-23 00:00:00+00:00,92.38999938964844
1973-07-24 00:00:00+00:00,92.44999694824219
1973-07-25 00:00:00+00:00,92.45999908447266
1973-07-26 00:00:00+00:00,92.33000183105469
1973-07-27 00:00:00+00:00,92.48999786376953
1973-07-30 00:00:00+00:00,93.01000213623047
1973-07-31 00:00:00+00:00,92.91000366210938
1973-08-01 00:00:00+00:00,92.87000274658203
1973-08-02 00:00:00+00:00,93.05000305175781
1973-08-03 00:00:00+00:00,93.23999786376953
1973-08-06 00:00:00+00:00,93.91000366210938
1973-08-07 00:00:00+00:00,93.61000061035156
1973-08-08 00:00:00+00:00,93.58000183105469
1973-08-09 00:00:00+00:00,94.05000305175781
1973-08-10 00:00:00+00:00,94.70999908447266
1973-08-13 00:00:00+00:00,94.77999877929688
1973-08-14 00:00:00+00:00,95.61000061035156
1973-08-15 00:00:00+00:00,95.88999938964844
1973-08-16 00:00:00+00:00,96.41999816894531
1973-08-17 00:00:00+00:00,96.22000122070312
1973-08-20 00:00:00+00:00,94.87999725341797
1973-08-21 00:00:00+00:00,95.80000305175781
1973-08-22 00:00:00+00:00,96.0
1973-08-23 00:00:00+00:00,96.22000122070312
1973-08-24 00:00:00+00:00,95.81999969482422
1973-08-27 00:00:00+00:00,96.0
1973-08-28 00:00:00+00:00,96.04000091552734
1973-08-29 00:00:00+00:00,95.5
1973-08-30 00:00:00+00:00,95.80999755859375
1973-08-31 00:00:00+00:00,95.7699966430664
1973-09-04 00:00:00+00:00,95.77999877929688
1973-09-05 00:00:00+00:00,95.44000244140625
1973-09-06 00:00:00+00:00,95.61000061035156
1973-09-07 00:00:00+00:00,95.27999877929688
1973-09-10 00:00:00+00:00,95.47000122070312
1973-09-11 00:00:00+00:00,95.7300033569336
1973-09-12 00:00:00+00:00,95.69000244140625
1973-09-13 00:00:00+00:00,95.77999877929688
1973-09-14 00:00:00+00:00,95.70999908447266
1973-09-17 00:00:00+00:00,94.80000305175781
1973-09-18 00:00:00+00:00,94.80999755859375
1973-09-19 00:00:00+00:00,94.9000015258789
1973-09-20 00:00:00+00:00,94.30000305175781
1973-09-21 00:00:00+00:00,94.7699966430664
1973-09-24 00:00:00+00:00,94.55000305175781
1973-09-25 00:00:00+00:00,94.55999755859375
1973-09-26 00:00:00+00:00,94.55999755859375
1973-09-27 00:00:00+00:00,94.72000122070312
1973-09-28 00:00:00+00:00,94.79000091552734
1973-10-01 00:00:00+00:00,94.73999786376953
1973-10-02 00:00:00+00:00,94.77999877929688
1973-10-03 00:00:00+00:00,94.76000213623047
1973-10-04 00:00:00+00:00,94.83999633789062
1973-10-05 00:00:00+00:00,94.83999633789062
1973-10-09 00:00:00+00:00,94.73999786376953
1973-10-10 00:00:00+00:00,94.43000030517578
1973-10-11 00:00:00+00:00,94.22000122070312
1973-10-12 00:00:00+00:00,94.3499984741211
1973-10-15 00:00:00+00:00,94.41000366210938
1973-10-16 00:00:00+00:00,94.22000122070312
1973-10-17 00:00:00+00:00,93.88999938964844
1973-10-18 00:00:00+00:00,93.97000122070312
1973-10-19 00:00:00+00:00,94.25
1973-10-23 00:00:00+00:00,93.77999877929688
1973-10-24 00:00:00+00:00,93.88999938964844
1973-10-25 00:00:00+00:00,94.01000213623047
1973-10-26 00:00:00+00:00,94.63999938964844
1973-10-29 00:00:00+00:00,95.12999725341797
1973-10-30 00:00:00+00:00,95.19000244140625
1973-10-31 00:00:00+00:00,95.05999755859375
1973-11-01 00:00:00+00:00,95.30000305175781
1973-11-02 00:00:00+00:00,95.48999786376953
1973-11-05 00:00:00+00:00,96.12999725341797
1973-11-07 00:00:00+00:00,97.33000183105469
1973-11-08 00:00:00+00:00,97.54000091552734
1973-11-09 00:00:00+00:00,97.97000122070312
1973-11-12 00:00:00+00:00,99.27999877929688
1973-11-13 00:00:00+00:00,99.33999633789062
1973-11-14 00:00:00+00:00,98.83000183105469
1973-11-15 00:00:00+00:00,99.05000305175781
1973-11-16 00:00:00+00:00,98.93000030517578
1973-11-19 00:00:00+00:00,98.83999633789062
1973-11-20 00:00:00+00:00,99.02999877929688
1973-11-21 00:00:00+00:00,99.13999938964844
1973-11-23 00:00:00+00:00,100.9000015258789
1973-11-26 00:00:00+00:00,100.6500015258789
1973-11-27 00:00:00+00:00,100.13999938964844
1973-11-28 00:00:00+00:00,100.45999908447266
1973-11-29 00:00:00+00:00,100.44999694824219
1973-11-30 00:00:00+00:00,100.3499984741211
1973-12-03 00:00:00+00:00,100.58999633789062
1973-12-04 00:00:00+00:00,101.16000366210938
1973-12-05 00:00:00+00:00,101.0
1973-12-06 00:00:00+00:00,100.73999786376953
1973-12-07 00:00:00+00:00,101.0199966430664
1973-12-10 00:00:00+00:00,101.31999969482422
1973-12-11 00:00:00+00:00,101.33999633789062
1973-12-12 00:00:00+00:00,101.08000183105469
1973-12-13 00:00:00+00:00,101.11000061035156
1973-12-14 00:00:00+00:00,101.2699966430664
1973-12-17 00:00:00+00:00,101.41999816894531
1973-12-18 00:00:00+00:00,101.62000274658203
1973-12-19 00:00:00+00:00,101.54000091552734
1973-12-20 00:00:00+00:00,101.6500015258789
1973-12-21 00:00:00+00:00,101.72000122070312
1973-12-24 00:00:00+00:00,101.7699966430664
1973-12-26 00:00:00+00:00,102.12999725341797
1973-12-27 00:00:00+00:00,102.33999633789062
1973-12-28 00:00:00+00:00,102.4000015258789
1973-12-31 00:00:00+00:00,102.38999938964844
1974-01-01 00:00:00+00:00,103.66000366210938
1974-01-03 00:00:00+00:00,104.2300033569336
1974-01-04 00:00:00+00:00,104.3499984741211
1974-01-07 00:00:00+00:00,107.58999633789062
1974-01-08 00:00:00+00:00,107.6500015258789
1974-01-09 00:00:00+00:00,106.47000122070312
1974-01-10 00:00:00+00:00,105.86000061035156
1974-01-11 00:00:00+00:00,106.02999877929688
1974-01-14 00:00:00+00:00,106.5999984741211
1974-01-15 00:00:00+00:00,107.55999755859375
1974-01-16 00:00:00+00:00,107.16000366210938
1974-01-17 00:00:00+00:00,107.61000061035156
1974-01-18 00:00:00+00:00,107.26000213623047
1974-01-21 00:00:00+00:00,109.27999877929688
1974-01-22 00:00:00+00:00,109.12999725341797
1974-01-23 00:00:00+00:00,109.5
1974-01-24 00:00:00+00:00,108.55000305175781
1974-01-25 00:00:00+00:00,108.62000274658203
1974-01-28 00:00:00+00:00,108.33000183105469
1974-01-29 00:00:00+00:00,107.88999938964844
1974-01-30 00:00:00+00:00,107.12000274658203
1974-01-31 00:00:00+00:00,105.9000015258789
1974-02-01 00:00:00+00:00,106.20999908447266
1974-02-04 00:00:00+00:00,105.55000305175781
1974-02-05 00:00:00+00:00,105.83000183105469
1974-02-06 00:00:00+00:00,106.05999755859375
1974-02-07 00:00:00+00:00,105.9000015258789
1974-02-08 00:00:00+00:00,105.91000366210938
1974-02-11 00:00:00+00:00,105.55000305175781
1974-02-13 00:00:00+00:00,104.98999786376953
1974-02-14 00:00:00+00:00,104.73999786376953
1974-02-15 00:00:00+00:00,104.7300033569336
1974-02-19 00:00:00+00:00,103.95999908447266
1974-02-20 00:00:00+00:00,103.58000183105469
1974-02-21 00:00:00+00:00,102.87999725341797
1974-02-22 00:00:00+00:00,102.19000244140625
1974-02-25 00:00:00+00:00,103.20999908447266
1974-02-26 00:00:00+00:00,102.80000305175781
1974-02-27 00:00:00+00:00,103.05000305175781
1974-02-28 00:00:00+00:00,103.02999877929688
1974-03-01 00:00:00+00:00,103.69000244140625
1974-03-04 00:00:00+00:00,103.73999786376953
1974-03-05 00:00:00+00:00,102.91999816894531
1974-03-06 00:00:00+00:00,102.86000061035156
1974-03-07 00:00:00+00:00,102.91999816894531
1974-03-08 00:00:00+00:00,102.69000244140625
1974-03-11 00:00:00+00:00,102.4000015258789
1974-03-12 00:00:00+00:00,102.05000305175781
1974-03-13 00:00:00+00:00,101.98999786376953
1974-03-14 00:00:00+00:00,102.33999633789062
1974-03-15 00:00:00+00:00,102.19000244140625
1974-03-18 00:00:00+00:00,102.16000366210938
1974-03-19 00:00:00+00:00,101.9000015258789
1974-03-20 00:00:00+00:00,101.12999725341797
1974-03-21 00:00:00+00:00,100.08999633789062
1974-03-22 00:00:00+00:00,100.54000091552734
1974-03-25 00:00:00+00:00,99.4800033569336
1974-03-26 00:00:00+00:00,99.63999938964844
1974-03-27 00:00:00+00:00,100.12000274658203
1974-03-28 00:00:00+00:00,99.05999755859375
1974-03-29 00:00:00+00:00,99.51000213623047
1974-04-01 00:00:00+00:00,99.91999816894531
1974-04-02 00:00:00+00:00,99.5199966430664
1974-04-03 00:00:00+00:00,100.0199966430664
1974-04-04 00:00:00+00:00,100.2699966430664
1974-04-05 00:00:00+00:00,100.0999984741211
1974-04-08 00:00:00+00:00,100.11000061035156
1974-04-09 00:00:00+00:00,100.69000244140625
1974-04-10 00:00:00+00:00,100.9000015258789
1974-04-11 00:00:00+00:00,100.52999877929688
1974-04-12 00:00:00+00:00,100.58999633789062
1974-04-15 00:00:00+00:00,100.62000274658203
1974-04-16 00:00:00+00:00,100.66999816894531
1974-04-17 00:00:00+00:00,100.13999938964844
1974-04-18 00:00:00+00:00,99.88999938964844
1974-04-19 00:00:00+00:00,99.91999816894531
1974-04-22 00:00:00+00:00,99.63999938964844
1974-04-23 00:00:00+00:00,98.94999694824219
1974-04-24 00:00:00+00:00,98.77999877929688
1974-04-25 00:00:00+00:00,99.20999908447266
1974-04-26 00:00:00+00:00,99.0199966430664
1974-04-29 00:00:00+00:00,98.22000122070312
1974-04-30 00:00:00+00:00,98.48999786376953
1974-05-01 00:00:00+00:00,98.4800033569336
1974-05-02 00:00:00+00:00,98.70999908447266
1974-05-03 00:00:00+00:00,98.80000305175781
1974-05-06 00:00:00+00:00,98.06999969482422
1974-05-07 00:00:00+00:00,98.41000366210938
1974-05-08 00:00:00+00:00,97.61000061035156
1974-05-09 00:00:00+00:00,97.55000305175781
1974-05-10 00:00:00+00:00,97.47000122070312
1974-05-13 00:00:00+00:00,96.86000061035156
1974-05-14 00:00:00+00:00,96.88999938964844
1974-05-15 00:00:00+00:00,98.22000122070312
1974-05-16 00:00:00+00:00,98.12000274658203
1974-05-17 00:00:00+00:00,98.19000244140625
1974-05-20 00:00:00+00:00,98.91000366210938
1974-05-21 00:00:00+00:00,98.66000366210938
1974-05-22 00:00:00+00:00,98.3499984741211
1974-05-23 00:00:00+00:00,98.2300033569336
1974-05-24 00:00:00+00:00,98.69999694824219
1974-05-28 00:00:00+00:00,99.33000183105469
1974-05-29 00:00:00+00:00,100.0999984741211
1974-05-30 00:00:00+00:00,100.05000305175781
1974-05-31 00:00:00+00:00,99.7699966430664
1974-06-03 00:00:00+00:00,99.55999755859375
1974-06-04 00:00:00+00:00,99.5999984741211
1974-06-05 00:00:00+00:00,99.30000305175781
1974-06-06 00:00:00+00:00,99.08000183105469
1974-06-07 00:00:00+00:00,99.2699966430664
1974-06-10 00:00:00+00:00,99.55999755859375
1974-06-11 00:00:00+00:00,99.83999633789062
1974-06-12 00:00:00+00:00,100.23999786376953
1974-06-13 00:00:00+00:00,100.0199966430664
1974-06-14 00:00:00+00:00,99.9800033569336
1974-06-17 00:00:00+00:00,100.0
1974-06-18 00:00:00+00:00,100.16999816894531
1974-06-19 00:00:00+00:00,100.19999694824219
1974-06-20 00:00:00+00:00,100.2699966430664
1974-06-21 00:00:00+00:00,100.51000213623047
1974-06-24 00:00:00+00:00,101.16000366210938
1974-06-25 00:00:00+00:00,100.63999938964844
1974-06-26 00:00:00+00:00,100.58999633789062
1974-06-27 00:00:00+00:00,100.25
1974-06-28 00:00:00+00:00,100.16000366210938
1974-07-01 00:00:00+00:00,100.43000030517578
1974-07-02 00:00:00+00:00,100.11000061035156
1974-07-03 00:00:00+00:00,99.98999786376953
1974-07-05 00:00:00+00:00,100.23999786376953
1974-07-08 00:00:00+00:00,100.30999755859375
1974-07-09 00:00:00+00:00,100.4000015258789
1974-07-10 00:00:00+00:00,100.55000305175781
1974-07-11 00:00:00+00:00,100.68000030517578
1974-07-12 00:00:00+00:00,100.37000274658203
1974-07-15 00:00:00+00:00,100.1500015258789
1974-07-16 00:00:00+00:00,100.16999816894531
1974-07-17 00:00:00+00:00,100.06999969482422
1974-07-18 00:00:00+00:00,100.08000183105469
1974-07-19 00:00:00+00:00,100.19999694824219
1974-07-22 00:00:00+00:00,100.06999969482422
1974-07-23 00:00:00+00:00,99.86000061035156
1974-07-24 00:00:00+00:00,98.95999908447266
1974-07-25 00:00:00+00:00,99.86000061035156
1974-07-26 00:00:00+00:00,100.12000274658203
1974-07-29 00:00:00+00:00,100.37000274658203
1974-07-30 00:00:00+00:00,100.68000030517578
1974-07-31 00:00:00+00:00,100.54000091552734
1974-08-01 00:00:00+00:00,100.62000274658203
1974-08-02 00:00:00+00:00,100.62999725341797
1974-08-05 00:00:00+00:00,100.62999725341797
1974-08-06 00:00:00+00:00,100.76000213623047
1974-08-07 00:00:00+00:00,101.06999969482422
1974-08-08 00:00:00+00:00,101.58999633789062
1974-08-09 00:00:00+00:00,101.33000183105469
1974-08-12 00:00:00+00:00,101.52999877929688
1974-08-13 00:00:00+00:00,101.97000122070312
1974-08-14 00:00:00+00:00,101.81999969482422
1974-08-15 00:00:00+00:00,102.04000091552734
1974-08-16 00:00:00+00:00,102.31999969482422
1974-08-19 00:00:00+00:00,102.79000091552734
1974-08-20 00:00:00+00:00,102.66000366210938
1974-08-21 00:00:00+00:00,102.6500015258789
1974-08-22 00:00:00+00:00,102.87000274658203
1974-08-23 00:00:00+00:00,102.7300033569336
1974-08-26 00:00:00+00:00,102.58000183105469
1974-08-27 00:00:00+00:00,103.12000274658203
1974-08-28 00:00:00+00:00,103.04000091552734
1974-08-29 00:00:00+00:00,103.13999938964844
1974-08-30 00:00:00+00:00,103.18000030517578
1974-09-03 00:00:00+00:00,103.16000366210938
1974-09-04 00:00:00+00:00,103.12000274658203
1974-09-05 00:00:00+00:00,103.44000244140625
1974-09-06 00:00:00+00:00,103.37999725341797
1974-09-09 00:00:00+00:00,103.37000274658203
1974-09-10 00:00:00+00:00,103.11000061035156
1974-09-11 00:00:00+00:00,103.2699966430664
1974-09-12 00:00:00+00:00,103.19999694824219
1974-09-13 00:00:00+00:00,103.0999984741211
1974-09-16 00:00:00+00:00,103.06999969482422
1974-09-17 00:00:00+00:00,102.6500015258789
1974-09-18 00:00:00+00:00,102.54000091552734
1974-09-19 00:00:00+00:00,102.75
1974-09-20 00:00:00+00:00,102.76000213623047
1974-09-23 00:00:00+00:00,102.55000305175781
1974-09-24 00:00:00+00:00,102.55000305175781
1974-09-25 00:00:00+00:00,102.66999816894531
1974-09-26 00:00:00+00:00,102.62000274658203
1974-09-27 00:00:00+00:00,102.45999908447266
1974-09-30 00:00:00+00:00,102.4800033569336
1974-10-01 00:00:00+00:00,102.19999694824219
1974-10-02 00:00:00+00:00,102.3499984741211
1974-10-03 00:00:00+00:00,102.25
1974-10-04 00:00:00+00:00,101.94000244140625
1974-10-07 00:00:00+00:00,101.91999816894531
1974-10-08 00:00:00+00:00,102.0
1974-10-09 00:00:00+00:00,101.2699966430664
1974-10-10 00:00:00+00:00,101.75
1974-10-11 00:00:00+00:00,101.91000366210938
1974-10-15 00:00:00+00:00,101.7300033569336
1974-10-16 00:00:00+00:00,101.48999786376953
1974-10-17 00:00:00+00:00,101.44999694824219
1974-10-18 00:00:00+00:00,101.41999816894531
1974-10-21 00:00:00+00:00,101.6500015258789
1974-10-22 00:00:00+00:00,101.55000305175781
1974-10-23 00:00:00+00:00,101.16999816894531
1974-10-24 00:00:00+00:00,101.16999816894531
1974-10-25 00:00:00+00:00,101.16000366210938
1974-10-28 00:00:00+00:00,101.26000213623047
1974-10-29 00:00:00+00:00,101.18000030517578
1974-10-30 00:00:00+00:00,101.29000091552734
1974-10-31 00:00:00+00:00,101.26000213623047
1974-11-01 00:00:00+00:00,101.08000183105469
1974-11-04 00:00:00+00:00,100.8499984741211
1974-11-06 00:00:00+00:00,100.70999908447266
1974-11-07 00:00:00+00:00,100.48999786376953
1974-11-08 00:00:00+00:00,100.88999938964844
1974-11-12 00:00:00+00:00,101.38999938964844
1974-11-13 00:00:00+00:00,101.2300033569336
1974-11-14 00:00:00+00:00,100.4800033569336
1974-11-15 00:00:00+00:00,100.37999725341797
1974-11-18 00:00:00+00:00,99.13999938964844
1974-11-19 00:00:00+00:00,99.83999633789062
1974-11-20 00:00:00+00:00,100.33000183105469
1974-11-21 00:00:00+00:00,100.69000244140625
1974-11-22 00:00:00+00:00,100.01000213623047
1974-11-25 00:00:00+00:00,99.58000183105469
1974-11-26 00:00:00+00:00,99.37999725341797
1974-11-27 00:00:00+00:00,99.41999816894531
1974-11-29 00:00:00+00:00,99.56999969482422
1974-12-02 00:00:00+00:00,99.98999786376953
1974-12-03 00:00:00+00:00,99.91999816894531
1974-12-04 00:00:00+00:00,99.48999786376953
1974-12-05 00:00:00+00:00,99.33999633789062
1974-12-06 00:00:00+00:00,99.47000122070312
1974-12-09 00:00:00+00:00,98.98999786376953
1974-12-10 00:00:00+00:00,98.9800033569336
1974-12-11 00:00:00+00:00,98.88999938964844
1974-12-12 00:00:00+00:00,98.69000244140625
1974-12-13 00:00:00+00:00,98.88999938964844
1974-12-16 00:00:00+00:00,98.55000305175781
1974-12-17 00:00:00+00:00,97.93000030517578
1974-12-18 00:00:00+00:00,98.08999633789062
1974-12-19 00:00:00+00:00,98.51000213623047
1974-12-20 00:00:00+00:00,98.29000091552734
1974-12-23 00:00:00+00:00,98.25
1974-12-24 00:00:00+00:00,98.0
1974-12-26 00:00:00+00:00,98.01000213623047
1974-12-27 00:00:00+00:00,97.62999725341797
1974-12-30 00:00:00+00:00,97.29000091552734
1975-01-02 00:00:00+00:00,97.70999908447266
1975-01-03 00:00:00+00:00,97.16999816894531
1975-01-06 00:00:00+00:00,96.62000274658203
1975-01-07 00:00:00+00:00,96.63999938964844
1975-01-08 00:00:00+00:00,97.13999938964844
1975-01-09 00:00:00+00:00,96.94000244140625
1975-01-10 00:00:00+00:00,96.86000061035156
1975-01-13 00:00:00+00:00,96.9800033569336
1975-01-14 00:00:00+00:00,97.38999938964844
1975-01-15 00:00:00+00:00,97.11000061035156
1975-01-16 00:00:00+00:00,96.91999816894531
1975-01-17 00:00:00+00:00,96.81999969482422
1975-01-20 00:00:00+00:00,96.37000274658203
1975-01-21 00:00:00+00:00,96.1500015258789
1975-01-22 00:00:00+00:00,96.16000366210938
1975-01-23 00:00:00+00:00,95.47000122070312
1975-01-24 00:00:00+00:00,95.06999969482422
1975-01-27 00:00:00+00:00,94.43000030517578
1975-01-28 00:00:00+00:00,94.94999694824219
1975-01-29 00:00:00+00:00,95.75
1975-01-30 00:00:00+00:00,95.58999633789062
1975-01-31 00:00:00+00:00,95.61000061035156
1975-02-03 00:00:00+00:00,95.87999725341797
1975-02-04 00:00:00+00:00,96.37000274658203
1975-02-05 00:00:00+00:00,96.41000366210938
1975-02-06 00:00:00+00:00,96.16000366210938
1975-02-07 00:00:00+00:00,95.9800033569336
1975-02-10 00:00:00+00:00,95.4000015258789
1975-02-11 00:00:00+00:00,95.48999786376953
1975-02-13 00:00:00+00:00,94.95999908447266
1975-02-14 00:00:00+00:00,94.9800033569336
1975-02-18 00:00:00+00:00,94.7699966430664
1975-02-19 00:00:00+00:00,94.76000213623047
1975-02-20 00:00:00+00:00,94.37000274658203
1975-02-21 00:00:00+00:00,94.22000122070312
1975-02-24 00:00:00+00:00,93.55999755859375
1975-02-25 00:00:00+00:00,93.70999908447266
1975-02-26 00:00:00+00:00,93.20999908447266
1975-02-27 00:00:00+00:00,92.93000030517578
1975-02-28 00:00:00+00:00,93.0
1975-03-03 00:00:00+00:00,92.81999969482422
1975-03-04 00:00:00+00:00,93.19999694824219
1975-03-05 00:00:00+00:00,93.16999816894531
1975-03-06 00:00:00+00:00,93.4000015258789
1975-03-07 00:00:00+00:00,94.08999633789062
1975-03-10 00:00:00+00:00,94.18000030517578
1975-03-11 00:00:00+00:00,93.69999694824219
1975-03-12 00:00:00+00:00,94.18000030517578
1975-03-13 00:00:00+00:00,94.19000244140625
1975-03-14 00:00:00+00:00,93.98999786376953
1975-03-17 00:00:00+00:00,93.86000061035156
1975-03-18 00:00:00+00:00,93.5999984741211
1975-03-19 00:00:00+00:00,93.44000244140625
1975-03-20 00:00:00+00:00,93.66999816894531
1975-03-21 00:00:00+00:00,93.86000061035156
1975-03-24 00:00:00+00:00,94.08999633789062
1975-03-25 00:00:00+00:00,94.29000091552734
1975-03-26 00:00:00+00:00,94.48999786376953
1975-03-27 00:00:00+00:00,94.87000274658203
1975-03-31 00:00:00+00:00,94.81999969482422
1975-04-01 00:00:00+00:00,94.44999694824219
1975-04-02 00:00:00+00:00,94.54000091552734
1975-04-03 00:00:00+00:00,94.77999877929688
1975-04-04 00:00:00+00:00,95.36000061035156
1975-04-07 00:00:00+00:00,95.36000061035156
1975-04-08 00:00:00+00:00,95.13999938964844
1975-04-09 00:00:00+00:00,95.5
1975-04-10 00:00:00+00:00,95.79000091552734
1975-04-11 00:00:00+00:00,95.62999725341797
1975-04-14 00:00:00+00:00,95.9000015258789
1975-04-15 00:00:00+00:00,95.56999969482422
1975-04-16 00:00:00+00:00,95.56999969482422
1975-04-17 00:00:00+00:00,95.55000305175781
1975-04-18 00:00:00+00:00,95.54000091552734
1975-04-21 00:00:00+00:00,95.69000244140625
1975-04-22 00:00:00+00:00,95.61000061035156
1975-04-23 00:00:00+00:00,95.2300033569336
1975-04-24 00:00:00+00:00,95.2300033569336
1975-04-25 00:00:00+00:00,95.62000274658203
1975-04-28 00:00:00+00:00,95.80000305175781
1975-04-29 00:00:00+00:00,95.41000366210938
1975-04-30 00:00:00+00:00,95.38999938964844
1975-05-01 00:00:00+00:00,95.36000061035156
1975-05-02 00:00:00+00:00,95.44000244140625
1975-05-05 00:00:00+00:00,95.25
1975-05-06 00:00:00+00:00,95.23999786376953
1975-05-07 00:00:00+00:00,94.93000030517578
1975-05-08 00:00:00+00:00,94.61000061035156
1975-05-09 00:00:00+00:00,94.93000030517578
1975-05-12 00:00:00+00:00,95.0999984741211
1975-05-13 00:00:00+00:00,94.56999969482422
1975-05-14 00:00:00+00:00,94.58999633789062
1975-05-15 00:00:00+00:00,95.25
1975-05-16 00:00:00+00:00,95.12000274658203
1975-05-19 00:00:00+00:00,94.91999816894531
1975-05-20 00:00:00+00:00,94.93000030517578
1975-05-21 00:00:00+00:00,94.45999908447266
1975-05-22 00:00:00+00:00,94.30999755859375
1975-05-23 00:00:00+00:00,94.23999786376953
1975-05-27 00:00:00+00:00,94.23999786376953
1975-05-28 00:00:00+00:00,94.38999938964844
1975-05-29 00:00:00+00:00,94.4800033569336
1975-05-30 00:00:00+00:00,94.62999725341797
1975-06-02 00:00:00+00:00,94.52999877929688
1975-06-03 00:00:00+00:00,94.36000061035156
1975-06-04 00:00:00+00:00,94.47000122070312
1975-06-05 00:00:00+00:00,94.47000122070312
1975-06-06 00:00:00+00:00,94.55999755859375
1975-06-09 00:00:00+00:00,94.63999938964844
1975-06-10 00:00:00+00:00,94.55999755859375
1975-06-11 00:00:00+00:00,94.5199966430664
1975-06-12 00:00:00+00:00,94.54000091552734
1975-06-13 00:00:00+00:00,94.58999633789062
1975-06-16 00:00:00+00:00,94.58000183105469
1975-06-17 00:00:00+00:00,94.58000183105469
1975-06-18 00:00:00+00:00,94.7300033569336
1975-06-19 00:00:00+00:00,94.83000183105469
1975-06-20 00:00:00+00:00,94.81999969482422
1975-06-23 00:00:00+00:00,95.01000213623047
1975-06-24 00:00:00+00:00,95.08000183105469
1975-06-25 00:00:00+00:00,95.16000366210938
1975-06-26 00:00:00+00:00,95.23999786376953
1975-06-27 00:00:00+00:00,95.58000183105469
1975-06-30 00:00:00+00:00,95.86000061035156
1975-07-01 00:00:00+00:00,96.06999969482422
1975-07-02 00:00:00+00:00,96.66000366210938
1975-07-03 00:00:00+00:00,96.7300033569336
1975-07-07 00:00:00+00:00,97.19999694824219
1975-07-08 00:00:00+00:00,97.02999877929688
1975-07-09 00:00:00+00:00,96.91000366210938
1975-07-10 00:00:00+00:00,97.45999908447266
1975-07-11 00:00:00+00:00,97.73999786376953
1975-07-14 00:00:00+00:00,97.98999786376953
1975-07-15 00:00:00+00:00,98.2300033569336
1975-07-16 00:00:00+00:00,98.5999984741211
1975-07-17 00:00:00+00:00,99.0199966430664
1975-07-18 00:00:00+00:00,99.33999633789062
1975-07-21 00:00:00+00:00,99.62999725341797
1975-07-22 00:00:00+00:00,99.70999908447266
1975-07-23 00:00:00+00:00,100.20999908447266
1975-07-24 00:00:00+00:00,100.26000213623047
1975-07-25 00:00:00+00:00,100.06999969482422
1975-07-28 00:00:00+00:00,100.69000244140625
1975-07-29 00:00:00+00:00,100.87999725341797
1975-07-30 00:00:00+00:00,101.16000366210938
1975-07-31 00:00:00+00:00,101.25
1975-08-01 00:00:00+00:00,101.30000305175781
1975-08-04 00:00:00+00:00,101.20999908447266
1975-08-05 00:00:00+00:00,100.91999816894531
1975-08-06 00:00:00+00:00,101.37999725341797
1975-08-07 00:00:00+00:00,101.8499984741211
1975-08-08 00:00:00+00:00,101.75
1975-08-11 00:00:00+00:00,101.91000366210938
1975-08-12 00:00:00+00:00,101.9800033569336
1975-08-13 00:00:00+00:00,101.83999633789062
1975-08-14 00:00:00+00:00,101.62999725341797
1975-08-15 00:00:00+00:00,101.68000030517578
1975-08-18 00:00:00+00:00,101.56999969482422
1975-08-19 00:00:00+00:00,101.20999908447266
1975-08-20 00:00:00+00:00,101.31999969482422
1975-08-21 00:00:00+00:00,101.38999938964844
1975-08-22 00:00:00+00:00,101.62000274658203
1975-08-25 00:00:00+00:00,101.76000213623047
1975-08-26 00:00:00+00:00,101.6500015258789
1975-08-27 00:00:00+00:00,101.68000030517578
1975-08-28 00:00:00+00:00,101.76000213623047
1975-08-29 00:00:00+00:00,101.79000091552734
1975-09-02 00:00:00+00:00,101.88999938964844
1975-09-03 00:00:00+00:00,101.69000244140625
1975-09-04 00:00:00+00:00,101.87000274658203
1975-09-05 00:00:00+00:00,101.91000366210938
1975-09-08 00:00:00+00:00,101.83999633789062
1975-09-09 00:00:00+00:00,101.8499984741211
1975-09-10 00:00:00+00:00,101.97000122070312
1975-09-11 00:00:00+00:00,102.08999633789062
1975-09-12 00:00:00+00:00,102.22000122070312
1975-09-15 00:00:00+00:00,102.30000305175781
1975-09-16 00:00:00+00:00,102.81999969482422
1975-09-17 00:00:00+00:00,103.23999786376953
1975-09-18 00:00:00+00:00,103.5199966430664
1975-09-19 00:00:00+00:00,103.6500015258789
1975-09-22 00:00:00+00:00,104.31999969482422
1975-09-23 00:00:00+00:00,104.80999755859375
1975-09-24 00:00:00+00:00,104.55000305175781
1975-09-25 00:00:00+00:00,104.19000244140625
1975-09-26 00:00:00+00:00,104.4800033569336
1975-09-29 00:00:00+00:00,104.7699966430664
1975-09-30 00:00:00+00:00,104.23999786376953
1975-10-01 00:00:00+00:00,103.45999908447266
1975-10-02 00:00:00+00:00,103.5199966430664
1975-10-03 00:00:00+00:00,103.94999694824219
1975-10-06 00:00:00+00:00,103.48999786376953
1975-10-07 00:00:00+00:00,103.27999877929688
1975-10-08 00:00:00+00:00,103.37999725341797
1975-10-09 00:00:00+00:00,103.12999725341797
1975-10-10 00:00:00+00:00,102.47000122070312
1975-10-14 00:00:00+00:00,103.01000213623047
1975-10-15 00:00:00+00:00,102.44000244140625
1975-10-16 00:00:00+00:00,102.19000244140625
1975-10-17 00:00:00+00:00,102.25
1975-10-20 00:00:00+00:00,102.2300033569336
1975-10-21 00:00:00+00:00,102.05000305175781
1975-10-22 00:00:00+00:00,101.75
1975-10-23 00:00:00+00:00,101.88999938964844
1975-10-24 00:00:00+00:00,101.83999633789062
1975-10-27 00:00:00+00:00,102.0199966430664
1975-10-28 00:00:00+00:00,102.0999984741211
1975-10-29 00:00:00+00:00,102.0199966430664
1975-10-30 00:00:00+00:00,101.80999755859375
1975-10-31 00:00:00+00:00,101.61000061035156
1975-11-03 00:00:00+00:00,101.58999633789062
1975-11-05 00:00:00+00:00,102.06999969482422
1975-11-06 00:00:00+00:00,101.83000183105469
1975-11-07 00:00:00+00:00,101.94000244140625
1975-11-10 00:00:00+00:00,101.91999816894531
1975-11-12 00:00:00+00:00,101.98999786376953
1975-11-13 00:00:00+00:00,102.30000305175781
1975-11-14 00:00:00+00:00,102.70999908447266
1975-11-17 00:00:00+00:00,103.30999755859375
1975-11-18 00:00:00+00:00,103.08000183105469
1975-11-19 00:00:00+00:00,102.93000030517578
1975-11-20 00:00:00+00:00,102.63999938964844
1975-11-21 00:00:00+00:00,102.94000244140625
1975-11-24 00:00:00+00:00,102.94999694824219
1975-11-25 00:00:00+00:00,102.94000244140625
1975-11-26 00:00:00+00:00,103.2300033569336
1975-11-28 00:00:00+00:00,103.52999877929688
1975-12-01 00:00:00+00:00,103.37000274658203
1975-12-02 00:00:00+00:00,103.38999938964844
1975-12-03 00:00:00+00:00,103.36000061035156
1975-12-04 00:00:00+00:00,103.16999816894531
1975-12-05 00:00:00+00:00,103.55000305175781
1975-12-08 00:00:00+00:00,103.4800033569336
1975-12-09 00:00:00+00:00,103.62999725341797
1975-12-10 00:00:00+00:00,103.5999984741211
1975-12-11 00:00:00+00:00,103.6500015258789
1975-12-12 00:00:00+00:00,103.75
1975-12-15 00:00:00+00:00,103.91999816894531
1975-12-16 00:00:00+00:00,103.80000305175781
1975-12-17 00:00:00+00:00,103.61000061035156
1975-12-18 00:00:00+00:00,103.54000091552734
1975-12-19 00:00:00+00:00,103.47000122070312
1975-12-22 00:00:00+00:00,103.41999816894531
1975-12-23 00:00:00+00:00,103.31999969482422
1975-12-24 00:00:00+00:00,103.33000183105469
1975-12-26 00:00:00+00:00,103.37999725341797
1975-12-29 00:00:00+00:00,103.5
1975-12-30 00:00:00+00:00,103.51000213623047
1975-12-31 00:00:00+00:00,103.51000213623047
1976-01-02 00:00:00+00:00,103.48999786376953
1976-01-05 00:00:00+00:00,102.98999786376953
1976-01-06 00:00:00+00:00,103.0
1976-01-07 00:00:00+00:00,102.91000366210938
1976-01-08 00:00:00+00:00,103.0
1976-01-09 00:00:00+00:00,103.22000122070312
1976-01-12 00:00:00+00:00,103.19999694824219
1976-01-13 00:00:00+00:00,103.25
1976-01-14 00:00:00+00:00,103.12000274658203
1976-01-15 00:00:00+00:00,103.0999984741211
1976-01-16 00:00:00+00:00,103.1500015258789
1976-01-19 00:00:00+00:00,103.08999633789062
1976-01-20 00:00:00+00:00,103.16000366210938
1976-01-21 00:00:00+00:00,103.69000244140625
1976-01-22 00:00:00+00:00,103.7699966430664
1976-01-23 00:00:00+00:00,103.83000183105469
1976-01-26 00:00:00+00:00,103.68000030517578
1976-01-27 00:00:00+00:00,103.66000366210938
1976-01-28 00:00:00+00:00,103.72000122070312
1976-01-29 00:00:00+00:00,103.73999786376953
1976-01-30 00:00:00+00:00,103.87999725341797
1976-02-02 00:00:00+00:00,103.5199966430664
1976-02-03 00:00:00+00:00,103.5999984741211
1976-02-04 00:00:00+00:00,103.31999969482422
1976-02-05 00:00:00+00:00,103.44999694824219
1976-02-06 00:00:00+00:00,103.48999786376953
1976-02-09 00:00:00+00:00,103.29000091552734
1976-02-10 00:00:00+00:00,103.23999786376953
1976-02-11 00:00:00+00:00,102.94999694824219
1976-02-13 00:00:00+00:00,103.31999969482422
1976-02-17 00:00:00+00:00,103.66000366210938
1976-02-18 00:00:00+00:00,103.51000213623047
1976-02-19 00:00:00+00:00,103.45999908447266
1976-02-20 00:00:00+00:00,103.68000030517578
1976-02-23 00:00:00+00:00,103.76000213623047
1976-02-24 00:00:00+00:00,103.80999755859375
1976-02-25 00:00:00+00:00,103.66000366210938
1976-02-26 00:00:00+00:00,103.5999984741211
1976-02-27 00:00:00+00:00,103.66000366210938
1976-03-01 00:00:00+00:00,104.01000213623047
1976-03-02 00:00:00+00:00,104.06999969482422
1976-03-03 00:00:00+00:00,104.02999877929688
1976-03-04 00:00:00+00:00,104.33000183105469
1976-03-05 00:00:00+00:00,104.55999755859375
1976-03-08 00:00:00+00:00,104.5999984741211
1976-03-09 00:00:00+00:00,104.66000366210938
1976-03-10 00:00:00+00:00,104.95999908447266
1976-03-11 00:00:00+00:00,105.04000091552734
1976-03-12 00:00:00+00:00,105.1500015258789
1976-03-15 00:00:00+00:00,105.68000030517578
1976-03-16 00:00:00+00:00,106.0199966430664
1976-03-17 00:00:00+00:00,105.94000244140625
1976-03-18 00:00:00+00:00,105.73999786376953
1976-03-19 00:00:00+00:00,105.55999755859375
1976-03-22 00:00:00+00:00,105.41000366210938
1976-03-23 00:00:00+00:00,105.58999633789062
1976-03-24 00:00:00+00:00,105.44999694824219
1976-03-25 00:00:00+00:00,105.38999938964844
1976-03-26 00:00:00+00:00,105.61000061035156
1976-03-29 00:00:00+00:00,105.5999984741211
1976-03-30 00:00:00+00:00,105.36000061035156
1976-03-31 00:00:00+00:00,105.33999633789062
1976-04-01 00:00:00+00:00,105.37000274658203
1976-04-02 00:00:00+00:00,105.81999969482422
1976-04-05 00:00:00+00:00,105.81999969482422
1976-04-06 00:00:00+00:00,105.80999755859375
1976-04-07 00:00:00+00:00,105.91000366210938
1976-04-08 00:00:00+00:00,105.97000122070312
1976-04-09 00:00:00+00:00,106.13999938964844
1976-04-12 00:00:00+00:00,106.56999969482422
1976-04-13 00:00:00+00:00,106.33000183105469
1976-04-14 00:00:00+00:00,105.94000244140625
1976-04-15 00:00:00+00:00,106.11000061035156
1976-04-16 00:00:00+00:00,106.08000183105469
1976-04-19 00:00:00+00:00,106.1500015258789
1976-04-20 00:00:00+00:00,106.11000061035156
1976-04-21 00:00:00+00:00,106.16000366210938
1976-04-22 00:00:00+00:00,106.3499984741211
1976-04-23 00:00:00+00:00,106.5
1976-04-26 00:00:00+00:00,106.45999908447266
1976-04-27 00:00:00+00:00,106.41999816894531
1976-04-28 00:00:00+00:00,106.33000183105469
1976-04-29 00:00:00+00:00,106.23999786376953
1976-04-30 00:00:00+00:00,106.2300033569336
1976-05-03 00:00:00+00:00,106.29000091552734
1976-05-04 00:00:00+00:00,106.47000122070312
1976-05-05 00:00:00+00:00,106.47000122070312
1976-05-06 00:00:00+00:00,106.02999877929688
1976-05-07 00:00:00+00:00,105.8499984741211
1976-05-10 00:00:00+00:00,105.61000061035156
1976-05-11 00:00:00+00:00,105.7699966430664
1976-05-12 00:00:00+00:00,106.02999877929688
1976-05-13 00:00:00+00:00,106.08999633789062
1976-05-14 00:00:00+00:00,106.3499984741211
1976-05-17 00:00:00+00:00,106.97000122070312
1976-05-18 00:00:00+00:00,106.80000305175781
1976-05-19 00:00:00+00:00,106.55000305175781
1976-05-20 00:00:00+00:00,106.54000091552734
1976-05-21 00:00:00+00:00,106.97000122070312
1976-05-24 00:00:00+00:00,106.68000030517578
1976-05-25 00:00:00+00:00,106.86000061035156
1976-05-26 00:00:00+00:00,107.11000061035156
1976-05-27 00:00:00+00:00,107.01000213623047
1976-05-28 00:00:00+00:00,107.29000091552734
1976-06-01 00:00:00+00:00,107.38999938964844
1976-06-02 00:00:00+00:00,107.36000061035156
1976-06-03 00:00:00+00:00,107.5199966430664
1976-06-04 00:00:00+00:00,107.5999984741211
1976-06-07 00:00:00+00:00,107.12999725341797
1976-06-08 00:00:00+00:00,107.08999633789062
1976-06-09 00:00:00+00:00,107.04000091552734
1976-06-10 00:00:00+00:00,107.19000244140625
1976-06-11 00:00:00+00:00,107.12000274658203
1976-06-14 00:00:00+00:00,107.13999938964844
1976-06-15 00:00:00+00:00,106.9800033569336
1976-06-16 00:00:00+00:00,106.95999908447266
1976-06-17 00:00:00+00:00,107.0
1976-06-18 00:00:00+00:00,107.05000305175781
1976-06-21 00:00:00+00:00,107.12999725341797
1976-06-22 00:00:00+00:00,107.05999755859375
1976-06-23 00:00:00+00:00,106.83999633789062
1976-06-24 00:00:00+00:00,106.66999816894531
1976-06-25 00:00:00+00:00,106.87999725341797
1976-06-28 00:00:00+00:00,106.76000213623047
1976-06-29 00:00:00+00:00,106.68000030517578
1976-06-30 00:00:00+00:00,106.63999938964844
1976-07-01 00:00:00+00:00,106.58999633789062
1976-07-02 00:00:00+00:00,106.62000274658203
1976-07-06 00:00:00+00:00,106.52999877929688
1976-07-07 00:00:00+00:00,106.55000305175781
1976-07-08 00:00:00+00:00,106.68000030517578
1976-07-09 00:00:00+00:00,106.7699966430664
1976-07-12 00:00:00+00:00,106.7699966430664
1976-07-13 00:00:00+00:00,106.69000244140625
1976-07-14 00:00:00+00:00,106.58000183105469
1976-07-15 00:00:00+00:00,106.77999877929688
1976-07-16 00:00:00+00:00,107.06999969482422
1976-07-19 00:00:00+00:00,107.19000244140625
1976-07-20 00:00:00+00:00,107.06999969482422
1976-07-21 00:00:00+00:00,107.04000091552734
1976-07-22 00:00:00+00:00,107.12999725341797
1976-07-23 00:00:00+00:00,107.19999694824219
1976-07-26 00:00:00+00:00,107.20999908447266
1976-07-27 00:00:00+00:00,107.06999969482422
1976-07-28 00:00:00+00:00,106.79000091552734
1976-07-29 00:00:00+00:00,106.73999786376953
1976-07-30 00:00:00+00:00,106.55999755859375
1976-08-02 00:00:00+00:00,106.38999938964844
1976-08-03 00:00:00+00:00,106.56999969482422
1976-08-04 00:00:00+00:00,106.44000244140625
1976-08-05 00:00:00+00:00,106.68000030517578
1976-08-06 00:00:00+00:00,106.70999908447266
1976-08-09 00:00:00+00:00,106.73999786376953
1976-08-10 00:00:00+00:00,106.79000091552734
1976-08-11 00:00:00+00:00,106.66999816894531
1976-08-12 00:00:00+00:00,106.87999725341797
1976-08-13 00:00:00+00:00,106.69999694824219
1976-08-16 00:00:00+00:00,106.52999877929688
1976-08-17 00:00:00+00:00,106.0199966430664
1976-08-18 00:00:00+00:00,106.05000305175781
1976-08-19 00:00:00+00:00,106.19999694824219
1976-08-20 00:00:00+00:00,106.3499984741211
1976-08-23 00:00:00+00:00,106.20999908447266
1976-08-24 00:00:00+00:00,106.12000274658203
1976-08-25 00:00:00+00:00,106.26000213623047
1976-08-26 00:00:00+00:00,106.05999755859375
1976-08-27 00:00:00+00:00,106.16999816894531
1976-08-30 00:00:00+00:00,106.0
1976-08-31 00:00:00+00:00,106.12999725341797
1976-09-01 00:00:00+00:00,105.94000244140625
1976-09-02 00:00:00+00:00,106.0
1976-09-03 00:00:00+00:00,106.01000213623047
1976-09-07 00:00:00+00:00,105.94000244140625
1976-09-08 00:00:00+00:00,105.87000274658203
1976-09-09 00:00:00+00:00,105.80999755859375
1976-09-10 00:00:00+00:00,105.87000274658203
1976-09-13 00:00:00+00:00,105.83000183105469
1976-09-14 00:00:00+00:00,105.77999877929688
1976-09-15 00:00:00+00:00,105.4000015258789
1976-09-16 00:00:00+00:00,105.37000274658203
1976-09-17 00:00:00+00:00,105.44999694824219
1976-09-20 00:00:00+00:00,105.54000091552734
1976-09-21 00:00:00+00:00,105.55000305175781
1976-09-22 00:00:00+00:00,105.41999816894531
1976-09-23 00:00:00+00:00,105.69999694824219
1976-09-24 00:00:00+00:00,105.6500015258789
1976-09-27 00:00:00+00:00,105.66999816894531
1976-09-28 00:00:00+00:00,105.93000030517578
1976-09-29 00:00:00+00:00,105.68000030517578
1976-09-30 00:00:00+00:00,105.5
1976-10-01 00:00:00+00:00,105.81999969482422
1976-10-04 00:00:00+00:00,105.52999877929688
1976-10-05 00:00:00+00:00,105.30999755859375
1976-10-06 00:00:00+00:00,105.25
1976-10-07 00:00:00+00:00,105.33999633789062
1976-10-08 00:00:00+00:00,105.44000244140625
1976-10-12 00:00:00+00:00,105.62000274658203
1976-10-13 00:00:00+00:00,105.55000305175781
1976-10-14 00:00:00+00:00,105.77999877929688
1976-10-15 00:00:00+00:00,105.94000244140625
1976-10-18 00:00:00+00:00,106.30999755859375
1976-10-19 00:00:00+00:00,106.05999755859375
1976-10-20 00:00:00+00:00,105.80000305175781
1976-10-21 00:00:00+00:00,105.94000244140625
1976-10-22 00:00:00+00:00,105.91999816894531
1976-10-25 00:00:00+00:00,105.98999786376953
1976-10-26 00:00:00+00:00,106.04000091552734
1976-10-27 00:00:00+00:00,105.93000030517578
1976-10-28 00:00:00+00:00,106.04000091552734
1976-10-29 00:00:00+00:00,105.94000244140625
1976-11-01 00:00:00+00:00,106.0999984741211
1976-11-03 00:00:00+00:00,105.8499984741211
1976-11-04 00:00:00+00:00,106.0
1976-11-05 00:00:00+00:00,106.02999877929688
1976-11-08 00:00:00+00:00,105.87999725341797
1976-11-09 00:00:00+00:00,105.93000030517578
1976-11-10 00:00:00+00:00,105.88999938964844
1976-11-12 00:00:00+00:00,105.91000366210938
1976-11-15 00:00:00+00:00,105.87000274658203
1976-11-16 00:00:00+00:00,105.91999816894531
1976-11-17 00:00:00+00:00,105.79000091552734
1976-11-18 00:00:00+00:00,105.80999755859375
1976-11-19 00:00:00+00:00,105.70999908447266
1976-11-22 00:00:00+00:00,105.55999755859375
1976-11-23 00:00:00+00:00,105.68000030517578
1976-11-24 00:00:00+00:00,105.7300033569336
1976-11-26 00:00:00+00:00,105.91999816894531
1976-11-29 00:00:00+00:00,106.0199966430664
1976-11-30 00:00:00+00:00,106.19000244140625
1976-12-01 00:00:00+00:00,106.2300033569336
1976-12-02 00:00:00+00:00,106.18000030517578
1976-12-03 00:00:00+00:00,106.12000274658203
1976-12-06 00:00:00+00:00,105.86000061035156
1976-12-07 00:00:00+00:00,105.83999633789062
1976-12-08 00:00:00+00:00,105.77999877929688
1976-12-09 00:00:00+00:00,105.7300033569336
1976-12-10 00:00:00+00:00,105.68000030517578
1976-12-13 00:00:00+00:00,105.54000091552734
1976-12-14 00:00:00+00:00,105.55000305175781
1976-12-15 00:00:00+00:00,105.55999755859375
1976-12-16 00:00:00+00:00,105.4800033569336
1976-12-17 00:00:00+00:00,105.38999938964844
1976-12-20 00:00:00+00:00,104.93000030517578
1976-12-21 00:00:00+00:00,104.91000366210938
1976-12-22 00:00:00+00:00,104.88999938964844
1976-12-23 00:00:00+00:00,104.94999694824219
1976-12-24 00:00:00+00:00,104.91000366210938
1976-12-27 00:00:00+00:00,104.79000091552734
1976-12-28 00:00:00+00:00,104.61000061035156
1976-12-29 00:00:00+00:00,104.5199966430664
1976-12-30 00:00:00+00:00,104.58000183105469
1976-12-31 00:00:00+00:00,104.55999755859375
1977-01-03 00:00:00+00:00,104.16999816894531
1977-01-04 00:00:00+00:00,104.08999633789062
1977-01-05 00:00:00+00:00,104.2300033569336
1977-01-06 00:00:00+00:00,104.45999908447266
1977-01-07 00:00:00+00:00,104.72000122070312
1977-01-10 00:00:00+00:00,105.23999786376953
1977-01-11 00:00:00+00:00,105.0999984741211
1977-01-12 00:00:00+00:00,105.02999877929688
1977-01-13 00:00:00+00:00,105.30999755859375
1977-01-14 00:00:00+00:00,105.36000061035156
1977-01-17 00:00:00+00:00,105.44999694824219
1977-01-18 00:00:00+00:00,105.62000274658203
1977-01-19 00:00:00+00:00,105.54000091552734
1977-01-20 00:00:00+00:00,105.47000122070312
1977-01-21 00:00:00+00:00,105.45999908447266
1977-01-24 00:00:00+00:00,105.73999786376953
1977-01-25 00:00:00+00:00,105.88999938964844
1977-01-26 00:00:00+00:00,105.83000183105469
1977-01-27 00:00:00+00:00,105.91000366210938
1977-01-28 00:00:00+00:00,106.01000213623047
1977-01-31 00:00:00+00:00,105.54000091552734
1977-02-01 00:00:00+00:00,105.69999694824219
1977-02-02 00:00:00+00:00,105.69000244140625
1977-02-03 00:00:00+00:00,105.79000091552734
1977-02-04 00:00:00+00:00,105.77999877929688
1977-02-07 00:00:00+00:00,105.62999725341797
1977-02-08 00:00:00+00:00,105.63999938964844
1977-02-09 00:00:00+00:00,105.43000030517578
1977-02-10 00:00:00+00:00,105.41999816894531
1977-02-11 00:00:00+00:00,105.38999938964844
1977-02-14 00:00:00+00:00,105.08000183105469
1977-02-15 00:00:00+00:00,105.31999969482422
1977-02-16 00:00:00+00:00,105.27999877929688
1977-02-17 00:00:00+00:00,105.2300033569336
1977-02-18 00:00:00+00:00,105.22000122070312
1977-02-22 00:00:00+00:00,105.23999786376953
1977-02-23 00:00:00+00:00,105.29000091552734
1977-02-24 00:00:00+00:00,105.51000213623047
1977-02-25 00:00:00+00:00,105.29000091552734
1977-02-28 00:00:00+00:00,105.26000213623047
1977-03-01 00:00:00+00:00,105.27999877929688
1977-03-02 00:00:00+00:00,105.16999816894531
1977-03-03 00:00:00+00:00,105.13999938964844
1977-03-04 00:00:00+00:00,105.23999786376953
1977-03-07 00:00:00+00:00,105.2699966430664
1977-03-08 00:00:00+00:00,105.27999877929688
1977-03-09 00:00:00+00:00,105.38999938964844
1977-03-10 00:00:00+00:00,105.5
1977-03-11 00:00:00+00:00,105.44999694824219
1977-03-14 00:00:00+00:00,105.33999633789062
1977-03-15 00:00:00+00:00,105.38999938964844
1977-03-16 00:00:00+00:00,105.33000183105469
1977-03-17 00:00:00+00:00,105.2699966430664
1977-03-18 00:00:00+00:00,105.26000213623047
1977-03-21 00:00:00+00:00,105.11000061035156
1977-03-22 00:00:00+00:00,105.08000183105469
1977-03-23 00:00:00+00:00,104.98999786376953
1977-03-24 00:00:00+00:00,105.08999633789062
1977-03-25 00:00:00+00:00,105.08000183105469
1977-03-28 00:00:00+00:00,104.87999725341797
1977-03-29 00:00:00+00:00,104.98999786376953
1977-03-30 00:00:00+00:00,104.94999694824219
1977-03-31 00:00:00+00:00,105.02999877929688
1977-04-01 00:00:00+00:00,104.93000030517578
1977-04-04 00:00:00+00:00,105.04000091552734
1977-04-05 00:00:00+00:00,104.91000366210938
1977-04-06 00:00:00+00:00,104.9000015258789
1977-04-07 00:00:00+00:00,104.88999938964844
1977-04-08 00:00:00+00:00,104.8499984741211
1977-04-11 00:00:00+00:00,104.73999786376953
1977-04-12 00:00:00+00:00,104.52999877929688
1977-04-13 00:00:00+00:00,104.44999694824219
1977-04-14 00:00:00+00:00,104.54000091552734
1977-04-15 00:00:00+00:00,104.5199966430664
1977-04-18 00:00:00+00:00,104.54000091552734
1977-04-19 00:00:00+00:00,104.66000366210938
1977-04-20 00:00:00+00:00,104.83000183105469
1977-04-21 00:00:00+00:00,104.72000122070312
1977-04-22 00:00:00+00:00,104.76000213623047
1977-04-25 00:00:00+00:00,104.66999816894531
1977-04-26 00:00:00+00:00,104.75
1977-04-27 00:00:00+00:00,104.56999969482422
1977-04-28 00:00:00+00:00,104.41999816894531
1977-04-29 00:00:00+00:00,104.38999938964844
1977-05-02 00:00:00+00:00,104.41000366210938
1977-05-03 00:00:00+00:00,104.55000305175781
1977-05-04 00:00:00+00:00,104.22000122070312
1977-05-05 00:00:00+00:00,104.23999786376953
1977-05-06 00:00:00+00:00,104.30999755859375
1977-05-09 00:00:00+00:00,104.54000091552734
1977-05-10 00:00:00+00:00,104.56999969482422
1977-05-11 00:00:00+00:00,104.76000213623047
1977-05-12 00:00:00+00:00,104.68000030517578
1977-05-13 00:00:00+00:00,104.5999984741211
1977-05-16 00:00:00+00:00,104.61000061035156
1977-05-17 00:00:00+00:00,104.48999786376953
1977-05-18 00:00:00+00:00,104.44999694824219
1977-05-19 00:00:00+00:00,104.41999816894531
1977-05-20 00:00:00+00:00,104.5199966430664
1977-05-23 00:00:00+00:00,104.58999633789062
1977-05-24 00:00:00+00:00,104.55999755859375
1977-05-25 00:00:00+00:00,104.45999908447266
1977-05-26 00:00:00+00:00,104.4000015258789
1977-05-27 00:00:00+00:00,104.51000213623047
1977-05-31 00:00:00+00:00,104.5199966430664
1977-06-01 00:00:00+00:00,104.51000213623047
1977-06-02 00:00:00+00:00,104.44999694824219
1977-06-03 00:00:00+00:00,104.4800033569336
1977-06-06 00:00:00+00:00,104.45999908447266
1977-06-07 00:00:00+00:00,104.55000305175781
1977-06-08 00:00:00+00:00,104.41999816894531
1977-06-09 00:00:00+00:00,104.37999725341797
1977-06-10 00:00:00+00:00,104.41000366210938
1977-06-13 00:00:00+00:00,104.30000305175781
1977-06-14 00:00:00+00:00,104.33999633789062
1977-06-15 00:00:00+00:00,104.31999969482422
1977-06-16 00:00:00+00:00,104.31999969482422
1977-06-17 00:00:00+00:00,104.37999725341797
1977-06-20 00:00:00+00:00,104.4800033569336
1977-06-21 00:00:00+00:00,104.4800033569336
1977-06-22 00:00:00+00:00,104.37000274658203
1977-06-23 00:00:00+00:00,104.37999725341797
1977-06-24 00:00:00+00:00,104.4000015258789
1977-06-27 00:00:00+00:00,104.37000274658203
1977-06-28 00:00:00+00:00,104.33999633789062
1977-06-29 00:00:00+00:00,103.81999969482422
1977-06-30 00:00:00+00:00,103.83999633789062
1977-07-01 00:00:00+00:00,103.80000305175781
1977-07-05 00:00:00+00:00,103.13999938964844
1977-07-06 00:00:00+00:00,103.22000122070312
1977-07-07 00:00:00+00:00,103.02999877929688
1977-07-08 00:00:00+00:00,102.98999786376953
1977-07-11 00:00:00+00:00,102.55000305175781
1977-07-12 00:00:00+00:00,102.77999877929688
1977-07-13 00:00:00+00:00,102.58999633789062
1977-07-15 00:00:00+00:00,102.68000030517578
1977-07-18 00:00:00+00:00,102.29000091552734
1977-07-19 00:00:00+00:00,102.2300033569336
1977-07-20 00:00:00+00:00,102.1500015258789
1977-07-21 00:00:00+00:00,102.19000244140625
1977-07-22 00:00:00+00:00,102.0199966430664
1977-07-25 00:00:00+00:00,101.79000091552734
1977-07-26 00:00:00+00:00,101.77999877929688
1977-07-27 00:00:00+00:00,101.95999908447266
1977-07-28 00:00:00+00:00,102.33999633789062
1977-07-29 00:00:00+00:00,102.86000061035156
1977-08-01 00:00:00+00:00,102.97000122070312
1977-08-02 00:00:00+00:00,102.70999908447266
1977-08-03 00:00:00+00:00,102.66999816894531
1977-08-04 00:00:00+00:00,102.7699966430664
1977-08-05 00:00:00+00:00,102.66000366210938
1977-08-08 00:00:00+00:00,103.08999633789062
1977-08-09 00:00:00+00:00,102.98999786376953
1977-08-10 00:00:00+00:00,103.2300033569336
1977-08-11 00:00:00+00:00,103.18000030517578
1977-08-12 00:00:00+00:00,103.51000213623047
1977-08-15 00:00:00+00:00,103.58000183105469
1977-08-16 00:00:00+00:00,103.80000305175781
1977-08-17 00:00:00+00:00,103.4800033569336
1977-08-18 00:00:00+00:00,103.48999786376953
1977-08-19 00:00:00+00:00,103.48999786376953
1977-08-22 00:00:00+00:00,103.30999755859375
1977-08-23 00:00:00+00:00,103.22000122070312
1977-08-24 00:00:00+00:00,102.87000274658203
1977-08-25 00:00:00+00:00,103.23999786376953
1977-08-26 00:00:00+00:00,103.11000061035156
1977-08-29 00:00:00+00:00,103.83000183105469
1977-08-30 00:00:00+00:00,103.76000213623047
1977-08-31 00:00:00+00:00,103.63999938964844
1977-09-01 00:00:00+00:00,103.69000244140625
1977-09-02 00:00:00+00:00,103.7699966430664
1977-09-06 00:00:00+00:00,103.79000091552734
1977-09-07 00:00:00+00:00,103.61000061035156
1977-09-08 00:00:00+00:00,103.72000122070312
1977-09-09 00:00:00+00:00,103.80999755859375
1977-09-12 00:00:00+00:00,103.91999816894531
1977-09-13 00:00:00+00:00,103.9000015258789
1977-09-14 00:00:00+00:00,103.98999786376953
1977-09-15 00:00:00+00:00,103.88999938964844
1977-09-16 00:00:00+00:00,103.91000366210938
1977-09-19 00:00:00+00:00,103.87000274658203
1977-09-20 00:00:00+00:00,103.80000305175781
1977-09-21 00:00:00+00:00,103.75
1977-09-22 00:00:00+00:00,103.79000091552734
1977-09-23 00:00:00+00:00,103.80999755859375
1977-09-26 00:00:00+00:00,103.7699966430664
1977-09-27 00:00:00+00:00,103.87000274658203
1977-09-28 00:00:00+00:00,103.76000213623047
1977-09-29 00:00:00+00:00,103.52999877929688
1977-09-30 00:00:00+00:00,103.20999908447266
1977-10-03 00:00:00+00:00,102.69000244140625
1977-10-04 00:00:00+00:00,102.9000015258789
1977-10-05 00:00:00+00:00,102.91000366210938
1977-10-06 00:00:00+00:00,102.58999633789062
1977-10-07 00:00:00+00:00,102.5999984741211
1977-10-11 00:00:00+00:00,102.80000305175781
1977-10-12 00:00:00+00:00,102.55999755859375
1977-10-13 00:00:00+00:00,102.38999938964844
1977-10-14 00:00:00+00:00,102.04000091552734
1977-10-17 00:00:00+00:00,101.81999969482422
1977-10-18 00:00:00+00:00,101.81999969482422
1977-10-19 00:00:00+00:00,102.08999633789062
1977-10-20 00:00:00+00:00,102.12999725341797
1977-10-21 00:00:00+00:00,102.11000061035156
1977-10-24 00:00:00+00:00,101.69999694824219
1977-10-25 00:00:00+00:00,101.81999969482422
1977-10-26 00:00:00+00:00,101.73999786376953
1977-10-27 00:00:00+00:00,101.76000213623047
1977-10-28 00:00:00+00:00,101.56999969482422
1977-10-31 00:00:00+00:00,100.95999908447266
1977-11-01 00:00:00+00:00,100.41999816894531
1977-11-02 00:00:00+00:00,100.8499984741211
1977-11-03 00:00:00+00:00,100.97000122070312
1977-11-04 00:00:00+00:00,101.30999755859375
1977-11-07 00:00:00+00:00,101.45999908447266
1977-11-09 00:00:00+00:00,101.41000366210938
1977-11-10 00:00:00+00:00,101.01000213623047
1977-11-14 00:00:00+00:00,100.94000244140625
1977-11-15 00:00:00+00:00,100.97000122070312
1977-11-16 00:00:00+00:00,100.87000274658203
1977-11-17 00:00:00+00:00,100.93000030517578
1977-11-18 00:00:00+00:00,100.6500015258789
1977-11-21 00:00:00+00:00,100.61000061035156
1977-11-22 00:00:00+00:00,100.4000015258789
1977-11-23 00:00:00+00:00,100.30000305175781
1977-11-25 00:00:00+00:00,100.06999969482422
1977-11-28 00:00:00+00:00,100.0
1977-11-29 00:00:00+00:00,100.38999938964844
1977-11-30 00:00:00+00:00,100.37000274658203
1977-12-01 00:00:00+00:00,100.1500015258789
1977-12-02 00:00:00+00:00,99.94999694824219
1977-12-05 00:00:00+00:00,99.51000213623047
1977-12-06 00:00:00+00:00,99.27999877929688
1977-12-07 00:00:00+00:00,99.02999877929688
1977-12-08 00:00:00+00:00,99.22000122070312
1977-12-09 00:00:00+00:00,99.43000030517578
1977-12-12 00:00:00+00:00,99.16000366210938
1977-12-13 00:00:00+00:00,98.58999633789062
1977-12-14 00:00:00+00:00,97.98999786376953
1977-12-15 00:00:00+00:00,98.2300033569336
1977-12-16 00:00:00+00:00,98.16000366210938
1977-12-19 00:00:00+00:00,97.43000030517578
1977-12-20 00:00:00+00:00,97.37999725341797
1977-12-21 00:00:00+00:00,97.22000122070312
1977-12-22 00:00:00+00:00,98.26000213623047
1977-12-23 00:00:00+00:00,98.19000244140625
1977-12-27 00:00:00+00:00,98.41000366210938
1977-12-28 00:00:00+00:00,97.2300033569336
1977-12-29 00:00:00+00:00,96.56999969482422
1977-12-30 00:00:00+00:00,96.44000244140625
1978-01-03 00:00:00+00:00,95.20999908447266
1978-01-04 00:00:00+00:00,94.98999786376953
1978-01-05 00:00:00+00:00,97.87000274658203
1978-01-06 00:00:00+00:00,96.97000122070312
1978-01-09 00:00:00+00:00,97.48999786376953
1978-01-10 00:00:00+00:00,97.30000305175781
1978-01-11 00:00:00+00:00,96.5199966430664
1978-01-12 00:00:00+00:00,97.0999984741211
1978-01-13 00:00:00+00:00,96.83000183105469
1978-01-16 00:00:00+00:00,96.77999877929688
1978-01-17 00:00:00+00:00,97.16000366210938
1978-01-18 00:00:00+00:00,97.2699966430664
1978-01-19 00:00:00+00:00,97.08999633789062
1978-01-20 00:00:00+00:00,96.98999786376953
1978-01-23 00:00:00+00:00,96.62000274658203
1978-01-24 00:00:00+00:00,96.45999908447266
1978-01-25 00:00:00+00:00,96.22000122070312
1978-01-26 00:00:00+00:00,96.41000366210938
1978-01-27 00:00:00+00:00,96.73999786376953
1978-01-30 00:00:00+00:00,96.7300033569336
1978-01-31 00:00:00+00:00,96.63999938964844
1978-02-01 00:00:00+00:00,96.80999755859375
1978-02-02 00:00:00+00:00,96.9000015258789
1978-02-03 00:00:00+00:00,97.06999969482422
1978-02-06 00:00:00+00:00,97.04000091552734
1978-02-07 00:00:00+00:00,97.0999984741211
1978-02-08 00:00:00+00:00,97.02999877929688
1978-02-09 00:00:00+00:00,97.02999877929688
1978-02-10 00:00:00+00:00,96.95999908447266
1978-02-14 00:00:00+00:00,96.4000015258789
1978-02-15 00:00:00+00:00,96.44000244140625
1978-02-16 00:00:00+00:00,95.94999694824219
1978-02-17 00:00:00+00:00,95.77999877929688
1978-02-21 00:00:00+00:00,95.30999755859375
1978-02-22 00:00:00+00:00,95.16000366210938
1978-02-23 00:00:00+00:00,94.56999969482422
1978-02-24 00:00:00+00:00,95.94000244140625
1978-02-27 00:00:00+00:00,95.5
1978-02-28 00:00:00+00:00,94.5999984741211
1978-03-01 00:00:00+00:00,94.55999755859375
1978-03-02 00:00:00+00:00,94.45999908447266
1978-03-03 00:00:00+00:00,94.76000213623047
1978-03-06 00:00:00+00:00,94.88999938964844
1978-03-07 00:00:00+00:00,94.66000366210938
1978-03-08 00:00:00+00:00,94.80999755859375
1978-03-09 00:00:00+00:00,95.33000183105469
1978-03-10 00:00:00+00:00,96.0999984741211
1978-03-13 00:00:00+00:00,95.3499984741211
1978-03-14 00:00:00+00:00,95.19999694824219
1978-03-15 00:00:00+00:00,95.27999877929688
1978-03-16 00:00:00+00:00,94.95999908447266
1978-03-17 00:00:00+00:00,94.79000091552734
1978-03-20 00:00:00+00:00,94.79000091552734
1978-03-21 00:00:00+00:00,95.01000213623047
1978-03-22 00:00:00+00:00,94.83999633789062
1978-03-23 00:00:00+00:00,94.95999908447266
1978-03-24 00:00:00+00:00,94.79000091552734
1978-03-27 00:00:00+00:00,94.4800033569336
1978-03-28 00:00:00+00:00,94.41999816894531
1978-03-29 00:00:00+00:00,94.1500015258789
1978-03-30 00:00:00+00:00,94.16999816894531
1978-03-31 00:00:00+00:00,93.83999633789062
1978-04-03 00:00:00+00:00,93.4000015258789
1978-04-04 00:00:00+00:00,93.8499984741211
1978-04-05 00:00:00+00:00,93.63999938964844
1978-04-06 00:00:00+00:00,93.5
1978-04-07 00:00:00+00:00,93.66999816894531
1978-04-10 00:00:00+00:00,93.45999908447266
1978-04-11 00:00:00+00:00,93.5
1978-04-12 00:00:00+00:00,93.4800033569336
1978-04-13 00:00:00+00:00,94.0
1978-04-14 00:00:00+00:00,94.16000366210938
1978-04-17 00:00:00+00:00,94.48999786376953
1978-04-18 00:00:00+00:00,94.73999786376953
1978-04-19 00:00:00+00:00,94.87999725341797
1978-04-20 00:00:00+00:00,96.19000244140625
1978-04-21 00:00:00+00:00,95.80999755859375
1978-04-24 00:00:00+00:00,96.02999877929688
1978-04-25 00:00:00+00:00,95.9800033569336
1978-04-26 00:00:00+00:00,95.94000244140625
1978-04-27 00:00:00+00:00,95.12999725341797
1978-04-28 00:00:00+00:00,95.62000274658203
1978-05-01 00:00:00+00:00,95.58000183105469
1978-05-02 00:00:00+00:00,95.83999633789062
1978-05-03 00:00:00+00:00,95.77999877929688
1978-05-04 00:00:00+00:00,95.38999938964844
1978-05-05 00:00:00+00:00,95.54000091552734
1978-05-08 00:00:00+00:00,95.9800033569336
1978-05-09 00:00:00+00:00,96.19000244140625
1978-05-10 00:00:00+00:00,95.87999725341797
1978-05-11 00:00:00+00:00,96.16000366210938
1978-05-12 00:00:00+00:00,96.45999908447266
1978-05-15 00:00:00+00:00,96.62000274658203
1978-05-16 00:00:00+00:00,97.11000061035156
1978-05-17 00:00:00+00:00,97.0199966430664
1978-05-18 00:00:00+00:00,96.44000244140625
1978-05-19 00:00:00+00:00,96.9000015258789
1978-05-22 00:00:00+00:00,96.91000366210938
1978-05-23 00:00:00+00:00,97.08999633789062
1978-05-24 00:00:00+00:00,96.97000122070312
1978-05-25 00:00:00+00:00,96.66999816894531
1978-05-26 00:00:00+00:00,96.58000183105469
1978-05-29 00:00:00+00:00,96.4000015258789
1978-05-31 00:00:00+00:00,95.45999908447266
1978-06-01 00:00:00+00:00,95.44999694824219
1978-06-02 00:00:00+00:00,95.25
1978-06-05 00:00:00+00:00,95.58000183105469
1978-06-06 00:00:00+00:00,95.4800033569336
1978-06-07 00:00:00+00:00,95.4800033569336
1978-06-08 00:00:00+00:00,95.30999755859375
1978-06-09 00:00:00+00:00,95.29000091552734
1978-06-12 00:00:00+00:00,94.95999908447266
1978-06-13 00:00:00+00:00,94.98999786376953
1978-06-14 00:00:00+00:00,94.87999725341797
1978-06-15 00:00:00+00:00,95.20999908447266
1978-06-16 00:00:00+00:00,95.12999725341797
1978-06-19 00:00:00+00:00,94.9000015258789
1978-06-20 00:00:00+00:00,94.52999877929688
1978-06-21 00:00:00+00:00,94.23999786376953
1978-06-22 00:00:00+00:00,94.66000366210938
1978-06-23 00:00:00+00:00,94.02999877929688
1978-06-26 00:00:00+00:00,93.95999908447266
1978-06-27 00:00:00+00:00,94.05000305175781
1978-06-28 00:00:00+00:00,93.83000183105469
1978-06-29 00:00:00+00:00,93.62000274658203
1978-06-30 00:00:00+00:00,93.52999877929688
1978-07-03 00:00:00+00:00,93.16999816894531
1978-07-05 00:00:00+00:00,92.69999694824219
1978-07-06 00:00:00+00:00,93.19000244140625
1978-07-07 00:00:00+00:00,92.9000015258789
1978-07-10 00:00:00+00:00,92.41999816894531
1978-07-11 00:00:00+00:00,92.66999816894531
1978-07-12 00:00:00+00:00,92.86000061035156
1978-07-13 00:00:00+00:00,92.73999786376953
1978-07-14 00:00:00+00:00,92.87000274658203
1978-07-17 00:00:00+00:00,93.2300033569336
1978-07-18 00:00:00+00:00,93.04000091552734
1978-07-19 00:00:00+00:00,92.69999694824219
1978-07-20 00:00:00+00:00,92.55000305175781
1978-07-21 00:00:00+00:00,92.3499984741211
1978-07-24 00:00:00+00:00,91.80000305175781
1978-07-25 00:00:00+00:00,91.69999694824219
1978-07-26 00:00:00+00:00,91.8499984741211
1978-07-27 00:00:00+00:00,91.95999908447266
1978-07-28 00:00:00+00:00,91.2699966430664
1978-07-31 00:00:00+00:00,90.94000244140625
1978-08-01 00:00:00+00:00,90.9000015258789
1978-08-02 00:00:00+00:00,90.80999755859375
1978-08-03 00:00:00+00:00,90.86000061035156
1978-08-04 00:00:00+00:00,91.05999755859375
1978-08-07 00:00:00+00:00,90.47000122070312
1978-08-08 00:00:00+00:00,89.91000366210938
1978-08-09 00:00:00+00:00,89.66999816894531
1978-08-10 00:00:00+00:00,89.3499984741211
1978-08-11 00:00:00+00:00,88.91999816894531
1978-08-14 00:00:00+00:00,88.0
1978-08-15 00:00:00+00:00,88.33999633789062
1978-08-16 00:00:00+00:00,88.08000183105469
1978-08-17 00:00:00+00:00,89.88999938964844
1978-08-18 00:00:00+00:00,89.7300033569336
1978-08-21 00:00:00+00:00,90.63999938964844
1978-08-22 00:00:00+00:00,90.33000183105469
1978-08-23 00:00:00+00:00,90.61000061035156
1978-08-24 00:00:00+00:00,90.33000183105469
1978-08-25 00:00:00+00:00,90.83000183105469
1978-08-28 00:00:00+00:00,91.12999725341797
1978-08-29 00:00:00+00:00,90.11000061035156
1978-08-30 00:00:00+00:00,89.97000122070312
1978-08-31 00:00:00+00:00,90.0
1978-09-01 00:00:00+00:00,89.7300033569336
1978-09-05 00:00:00+00:00,89.76000213623047
1978-09-06 00:00:00+00:00,89.77999877929688
1978-09-07 00:00:00+00:00,90.05999755859375
1978-09-08 00:00:00+00:00,90.54000091552734
1978-09-11 00:00:00+00:00,90.4000015258789
1978-09-12 00:00:00+00:00,90.26000213623047
1978-09-13 00:00:00+00:00,89.68000030517578
1978-09-14 00:00:00+00:00,89.77999877929688
1978-09-15 00:00:00+00:00,89.70999908447266
1978-09-18 00:00:00+00:00,89.7699966430664
1978-09-19 00:00:00+00:00,89.73999786376953
1978-09-20 00:00:00+00:00,89.16999816894531
1978-09-21 00:00:00+00:00,88.87999725341797
1978-09-22 00:00:00+00:00,89.05000305175781
1978-09-25 00:00:00+00:00,88.66999816894531
1978-09-26 00:00:00+00:00,88.95999908447266
1978-09-27 00:00:00+00:00,88.80000305175781
1978-09-28 00:00:00+00:00,88.81999969482422
1978-09-29 00:00:00+00:00,88.83000183105469
1978-10-02 00:00:00+00:00,88.87999725341797
1978-10-03 00:00:00+00:00,88.2699966430664
1978-10-04 00:00:00+00:00,87.9000015258789
1978-10-05 00:00:00+00:00,87.87000274658203
1978-10-06 00:00:00+00:00,88.06999969482422
1978-10-10 00:00:00+00:00,87.80999755859375
1978-10-11 00:00:00+00:00,87.05000305175781
1978-10-12 00:00:00+00:00,87.2300033569336
1978-10-13 00:00:00+00:00,86.87000274658203
1978-10-16 00:00:00+00:00,86.6500015258789
1978-10-17 00:00:00+00:00,86.20999908447266
1978-10-18 00:00:00+00:00,86.0
1978-10-19 00:00:00+00:00,86.20999908447266
1978-10-20 00:00:00+00:00,85.45999908447266
1978-10-23 00:00:00+00:00,85.27999877929688
1978-10-24 00:00:00+00:00,85.44000244140625
1978-10-25 00:00:00+00:00,84.37000274658203
1978-10-26 00:00:00+00:00,83.56999969482422
1978-10-27 00:00:00+00:00,83.44000244140625
1978-10-30 00:00:00+00:00,82.06999969482422
1978-10-31 00:00:00+00:00,83.06999969482422
1978-11-01 00:00:00+00:00,86.68000030517578
1978-11-02 00:00:00+00:00,87.25
1978-11-03 00:00:00+00:00,87.94999694824219
1978-11-06 00:00:00+00:00,88.44000244140625
1978-11-08 00:00:00+00:00,87.5199966430664
1978-11-09 00:00:00+00:00,87.83000183105469
1978-11-10 00:00:00+00:00,87.9000015258789
1978-11-13 00:00:00+00:00,87.9800033569336
1978-11-14 00:00:00+00:00,88.05999755859375
1978-11-15 00:00:00+00:00,88.47000122070312
1978-11-16 00:00:00+00:00,89.36000061035156
1978-11-17 00:00:00+00:00,89.97000122070312
1978-11-20 00:00:00+00:00,90.19000244140625
1978-11-21 00:00:00+00:00,89.83999633789062
1978-11-22 00:00:00+00:00,89.69999694824219
1978-11-24 00:00:00+00:00,90.0199966430664
1978-11-27 00:00:00+00:00,90.05000305175781
1978-11-28 00:00:00+00:00,90.0
1978-11-29 00:00:00+00:00,90.01000213623047
1978-11-30 00:00:00+00:00,90.22000122070312
1978-12-01 00:00:00+00:00,90.62999725341797
1978-12-04 00:00:00+00:00,90.05000305175781
1978-12-05 00:00:00+00:00,89.83999633789062
1978-12-06 00:00:00+00:00,89.80000305175781
1978-12-07 00:00:00+00:00,89.87999725341797
1978-12-08 00:00:00+00:00,89.68000030517578
1978-12-11 00:00:00+00:00,89.22000122070312
1978-12-12 00:00:00+00:00,89.29000091552734
1978-12-13 00:00:00+00:00,89.33999633789062
1978-12-14 00:00:00+00:00,89.08999633789062
1978-12-15 00:00:00+00:00,88.94999694824219
1978-12-18 00:00:00+00:00,87.66000366210938
1978-12-19 00:00:00+00:00,87.19999694824219
1978-12-20 00:00:00+00:00,87.19000244140625
1978-12-21 00:00:00+00:00,87.87000274658203
1978-12-22 00:00:00+00:00,87.72000122070312
1978-12-26 00:00:00+00:00,87.56999969482422
1978-12-27 00:00:00+00:00,86.55000305175781
1978-12-28 00:00:00+00:00,86.81999969482422
1978-12-29 00:00:00+00:00,86.5
1979-01-02 00:00:00+00:00,86.5199966430664
1979-01-03 00:00:00+00:00,87.41000366210938
1979-01-04 00:00:00+00:00,87.54000091552734
1979-01-05 00:00:00+00:00,87.48999786376953
1979-01-08 00:00:00+00:00,87.20999908447266
1979-01-09 00:00:00+00:00,87.61000061035156
1979-01-10 00:00:00+00:00,87.63999938964844
1979-01-11 00:00:00+00:00,88.12000274658203
1979-01-12 00:00:00+00:00,88.04000091552734
1979-01-15 00:00:00+00:00,88.16000366210938
1979-01-16 00:00:00+00:00,87.80999755859375
1979-01-17 00:00:00+00:00,87.55999755859375
1979-01-18 00:00:00+00:00,87.37999725341797
1979-01-19 00:00:00+00:00,87.62000274658203
1979-01-22 00:00:00+00:00,87.66999816894531
1979-01-23 00:00:00+00:00,87.80999755859375
1979-01-24 00:00:00+00:00,87.66999816894531
1979-01-25 00:00:00+00:00,88.12999725341797
1979-01-26 00:00:00+00:00,88.12999725341797
1979-01-29 00:00:00+00:00,88.33999633789062
1979-01-30 00:00:00+00:00,88.43000030517578
1979-01-31 00:00:00+00:00,88.86000061035156
1979-02-01 00:00:00+00:00,89.23999786376953
1979-02-02 00:00:00+00:00,89.25
1979-02-05 00:00:00+00:00,88.5199966430664
1979-02-06 00:00:00+00:00,88.2699966430664
1979-02-07 00:00:00+00:00,87.3499984741211
1979-02-08 00:00:00+00:00,87.7699966430664
1979-02-09 00:00:00+00:00,87.8499984741211
1979-02-13 00:00:00+00:00,88.19000244140625
1979-02-14 00:00:00+00:00,88.25
1979-02-15 00:00:00+00:00,88.13999938964844
1979-02-16 00:00:00+00:00,88.2699966430664
1979-02-20 00:00:00+00:00,88.30999755859375
1979-02-21 00:00:00+00:00,88.3499984741211
1979-02-22 00:00:00+00:00,88.18000030517578
1979-02-23 00:00:00+00:00,88.16000366210938
1979-02-26 00:00:00+00:00,88.06999969482422
1979-02-27 00:00:00+00:00,88.13999938964844
1979-02-28 00:00:00+00:00,88.18000030517578
1979-03-01 00:00:00+00:00,88.27999877929688
1979-03-02 00:00:00+00:00,88.41000366210938
1979-03-05 00:00:00+00:00,88.4800033569336
1979-03-06 00:00:00+00:00,88.41000366210938
1979-03-07 00:00:00+00:00,88.1500015258789
1979-03-08 00:00:00+00:00,88.08999633789062
1979-03-09 00:00:00+00:00,88.20999908447266
1979-03-12 00:00:00+00:00,88.27999877929688
1979-03-13 00:00:00+00:00,88.58999633789062
1979-03-14 00:00:00+00:00,88.38999938964844
1979-03-15 00:00:00+00:00,88.45999908447266
1979-03-16 00:00:00+00:00,88.56999969482422
1979-03-19 00:00:00+00:00,88.5
1979-03-20 00:00:00+00:00,88.54000091552734
1979-03-21 00:00:00+00:00,88.5
1979-03-22 00:00:00+00:00,88.38999938964844
1979-03-23 00:00:00+00:00,88.44999694824219
1979-03-26 00:00:00+00:00,88.19999694824219
1979-03-27 00:00:00+00:00,88.41999816894531
1979-03-28 00:00:00+00:00,88.37000274658203
1979-03-29 00:00:00+00:00,88.4800033569336
1979-03-30 00:00:00+00:00,88.52999877929688
1979-04-02 00:00:00+00:00,88.9800033569336
1979-04-03 00:00:00+00:00,89.11000061035156
1979-04-04 00:00:00+00:00,89.1500015258789
1979-04-05 00:00:00+00:00,89.1500015258789
1979-04-06 00:00:00+00:00,89.20999908447266
1979-04-09 00:00:00+00:00,89.4000015258789
1979-04-10 00:00:00+00:00,89.18000030517578
1979-04-11 00:00:00+00:00,89.19000244140625
1979-04-12 00:00:00+00:00,89.62999725341797
1979-04-16 00:00:00+00:00,89.66000366210938
1979-04-17 00:00:00+00:00,89.75
1979-04-18 00:00:00+00:00,89.38999938964844
1979-04-19 00:00:00+00:00,89.43000030517578
1979-04-20 00:00:00+00:00,89.83000183105469
1979-04-23 00:00:00+00:00,89.76000213623047
1979-04-24 00:00:00+00:00,89.69000244140625
1979-04-25 00:00:00+00:00,89.73999786376953
1979-04-26 00:00:00+00:00,89.69999694824219
1979-04-27 00:00:00+00:00,89.8499984741211
1979-04-30 00:00:00+00:00,89.9800033569336
1979-05-01 00:00:00+00:00,90.11000061035156
1979-05-02 00:00:00+00:00,90.20999908447266
1979-05-03 00:00:00+00:00,90.18000030517578
1979-05-04 00:00:00+00:00,90.01000213623047
1979-05-07 00:00:00+00:00,89.55000305175781
1979-05-08 00:00:00+00:00,89.73999786376953
1979-05-09 00:00:00+00:00,89.63999938964844
1979-05-10 00:00:00+00:00,89.91000366210938
1979-05-11 00:00:00+00:00,90.02999877929688
1979-05-14 00:00:00+00:00,89.9800033569336
1979-05-15 00:00:00+00:00,90.08000183105469
1979-05-16 00:00:00+00:00,90.0199966430664
1979-05-17 00:00:00+00:00,90.37999725341797
1979-05-18 00:00:00+00:00,90.70999908447266
1979-05-21 00:00:00+00:00,90.87000274658203
1979-05-22 00:00:00+00:00,90.86000061035156
1979-05-23 00:00:00+00:00,90.72000122070312
1979-05-24 00:00:00+00:00,90.58999633789062
1979-05-25 00:00:00+00:00,90.83000183105469
1979-05-28 00:00:00+00:00,90.88999938964844
1979-05-29 00:00:00+00:00,91.0199966430664
1979-05-31 00:00:00+00:00,90.52999877929688
1979-06-01 00:00:00+00:00,90.81999969482422
1979-06-04 00:00:00+00:00,90.62000274658203
1979-06-05 00:00:00+00:00,90.79000091552734
1979-06-06 00:00:00+00:00,90.77999877929688
1979-06-07 00:00:00+00:00,90.66999816894531
1979-06-08 00:00:00+00:00,90.6500015258789
1979-06-11 00:00:00+00:00,90.6500015258789
1979-06-12 00:00:00+00:00,90.58999633789062
1979-06-13 00:00:00+00:00,90.44000244140625
1979-06-14 00:00:00+00:00,90.41999816894531
1979-06-15 00:00:00+00:00,89.80999755859375
1979-06-18 00:00:00+00:00,89.87999725341797
1979-06-19 00:00:00+00:00,89.19000244140625
1979-06-20 00:00:00+00:00,88.95999908447266
1979-06-21 00:00:00+00:00,88.75
1979-06-22 00:00:00+00:00,88.41999816894531
1979-06-25 00:00:00+00:00,87.70999908447266
1979-06-26 00:00:00+00:00,88.19000244140625
1979-06-27 00:00:00+00:00,88.02999877929688
1979-06-28 00:00:00+00:00,87.9800033569336
1979-06-29 00:00:00+00:00,87.8499984741211
1979-07-02 00:00:00+00:00,87.88999938964844
1979-07-03 00:00:00+00:00,87.81999969482422
1979-07-05 00:00:00+00:00,87.33999633789062
1979-07-06 00:00:00+00:00,87.51000213623047
1979-07-09 00:00:00+00:00,87.75
1979-07-10 00:00:00+00:00,87.54000091552734
1979-07-11 00:00:00+00:00,87.27999877929688
1979-07-12 00:00:00+00:00,87.23999786376953
1979-07-13 00:00:00+00:00,87.22000122070312
1979-07-16 00:00:00+00:00,86.94999694824219
1979-07-17 00:00:00+00:00,86.51000213623047
1979-07-18 00:00:00+00:00,86.11000061035156
1979-07-19 00:00:00+00:00,86.30000305175781
1979-07-20 00:00:00+00:00,86.7300033569336
1979-07-23 00:00:00+00:00,86.30000305175781
1979-07-24 00:00:00+00:00,86.0199966430664
1979-07-25 00:00:00+00:00,86.18000030517578
1979-07-26 00:00:00+00:00,86.36000061035156
1979-07-27 00:00:00+00:00,86.4800033569336
1979-07-30 00:00:00+00:00,86.77999877929688
1979-07-31 00:00:00+00:00,87.30999755859375
1979-08-01 00:00:00+00:00,86.97000122070312
1979-08-02 00:00:00+00:00,87.0199966430664
1979-08-03 00:00:00+00:00,87.13999938964844
1979-08-06 00:00:00+00:00,87.1500015258789
1979-08-07 00:00:00+00:00,87.29000091552734
1979-08-08 00:00:00+00:00,87.25
1979-08-09 00:00:00+00:00,87.0199966430664
1979-08-10 00:00:00+00:00,86.91000366210938
1979-08-13 00:00:00+00:00,87.12999725341797
1979-08-14 00:00:00+00:00,87.30000305175781
1979-08-15 00:00:00+00:00,87.31999969482422
1979-08-16 00:00:00+00:00,87.25
1979-08-17 00:00:00+00:00,87.4000015258789
1979-08-20 00:00:00+00:00,87.36000061035156
1979-08-21 00:00:00+00:00,87.43000030517578
1979-08-22 00:00:00+00:00,87.45999908447266
1979-08-23 00:00:00+00:00,87.33999633789062
1979-08-24 00:00:00+00:00,87.29000091552734
1979-08-27 00:00:00+00:00,87.43000030517578
1979-08-28 00:00:00+00:00,87.3499984741211
1979-08-29 00:00:00+00:00,87.45999908447266
1979-08-30 00:00:00+00:00,87.16999816894531
1979-08-31 00:00:00+00:00,87.19000244140625
1979-09-04 00:00:00+00:00,87.26000213623047
1979-09-05 00:00:00+00:00,87.20999908447266
1979-09-06 00:00:00+00:00,86.88999938964844
1979-09-07 00:00:00+00:00,86.7699966430664
1979-09-10 00:00:00+00:00,86.75
1979-09-11 00:00:00+00:00,86.93000030517578
1979-09-12 00:00:00+00:00,86.95999908447266
1979-09-13 00:00:00+00:00,87.30000305175781
1979-09-14 00:00:00+00:00,87.43000030517578
1979-09-17 00:00:00+00:00,87.47000122070312
1979-09-18 00:00:00+00:00,87.45999908447266
1979-09-19 00:00:00+00:00,87.36000061035156
1979-09-20 00:00:00+00:00,86.18000030517578
1979-09-21 00:00:00+00:00,86.22000122070312
1979-09-24 00:00:00+00:00,86.38999938964844
1979-09-25 00:00:00+00:00,86.37999725341797
1979-09-26 00:00:00+00:00,86.0999984741211
1979-09-27 00:00:00+00:00,85.52999877929688
1979-09-28 00:00:00+00:00,85.44999694824219
1979-10-01 00:00:00+00:00,85.43000030517578
1979-10-02 00:00:00+00:00,85.88999938964844
1979-10-03 00:00:00+00:00,86.08999633789062
1979-10-04 00:00:00+00:00,86.23999786376953
1979-10-05 00:00:00+00:00,86.18000030517578
1979-10-09 00:00:00+00:00,87.66000366210938
1979-10-10 00:00:00+00:00,87.0199966430664
1979-10-11 00:00:00+00:00,87.36000061035156
1979-10-12 00:00:00+00:00,87.44999694824219
1979-10-15 00:00:00+00:00,87.72000122070312
1979-10-16 00:00:00+00:00,88.0
1979-10-17 00:00:00+00:00,88.2699966430664
1979-10-18 00:00:00+00:00,87.97000122070312
1979-10-19 00:00:00+00:00,87.94999694824219
1979-10-22 00:00:00+00:00,88.27999877929688
1979-10-23 00:00:00+00:00,88.75
1979-10-24 00:00:00+00:00,88.55999755859375
1979-10-25 00:00:00+00:00,88.41999816894531
1979-10-26 00:00:00+00:00,88.80000305175781
1979-10-29 00:00:00+00:00,88.97000122070312
1979-10-30 00:00:00+00:00,89.12000274658203
1979-10-31 00:00:00+00:00,88.94999694824219
1979-11-01 00:00:00+00:00,88.79000091552734
1979-11-02 00:00:00+00:00,88.47000122070312
1979-11-05 00:00:00+00:00,88.61000061035156
1979-11-07 00:00:00+00:00,88.43000030517578
1979-11-08 00:00:00+00:00,88.77999877929688
1979-11-09 00:00:00+00:00,88.9800033569336
1979-11-13 00:00:00+00:00,89.0199966430664
1979-11-14 00:00:00+00:00,88.45999908447266
1979-11-15 00:00:00+00:00,88.61000061035156
1979-11-16 00:00:00+00:00,88.27999877929688
1979-11-19 00:00:00+00:00,87.68000030517578
1979-11-20 00:00:00+00:00,87.83999633789062
1979-11-21 00:00:00+00:00,87.68000030517578
1979-11-23 00:00:00+00:00,87.94000244140625
1979-11-26 00:00:00+00:00,87.76000213623047
1979-11-27 00:00:00+00:00,87.66000366210938
1979-11-28 00:00:00+00:00,87.5
1979-11-29 00:00:00+00:00,87.19999694824219
1979-11-30 00:00:00+00:00,86.79000091552734
1979-12-03 00:00:00+00:00,85.9800033569336
1979-12-04 00:00:00+00:00,86.55000305175781
1979-12-05 00:00:00+00:00,87.05000305175781
1979-12-06 00:00:00+00:00,86.86000061035156
1979-12-07 00:00:00+00:00,87.04000091552734
1979-12-10 00:00:00+00:00,86.62000274658203
1979-12-11 00:00:00+00:00,86.30999755859375
1979-12-12 00:00:00+00:00,86.29000091552734
1979-12-13 00:00:00+00:00,86.27999877929688
1979-12-14 00:00:00+00:00,86.66999816894531
1979-12-17 00:00:00+00:00,86.47000122070312
1979-12-18 00:00:00+00:00,86.31999969482422
1979-12-19 00:00:00+00:00,86.1500015258789
1979-12-20 00:00:00+00:00,86.2300033569336
1979-12-21 00:00:00+00:00,86.37999725341797
1979-12-24 00:00:00+00:00,86.16999816894531
1979-12-26 00:00:00+00:00,85.98999786376953
1979-12-27 00:00:00+00:00,85.51000213623047
1979-12-28 00:00:00+00:00,85.80999755859375
1979-12-31 00:00:00+00:00,85.81999969482422
1980-01-02 00:00:00+00:00,85.31999969482422
1980-01-03 00:00:00+00:00,85.26000213623047
1980-01-04 00:00:00+00:00,85.2300033569336
1980-01-07 00:00:00+00:00,84.79000091552734
1980-01-08 00:00:00+00:00,85.06999969482422
1980-01-09 00:00:00+00:00,85.0199966430664
1980-01-10 00:00:00+00:00,85.20999908447266
1980-01-11 00:00:00+00:00,85.3499984741211
1980-01-14 00:00:00+00:00,85.2300033569336
1980-01-15 00:00:00+00:00,85.63999938964844
1980-01-16 00:00:00+00:00,85.4000015258789
1980-01-17 00:00:00+00:00,85.5199966430664
1980-01-18 00:00:00+00:00,85.44999694824219
1980-01-21 00:00:00+00:00,85.69999694824219
1980-01-22 00:00:00+00:00,85.80000305175781
1980-01-23 00:00:00+00:00,85.55999755859375
1980-01-24 00:00:00+00:00,85.70999908447266
1980-01-25 00:00:00+00:00,85.94000244140625
1980-01-28 00:00:00+00:00,86.0999984741211
1980-01-29 00:00:00+00:00,86.0199966430664
1980-01-30 00:00:00+00:00,85.95999908447266
1980-01-31 00:00:00+00:00,86.13999938964844
1980-02-01 00:00:00+00:00,86.12999725341797
1980-02-04 00:00:00+00:00,86.05000305175781
1980-02-05 00:00:00+00:00,86.0199966430664
1980-02-06 00:00:00+00:00,85.62000274658203
1980-02-07 00:00:00+00:00,85.80000305175781
1980-02-08 00:00:00+00:00,85.94000244140625
1980-02-11 00:00:00+00:00,85.8499984741211
1980-02-13 00:00:00+00:00,85.7699966430664
1980-02-14 00:00:00+00:00,85.83999633789062
1980-02-15 00:00:00+00:00,86.0999984741211
1980-02-19 00:00:00+00:00,86.51000213623047
1980-02-20 00:00:00+00:00,86.4800033569336
1980-02-21 00:00:00+00:00,86.41000366210938
1980-02-22 00:00:00+00:00,86.91999816894531
1980-02-25 00:00:00+00:00,87.05000305175781
1980-02-26 00:00:00+00:00,87.08000183105469
1980-02-27 00:00:00+00:00,86.9000015258789
1980-02-28 00:00:00+00:00,87.01000213623047
1980-02-29 00:00:00+00:00,87.6500015258789
1980-03-03 00:00:00+00:00,87.8499984741211
1980-03-04 00:00:00+00:00,88.08000183105469
1980-03-05 00:00:00+00:00,87.98999786376953
1980-03-06 00:00:00+00:00,88.31999969482422
1980-03-07 00:00:00+00:00,88.41000366210938
1980-03-10 00:00:00+00:00,88.88999938964844
1980-03-11 00:00:00+00:00,88.93000030517578
1980-03-12 00:00:00+00:00,88.80000305175781
1980-03-13 00:00:00+00:00,89.2699966430664
1980-03-14 00:00:00+00:00,89.81999969482422
1980-03-17 00:00:00+00:00,91.2699966430664
1980-03-18 00:00:00+00:00,91.3499984741211
1980-03-19 00:00:00+00:00,91.08999633789062
1980-03-20 00:00:00+00:00,90.83999633789062
1980-03-21 00:00:00+00:00,91.26000213623047
1980-03-24 00:00:00+00:00,91.61000061035156
1980-03-25 00:00:00+00:00,91.83999633789062
1980-03-26 00:00:00+00:00,91.75
1980-03-27 00:00:00+00:00,92.48999786376953
1980-03-28 00:00:00+00:00,92.83000183105469
1980-03-31 00:00:00+00:00,93.58000183105469
1980-04-01 00:00:00+00:00,94.22000122070312
1980-04-02 00:00:00+00:00,94.06999969482422
1980-04-03 00:00:00+00:00,94.37000274658203
1980-04-04 00:00:00+00:00,94.66999816894531
1980-04-07 00:00:00+00:00,94.87999725341797
1980-04-08 00:00:00+00:00,93.45999908447266
1980-04-09 00:00:00+00:00,91.62999725341797
1980-04-10 00:00:00+00:00,91.06999969482422
1980-04-11 00:00:00+00:00,91.26000213623047
1980-04-14 00:00:00+00:00,91.0199966430664
1980-04-15 00:00:00+00:00,91.80999755859375
1980-04-16 00:00:00+00:00,90.56999969482422
1980-04-17 00:00:00+00:00,90.51000213623047
1980-04-18 00:00:00+00:00,90.5
1980-04-21 00:00:00+00:00,90.1500015258789
1980-04-22 00:00:00+00:00,90.55000305175781
1980-04-23 00:00:00+00:00,88.87000274658203
1980-04-24 00:00:00+00:00,88.83000183105469
1980-04-25 00:00:00+00:00,88.68000030517578
1980-04-28 00:00:00+00:00,88.04000091552734
1980-04-29 00:00:00+00:00,88.01000213623047
1980-04-30 00:00:00+00:00,88.11000061035156
1980-05-01 00:00:00+00:00,88.22000122070312
1980-05-02 00:00:00+00:00,88.9000015258789
1980-05-05 00:00:00+00:00,87.83999633789062
1980-05-06 00:00:00+00:00,87.41000366210938
1980-05-07 00:00:00+00:00,87.20999908447266
1980-05-08 00:00:00+00:00,87.5
1980-05-09 00:00:00+00:00,88.01000213623047
1980-05-12 00:00:00+00:00,87.08000183105469
1980-05-13 00:00:00+00:00,87.2300033569336
1980-05-14 00:00:00+00:00,86.91999816894531
1980-05-15 00:00:00+00:00,86.97000122070312
1980-05-16 00:00:00+00:00,87.23999786376953
1980-05-19 00:00:00+00:00,87.38999938964844
1980-05-20 00:00:00+00:00,87.23999786376953
1980-05-21 00:00:00+00:00,86.37999725341797
1980-05-22 00:00:00+00:00,86.37000274658203
1980-05-23 00:00:00+00:00,85.77999877929688
1980-05-27 00:00:00+00:00,85.1500015258789
1980-05-28 00:00:00+00:00,85.68000030517578
1980-05-29 00:00:00+00:00,85.9000015258789
1980-05-30 00:00:00+00:00,85.93000030517578
1980-06-02 00:00:00+00:00,86.08999633789062
1980-06-03 00:00:00+00:00,86.06999969482422
1980-06-04 00:00:00+00:00,85.80000305175781
1980-06-05 00:00:00+00:00,85.72000122070312
1980-06-06 00:00:00+00:00,85.5
1980-06-09 00:00:00+00:00,84.98999786376953
1980-06-10 00:00:00+00:00,85.0199966430664
1980-06-11 00:00:00+00:00,85.19000244140625
1980-06-12 00:00:00+00:00,85.06999969482422
1980-06-13 00:00:00+00:00,84.75
1980-06-16 00:00:00+00:00,85.12000274658203
1980-06-17 00:00:00+00:00,85.16000366210938
1980-06-18 00:00:00+00:00,85.0199966430664
1980-06-19 00:00:00+00:00,85.16000366210938
1980-06-20 00:00:00+00:00,85.25
1980-06-23 00:00:00+00:00,85.13999938964844
1980-06-24 00:00:00+00:00,85.2699966430664
1980-06-25 00:00:00+00:00,85.31999969482422
1980-06-26 00:00:00+00:00,85.16000366210938
1980-06-27 00:00:00+00:00,85.12999725341797
1980-06-30 00:00:00+00:00,85.19999694824219
1980-07-01 00:00:00+00:00,85.0999984741211
1980-07-02 00:00:00+00:00,85.0
1980-07-03 00:00:00+00:00,84.88999938964844
1980-07-07 00:00:00+00:00,84.19000244140625
1980-07-08 00:00:00+00:00,84.2699966430664
1980-07-09 00:00:00+00:00,84.2699966430664
1980-07-10 00:00:00+00:00,84.12000274658203
1980-07-11 00:00:00+00:00,84.22000122070312
1980-07-14 00:00:00+00:00,84.38999938964844
1980-07-15 00:00:00+00:00,84.62000274658203
1980-07-16 00:00:00+00:00,84.47000122070312
1980-07-17 00:00:00+00:00,84.16999816894531
1980-07-18 00:00:00+00:00,84.61000061035156
1980-07-21 00:00:00+00:00,84.43000030517578
1980-07-22 00:00:00+00:00,84.30999755859375
1980-07-23 00:00:00+00:00,84.52999877929688
1980-07-24 00:00:00+00:00,84.30000305175781
1980-07-25 00:00:00+00:00,84.54000091552734
1980-07-28 00:00:00+00:00,84.7300033569336
1980-07-29 00:00:00+00:00,85.29000091552734
1980-07-30 00:00:00+00:00,85.91999816894531
1980-07-31 00:00:00+00:00,86.08000183105469
1980-08-01 00:00:00+00:00,86.48999786376953
1980-08-04 00:00:00+00:00,86.12999725341797
1980-08-05 00:00:00+00:00,85.80999755859375
1980-08-06 00:00:00+00:00,85.44999694824219
1980-08-07 00:00:00+00:00,85.87000274658203
1980-08-08 00:00:00+00:00,85.93000030517578
1980-08-11 00:00:00+00:00,85.94999694824219
1980-08-12 00:00:00+00:00,85.72000122070312
1980-08-13 00:00:00+00:00,85.79000091552734
1980-08-14 00:00:00+00:00,85.93000030517578
1980-08-15 00:00:00+00:00,86.0
1980-08-18 00:00:00+00:00,86.43000030517578
1980-08-19 00:00:00+00:00,86.47000122070312
1980-08-20 00:00:00+00:00,86.30999755859375
1980-08-21 00:00:00+00:00,86.36000061035156
1980-08-22 00:00:00+00:00,86.86000061035156
1980-08-25 00:00:00+00:00,86.55000305175781
1980-08-26 00:00:00+00:00,86.25
1980-08-27 00:00:00+00:00,86.16999816894531
1980-08-28 00:00:00+00:00,85.69000244140625
1980-08-29 00:00:00+00:00,85.8499984741211
1980-09-02 00:00:00+00:00,85.19000244140625
1980-09-03 00:00:00+00:00,85.1500015258789
1980-09-04 00:00:00+00:00,85.19999694824219
1980-09-05 00:00:00+00:00,85.41000366210938
1980-09-08 00:00:00+00:00,85.19999694824219
1980-09-09 00:00:00+00:00,85.33000183105469
1980-09-10 00:00:00+00:00,85.29000091552734
1980-09-11 00:00:00+00:00,85.0999984741211
1980-09-12 00:00:00+00:00,85.08000183105469
1980-09-15 00:00:00+00:00,85.23999786376953
1980-09-16 00:00:00+00:00,85.26000213623047
1980-09-17 00:00:00+00:00,85.20999908447266
1980-09-18 00:00:00+00:00,85.58000183105469
1980-09-19 00:00:00+00:00,85.55000305175781
1980-09-22 00:00:00+00:00,86.0199966430664
1980-09-23 00:00:00+00:00,86.29000091552734
1980-09-24 00:00:00+00:00,85.66000366210938
1980-09-25 00:00:00+00:00,85.79000091552734
1980-09-26 00:00:00+00:00,85.80000305175781
1980-09-29 00:00:00+00:00,86.13999938964844
1980-09-30 00:00:00+00:00,86.0199966430664
1980-10-01 00:00:00+00:00,85.75
1980-10-02 00:00:00+00:00,85.87999725341797
1980-10-03 00:00:00+00:00,85.80000305175781
1980-10-06 00:00:00+00:00,85.43000030517578
1980-10-07 00:00:00+00:00,85.68000030517578
1980-10-08 00:00:00+00:00,85.5999984741211
1980-10-09 00:00:00+00:00,85.63999938964844
1980-10-10 00:00:00+00:00,85.58999633789062
1980-10-14 00:00:00+00:00,85.7300033569336
1980-10-15 00:00:00+00:00,86.0
1980-10-16 00:00:00+00:00,86.08999633789062
1980-10-17 00:00:00+00:00,86.5199966430664
1980-10-20 00:00:00+00:00,86.9800033569336
1980-10-21 00:00:00+00:00,86.91999816894531
1980-10-22 00:00:00+00:00,87.05999755859375
1980-10-23 00:00:00+00:00,87.04000091552734
1980-10-24 00:00:00+00:00,87.33999633789062
1980-10-27 00:00:00+00:00,87.80000305175781
1980-10-28 00:00:00+00:00,88.20999908447266
1980-10-29 00:00:00+00:00,87.76000213623047
1980-10-30 00:00:00+00:00,88.16000366210938
1980-10-31 00:00:00+00:00,88.37999725341797
1980-11-03 00:00:00+00:00,88.63999938964844
1980-11-05 00:00:00+00:00,89.48999786376953
1980-11-06 00:00:00+00:00,89.7300033569336
1980-11-07 00:00:00+00:00,90.12000274658203
1980-11-10 00:00:00+00:00,88.48999786376953
1980-11-12 00:00:00+00:00,88.70999908447266
1980-11-13 00:00:00+00:00,88.43000030517578
1980-11-14 00:00:00+00:00,88.8499984741211
1980-11-17 00:00:00+00:00,89.75
1980-11-18 00:00:00+00:00,89.41000366210938
1980-11-19 00:00:00+00:00,88.9800033569336
1980-11-20 00:00:00+00:00,89.30000305175781
1980-11-21 00:00:00+00:00,89.55999755859375
1980-11-24 00:00:00+00:00,89.66000366210938
1980-11-25 00:00:00+00:00,89.44999694824219
1980-11-26 00:00:00+00:00,89.7699966430664
1980-11-28 00:00:00+00:00,90.01000213623047
1980-12-01 00:00:00+00:00,90.55000305175781
1980-12-02 00:00:00+00:00,90.66000366210938
1980-12-03 00:00:00+00:00,90.30999755859375
1980-12-04 00:00:00+00:00,90.23999786376953
1980-12-05 00:00:00+00:00,90.83999633789062
1980-12-08 00:00:00+00:00,90.66999816894531
1980-12-09 00:00:00+00:00,91.3499984741211
1980-12-10 00:00:00+00:00,92.12999725341797
1980-12-11 00:00:00+00:00,92.56999969482422
1980-12-12 00:00:00+00:00,92.27999877929688
1980-12-15 00:00:00+00:00,91.76000213623047
1980-12-16 00:00:00+00:00,92.66000366210938
1980-12-17 00:00:00+00:00,91.5
1980-12-18 00:00:00+00:00,91.80999755859375
1980-12-19 00:00:00+00:00,91.1500015258789
1980-12-22 00:00:00+00:00,90.5999984741211
1980-12-23 00:00:00+00:00,90.18000030517578
1980-12-24 00:00:00+00:00,90.02999877929688
1980-12-26 00:00:00+00:00,90.06999969482422
1980-12-29 00:00:00+00:00,90.31999969482422
1980-12-30 00:00:00+00:00,89.86000061035156
1980-12-31 00:00:00+00:00,90.38999938964844
1981-01-02 00:00:00+00:00,90.51000213623047
1981-01-05 00:00:00+00:00,89.13999938964844
1981-01-06 00:00:00+00:00,88.94999694824219
1981-01-07 00:00:00+00:00,89.44999694824219
1981-01-08 00:00:00+00:00,89.98999786376953
1981-01-09 00:00:00+00:00,90.51000213623047
1981-01-12 00:00:00+00:00,90.83000183105469
1981-01-13 00:00:00+00:00,91.30999755859375
1981-01-14 00:00:00+00:00,91.01000213623047
1981-01-15 00:00:00+00:00,91.1500015258789
1981-01-16 00:00:00+00:00,91.44999694824219
1981-01-19 00:00:00+00:00,91.36000061035156
1981-01-20 00:00:00+00:00,91.04000091552734
1981-01-21 00:00:00+00:00,90.62999725341797
1981-01-22 00:00:00+00:00,91.7300033569336
1981-01-23 00:00:00+00:00,92.11000061035156
1981-01-26 00:00:00+00:00,92.58000183105469
1981-01-27 00:00:00+00:00,93.12000274658203
1981-01-28 00:00:00+00:00,93.62000274658203
1981-01-29 00:00:00+00:00,93.98999786376953
1981-01-30 00:00:00+00:00,95.23999786376953
1981-02-02 00:00:00+00:00,94.81999969482422
1981-02-03 00:00:00+00:00,95.29000091552734
1981-02-04 00:00:00+00:00,94.58999633789062
1981-02-05 00:00:00+00:00,95.58999633789062
1981-02-06 00:00:00+00:00,95.44999694824219
1981-02-09 00:00:00+00:00,95.38999938964844
1981-02-10 00:00:00+00:00,95.70999908447266
1981-02-11 00:00:00+00:00,95.73999786376953
1981-02-13 00:00:00+00:00,98.18000030517578
1981-02-17 00:00:00+00:00,97.83999633789062
1981-02-18 00:00:00+00:00,97.61000061035156
1981-02-19 00:00:00+00:00,96.05999755859375
1981-02-20 00:00:00+00:00,94.94999694824219
1981-02-23 00:00:00+00:00,95.77999877929688
1981-02-24 00:00:00+00:00,96.12999725341797
1981-02-25 00:00:00+00:00,96.0199966430664
1981-02-26 00:00:00+00:00,96.45999908447266
1981-02-27 00:00:00+00:00,97.05999755859375
1981-03-02 00:00:00+00:00,97.94999694824219
1981-03-03 00:00:00+00:00,97.68000030517578
1981-03-04 00:00:00+00:00,97.20999908447266
1981-03-05 00:00:00+00:00,97.22000122070312
1981-03-06 00:00:00+00:00,97.2699966430664
1981-03-09 00:00:00+00:00,96.33999633789062
1981-03-10 00:00:00+00:00,96.13999938964844
1981-03-11 00:00:00+00:00,96.58000183105469
1981-03-12 00:00:00+00:00,96.43000030517578
1981-03-13 00:00:00+00:00,96.30999755859375
1981-03-16 00:00:00+00:00,95.68000030517578
1981-03-17 00:00:00+00:00,95.47000122070312
1981-03-18 00:00:00+00:00,94.38999938964844
1981-03-19 00:00:00+00:00,94.23999786376953
1981-03-20 00:00:00+00:00,94.83000183105469
1981-03-23 00:00:00+00:00,95.69000244140625
1981-03-24 00:00:00+00:00,95.45999908447266
1981-03-25 00:00:00+00:00,95.58999633789062
1981-03-26 00:00:00+00:00,96.55000305175781
1981-03-27 00:00:00+00:00,97.12999725341797
1981-03-30 00:00:00+00:00,96.27999877929688
1981-03-31 00:00:00+00:00,96.76000213623047
1981-04-01 00:00:00+00:00,96.27999877929688
1981-04-02 00:00:00+00:00,96.86000061035156
1981-04-03 00:00:00+00:00,97.41999816894531
1981-04-06 00:00:00+00:00,98.44000244140625
1981-04-07 00:00:00+00:00,97.3499984741211
1981-04-08 00:00:00+00:00,97.62999725341797
1981-04-09 00:00:00+00:00,98.0
1981-04-10 00:00:00+00:00,98.37999725341797
1981-04-13 00:00:00+00:00,99.12999725341797
1981-04-14 00:00:00+00:00,98.8499984741211
1981-04-15 00:00:00+00:00,99.51000213623047
1981-04-16 00:00:00+00:00,99.69999694824219
1981-04-17 00:00:00+00:00,99.86000061035156
1981-04-20 00:00:00+00:00,99.80999755859375
1981-04-21 00:00:00+00:00,99.69999694824219
1981-04-22 00:00:00+00:00,98.91999816894531
1981-04-23 00:00:00+00:00,99.19999694824219
1981-04-24 00:00:00+00:00,99.30999755859375
1981-04-27 00:00:00+00:00,99.25
1981-04-28 00:00:00+00:00,99.45999908447266
1981-04-29 00:00:00+00:00,100.41999816894531
1981-04-30 00:00:00+00:00,100.44999694824219
1981-05-01 00:00:00+00:00,100.27999877929688
1981-05-04 00:00:00+00:00,101.80000305175781
1981-05-05 00:00:00+00:00,102.5
1981-05-06 00:00:00+00:00,102.04000091552734
1981-05-07 00:00:00+00:00,102.63999938964844
1981-05-08 00:00:00+00:00,102.05000305175781
1981-05-11 00:00:00+00:00,103.2300033569336
1981-05-12 00:00:00+00:00,103.72000122070312
1981-05-13 00:00:00+00:00,103.83000183105469
1981-05-14 00:00:00+00:00,104.5199966430664
1981-05-15 00:00:00+00:00,104.43000030517578
1981-05-18 00:00:00+00:00,104.0
1981-05-19 00:00:00+00:00,104.16000366210938
1981-05-20 00:00:00+00:00,103.86000061035156
1981-05-21 00:00:00+00:00,104.7300033569336
1981-05-22 00:00:00+00:00,104.51000213623047
1981-05-26 00:00:00+00:00,104.95999908447266
1981-05-27 00:00:00+00:00,105.36000061035156
1981-05-28 00:00:00+00:00,104.69000244140625
1981-05-29 00:00:00+00:00,104.94999694824219
1981-06-01 00:00:00+00:00,104.98999786376953
1981-06-02 00:00:00+00:00,106.11000061035156
1981-06-03 00:00:00+00:00,106.0
1981-06-04 00:00:00+00:00,108.23999786376953
1981-06-05 00:00:00+00:00,108.47000122070312
1981-06-08 00:00:00+00:00,108.08999633789062
1981-06-09 00:00:00+00:00,108.08999633789062
1981-06-10 00:00:00+00:00,106.80000305175781
1981-06-11 00:00:00+00:00,107.91999816894531
1981-06-12 00:00:00+00:00,107.55999755859375
1981-06-15 00:00:00+00:00,105.55000305175781
1981-06-16 00:00:00+00:00,105.56999969482422
1981-06-17 00:00:00+00:00,105.62000274658203
1981-06-18 00:00:00+00:00,106.56999969482422
1981-06-19 00:00:00+00:00,106.77999877929688
1981-06-22 00:00:00+00:00,106.2300033569336
1981-06-23 00:00:00+00:00,106.01000213623047
1981-06-24 00:00:00+00:00,106.51000213623047
1981-06-25 00:00:00+00:00,107.43000030517578
1981-06-26 00:00:00+00:00,107.37000274658203
1981-06-29 00:00:00+00:00,107.52999877929688
1981-06-30 00:00:00+00:00,107.70999908447266
1981-07-01 00:00:00+00:00,108.5199966430664
1981-07-02 00:00:00+00:00,108.55999755859375
1981-07-03 00:00:00+00:00,108.69000244140625
1981-07-06 00:00:00+00:00,109.58999633789062
1981-07-07 00:00:00+00:00,109.37999725341797
1981-07-08 00:00:00+00:00,110.5
1981-07-09 00:00:00+00:00,110.29000091552734
1981-07-10 00:00:00+00:00,109.44999694824219
1981-07-13 00:00:00+00:00,109.08000183105469
1981-07-14 00:00:00+00:00,110.04000091552734
1981-07-15 00:00:00+00:00,108.69999694824219
1981-07-16 00:00:00+00:00,108.83999633789062
1981-07-17 00:00:00+00:00,109.41999816894531
1981-07-20 00:00:00+00:00,110.06999969482422
1981-07-21 00:00:00+00:00,111.01000213623047
1981-07-22 00:00:00+00:00,110.16000366210938
1981-07-23 00:00:00+00:00,110.45999908447266
1981-07-24 00:00:00+00:00,110.13999938964844
1981-07-27 00:00:00+00:00,110.25
1981-07-28 00:00:00+00:00,110.44999694824219
1981-07-29 00:00:00+00:00,110.94999694824219
1981-07-30 00:00:00+00:00,111.0199966430664
1981-07-31 00:00:00+00:00,111.72000122070312
1981-08-03 00:00:00+00:00,114.02999877929688
1981-08-04 00:00:00+00:00,114.25
1981-08-05 00:00:00+00:00,113.26000213623047
1981-08-06 00:00:00+00:00,113.51000213623047
1981-08-07 00:00:00+00:00,113.7300033569336
1981-08-10 00:00:00+00:00,114.87999725341797
1981-08-11 00:00:00+00:00,114.51000213623047
1981-08-12 00:00:00+00:00,112.19999694824219
1981-08-13 00:00:00+00:00,112.91000366210938
1981-08-14 00:00:00+00:00,113.29000091552734
1981-08-17 00:00:00+00:00,112.01000213623047
1981-08-18 00:00:00+00:00,111.62999725341797
1981-08-19 00:00:00+00:00,111.75
1981-08-20 00:00:00+00:00,110.81999969482422
1981-08-21 00:00:00+00:00,110.01000213623047
1981-08-24 00:00:00+00:00,110.77999877929688
1981-08-25 00:00:00+00:00,112.18000030517578
1981-08-26 00:00:00+00:00,110.91999816894531
1981-08-27 00:00:00+00:00,111.22000122070312
1981-08-28 00:00:00+00:00,110.31999969482422
1981-08-31 00:00:00+00:00,110.27999877929688
1981-09-01 00:00:00+00:00,110.76000213623047
1981-09-02 00:00:00+00:00,110.08999633789062
1981-09-03 00:00:00+00:00,109.69999694824219
1981-09-04 00:00:00+00:00,109.3499984741211
1981-09-08 00:00:00+00:00,110.52999877929688
1981-09-09 00:00:00+00:00,110.55000305175781
1981-09-10 00:00:00+00:00,109.30999755859375
1981-09-11 00:00:00+00:00,109.58000183105469
1981-09-14 00:00:00+00:00,109.06999969482422
1981-09-15 00:00:00+00:00,107.41000366210938
1981-09-16 00:00:00+00:00,106.55000305175781
1981-09-17 00:00:00+00:00,105.77999877929688
1981-09-18 00:00:00+00:00,105.58999633789062
1981-09-21 00:00:00+00:00,103.83999633789062
1981-09-22 00:00:00+00:00,105.6500015258789
1981-09-23 00:00:00+00:00,106.47000122070312
1981-09-24 00:00:00+00:00,107.25
1981-09-25 00:00:00+00:00,107.62000274658203
1981-09-28 00:00:00+00:00,108.33000183105469
1981-09-29 00:00:00+00:00,107.30999755859375
1981-09-30 00:00:00+00:00,107.7300033569336
1981-10-01 00:00:00+00:00,107.56999969482422
1981-10-02 00:00:00+00:00,106.79000091552734
1981-10-05 00:00:00+00:00,105.2300033569336
1981-10-06 00:00:00+00:00,106.3499984741211
1981-10-07 00:00:00+00:00,105.05000305175781
1981-10-08 00:00:00+00:00,104.55999755859375
1981-10-09 00:00:00+00:00,103.86000061035156
1981-10-13 00:00:00+00:00,105.12000274658203
1981-10-14 00:00:00+00:00,105.26000213623047
1981-10-15 00:00:00+00:00,105.58999633789062
1981-10-16 00:00:00+00:00,105.9800033569336
1981-10-19 00:00:00+00:00,105.87000274658203
1981-10-20 00:00:00+00:00,106.11000061035156
1981-10-21 00:00:00+00:00,107.27999877929688
1981-10-22 00:00:00+00:00,107.55000305175781
1981-10-23 00:00:00+00:00,107.26000213623047
1981-10-26 00:00:00+00:00,108.6500015258789
1981-10-27 00:00:00+00:00,108.36000061035156
1981-10-28 00:00:00+00:00,107.79000091552734
1981-10-29 00:00:00+00:00,107.13999938964844
1981-10-30 00:00:00+00:00,106.12999725341797
1981-11-02 00:00:00+00:00,104.98999786376953
1981-11-04 00:00:00+00:00,104.62000274658203
1981-11-05 00:00:00+00:00,105.18000030517578
1981-11-06 00:00:00+00:00,105.04000091552734
1981-11-09 00:00:00+00:00,104.30999755859375
1981-11-10 00:00:00+00:00,105.3499984741211
1981-11-12 00:00:00+00:00,104.36000061035156
1981-11-13 00:00:00+00:00,104.4800033569336
1981-11-16 00:00:00+00:00,104.80000305175781
1981-11-17 00:00:00+00:00,105.29000091552734
1981-11-18 00:00:00+00:00,104.47000122070312
1981-11-19 00:00:00+00:00,104.63999938964844
1981-11-20 00:00:00+00:00,105.08000183105469
1981-11-23 00:00:00+00:00,104.80000305175781
1981-11-24 00:00:00+00:00,103.94999694824219
1981-11-25 00:00:00+00:00,103.8499984741211
1981-11-27 00:00:00+00:00,103.27999877929688
1981-11-30 00:00:00+00:00,103.18000030517578
1981-12-01 00:00:00+00:00,103.6500015258789
1981-12-02 00:00:00+00:00,103.37000274658203
1981-12-03 00:00:00+00:00,104.04000091552734
1981-12-04 00:00:00+00:00,103.80000305175781
1981-12-07 00:00:00+00:00,104.33999633789062
1981-12-08 00:00:00+00:00,104.72000122070312
1981-12-09 00:00:00+00:00,104.72000122070312
1981-12-10 00:00:00+00:00,105.33000183105469
1981-12-11 00:00:00+00:00,105.80000305175781
1981-12-14 00:00:00+00:00,106.45999908447266
1981-12-15 00:00:00+00:00,105.47000122070312
1981-12-16 00:00:00+00:00,105.76000213623047
1981-12-17 00:00:00+00:00,105.83000183105469
1981-12-18 00:00:00+00:00,106.23999786376953
1981-12-21 00:00:00+00:00,106.08999633789062
1981-12-22 00:00:00+00:00,105.7300033569336
1981-12-23 00:00:00+00:00,105.88999938964844
1981-12-24 00:00:00+00:00,105.94999694824219
1981-12-28 00:00:00+00:00,105.87000274658203
1981-12-29 00:00:00+00:00,105.88999938964844
1981-12-30 00:00:00+00:00,105.2300033569336
1981-12-31 00:00:00+00:00,104.69000244140625
1982-01-04 00:00:00+00:00,104.62000274658203
1982-01-05 00:00:00+00:00,105.41000366210938
1982-01-06 00:00:00+00:00,104.91999816894531
1982-01-07 00:00:00+00:00,105.55999755859375
1982-01-08 00:00:00+00:00,105.4800033569336
1982-01-11 00:00:00+00:00,106.54000091552734
1982-01-12 00:00:00+00:00,106.73999786376953
1982-01-13 00:00:00+00:00,107.02999877929688
1982-01-14 00:00:00+00:00,107.44000244140625
1982-01-15 00:00:00+00:00,107.56999969482422
1982-01-18 00:00:00+00:00,107.16999816894531
1982-01-19 00:00:00+00:00,106.95999908447266
1982-01-20 00:00:00+00:00,107.4800033569336
1982-01-21 00:00:00+00:00,107.22000122070312
1982-01-22 00:00:00+00:00,107.7300033569336
1982-01-25 00:00:00+00:00,108.77999877929688
1982-01-26 00:00:00+00:00,107.91999816894531
1982-01-27 00:00:00+00:00,108.36000061035156
1982-01-28 00:00:00+00:00,108.5
1982-01-29 00:00:00+00:00,108.02999877929688
1982-02-01 00:00:00+00:00,109.31999969482422
1982-02-02 00:00:00+00:00,109.44000244140625
1982-02-03 00:00:00+00:00,109.51000213623047
1982-02-04 00:00:00+00:00,109.13999938964844
1982-02-05 00:00:00+00:00,109.38999938964844
1982-02-08 00:00:00+00:00,109.80999755859375
1982-02-09 00:00:00+00:00,110.63999938964844
1982-02-10 00:00:00+00:00,110.36000061035156
1982-02-11 00:00:00+00:00,110.20999908447266
1982-02-16 00:00:00+00:00,111.54000091552734
1982-02-17 00:00:00+00:00,111.58999633789062
1982-02-18 00:00:00+00:00,110.30999755859375
1982-02-19 00:00:00+00:00,110.05999755859375
1982-02-22 00:00:00+00:00,110.19000244140625
1982-02-23 00:00:00+00:00,111.12999725341797
1982-02-24 00:00:00+00:00,111.02999877929688
1982-02-25 00:00:00+00:00,111.1500015258789
1982-02-26 00:00:00+00:00,111.93000030517578
1982-03-01 00:00:00+00:00,111.95999908447266
1982-03-02 00:00:00+00:00,111.69000244140625
1982-03-03 00:00:00+00:00,111.41999816894531
1982-03-04 00:00:00+00:00,111.20999908447266
1982-03-05 00:00:00+00:00,110.27999877929688
1982-03-08 00:00:00+00:00,110.36000061035156
1982-03-09 00:00:00+00:00,111.47000122070312
1982-03-10 00:00:00+00:00,111.18000030517578
1982-03-11 00:00:00+00:00,111.69000244140625
1982-03-12 00:00:00+00:00,112.06999969482422
1982-03-15 00:00:00+00:00,111.93000030517578
1982-03-16 00:00:00+00:00,112.2699966430664
1982-03-17 00:00:00+00:00,112.19999694824219
1982-03-18 00:00:00+00:00,112.66000366210938
1982-03-19 00:00:00+00:00,113.05000305175781
1982-03-22 00:00:00+00:00,113.52999877929688
1982-03-23 00:00:00+00:00,113.33000183105469
1982-03-24 00:00:00+00:00,113.16999816894531
1982-03-25 00:00:00+00:00,113.7300033569336
1982-03-26 00:00:00+00:00,113.98999786376953
1982-03-29 00:00:00+00:00,114.55999755859375
1982-03-30 00:00:00+00:00,114.16999816894531
1982-03-31 00:00:00+00:00,114.7300033569336
1982-04-01 00:00:00+00:00,114.16000366210938
1982-04-02 00:00:00+00:00,113.97000122070312
1982-04-05 00:00:00+00:00,114.58999633789062
1982-04-06 00:00:00+00:00,114.95999908447266
1982-04-07 00:00:00+00:00,114.76000213623047
1982-04-08 00:00:00+00:00,115.36000061035156
1982-04-09 00:00:00+00:00,115.23999786376953
1982-04-12 00:00:00+00:00,115.0199966430664
1982-04-13 00:00:00+00:00,114.66999816894531
1982-04-14 00:00:00+00:00,114.9800033569336
1982-04-15 00:00:00+00:00,115.16000366210938
1982-04-16 00:00:00+00:00,115.0999984741211
1982-04-19 00:00:00+00:00,114.44999694824219
1982-04-20 00:00:00+00:00,114.08999633789062
1982-04-21 00:00:00+00:00,113.91999816894531
1982-04-22 00:00:00+00:00,113.94999694824219
1982-04-23 00:00:00+00:00,113.72000122070312
1982-04-26 00:00:00+00:00,113.01000213623047
1982-04-27 00:00:00+00:00,112.88999938964844
1982-04-28 00:00:00+00:00,112.36000061035156
1982-04-29 00:00:00+00:00,111.83999633789062
1982-04-30 00:00:00+00:00,111.5999984741211
1982-05-03 00:00:00+00:00,111.51000213623047
1982-05-04 00:00:00+00:00,111.9800033569336
1982-05-05 00:00:00+00:00,111.02999877929688
1982-05-06 00:00:00+00:00,110.5
1982-05-07 00:00:00+00:00,109.86000061035156
1982-05-10 00:00:00+00:00,109.7300033569336
1982-05-11 00:00:00+00:00,109.69999694824219
1982-05-12 00:00:00+00:00,109.79000091552734
1982-05-13 00:00:00+00:00,110.37000274658203
1982-05-14 00:00:00+00:00,110.7699966430664
1982-05-17 00:00:00+00:00,110.79000091552734
1982-05-18 00:00:00+00:00,111.20999908447266
1982-05-19 00:00:00+00:00,111.61000061035156
1982-05-20 00:00:00+00:00,111.5199966430664
1982-05-21 00:00:00+00:00,111.05000305175781
1982-05-24 00:00:00+00:00,110.79000091552734
1982-05-25 00:00:00+00:00,111.2699966430664
1982-05-26 00:00:00+00:00,111.80000305175781
1982-05-27 00:00:00+00:00,112.68000030517578
1982-05-28 00:00:00+00:00,112.79000091552734
1982-06-01 00:00:00+00:00,113.70999908447266
1982-06-02 00:00:00+00:00,113.5
1982-06-03 00:00:00+00:00,113.25
1982-06-04 00:00:00+00:00,113.37000274658203
1982-06-07 00:00:00+00:00,114.01000213623047
1982-06-08 00:00:00+00:00,114.73999786376953
1982-06-09 00:00:00+00:00,115.44999694824219
1982-06-10 00:00:00+00:00,115.5
1982-06-11 00:00:00+00:00,115.05000305175781
1982-06-14 00:00:00+00:00,117.1500015258789
1982-06-15 00:00:00+00:00,117.23999786376953
1982-06-16 00:00:00+00:00,117.87000274658203
1982-06-17 00:00:00+00:00,118.48999786376953
1982-06-18 00:00:00+00:00,119.01000213623047
1982-06-21 00:00:00+00:00,119.81999969482422
1982-06-22 00:00:00+00:00,118.87000274658203
1982-06-23 00:00:00+00:00,119.69000244140625
1982-06-24 00:00:00+00:00,119.19999694824219
1982-06-25 00:00:00+00:00,120.11000061035156
1982-06-28 00:00:00+00:00,120.47000122070312
1982-06-29 00:00:00+00:00,119.16000366210938
1982-06-30 00:00:00+00:00,119.04000091552734
1982-07-01 00:00:00+00:00,119.33000183105469
1982-07-02 00:00:00+00:00,119.62000274658203
1982-07-06 00:00:00+00:00,120.16999816894531
1982-07-07 00:00:00+00:00,121.0199966430664
1982-07-08 00:00:00+00:00,121.05999755859375
1982-07-09 00:00:00+00:00,119.95999908447266
1982-07-12 00:00:00+00:00,119.22000122070312
1982-07-13 00:00:00+00:00,120.18000030517578
1982-07-14 00:00:00+00:00,120.04000091552734
1982-07-15 00:00:00+00:00,119.91999816894531
1982-07-16 00:00:00+00:00,119.2699966430664
1982-07-19 00:00:00+00:00,119.08999633789062
1982-07-20 00:00:00+00:00,118.30999755859375
1982-07-21 00:00:00+00:00,117.41000366210938
1982-07-22 00:00:00+00:00,117.61000061035156
1982-07-23 00:00:00+00:00,116.12000274658203
1982-07-26 00:00:00+00:00,116.66999816894531
1982-07-27 00:00:00+00:00,116.19999694824219
1982-07-28 00:00:00+00:00,118.33000183105469
1982-07-29 00:00:00+00:00,118.81999969482422
1982-07-30 00:00:00+00:00,119.05000305175781
1982-08-02 00:00:00+00:00,117.80000305175781
1982-08-03 00:00:00+00:00,118.16000366210938
1982-08-04 00:00:00+00:00,119.80000305175781
1982-08-05 00:00:00+00:00,119.86000061035156
1982-08-06 00:00:00+00:00,120.23999786376953
1982-08-09 00:00:00+00:00,121.16000366210938
1982-08-10 00:00:00+00:00,121.16000366210938
1982-08-11 00:00:00+00:00,121.41000366210938
1982-08-12 00:00:00+00:00,121.31999969482422
1982-08-13 00:00:00+00:00,120.93000030517578
1982-08-16 00:00:00+00:00,121.31999969482422
1982-08-17 00:00:00+00:00,120.79000091552734
1982-08-18 00:00:00+00:00,119.6500015258789
1982-08-19 00:00:00+00:00,119.83000183105469
1982-08-20 00:00:00+00:00,118.3499984741211
1982-08-23 00:00:00+00:00,118.4000015258789
1982-08-24 00:00:00+00:00,116.94999694824219
1982-08-25 00:00:00+00:00,117.29000091552734
1982-08-26 00:00:00+00:00,117.79000091552734
1982-08-27 00:00:00+00:00,119.12000274658203
1982-08-30 00:00:00+00:00,120.66999816894531
1982-08-31 00:00:00+00:00,120.29000091552734
1982-09-01 00:00:00+00:00,120.02999877929688
1982-09-02 00:00:00+00:00,118.77999877929688
1982-09-03 00:00:00+00:00,119.55000305175781
1982-09-07 00:00:00+00:00,119.5199966430664
1982-09-08 00:00:00+00:00,120.11000061035156
1982-09-09 00:00:00+00:00,119.80999755859375
1982-09-10 00:00:00+00:00,121.0
1982-09-13 00:00:00+00:00,121.45999908447266
1982-09-14 00:00:00+00:00,121.19000244140625
1982-09-15 00:00:00+00:00,121.27999877929688
1982-09-16 00:00:00+00:00,121.13999938964844
1982-09-17 00:00:00+00:00,120.79000091552734
1982-09-20 00:00:00+00:00,120.94000244140625
1982-09-21 00:00:00+00:00,121.05000305175781
1982-09-22 00:00:00+00:00,120.5999984741211
1982-09-23 00:00:00+00:00,121.22000122070312
1982-09-24 00:00:00+00:00,121.45999908447266
1982-09-27 00:00:00+00:00,122.62999725341797
1982-09-28 00:00:00+00:00,122.76000213623047
1982-09-29 00:00:00+00:00,122.19999694824219
1982-09-30 00:00:00+00:00,122.19999694824219
1982-10-01 00:00:00+00:00,122.13999938964844
1982-10-04 00:00:00+00:00,123.37999725341797
1982-10-05 00:00:00+00:00,123.36000061035156
1982-10-06 00:00:00+00:00,123.1500015258789
1982-10-07 00:00:00+00:00,122.55999755859375
1982-10-08 00:00:00+00:00,122.94000244140625
1982-10-12 00:00:00+00:00,121.2300033569336
1982-10-13 00:00:00+00:00,122.26000213623047
1982-10-14 00:00:00+00:00,122.66000366210938
1982-10-15 00:00:00+00:00,122.7699966430664
1982-10-18 00:00:00+00:00,122.55000305175781
1982-10-19 00:00:00+00:00,122.52999877929688
1982-10-20 00:00:00+00:00,123.06999969482422
1982-10-21 00:00:00+00:00,123.4000015258789
1982-10-22 00:00:00+00:00,123.41000366210938
1982-10-25 00:00:00+00:00,124.41999816894531
1982-10-26 00:00:00+00:00,124.16999816894531
1982-10-27 00:00:00+00:00,124.05000305175781
1982-10-28 00:00:00+00:00,124.76000213623047
1982-10-29 00:00:00+00:00,124.77999877929688
1982-11-01 00:00:00+00:00,124.36000061035156
1982-11-03 00:00:00+00:00,124.51000213623047
1982-11-04 00:00:00+00:00,125.37999725341797
1982-11-05 00:00:00+00:00,125.36000061035156
1982-11-08 00:00:00+00:00,126.0199966430664
1982-11-09 00:00:00+00:00,125.19999694824219
1982-11-10 00:00:00+00:00,124.8499984741211
1982-11-12 00:00:00+00:00,125.41999816894531
1982-11-15 00:00:00+00:00,125.41999816894531
1982-11-16 00:00:00+00:00,124.86000061035156
1982-11-17 00:00:00+00:00,125.08999633789062
1982-11-18 00:00:00+00:00,124.91000366210938
1982-11-19 00:00:00+00:00,123.72000122070312
1982-11-22 00:00:00+00:00,123.83000183105469
1982-11-23 00:00:00+00:00,124.16000366210938
1982-11-24 00:00:00+00:00,123.08000183105469
1982-11-26 00:00:00+00:00,122.63999938964844
1982-11-29 00:00:00+00:00,121.87999725341797
1982-11-30 00:00:00+00:00,121.0
1982-12-01 00:00:00+00:00,121.02999877929688
1982-12-02 00:00:00+00:00,120.33000183105469
1982-12-03 00:00:00+00:00,119.58000183105469
1982-12-06 00:00:00+00:00,119.68000030517578
1982-12-07 00:00:00+00:00,119.36000061035156
1982-12-08 00:00:00+00:00,119.52999877929688
1982-12-09 00:00:00+00:00,120.66000366210938
1982-12-10 00:00:00+00:00,120.4800033569336
1982-12-13 00:00:00+00:00,121.44999694824219
1982-12-14 00:00:00+00:00,119.9800033569336
1982-12-15 00:00:00+00:00,120.45999908447266
1982-12-16 00:00:00+00:00,119.3499984741211
1982-12-17 00:00:00+00:00,119.61000061035156
1982-12-20 00:00:00+00:00,119.27999877929688
1982-12-21 00:00:00+00:00,118.91999816894531
1982-12-22 00:00:00+00:00,118.68000030517578
1982-12-23 00:00:00+00:00,118.43000030517578
1982-12-24 00:00:00+00:00,118.22000122070312
1982-12-27 00:00:00+00:00,117.83999633789062
1982-12-28 00:00:00+00:00,117.2300033569336
1982-12-29 00:00:00+00:00,117.05000305175781
1982-12-30 00:00:00+00:00,117.91000366210938
1982-12-31 00:00:00+00:00,117.36000061035156
1983-01-03 00:00:00+00:00,116.97000122070312
1983-01-04 00:00:00+00:00,116.5199966430664
1983-01-05 00:00:00+00:00,115.9800033569336
1983-01-06 00:00:00+00:00,116.19999694824219
1983-01-07 00:00:00+00:00,115.76000213623047
1983-01-10 00:00:00+00:00,115.43000030517578
1983-01-11 00:00:00+00:00,115.94000244140625
1983-01-12 00:00:00+00:00,116.66999816894531
1983-01-13 00:00:00+00:00,115.94000244140625
1983-01-14 00:00:00+00:00,116.38999938964844
1983-01-17 00:00:00+00:00,116.37000274658203
1983-01-18 00:00:00+00:00,117.75
1983-01-19 00:00:00+00:00,118.54000091552734
1983-01-20 00:00:00+00:00,118.83000183105469
1983-01-21 00:00:00+00:00,119.5999984741211
1983-01-24 00:00:00+00:00,120.80999755859375
1983-01-25 00:00:00+00:00,119.31999969482422
1983-01-26 00:00:00+00:00,119.41999816894531
1983-01-27 00:00:00+00:00,119.5199966430664
1983-01-28 00:00:00+00:00,119.76000213623047
1983-01-31 00:00:00+00:00,121.12000274658203
1983-02-01 00:00:00+00:00,120.98999786376953
1983-02-02 00:00:00+00:00,122.27999877929688
1983-02-03 00:00:00+00:00,121.05000305175781
1983-02-04 00:00:00+00:00,121.41999816894531
1983-02-07 00:00:00+00:00,120.37999725341797
1983-02-08 00:00:00+00:00,120.13999938964844
1983-02-09 00:00:00+00:00,119.72000122070312
1983-02-10 00:00:00+00:00,118.98999786376953
1983-02-11 00:00:00+00:00,118.8499984741211
1983-02-14 00:00:00+00:00,119.08999633789062
1983-02-15 00:00:00+00:00,118.8499984741211
1983-02-16 00:00:00+00:00,118.0199966430664
1983-02-17 00:00:00+00:00,118.45999908447266
1983-02-18 00:00:00+00:00,118.52999877929688
1983-02-22 00:00:00+00:00,119.19000244140625
1983-02-23 00:00:00+00:00,119.5199966430664
1983-02-24 00:00:00+00:00,119.1500015258789
1983-02-25 00:00:00+00:00,119.44999694824219
1983-02-28 00:00:00+00:00,120.3499984741211
1983-03-01 00:00:00+00:00,120.79000091552734
1983-03-02 00:00:00+00:00,120.30000305175781
1983-03-03 00:00:00+00:00,119.9800033569336
1983-03-04 00:00:00+00:00,119.3499984741211
1983-03-07 00:00:00+00:00,119.08000183105469
1983-03-08 00:00:00+00:00,120.04000091552734
1983-03-09 00:00:00+00:00,120.1500015258789
1983-03-10 00:00:00+00:00,119.91000366210938
1983-03-11 00:00:00+00:00,120.2699966430664
1983-03-14 00:00:00+00:00,118.97000122070312
1983-03-15 00:00:00+00:00,119.06999969482422
1983-03-16 00:00:00+00:00,119.25
1983-03-17 00:00:00+00:00,119.94000244140625
1983-03-18 00:00:00+00:00,120.44999694824219
1983-03-21 00:00:00+00:00,121.87999725341797
1983-03-22 00:00:00+00:00,121.72000122070312
1983-03-23 00:00:00+00:00,122.12999725341797
1983-03-24 00:00:00+00:00,121.91000366210938
1983-03-25 00:00:00+00:00,121.7699966430664
1983-03-28 00:00:00+00:00,122.6500015258789
1983-03-29 00:00:00+00:00,122.58000183105469
1983-03-30 00:00:00+00:00,122.30999755859375
1983-03-31 00:00:00+00:00,122.20999908447266
1983-04-01 00:00:00+00:00,122.2699966430664
1983-04-04 00:00:00+00:00,121.83000183105469
1983-04-05 00:00:00+00:00,121.5
1983-04-06 00:00:00+00:00,121.13999938964844
1983-04-07 00:00:00+00:00,121.5
1983-04-08 00:00:00+00:00,121.88999938964844
1983-04-11 00:00:00+00:00,121.41999816894531
1983-04-12 00:00:00+00:00,121.33000183105469
1983-04-13 00:00:00+00:00,121.93000030517578
1983-04-14 00:00:00+00:00,121.87000274658203
1983-04-15 00:00:00+00:00,121.58999633789062
1983-04-18 00:00:00+00:00,122.19000244140625
1983-04-19 00:00:00+00:00,121.98999786376953
1983-04-20 00:00:00+00:00,122.43000030517578
1983-04-21 00:00:00+00:00,122.05999755859375
1983-04-22 00:00:00+00:00,121.88999938964844
1983-04-25 00:00:00+00:00,121.51000213623047
1983-04-26 00:00:00+00:00,121.7699966430664
1983-04-27 00:00:00+00:00,121.62000274658203
1983-04-28 00:00:00+00:00,122.30999755859375
1983-04-29 00:00:00+00:00,122.38999938964844
1983-05-02 00:00:00+00:00,122.04000091552734
1983-05-03 00:00:00+00:00,121.9800033569336
1983-05-04 00:00:00+00:00,121.56999969482422
1983-05-05 00:00:00+00:00,121.37999725341797
1983-05-06 00:00:00+00:00,121.31999969482422
1983-05-09 00:00:00+00:00,121.06999969482422
1983-05-10 00:00:00+00:00,121.31999969482422
1983-05-11 00:00:00+00:00,120.9000015258789
1983-05-12 00:00:00+00:00,121.04000091552734
1983-05-13 00:00:00+00:00,121.1500015258789
1983-05-16 00:00:00+00:00,121.94000244140625
1983-05-17 00:00:00+00:00,121.97000122070312
1983-05-18 00:00:00+00:00,121.91000366210938
1983-05-19 00:00:00+00:00,122.5999984741211
1983-05-20 00:00:00+00:00,122.5
1983-05-23 00:00:00+00:00,122.86000061035156
1983-05-24 00:00:00+00:00,123.04000091552734
1983-05-25 00:00:00+00:00,122.70999908447266
1983-05-26 00:00:00+00:00,122.76000213623047
1983-05-27 00:00:00+00:00,123.41000366210938
1983-05-31 00:00:00+00:00,123.79000091552734
1983-06-01 00:00:00+00:00,124.68000030517578
1983-06-02 00:00:00+00:00,124.44000244140625
1983-06-03 00:00:00+00:00,124.75
1983-06-06 00:00:00+00:00,125.33000183105469
1983-06-07 00:00:00+00:00,125.55999755859375
1983-06-08 00:00:00+00:00,125.68000030517578
1983-06-09 00:00:00+00:00,125.58999633789062
1983-06-10 00:00:00+00:00,125.38999938964844
1983-06-13 00:00:00+00:00,125.5
1983-06-14 00:00:00+00:00,126.16999816894531
1983-06-15 00:00:00+00:00,126.20999908447266
1983-06-16 00:00:00+00:00,125.61000061035156
1983-06-17 00:00:00+00:00,125.66000366210938
1983-06-20 00:00:00+00:00,125.18000030517578
1983-06-21 00:00:00+00:00,125.33000183105469
1983-06-22 00:00:00+00:00,124.25
1983-06-23 00:00:00+00:00,124.29000091552734
1983-06-24 00:00:00+00:00,124.2699966430664
1983-06-27 00:00:00+00:00,124.66000366210938
1983-06-28 00:00:00+00:00,124.94000244140625
1983-06-29 00:00:00+00:00,125.1500015258789
1983-06-30 00:00:00+00:00,124.94000244140625
1983-07-01 00:00:00+00:00,124.9800033569336
1983-07-05 00:00:00+00:00,125.98999786376953
1983-07-06 00:00:00+00:00,125.7699966430664
1983-07-07 00:00:00+00:00,126.12000274658203
1983-07-08 00:00:00+00:00,126.1500015258789
1983-07-11 00:00:00+00:00,126.4800033569336
1983-07-12 00:00:00+00:00,126.48999786376953
1983-07-13 00:00:00+00:00,126.33000183105469
1983-07-14 00:00:00+00:00,126.19000244140625
1983-07-15 00:00:00+00:00,127.05000305175781
1983-07-18 00:00:00+00:00,126.9000015258789
1983-07-19 00:00:00+00:00,126.77999877929688
1983-07-20 00:00:00+00:00,126.0999984741211
1983-07-21 00:00:00+00:00,126.30000305175781
1983-07-22 00:00:00+00:00,126.68000030517578
1983-07-25 00:00:00+00:00,127.11000061035156
1983-07-26 00:00:00+00:00,127.19999694824219
1983-07-27 00:00:00+00:00,127.5999984741211
1983-07-28 00:00:00+00:00,127.73999786376953
1983-07-29 00:00:00+00:00,128.44000244140625
1983-08-01 00:00:00+00:00,129.67999267578125
1983-08-02 00:00:00+00:00,129.10000610351562
1983-08-03 00:00:00+00:00,129.1699981689453
1983-08-04 00:00:00+00:00,129.6699981689453
1983-08-05 00:00:00+00:00,130.19000244140625
1983-08-08 00:00:00+00:00,130.52000427246094
1983-08-09 00:00:00+00:00,130.27999877929688
1983-08-10 00:00:00+00:00,131.60000610351562
1983-08-11 00:00:00+00:00,131.94000244140625
1983-08-12 00:00:00+00:00,131.69000244140625
1983-08-15 00:00:00+00:00,131.13999938964844
1983-08-16 00:00:00+00:00,129.25
1983-08-17 00:00:00+00:00,128.61000061035156
1983-08-18 00:00:00+00:00,128.32000732421875
1983-08-19 00:00:00+00:00,129.0800018310547
1983-08-22 00:00:00+00:00,128.25
1983-08-23 00:00:00+00:00,128.08999633789062
1983-08-24 00:00:00+00:00,128.41000366210938
1983-08-25 00:00:00+00:00,128.69000244140625
1983-08-26 00:00:00+00:00,129.63999938964844
1983-08-29 00:00:00+00:00,130.19000244140625
1983-08-30 00:00:00+00:00,130.49000549316406
1983-08-31 00:00:00+00:00,130.83999633789062
1983-09-01 00:00:00+00:00,130.74000549316406
1983-09-02 00:00:00+00:00,130.77000427246094
1983-09-06 00:00:00+00:00,130.22999572753906
1983-09-07 00:00:00+00:00,130.52000427246094
1983-09-08 00:00:00+00:00,130.13999938964844
1983-09-09 00:00:00+00:00,129.9499969482422
1983-09-12 00:00:00+00:00,129.42999267578125
1983-09-13 00:00:00+00:00,130.25999450683594
1983-09-14 00:00:00+00:00,130.5800018310547
1983-09-15 00:00:00+00:00,130.25
1983-09-16 00:00:00+00:00,129.72999572753906
1983-09-19 00:00:00+00:00,129.30999755859375
1983-09-20 00:00:00+00:00,129.66000366210938
1983-09-21 00:00:00+00:00,129.63999938964844
1983-09-22 00:00:00+00:00,130.3699951171875
1983-09-23 00:00:00+00:00,129.16000366210938
1983-09-26 00:00:00+00:00,128.91000366210938
1983-09-27 00:00:00+00:00,129.10000610351562
1983-09-28 00:00:00+00:00,128.80999755859375
1983-09-29 00:00:00+00:00,128.67999267578125
1983-09-30 00:00:00+00:00,128.35000610351562
1983-10-03 00:00:00+00:00,128.14999389648438
1983-10-04 00:00:00+00:00,128.44000244140625
1983-10-05 00:00:00+00:00,127.33000183105469
1983-10-06 00:00:00+00:00,126.94999694824219
1983-10-07 00:00:00+00:00,126.20999908447266
1983-10-11 00:00:00+00:00,126.8499984741211
1983-10-12 00:00:00+00:00,127.86000061035156
1983-10-13 00:00:00+00:00,127.54000091552734
1983-10-14 00:00:00+00:00,127.9000015258789
1983-10-17 00:00:00+00:00,127.47000122070312
1983-10-18 00:00:00+00:00,126.9000015258789
1983-10-19 00:00:00+00:00,126.97000122070312
1983-10-20 00:00:00+00:00,127.08999633789062
1983-10-21 00:00:00+00:00,126.88999938964844
1983-10-24 00:00:00+00:00,127.80000305175781
1983-10-25 00:00:00+00:00,127.4800033569336
1983-10-26 00:00:00+00:00,127.91000366210938
1983-10-27 00:00:00+00:00,127.9800033569336
1983-10-28 00:00:00+00:00,128.02000427246094
1983-10-31 00:00:00+00:00,128.39999389648438
1983-11-01 00:00:00+00:00,129.22999572753906
1983-11-02 00:00:00+00:00,128.89999389648438
1983-11-03 00:00:00+00:00,129.25999450683594
1983-11-04 00:00:00+00:00,129.80999755859375
1983-11-07 00:00:00+00:00,130.13999938964844
1983-11-09 00:00:00+00:00,129.77000427246094
1983-11-10 00:00:00+00:00,129.2899932861328
1983-11-14 00:00:00+00:00,129.85000610351562
1983-11-15 00:00:00+00:00,129.88999938964844
1983-11-16 00:00:00+00:00,130.25999450683594
1983-11-17 00:00:00+00:00,130.75
1983-11-18 00:00:00+00:00,131.02000427246094
1983-11-21 00:00:00+00:00,130.92999267578125
1983-11-22 00:00:00+00:00,130.4600067138672
1983-11-23 00:00:00+00:00,130.8699951171875
1983-11-25 00:00:00+00:00,131.3000030517578
1983-11-28 00:00:00+00:00,131.27999877929688
1983-11-29 00:00:00+00:00,131.36000061035156
1983-11-30 00:00:00+00:00,130.63999938964844
1983-12-01 00:00:00+00:00,130.77999877929688
1983-12-02 00:00:00+00:00,131.2100067138672
1983-12-05 00:00:00+00:00,132.3800048828125
1983-12-06 00:00:00+00:00,131.97999572753906
1983-12-07 00:00:00+00:00,132.10000610351562
1983-12-08 00:00:00+00:00,132.1300048828125
1983-12-09 00:00:00+00:00,133.00999450683594
1983-12-12 00:00:00+00:00,133.1199951171875
1983-12-13 00:00:00+00:00,133.83999633789062
1983-12-14 00:00:00+00:00,133.67999267578125
1983-12-15 00:00:00+00:00,133.6999969482422
1983-12-16 00:00:00+00:00,134.0500030517578
1983-12-19 00:00:00+00:00,133.91000366210938
1983-12-20 00:00:00+00:00,133.64999389648438
1983-12-21 00:00:00+00:00,133.69000244140625
1983-12-22 00:00:00+00:00,133.5399932861328
1983-12-23 00:00:00+00:00,133.1699981689453
1983-12-27 00:00:00+00:00,133.07000732421875
1983-12-28 00:00:00+00:00,132.89999389648438
1983-12-29 00:00:00+00:00,132.0
1983-12-30 00:00:00+00:00,131.7899932861328
1984-01-03 00:00:00+00:00,133.19000244140625
1984-01-04 00:00:00+00:00,134.19000244140625
1984-01-05 00:00:00+00:00,134.44000244140625
1984-01-06 00:00:00+00:00,134.86000061035156
1984-01-09 00:00:00+00:00,135.6300048828125
1984-01-10 00:00:00+00:00,135.1699981689453
1984-01-11 00:00:00+00:00,136.14999389648438
1984-01-12 00:00:00+00:00,136.10000610351562
1984-01-13 00:00:00+00:00,134.8699951171875
1984-01-16 00:00:00+00:00,134.47000122070312
1984-01-17 00:00:00+00:00,135.02999877929688
1984-01-18 00:00:00+00:00,134.8000030517578
1984-01-19 00:00:00+00:00,134.39999389648438
1984-01-20 00:00:00+00:00,135.50999450683594
1984-01-23 00:00:00+00:00,135.13999938964844
1984-01-24 00:00:00+00:00,135.66000366210938
1984-01-25 00:00:00+00:00,135.55999755859375
1984-01-26 00:00:00+00:00,135.1699981689453
1984-01-27 00:00:00+00:00,135.52999877929688
1984-01-30 00:00:00+00:00,135.25
1984-01-31 00:00:00+00:00,135.50999450683594
1984-02-01 00:00:00+00:00,134.64999389648438
1984-02-02 00:00:00+00:00,133.64999389648438
1984-02-03 00:00:00+00:00,132.7899932861328
1984-02-06 00:00:00+00:00,133.10000610351562
1984-02-07 00:00:00+00:00,134.08999633789062
1984-02-08 00:00:00+00:00,133.67999267578125
1984-02-09 00:00:00+00:00,133.74000549316406
1984-02-10 00:00:00+00:00,133.4199981689453
1984-02-14 00:00:00+00:00,132.6699981689453
1984-02-15 00:00:00+00:00,130.91000366210938
1984-02-16 00:00:00+00:00,130.9600067138672
1984-02-17 00:00:00+00:00,131.1999969482422
1984-02-21 00:00:00+00:00,132.13999938964844
1984-02-22 00:00:00+00:00,130.58999633789062
1984-02-23 00:00:00+00:00,130.49000549316406
1984-02-24 00:00:00+00:00,129.2899932861328
1984-02-27 00:00:00+00:00,129.60000610351562
1984-02-28 00:00:00+00:00,128.44000244140625
1984-02-29 00:00:00+00:00,128.25
1984-03-01 00:00:00+00:00,128.67999267578125
1984-03-02 00:00:00+00:00,127.5999984741211
1984-03-05 00:00:00+00:00,126.87999725341797
1984-03-06 00:00:00+00:00,126.18000030517578
1984-03-07 00:00:00+00:00,126.29000091552734
1984-03-08 00:00:00+00:00,127.66999816894531
1984-03-09 00:00:00+00:00,127.5199966430664
1984-03-12 00:00:00+00:00,128.35000610351562
1984-03-13 00:00:00+00:00,126.97000122070312
1984-03-14 00:00:00+00:00,126.91999816894531
1984-03-15 00:00:00+00:00,127.58999633789062
1984-03-16 00:00:00+00:00,129.1300048828125
1984-03-19 00:00:00+00:00,129.25
1984-03-20 00:00:00+00:00,129.50999450683594
1984-03-21 00:00:00+00:00,129.97000122070312
1984-03-22 00:00:00+00:00,129.57000732421875
1984-03-23 00:00:00+00:00,129.2899932861328
1984-03-26 00:00:00+00:00,128.27000427246094
1984-03-27 00:00:00+00:00,127.91999816894531
1984-03-28 00:00:00+00:00,128.10000610351562
1984-03-29 00:00:00+00:00,127.83999633789062
1984-03-30 00:00:00+00:00,128.22000122070312
1984-04-02 00:00:00+00:00,128.36000061035156
1984-04-03 00:00:00+00:00,129.10000610351562
1984-04-04 00:00:00+00:00,129.08999633789062
1984-04-05 00:00:00+00:00,129.5
1984-04-06 00:00:00+00:00,129.16000366210938
1984-04-09 00:00:00+00:00,129.49000549316406
1984-04-10 00:00:00+00:00,128.94000244140625
1984-04-11 00:00:00+00:00,128.47999572753906
1984-04-12 00:00:00+00:00,128.97000122070312
1984-04-13 00:00:00+00:00,129.25
1984-04-16 00:00:00+00:00,129.72000122070312
1984-04-17 00:00:00+00:00,129.8800048828125
1984-04-18 00:00:00+00:00,129.97000122070312
1984-04-19 00:00:00+00:00,130.47999572753906
1984-04-23 00:00:00+00:00,130.49000549316406
1984-04-24 00:00:00+00:00,131.36000061035156
1984-04-25 00:00:00+00:00,131.1199951171875
1984-04-26 00:00:00+00:00,131.67999267578125
1984-04-27 00:00:00+00:00,132.11000061035156
1984-04-30 00:00:00+00:00,132.63999938964844
1984-05-01 00:00:00+00:00,132.9499969482422
1984-05-02 00:00:00+00:00,132.9199981689453
1984-05-03 00:00:00+00:00,132.10000610351562
1984-05-04 00:00:00+00:00,132.6699981689453
1984-05-07 00:00:00+00:00,134.58999633789062
1984-05-08 00:00:00+00:00,134.92999267578125
1984-05-09 00:00:00+00:00,134.4499969482422
1984-05-10 00:00:00+00:00,134.8800048828125
1984-05-11 00:00:00+00:00,134.77999877929688
1984-05-14 00:00:00+00:00,134.33999633789062
1984-05-15 00:00:00+00:00,133.97999572753906
1984-05-16 00:00:00+00:00,133.8800048828125
1984-05-17 00:00:00+00:00,134.3800048828125
1984-05-18 00:00:00+00:00,135.05999755859375
1984-05-21 00:00:00+00:00,134.3699951171875
1984-05-22 00:00:00+00:00,134.05999755859375
1984-05-23 00:00:00+00:00,134.55999755859375
1984-05-24 00:00:00+00:00,134.05999755859375
1984-05-25 00:00:00+00:00,133.6199951171875
1984-05-29 00:00:00+00:00,133.74000549316406
1984-05-30 00:00:00+00:00,133.80999755859375
1984-05-31 00:00:00+00:00,133.69000244140625
1984-06-01 00:00:00+00:00,132.0
1984-06-04 00:00:00+00:00,131.5
1984-06-05 00:00:00+00:00,132.27000427246094
1984-06-06 00:00:00+00:00,131.9199981689453
1984-06-07 00:00:00+00:00,132.60000610351562
1984-06-08 00:00:00+00:00,132.72999572753906
1984-06-11 00:00:00+00:00,133.32000732421875
1984-06-12 00:00:00+00:00,133.77999877929688
1984-06-13 00:00:00+00:00,133.47000122070312
1984-06-14 00:00:00+00:00,133.58999633789062
1984-06-15 00:00:00+00:00,134.2899932861328
1984-06-18 00:00:00+00:00,134.80999755859375
1984-06-19 00:00:00+00:00,134.72000122070312
1984-06-20 00:00:00+00:00,135.6199951171875
1984-06-21 00:00:00+00:00,135.83999633789062
1984-06-22 00:00:00+00:00,135.94000244140625
1984-06-25 00:00:00+00:00,136.89999389648438
1984-06-26 00:00:00+00:00,136.30999755859375
1984-06-27 00:00:00+00:00,136.82000732421875
1984-06-28 00:00:00+00:00,136.33999633789062
1984-06-29 00:00:00+00:00,136.25999450683594
1984-07-02 00:00:00+00:00,136.6999969482422
1984-07-03 00:00:00+00:00,137.80999755859375
1984-07-05 00:00:00+00:00,138.49000549316406
1984-07-06 00:00:00+00:00,138.8800048828125
1984-07-09 00:00:00+00:00,139.17999267578125
1984-07-10 00:00:00+00:00,138.55999755859375
1984-07-11 00:00:00+00:00,139.1699981689453
1984-07-12 00:00:00+00:00,139.55999755859375
1984-07-13 00:00:00+00:00,138.64999389648438
1984-07-16 00:00:00+00:00,138.27999877929688
1984-07-17 00:00:00+00:00,139.27999877929688
1984-07-18 00:00:00+00:00,139.89999389648438
1984-07-19 00:00:00+00:00,139.11000061035156
1984-07-20 00:00:00+00:00,139.77000427246094
1984-07-23 00:00:00+00:00,140.47999572753906
1984-07-24 00:00:00+00:00,140.0399932861328
1984-07-25 00:00:00+00:00,139.42999267578125
1984-07-26 00:00:00+00:00,139.08999633789062
1984-07-27 00:00:00+00:00,140.72000122070312
1984-07-30 00:00:00+00:00,141.07000732421875
1984-07-31 00:00:00+00:00,141.2899932861328
1984-08-01 00:00:00+00:00,141.7100067138672
1984-08-02 00:00:00+00:00,140.89999389648438
1984-08-03 00:00:00+00:00,139.36000061035156
1984-08-06 00:00:00+00:00,140.25999450683594
1984-08-07 00:00:00+00:00,141.38999938964844
1984-08-08 00:00:00+00:00,140.80999755859375
1984-08-09 00:00:00+00:00,140.80999755859375
1984-08-10 00:00:00+00:00,140.6699981689453
1984-08-13 00:00:00+00:00,141.3800048828125
1984-08-14 00:00:00+00:00,140.13999938964844
1984-08-15 00:00:00+00:00,139.82000732421875
1984-08-16 00:00:00+00:00,139.00999450683594
1984-08-17 00:00:00+00:00,139.27000427246094
1984-08-20 00:00:00+00:00,139.6300048828125
1984-08-21 00:00:00+00:00,140.22000122070312
1984-08-22 00:00:00+00:00,139.9600067138672
1984-08-23 00:00:00+00:00,139.39999389648438
1984-08-24 00:00:00+00:00,139.80999755859375
1984-08-27 00:00:00+00:00,140.13999938964844
1984-08-28 00:00:00+00:00,139.94000244140625
1984-08-29 00:00:00+00:00,139.75
1984-08-30 00:00:00+00:00,140.11000061035156
1984-08-31 00:00:00+00:00,140.3300018310547
1984-09-04 00:00:00+00:00,141.9199981689453
1984-09-05 00:00:00+00:00,142.86000061035156
1984-09-06 00:00:00+00:00,142.66000366210938
1984-09-07 00:00:00+00:00,144.14999389648438
1984-09-10 00:00:00+00:00,144.22999572753906
1984-09-11 00:00:00+00:00,144.64999389648438
1984-09-12 00:00:00+00:00,144.3000030517578
1984-09-13 00:00:00+00:00,145.77999877929688
1984-09-14 00:00:00+00:00,145.5800018310547
1984-09-17 00:00:00+00:00,147.2899932861328
1984-09-18 00:00:00+00:00,147.97999572753906
1984-09-19 00:00:00+00:00,147.9600067138672
1984-09-20 00:00:00+00:00,149.3000030517578
1984-09-21 00:00:00+00:00,146.9199981689453
1984-09-24 00:00:00+00:00,145.7899932861328
1984-09-25 00:00:00+00:00,147.57000732421875
1984-09-26 00:00:00+00:00,146.41000366210938
1984-09-27 00:00:00+00:00,146.0500030517578
1984-09-28 00:00:00+00:00,147.5500030517578
1984-10-01 00:00:00+00:00,147.0500030517578
1984-10-02 00:00:00+00:00,146.4499969482422
1984-10-03 00:00:00+00:00,145.49000549316406
1984-10-04 00:00:00+00:00,146.00999450683594
1984-10-05 00:00:00+00:00,146.8300018310547
1984-10-09 00:00:00+00:00,148.0800018310547
1984-10-10 00:00:00+00:00,147.6300048828125
1984-10-11 00:00:00+00:00,148.3699951171875
1984-10-12 00:00:00+00:00,149.08999633789062
1984-10-15 00:00:00+00:00,149.91000366210938
1984-10-16 00:00:00+00:00,150.08999633789062
1984-10-17 00:00:00+00:00,149.6199951171875
1984-10-18 00:00:00+00:00,149.8000030517578
1984-10-19 00:00:00+00:00,148.2100067138672
1984-10-22 00:00:00+00:00,148.17999267578125
1984-10-23 00:00:00+00:00,146.77999877929688
1984-10-24 00:00:00+00:00,145.97000122070312
1984-10-25 00:00:00+00:00,145.57000732421875
1984-10-26 00:00:00+00:00,146.47999572753906
1984-10-29 00:00:00+00:00,147.83999633789062
1984-10-30 00:00:00+00:00,146.88999938964844
1984-10-31 00:00:00+00:00,146.38999938964844
1984-11-01 00:00:00+00:00,144.75999450683594
1984-11-02 00:00:00+00:00,143.17999267578125
1984-11-05 00:00:00+00:00,142.32000732421875
1984-11-07 00:00:00+00:00,142.3699951171875
1984-11-08 00:00:00+00:00,142.55999755859375
1984-11-09 00:00:00+00:00,142.89999389648438
1984-11-13 00:00:00+00:00,142.50999450683594
1984-11-14 00:00:00+00:00,143.75999450683594
1984-11-15 00:00:00+00:00,143.4600067138672
1984-11-16 00:00:00+00:00,143.89999389648438
1984-11-19 00:00:00+00:00,144.66000366210938
1984-11-20 00:00:00+00:00,145.41000366210938
1984-11-21 00:00:00+00:00,145.89999389648438
1984-11-23 00:00:00+00:00,146.2899932861328
1984-11-26 00:00:00+00:00,147.63999938964844
1984-11-27 00:00:00+00:00,147.25999450683594
1984-11-28 00:00:00+00:00,147.8800048828125
1984-11-29 00:00:00+00:00,148.05999755859375
1984-11-30 00:00:00+00:00,149.2100067138672
1984-12-03 00:00:00+00:00,149.50999450683594
1984-12-04 00:00:00+00:00,147.47000122070312
1984-12-05 00:00:00+00:00,148.1199951171875
1984-12-06 00:00:00+00:00,147.61000061035156
1984-12-07 00:00:00+00:00,148.4199981689453
1984-12-10 00:00:00+00:00,148.5800018310547
1984-12-11 00:00:00+00:00,148.47000122070312
1984-12-12 00:00:00+00:00,148.50999450683594
1984-12-13 00:00:00+00:00,149.24000549316406
1984-12-14 00:00:00+00:00,148.7100067138672
1984-12-17 00:00:00+00:00,148.6999969482422
1984-12-18 00:00:00+00:00,148.5800018310547
1984-12-19 00:00:00+00:00,149.22000122070312
1984-12-20 00:00:00+00:00,150.22999572753906
1984-12-21 00:00:00+00:00,149.75
1984-12-24 00:00:00+00:00,149.99000549316406
1984-12-26 00:00:00+00:00,150.1999969482422
1984-12-27 00:00:00+00:00,151.24000549316406
1984-12-28 00:00:00+00:00,150.91000366210938
1984-12-31 00:00:00+00:00,151.47000122070312
1985-01-02 00:00:00+00:00,152.22999572753906
1985-01-03 00:00:00+00:00,151.97000122070312
1985-01-04 00:00:00+00:00,152.11000061035156
1985-01-07 00:00:00+00:00,152.80999755859375
1985-01-08 00:00:00+00:00,151.91000366210938
1985-01-09 00:00:00+00:00,152.39999389648438
1985-01-10 00:00:00+00:00,151.8000030517578
1985-01-11 00:00:00+00:00,152.41000366210938
1985-01-14 00:00:00+00:00,153.88999938964844
1985-01-15 00:00:00+00:00,153.47000122070312
1985-01-16 00:00:00+00:00,153.63999938964844
1985-01-17 00:00:00+00:00,153.4600067138672
1985-01-18 00:00:00+00:00,153.47000122070312
1985-01-22 00:00:00+00:00,152.8699951171875
1985-01-23 00:00:00+00:00,153.4600067138672
1985-01-24 00:00:00+00:00,152.60000610351562
1985-01-25 00:00:00+00:00,153.00999450683594
1985-01-28 00:00:00+00:00,153.02000427246094
1985-01-29 00:00:00+00:00,153.27000427246094
1985-01-30 00:00:00+00:00,152.91000366210938
1985-01-31 00:00:00+00:00,152.72000122070312
1985-02-01 00:00:00+00:00,153.47000122070312
1985-02-04 00:00:00+00:00,154.94000244140625
1985-02-05 00:00:00+00:00,155.4199981689453
1985-02-06 00:00:00+00:00,155.30999755859375
1985-02-07 00:00:00+00:00,156.02000427246094
1985-02-08 00:00:00+00:00,156.50999450683594
1985-02-11 00:00:00+00:00,157.38999938964844
1985-02-13 00:00:00+00:00,158.5399932861328
1985-02-14 00:00:00+00:00,157.99000549316406
1985-02-15 00:00:00+00:00,156.97000122070312
1985-02-19 00:00:00+00:00,158.80999755859375
1985-02-20 00:00:00+00:00,159.6300048828125
1985-02-21 00:00:00+00:00,160.69000244140625
1985-02-22 00:00:00+00:00,162.0399932861328
1985-02-25 00:00:00+00:00,164.72000122070312
1985-02-26 00:00:00+00:00,164.0800018310547
1985-02-27 00:00:00+00:00,159.88999938964844
1985-02-28 00:00:00+00:00,160.41000366210938
1985-03-01 00:00:00+00:00,161.0399932861328
1985-03-04 00:00:00+00:00,161.77000427246094
1985-03-05 00:00:00+00:00,163.8300018310547
1985-03-06 00:00:00+00:00,162.0800018310547
1985-03-07 00:00:00+00:00,162.63999938964844
1985-03-08 00:00:00+00:00,163.17999267578125
1985-03-11 00:00:00+00:00,160.1999969482422
1985-03-12 00:00:00+00:00,160.5500030517578
1985-03-13 00:00:00+00:00,160.86000061035156
1985-03-14 00:00:00+00:00,161.94000244140625
1985-03-15 00:00:00+00:00,161.69000244140625
1985-03-18 00:00:00+00:00,160.0800018310547
1985-03-19 00:00:00+00:00,157.22000122070312
1985-03-20 00:00:00+00:00,156.5500030517578
1985-03-21 00:00:00+00:00,154.22999572753906
1985-03-22 00:00:00+00:00,155.1199951171875
1985-03-25 00:00:00+00:00,155.61000061035156
1985-03-26 00:00:00+00:00,154.4199981689453
1985-03-27 00:00:00+00:00,150.61000061035156
1985-03-28 00:00:00+00:00,150.99000549316406
1985-03-29 00:00:00+00:00,149.17999267578125
1985-04-01 00:00:00+00:00,150.64999389648438
1985-04-02 00:00:00+00:00,152.08999633789062
1985-04-03 00:00:00+00:00,150.94000244140625
1985-04-04 00:00:00+00:00,153.16000366210938
1985-04-05 00:00:00+00:00,152.97000122070312
1985-04-08 00:00:00+00:00,152.60000610351562
1985-04-09 00:00:00+00:00,151.8000030517578
1985-04-10 00:00:00+00:00,151.49000549316406
1985-04-11 00:00:00+00:00,148.82000732421875
1985-04-12 00:00:00+00:00,148.22999572753906
1985-04-15 00:00:00+00:00,146.85000610351562
1985-04-16 00:00:00+00:00,146.7899932861328
1985-04-17 00:00:00+00:00,146.97999572753906
1985-04-18 00:00:00+00:00,144.8300018310547
1985-04-19 00:00:00+00:00,144.8300018310547
1985-04-22 00:00:00+00:00,146.36000061035156
1985-04-23 00:00:00+00:00,148.7100067138672
1985-04-24 00:00:00+00:00,150.44000244140625
1985-04-25 00:00:00+00:00,151.82000732421875
1985-04-26 00:00:00+00:00,151.00999450683594
1985-04-29 00:00:00+00:00,150.3699951171875
1985-04-30 00:00:00+00:00,149.6999969482422
1985-05-01 00:00:00+00:00,151.57000732421875
1985-05-02 00:00:00+00:00,152.41000366210938
1985-05-03 00:00:00+00:00,154.1300048828125
1985-05-06 00:00:00+00:00,154.52000427246094
1985-05-07 00:00:00+00:00,152.3000030517578
1985-05-08 00:00:00+00:00,153.27000427246094
1985-05-09 00:00:00+00:00,150.27999877929688
1985-05-10 00:00:00+00:00,150.63999938964844
1985-05-13 00:00:00+00:00,148.72999572753906
1985-05-14 00:00:00+00:00,147.52999877929688
1985-05-15 00:00:00+00:00,148.66000366210938
1985-05-16 00:00:00+00:00,149.0800018310547
1985-05-17 00:00:00+00:00,148.3800048828125
1985-05-20 00:00:00+00:00,147.05999755859375
1985-05-21 00:00:00+00:00,148.1999969482422
1985-05-22 00:00:00+00:00,148.6199951171875
1985-05-23 00:00:00+00:00,148.94000244140625
1985-05-24 00:00:00+00:00,149.27999877929688
1985-05-28 00:00:00+00:00,149.97999572753906
1985-05-29 00:00:00+00:00,148.82000732421875
1985-05-30 00:00:00+00:00,148.75
1985-05-31 00:00:00+00:00,147.86000061035156
1985-06-03 00:00:00+00:00,146.94000244140625
1985-06-04 00:00:00+00:00,147.5500030517578
1985-06-05 00:00:00+00:00,148.47000122070312
1985-06-06 00:00:00+00:00,147.6699981689453
1985-06-07 00:00:00+00:00,148.5399932861328
1985-06-10 00:00:00+00:00,149.41000366210938
1985-06-11 00:00:00+00:00,148.83999633789062
1985-06-12 00:00:00+00:00,148.77000427246094
1985-06-13 00:00:00+00:00,149.13999938964844
1985-06-14 00:00:00+00:00,147.57000732421875
1985-06-17 00:00:00+00:00,147.72000122070312
1985-06-18 00:00:00+00:00,146.33999633789062
1985-06-19 00:00:00+00:00,145.9199981689453
1985-06-20 00:00:00+00:00,148.0500030517578
1985-06-21 00:00:00+00:00,147.58999633789062
1985-06-24 00:00:00+00:00,147.75
1985-06-25 00:00:00+00:00,147.8000030517578
1985-06-26 00:00:00+00:00,146.74000549316406
1985-06-27 00:00:00+00:00,147.3300018310547
1985-06-28 00:00:00+00:00,146.1199951171875
1985-07-01 00:00:00+00:00,146.44000244140625
1985-07-02 00:00:00+00:00,146.61000061035156
1985-07-03 00:00:00+00:00,146.08999633789062
1985-07-05 00:00:00+00:00,145.0
1985-07-08 00:00:00+00:00,143.9600067138672
1985-07-09 00:00:00+00:00,142.82000732421875
1985-07-10 00:00:00+00:00,141.80999755859375
1985-07-11 00:00:00+00:00,141.33999633789062
1985-07-12 00:00:00+00:00,140.25
1985-07-15 00:00:00+00:00,139.55999755859375
1985-07-16 00:00:00+00:00,139.77000427246094
1985-07-17 00:00:00+00:00,137.8300018310547
1985-07-18 00:00:00+00:00,139.17999267578125
1985-07-19 00:00:00+00:00,140.55999755859375
1985-07-22 00:00:00+00:00,140.75999450683594
1985-07-23 00:00:00+00:00,138.82000732421875
1985-07-24 00:00:00+00:00,140.25999450683594
1985-07-25 00:00:00+00:00,139.27999877929688
1985-07-26 00:00:00+00:00,139.2899932861328
1985-07-29 00:00:00+00:00,137.6699981689453
1985-07-30 00:00:00+00:00,137.5800018310547
1985-07-31 00:00:00+00:00,137.25999450683594
1985-08-01 00:00:00+00:00,138.4199981689453
1985-08-02 00:00:00+00:00,138.57000732421875
1985-08-05 00:00:00+00:00,138.63999938964844
1985-08-06 00:00:00+00:00,139.77000427246094
1985-08-07 00:00:00+00:00,139.85000610351562
1985-08-08 00:00:00+00:00,139.11000061035156
1985-08-09 00:00:00+00:00,139.1999969482422
1985-08-12 00:00:00+00:00,137.74000549316406
1985-08-13 00:00:00+00:00,137.3300018310547
1985-08-14 00:00:00+00:00,137.5800018310547
1985-08-15 00:00:00+00:00,136.4499969482422
1985-08-16 00:00:00+00:00,136.27000427246094
1985-08-19 00:00:00+00:00,136.3699951171875
1985-08-20 00:00:00+00:00,136.99000549316406
1985-08-21 00:00:00+00:00,136.57000732421875
1985-08-22 00:00:00+00:00,135.55999755859375
1985-08-23 00:00:00+00:00,135.99000549316406
1985-08-26 00:00:00+00:00,136.58999633789062
1985-08-27 00:00:00+00:00,137.38999938964844
1985-08-28 00:00:00+00:00,136.72999572753906
1985-08-29 00:00:00+00:00,136.97000122070312
1985-08-30 00:00:00+00:00,138.1999969482422
1985-09-03 00:00:00+00:00,139.91000366210938
1985-09-04 00:00:00+00:00,139.67999267578125
1985-09-05 00:00:00+00:00,140.19000244140625
1985-09-06 00:00:00+00:00,143.0500030517578
1985-09-09 00:00:00+00:00,143.6699981689453
1985-09-10 00:00:00+00:00,143.4499969482422
1985-09-11 00:00:00+00:00,144.19000244140625
1985-09-12 00:00:00+00:00,143.5500030517578
1985-09-13 00:00:00+00:00,141.94000244140625
1985-09-16 00:00:00+00:00,141.27999877929688
1985-09-17 00:00:00+00:00,141.64999389648438
1985-09-18 00:00:00+00:00,142.19000244140625
1985-09-19 00:00:00+00:00,142.0
1985-09-20 00:00:00+00:00,139.77000427246094
1985-09-23 00:00:00+00:00,134.89999389648438
1985-09-24 00:00:00+00:00,134.07000732421875
1985-09-25 00:00:00+00:00,132.75999450683594
1985-09-26 00:00:00+00:00,131.5500030517578
1985-09-30 00:00:00+00:00,132.1199951171875
1985-10-01 00:00:00+00:00,131.14999389648438
1985-10-02 00:00:00+00:00,130.9199981689453
1985-10-03 00:00:00+00:00,129.8800048828125
1985-10-04 00:00:00+00:00,130.3699951171875
1985-10-07 00:00:00+00:00,131.05999755859375
1985-10-08 00:00:00+00:00,130.97999572753906
1985-10-09 00:00:00+00:00,130.8800048828125
1985-10-10 00:00:00+00:00,131.3000030517578
1985-10-11 00:00:00+00:00,131.2899932861328
1985-10-15 00:00:00+00:00,131.4499969482422
1985-10-16 00:00:00+00:00,132.3800048828125
1985-10-17 00:00:00+00:00,130.9600067138672
1985-10-18 00:00:00+00:00,130.50999450683594
1985-10-21 00:00:00+00:00,130.38999938964844
1985-10-22 00:00:00+00:00,130.67999267578125
1985-10-23 00:00:00+00:00,130.47999572753906
1985-10-24 00:00:00+00:00,131.02999877929688
1985-10-25 00:00:00+00:00,130.99000549316406
1985-10-28 00:00:00+00:00,130.47000122070312
1985-10-29 00:00:00+00:00,129.63999938964844
1985-10-30 00:00:00+00:00,129.55999755859375
1985-10-31 00:00:00+00:00,129.38999938964844
1985-11-01 00:00:00+00:00,128.69000244140625
1985-11-04 00:00:00+00:00,128.47000122070312
1985-11-05 00:00:00+00:00,129.07000732421875
1985-11-06 00:00:00+00:00,128.39999389648438
1985-11-07 00:00:00+00:00,129.38999938964844
1985-11-08 00:00:00+00:00,129.39999389648438
1985-11-11 00:00:00+00:00,129.39999389648438
1985-11-12 00:00:00+00:00,129.44000244140625
1985-11-13 00:00:00+00:00,128.88999938964844
1985-11-14 00:00:00+00:00,128.85000610351562
1985-11-15 00:00:00+00:00,129.19000244140625
1985-11-18 00:00:00+00:00,128.7899932861328
1985-11-19 00:00:00+00:00,128.1199951171875
1985-11-20 00:00:00+00:00,128.5399932861328
1985-11-21 00:00:00+00:00,127.0999984741211
1985-11-22 00:00:00+00:00,126.54000091552734
1985-11-25 00:00:00+00:00,126.4800033569336
1985-11-26 00:00:00+00:00,125.91999816894531
1985-11-27 00:00:00+00:00,125.9000015258789
1985-11-28 00:00:00+00:00,125.9000015258789
1985-11-29 00:00:00+00:00,124.98999786376953
1985-12-02 00:00:00+00:00,125.31999969482422
1985-12-03 00:00:00+00:00,125.87000274658203
1985-12-04 00:00:00+00:00,125.33999633789062
1985-12-05 00:00:00+00:00,125.43000030517578
1985-12-06 00:00:00+00:00,125.69000244140625
1985-12-09 00:00:00+00:00,126.19000244140625
1985-12-10 00:00:00+00:00,126.66000366210938
1985-12-11 00:00:00+00:00,126.6500015258789
1985-12-12 00:00:00+00:00,125.9800033569336
1985-12-13 00:00:00+00:00,126.12999725341797
1985-12-16 00:00:00+00:00,125.77999877929688
1985-12-17 00:00:00+00:00,125.6500015258789
1985-12-18 00:00:00+00:00,126.4800033569336
1985-12-19 00:00:00+00:00,126.19000244140625
1985-12-20 00:00:00+00:00,125.8499984741211
1985-12-23 00:00:00+00:00,125.88999938964844
1985-12-24 00:00:00+00:00,125.7300033569336
1985-12-25 00:00:00+00:00,125.7300033569336
1985-12-26 00:00:00+00:00,125.80999755859375
1985-12-27 00:00:00+00:00,124.30000305175781
1985-12-30 00:00:00+00:00,124.04000091552734
1985-12-31 00:00:00+00:00,123.45999908447266
1986-01-01 00:00:00+00:00,123.45999908447266
1986-01-02 00:00:00+00:00,122.76000213623047
1986-01-03 00:00:00+00:00,124.5
1986-01-06 00:00:00+00:00,123.72000122070312
1986-01-07 00:00:00+00:00,123.5
1986-01-08 00:00:00+00:00,124.36000061035156
1986-01-09 00:00:00+00:00,123.20999908447266
1986-01-10 00:00:00+00:00,124.16000366210938
1986-01-13 00:00:00+00:00,124.47000122070312
1986-01-14 00:00:00+00:00,124.66999816894531
1986-01-15 00:00:00+00:00,124.30000305175781
1986-01-16 00:00:00+00:00,124.52999877929688
1986-01-17 00:00:00+00:00,124.41000366210938
1986-01-20 00:00:00+00:00,124.5999984741211
1986-01-21 00:00:00+00:00,124.5
1986-01-22 00:00:00+00:00,124.75
1986-01-23 00:00:00+00:00,124.44999694824219
1986-01-24 00:00:00+00:00,122.77999877929688
1986-01-27 00:00:00+00:00,122.44999694824219
1986-01-28 00:00:00+00:00,122.12999725341797
1986-01-29 00:00:00+00:00,121.8499984741211
1986-01-30 00:00:00+00:00,121.1500015258789
1986-01-31 00:00:00+00:00,121.5199966430664
1986-02-03 00:00:00+00:00,122.04000091552734
1986-02-04 00:00:00+00:00,122.87000274658203
1986-02-05 00:00:00+00:00,121.62999725341797
1986-02-06 00:00:00+00:00,121.80999755859375
1986-02-07 00:00:00+00:00,121.97000122070312
1986-02-10 00:00:00+00:00,120.80999755859375
1986-02-11 00:00:00+00:00,120.5999984741211
1986-02-12 00:00:00+00:00,120.08999633789062
1986-02-13 00:00:00+00:00,119.13999938964844
1986-02-14 00:00:00+00:00,118.81999969482422
1986-02-17 00:00:00+00:00,118.81999969482422
1986-02-18 00:00:00+00:00,118.05000305175781
1986-02-19 00:00:00+00:00,117.19000244140625
1986-02-20 00:00:00+00:00,117.0999984741211
1986-02-21 00:00:00+00:00,117.22000122070312
1986-02-24 00:00:00+00:00,115.86000061035156
1986-02-25 00:00:00+00:00,115.16999816894531
1986-02-26 00:00:00+00:00,114.7699966430664
1986-02-27 00:00:00+00:00,114.37999725341797
1986-02-28 00:00:00+00:00,115.08000183105469
1986-03-03 00:00:00+00:00,114.37999725341797
1986-03-04 00:00:00+00:00,113.7300033569336
1986-03-05 00:00:00+00:00,116.0999984741211
1986-03-06 00:00:00+00:00,115.25
1986-03-07 00:00:00+00:00,114.97000122070312
1986-03-10 00:00:00+00:00,116.22000122070312
1986-03-11 00:00:00+00:00,115.86000061035156
1986-03-12 00:00:00+00:00,116.12999725341797
1986-03-13 00:00:00+00:00,116.75
1986-03-14 00:00:00+00:00,115.22000122070312
1986-03-17 00:00:00+00:00,114.83000183105469
1986-03-18 00:00:00+00:00,114.41999816894531
1986-03-19 00:00:00+00:00,115.0999984741211
1986-03-20 00:00:00+00:00,114.68000030517578
1986-03-21 00:00:00+00:00,114.16999816894531
1986-03-24 00:00:00+00:00,116.83999633789062
1986-03-25 00:00:00+00:00,118.11000061035156
1986-03-26 00:00:00+00:00,118.0199966430664
1986-03-27 00:00:00+00:00,117.68000030517578
1986-03-28 00:00:00+00:00,117.68000030517578
1986-03-31 00:00:00+00:00,117.91999816894531
1986-04-01 00:00:00+00:00,118.0
1986-04-02 00:00:00+00:00,118.8499984741211
1986-04-03 00:00:00+00:00,119.94999694824219
1986-04-04 00:00:00+00:00,120.69000244140625
1986-04-07 00:00:00+00:00,120.41999816894531
1986-04-08 00:00:00+00:00,118.4000015258789
1986-04-09 00:00:00+00:00,118.44000244140625
1986-04-10 00:00:00+00:00,116.91999816894531
1986-04-11 00:00:00+00:00,117.30000305175781
1986-04-14 00:00:00+00:00,117.5
1986-04-15 00:00:00+00:00,117.4000015258789
1986-04-16 00:00:00+00:00,114.94999694824219
1986-04-17 00:00:00+00:00,114.29000091552734
1986-04-18 00:00:00+00:00,113.16999816894531
1986-04-21 00:00:00+00:00,113.0
1986-04-22 00:00:00+00:00,112.18000030517578
1986-04-23 00:00:00+00:00,112.16999816894531
1986-04-24 00:00:00+00:00,112.3499984741211
1986-04-25 00:00:00+00:00,111.12000274658203
1986-04-28 00:00:00+00:00,110.93000030517578
1986-04-29 00:00:00+00:00,111.44000244140625
1986-04-30 00:00:00+00:00,111.7699966430664
1986-05-01 00:00:00+00:00,113.37999725341797
1986-05-02 00:00:00+00:00,112.73999786376953
1986-05-05 00:00:00+00:00,111.25
1986-05-06 00:00:00+00:00,112.02999877929688
1986-05-07 00:00:00+00:00,111.44000244140625
1986-05-08 00:00:00+00:00,111.33999633789062
1986-05-09 00:00:00+00:00,111.31999969482422
1986-05-12 00:00:00+00:00,110.58000183105469
1986-05-13 00:00:00+00:00,111.54000091552734
1986-05-14 00:00:00+00:00,111.47000122070312
1986-05-15 00:00:00+00:00,111.58999633789062
1986-05-16 00:00:00+00:00,112.87000274658203
1986-05-19 00:00:00+00:00,112.41999816894531
1986-05-20 00:00:00+00:00,113.6500015258789
1986-05-21 00:00:00+00:00,114.45999908447266
1986-05-22 00:00:00+00:00,115.16999816894531
1986-05-23 00:00:00+00:00,115.45999908447266
1986-05-26 00:00:00+00:00,115.45999908447266
1986-05-27 00:00:00+00:00,115.02999877929688
1986-05-28 00:00:00+00:00,115.44000244140625
1986-05-29 00:00:00+00:00,116.5199966430664
1986-05-30 00:00:00+00:00,117.51000213623047
1986-06-02 00:00:00+00:00,117.48999786376953
1986-06-03 00:00:00+00:00,115.6500015258789
1986-06-04 00:00:00+00:00,115.38999938964844
1986-06-05 00:00:00+00:00,114.08999633789062
1986-06-06 00:00:00+00:00,113.41000366210938
1986-06-09 00:00:00+00:00,114.18000030517578
1986-06-10 00:00:00+00:00,112.9800033569336
1986-06-11 00:00:00+00:00,112.80000305175781
1986-06-12 00:00:00+00:00,112.41000366210938
1986-06-13 00:00:00+00:00,112.58000183105469
1986-06-16 00:00:00+00:00,112.95999908447266
1986-06-17 00:00:00+00:00,113.93000030517578
1986-06-18 00:00:00+00:00,113.4800033569336
1986-06-19 00:00:00+00:00,113.61000061035156
1986-06-20 00:00:00+00:00,114.72000122070312
1986-06-23 00:00:00+00:00,113.33000183105469
1986-06-24 00:00:00+00:00,113.19000244140625
1986-06-25 00:00:00+00:00,113.04000091552734
1986-06-26 00:00:00+00:00,112.93000030517578
1986-06-27 00:00:00+00:00,112.16999816894531
1986-06-30 00:00:00+00:00,111.61000061035156
1986-07-01 00:00:00+00:00,111.19000244140625
1986-07-02 00:00:00+00:00,111.08000183105469
1986-07-03 00:00:00+00:00,111.08000183105469
1986-07-04 00:00:00+00:00,111.08000183105469
1986-07-07 00:00:00+00:00,111.54000091552734
1986-07-08 00:00:00+00:00,111.13999938964844
1986-07-09 00:00:00+00:00,110.9000015258789
1986-07-10 00:00:00+00:00,111.12000274658203
1986-07-11 00:00:00+00:00,112.0
1986-07-14 00:00:00+00:00,111.20999908447266
1986-07-15 00:00:00+00:00,110.31999969482422
1986-07-16 00:00:00+00:00,110.02999877929688
1986-07-17 00:00:00+00:00,110.12000274658203
1986-07-18 00:00:00+00:00,109.43000030517578
1986-07-21 00:00:00+00:00,109.08999633789062
1986-07-22 00:00:00+00:00,109.37999725341797
1986-07-23 00:00:00+00:00,109.44000244140625
1986-07-24 00:00:00+00:00,109.83999633789062
1986-07-25 00:00:00+00:00,110.61000061035156
1986-07-28 00:00:00+00:00,109.11000061035156
1986-07-29 00:00:00+00:00,109.16999816894531
1986-07-30 00:00:00+00:00,108.9800033569336
1986-07-31 00:00:00+00:00,108.04000091552734
1986-08-01 00:00:00+00:00,108.05999755859375
1986-08-04 00:00:00+00:00,108.13999938964844
1986-08-05 00:00:00+00:00,108.3499984741211
1986-08-06 00:00:00+00:00,107.80999755859375
1986-08-07 00:00:00+00:00,107.63999938964844
1986-08-08 00:00:00+00:00,107.62999725341797
1986-08-11 00:00:00+00:00,107.18000030517578
1986-08-12 00:00:00+00:00,107.81999969482422
1986-08-13 00:00:00+00:00,107.58000183105469
1986-08-14 00:00:00+00:00,107.16000366210938
1986-08-15 00:00:00+00:00,107.26000213623047
1986-08-18 00:00:00+00:00,107.66000366210938
1986-08-19 00:00:00+00:00,106.97000122070312
1986-08-20 00:00:00+00:00,106.7699966430664
1986-08-21 00:00:00+00:00,106.58000183105469
1986-08-22 00:00:00+00:00,106.7699966430664
1986-08-25 00:00:00+00:00,106.87999725341797
1986-08-26 00:00:00+00:00,107.48999786376953
1986-08-27 00:00:00+00:00,107.05000305175781
1986-08-28 00:00:00+00:00,107.47000122070312
1986-08-29 00:00:00+00:00,106.43000030517578
1986-09-01 00:00:00+00:00,106.43000030517578
1986-09-02 00:00:00+00:00,106.26000213623047
1986-09-03 00:00:00+00:00,106.23999786376953
1986-09-04 00:00:00+00:00,106.45999908447266
1986-09-05 00:00:00+00:00,107.2699966430664
1986-09-08 00:00:00+00:00,108.0
1986-09-09 00:00:00+00:00,107.83000183105469
1986-09-10 00:00:00+00:00,107.66000366210938
1986-09-11 00:00:00+00:00,108.80000305175781
1986-09-12 00:00:00+00:00,107.58000183105469
1986-09-15 00:00:00+00:00,107.05000305175781
1986-09-16 00:00:00+00:00,107.44999694824219
1986-09-17 00:00:00+00:00,106.47000122070312
1986-09-18 00:00:00+00:00,105.12000274658203
1986-09-19 00:00:00+00:00,105.02999877929688
1986-09-22 00:00:00+00:00,106.75
1986-09-23 00:00:00+00:00,107.58999633789062
1986-09-24 00:00:00+00:00,107.47000122070312
1986-09-25 00:00:00+00:00,107.5999984741211
1986-09-26 00:00:00+00:00,107.68000030517578
1986-09-29 00:00:00+00:00,106.5999984741211
1986-09-30 00:00:00+00:00,106.73999786376953
1986-10-01 00:00:00+00:00,106.55999755859375
1986-10-02 00:00:00+00:00,106.19000244140625
1986-10-03 00:00:00+00:00,106.1500015258789
1986-10-06 00:00:00+00:00,105.56999969482422
1986-10-07 00:00:00+00:00,106.06999969482422
1986-10-08 00:00:00+00:00,106.02999877929688
1986-10-09 00:00:00+00:00,106.12000274658203
1986-10-10 00:00:00+00:00,105.58000183105469
1986-10-13 00:00:00+00:00,105.30999755859375
1986-10-14 00:00:00+00:00,105.12999725341797
1986-10-15 00:00:00+00:00,105.13999938964844
1986-10-16 00:00:00+00:00,105.26000213623047
1986-10-17 00:00:00+00:00,105.29000091552734
1986-10-20 00:00:00+00:00,105.68000030517578
1986-10-21 00:00:00+00:00,105.70999908447266
1986-10-22 00:00:00+00:00,105.72000122070312
1986-10-23 00:00:00+00:00,106.76000213623047
1986-10-24 00:00:00+00:00,108.12000274658203
1986-10-27 00:00:00+00:00,108.44999694824219
1986-10-28 00:00:00+00:00,107.86000061035156
1986-10-29 00:00:00+00:00,107.68000030517578
1986-10-30 00:00:00+00:00,108.58999633789062
1986-10-31 00:00:00+00:00,109.2699966430664
1986-11-03 00:00:00+00:00,109.33999633789062
1986-11-04 00:00:00+00:00,109.08999633789062
1986-11-05 00:00:00+00:00,109.13999938964844
1986-11-06 00:00:00+00:00,109.06999969482422
1986-11-07 00:00:00+00:00,108.95999908447266
1986-11-10 00:00:00+00:00,108.31999969482422
1986-11-11 00:00:00+00:00,108.0
1986-11-12 00:00:00+00:00,107.3499984741211
1986-11-13 00:00:00+00:00,107.26000213623047
1986-11-14 00:00:00+00:00,106.9800033569336
1986-11-17 00:00:00+00:00,107.5
1986-11-18 00:00:00+00:00,107.44999694824219
1986-11-19 00:00:00+00:00,107.26000213623047
1986-11-20 00:00:00+00:00,107.5199966430664
1986-11-21 00:00:00+00:00,107.98999786376953
1986-11-24 00:00:00+00:00,107.8499984741211
1986-11-25 00:00:00+00:00,106.55999755859375
1986-11-26 00:00:00+00:00,106.58999633789062
1986-11-27 00:00:00+00:00,106.58999633789062
1986-11-28 00:00:00+00:00,105.91999816894531
1986-12-01 00:00:00+00:00,105.73999786376953
1986-12-02 00:00:00+00:00,106.11000061035156
1986-12-03 00:00:00+00:00,105.94999694824219
1986-12-04 00:00:00+00:00,107.06999969482422
1986-12-05 00:00:00+00:00,107.2300033569336
1986-12-08 00:00:00+00:00,107.36000061035156
1986-12-09 00:00:00+00:00,107.72000122070312
1986-12-10 00:00:00+00:00,107.29000091552734
1986-12-11 00:00:00+00:00,107.47000122070312
1986-12-12 00:00:00+00:00,107.37999725341797
1986-12-15 00:00:00+00:00,107.58999633789062
1986-12-16 00:00:00+00:00,107.70999908447266
1986-12-17 00:00:00+00:00,107.61000061035156
1986-12-18 00:00:00+00:00,107.22000122070312
1986-12-19 00:00:00+00:00,106.9000015258789
1986-12-22 00:00:00+00:00,106.12999725341797
1986-12-23 00:00:00+00:00,105.58000183105469
1986-12-24 00:00:00+00:00,105.4800033569336
1986-12-25 00:00:00+00:00,105.4800033569336
1986-12-26 00:00:00+00:00,105.4800033569336
1986-12-29 00:00:00+00:00,104.55999755859375
1986-12-30 00:00:00+00:00,104.79000091552734
1986-12-31 00:00:00+00:00,103.58000183105469
1987-01-01 00:00:00+00:00,103.58000183105469
1987-01-02 00:00:00+00:00,103.61000061035156
1987-01-05 00:00:00+00:00,104.13999938964844
1987-01-06 00:00:00+00:00,103.69999694824219
1987-01-07 00:00:00+00:00,104.08000183105469
1987-01-08 00:00:00+00:00,103.55999755859375
1987-01-09 00:00:00+00:00,103.7300033569336
1987-01-12 00:00:00+00:00,102.6500015258789
1987-01-13 00:00:00+00:00,101.80000305175781
1987-01-14 00:00:00+00:00,100.16999816894531
1987-01-15 00:00:00+00:00,100.30000305175781
1987-01-16 00:00:00+00:00,100.33000183105469
1987-01-19 00:00:00+00:00,99.05000305175781
1987-01-20 00:00:00+00:00,100.16000366210938
1987-01-21 00:00:00+00:00,100.20999908447266
1987-01-22 00:00:00+00:00,99.13999938964844
1987-01-23 00:00:00+00:00,99.31999969482422
1987-01-26 00:00:00+00:00,99.44000244140625
1987-01-27 00:00:00+00:00,98.26000213623047
1987-01-28 00:00:00+00:00,97.66000366210938
1987-01-29 00:00:00+00:00,98.05000305175781
1987-01-30 00:00:00+00:00,99.86000061035156
1987-02-02 00:00:00+00:00,98.91000366210938
1987-02-03 00:00:00+00:00,98.5199966430664
1987-02-04 00:00:00+00:00,98.91000366210938
1987-02-05 00:00:00+00:00,99.83999633789062
1987-02-06 00:00:00+00:00,100.83000183105469
1987-02-09 00:00:00+00:00,98.62999725341797
1987-02-10 00:00:00+00:00,99.12999725341797
1987-02-11 00:00:00+00:00,99.26000213623047
1987-02-12 00:00:00+00:00,99.66999816894531
1987-02-13 00:00:00+00:00,99.33000183105469
1987-02-16 00:00:00+00:00,99.33000183105469
1987-02-17 00:00:00+00:00,99.12999725341797
1987-02-18 00:00:00+00:00,99.54000091552734
1987-02-19 00:00:00+00:00,99.51000213623047
1987-02-20 00:00:00+00:00,99.41000366210938
1987-02-23 00:00:00+00:00,99.75
1987-02-24 00:00:00+00:00,99.6500015258789
1987-02-25 00:00:00+00:00,99.3499984741211
1987-02-26 00:00:00+00:00,99.19999694824219
1987-02-27 00:00:00+00:00,99.26000213623047
1987-03-02 00:00:00+00:00,99.52999877929688
1987-03-03 00:00:00+00:00,99.30000305175781
1987-03-04 00:00:00+00:00,99.56999969482422
1987-03-05 00:00:00+00:00,99.12999725341797
1987-03-06 00:00:00+00:00,99.56999969482422
1987-03-09 00:00:00+00:00,100.0999984741211
1987-03-10 00:00:00+00:00,99.88999938964844
1987-03-11 00:00:00+00:00,99.93000030517578
1987-03-12 00:00:00+00:00,100.04000091552734
1987-03-13 00:00:00+00:00,99.68000030517578
1987-03-16 00:00:00+00:00,98.87000274658203
1987-03-17 00:00:00+00:00,98.76000213623047
1987-03-18 00:00:00+00:00,98.80000305175781
1987-03-19 00:00:00+00:00,98.7699966430664
1987-03-20 00:00:00+00:00,98.52999877929688
1987-03-23 00:00:00+00:00,97.91999816894531
1987-03-24 00:00:00+00:00,98.04000091552734
1987-03-25 00:00:00+00:00,98.2699966430664
1987-03-26 00:00:00+00:00,98.3499984741211
1987-03-27 00:00:00+00:00,97.63999938964844
1987-03-30 00:00:00+00:00,96.9000015258789
1987-03-31 00:00:00+00:00,97.11000061035156
1987-04-01 00:00:00+00:00,98.11000061035156
1987-04-02 00:00:00+00:00,97.52999877929688
1987-04-03 00:00:00+00:00,97.68000030517578
1987-04-06 00:00:00+00:00,97.7699966430664
1987-04-07 00:00:00+00:00,97.72000122070312
1987-04-08 00:00:00+00:00,98.23999786376953
1987-04-09 00:00:00+00:00,97.41000366210938
1987-04-10 00:00:00+00:00,96.87999725341797
1987-04-13 00:00:00+00:00,96.77999877929688
1987-04-14 00:00:00+00:00,96.12999725341797
1987-04-15 00:00:00+00:00,96.76000213623047
1987-04-16 00:00:00+00:00,96.94999694824219
1987-04-17 00:00:00+00:00,96.94999694824219
1987-04-20 00:00:00+00:00,96.77999877929688
1987-04-21 00:00:00+00:00,96.98999786376953
1987-04-22 00:00:00+00:00,97.41999816894531
1987-04-23 00:00:00+00:00,96.61000061035156
1987-04-24 00:00:00+00:00,95.81999969482422
1987-04-27 00:00:00+00:00,95.94000244140625
1987-04-28 00:00:00+00:00,95.97000122070312
1987-04-29 00:00:00+00:00,96.06999969482422
1987-04-30 00:00:00+00:00,95.94000244140625
1987-05-01 00:00:00+00:00,95.37000274658203
1987-05-04 00:00:00+00:00,94.87999725341797
1987-05-05 00:00:00+00:00,95.11000061035156
1987-05-06 00:00:00+00:00,94.94000244140625
1987-05-07 00:00:00+00:00,95.51000213623047
1987-05-08 00:00:00+00:00,95.86000061035156
1987-05-11 00:00:00+00:00,96.23999786376953
1987-05-12 00:00:00+00:00,96.08000183105469
1987-05-13 00:00:00+00:00,96.08999633789062
1987-05-14 00:00:00+00:00,95.66999816894531
1987-05-15 00:00:00+00:00,95.37999725341797
1987-05-18 00:00:00+00:00,95.6500015258789
1987-05-19 00:00:00+00:00,95.30000305175781
1987-05-20 00:00:00+00:00,95.38999938964844
1987-05-21 00:00:00+00:00,95.55999755859375
1987-05-22 00:00:00+00:00,95.83000183105469
1987-05-25 00:00:00+00:00,95.83000183105469
1987-05-26 00:00:00+00:00,97.44999694824219
1987-05-27 00:00:00+00:00,97.83000183105469
1987-05-28 00:00:00+00:00,97.38999938964844
1987-05-29 00:00:00+00:00,97.7699966430664
1987-06-01 00:00:00+00:00,98.13999938964844
1987-06-02 00:00:00+00:00,96.6500015258789
1987-06-03 00:00:00+00:00,97.12999725341797
1987-06-04 00:00:00+00:00,97.66000366210938
1987-06-05 00:00:00+00:00,97.56999969482422
1987-06-08 00:00:00+00:00,97.08999633789062
1987-06-09 00:00:00+00:00,96.22000122070312
1987-06-10 00:00:00+00:00,96.48999786376953
1987-06-11 00:00:00+00:00,96.41000366210938
1987-06-12 00:00:00+00:00,97.19999694824219
1987-06-15 00:00:00+00:00,97.87999725341797
1987-06-16 00:00:00+00:00,97.93000030517578
1987-06-17 00:00:00+00:00,98.11000061035156
1987-06-18 00:00:00+00:00,97.9800033569336
1987-06-19 00:00:00+00:00,98.1500015258789
1987-06-22 00:00:00+00:00,98.95999908447266
1987-06-23 00:00:00+00:00,98.6500015258789
1987-06-24 00:00:00+00:00,97.69000244140625
1987-06-25 00:00:00+00:00,98.23999786376953
1987-06-26 00:00:00+00:00,98.18000030517578
1987-06-29 00:00:00+00:00,98.43000030517578
1987-06-30 00:00:00+00:00,98.12999725341797
1987-07-01 00:00:00+00:00,98.23999786376953
1987-07-02 00:00:00+00:00,98.41000366210938
1987-07-03 00:00:00+00:00,98.41000366210938
1987-07-06 00:00:00+00:00,98.77999877929688
1987-07-07 00:00:00+00:00,98.95999908447266
1987-07-08 00:00:00+00:00,98.97000122070312
1987-07-09 00:00:00+00:00,98.9000015258789
1987-07-10 00:00:00+00:00,99.16999816894531
1987-07-13 00:00:00+00:00,99.08999633789062
1987-07-14 00:00:00+00:00,99.41000366210938
1987-07-15 00:00:00+00:00,98.19999694824219
1987-07-16 00:00:00+00:00,98.63999938964844
1987-07-17 00:00:00+00:00,100.01000213623047
1987-07-20 00:00:00+00:00,100.12999725341797
1987-07-21 00:00:00+00:00,99.9000015258789
1987-07-22 00:00:00+00:00,99.93000030517578
1987-07-23 00:00:00+00:00,99.7699966430664
1987-07-24 00:00:00+00:00,99.55000305175781
1987-07-27 00:00:00+00:00,99.62999725341797
1987-07-28 00:00:00+00:00,99.58999633789062
1987-07-29 00:00:00+00:00,99.76000213623047
1987-07-30 00:00:00+00:00,99.56999969482422
1987-07-31 00:00:00+00:00,99.79000091552734
1987-08-03 00:00:00+00:00,100.26000213623047
1987-08-04 00:00:00+00:00,101.02999877929688
1987-08-05 00:00:00+00:00,100.66000366210938
1987-08-06 00:00:00+00:00,100.83000183105469
1987-08-07 00:00:00+00:00,101.29000091552734
1987-08-10 00:00:00+00:00,101.29000091552734
1987-08-11 00:00:00+00:00,101.3499984741211
1987-08-12 00:00:00+00:00,101.19999694824219
1987-08-13 00:00:00+00:00,101.11000061035156
1987-08-14 00:00:00+00:00,100.51000213623047
1987-08-17 00:00:00+00:00,100.29000091552734
1987-08-18 00:00:00+00:00,98.83000183105469
1987-08-19 00:00:00+00:00,98.22000122070312
1987-08-20 00:00:00+00:00,98.3499984741211
1987-08-21 00:00:00+00:00,97.2699966430664
1987-08-24 00:00:00+00:00,97.37999725341797
1987-08-25 00:00:00+00:00,97.88999938964844
1987-08-26 00:00:00+00:00,97.80999755859375
1987-08-27 00:00:00+00:00,97.0
1987-08-28 00:00:00+00:00,97.08999633789062
1987-08-31 00:00:00+00:00,97.31999969482422
1987-09-01 00:00:00+00:00,96.9800033569336
1987-09-02 00:00:00+00:00,96.30999755859375
1987-09-03 00:00:00+00:00,96.22000122070312
1987-09-04 00:00:00+00:00,96.44999694824219
1987-09-07 00:00:00+00:00,96.44999694824219
1987-09-08 00:00:00+00:00,96.13999938964844
1987-09-09 00:00:00+00:00,96.66999816894531
1987-09-10 00:00:00+00:00,96.83999633789062
1987-09-11 00:00:00+00:00,97.01000213623047
1987-09-14 00:00:00+00:00,97.4800033569336
1987-09-15 00:00:00+00:00,97.13999938964844
1987-09-16 00:00:00+00:00,97.25
1987-09-17 00:00:00+00:00,97.1500015258789
1987-09-18 00:00:00+00:00,96.70999908447266
1987-09-21 00:00:00+00:00,97.0
1987-09-22 00:00:00+00:00,97.45999908447266
1987-09-23 00:00:00+00:00,97.5199966430664
1987-09-24 00:00:00+00:00,97.33999633789062
1987-09-25 00:00:00+00:00,97.4000015258789
1987-09-28 00:00:00+00:00,97.62999725341797
1987-09-29 00:00:00+00:00,98.3499984741211
1987-09-30 00:00:00+00:00,98.56999969482422
1987-10-01 00:00:00+00:00,98.41999816894531
1987-10-02 00:00:00+00:00,98.63999938964844
1987-10-05 00:00:00+00:00,98.41999816894531
1987-10-06 00:00:00+00:00,98.08999633789062
1987-10-07 00:00:00+00:00,97.6500015258789
1987-10-08 00:00:00+00:00,97.13999938964844
1987-10-09 00:00:00+00:00,96.8499984741211
1987-10-12 00:00:00+00:00,96.98999786376953
1987-10-13 00:00:00+00:00,97.33999633789062
1987-10-14 00:00:00+00:00,96.69999694824219
1987-10-15 00:00:00+00:00,96.5999984741211
1987-10-16 00:00:00+00:00,96.33000183105469
1987-10-19 00:00:00+00:00,95.36000061035156
1987-10-20 00:00:00+00:00,97.06999969482422
1987-10-21 00:00:00+00:00,97.31999969482422
1987-10-22 00:00:00+00:00,97.30000305175781
1987-10-23 00:00:00+00:00,95.68000030517578
1987-10-26 00:00:00+00:00,95.43000030517578
1987-10-27 00:00:00+00:00,94.83000183105469
1987-10-28 00:00:00+00:00,93.69999694824219
1987-10-29 00:00:00+00:00,93.83999633789062
1987-10-30 00:00:00+00:00,93.6500015258789
1987-11-02 00:00:00+00:00,92.83000183105469
1987-11-03 00:00:00+00:00,93.08999633789062
1987-11-04 00:00:00+00:00,92.66000366210938
1987-11-05 00:00:00+00:00,91.22000122070312
1987-11-06 00:00:00+00:00,91.08999633789062
1987-11-09 00:00:00+00:00,90.51000213623047
1987-11-10 00:00:00+00:00,90.6500015258789
1987-11-11 00:00:00+00:00,91.12000274658203
1987-11-12 00:00:00+00:00,91.66999816894531
1987-11-13 00:00:00+00:00,91.7300033569336
1987-11-16 00:00:00+00:00,92.69000244140625
1987-11-17 00:00:00+00:00,91.70999908447266
1987-11-18 00:00:00+00:00,91.45999908447266
1987-11-19 00:00:00+00:00,91.30999755859375
1987-11-20 00:00:00+00:00,91.26000213623047
1987-11-23 00:00:00+00:00,90.94000244140625
1987-11-24 00:00:00+00:00,90.98999786376953
1987-11-25 00:00:00+00:00,90.80999755859375
1987-11-26 00:00:00+00:00,90.80999755859375
1987-11-27 00:00:00+00:00,90.0
1987-11-30 00:00:00+00:00,89.1500015258789
1987-12-01 00:00:00+00:00,90.05000305175781
1987-12-02 00:00:00+00:00,90.0
1987-12-03 00:00:00+00:00,90.30999755859375
1987-12-04 00:00:00+00:00,90.47000122070312
1987-12-07 00:00:00+00:00,90.77999877929688
1987-12-08 00:00:00+00:00,90.33000183105469
1987-12-09 00:00:00+00:00,90.16000366210938
1987-12-10 00:00:00+00:00,88.77999877929688
1987-12-11 00:00:00+00:00,88.54000091552734
1987-12-14 00:00:00+00:00,88.4800033569336
1987-12-15 00:00:00+00:00,88.58000183105469
1987-12-16 00:00:00+00:00,88.2699966430664
1987-12-17 00:00:00+00:00,87.70999908447266
1987-12-18 00:00:00+00:00,88.55999755859375
1987-12-21 00:00:00+00:00,88.22000122070312
1987-12-22 00:00:00+00:00,88.1500015258789
1987-12-23 00:00:00+00:00,88.5199966430664
1987-12-24 00:00:00+00:00,88.11000061035156
1987-12-25 00:00:00+00:00,88.11000061035156
1987-12-28 00:00:00+00:00,86.80000305175781
1987-12-29 00:00:00+00:00,86.68000030517578
1987-12-30 00:00:00+00:00,86.63999938964844
1987-12-31 00:00:00+00:00,85.41999816894531
1988-01-01 00:00:00+00:00,85.41999816894531
1988-01-04 00:00:00+00:00,86.05999755859375
1988-01-05 00:00:00+00:00,88.41999816894531
1988-01-06 00:00:00+00:00,89.08999633789062
1988-01-07 00:00:00+00:00,89.16999816894531
1988-01-08 00:00:00+00:00,89.0
1988-01-11 00:00:00+00:00,88.79000091552734
1988-01-12 00:00:00+00:00,88.37999725341797
1988-01-13 00:00:00+00:00,88.5
1988-01-14 00:00:00+00:00,88.19000244140625
1988-01-15 00:00:00+00:00,90.75
1988-01-18 00:00:00+00:00,90.44999694824219
1988-01-19 00:00:00+00:00,90.22000122070312
1988-01-20 00:00:00+00:00,89.30999755859375
1988-01-21 00:00:00+00:00,89.5199966430664
1988-01-22 00:00:00+00:00,89.69000244140625
1988-01-25 00:00:00+00:00,90.2699966430664
1988-01-26 00:00:00+00:00,90.01000213623047
1988-01-27 00:00:00+00:00,89.76000213623047
1988-01-28 00:00:00+00:00,89.62999725341797
1988-01-29 00:00:00+00:00,90.33999633789062
1988-02-01 00:00:00+00:00,90.8499984741211
1988-02-02 00:00:00+00:00,90.36000061035156
1988-02-03 00:00:00+00:00,90.80000305175781
1988-02-04 00:00:00+00:00,90.5
1988-02-05 00:00:00+00:00,91.1500015258789
1988-02-08 00:00:00+00:00,91.13999938964844
1988-02-09 00:00:00+00:00,91.06999969482422
1988-02-10 00:00:00+00:00,90.77999877929688
1988-02-11 00:00:00+00:00,90.87999725341797
1988-02-12 00:00:00+00:00,91.8499984741211
1988-02-15 00:00:00+00:00,91.8499984741211
1988-02-16 00:00:00+00:00,91.58000183105469
1988-02-17 00:00:00+00:00,91.36000061035156
1988-02-18 00:00:00+00:00,91.72000122070312
1988-02-19 00:00:00+00:00,91.55999755859375
1988-02-22 00:00:00+00:00,91.05000305175781
1988-02-23 00:00:00+00:00,90.8499984741211
1988-02-24 00:00:00+00:00,90.87000274658203
1988-02-25 00:00:00+00:00,90.79000091552734
1988-02-26 00:00:00+00:00,90.52999877929688
1988-02-29 00:00:00+00:00,90.52999877929688
1988-03-01 00:00:00+00:00,90.44000244140625
1988-03-02 00:00:00+00:00,90.86000061035156
1988-03-03 00:00:00+00:00,90.80999755859375
1988-03-04 00:00:00+00:00,90.55999755859375
1988-03-07 00:00:00+00:00,89.7699966430664
1988-03-08 00:00:00+00:00,89.3499984741211
1988-03-09 00:00:00+00:00,89.31999969482422
1988-03-10 00:00:00+00:00,89.37999725341797
1988-03-11 00:00:00+00:00,89.0199966430664
1988-03-14 00:00:00+00:00,89.08000183105469
1988-03-15 00:00:00+00:00,89.33999633789062
1988-03-16 00:00:00+00:00,89.5199966430664
1988-03-17 00:00:00+00:00,90.37999725341797
1988-03-18 00:00:00+00:00,90.51000213623047
1988-03-21 00:00:00+00:00,90.0999984741211
1988-03-22 00:00:00+00:00,90.19999694824219
1988-03-23 00:00:00+00:00,90.06999969482422
1988-03-24 00:00:00+00:00,89.4000015258789
1988-03-25 00:00:00+00:00,89.3499984741211
1988-03-28 00:00:00+00:00,88.29000091552734
1988-03-29 00:00:00+00:00,88.69999694824219
1988-03-30 00:00:00+00:00,88.44999694824219
1988-03-31 00:00:00+00:00,88.30000305175781
1988-04-01 00:00:00+00:00,88.30000305175781
1988-04-04 00:00:00+00:00,88.16000366210938
1988-04-05 00:00:00+00:00,88.83999633789062
1988-04-06 00:00:00+00:00,89.4000015258789
1988-04-07 00:00:00+00:00,89.26000213623047
1988-04-08 00:00:00+00:00,89.13999938964844
1988-04-11 00:00:00+00:00,89.58000183105469
1988-04-12 00:00:00+00:00,89.83000183105469
1988-04-13 00:00:00+00:00,90.04000091552734
1988-04-14 00:00:00+00:00,88.44000244140625
1988-04-15 00:00:00+00:00,88.30999755859375
1988-04-18 00:00:00+00:00,88.31999969482422
1988-04-19 00:00:00+00:00,88.55000305175781
1988-04-20 00:00:00+00:00,88.5199966430664
1988-04-21 00:00:00+00:00,88.58000183105469
1988-04-22 00:00:00+00:00,88.88999938964844
1988-04-25 00:00:00+00:00,88.98999786376953
1988-04-26 00:00:00+00:00,89.02999877929688
1988-04-27 00:00:00+00:00,88.97000122070312
1988-04-28 00:00:00+00:00,88.79000091552734
1988-04-29 00:00:00+00:00,89.16000366210938
1988-05-02 00:00:00+00:00,89.16000366210938
1988-05-03 00:00:00+00:00,89.25
1988-05-04 00:00:00+00:00,89.19999694824219
1988-05-05 00:00:00+00:00,89.4800033569336
1988-05-06 00:00:00+00:00,89.30000305175781
1988-05-09 00:00:00+00:00,89.23999786376953
1988-05-10 00:00:00+00:00,89.05000305175781
1988-05-11 00:00:00+00:00,89.13999938964844
1988-05-12 00:00:00+00:00,89.1500015258789
1988-05-13 00:00:00+00:00,89.19000244140625
1988-05-16 00:00:00+00:00,89.4000015258789
1988-05-17 00:00:00+00:00,90.25
1988-05-18 00:00:00+00:00,89.98999786376953
1988-05-19 00:00:00+00:00,89.94999694824219
1988-05-20 00:00:00+00:00,89.94999694824219
1988-05-23 00:00:00+00:00,89.86000061035156
1988-05-24 00:00:00+00:00,89.80999755859375
1988-05-25 00:00:00+00:00,90.02999877929688
1988-05-26 00:00:00+00:00,90.06999969482422
1988-05-27 00:00:00+00:00,90.4800033569336
1988-05-30 00:00:00+00:00,90.4800033569336
1988-05-31 00:00:00+00:00,91.08999633789062
1988-06-01 00:00:00+00:00,91.11000061035156
1988-06-02 00:00:00+00:00,91.22000122070312
1988-06-03 00:00:00+00:00,91.30000305175781
1988-06-06 00:00:00+00:00,90.93000030517578
1988-06-07 00:00:00+00:00,90.62999725341797
1988-06-08 00:00:00+00:00,91.01000213623047
1988-06-09 00:00:00+00:00,90.5199966430664
1988-06-10 00:00:00+00:00,90.81999969482422
1988-06-13 00:00:00+00:00,90.94000244140625
1988-06-14 00:00:00+00:00,92.0199966430664
1988-06-15 00:00:00+00:00,92.20999908447266
1988-06-16 00:00:00+00:00,91.97000122070312
1988-06-17 00:00:00+00:00,92.05000305175781
1988-06-20 00:00:00+00:00,92.33000183105469
1988-06-21 00:00:00+00:00,92.18000030517578
1988-06-22 00:00:00+00:00,93.41999816894531
1988-06-23 00:00:00+00:00,93.44999694824219
1988-06-24 00:00:00+00:00,94.91999816894531
1988-06-27 00:00:00+00:00,95.43000030517578
1988-06-28 00:00:00+00:00,95.16000366210938
1988-06-29 00:00:00+00:00,95.5999984741211
1988-06-30 00:00:00+00:00,95.41000366210938
1988-07-01 00:00:00+00:00,95.88999938964844
1988-07-04 00:00:00+00:00,95.88999938964844
1988-07-05 00:00:00+00:00,95.80999755859375
1988-07-06 00:00:00+00:00,95.62999725341797
1988-07-07 00:00:00+00:00,95.43000030517578
1988-07-08 00:00:00+00:00,96.36000061035156
1988-07-11 00:00:00+00:00,96.55999755859375
1988-07-12 00:00:00+00:00,96.13999938964844
1988-07-13 00:00:00+00:00,96.33000183105469
1988-07-14 00:00:00+00:00,96.69999694824219
1988-07-15 00:00:00+00:00,98.12999725341797
1988-07-18 00:00:00+00:00,97.94999694824219
1988-07-19 00:00:00+00:00,96.76000213623047
1988-07-20 00:00:00+00:00,96.69000244140625
1988-07-21 00:00:00+00:00,95.73999786376953
1988-07-22 00:00:00+00:00,95.27999877929688
1988-07-25 00:00:00+00:00,96.43000030517578
1988-07-26 00:00:00+00:00,96.7300033569336
1988-07-27 00:00:00+00:00,96.11000061035156
1988-07-28 00:00:00+00:00,96.80999755859375
1988-07-29 00:00:00+00:00,97.52999877929688
1988-08-01 00:00:00+00:00,97.01000213623047
1988-08-02 00:00:00+00:00,97.38999938964844
1988-08-03 00:00:00+00:00,97.27999877929688
1988-08-04 00:00:00+00:00,97.5
1988-08-05 00:00:00+00:00,98.22000122070312
1988-08-08 00:00:00+00:00,98.38999938964844
1988-08-09 00:00:00+00:00,99.33000183105469
1988-08-10 00:00:00+00:00,98.86000061035156
1988-08-11 00:00:00+00:00,97.81999969482422
1988-08-12 00:00:00+00:00,97.93000030517578
1988-08-15 00:00:00+00:00,97.83000183105469
1988-08-16 00:00:00+00:00,98.16000366210938
1988-08-17 00:00:00+00:00,99.04000091552734
1988-08-18 00:00:00+00:00,98.61000061035156
1988-08-19 00:00:00+00:00,98.52999877929688
1988-08-22 00:00:00+00:00,98.8499984741211
1988-08-23 00:00:00+00:00,99.26000213623047
1988-08-24 00:00:00+00:00,98.19999694824219
1988-08-25 00:00:00+00:00,97.55000305175781
1988-08-26 00:00:00+00:00,97.48999786376953
1988-08-29 00:00:00+00:00,98.06999969482422
1988-08-30 00:00:00+00:00,97.87999725341797
1988-08-31 00:00:00+00:00,98.41999816894531
1988-09-01 00:00:00+00:00,98.43000030517578
1988-09-02 00:00:00+00:00,97.54000091552734
1988-09-05 00:00:00+00:00,97.54000091552734
1988-09-06 00:00:00+00:00,97.01000213623047
1988-09-07 00:00:00+00:00,96.83000183105469
1988-09-08 00:00:00+00:00,97.0
1988-09-09 00:00:00+00:00,97.20999908447266
1988-09-12 00:00:00+00:00,97.05000305175781
1988-09-13 00:00:00+00:00,97.12999725341797
1988-09-14 00:00:00+00:00,98.19000244140625
1988-09-15 00:00:00+00:00,98.06999969482422
1988-09-16 00:00:00+00:00,98.02999877929688
1988-09-19 00:00:00+00:00,97.7300033569336
1988-09-20 00:00:00+00:00,97.69999694824219
1988-09-21 00:00:00+00:00,97.9800033569336
1988-09-22 00:00:00+00:00,98.22000122070312
1988-09-23 00:00:00+00:00,98.12000274658203
1988-09-26 00:00:00+00:00,98.37999725341797
1988-09-27 00:00:00+00:00,98.25
1988-09-28 00:00:00+00:00,98.0199966430664
1988-09-29 00:00:00+00:00,98.29000091552734
1988-09-30 00:00:00+00:00,97.69000244140625
1988-10-03 00:00:00+00:00,97.30999755859375
1988-10-04 00:00:00+00:00,97.36000061035156
1988-10-05 00:00:00+00:00,97.41000366210938
1988-10-06 00:00:00+00:00,97.51000213623047
1988-10-07 00:00:00+00:00,97.33000183105469
1988-10-10 00:00:00+00:00,96.87000274658203
1988-10-11 00:00:00+00:00,96.69000244140625
1988-10-12 00:00:00+00:00,95.61000061035156
1988-10-13 00:00:00+00:00,94.80000305175781
1988-10-14 00:00:00+00:00,94.37000274658203
1988-10-17 00:00:00+00:00,94.4800033569336
1988-10-18 00:00:00+00:00,94.45999908447266
1988-10-19 00:00:00+00:00,94.66999816894531
1988-10-20 00:00:00+00:00,94.22000122070312
1988-10-21 00:00:00+00:00,93.38999938964844
1988-10-24 00:00:00+00:00,93.80000305175781
1988-10-25 00:00:00+00:00,93.98999786376953
1988-10-26 00:00:00+00:00,93.13999938964844
1988-10-27 00:00:00+00:00,93.22000122070312
1988-10-28 00:00:00+00:00,93.04000091552734
1988-10-31 00:00:00+00:00,93.76000213623047
1988-11-01 00:00:00+00:00,93.58999633789062
1988-11-02 00:00:00+00:00,92.88999938964844
1988-11-03 00:00:00+00:00,93.18000030517578
1988-11-04 00:00:00+00:00,93.80000305175781
1988-11-07 00:00:00+00:00,93.23999786376953
1988-11-08 00:00:00+00:00,93.6500015258789
1988-11-09 00:00:00+00:00,92.44000244140625
1988-11-10 00:00:00+00:00,92.20999908447266
1988-11-11 00:00:00+00:00,91.52999877929688
1988-11-14 00:00:00+00:00,91.98999786376953
1988-11-15 00:00:00+00:00,91.80000305175781
1988-11-16 00:00:00+00:00,90.83000183105469
1988-11-17 00:00:00+00:00,90.97000122070312
1988-11-18 00:00:00+00:00,91.43000030517578
1988-11-21 00:00:00+00:00,90.83999633789062
1988-11-22 00:00:00+00:00,90.4000015258789
1988-11-23 00:00:00+00:00,90.31999969482422
1988-11-24 00:00:00+00:00,90.31999969482422
1988-11-25 00:00:00+00:00,90.12000274658203
1988-11-28 00:00:00+00:00,90.83000183105469
1988-11-29 00:00:00+00:00,90.73999786376953
1988-11-30 00:00:00+00:00,90.52999877929688
1988-12-01 00:00:00+00:00,90.5
1988-12-02 00:00:00+00:00,90.05999755859375
1988-12-05 00:00:00+00:00,90.16999816894531
1988-12-06 00:00:00+00:00,90.75
1988-12-07 00:00:00+00:00,91.9000015258789
1988-12-08 00:00:00+00:00,90.80999755859375
1988-12-09 00:00:00+00:00,90.83999633789062
1988-12-12 00:00:00+00:00,91.11000061035156
1988-12-13 00:00:00+00:00,91.62000274658203
1988-12-14 00:00:00+00:00,91.08000183105469
1988-12-15 00:00:00+00:00,91.94000244140625
1988-12-16 00:00:00+00:00,92.08999633789062
1988-12-19 00:00:00+00:00,92.13999938964844
1988-12-20 00:00:00+00:00,92.98999786376953
1988-12-21 00:00:00+00:00,92.4800033569336
1988-12-22 00:00:00+00:00,92.61000061035156
1988-12-23 00:00:00+00:00,92.66000366210938
1988-12-26 00:00:00+00:00,92.66000366210938
1988-12-27 00:00:00+00:00,92.80000305175781
1988-12-28 00:00:00+00:00,93.37000274658203
1988-12-29 00:00:00+00:00,93.23999786376953
1988-12-30 00:00:00+00:00,92.5
1989-01-02 00:00:00+00:00,92.5
1989-01-03 00:00:00+00:00,92.16999816894531
1989-01-04 00:00:00+00:00,92.9800033569336
1989-01-05 00:00:00+00:00,93.58999633789062
1989-01-06 00:00:00+00:00,94.36000061035156
1989-01-09 00:00:00+00:00,94.5
1989-01-10 00:00:00+00:00,95.08999633789062
1989-01-11 00:00:00+00:00,94.55000305175781
1989-01-12 00:00:00+00:00,94.62999725341797
1989-01-13 00:00:00+00:00,95.31999969482422
1989-01-16 00:00:00+00:00,96.01000213623047
1989-01-17 00:00:00+00:00,95.62000274658203
1989-01-18 00:00:00+00:00,96.58000183105469
1989-01-19 00:00:00+00:00,95.83000183105469
1989-01-20 00:00:00+00:00,95.08999633789062
1989-01-23 00:00:00+00:00,94.94000244140625
1989-01-24 00:00:00+00:00,95.25
1989-01-25 00:00:00+00:00,95.05000305175781
1989-01-26 00:00:00+00:00,95.45999908447266
1989-01-27 00:00:00+00:00,96.19000244140625
1989-01-30 00:00:00+00:00,96.02999877929688
1989-01-31 00:00:00+00:00,96.7699966430664
1989-02-01 00:00:00+00:00,96.58000183105469
1989-02-02 00:00:00+00:00,96.80000305175781
1989-02-03 00:00:00+00:00,96.73999786376953
1989-02-06 00:00:00+00:00,96.61000061035156
1989-02-07 00:00:00+00:00,96.58999633789062
1989-02-08 00:00:00+00:00,96.48999786376953
1989-02-09 00:00:00+00:00,95.6500015258789
1989-02-10 00:00:00+00:00,96.37999725341797
1989-02-13 00:00:00+00:00,96.16999816894531
1989-02-14 00:00:00+00:00,95.20999908447266
1989-02-15 00:00:00+00:00,95.01000213623047
1989-02-16 00:00:00+00:00,95.0
1989-02-17 00:00:00+00:00,94.9000015258789
1989-02-20 00:00:00+00:00,94.9000015258789
1989-02-21 00:00:00+00:00,95.48999786376953
1989-02-22 00:00:00+00:00,95.23999786376953
1989-02-23 00:00:00+00:00,94.52999877929688
1989-02-24 00:00:00+00:00,94.66000366210938
1989-02-27 00:00:00+00:00,94.88999938964844
1989-02-28 00:00:00+00:00,94.9000015258789
1989-03-01 00:00:00+00:00,95.66999816894531
1989-03-02 00:00:00+00:00,96.01000213623047
1989-03-03 00:00:00+00:00,95.77999877929688
1989-03-06 00:00:00+00:00,96.20999908447266
1989-03-07 00:00:00+00:00,96.2699966430664
1989-03-08 00:00:00+00:00,96.62000274658203
1989-03-09 00:00:00+00:00,96.33999633789062
1989-03-10 00:00:00+00:00,96.48999786376953
1989-03-13 00:00:00+00:00,96.83999633789062
1989-03-14 00:00:00+00:00,96.44000244140625
1989-03-15 00:00:00+00:00,96.98999786376953
1989-03-16 00:00:00+00:00,96.88999938964844
1989-03-17 00:00:00+00:00,97.30999755859375
1989-03-20 00:00:00+00:00,96.93000030517578
1989-03-21 00:00:00+00:00,96.98999786376953
1989-03-22 00:00:00+00:00,96.83999633789062
1989-03-23 00:00:00+00:00,96.98999786376953
1989-03-24 00:00:00+00:00,96.98999786376953
1989-03-27 00:00:00+00:00,97.61000061035156
1989-03-28 00:00:00+00:00,98.23999786376953
1989-03-29 00:00:00+00:00,98.13999938964844
1989-03-30 00:00:00+00:00,98.13999938964844
1989-03-31 00:00:00+00:00,98.13999938964844
1989-04-03 00:00:00+00:00,97.51000213623047
1989-04-04 00:00:00+00:00,96.8499984741211
1989-04-05 00:00:00+00:00,97.05000305175781
1989-04-06 00:00:00+00:00,97.1500015258789
1989-04-07 00:00:00+00:00,97.5199966430664
1989-04-10 00:00:00+00:00,97.69999694824219
1989-04-11 00:00:00+00:00,97.81999969482422
1989-04-12 00:00:00+00:00,97.75
1989-04-13 00:00:00+00:00,97.27999877929688
1989-04-14 00:00:00+00:00,96.93000030517578
1989-04-17 00:00:00+00:00,96.76000213623047
1989-04-18 00:00:00+00:00,96.44000244140625
1989-04-19 00:00:00+00:00,96.86000061035156
1989-04-20 00:00:00+00:00,96.2300033569336
1989-04-21 00:00:00+00:00,96.36000061035156
1989-04-24 00:00:00+00:00,96.73999786376953
1989-04-25 00:00:00+00:00,97.0
1989-04-26 00:00:00+00:00,97.56999969482422
1989-04-27 00:00:00+00:00,97.44000244140625
1989-04-28 00:00:00+00:00,97.70999908447266
1989-05-01 00:00:00+00:00,98.18000030517578
1989-05-02 00:00:00+00:00,98.12999725341797
1989-05-03 00:00:00+00:00,98.2699966430664
1989-05-04 00:00:00+00:00,98.33000183105469
1989-05-05 00:00:00+00:00,98.41999816894531
1989-05-08 00:00:00+00:00,98.95999908447266
1989-05-09 00:00:00+00:00,98.9000015258789
1989-05-10 00:00:00+00:00,98.55999755859375
1989-05-11 00:00:00+00:00,99.16000366210938
1989-05-12 00:00:00+00:00,99.44000244140625
1989-05-15 00:00:00+00:00,100.43000030517578
1989-05-16 00:00:00+00:00,100.30999755859375
1989-05-17 00:00:00+00:00,101.87000274658203
1989-05-18 00:00:00+00:00,101.91999816894531
1989-05-19 00:00:00+00:00,101.97000122070312
1989-05-22 00:00:00+00:00,103.76000213623047
1989-05-23 00:00:00+00:00,103.94000244140625
1989-05-24 00:00:00+00:00,104.26000213623047
1989-05-25 00:00:00+00:00,102.83000183105469
1989-05-26 00:00:00+00:00,102.5199966430664
1989-05-29 00:00:00+00:00,102.5199966430664
1989-05-30 00:00:00+00:00,103.43000030517578
1989-05-31 00:00:00+00:00,102.9800033569336
1989-06-01 00:00:00+00:00,102.80999755859375
1989-06-02 00:00:00+00:00,101.22000122070312
1989-06-05 00:00:00+00:00,102.88999938964844
1989-06-06 00:00:00+00:00,102.48999786376953
1989-06-07 00:00:00+00:00,102.52999877929688
1989-06-08 00:00:00+00:00,102.72000122070312
1989-06-09 00:00:00+00:00,104.31999969482422
1989-06-12 00:00:00+00:00,105.0999984741211
1989-06-13 00:00:00+00:00,104.87000274658203
1989-06-14 00:00:00+00:00,105.61000061035156
1989-06-15 00:00:00+00:00,104.13999938964844
1989-06-16 00:00:00+00:00,103.33000183105469
1989-06-19 00:00:00+00:00,103.11000061035156
1989-06-20 00:00:00+00:00,103.55000305175781
1989-06-21 00:00:00+00:00,102.36000061035156
1989-06-22 00:00:00+00:00,101.55999755859375
1989-06-23 00:00:00+00:00,100.93000030517578
1989-06-26 00:00:00+00:00,101.95999908447266
1989-06-27 00:00:00+00:00,101.95999908447266
1989-06-28 00:00:00+00:00,102.19000244140625
1989-06-29 00:00:00+00:00,102.33999633789062
1989-06-30 00:00:00+00:00,102.0199966430664
1989-07-03 00:00:00+00:00,100.9000015258789
1989-07-04 00:00:00+00:00,100.9000015258789
1989-07-05 00:00:00+00:00,98.58000183105469
1989-07-06 00:00:00+00:00,98.80000305175781
1989-07-07 00:00:00+00:00,98.30999755859375
1989-07-10 00:00:00+00:00,98.0
1989-07-11 00:00:00+00:00,98.9000015258789
1989-07-12 00:00:00+00:00,98.54000091552734
1989-07-13 00:00:00+00:00,98.94000244140625
1989-07-14 00:00:00+00:00,99.98999786376953
1989-07-17 00:00:00+00:00,99.7699966430664
1989-07-18 00:00:00+00:00,99.33000183105469
1989-07-19 00:00:00+00:00,100.02999877929688
1989-07-20 00:00:00+00:00,99.68000030517578
1989-07-21 00:00:00+00:00,99.80000305175781
1989-07-24 00:00:00+00:00,99.48999786376953
1989-07-25 00:00:00+00:00,98.9000015258789
1989-07-26 00:00:00+00:00,97.98999786376953
1989-07-27 00:00:00+00:00,98.25
1989-07-28 00:00:00+00:00,98.29000091552734
1989-07-31 00:00:00+00:00,97.38999938964844
1989-08-01 00:00:00+00:00,96.9000015258789
1989-08-02 00:00:00+00:00,97.12999725341797
1989-08-03 00:00:00+00:00,97.9000015258789
1989-08-04 00:00:00+00:00,99.5199966430664
1989-08-07 00:00:00+00:00,99.91000366210938
1989-08-08 00:00:00+00:00,98.7699966430664
1989-08-09 00:00:00+00:00,98.80000305175781
1989-08-10 00:00:00+00:00,99.18000030517578
1989-08-11 00:00:00+00:00,101.02999877929688
1989-08-14 00:00:00+00:00,101.37000274658203
1989-08-15 00:00:00+00:00,100.98999786376953
1989-08-16 00:00:00+00:00,101.06999969482422
1989-08-17 00:00:00+00:00,102.1500015258789
1989-08-18 00:00:00+00:00,101.7300033569336
1989-08-21 00:00:00+00:00,101.63999938964844
1989-08-22 00:00:00+00:00,100.91000366210938
1989-08-23 00:00:00+00:00,101.5199966430664
1989-08-24 00:00:00+00:00,101.58999633789062
1989-08-25 00:00:00+00:00,101.8499984741211
1989-08-28 00:00:00+00:00,102.0
1989-08-29 00:00:00+00:00,100.9800033569336
1989-08-30 00:00:00+00:00,101.63999938964844
1989-08-31 00:00:00+00:00,102.27999877929688
1989-09-01 00:00:00+00:00,102.83000183105469
1989-09-04 00:00:00+00:00,102.83000183105469
1989-09-05 00:00:00+00:00,103.47000122070312
1989-09-06 00:00:00+00:00,102.91999816894531
1989-09-07 00:00:00+00:00,103.20999908447266
1989-09-08 00:00:00+00:00,103.5
1989-09-11 00:00:00+00:00,103.52999877929688
1989-09-12 00:00:00+00:00,103.37000274658203
1989-09-13 00:00:00+00:00,102.7300033569336
1989-09-14 00:00:00+00:00,102.94999694824219
1989-09-15 00:00:00+00:00,102.29000091552734
1989-09-18 00:00:00+00:00,101.80999755859375
1989-09-19 00:00:00+00:00,101.94000244140625
1989-09-20 00:00:00+00:00,101.41000366210938
1989-09-21 00:00:00+00:00,101.62000274658203
1989-09-22 00:00:00+00:00,101.91000366210938
1989-09-25 00:00:00+00:00,99.55999755859375
1989-09-26 00:00:00+00:00,99.19999694824219
1989-09-27 00:00:00+00:00,98.77999877929688
1989-09-28 00:00:00+00:00,98.9000015258789
1989-09-29 00:00:00+00:00,98.47000122070312
1989-10-02 00:00:00+00:00,98.75
1989-10-03 00:00:00+00:00,99.19999694824219
1989-10-04 00:00:00+00:00,99.04000091552734
1989-10-05 00:00:00+00:00,99.33000183105469
1989-10-06 00:00:00+00:00,99.4800033569336
1989-10-09 00:00:00+00:00,99.69000244140625
1989-10-10 00:00:00+00:00,100.58999633789062
1989-10-11 00:00:00+00:00,100.9000015258789
1989-10-12 00:00:00+00:00,100.6500015258789
1989-10-13 00:00:00+00:00,99.7699966430664
1989-10-16 00:00:00+00:00,98.9000015258789
1989-10-17 00:00:00+00:00,98.9800033569336
1989-10-18 00:00:00+00:00,98.27999877929688
1989-10-19 00:00:00+00:00,98.2699966430664
1989-10-20 00:00:00+00:00,98.58000183105469
1989-10-23 00:00:00+00:00,98.1500015258789
1989-10-24 00:00:00+00:00,97.5199966430664
1989-10-25 00:00:00+00:00,97.48999786376953
1989-10-26 00:00:00+00:00,98.08999633789062
1989-10-27 00:00:00+00:00,97.62999725341797
1989-10-30 00:00:00+00:00,97.7699966430664
1989-10-31 00:00:00+00:00,98.06999969482422
1989-11-01 00:00:00+00:00,98.5
1989-11-02 00:00:00+00:00,98.29000091552734
1989-11-03 00:00:00+00:00,98.33000183105469
1989-11-06 00:00:00+00:00,98.54000091552734
1989-11-07 00:00:00+00:00,98.12000274658203
1989-11-08 00:00:00+00:00,98.12999725341797
1989-11-09 00:00:00+00:00,98.43000030517578
1989-11-10 00:00:00+00:00,98.9800033569336
1989-11-13 00:00:00+00:00,98.79000091552734
1989-11-14 00:00:00+00:00,97.83999633789062
1989-11-15 00:00:00+00:00,98.18000030517578
1989-11-16 00:00:00+00:00,98.41000366210938
1989-11-17 00:00:00+00:00,98.37999725341797
1989-11-20 00:00:00+00:00,98.27999877929688
1989-11-21 00:00:00+00:00,97.4800033569336
1989-11-22 00:00:00+00:00,97.4800033569336
1989-11-23 00:00:00+00:00,97.4800033569336
1989-11-24 00:00:00+00:00,97.13999938964844
1989-11-27 00:00:00+00:00,96.7300033569336
1989-11-28 00:00:00+00:00,96.31999969482422
1989-11-29 00:00:00+00:00,96.51000213623047
1989-11-30 00:00:00+00:00,96.2699966430664
1989-12-01 00:00:00+00:00,96.56999969482422
1989-12-04 00:00:00+00:00,96.62999725341797
1989-12-05 00:00:00+00:00,96.25
1989-12-06 00:00:00+00:00,95.81999969482422
1989-12-07 00:00:00+00:00,96.05000305175781
1989-12-08 00:00:00+00:00,96.05000305175781
1989-12-11 00:00:00+00:00,95.6500015258789
1989-12-12 00:00:00+00:00,94.66000366210938
1989-12-13 00:00:00+00:00,94.4800033569336
1989-12-14 00:00:00+00:00,94.69999694824219
1989-12-15 00:00:00+00:00,94.20999908447266
1989-12-18 00:00:00+00:00,94.1500015258789
1989-12-19 00:00:00+00:00,94.69999694824219
1989-12-20 00:00:00+00:00,94.4800033569336
1989-12-21 00:00:00+00:00,94.2300033569336
1989-12-22 00:00:00+00:00,93.48999786376953
1989-12-25 00:00:00+00:00,93.48999786376953
1989-12-26 00:00:00+00:00,93.48999786376953
1989-12-27 00:00:00+00:00,92.66000366210938
1989-12-28 00:00:00+00:00,93.2699966430664
1989-12-29 00:00:00+00:00,93.20999908447266
1990-01-01 00:00:00+00:00,93.20999908447266
1990-01-02 00:00:00+00:00,94.29000091552734
1990-01-03 00:00:00+00:00,94.41999816894531
1990-01-04 00:00:00+00:00,92.5199966430664
1990-01-05 00:00:00+00:00,92.8499984741211
1990-01-08 00:00:00+00:00,92.05000305175781
1990-01-09 00:00:00+00:00,92.3499984741211
1990-01-10 00:00:00+00:00,92.38999938964844
1990-01-11 00:00:00+00:00,92.4000015258789
1990-01-12 00:00:00+00:00,92.43000030517578
1990-01-15 00:00:00+00:00,92.83999633789062
1990-01-16 00:00:00+00:00,92.94000244140625
1990-01-17 00:00:00+00:00,92.72000122070312
1990-01-18 00:00:00+00:00,93.73999786376953
1990-01-19 00:00:00+00:00,93.69000244140625
1990-01-22 00:00:00+00:00,94.31999969482422
1990-01-23 00:00:00+00:00,93.19000244140625
1990-01-24 00:00:00+00:00,93.02999877929688
1990-01-25 00:00:00+00:00,92.6500015258789
1990-01-26 00:00:00+00:00,92.5199966430664
1990-01-29 00:00:00+00:00,92.0999984741211
1990-01-30 00:00:00+00:00,92.91000366210938
1990-01-31 00:00:00+00:00,92.41000366210938
1990-02-01 00:00:00+00:00,92.16000366210938
1990-02-02 00:00:00+00:00,92.44000244140625
1990-02-05 00:00:00+00:00,91.54000091552734
1990-02-06 00:00:00+00:00,91.55000305175781
1990-02-07 00:00:00+00:00,91.75
1990-02-08 00:00:00+00:00,91.9800033569336
1990-02-09 00:00:00+00:00,91.9800033569336
1990-02-12 00:00:00+00:00,92.11000061035156
1990-02-13 00:00:00+00:00,92.30000305175781
1990-02-14 00:00:00+00:00,92.12999725341797
1990-02-15 00:00:00+00:00,92.79000091552734
1990-02-16 00:00:00+00:00,92.18000030517578
1990-02-19 00:00:00+00:00,92.18000030517578
1990-02-20 00:00:00+00:00,91.81999969482422
1990-02-21 00:00:00+00:00,91.80000305175781
1990-02-22 00:00:00+00:00,91.9800033569336
1990-02-23 00:00:00+00:00,92.16000366210938
1990-02-26 00:00:00+00:00,92.97000122070312
1990-02-27 00:00:00+00:00,92.70999908447266
1990-02-28 00:00:00+00:00,93.29000091552734
1990-03-01 00:00:00+00:00,94.0
1990-03-02 00:00:00+00:00,94.01000213623047
1990-03-05 00:00:00+00:00,93.2699966430664
1990-03-06 00:00:00+00:00,93.55999755859375
1990-03-07 00:00:00+00:00,93.63999938964844
1990-03-08 00:00:00+00:00,93.52999877929688
1990-03-09 00:00:00+00:00,93.87000274658203
1990-03-12 00:00:00+00:00,94.38999938964844
1990-03-13 00:00:00+00:00,94.30000305175781
1990-03-14 00:00:00+00:00,94.25
1990-03-15 00:00:00+00:00,93.77999877929688
1990-03-16 00:00:00+00:00,93.80000305175781
1990-03-19 00:00:00+00:00,93.48999786376953
1990-03-20 00:00:00+00:00,94.29000091552734
1990-03-21 00:00:00+00:00,94.41000366210938
1990-03-22 00:00:00+00:00,94.16999816894531
1990-03-23 00:00:00+00:00,94.37000274658203
1990-03-26 00:00:00+00:00,94.27999877929688
1990-03-27 00:00:00+00:00,94.41000366210938
1990-03-28 00:00:00+00:00,94.47000122070312
1990-03-29 00:00:00+00:00,93.7300033569336
1990-03-30 00:00:00+00:00,93.69000244140625
1990-04-02 00:00:00+00:00,94.05999755859375
1990-04-03 00:00:00+00:00,94.01000213623047
1990-04-04 00:00:00+00:00,93.9800033569336
1990-04-05 00:00:00+00:00,93.86000061035156
1990-04-06 00:00:00+00:00,93.72000122070312
1990-04-09 00:00:00+00:00,93.68000030517578
1990-04-10 00:00:00+00:00,93.0
1990-04-11 00:00:00+00:00,92.93000030517578
1990-04-12 00:00:00+00:00,92.87000274658203
1990-04-13 00:00:00+00:00,92.87000274658203
1990-04-16 00:00:00+00:00,93.33999633789062
1990-04-17 00:00:00+00:00,93.27999877929688
1990-04-18 00:00:00+00:00,92.86000061035156
1990-04-19 00:00:00+00:00,92.98999786376953
1990-04-20 00:00:00+00:00,93.29000091552734
1990-04-23 00:00:00+00:00,93.7699966430664
1990-04-24 00:00:00+00:00,93.77999877929688
1990-04-25 00:00:00+00:00,93.08999633789062
1990-04-26 00:00:00+00:00,93.19999694824219
1990-04-27 00:00:00+00:00,93.0199966430664
1990-04-30 00:00:00+00:00,93.06999969482422
1990-05-01 00:00:00+00:00,93.08999633789062
1990-05-02 00:00:00+00:00,93.23999786376953
1990-05-03 00:00:00+00:00,93.12999725341797
1990-05-04 00:00:00+00:00,92.37000274658203
1990-05-07 00:00:00+00:00,92.01000213623047
1990-05-08 00:00:00+00:00,91.98999786376953
1990-05-09 00:00:00+00:00,91.1500015258789
1990-05-10 00:00:00+00:00,91.20999908447266
1990-05-11 00:00:00+00:00,91.12000274658203
1990-05-14 00:00:00+00:00,91.0999984741211
1990-05-15 00:00:00+00:00,91.08999633789062
1990-05-16 00:00:00+00:00,91.16000366210938
1990-05-17 00:00:00+00:00,91.33999633789062
1990-05-18 00:00:00+00:00,91.30999755859375
1990-05-21 00:00:00+00:00,91.91000366210938
1990-05-22 00:00:00+00:00,92.0
1990-05-23 00:00:00+00:00,92.13999938964844
1990-05-24 00:00:00+00:00,92.37000274658203
1990-05-25 00:00:00+00:00,92.26000213623047
1990-05-28 00:00:00+00:00,92.26000213623047
1990-05-29 00:00:00+00:00,92.02999877929688
1990-05-30 00:00:00+00:00,92.31999969482422
1990-05-31 00:00:00+00:00,92.9800033569336
1990-06-01 00:00:00+00:00,92.95999908447266
1990-06-04 00:00:00+00:00,92.91000366210938
1990-06-05 00:00:00+00:00,92.61000061035156
1990-06-06 00:00:00+00:00,92.63999938964844
1990-06-07 00:00:00+00:00,92.73999786376953
1990-06-08 00:00:00+00:00,93.08000183105469
1990-06-11 00:00:00+00:00,92.91999816894531
1990-06-12 00:00:00+00:00,92.93000030517578
1990-06-13 00:00:00+00:00,92.5199966430664
1990-06-14 00:00:00+00:00,92.81999969482422
1990-06-15 00:00:00+00:00,92.58000183105469
1990-06-18 00:00:00+00:00,92.12000274658203
1990-06-19 00:00:00+00:00,91.77999877929688
1990-06-20 00:00:00+00:00,92.08000183105469
1990-06-21 00:00:00+00:00,92.08999633789062
1990-06-22 00:00:00+00:00,91.98999786376953
1990-06-25 00:00:00+00:00,92.16999816894531
1990-06-26 00:00:00+00:00,91.5199966430664
1990-06-27 00:00:00+00:00,91.44000244140625
1990-06-28 00:00:00+00:00,91.66999816894531
1990-06-29 00:00:00+00:00,91.1500015258789
1990-07-02 00:00:00+00:00,90.58999633789062
1990-07-03 00:00:00+00:00,90.41000366210938
1990-07-04 00:00:00+00:00,90.41000366210938
1990-07-05 00:00:00+00:00,90.44999694824219
1990-07-06 00:00:00+00:00,90.5199966430664
1990-07-09 00:00:00+00:00,90.2699966430664
1990-07-10 00:00:00+00:00,89.58000183105469
1990-07-11 00:00:00+00:00,90.18000030517578
1990-07-12 00:00:00+00:00,89.37999725341797
1990-07-13 00:00:00+00:00,90.05000305175781
1990-07-16 00:00:00+00:00,90.27999877929688
1990-07-17 00:00:00+00:00,89.69999694824219
1990-07-18 00:00:00+00:00,89.83999633789062
1990-07-19 00:00:00+00:00,89.62000274658203
1990-07-20 00:00:00+00:00,89.54000091552734
1990-07-23 00:00:00+00:00,88.88999938964844
1990-07-24 00:00:00+00:00,88.8499984741211
1990-07-25 00:00:00+00:00,89.16000366210938
1990-07-26 00:00:00+00:00,89.13999938964844
1990-07-27 00:00:00+00:00,88.43000030517578
1990-07-30 00:00:00+00:00,88.12999725341797
1990-07-31 00:00:00+00:00,87.16999816894531
1990-08-01 00:00:00+00:00,87.41999816894531
1990-08-02 00:00:00+00:00,87.7300033569336
1990-08-03 00:00:00+00:00,87.55000305175781
1990-08-06 00:00:00+00:00,87.12000274658203
1990-08-07 00:00:00+00:00,87.5199966430664
1990-08-08 00:00:00+00:00,87.58999633789062
1990-08-09 00:00:00+00:00,87.69000244140625
1990-08-10 00:00:00+00:00,87.58000183105469
1990-08-13 00:00:00+00:00,87.01000213623047
1990-08-14 00:00:00+00:00,86.37999725341797
1990-08-15 00:00:00+00:00,86.26000213623047
1990-08-16 00:00:00+00:00,85.83000183105469
1990-08-17 00:00:00+00:00,85.56999969482422
1990-08-20 00:00:00+00:00,86.19000244140625
1990-08-21 00:00:00+00:00,86.16999816894531
1990-08-22 00:00:00+00:00,85.97000122070312
1990-08-23 00:00:00+00:00,85.0999984741211
1990-08-24 00:00:00+00:00,85.66000366210938
1990-08-27 00:00:00+00:00,85.26000213623047
1990-08-28 00:00:00+00:00,85.4000015258789
1990-08-29 00:00:00+00:00,85.56999969482422
1990-08-30 00:00:00+00:00,85.91999816894531
1990-08-31 00:00:00+00:00,86.55999755859375
1990-09-03 00:00:00+00:00,86.55999755859375
1990-09-04 00:00:00+00:00,86.77999877929688
1990-09-05 00:00:00+00:00,85.7300033569336
1990-09-06 00:00:00+00:00,85.47000122070312
1990-09-07 00:00:00+00:00,86.05000305175781
1990-09-10 00:00:00+00:00,86.75
1990-09-11 00:00:00+00:00,86.9000015258789
1990-09-12 00:00:00+00:00,86.94000244140625
1990-09-13 00:00:00+00:00,85.79000091552734
1990-09-14 00:00:00+00:00,85.72000122070312
1990-09-17 00:00:00+00:00,84.87999725341797
1990-09-18 00:00:00+00:00,85.23999786376953
1990-09-19 00:00:00+00:00,85.9800033569336
1990-09-20 00:00:00+00:00,86.19999694824219
1990-09-21 00:00:00+00:00,86.30999755859375
1990-09-24 00:00:00+00:00,85.4800033569336
1990-09-25 00:00:00+00:00,85.93000030517578
1990-09-26 00:00:00+00:00,85.7699966430664
1990-09-27 00:00:00+00:00,85.72000122070312
1990-09-28 00:00:00+00:00,86.0
1990-10-01 00:00:00+00:00,85.43000030517578
1990-10-02 00:00:00+00:00,85.0999984741211
1990-10-03 00:00:00+00:00,84.70999908447266
1990-10-04 00:00:00+00:00,84.12999725341797
1990-10-05 00:00:00+00:00,84.27999877929688
1990-10-08 00:00:00+00:00,83.5999984741211
1990-10-09 00:00:00+00:00,83.20999908447266
1990-10-10 00:00:00+00:00,83.29000091552734
1990-10-11 00:00:00+00:00,82.79000091552734
1990-10-12 00:00:00+00:00,83.16000366210938
1990-10-15 00:00:00+00:00,83.25
1990-10-16 00:00:00+00:00,82.58999633789062
1990-10-17 00:00:00+00:00,82.55999755859375
1990-10-18 00:00:00+00:00,81.95999908447266
1990-10-19 00:00:00+00:00,82.30000305175781
1990-10-22 00:00:00+00:00,82.95999908447266
1990-10-23 00:00:00+00:00,83.06999969482422
1990-10-24 00:00:00+00:00,82.4800033569336
1990-10-25 00:00:00+00:00,83.04000091552734
1990-10-26 00:00:00+00:00,82.87999725341797
1990-10-29 00:00:00+00:00,83.23999786376953
1990-10-30 00:00:00+00:00,82.91999816894531
1990-10-31 00:00:00+00:00,83.27999877929688
1990-11-01 00:00:00+00:00,82.81999969482422
1990-11-02 00:00:00+00:00,82.26000213623047
1990-11-05 00:00:00+00:00,81.70999908447266
1990-11-06 00:00:00+00:00,82.11000061035156
1990-11-07 00:00:00+00:00,82.04000091552734
1990-11-08 00:00:00+00:00,82.13999938964844
1990-11-09 00:00:00+00:00,82.12000274658203
1990-11-12 00:00:00+00:00,81.70999908447266
1990-11-13 00:00:00+00:00,81.8499984741211
1990-11-14 00:00:00+00:00,81.62999725341797
1990-11-15 00:00:00+00:00,81.83999633789062
1990-11-16 00:00:00+00:00,81.58999633789062
1990-11-19 00:00:00+00:00,81.55999755859375
1990-11-20 00:00:00+00:00,81.62000274658203
1990-11-21 00:00:00+00:00,81.51000213623047
1990-11-22 00:00:00+00:00,81.51000213623047
1990-11-23 00:00:00+00:00,81.87000274658203
1990-11-26 00:00:00+00:00,82.0999984741211
1990-11-27 00:00:00+00:00,81.70999908447266
1990-11-28 00:00:00+00:00,82.2300033569336
1990-11-29 00:00:00+00:00,83.26000213623047
1990-11-30 00:00:00+00:00,82.93000030517578
1990-12-03 00:00:00+00:00,83.80999755859375
1990-12-04 00:00:00+00:00,83.23999786376953
1990-12-05 00:00:00+00:00,83.20999908447266
1990-12-06 00:00:00+00:00,82.70999908447266
1990-12-07 00:00:00+00:00,81.93000030517578
1990-12-10 00:00:00+00:00,82.0999984741211
1990-12-11 00:00:00+00:00,82.33000183105469
1990-12-12 00:00:00+00:00,82.12999725341797
1990-12-13 00:00:00+00:00,82.30999755859375
1990-12-14 00:00:00+00:00,82.55999755859375
1990-12-17 00:00:00+00:00,82.77999877929688
1990-12-18 00:00:00+00:00,82.33999633789062
1990-12-19 00:00:00+00:00,82.5999984741211
1990-12-20 00:00:00+00:00,83.88999938964844
1990-12-21 00:00:00+00:00,84.69999694824219
1990-12-24 00:00:00+00:00,84.70999908447266
1990-12-25 00:00:00+00:00,84.70999908447266
1990-12-26 00:00:00+00:00,85.04000091552734
1990-12-27 00:00:00+00:00,84.7300033569336
1990-12-28 00:00:00+00:00,83.26000213623047
1990-12-31 00:00:00+00:00,83.06999969482422
1991-01-01 00:00:00+00:00,83.06999969482422
1991-01-02 00:00:00+00:00,82.79000091552734
1991-01-03 00:00:00+00:00,82.80999755859375
1991-01-04 00:00:00+00:00,83.36000061035156
1991-01-07 00:00:00+00:00,84.66999816894531
1991-01-08 00:00:00+00:00,84.94999694824219
1991-01-09 00:00:00+00:00,84.52999877929688
1991-01-10 00:00:00+00:00,84.19000244140625
1991-01-11 00:00:00+00:00,84.29000091552734
1991-01-14 00:00:00+00:00,84.83000183105469
1991-01-15 00:00:00+00:00,84.8499984741211
1991-01-16 00:00:00+00:00,85.11000061035156
1991-01-17 00:00:00+00:00,83.37000274658203
1991-01-18 00:00:00+00:00,82.7699966430664
1991-01-21 00:00:00+00:00,82.44999694824219
1991-01-22 00:00:00+00:00,82.79000091552734
1991-01-23 00:00:00+00:00,82.22000122070312
1991-01-24 00:00:00+00:00,82.41999816894531
1991-01-25 00:00:00+00:00,82.7300033569336
1991-01-28 00:00:00+00:00,82.38999938964844
1991-01-29 00:00:00+00:00,82.72000122070312
1991-01-30 00:00:00+00:00,82.4800033569336
1991-01-31 00:00:00+00:00,82.0
1991-02-01 00:00:00+00:00,81.63999938964844
1991-02-04 00:00:00+00:00,81.37999725341797
1991-02-05 00:00:00+00:00,81.02999877929688
1991-02-06 00:00:00+00:00,80.5199966430664
1991-02-07 00:00:00+00:00,80.88999938964844
1991-02-08 00:00:00+00:00,80.83999633789062
1991-02-11 00:00:00+00:00,80.48999786376953
1991-02-12 00:00:00+00:00,80.88999938964844
1991-02-13 00:00:00+00:00,81.2300033569336
1991-02-14 00:00:00+00:00,81.37999725341797
1991-02-15 00:00:00+00:00,81.91999816894531
1991-02-18 00:00:00+00:00,81.91999816894531
1991-02-19 00:00:00+00:00,82.61000061035156
1991-02-20 00:00:00+00:00,82.66999816894531
1991-02-21 00:00:00+00:00,82.4800033569336
1991-02-22 00:00:00+00:00,83.12999725341797
1991-02-25 00:00:00+00:00,83.86000061035156
1991-02-26 00:00:00+00:00,83.93000030517578
1991-02-27 00:00:00+00:00,83.87000274658203
1991-02-28 00:00:00+00:00,84.08000183105469
1991-03-01 00:00:00+00:00,84.83999633789062
1991-03-04 00:00:00+00:00,84.70999908447266
1991-03-05 00:00:00+00:00,85.05000305175781
1991-03-06 00:00:00+00:00,84.94000244140625
1991-03-07 00:00:00+00:00,85.23999786376953
1991-03-08 00:00:00+00:00,86.30999755859375
1991-03-11 00:00:00+00:00,86.9000015258789
1991-03-12 00:00:00+00:00,86.20999908447266
1991-03-13 00:00:00+00:00,86.3499984741211
1991-03-14 00:00:00+00:00,86.72000122070312
1991-03-15 00:00:00+00:00,87.9000015258789
1991-03-18 00:00:00+00:00,88.91000366210938
1991-03-19 00:00:00+00:00,89.63999938964844
1991-03-20 00:00:00+00:00,89.41000366210938
1991-03-21 00:00:00+00:00,88.87000274658203
1991-03-22 00:00:00+00:00,89.47000122070312
1991-03-25 00:00:00+00:00,91.08000183105469
1991-03-26 00:00:00+00:00,91.04000091552734
1991-03-27 00:00:00+00:00,91.87000274658203
1991-03-28 00:00:00+00:00,92.0199966430664
1991-03-29 00:00:00+00:00,92.0199966430664
1991-04-01 00:00:00+00:00,90.80999755859375
1991-04-02 00:00:00+00:00,90.3499984741211
1991-04-03 00:00:00+00:00,90.45999908447266
1991-04-04 00:00:00+00:00,89.91999816894531
1991-04-05 00:00:00+00:00,90.62999725341797
1991-04-08 00:00:00+00:00,90.94999694824219
1991-04-09 00:00:00+00:00,89.62000274658203
1991-04-10 00:00:00+00:00,90.5199966430664
1991-04-11 00:00:00+00:00,89.94000244140625
1991-04-12 00:00:00+00:00,90.36000061035156
1991-04-15 00:00:00+00:00,89.63999938964844
1991-04-16 00:00:00+00:00,89.56999969482422
1991-04-17 00:00:00+00:00,89.83999633789062
1991-04-18 00:00:00+00:00,91.30000305175781
1991-04-19 00:00:00+00:00,92.70999908447266
1991-04-22 00:00:00+00:00,93.80999755859375
1991-04-23 00:00:00+00:00,92.93000030517578
1991-04-24 00:00:00+00:00,93.1500015258789
1991-04-25 00:00:00+00:00,93.26000213623047
1991-04-26 00:00:00+00:00,93.45999908447266
1991-04-29 00:00:00+00:00,93.30999755859375
1991-04-30 00:00:00+00:00,91.54000091552734
1991-05-01 00:00:00+00:00,91.91000366210938
1991-05-02 00:00:00+00:00,92.2699966430664
1991-05-03 00:00:00+00:00,93.44000244140625
1991-05-06 00:00:00+00:00,92.69000244140625
1991-05-07 00:00:00+00:00,92.06999969482422
1991-05-08 00:00:00+00:00,92.5999984741211
1991-05-09 00:00:00+00:00,92.51000213623047
1991-05-10 00:00:00+00:00,92.37999725341797
1991-05-13 00:00:00+00:00,92.01000213623047
1991-05-14 00:00:00+00:00,91.29000091552734
1991-05-15 00:00:00+00:00,90.79000091552734
1991-05-16 00:00:00+00:00,91.1500015258789
1991-05-17 00:00:00+00:00,92.94999694824219
1991-05-20 00:00:00+00:00,92.72000122070312
1991-05-21 00:00:00+00:00,91.81999969482422
1991-05-22 00:00:00+00:00,92.26000213623047
1991-05-23 00:00:00+00:00,91.9000015258789
1991-05-24 00:00:00+00:00,91.73999786376953
1991-05-27 00:00:00+00:00,91.73999786376953
1991-05-28 00:00:00+00:00,91.16000366210938
1991-05-29 00:00:00+00:00,92.0199966430664
1991-05-30 00:00:00+00:00,92.18000030517578
1991-05-31 00:00:00+00:00,93.12999725341797
1991-06-03 00:00:00+00:00,93.44000244140625
1991-06-04 00:00:00+00:00,93.29000091552734
1991-06-05 00:00:00+00:00,93.4800033569336
1991-06-06 00:00:00+00:00,93.69999694824219
1991-06-07 00:00:00+00:00,94.55999755859375
1991-06-10 00:00:00+00:00,94.55999755859375
1991-06-11 00:00:00+00:00,94.86000061035156
1991-06-12 00:00:00+00:00,95.55999755859375
1991-06-13 00:00:00+00:00,95.91000366210938
1991-06-14 00:00:00+00:00,95.79000091552734
1991-06-17 00:00:00+00:00,95.77999877929688
1991-06-18 00:00:00+00:00,96.7300033569336
1991-06-19 00:00:00+00:00,95.55000305175781
1991-06-20 00:00:00+00:00,95.38999938964844
1991-06-21 00:00:00+00:00,95.80999755859375
1991-06-24 00:00:00+00:00,95.05000305175781
1991-06-25 00:00:00+00:00,95.55000305175781
1991-06-26 00:00:00+00:00,95.30000305175781
1991-06-27 00:00:00+00:00,95.51000213623047
1991-06-28 00:00:00+00:00,96.05999755859375
1991-07-01 00:00:00+00:00,96.80999755859375
1991-07-02 00:00:00+00:00,97.1500015258789
1991-07-03 00:00:00+00:00,97.06999969482422
1991-07-04 00:00:00+00:00,97.06999969482422
1991-07-05 00:00:00+00:00,96.70999908447266
1991-07-08 00:00:00+00:00,96.02999877929688
1991-07-09 00:00:00+00:00,96.4800033569336
1991-07-10 00:00:00+00:00,96.3499984741211
1991-07-11 00:00:00+00:00,97.18000030517578
1991-07-12 00:00:00+00:00,95.05999755859375
1991-07-15 00:00:00+00:00,95.20999908447266
1991-07-16 00:00:00+00:00,95.58000183105469
1991-07-17 00:00:00+00:00,95.23999786376953
1991-07-18 00:00:00+00:00,94.66000366210938
1991-07-19 00:00:00+00:00,93.4800033569336
1991-07-22 00:00:00+00:00,94.16999816894531
1991-07-23 00:00:00+00:00,94.0
1991-07-24 00:00:00+00:00,93.2300033569336
1991-07-25 00:00:00+00:00,94.19000244140625
1991-07-26 00:00:00+00:00,93.5199966430664
1991-07-29 00:00:00+00:00,93.75
1991-07-30 00:00:00+00:00,94.0
1991-07-31 00:00:00+00:00,93.48999786376953
1991-08-01 00:00:00+00:00,93.9800033569336
1991-08-02 00:00:00+00:00,93.36000061035156
1991-08-05 00:00:00+00:00,92.33999633789062
1991-08-06 00:00:00+00:00,91.87999725341797
1991-08-07 00:00:00+00:00,92.01000213623047
1991-08-08 00:00:00+00:00,92.30000305175781
1991-08-09 00:00:00+00:00,92.86000061035156
1991-08-12 00:00:00+00:00,92.69999694824219
1991-08-13 00:00:00+00:00,92.97000122070312
1991-08-14 00:00:00+00:00,93.19999694824219
1991-08-15 00:00:00+00:00,93.73999786376953
1991-08-16 00:00:00+00:00,94.37999725341797
1991-08-19 00:00:00+00:00,96.45999908447266
1991-08-20 00:00:00+00:00,95.45999908447266
1991-08-21 00:00:00+00:00,93.2300033569336
1991-08-22 00:00:00+00:00,92.9000015258789
1991-08-23 00:00:00+00:00,93.58999633789062
1991-08-26 00:00:00+00:00,93.5
1991-08-27 00:00:00+00:00,93.5999984741211
1991-08-28 00:00:00+00:00,93.13999938964844
1991-08-29 00:00:00+00:00,93.37000274658203
1991-08-30 00:00:00+00:00,93.48999786376953
1991-09-02 00:00:00+00:00,93.48999786376953
1991-09-03 00:00:00+00:00,92.97000122070312
1991-09-04 00:00:00+00:00,92.91999816894531
1991-09-05 00:00:00+00:00,93.0
1991-09-06 00:00:00+00:00,92.11000061035156
1991-09-09 00:00:00+00:00,91.11000061035156
1991-09-10 00:00:00+00:00,91.16999816894531
1991-09-11 00:00:00+00:00,90.94999694824219
1991-09-12 00:00:00+00:00,90.7699966430664
1991-09-13 00:00:00+00:00,90.77999877929688
1991-09-16 00:00:00+00:00,90.33999633789062
1991-09-17 00:00:00+00:00,90.19000244140625
1991-09-18 00:00:00+00:00,90.83000183105469
1991-09-19 00:00:00+00:00,90.94999694824219
1991-09-20 00:00:00+00:00,90.77999877929688
1991-09-23 00:00:00+00:00,90.06999969482422
1991-09-24 00:00:00+00:00,90.8499984741211
1991-09-25 00:00:00+00:00,90.55000305175781
1991-09-26 00:00:00+00:00,90.83000183105469
1991-09-27 00:00:00+00:00,90.12000274658203
1991-09-30 00:00:00+00:00,89.9000015258789
1991-10-01 00:00:00+00:00,90.0199966430664
1991-10-02 00:00:00+00:00,89.8499984741211
1991-10-03 00:00:00+00:00,89.5199966430664
1991-10-04 00:00:00+00:00,90.05999755859375
1991-10-07 00:00:00+00:00,90.12000274658203
1991-10-08 00:00:00+00:00,90.94999694824219
1991-10-09 00:00:00+00:00,90.5999984741211
1991-10-10 00:00:00+00:00,90.80999755859375
1991-10-11 00:00:00+00:00,90.5
1991-10-14 00:00:00+00:00,90.88999938964844
1991-10-15 00:00:00+00:00,91.5199966430664
1991-10-16 00:00:00+00:00,91.26000213623047
1991-10-17 00:00:00+00:00,90.75
1991-10-18 00:00:00+00:00,90.43000030517578
1991-10-21 00:00:00+00:00,90.73999786376953
1991-10-22 00:00:00+00:00,91.02999877929688
1991-10-23 00:00:00+00:00,91.62000274658203
1991-10-24 00:00:00+00:00,91.08000183105469
1991-10-25 00:00:00+00:00,91.12999725341797
1991-10-28 00:00:00+00:00,91.88999938964844
1991-10-29 00:00:00+00:00,90.4800033569336
1991-10-30 00:00:00+00:00,89.88999938964844
1991-10-31 00:00:00+00:00,89.93000030517578
1991-11-01 00:00:00+00:00,88.69999694824219
1991-11-04 00:00:00+00:00,88.44000244140625
1991-11-05 00:00:00+00:00,88.54000091552734
1991-11-06 00:00:00+00:00,88.58000183105469
1991-11-07 00:00:00+00:00,88.70999908447266
1991-11-08 00:00:00+00:00,88.91000366210938
1991-11-11 00:00:00+00:00,88.63999938964844
1991-11-12 00:00:00+00:00,88.69999694824219
1991-11-13 00:00:00+00:00,88.54000091552734
1991-11-14 00:00:00+00:00,88.26000213623047
1991-11-15 00:00:00+00:00,87.86000061035156
1991-11-18 00:00:00+00:00,87.44999694824219
1991-11-19 00:00:00+00:00,86.87000274658203
1991-11-20 00:00:00+00:00,87.22000122070312
1991-11-21 00:00:00+00:00,87.11000061035156
1991-11-22 00:00:00+00:00,86.62999725341797
1991-11-25 00:00:00+00:00,86.6500015258789
1991-11-26 00:00:00+00:00,87.5999984741211
1991-11-27 00:00:00+00:00,87.83999633789062
1991-11-28 00:00:00+00:00,87.86000061035156
1991-11-29 00:00:00+00:00,88.19000244140625
1991-12-02 00:00:00+00:00,87.73999786376953
1991-12-03 00:00:00+00:00,87.51000213623047
1991-12-04 00:00:00+00:00,87.11000061035156
1991-12-05 00:00:00+00:00,86.62999725341797
1991-12-06 00:00:00+00:00,85.75
1991-12-09 00:00:00+00:00,86.01000213623047
1991-12-10 00:00:00+00:00,86.25
1991-12-11 00:00:00+00:00,86.26000213623047
1991-12-12 00:00:00+00:00,86.4800033569336
1991-12-13 00:00:00+00:00,86.62000274658203
1991-12-16 00:00:00+00:00,86.0999984741211
1991-12-17 00:00:00+00:00,86.0199966430664
1991-12-18 00:00:00+00:00,85.80000305175781
1991-12-19 00:00:00+00:00,85.4800033569336
1991-12-20 00:00:00+00:00,84.45999908447266
1991-12-23 00:00:00+00:00,83.72000122070312
1991-12-24 00:00:00+00:00,83.87999725341797
1991-12-25 00:00:00+00:00,83.87999725341797
1991-12-26 00:00:00+00:00,83.30999755859375
1991-12-27 00:00:00+00:00,83.62000274658203
1991-12-30 00:00:00+00:00,83.73999786376953
1991-12-31 00:00:00+00:00,83.5199966430664
1992-01-01 00:00:00+00:00,83.5199966430664
1992-01-02 00:00:00+00:00,83.83000183105469
1992-01-03 00:00:00+00:00,84.41999816894531
1992-01-06 00:00:00+00:00,83.16999816894531
1992-01-07 00:00:00+00:00,82.83999633789062
1992-01-08 00:00:00+00:00,82.91999816894531
1992-01-09 00:00:00+00:00,85.31999969482422
1992-01-10 00:00:00+00:00,86.51000213623047
1992-01-13 00:00:00+00:00,86.18000030517578
1992-01-14 00:00:00+00:00,86.66999816894531
1992-01-15 00:00:00+00:00,88.18000030517578
1992-01-16 00:00:00+00:00,87.83000183105469
1992-01-17 00:00:00+00:00,86.38999938964844
1992-01-20 00:00:00+00:00,86.2699966430664
1992-01-21 00:00:00+00:00,86.1500015258789
1992-01-22 00:00:00+00:00,86.26000213623047
1992-01-23 00:00:00+00:00,86.94000244140625
1992-01-24 00:00:00+00:00,86.37000274658203
1992-01-27 00:00:00+00:00,87.41000366210938
1992-01-28 00:00:00+00:00,87.05000305175781
1992-01-29 00:00:00+00:00,86.9800033569336
1992-01-30 00:00:00+00:00,87.58000183105469
1992-01-31 00:00:00+00:00,87.48999786376953
1992-02-03 00:00:00+00:00,87.08000183105469
1992-02-04 00:00:00+00:00,86.69999694824219
1992-02-05 00:00:00+00:00,86.25
1992-02-06 00:00:00+00:00,86.0999984741211
1992-02-07 00:00:00+00:00,85.29000091552734
1992-02-10 00:00:00+00:00,86.0999984741211
1992-02-11 00:00:00+00:00,86.93000030517578
1992-02-12 00:00:00+00:00,87.5
1992-02-13 00:00:00+00:00,88.27999877929688
1992-02-14 00:00:00+00:00,88.31999969482422
1992-02-17 00:00:00+00:00,88.0999984741211
1992-02-18 00:00:00+00:00,89.05999755859375
1992-02-19 00:00:00+00:00,89.05000305175781
1992-02-20 00:00:00+00:00,89.08999633789062
1992-02-21 00:00:00+00:00,89.6500015258789
1992-02-24 00:00:00+00:00,89.44000244140625
1992-02-25 00:00:00+00:00,89.75
1992-02-26 00:00:00+00:00,89.19999694824219
1992-02-27 00:00:00+00:00,88.72000122070312
1992-02-28 00:00:00+00:00,88.98999786376953
1992-03-02 00:00:00+00:00,89.19999694824219
1992-03-03 00:00:00+00:00,89.97000122070312
1992-03-04 00:00:00+00:00,90.51000213623047
1992-03-05 00:00:00+00:00,90.69000244140625
1992-03-06 00:00:00+00:00,90.4800033569336
1992-03-09 00:00:00+00:00,90.26000213623047
1992-03-10 00:00:00+00:00,90.72000122070312
1992-03-11 00:00:00+00:00,90.3499984741211
1992-03-12 00:00:00+00:00,90.83000183105469
1992-03-13 00:00:00+00:00,90.83999633789062
1992-03-16 00:00:00+00:00,90.51000213623047
1992-03-17 00:00:00+00:00,89.76000213623047
1992-03-18 00:00:00+00:00,89.98999786376953
1992-03-19 00:00:00+00:00,90.91000366210938
1992-03-20 00:00:00+00:00,90.94000244140625
1992-03-23 00:00:00+00:00,90.68000030517578
1992-03-24 00:00:00+00:00,90.54000091552734
1992-03-25 00:00:00+00:00,90.0
1992-03-26 00:00:00+00:00,90.5199966430664
1992-03-27 00:00:00+00:00,89.5199966430664
1992-03-30 00:00:00+00:00,89.80999755859375
1992-03-31 00:00:00+00:00,89.6500015258789
1992-04-01 00:00:00+00:00,90.22000122070312
1992-04-02 00:00:00+00:00,89.8499984741211
1992-04-03 00:00:00+00:00,89.08000183105469
1992-04-06 00:00:00+00:00,89.0199966430664
1992-04-07 00:00:00+00:00,88.8499984741211
1992-04-08 00:00:00+00:00,88.9800033569336
1992-04-09 00:00:00+00:00,88.4800033569336
1992-04-10 00:00:00+00:00,89.25
1992-04-13 00:00:00+00:00,89.9000015258789
1992-04-14 00:00:00+00:00,89.80999755859375
1992-04-15 00:00:00+00:00,90.12000274658203
1992-04-16 00:00:00+00:00,90.51000213623047
1992-04-17 00:00:00+00:00,90.51000213623047
1992-04-20 00:00:00+00:00,90.51000213623047
1992-04-21 00:00:00+00:00,90.51000213623047
1992-04-22 00:00:00+00:00,90.20999908447266
1992-04-23 00:00:00+00:00,90.27999877929688
1992-04-24 00:00:00+00:00,89.79000091552734
1992-04-27 00:00:00+00:00,89.77999877929688
1992-04-28 00:00:00+00:00,89.75
1992-04-29 00:00:00+00:00,89.93000030517578
1992-04-30 00:00:00+00:00,89.62000274658203
1992-05-01 00:00:00+00:00,89.12000274658203
1992-05-04 00:00:00+00:00,89.44999694824219
1992-05-05 00:00:00+00:00,89.04000091552734
1992-05-06 00:00:00+00:00,88.66999816894531
1992-05-07 00:00:00+00:00,88.91999816894531
1992-05-08 00:00:00+00:00,89.38999938964844
1992-05-11 00:00:00+00:00,89.1500015258789
1992-05-12 00:00:00+00:00,88.29000091552734
1992-05-13 00:00:00+00:00,87.5999984741211
1992-05-14 00:00:00+00:00,87.94000244140625
1992-05-15 00:00:00+00:00,87.62999725341797
1992-05-18 00:00:00+00:00,86.91000366210938
1992-05-19 00:00:00+00:00,86.75
1992-05-20 00:00:00+00:00,87.2699966430664
1992-05-21 00:00:00+00:00,87.95999908447266
1992-05-22 00:00:00+00:00,87.9000015258789
1992-05-25 00:00:00+00:00,87.9000015258789
1992-05-26 00:00:00+00:00,87.6500015258789
1992-05-27 00:00:00+00:00,88.83000183105469
1992-05-28 00:00:00+00:00,88.2699966430664
1992-05-29 00:00:00+00:00,87.22000122070312
1992-06-01 00:00:00+00:00,87.19999694824219
1992-06-02 00:00:00+00:00,87.33999633789062
1992-06-03 00:00:00+00:00,87.26000213623047
1992-06-04 00:00:00+00:00,87.08000183105469
1992-06-05 00:00:00+00:00,86.58000183105469
1992-06-08 00:00:00+00:00,86.56999969482422
1992-06-09 00:00:00+00:00,86.72000122070312
1992-06-10 00:00:00+00:00,86.77999877929688
1992-06-11 00:00:00+00:00,86.01000213623047
1992-06-12 00:00:00+00:00,85.97000122070312
1992-06-15 00:00:00+00:00,85.72000122070312
1992-06-16 00:00:00+00:00,85.44000244140625
1992-06-17 00:00:00+00:00,85.94999694824219
1992-06-18 00:00:00+00:00,85.61000061035156
1992-06-19 00:00:00+00:00,85.91000366210938
1992-06-22 00:00:00+00:00,85.58000183105469
1992-06-23 00:00:00+00:00,85.56999969482422
1992-06-24 00:00:00+00:00,84.9000015258789
1992-06-25 00:00:00+00:00,84.27999877929688
1992-06-26 00:00:00+00:00,84.12999725341797
1992-06-29 00:00:00+00:00,83.62000274658203
1992-06-30 00:00:00+00:00,83.72000122070312
1992-07-01 00:00:00+00:00,83.63999938964844
1992-07-02 00:00:00+00:00,83.0999984741211
1992-07-03 00:00:00+00:00,83.0999984741211
1992-07-06 00:00:00+00:00,83.12999725341797
1992-07-07 00:00:00+00:00,82.1500015258789
1992-07-08 00:00:00+00:00,82.31999969482422
1992-07-09 00:00:00+00:00,83.31999969482422
1992-07-10 00:00:00+00:00,82.62000274658203
1992-07-13 00:00:00+00:00,81.83999633789062
1992-07-14 00:00:00+00:00,82.18000030517578
1992-07-15 00:00:00+00:00,82.06999969482422
1992-07-16 00:00:00+00:00,81.75
1992-07-17 00:00:00+00:00,81.04000091552734
1992-07-20 00:00:00+00:00,82.54000091552734
1992-07-21 00:00:00+00:00,82.41000366210938
1992-07-22 00:00:00+00:00,82.44000244140625
1992-07-23 00:00:00+00:00,82.33999633789062
1992-07-24 00:00:00+00:00,83.18000030517578
1992-07-27 00:00:00+00:00,82.2300033569336
1992-07-28 00:00:00+00:00,81.83000183105469
1992-07-29 00:00:00+00:00,82.22000122070312
1992-07-30 00:00:00+00:00,81.9800033569336
1992-07-31 00:00:00+00:00,81.91000366210938
1992-08-03 00:00:00+00:00,81.9000015258789
1992-08-04 00:00:00+00:00,82.02999877929688
1992-08-05 00:00:00+00:00,82.30000305175781
1992-08-06 00:00:00+00:00,82.1500015258789
1992-08-07 00:00:00+00:00,81.6500015258789
1992-08-10 00:00:00+00:00,81.61000061035156
1992-08-11 00:00:00+00:00,81.75
1992-08-12 00:00:00+00:00,81.61000061035156
1992-08-13 00:00:00+00:00,81.30000305175781
1992-08-14 00:00:00+00:00,81.66000366210938
1992-08-17 00:00:00+00:00,81.58000183105469
1992-08-18 00:00:00+00:00,81.33000183105469
1992-08-19 00:00:00+00:00,81.19000244140625
1992-08-20 00:00:00+00:00,80.91999816894531
1992-08-21 00:00:00+00:00,80.16000366210938
1992-08-24 00:00:00+00:00,78.94000244140625
1992-08-25 00:00:00+00:00,78.87000274658203
1992-08-26 00:00:00+00:00,79.20999908447266
1992-08-27 00:00:00+00:00,79.30999755859375
1992-08-28 00:00:00+00:00,79.16999816894531
1992-08-31 00:00:00+00:00,78.87999725341797
1992-09-01 00:00:00+00:00,78.33000183105469
1992-09-02 00:00:00+00:00,78.41000366210938
1992-09-03 00:00:00+00:00,79.4000015258789
1992-09-04 00:00:00+00:00,78.81999969482422
1992-09-07 00:00:00+00:00,78.81999969482422
1992-09-08 00:00:00+00:00,78.48999786376953
1992-09-09 00:00:00+00:00,79.45999908447266
1992-09-10 00:00:00+00:00,79.73999786376953
1992-09-11 00:00:00+00:00,81.12999725341797
1992-09-14 00:00:00+00:00,82.9000015258789
1992-09-15 00:00:00+00:00,83.38999938964844
1992-09-16 00:00:00+00:00,84.33000183105469
1992-09-17 00:00:00+00:00,83.63999938964844
1992-09-18 00:00:00+00:00,84.83999633789062
1992-09-21 00:00:00+00:00,84.41999816894531
1992-09-22 00:00:00+00:00,84.69000244140625
1992-09-23 00:00:00+00:00,84.44999694824219
1992-09-24 00:00:00+00:00,84.06999969482422
1992-09-25 00:00:00+00:00,83.8499984741211
1992-09-28 00:00:00+00:00,82.69000244140625
1992-09-29 00:00:00+00:00,81.0
1992-09-30 00:00:00+00:00,81.0999984741211
1992-10-01 00:00:00+00:00,81.79000091552734
1992-10-02 00:00:00+00:00,81.36000061035156
1992-10-05 00:00:00+00:00,82.4000015258789
1992-10-06 00:00:00+00:00,82.62000274658203
1992-10-07 00:00:00+00:00,83.27999877929688
1992-10-08 00:00:00+00:00,84.87000274658203
1992-10-09 00:00:00+00:00,84.80999755859375
1992-10-12 00:00:00+00:00,84.0199966430664
1992-10-13 00:00:00+00:00,83.80999755859375
1992-10-14 00:00:00+00:00,83.75
1992-10-15 00:00:00+00:00,83.52999877929688
1992-10-16 00:00:00+00:00,84.55999755859375
1992-10-19 00:00:00+00:00,85.5
1992-10-20 00:00:00+00:00,86.45999908447266
1992-10-21 00:00:00+00:00,86.62999725341797
1992-10-22 00:00:00+00:00,85.93000030517578
1992-10-23 00:00:00+00:00,86.80000305175781
1992-10-26 00:00:00+00:00,87.25
1992-10-27 00:00:00+00:00,87.01000213623047
1992-10-28 00:00:00+00:00,87.66000366210938
1992-10-29 00:00:00+00:00,87.33000183105469
1992-10-30 00:00:00+00:00,87.62999725341797
1992-11-02 00:00:00+00:00,88.83999633789062
1992-11-03 00:00:00+00:00,88.55000305175781
1992-11-04 00:00:00+00:00,88.6500015258789
1992-11-05 00:00:00+00:00,89.20999908447266
1992-11-06 00:00:00+00:00,89.91999816894531
1992-11-09 00:00:00+00:00,90.19000244140625
1992-11-10 00:00:00+00:00,89.80999755859375
1992-11-11 00:00:00+00:00,89.62000274658203
1992-11-12 00:00:00+00:00,89.44000244140625
1992-11-13 00:00:00+00:00,88.97000122070312
1992-11-16 00:00:00+00:00,90.02999877929688
1992-11-17 00:00:00+00:00,90.01000213623047
1992-11-18 00:00:00+00:00,89.86000061035156
1992-11-19 00:00:00+00:00,89.52999877929688
1992-11-20 00:00:00+00:00,91.12000274658203
1992-11-23 00:00:00+00:00,90.87000274658203
1992-11-24 00:00:00+00:00,90.68000030517578
1992-11-25 00:00:00+00:00,90.41000366210938
1992-11-26 00:00:00+00:00,90.75
1992-11-27 00:00:00+00:00,91.11000061035156
1992-11-30 00:00:00+00:00,90.83999633789062
1992-12-01 00:00:00+00:00,90.13999938964844
1992-12-02 00:00:00+00:00,90.02999877929688
1992-12-03 00:00:00+00:00,90.1500015258789
1992-12-04 00:00:00+00:00,90.58999633789062
1992-12-07 00:00:00+00:00,88.97000122070312
1992-12-08 00:00:00+00:00,89.12000274658203
1992-12-09 00:00:00+00:00,89.88999938964844
1992-12-10 00:00:00+00:00,90.1500015258789
1992-12-11 00:00:00+00:00,90.0999984741211
1992-12-14 00:00:00+00:00,89.70999908447266
1992-12-15 00:00:00+00:00,89.77999877929688
1992-12-16 00:00:00+00:00,89.33000183105469
1992-12-17 00:00:00+00:00,89.37999725341797
1992-12-18 00:00:00+00:00,89.68000030517578
1992-12-21 00:00:00+00:00,89.83000183105469
1992-12-22 00:00:00+00:00,90.75
1992-12-23 00:00:00+00:00,91.05000305175781
1992-12-24 00:00:00+00:00,91.18000030517578
1992-12-25 00:00:00+00:00,91.13999938964844
1992-12-28 00:00:00+00:00,92.16000366210938
1992-12-29 00:00:00+00:00,92.1500015258789
1992-12-30 00:00:00+00:00,92.16999816894531
1992-12-31 00:00:00+00:00,92.36000061035156
1993-01-01 00:00:00+00:00,92.36000061035156
1993-01-04 00:00:00+00:00,93.45999908447266
1993-01-05 00:00:00+00:00,92.62999725341797
1993-01-06 00:00:00+00:00,93.06999969482422
1993-01-07 00:00:00+00:00,93.19000244140625
1993-01-08 00:00:00+00:00,93.44999694824219
1993-01-11 00:00:00+00:00,92.69000244140625
1993-01-12 00:00:00+00:00,92.88999938964844
1993-01-13 00:00:00+00:00,92.62000274658203
1993-01-14 00:00:00+00:00,92.66000366210938
1993-01-15 00:00:00+00:00,93.04000091552734
1993-01-18 00:00:00+00:00,92.05999755859375
1993-01-19 00:00:00+00:00,92.0
1993-01-20 00:00:00+00:00,91.55000305175781
1993-01-21 00:00:00+00:00,92.25
1993-01-22 00:00:00+00:00,91.41000366210938
1993-01-25 00:00:00+00:00,90.47000122070312
1993-01-26 00:00:00+00:00,90.55000305175781
1993-01-27 00:00:00+00:00,91.36000061035156
1993-01-28 00:00:00+00:00,91.27999877929688
1993-01-29 00:00:00+00:00,92.45999908447266
1993-02-01 00:00:00+00:00,93.55999755859375
1993-02-02 00:00:00+00:00,93.91999816894531
1993-02-03 00:00:00+00:00,94.23999786376953
1993-02-04 00:00:00+00:00,94.52999877929688
1993-02-05 00:00:00+00:00,94.4000015258789
1993-02-08 00:00:00+00:00,94.3499984741211
1993-02-09 00:00:00+00:00,94.02999877929688
1993-02-10 00:00:00+00:00,94.4800033569336
1993-02-11 00:00:00+00:00,94.31999969482422
1993-02-12 00:00:00+00:00,94.25
1993-02-15 00:00:00+00:00,94.37999725341797
1993-02-16 00:00:00+00:00,93.08999633789062
1993-02-17 00:00:00+00:00,92.93000030517578
1993-02-18 00:00:00+00:00,93.19999694824219
1993-02-19 00:00:00+00:00,93.3499984741211
1993-02-22 00:00:00+00:00,92.6500015258789
1993-02-23 00:00:00+00:00,92.91000366210938
1993-02-24 00:00:00+00:00,93.41000366210938
1993-02-25 00:00:00+00:00,93.5199966430664
1993-02-26 00:00:00+00:00,94.05000305175781
1993-03-01 00:00:00+00:00,94.18000030517578
1993-03-02 00:00:00+00:00,93.23999786376953
1993-03-03 00:00:00+00:00,93.4000015258789
1993-03-04 00:00:00+00:00,93.22000122070312
1993-03-05 00:00:00+00:00,94.30000305175781
1993-03-08 00:00:00+00:00,94.0199966430664
1993-03-09 00:00:00+00:00,94.37999725341797
1993-03-10 00:00:00+00:00,94.29000091552734
1993-03-11 00:00:00+00:00,94.36000061035156
1993-03-12 00:00:00+00:00,94.5
1993-03-15 00:00:00+00:00,94.51000213623047
1993-03-16 00:00:00+00:00,94.30000305175781
1993-03-17 00:00:00+00:00,94.22000122070312
1993-03-18 00:00:00+00:00,93.18000030517578
1993-03-19 00:00:00+00:00,92.88999938964844
1993-03-22 00:00:00+00:00,92.91999816894531
1993-03-23 00:00:00+00:00,92.7300033569336
1993-03-24 00:00:00+00:00,93.29000091552734
1993-03-25 00:00:00+00:00,93.5199966430664
1993-03-26 00:00:00+00:00,92.93000030517578
1993-03-29 00:00:00+00:00,92.77999877929688
1993-03-30 00:00:00+00:00,92.44999694824219
1993-03-31 00:00:00+00:00,91.87000274658203
1993-04-01 00:00:00+00:00,91.0999984741211
1993-04-02 00:00:00+00:00,91.37000274658203
1993-04-05 00:00:00+00:00,91.20999908447266
1993-04-06 00:00:00+00:00,91.72000122070312
1993-04-07 00:00:00+00:00,91.95999908447266
1993-04-08 00:00:00+00:00,91.26000213623047
1993-04-09 00:00:00+00:00,91.22000122070312
1993-04-12 00:00:00+00:00,90.66999816894531
1993-04-13 00:00:00+00:00,89.97000122070312
1993-04-14 00:00:00+00:00,90.5
1993-04-15 00:00:00+00:00,90.94999694824219
1993-04-16 00:00:00+00:00,91.30999755859375
1993-04-19 00:00:00+00:00,90.3499984741211
1993-04-20 00:00:00+00:00,90.18000030517578
1993-04-21 00:00:00+00:00,90.31999969482422
1993-04-22 00:00:00+00:00,89.77999877929688
1993-04-23 00:00:00+00:00,89.37999725341797
1993-04-26 00:00:00+00:00,88.51000213623047
1993-04-27 00:00:00+00:00,89.61000061035156
1993-04-28 00:00:00+00:00,89.2699966430664
1993-04-29 00:00:00+00:00,89.25
1993-04-30 00:00:00+00:00,89.48999786376953
1993-05-03 00:00:00+00:00,89.31999969482422
1993-05-04 00:00:00+00:00,89.0
1993-05-05 00:00:00+00:00,89.11000061035156
1993-05-06 00:00:00+00:00,88.7699966430664
1993-05-07 00:00:00+00:00,89.2300033569336
1993-05-10 00:00:00+00:00,90.5199966430664
1993-05-11 00:00:00+00:00,90.51000213623047
1993-05-12 00:00:00+00:00,90.58000183105469
1993-05-13 00:00:00+00:00,90.93000030517578
1993-05-14 00:00:00+00:00,90.16999816894531
1993-05-17 00:00:00+00:00,90.63999938964844
1993-05-18 00:00:00+00:00,90.9000015258789
1993-05-19 00:00:00+00:00,90.66000366210938
1993-05-20 00:00:00+00:00,90.38999938964844
1993-05-21 00:00:00+00:00,90.69999694824219
1993-05-24 00:00:00+00:00,91.04000091552734
1993-05-25 00:00:00+00:00,90.62000274658203
1993-05-26 00:00:00+00:00,90.48999786376953
1993-05-27 00:00:00+00:00,89.5199966430664
1993-05-28 00:00:00+00:00,88.95999908447266
1993-05-31 00:00:00+00:00,89.08000183105469
1993-06-01 00:00:00+00:00,89.0199966430664
1993-06-02 00:00:00+00:00,89.4000015258789
1993-06-03 00:00:00+00:00,89.31999969482422
1993-06-04 00:00:00+00:00,90.75
1993-06-07 00:00:00+00:00,90.41999816894531
1993-06-08 00:00:00+00:00,90.44000244140625
1993-06-09 00:00:00+00:00,90.83000183105469
1993-06-10 00:00:00+00:00,90.44000244140625
1993-06-11 00:00:00+00:00,90.44000244140625
1993-06-14 00:00:00+00:00,90.30000305175781
1993-06-15 00:00:00+00:00,91.06999969482422
1993-06-16 00:00:00+00:00,91.7300033569336
1993-06-17 00:00:00+00:00,91.77999877929688
1993-06-18 00:00:00+00:00,92.93000030517578
1993-06-21 00:00:00+00:00,93.36000061035156
1993-06-22 00:00:00+00:00,93.76000213623047
1993-06-23 00:00:00+00:00,93.4800033569336
1993-06-24 00:00:00+00:00,94.08000183105469
1993-06-25 00:00:00+00:00,93.55000305175781
1993-06-28 00:00:00+00:00,93.41000366210938
1993-06-29 00:00:00+00:00,92.83999633789062
1993-06-30 00:00:00+00:00,93.62999725341797
1993-07-01 00:00:00+00:00,93.19000244140625
1993-07-02 00:00:00+00:00,93.4800033569336
1993-07-05 00:00:00+00:00,93.4800033569336
1993-07-06 00:00:00+00:00,93.83000183105469
1993-07-07 00:00:00+00:00,94.0
1993-07-08 00:00:00+00:00,94.0
1993-07-09 00:00:00+00:00,94.9800033569336
1993-07-12 00:00:00+00:00,95.26000213623047
1993-07-13 00:00:00+00:00,94.5999984741211
1993-07-14 00:00:00+00:00,94.4800033569336
1993-07-15 00:00:00+00:00,94.86000061035156
1993-07-16 00:00:00+00:00,94.5999984741211
1993-07-19 00:00:00+00:00,94.22000122070312
1993-07-20 00:00:00+00:00,94.0199966430664
1993-07-21 00:00:00+00:00,93.97000122070312
1993-07-22 00:00:00+00:00,93.98999786376953
1993-07-23 00:00:00+00:00,94.56999969482422
1993-07-26 00:00:00+00:00,94.76000213623047
1993-07-27 00:00:00+00:00,94.87999725341797
1993-07-28 00:00:00+00:00,94.44000244140625
1993-07-29 00:00:00+00:00,95.52999877929688
1993-07-30 00:00:00+00:00,95.37000274658203
1993-08-02 00:00:00+00:00,94.62999725341797
1993-08-03 00:00:00+00:00,94.4000015258789
1993-08-04 00:00:00+00:00,94.37999725341797
1993-08-05 00:00:00+00:00,94.5199966430664
1993-08-06 00:00:00+00:00,94.13999938964844
1993-08-09 00:00:00+00:00,94.37999725341797
1993-08-10 00:00:00+00:00,95.20999908447266
1993-08-11 00:00:00+00:00,95.2300033569336
1993-08-12 00:00:00+00:00,95.2699966430664
1993-08-13 00:00:00+00:00,95.12999725341797
1993-08-16 00:00:00+00:00,93.94000244140625
1993-08-17 00:00:00+00:00,93.9800033569336
1993-08-18 00:00:00+00:00,93.37999725341797
1993-08-19 00:00:00+00:00,94.12000274658203
1993-08-20 00:00:00+00:00,93.37999725341797
1993-08-23 00:00:00+00:00,93.68000030517578
1993-08-24 00:00:00+00:00,93.55999755859375
1993-08-25 00:00:00+00:00,94.01000213623047
1993-08-26 00:00:00+00:00,93.30000305175781
1993-08-27 00:00:00+00:00,93.30000305175781
1993-08-30 00:00:00+00:00,93.62000274658203
1993-08-31 00:00:00+00:00,93.94999694824219
1993-09-01 00:00:00+00:00,93.51000213623047
1993-09-02 00:00:00+00:00,93.19000244140625
1993-09-03 00:00:00+00:00,92.08000183105469
1993-09-06 00:00:00+00:00,92.08000183105469
1993-09-07 00:00:00+00:00,91.36000061035156
1993-09-08 00:00:00+00:00,91.72000122070312
1993-09-09 00:00:00+00:00,91.05000305175781
1993-09-10 00:00:00+00:00,90.80000305175781
1993-09-13 00:00:00+00:00,91.18000030517578
1993-09-14 00:00:00+00:00,91.20999908447266
1993-09-15 00:00:00+00:00,90.75
1993-09-16 00:00:00+00:00,90.94000244140625
1993-09-17 00:00:00+00:00,91.4000015258789
1993-09-20 00:00:00+00:00,91.4000015258789
1993-09-21 00:00:00+00:00,92.72000122070312
1993-09-22 00:00:00+00:00,92.31999969482422
1993-09-23 00:00:00+00:00,92.80999755859375
1993-09-24 00:00:00+00:00,92.6500015258789
1993-09-27 00:00:00+00:00,92.25
1993-09-28 00:00:00+00:00,91.81999969482422
1993-09-29 00:00:00+00:00,91.88999938964844
1993-09-30 00:00:00+00:00,92.81999969482422
1993-10-01 00:00:00+00:00,92.69000244140625
1993-10-04 00:00:00+00:00,92.3499984741211
1993-10-05 00:00:00+00:00,92.43000030517578
1993-10-06 00:00:00+00:00,92.27999877929688
1993-10-07 00:00:00+00:00,92.30999755859375
1993-10-08 00:00:00+00:00,91.6500015258789
1993-10-11 00:00:00+00:00,91.70999908447266
1993-10-12 00:00:00+00:00,91.31999969482422
1993-10-13 00:00:00+00:00,91.77999877929688
1993-10-14 00:00:00+00:00,92.38999938964844
1993-10-15 00:00:00+00:00,92.5199966430664
1993-10-18 00:00:00+00:00,93.36000061035156
1993-10-19 00:00:00+00:00,93.43000030517578
1993-10-20 00:00:00+00:00,93.33999633789062
1993-10-21 00:00:00+00:00,94.13999938964844
1993-10-22 00:00:00+00:00,94.44000244140625
1993-10-25 00:00:00+00:00,94.80999755859375
1993-10-26 00:00:00+00:00,94.70999908447266
1993-10-27 00:00:00+00:00,94.8499984741211
1993-10-28 00:00:00+00:00,94.4800033569336
1993-10-29 00:00:00+00:00,95.08000183105469
1993-11-01 00:00:00+00:00,95.27999877929688
1993-11-02 00:00:00+00:00,95.44000244140625
1993-11-03 00:00:00+00:00,95.01000213623047
1993-11-04 00:00:00+00:00,95.12999725341797
1993-11-05 00:00:00+00:00,94.87999725341797
1993-11-08 00:00:00+00:00,94.5999984741211
1993-11-09 00:00:00+00:00,95.0999984741211
1993-11-10 00:00:00+00:00,94.88999938964844
1993-11-11 00:00:00+00:00,94.9800033569336
1993-11-12 00:00:00+00:00,94.5
1993-11-15 00:00:00+00:00,94.94999694824219
1993-11-16 00:00:00+00:00,95.26000213623047
1993-11-17 00:00:00+00:00,95.19000244140625
1993-11-18 00:00:00+00:00,95.69000244140625
1993-11-19 00:00:00+00:00,96.0199966430664
1993-11-22 00:00:00+00:00,95.77999877929688
1993-11-23 00:00:00+00:00,95.68000030517578
1993-11-24 00:00:00+00:00,95.5999984741211
1993-11-25 00:00:00+00:00,95.5999984741211
1993-11-26 00:00:00+00:00,96.0199966430664
1993-11-29 00:00:00+00:00,95.94999694824219
1993-11-30 00:00:00+00:00,96.20999908447266
1993-12-01 00:00:00+00:00,96.47000122070312
1993-12-02 00:00:00+00:00,96.44000244140625
1993-12-03 00:00:00+00:00,96.08000183105469
1993-12-06 00:00:00+00:00,94.9800033569336
1993-12-07 00:00:00+00:00,95.11000061035156
1993-12-08 00:00:00+00:00,95.16000366210938
1993-12-09 00:00:00+00:00,95.30000305175781
1993-12-10 00:00:00+00:00,95.05000305175781
1993-12-13 00:00:00+00:00,95.51000213623047
1993-12-14 00:00:00+00:00,95.80999755859375
1993-12-15 00:00:00+00:00,95.9800033569336
1993-12-16 00:00:00+00:00,95.66999816894531
1993-12-17 00:00:00+00:00,95.73999786376953
1993-12-20 00:00:00+00:00,95.7300033569336
1993-12-21 00:00:00+00:00,95.66000366210938
1993-12-22 00:00:00+00:00,95.13999938964844
1993-12-23 00:00:00+00:00,94.68000030517578
1993-12-24 00:00:00+00:00,94.68000030517578
1993-12-27 00:00:00+00:00,95.23999786376953
1993-12-28 00:00:00+00:00,95.13999938964844
1993-12-29 00:00:00+00:00,96.44999694824219
1993-12-30 00:00:00+00:00,96.69999694824219
1993-12-31 00:00:00+00:00,96.83999633789062
1994-01-03 00:00:00+00:00,96.97000122070312
1994-01-04 00:00:00+00:00,96.55000305175781
1994-01-05 00:00:00+00:00,96.58000183105469
1994-01-06 00:00:00+00:00,96.81999969482422
1994-01-07 00:00:00+00:00,96.08000183105469
1994-01-10 00:00:00+00:00,96.43000030517578
1994-01-11 00:00:00+00:00,96.69000244140625
1994-01-12 00:00:00+00:00,96.2300033569336
1994-01-13 00:00:00+00:00,96.7699966430664
1994-01-14 00:00:00+00:00,96.68000030517578
1994-01-17 00:00:00+00:00,96.83000183105469
1994-01-18 00:00:00+00:00,96.37999725341797
1994-01-19 00:00:00+00:00,96.47000122070312
1994-01-20 00:00:00+00:00,96.18000030517578
1994-01-21 00:00:00+00:00,96.70999908447266
1994-01-24 00:00:00+00:00,96.54000091552734
1994-01-25 00:00:00+00:00,96.5
1994-01-26 00:00:00+00:00,96.1500015258789
1994-01-27 00:00:00+00:00,95.44999694824219
1994-01-28 00:00:00+00:00,96.18000030517578
1994-01-31 00:00:00+00:00,95.58999633789062
1994-02-01 00:00:00+00:00,95.5199966430664
1994-02-02 00:00:00+00:00,95.52999877929688
1994-02-03 00:00:00+00:00,95.87000274658203
1994-02-04 00:00:00+00:00,96.75
1994-02-07 00:00:00+00:00,96.63999938964844
1994-02-08 00:00:00+00:00,96.94999694824219
1994-02-09 00:00:00+00:00,96.83000183105469
1994-02-10 00:00:00+00:00,96.5999984741211
1994-02-11 00:00:00+00:00,96.6500015258789
1994-02-14 00:00:00+00:00,94.91000366210938
1994-02-15 00:00:00+00:00,95.2300033569336
1994-02-16 00:00:00+00:00,95.16000366210938
1994-02-17 00:00:00+00:00,95.1500015258789
1994-02-18 00:00:00+00:00,94.5999984741211
1994-02-21 00:00:00+00:00,94.5999984741211
1994-02-22 00:00:00+00:00,95.2300033569336
1994-02-23 00:00:00+00:00,95.37999725341797
1994-02-24 00:00:00+00:00,95.01000213623047
1994-02-25 00:00:00+00:00,94.7699966430664
1994-02-28 00:00:00+00:00,94.55000305175781
1994-03-01 00:00:00+00:00,94.7699966430664
1994-03-02 00:00:00+00:00,94.51000213623047
1994-03-03 00:00:00+00:00,94.5199966430664
1994-03-04 00:00:00+00:00,95.16000366210938
1994-03-07 00:00:00+00:00,95.2300033569336
1994-03-08 00:00:00+00:00,95.0199966430664
1994-03-09 00:00:00+00:00,94.80000305175781
1994-03-10 00:00:00+00:00,93.70999908447266
1994-03-11 00:00:00+00:00,93.91000366210938
1994-03-14 00:00:00+00:00,94.2300033569336
1994-03-15 00:00:00+00:00,94.58000183105469
1994-03-16 00:00:00+00:00,94.19999694824219
1994-03-17 00:00:00+00:00,94.2699966430664
1994-03-18 00:00:00+00:00,94.56999969482422
1994-03-21 00:00:00+00:00,94.41999816894531
1994-03-22 00:00:00+00:00,94.31999969482422
1994-03-23 00:00:00+00:00,94.12000274658203
1994-03-24 00:00:00+00:00,93.56999969482422
1994-03-25 00:00:00+00:00,93.5
1994-03-28 00:00:00+00:00,93.48999786376953
1994-03-29 00:00:00+00:00,93.7300033569336
1994-03-30 00:00:00+00:00,93.54000091552734
1994-03-31 00:00:00+00:00,93.05999755859375
1994-04-01 00:00:00+00:00,94.30999755859375
1994-04-04 00:00:00+00:00,94.31999969482422
1994-04-05 00:00:00+00:00,95.27999877929688
1994-04-06 00:00:00+00:00,95.13999938964844
1994-04-07 00:00:00+00:00,95.08000183105469
1994-04-08 00:00:00+00:00,94.93000030517578
1994-04-11 00:00:00+00:00,94.70999908447266
1994-04-12 00:00:00+00:00,94.9000015258789
1994-04-13 00:00:00+00:00,94.55000305175781
1994-04-14 00:00:00+00:00,94.75
1994-04-15 00:00:00+00:00,94.9000015258789
1994-04-18 00:00:00+00:00,94.63999938964844
1994-04-19 00:00:00+00:00,94.44999694824219
1994-04-20 00:00:00+00:00,94.0
1994-04-21 00:00:00+00:00,93.95999908447266
1994-04-22 00:00:00+00:00,93.91000366210938
1994-04-25 00:00:00+00:00,93.5999984741211
1994-04-26 00:00:00+00:00,93.33000183105469
1994-04-27 00:00:00+00:00,93.33000183105469
1994-04-28 00:00:00+00:00,92.44000244140625
1994-04-29 00:00:00+00:00,92.12000274658203
1994-05-02 00:00:00+00:00,92.05999755859375
1994-05-03 00:00:00+00:00,91.6500015258789
1994-05-04 00:00:00+00:00,92.43000030517578
1994-05-05 00:00:00+00:00,92.98999786376953
1994-05-06 00:00:00+00:00,92.70999908447266
1994-05-09 00:00:00+00:00,92.47000122070312
1994-05-10 00:00:00+00:00,93.5
1994-05-11 00:00:00+00:00,93.33000183105469
1994-05-12 00:00:00+00:00,93.11000061035156
1994-05-13 00:00:00+00:00,93.30000305175781
1994-05-16 00:00:00+00:00,93.41999816894531
1994-05-17 00:00:00+00:00,93.30999755859375
1994-05-18 00:00:00+00:00,92.51000213623047
1994-05-19 00:00:00+00:00,92.61000061035156
1994-05-20 00:00:00+00:00,92.23999786376953
1994-05-23 00:00:00+00:00,92.23999786376953
1994-05-24 00:00:00+00:00,92.75
1994-05-25 00:00:00+00:00,92.44000244140625
1994-05-26 00:00:00+00:00,92.55000305175781
1994-05-27 00:00:00+00:00,92.31999969482422
1994-05-30 00:00:00+00:00,92.31999969482422
1994-05-31 00:00:00+00:00,92.5199966430664
1994-06-01 00:00:00+00:00,92.44000244140625
1994-06-02 00:00:00+00:00,92.81999969482422
1994-06-03 00:00:00+00:00,93.41999816894531
1994-06-06 00:00:00+00:00,93.38999938964844
1994-06-07 00:00:00+00:00,93.08000183105469
1994-06-08 00:00:00+00:00,93.19999694824219
1994-06-09 00:00:00+00:00,93.08999633789062
1994-06-10 00:00:00+00:00,92.97000122070312
1994-06-13 00:00:00+00:00,92.16999816894531
1994-06-14 00:00:00+00:00,92.16999816894531
1994-06-15 00:00:00+00:00,91.81999969482422
1994-06-16 00:00:00+00:00,91.83000183105469
1994-06-17 00:00:00+00:00,90.97000122070312
1994-06-20 00:00:00+00:00,90.44999694824219
1994-06-21 00:00:00+00:00,89.8499984741211
1994-06-22 00:00:00+00:00,90.51000213623047
1994-06-23 00:00:00+00:00,90.36000061035156
1994-06-24 00:00:00+00:00,89.5999984741211
1994-06-27 00:00:00+00:00,89.5999984741211
1994-06-28 00:00:00+00:00,89.37999725341797
1994-06-29 00:00:00+00:00,89.47000122070312
1994-06-30 00:00:00+00:00,89.62000274658203
1994-07-01 00:00:00+00:00,89.91999816894531
1994-07-04 00:00:00+00:00,90.01000213623047
1994-07-05 00:00:00+00:00,89.56999969482422
1994-07-06 00:00:00+00:00,89.33999633789062
1994-07-07 00:00:00+00:00,89.33000183105469
1994-07-08 00:00:00+00:00,88.87000274658203
1994-07-11 00:00:00+00:00,87.30999755859375
1994-07-12 00:00:00+00:00,87.20999908447266
1994-07-13 00:00:00+00:00,87.63999938964844
1994-07-14 00:00:00+00:00,88.44999694824219
1994-07-15 00:00:00+00:00,88.33000183105469
1994-07-18 00:00:00+00:00,88.12999725341797
1994-07-19 00:00:00+00:00,89.0199966430664
1994-07-20 00:00:00+00:00,88.97000122070312
1994-07-21 00:00:00+00:00,89.91000366210938
1994-07-22 00:00:00+00:00,90.18000030517578
1994-07-25 00:00:00+00:00,89.83999633789062
1994-07-26 00:00:00+00:00,89.69000244140625
1994-07-27 00:00:00+00:00,89.33000183105469
1994-07-28 00:00:00+00:00,90.19999694824219
1994-07-29 00:00:00+00:00,89.87000274658203
1994-08-01 00:00:00+00:00,89.55999755859375
1994-08-02 00:00:00+00:00,89.87000274658203
1994-08-03 00:00:00+00:00,89.48999786376953
1994-08-04 00:00:00+00:00,90.05999755859375
1994-08-05 00:00:00+00:00,89.62999725341797
1994-08-08 00:00:00+00:00,89.91000366210938
1994-08-09 00:00:00+00:00,89.87000274658203
1994-08-10 00:00:00+00:00,89.94999694824219
1994-08-11 00:00:00+00:00,89.12000274658203
1994-08-12 00:00:00+00:00,88.94000244140625
1994-08-15 00:00:00+00:00,88.91000366210938
1994-08-16 00:00:00+00:00,89.11000061035156
1994-08-17 00:00:00+00:00,88.93000030517578
1994-08-18 00:00:00+00:00,88.2699966430664
1994-08-19 00:00:00+00:00,88.02999877929688
1994-08-22 00:00:00+00:00,87.44000244140625
1994-08-23 00:00:00+00:00,87.75
1994-08-24 00:00:00+00:00,88.22000122070312
1994-08-25 00:00:00+00:00,88.1500015258789
1994-08-26 00:00:00+00:00,89.58999633789062
1994-08-29 00:00:00+00:00,89.56999969482422
1994-08-30 00:00:00+00:00,89.4800033569336
1994-08-31 00:00:00+00:00,89.66999816894531
1994-09-01 00:00:00+00:00,89.3499984741211
1994-09-02 00:00:00+00:00,88.55999755859375
1994-09-05 00:00:00+00:00,88.43000030517578
1994-09-06 00:00:00+00:00,88.01000213623047
1994-09-07 00:00:00+00:00,88.38999938964844
1994-09-08 00:00:00+00:00,88.68000030517578
1994-09-09 00:00:00+00:00,87.91999816894531
1994-09-12 00:00:00+00:00,87.8499984741211
1994-09-13 00:00:00+00:00,87.75
1994-09-14 00:00:00+00:00,87.83000183105469
1994-09-15 00:00:00+00:00,87.93000030517578
1994-09-16 00:00:00+00:00,87.56999969482422
1994-09-19 00:00:00+00:00,87.83999633789062
1994-09-20 00:00:00+00:00,87.76000213623047
1994-09-21 00:00:00+00:00,87.52999877929688
1994-09-22 00:00:00+00:00,87.66999816894531
1994-09-23 00:00:00+00:00,87.58000183105469
1994-09-26 00:00:00+00:00,87.98999786376953
1994-09-27 00:00:00+00:00,87.44999694824219
1994-09-28 00:00:00+00:00,87.8499984741211
1994-09-29 00:00:00+00:00,87.62999725341797
1994-09-30 00:00:00+00:00,87.87999725341797
1994-10-03 00:00:00+00:00,88.0199966430664
1994-10-04 00:00:00+00:00,87.72000122070312
1994-10-05 00:00:00+00:00,87.62999725341797
1994-10-06 00:00:00+00:00,87.6500015258789
1994-10-07 00:00:00+00:00,87.9000015258789
1994-10-10 00:00:00+00:00,87.81999969482422
1994-10-11 00:00:00+00:00,87.9000015258789
1994-10-12 00:00:00+00:00,87.66000366210938
1994-10-13 00:00:00+00:00,87.4000015258789
1994-10-14 00:00:00+00:00,86.73999786376953
1994-10-17 00:00:00+00:00,85.77999877929688
1994-10-18 00:00:00+00:00,85.91000366210938
1994-10-19 00:00:00+00:00,85.70999908447266
1994-10-20 00:00:00+00:00,85.3499984741211
1994-10-21 00:00:00+00:00,85.62999725341797
1994-10-24 00:00:00+00:00,85.31999969482422
1994-10-25 00:00:00+00:00,85.22000122070312
1994-10-26 00:00:00+00:00,85.16999816894531
1994-10-27 00:00:00+00:00,85.4000015258789
1994-10-28 00:00:00+00:00,85.98999786376953
1994-10-31 00:00:00+00:00,85.69000244140625
1994-11-01 00:00:00+00:00,85.5
1994-11-02 00:00:00+00:00,86.37999725341797
1994-11-03 00:00:00+00:00,86.58000183105469
1994-11-04 00:00:00+00:00,86.5
1994-11-07 00:00:00+00:00,86.4800033569336
1994-11-08 00:00:00+00:00,86.16999816894531
1994-11-09 00:00:00+00:00,87.05999755859375
1994-11-10 00:00:00+00:00,87.13999938964844
1994-11-11 00:00:00+00:00,87.08999633789062
1994-11-14 00:00:00+00:00,87.75
1994-11-15 00:00:00+00:00,88.2699966430664
1994-11-16 00:00:00+00:00,88.12999725341797
1994-11-17 00:00:00+00:00,88.0199966430664
1994-11-18 00:00:00+00:00,88.36000061035156
1994-11-21 00:00:00+00:00,88.43000030517578
1994-11-22 00:00:00+00:00,88.56999969482422
1994-11-23 00:00:00+00:00,88.41999816894531
1994-11-24 00:00:00+00:00,88.66000366210938
1994-11-25 00:00:00+00:00,88.75
1994-11-28 00:00:00+00:00,88.97000122070312
1994-11-29 00:00:00+00:00,89.19000244140625
1994-11-30 00:00:00+00:00,89.12999725341797
1994-12-01 00:00:00+00:00,89.25
1994-12-02 00:00:00+00:00,89.55999755859375
1994-12-05 00:00:00+00:00,89.38999938964844
1994-12-06 00:00:00+00:00,89.33999633789062
1994-12-07 00:00:00+00:00,89.20999908447266
1994-12-08 00:00:00+00:00,89.6500015258789
1994-12-09 00:00:00+00:00,89.5999984741211
1994-12-12 00:00:00+00:00,89.54000091552734
1994-12-13 00:00:00+00:00,89.52999877929688
1994-12-14 00:00:00+00:00,89.48999786376953
1994-12-15 00:00:00+00:00,89.5199966430664
1994-12-16 00:00:00+00:00,89.58999633789062
1994-12-19 00:00:00+00:00,89.69999694824219
1994-12-20 00:00:00+00:00,89.62000274658203
1994-12-21 00:00:00+00:00,90.0199966430664
1994-12-22 00:00:00+00:00,89.91000366210938
1994-12-23 00:00:00+00:00,89.95999908447266
1994-12-26 00:00:00+00:00,89.95999908447266
1994-12-27 00:00:00+00:00,89.87000274658203
1994-12-28 00:00:00+00:00,88.5
1994-12-29 00:00:00+00:00,89.0199966430664
1994-12-30 00:00:00+00:00,88.7300033569336
1995-01-02 00:00:00+00:00,88.7300033569336
1995-01-03 00:00:00+00:00,89.11000061035156
1995-01-04 00:00:00+00:00,89.30999755859375
1995-01-05 00:00:00+00:00,88.9800033569336
1995-01-06 00:00:00+00:00,89.61000061035156
1995-01-09 00:00:00+00:00,88.41000366210938
1995-01-10 00:00:00+00:00,88.43000030517578
1995-01-11 00:00:00+00:00,88.41999816894531
1995-01-12 00:00:00+00:00,88.0999984741211
1995-01-13 00:00:00+00:00,88.13999938964844
1995-01-16 00:00:00+00:00,88.0199966430664
1995-01-17 00:00:00+00:00,88.30000305175781
1995-01-18 00:00:00+00:00,88.44999694824219
1995-01-19 00:00:00+00:00,87.54000091552734
1995-01-20 00:00:00+00:00,87.44999694824219
1995-01-23 00:00:00+00:00,87.37999725341797
1995-01-24 00:00:00+00:00,87.41000366210938
1995-01-25 00:00:00+00:00,87.62999725341797
1995-01-26 00:00:00+00:00,87.62000274658203
1995-01-27 00:00:00+00:00,87.62000274658203
1995-01-30 00:00:00+00:00,87.0999984741211
1995-01-31 00:00:00+00:00,87.98999786376953
1995-02-01 00:00:00+00:00,87.77999877929688
1995-02-02 00:00:00+00:00,87.69000244140625
1995-02-03 00:00:00+00:00,88.19000244140625
1995-02-06 00:00:00+00:00,88.19000244140625
1995-02-07 00:00:00+00:00,88.43000030517578
1995-02-08 00:00:00+00:00,88.20999908447266
1995-02-09 00:00:00+00:00,88.12000274658203
1995-02-10 00:00:00+00:00,87.76000213623047
1995-02-13 00:00:00+00:00,87.77999877929688
1995-02-14 00:00:00+00:00,87.33999633789062
1995-02-15 00:00:00+00:00,87.4000015258789
1995-02-16 00:00:00+00:00,86.61000061035156
1995-02-17 00:00:00+00:00,86.43000030517578
1995-02-20 00:00:00+00:00,86.43000030517578
1995-02-21 00:00:00+00:00,86.11000061035156
1995-02-22 00:00:00+00:00,85.94000244140625
1995-02-23 00:00:00+00:00,85.77999877929688
1995-02-24 00:00:00+00:00,85.83000183105469
1995-02-27 00:00:00+00:00,86.19999694824219
1995-02-28 00:00:00+00:00,85.93000030517578
1995-03-01 00:00:00+00:00,85.9800033569336
1995-03-02 00:00:00+00:00,85.05000305175781
1995-03-03 00:00:00+00:00,84.37000274658203
1995-03-06 00:00:00+00:00,83.48999786376953
1995-03-07 00:00:00+00:00,81.91000366210938
1995-03-08 00:00:00+00:00,83.25
1995-03-09 00:00:00+00:00,83.0199966430664
1995-03-10 00:00:00+00:00,84.2300033569336
1995-03-13 00:00:00+00:00,83.79000091552734
1995-03-14 00:00:00+00:00,84.05999755859375
1995-03-15 00:00:00+00:00,83.11000061035156
1995-03-16 00:00:00+00:00,83.4800033569336
1995-03-17 00:00:00+00:00,83.29000091552734
1995-03-20 00:00:00+00:00,83.75
1995-03-21 00:00:00+00:00,83.61000061035156
1995-03-22 00:00:00+00:00,83.43000030517578
1995-03-23 00:00:00+00:00,83.38999938964844
1995-03-24 00:00:00+00:00,83.87000274658203
1995-03-27 00:00:00+00:00,83.44999694824219
1995-03-28 00:00:00+00:00,82.7300033569336
1995-03-29 00:00:00+00:00,82.47000122070312
1995-03-30 00:00:00+00:00,83.61000061035156
1995-03-31 00:00:00+00:00,81.9000015258789
1995-04-03 00:00:00+00:00,81.87999725341797
1995-04-04 00:00:00+00:00,82.04000091552734
1995-04-05 00:00:00+00:00,81.63999938964844
1995-04-06 00:00:00+00:00,81.72000122070312
1995-04-07 00:00:00+00:00,81.44000244140625
1995-04-10 00:00:00+00:00,82.6500015258789
1995-04-11 00:00:00+00:00,82.4000015258789
1995-04-12 00:00:00+00:00,82.37000274658203
1995-04-13 00:00:00+00:00,81.73999786376953
1995-04-14 00:00:00+00:00,81.73999786376953
1995-04-17 00:00:00+00:00,80.83999633789062
1995-04-18 00:00:00+00:00,80.2699966430664
1995-04-19 00:00:00+00:00,81.22000122070312
1995-04-20 00:00:00+00:00,81.97000122070312
1995-04-21 00:00:00+00:00,81.37999725341797
1995-04-24 00:00:00+00:00,81.61000061035156
1995-04-25 00:00:00+00:00,80.95999908447266
1995-04-26 00:00:00+00:00,81.33000183105469
1995-04-27 00:00:00+00:00,81.4000015258789
1995-04-28 00:00:00+00:00,81.80000305175781
1995-05-01 00:00:00+00:00,81.75
1995-05-02 00:00:00+00:00,81.41000366210938
1995-05-03 00:00:00+00:00,81.27999877929688
1995-05-04 00:00:00+00:00,81.2699966430664
1995-05-05 00:00:00+00:00,81.30000305175781
1995-05-08 00:00:00+00:00,80.80000305175781
1995-05-09 00:00:00+00:00,81.31999969482422
1995-05-10 00:00:00+00:00,81.55000305175781
1995-05-11 00:00:00+00:00,83.43000030517578
1995-05-12 00:00:00+00:00,84.04000091552734
1995-05-15 00:00:00+00:00,83.70999908447266
1995-05-16 00:00:00+00:00,83.86000061035156
1995-05-17 00:00:00+00:00,84.16999816894531
1995-05-18 00:00:00+00:00,84.01000213623047
1995-05-19 00:00:00+00:00,84.23999786376953
1995-05-22 00:00:00+00:00,84.1500015258789
1995-05-23 00:00:00+00:00,84.43000030517578
1995-05-24 00:00:00+00:00,84.11000061035156
1995-05-25 00:00:00+00:00,82.20999908447266
1995-05-26 00:00:00+00:00,81.0999984741211
1995-05-29 00:00:00+00:00,81.0999984741211
1995-05-30 00:00:00+00:00,81.4800033569336
1995-05-31 00:00:00+00:00,82.56999969482422
1995-06-01 00:00:00+00:00,82.54000091552734
1995-06-02 00:00:00+00:00,82.52999877929688
1995-06-05 00:00:00+00:00,82.37999725341797
1995-06-06 00:00:00+00:00,82.55000305175781
1995-06-07 00:00:00+00:00,82.4000015258789
1995-06-08 00:00:00+00:00,82.30999755859375
1995-06-09 00:00:00+00:00,82.18000030517578
1995-06-12 00:00:00+00:00,82.29000091552734
1995-06-13 00:00:00+00:00,82.4800033569336
1995-06-14 00:00:00+00:00,82.01000213623047
1995-06-15 00:00:00+00:00,82.41000366210938
1995-06-16 00:00:00+00:00,82.12000274658203
1995-06-19 00:00:00+00:00,82.16999816894531
1995-06-20 00:00:00+00:00,81.80000305175781
1995-06-21 00:00:00+00:00,81.5
1995-06-22 00:00:00+00:00,82.04000091552734
1995-06-23 00:00:00+00:00,81.43000030517578
1995-06-26 00:00:00+00:00,81.70999908447266
1995-06-27 00:00:00+00:00,81.55999755859375
1995-06-28 00:00:00+00:00,82.30000305175781
1995-06-29 00:00:00+00:00,81.45999908447266
1995-06-30 00:00:00+00:00,81.58000183105469
1995-07-03 00:00:00+00:00,81.56999969482422
1995-07-04 00:00:00+00:00,81.45999908447266
1995-07-05 00:00:00+00:00,81.37999725341797
1995-07-06 00:00:00+00:00,81.33000183105469
1995-07-07 00:00:00+00:00,81.86000061035156
1995-07-10 00:00:00+00:00,81.88999938964844
1995-07-11 00:00:00+00:00,82.31999969482422
1995-07-12 00:00:00+00:00,82.29000091552734
1995-07-13 00:00:00+00:00,81.87000274658203
1995-07-14 00:00:00+00:00,81.91000366210938
1995-07-17 00:00:00+00:00,82.16000366210938
1995-07-18 00:00:00+00:00,81.87000274658203
1995-07-19 00:00:00+00:00,81.38999938964844
1995-07-20 00:00:00+00:00,81.66999816894531
1995-07-21 00:00:00+00:00,81.80000305175781
1995-07-24 00:00:00+00:00,81.63999938964844
1995-07-25 00:00:00+00:00,81.9000015258789
1995-07-26 00:00:00+00:00,81.58000183105469
1995-07-27 00:00:00+00:00,81.48999786376953
1995-07-28 00:00:00+00:00,81.41000366210938
1995-07-31 00:00:00+00:00,81.56999969482422
1995-08-01 00:00:00+00:00,81.16000366210938
1995-08-02 00:00:00+00:00,82.22000122070312
1995-08-03 00:00:00+00:00,81.88999938964844
1995-08-04 00:00:00+00:00,82.08000183105469
1995-08-07 00:00:00+00:00,82.55999755859375
1995-08-08 00:00:00+00:00,82.63999938964844
1995-08-09 00:00:00+00:00,82.63999938964844
1995-08-10 00:00:00+00:00,83.16000366210938
1995-08-11 00:00:00+00:00,84.08999633789062
1995-08-14 00:00:00+00:00,84.0199966430664
1995-08-15 00:00:00+00:00,85.91000366210938
1995-08-16 00:00:00+00:00,86.12000274658203
1995-08-17 00:00:00+00:00,85.81999969482422
1995-08-18 00:00:00+00:00,85.95999908447266
1995-08-21 00:00:00+00:00,85.9800033569336
1995-08-22 00:00:00+00:00,86.23999786376953
1995-08-23 00:00:00+00:00,86.06999969482422
1995-08-24 00:00:00+00:00,85.80000305175781
1995-08-25 00:00:00+00:00,85.70999908447266
1995-08-28 00:00:00+00:00,85.51000213623047
1995-08-29 00:00:00+00:00,86.05000305175781
1995-08-30 00:00:00+00:00,86.05000305175781
1995-08-31 00:00:00+00:00,85.56999969482422
1995-09-01 00:00:00+00:00,85.47000122070312
1995-09-04 00:00:00+00:00,85.56999969482422
1995-09-05 00:00:00+00:00,85.48999786376953
1995-09-06 00:00:00+00:00,86.08999633789062
1995-09-07 00:00:00+00:00,86.12000274658203
1995-09-08 00:00:00+00:00,86.01000213623047
1995-09-11 00:00:00+00:00,85.98999786376953
1995-09-12 00:00:00+00:00,86.0
1995-09-13 00:00:00+00:00,87.05000305175781
1995-09-14 00:00:00+00:00,86.79000091552734
1995-09-15 00:00:00+00:00,86.97000122070312
1995-09-18 00:00:00+00:00,86.61000061035156
1995-09-19 00:00:00+00:00,86.98999786376953
1995-09-20 00:00:00+00:00,85.95999908447266
1995-09-21 00:00:00+00:00,83.69999694824219
1995-09-22 00:00:00+00:00,84.2699966430664
1995-09-25 00:00:00+00:00,84.55000305175781
1995-09-26 00:00:00+00:00,84.69999694824219
1995-09-27 00:00:00+00:00,84.2300033569336
1995-09-28 00:00:00+00:00,84.05000305175781
1995-09-29 00:00:00+00:00,84.29000091552734
1995-10-02 00:00:00+00:00,84.29000091552734
1995-10-03 00:00:00+00:00,84.56999969482422
1995-10-04 00:00:00+00:00,84.51000213623047
1995-10-05 00:00:00+00:00,83.91000366210938
1995-10-06 00:00:00+00:00,84.27999877929688
1995-10-09 00:00:00+00:00,83.9800033569336
1995-10-10 00:00:00+00:00,84.16999816894531
1995-10-11 00:00:00+00:00,84.44000244140625
1995-10-12 00:00:00+00:00,84.05000305175781
1995-10-13 00:00:00+00:00,84.41999816894531
1995-10-16 00:00:00+00:00,84.16999816894531
1995-10-17 00:00:00+00:00,83.91999816894531
1995-10-18 00:00:00+00:00,84.33000183105469
1995-10-19 00:00:00+00:00,83.76000213623047
1995-10-20 00:00:00+00:00,83.51000213623047
1995-10-23 00:00:00+00:00,83.19999694824219
1995-10-24 00:00:00+00:00,83.37999725341797
1995-10-25 00:00:00+00:00,83.44000244140625
1995-10-26 00:00:00+00:00,83.27999877929688
1995-10-27 00:00:00+00:00,83.77999877929688
1995-10-30 00:00:00+00:00,83.83000183105469
1995-10-31 00:00:00+00:00,83.66000366210938
1995-11-01 00:00:00+00:00,84.02999877929688
1995-11-02 00:00:00+00:00,84.30000305175781
1995-11-03 00:00:00+00:00,84.12000274658203
1995-11-06 00:00:00+00:00,84.05000305175781
1995-11-07 00:00:00+00:00,84.11000061035156
1995-11-08 00:00:00+00:00,84.11000061035156
1995-11-09 00:00:00+00:00,83.4800033569336
1995-11-10 00:00:00+00:00,83.83999633789062
1995-11-13 00:00:00+00:00,84.16000366210938
1995-11-14 00:00:00+00:00,83.98999786376953
1995-11-15 00:00:00+00:00,83.62999725341797
1995-11-16 00:00:00+00:00,83.83000183105469
1995-11-17 00:00:00+00:00,83.7699966430664
1995-11-20 00:00:00+00:00,83.61000061035156
1995-11-21 00:00:00+00:00,83.68000030517578
1995-11-22 00:00:00+00:00,83.54000091552734
1995-11-23 00:00:00+00:00,83.6500015258789
1995-11-24 00:00:00+00:00,83.9800033569336
1995-11-27 00:00:00+00:00,84.54000091552734
1995-11-28 00:00:00+00:00,84.5
1995-11-29 00:00:00+00:00,84.79000091552734
1995-11-30 00:00:00+00:00,85.26000213623047
1995-12-01 00:00:00+00:00,85.16000366210938
1995-12-04 00:00:00+00:00,84.97000122070312
1995-12-05 00:00:00+00:00,84.62000274658203
1995-12-06 00:00:00+00:00,84.93000030517578
1995-12-07 00:00:00+00:00,85.25
1995-12-08 00:00:00+00:00,85.23999786376953
1995-12-11 00:00:00+00:00,85.20999908447266
1995-12-12 00:00:00+00:00,85.43000030517578
1995-12-13 00:00:00+00:00,85.47000122070312
1995-12-14 00:00:00+00:00,84.88999938964844
1995-12-15 00:00:00+00:00,85.12999725341797
1995-12-18 00:00:00+00:00,84.62999725341797
1995-12-19 00:00:00+00:00,85.05000305175781
1995-12-20 00:00:00+00:00,84.94999694824219
1995-12-21 00:00:00+00:00,84.77999877929688
1995-12-22 00:00:00+00:00,84.69999694824219
1995-12-25 00:00:00+00:00,84.69999694824219
1995-12-26 00:00:00+00:00,84.44000244140625
1995-12-27 00:00:00+00:00,84.58999633789062
1995-12-28 00:00:00+00:00,84.80000305175781
1995-12-29 00:00:00+00:00,84.76000213623047
1996-01-01 00:00:00+00:00,84.76000213623047
1996-01-02 00:00:00+00:00,84.69000244140625
1996-01-03 00:00:00+00:00,85.11000061035156
1996-01-04 00:00:00+00:00,85.22000122070312
1996-01-05 00:00:00+00:00,85.05999755859375
1996-01-08 00:00:00+00:00,85.04000091552734
1996-01-09 00:00:00+00:00,85.06999969482422
1996-01-10 00:00:00+00:00,84.91000366210938
1996-01-11 00:00:00+00:00,85.12999725341797
1996-01-12 00:00:00+00:00,85.05999755859375
1996-01-15 00:00:00+00:00,85.30999755859375
1996-01-16 00:00:00+00:00,85.98999786376953
1996-01-17 00:00:00+00:00,86.26000213623047
1996-01-18 00:00:00+00:00,86.44000244140625
1996-01-19 00:00:00+00:00,86.75
1996-01-22 00:00:00+00:00,86.7300033569336
1996-01-23 00:00:00+00:00,86.83000183105469
1996-01-24 00:00:00+00:00,87.19000244140625
1996-01-25 00:00:00+00:00,87.41999816894531
1996-01-26 00:00:00+00:00,87.63999938964844
1996-01-29 00:00:00+00:00,87.41000366210938
1996-01-30 00:00:00+00:00,87.58999633789062
1996-01-31 00:00:00+00:00,87.37999725341797
1996-02-01 00:00:00+00:00,87.18000030517578
1996-02-02 00:00:00+00:00,87.01000213623047
1996-02-05 00:00:00+00:00,86.2300033569336
1996-02-06 00:00:00+00:00,86.41000366210938
1996-02-07 00:00:00+00:00,86.6500015258789
1996-02-08 00:00:00+00:00,86.76000213623047
1996-02-09 00:00:00+00:00,86.87000274658203
1996-02-12 00:00:00+00:00,86.77999877929688
1996-02-13 00:00:00+00:00,86.7300033569336
1996-02-14 00:00:00+00:00,86.43000030517578
1996-02-15 00:00:00+00:00,86.44000244140625
1996-02-16 00:00:00+00:00,86.12000274658203
1996-02-19 00:00:00+00:00,85.51000213623047
1996-02-20 00:00:00+00:00,85.75
1996-02-21 00:00:00+00:00,85.66000366210938
1996-02-22 00:00:00+00:00,85.56999969482422
1996-02-23 00:00:00+00:00,85.44999694824219
1996-02-26 00:00:00+00:00,85.43000030517578
1996-02-27 00:00:00+00:00,85.41000366210938
1996-02-28 00:00:00+00:00,85.95999908447266
1996-02-29 00:00:00+00:00,86.29000091552734
1996-03-01 00:00:00+00:00,86.52999877929688
1996-03-04 00:00:00+00:00,86.44000244140625
1996-03-05 00:00:00+00:00,86.37999725341797
1996-03-06 00:00:00+00:00,86.47000122070312
1996-03-07 00:00:00+00:00,86.41000366210938
1996-03-08 00:00:00+00:00,86.9000015258789
1996-03-11 00:00:00+00:00,86.62000274658203
1996-03-12 00:00:00+00:00,86.33000183105469
1996-03-13 00:00:00+00:00,86.26000213623047
1996-03-14 00:00:00+00:00,86.33999633789062
1996-03-15 00:00:00+00:00,86.2699966430664
1996-03-18 00:00:00+00:00,86.30000305175781
1996-03-19 00:00:00+00:00,86.25
1996-03-20 00:00:00+00:00,86.19000244140625
1996-03-21 00:00:00+00:00,86.51000213623047
1996-03-22 00:00:00+00:00,86.47000122070312
1996-03-25 00:00:00+00:00,86.44999694824219
1996-03-26 00:00:00+00:00,86.55000305175781
1996-03-27 00:00:00+00:00,86.79000091552734
1996-03-28 00:00:00+00:00,86.31999969482422
1996-03-29 00:00:00+00:00,86.5199966430664
1996-04-01 00:00:00+00:00,86.70999908447266
1996-04-02 00:00:00+00:00,86.68000030517578
1996-04-03 00:00:00+00:00,86.5199966430664
1996-04-04 00:00:00+00:00,86.45999908447266
1996-04-05 00:00:00+00:00,86.45999908447266
1996-04-08 00:00:00+00:00,86.55000305175781
1996-04-09 00:00:00+00:00,87.30000305175781
1996-04-10 00:00:00+00:00,87.33000183105469
1996-04-11 00:00:00+00:00,87.44999694824219
1996-04-12 00:00:00+00:00,87.52999877929688
1996-04-15 00:00:00+00:00,87.9000015258789
1996-04-16 00:00:00+00:00,87.7699966430664
1996-04-17 00:00:00+00:00,87.66999816894531
1996-04-18 00:00:00+00:00,87.23999786376953
1996-04-19 00:00:00+00:00,87.4800033569336
1996-04-22 00:00:00+00:00,87.63999938964844
1996-04-23 00:00:00+00:00,87.69999694824219
1996-04-24 00:00:00+00:00,87.72000122070312
1996-04-25 00:00:00+00:00,88.2300033569336
1996-04-26 00:00:00+00:00,87.9000015258789
1996-04-29 00:00:00+00:00,87.81999969482422
1996-04-30 00:00:00+00:00,88.0199966430664
1996-05-01 00:00:00+00:00,88.33000183105469
1996-05-02 00:00:00+00:00,87.94999694824219
1996-05-03 00:00:00+00:00,87.8499984741211
1996-05-06 00:00:00+00:00,87.80999755859375
1996-05-07 00:00:00+00:00,87.80999755859375
1996-05-08 00:00:00+00:00,87.54000091552734
1996-05-09 00:00:00+00:00,87.55999755859375
1996-05-10 00:00:00+00:00,87.91999816894531
1996-05-13 00:00:00+00:00,88.02999877929688
1996-05-14 00:00:00+00:00,88.16999816894531
1996-05-15 00:00:00+00:00,88.25
1996-05-16 00:00:00+00:00,88.23999786376953
1996-05-17 00:00:00+00:00,88.23999786376953
1996-05-20 00:00:00+00:00,88.33999633789062
1996-05-21 00:00:00+00:00,88.69999694824219
1996-05-22 00:00:00+00:00,88.69999694824219
1996-05-23 00:00:00+00:00,88.62999725341797
1996-05-24 00:00:00+00:00,88.83000183105469
1996-05-27 00:00:00+00:00,88.83000183105469
1996-05-28 00:00:00+00:00,89.0
1996-05-29 00:00:00+00:00,88.33999633789062
1996-05-30 00:00:00+00:00,88.25
1996-05-31 00:00:00+00:00,87.77999877929688
1996-06-03 00:00:00+00:00,87.95999908447266
1996-06-04 00:00:00+00:00,88.05000305175781
1996-06-05 00:00:00+00:00,88.1500015258789
1996-06-06 00:00:00+00:00,88.1500015258789
1996-06-07 00:00:00+00:00,88.41999816894531
1996-06-10 00:00:00+00:00,88.4000015258789
1996-06-11 00:00:00+00:00,88.41000366210938
1996-06-12 00:00:00+00:00,88.37000274658203
1996-06-13 00:00:00+00:00,88.11000061035156
1996-06-14 00:00:00+00:00,88.13999938964844
1996-06-17 00:00:00+00:00,87.83999633789062
1996-06-18 00:00:00+00:00,87.36000061035156
1996-06-19 00:00:00+00:00,87.66000366210938
1996-06-20 00:00:00+00:00,87.81999969482422
1996-06-21 00:00:00+00:00,88.30000305175781
1996-06-24 00:00:00+00:00,88.08999633789062
1996-06-25 00:00:00+00:00,88.05000305175781
1996-06-26 00:00:00+00:00,87.91999816894531
1996-06-27 00:00:00+00:00,87.61000061035156
1996-06-28 00:00:00+00:00,87.81999969482422
1996-07-01 00:00:00+00:00,87.77999877929688
1996-07-02 00:00:00+00:00,87.93000030517578
1996-07-03 00:00:00+00:00,87.72000122070312
1996-07-04 00:00:00+00:00,87.75
1996-07-05 00:00:00+00:00,88.12000274658203
1996-07-08 00:00:00+00:00,88.08999633789062
1996-07-09 00:00:00+00:00,88.05999755859375
1996-07-10 00:00:00+00:00,88.05000305175781
1996-07-11 00:00:00+00:00,87.9000015258789
1996-07-12 00:00:00+00:00,88.06999969482422
1996-07-15 00:00:00+00:00,87.80999755859375
1996-07-16 00:00:00+00:00,86.43000030517578
1996-07-17 00:00:00+00:00,86.55999755859375
1996-07-18 00:00:00+00:00,86.7300033569336
1996-07-19 00:00:00+00:00,86.4800033569336
1996-07-22 00:00:00+00:00,86.30999755859375
1996-07-23 00:00:00+00:00,86.5
1996-07-24 00:00:00+00:00,86.61000061035156
1996-07-25 00:00:00+00:00,86.20999908447266
1996-07-26 00:00:00+00:00,86.45999908447266
1996-07-29 00:00:00+00:00,86.33000183105469
1996-07-30 00:00:00+00:00,86.22000122070312
1996-07-31 00:00:00+00:00,85.9000015258789
1996-08-01 00:00:00+00:00,86.0999984741211
1996-08-02 00:00:00+00:00,86.0999984741211
1996-08-05 00:00:00+00:00,86.26000213623047
1996-08-06 00:00:00+00:00,86.45999908447266
1996-08-07 00:00:00+00:00,86.58999633789062
1996-08-08 00:00:00+00:00,86.54000091552734
1996-08-09 00:00:00+00:00,86.4000015258789
1996-08-12 00:00:00+00:00,86.36000061035156
1996-08-13 00:00:00+00:00,86.25
1996-08-14 00:00:00+00:00,86.66000366210938
1996-08-15 00:00:00+00:00,86.5999984741211
1996-08-16 00:00:00+00:00,86.75
1996-08-19 00:00:00+00:00,86.66000366210938
1996-08-20 00:00:00+00:00,86.69999694824219
1996-08-21 00:00:00+00:00,86.51000213623047
1996-08-22 00:00:00+00:00,86.72000122070312
1996-08-23 00:00:00+00:00,86.20999908447266
1996-08-26 00:00:00+00:00,86.19999694824219
1996-08-27 00:00:00+00:00,86.20999908447266
1996-08-28 00:00:00+00:00,86.20999908447266
1996-08-29 00:00:00+00:00,86.22000122070312
1996-08-30 00:00:00+00:00,86.36000061035156
1996-09-02 00:00:00+00:00,86.4800033569336
1996-09-03 00:00:00+00:00,86.54000091552734
1996-09-04 00:00:00+00:00,86.41999816894531
1996-09-05 00:00:00+00:00,86.61000061035156
1996-09-06 00:00:00+00:00,86.8499984741211
1996-09-09 00:00:00+00:00,87.0
1996-09-10 00:00:00+00:00,87.56999969482422
1996-09-11 00:00:00+00:00,87.5999984741211
1996-09-12 00:00:00+00:00,87.72000122070312
1996-09-13 00:00:00+00:00,87.70999908447266
1996-09-16 00:00:00+00:00,87.51000213623047
1996-09-17 00:00:00+00:00,87.5999984741211
1996-09-18 00:00:00+00:00,87.3499984741211
1996-09-19 00:00:00+00:00,87.55000305175781
1996-09-20 00:00:00+00:00,87.56999969482422
1996-09-23 00:00:00+00:00,87.43000030517578
1996-09-24 00:00:00+00:00,87.30000305175781
1996-09-25 00:00:00+00:00,87.55999755859375
1996-09-26 00:00:00+00:00,87.81999969482422
1996-09-27 00:00:00+00:00,87.83999633789062
1996-09-30 00:00:00+00:00,87.94000244140625
1996-10-01 00:00:00+00:00,87.94000244140625
1996-10-02 00:00:00+00:00,88.16999816894531
1996-10-03 00:00:00+00:00,88.05999755859375
1996-10-04 00:00:00+00:00,88.12000274658203
1996-10-07 00:00:00+00:00,87.97000122070312
1996-10-08 00:00:00+00:00,87.88999938964844
1996-10-09 00:00:00+00:00,87.97000122070312
1996-10-10 00:00:00+00:00,87.87000274658203
1996-10-11 00:00:00+00:00,87.94999694824219
1996-10-14 00:00:00+00:00,87.87000274658203
1996-10-15 00:00:00+00:00,88.30999755859375
1996-10-16 00:00:00+00:00,88.3499984741211
1996-10-17 00:00:00+00:00,88.47000122070312
1996-10-18 00:00:00+00:00,88.38999938964844
1996-10-21 00:00:00+00:00,88.12999725341797
1996-10-22 00:00:00+00:00,87.6500015258789
1996-10-23 00:00:00+00:00,87.66999816894531
1996-10-24 00:00:00+00:00,87.66999816894531
1996-10-25 00:00:00+00:00,87.62999725341797
1996-10-28 00:00:00+00:00,87.62000274658203
1996-10-29 00:00:00+00:00,87.33999633789062
1996-10-30 00:00:00+00:00,87.11000061035156
1996-10-31 00:00:00+00:00,87.43000030517578
1996-11-01 00:00:00+00:00,87.18000030517578
1996-11-04 00:00:00+00:00,87.06999969482422
1996-11-05 00:00:00+00:00,87.33999633789062
1996-11-06 00:00:00+00:00,87.30999755859375
1996-11-07 00:00:00+00:00,86.94999694824219
1996-11-08 00:00:00+00:00,86.62999725341797
1996-11-11 00:00:00+00:00,86.29000091552734
1996-11-12 00:00:00+00:00,86.80999755859375
1996-11-13 00:00:00+00:00,86.62999725341797
1996-11-14 00:00:00+00:00,86.68000030517578
1996-11-15 00:00:00+00:00,86.69999694824219
1996-11-18 00:00:00+00:00,86.45999908447266
1996-11-19 00:00:00+00:00,86.54000091552734
1996-11-20 00:00:00+00:00,86.18000030517578
1996-11-21 00:00:00+00:00,86.13999938964844
1996-11-22 00:00:00+00:00,86.55999755859375
1996-11-25 00:00:00+00:00,87.26000213623047
1996-11-26 00:00:00+00:00,87.3499984741211
1996-11-27 00:00:00+00:00,87.51000213623047
1996-11-28 00:00:00+00:00,87.62000274658203
1996-11-29 00:00:00+00:00,87.91999816894531
1996-12-02 00:00:00+00:00,88.5999984741211
1996-12-03 00:00:00+00:00,88.69000244140625
1996-12-04 00:00:00+00:00,88.80999755859375
1996-12-05 00:00:00+00:00,88.52999877929688
1996-12-06 00:00:00+00:00,88.4800033569336
1996-12-09 00:00:00+00:00,88.77999877929688
1996-12-10 00:00:00+00:00,88.66999816894531
1996-12-11 00:00:00+00:00,88.11000061035156
1996-12-12 00:00:00+00:00,88.25
1996-12-13 00:00:00+00:00,88.72000122070312
1996-12-16 00:00:00+00:00,88.47000122070312
1996-12-17 00:00:00+00:00,88.4800033569336
1996-12-18 00:00:00+00:00,88.5999984741211
1996-12-19 00:00:00+00:00,88.83000183105469
1996-12-20 00:00:00+00:00,88.66999816894531
1996-12-23 00:00:00+00:00,88.69999694824219
1996-12-24 00:00:00+00:00,88.80999755859375
1996-12-25 00:00:00+00:00,88.80999755859375
1996-12-26 00:00:00+00:00,88.77999877929688
1996-12-27 00:00:00+00:00,88.76000213623047
1996-12-30 00:00:00+00:00,88.86000061035156
1996-12-31 00:00:00+00:00,88.18000030517578
1997-01-01 00:00:00+00:00,88.18000030517578
1997-01-02 00:00:00+00:00,88.36000061035156
1997-01-03 00:00:00+00:00,89.30000305175781
1997-01-06 00:00:00+00:00,89.11000061035156
1997-01-07 00:00:00+00:00,89.0199966430664
1997-01-08 00:00:00+00:00,89.45999908447266
1997-01-09 00:00:00+00:00,89.5
1997-01-10 00:00:00+00:00,89.77999877929688
1997-01-13 00:00:00+00:00,89.94999694824219
1997-01-14 00:00:00+00:00,90.31999969482422
1997-01-15 00:00:00+00:00,89.91000366210938
1997-01-16 00:00:00+00:00,90.0999984741211
1997-01-17 00:00:00+00:00,90.86000061035156
1997-01-20 00:00:00+00:00,91.55000305175781
1997-01-21 00:00:00+00:00,91.62000274658203
1997-01-22 00:00:00+00:00,92.47000122070312
1997-01-23 00:00:00+00:00,92.55999755859375
1997-01-24 00:00:00+00:00,92.12000274658203
1997-01-27 00:00:00+00:00,92.7699966430664
1997-01-28 00:00:00+00:00,93.16000366210938
1997-01-29 00:00:00+00:00,93.0199966430664
1997-01-30 00:00:00+00:00,92.83000183105469
1997-01-31 00:00:00+00:00,93.04000091552734
1997-02-03 00:00:00+00:00,93.08999633789062
1997-02-04 00:00:00+00:00,93.23999786376953
1997-02-05 00:00:00+00:00,93.31999969482422
1997-02-06 00:00:00+00:00,93.47000122070312
1997-02-07 00:00:00+00:00,93.68000030517578
1997-02-10 00:00:00+00:00,93.5199966430664
1997-02-11 00:00:00+00:00,94.25
1997-02-12 00:00:00+00:00,94.70999908447266
1997-02-13 00:00:00+00:00,94.80000305175781
1997-02-14 00:00:00+00:00,94.91000366210938
1997-02-17 00:00:00+00:00,95.23999786376953
1997-02-18 00:00:00+00:00,95.08999633789062
1997-02-19 00:00:00+00:00,95.52999877929688
1997-02-20 00:00:00+00:00,94.91000366210938
1997-02-21 00:00:00+00:00,95.04000091552734
1997-02-24 00:00:00+00:00,94.29000091552734
1997-02-25 00:00:00+00:00,94.26000213623047
1997-02-26 00:00:00+00:00,94.94000244140625
1997-02-27 00:00:00+00:00,94.87000274658203
1997-02-28 00:00:00+00:00,94.88999938964844
1997-03-03 00:00:00+00:00,95.38999938964844
1997-03-04 00:00:00+00:00,96.08000183105469
1997-03-05 00:00:00+00:00,95.91999816894531
1997-03-06 00:00:00+00:00,95.9000015258789
1997-03-07 00:00:00+00:00,96.12000274658203
1997-03-10 00:00:00+00:00,95.58000183105469
1997-03-11 00:00:00+00:00,95.66999816894531
1997-03-12 00:00:00+00:00,95.41999816894531
1997-03-13 00:00:00+00:00,96.0199966430664
1997-03-14 00:00:00+00:00,95.58000183105469
1997-03-17 00:00:00+00:00,95.68000030517578
1997-03-18 00:00:00+00:00,94.9800033569336
1997-03-19 00:00:00+00:00,95.19999694824219
1997-03-20 00:00:00+00:00,95.69999694824219
1997-03-21 00:00:00+00:00,95.27999877929688
1997-03-24 00:00:00+00:00,95.25
1997-03-25 00:00:00+00:00,95.4800033569336
1997-03-26 00:00:00+00:00,95.33000183105469
1997-03-27 00:00:00+00:00,94.69000244140625
1997-03-28 00:00:00+00:00,94.69000244140625
1997-03-31 00:00:00+00:00,94.72000122070312
1997-04-01 00:00:00+00:00,94.08999633789062
1997-04-02 00:00:00+00:00,94.75
1997-04-03 00:00:00+00:00,94.30000305175781
1997-04-04 00:00:00+00:00,95.12000274658203
1997-04-07 00:00:00+00:00,96.1500015258789
1997-04-08 00:00:00+00:00,96.3499984741211
1997-04-09 00:00:00+00:00,96.91999816894531
1997-04-10 00:00:00+00:00,96.54000091552734
1997-04-11 00:00:00+00:00,96.56999969482422
1997-04-14 00:00:00+00:00,96.94000244140625
1997-04-15 00:00:00+00:00,96.72000122070312
1997-04-16 00:00:00+00:00,96.8499984741211
1997-04-17 00:00:00+00:00,96.69999694824219
1997-04-18 00:00:00+00:00,96.29000091552734
1997-04-21 00:00:00+00:00,95.80000305175781
1997-04-22 00:00:00+00:00,96.5199966430664
1997-04-23 00:00:00+00:00,96.44000244140625
1997-04-24 00:00:00+00:00,96.5
1997-04-25 00:00:00+00:00,97.04000091552734
1997-04-28 00:00:00+00:00,97.30999755859375
1997-04-29 00:00:00+00:00,96.91000366210938
1997-04-30 00:00:00+00:00,97.18000030517578
1997-05-01 00:00:00+00:00,96.80999755859375
1997-05-02 00:00:00+00:00,97.04000091552734
1997-05-05 00:00:00+00:00,97.16000366210938
1997-05-06 00:00:00+00:00,96.51000213623047
1997-05-07 00:00:00+00:00,96.51000213623047
1997-05-08 00:00:00+00:00,95.94000244140625
1997-05-09 00:00:00+00:00,94.9000015258789
1997-05-12 00:00:00+00:00,95.45999908447266
1997-05-13 00:00:00+00:00,94.87999725341797
1997-05-14 00:00:00+00:00,94.5
1997-05-15 00:00:00+00:00,94.37999725341797
1997-05-16 00:00:00+00:00,94.26000213623047
1997-05-19 00:00:00+00:00,94.68000030517578
1997-05-20 00:00:00+00:00,93.26000213623047
1997-05-21 00:00:00+00:00,94.01000213623047
1997-05-22 00:00:00+00:00,94.36000061035156
1997-05-23 00:00:00+00:00,94.23999786376953
1997-05-26 00:00:00+00:00,94.23999786376953
1997-05-27 00:00:00+00:00,94.97000122070312
1997-05-28 00:00:00+00:00,94.55999755859375
1997-05-29 00:00:00+00:00,94.6500015258789
1997-05-30 00:00:00+00:00,94.8499984741211
1997-06-02 00:00:00+00:00,95.7300033569336
1997-06-03 00:00:00+00:00,95.5199966430664
1997-06-04 00:00:00+00:00,95.7300033569336
1997-06-05 00:00:00+00:00,95.58000183105469
1997-06-06 00:00:00+00:00,95.5199966430664
1997-06-09 00:00:00+00:00,94.69999694824219
1997-06-10 00:00:00+00:00,94.9800033569336
1997-06-11 00:00:00+00:00,94.69999694824219
1997-06-12 00:00:00+00:00,95.4800033569336
1997-06-13 00:00:00+00:00,95.79000091552734
1997-06-16 00:00:00+00:00,95.43000030517578
1997-06-17 00:00:00+00:00,95.41000366210938
1997-06-18 00:00:00+00:00,95.51000213623047
1997-06-19 00:00:00+00:00,95.06999969482422
1997-06-20 00:00:00+00:00,95.30000305175781
1997-06-23 00:00:00+00:00,94.88999938964844
1997-06-24 00:00:00+00:00,95.18000030517578
1997-06-25 00:00:00+00:00,95.0199966430664
1997-06-26 00:00:00+00:00,94.94000244140625
1997-06-27 00:00:00+00:00,95.55000305175781
1997-06-30 00:00:00+00:00,95.66999816894531
1997-07-01 00:00:00+00:00,95.8499984741211
1997-07-02 00:00:00+00:00,95.86000061035156
1997-07-03 00:00:00+00:00,95.56999969482422
1997-07-04 00:00:00+00:00,95.73999786376953
1997-07-07 00:00:00+00:00,95.48999786376953
1997-07-08 00:00:00+00:00,95.83999633789062
1997-07-09 00:00:00+00:00,95.8499984741211
1997-07-10 00:00:00+00:00,95.58000183105469
1997-07-11 00:00:00+00:00,96.31999969482422
1997-07-14 00:00:00+00:00,97.1500015258789
1997-07-15 00:00:00+00:00,97.26000213623047
1997-07-16 00:00:00+00:00,97.2300033569336
1997-07-17 00:00:00+00:00,97.47000122070312
1997-07-18 00:00:00+00:00,97.3499984741211
1997-07-21 00:00:00+00:00,97.44999694824219
1997-07-22 00:00:00+00:00,98.19000244140625
1997-07-23 00:00:00+00:00,98.4000015258789
1997-07-24 00:00:00+00:00,98.87000274658203
1997-07-25 00:00:00+00:00,99.12999725341797
1997-07-28 00:00:00+00:00,99.66000366210938
1997-07-29 00:00:00+00:00,99.62000274658203
1997-07-30 00:00:00+00:00,99.55999755859375
1997-07-31 00:00:00+00:00,99.63999938964844
1997-08-01 00:00:00+00:00,100.41999816894531
1997-08-04 00:00:00+00:00,100.61000061035156
1997-08-05 00:00:00+00:00,101.16999816894531
1997-08-06 00:00:00+00:00,101.38999938964844
1997-08-07 00:00:00+00:00,101.02999877929688
1997-08-08 00:00:00+00:00,99.80000305175781
1997-08-11 00:00:00+00:00,100.41000366210938
1997-08-12 00:00:00+00:00,100.76000213623047
1997-08-13 00:00:00+00:00,99.66999816894531
1997-08-14 00:00:00+00:00,100.05000305175781
1997-08-15 00:00:00+00:00,99.33999633789062
1997-08-18 00:00:00+00:00,99.38999938964844
1997-08-19 00:00:00+00:00,99.88999938964844
1997-08-20 00:00:00+00:00,100.47000122070312
1997-08-21 00:00:00+00:00,99.81999969482422
1997-08-22 00:00:00+00:00,99.05999755859375
1997-08-25 00:00:00+00:00,99.26000213623047
1997-08-26 00:00:00+00:00,98.36000061035156
1997-08-27 00:00:00+00:00,98.5999984741211
1997-08-28 00:00:00+00:00,98.36000061035156
1997-08-29 00:00:00+00:00,99.0
1997-09-01 00:00:00+00:00,99.0
1997-09-02 00:00:00+00:00,100.06999969482422
1997-09-03 00:00:00+00:00,99.5999984741211
1997-09-04 00:00:00+00:00,99.47000122070312
1997-09-05 00:00:00+00:00,98.77999877929688
1997-09-08 00:00:00+00:00,99.06999969482422
1997-09-09 00:00:00+00:00,99.05000305175781
1997-09-10 00:00:00+00:00,98.70999908447266
1997-09-11 00:00:00+00:00,97.98999786376953
1997-09-12 00:00:00+00:00,97.7300033569336
1997-09-15 00:00:00+00:00,97.27999877929688
1997-09-16 00:00:00+00:00,97.68000030517578
1997-09-17 00:00:00+00:00,97.69999694824219
1997-09-18 00:00:00+00:00,97.98999786376953
1997-09-19 00:00:00+00:00,97.87000274658203
1997-09-22 00:00:00+00:00,98.43000030517578
1997-09-23 00:00:00+00:00,98.38999938964844
1997-09-24 00:00:00+00:00,97.48999786376953
1997-09-25 00:00:00+00:00,97.04000091552734
1997-09-26 00:00:00+00:00,97.25
1997-09-29 00:00:00+00:00,97.26000213623047
1997-09-30 00:00:00+00:00,97.11000061035156
1997-10-01 00:00:00+00:00,97.5999984741211
1997-10-02 00:00:00+00:00,97.63999938964844
1997-10-03 00:00:00+00:00,97.1500015258789
1997-10-06 00:00:00+00:00,97.12000274658203
1997-10-07 00:00:00+00:00,97.12999725341797
1997-10-08 00:00:00+00:00,96.69000244140625
1997-10-09 00:00:00+00:00,96.61000061035156
1997-10-10 00:00:00+00:00,96.66000366210938
1997-10-13 00:00:00+00:00,96.7699966430664
1997-10-14 00:00:00+00:00,96.94999694824219
1997-10-15 00:00:00+00:00,96.83000183105469
1997-10-16 00:00:00+00:00,96.48999786376953
1997-10-17 00:00:00+00:00,97.5199966430664
1997-10-20 00:00:00+00:00,97.48999786376953
1997-10-21 00:00:00+00:00,98.0999984741211
1997-10-22 00:00:00+00:00,97.9800033569336
1997-10-23 00:00:00+00:00,97.44000244140625
1997-10-24 00:00:00+00:00,97.7300033569336
1997-10-27 00:00:00+00:00,97.01000213623047
1997-10-28 00:00:00+00:00,96.05000305175781
1997-10-29 00:00:00+00:00,95.7699966430664
1997-10-30 00:00:00+00:00,95.45999908447266
1997-10-31 00:00:00+00:00,95.63999938964844
1997-11-03 00:00:00+00:00,96.06999969482422
1997-11-04 00:00:00+00:00,95.54000091552734
1997-11-05 00:00:00+00:00,95.51000213623047
1997-11-06 00:00:00+00:00,95.66999816894531
1997-11-07 00:00:00+00:00,95.16999816894531
1997-11-10 00:00:00+00:00,95.19999694824219
1997-11-11 00:00:00+00:00,95.29000091552734
1997-11-12 00:00:00+00:00,95.76000213623047
1997-11-13 00:00:00+00:00,96.0
1997-11-14 00:00:00+00:00,96.0999984741211
1997-11-17 00:00:00+00:00,96.19000244140625
1997-11-18 00:00:00+00:00,96.19000244140625
1997-11-19 00:00:00+00:00,96.38999938964844
1997-11-20 00:00:00+00:00,96.72000122070312
1997-11-21 00:00:00+00:00,96.56999969482422
1997-11-24 00:00:00+00:00,96.68000030517578
1997-11-25 00:00:00+00:00,97.2300033569336
1997-11-26 00:00:00+00:00,97.63999938964844
1997-11-27 00:00:00+00:00,97.80999755859375
1997-11-28 00:00:00+00:00,97.79000091552734
1997-12-01 00:00:00+00:00,98.4000015258789
1997-12-02 00:00:00+00:00,98.31999969482422
1997-12-03 00:00:00+00:00,98.0999984741211
1997-12-04 00:00:00+00:00,98.3499984741211
1997-12-05 00:00:00+00:00,98.87999725341797
1997-12-08 00:00:00+00:00,99.23999786376953
1997-12-09 00:00:00+00:00,99.16000366210938
1997-12-10 00:00:00+00:00,98.9800033569336
1997-12-11 00:00:00+00:00,98.18000030517578
1997-12-12 00:00:00+00:00,98.7300033569336
1997-12-15 00:00:00+00:00,98.76000213623047
1997-12-16 00:00:00+00:00,99.05999755859375
1997-12-17 00:00:00+00:00,98.27999877929688
1997-12-18 00:00:00+00:00,98.47000122070312
1997-12-19 00:00:00+00:00,98.44000244140625
1997-12-22 00:00:00+00:00,98.83000183105469
1997-12-23 00:00:00+00:00,98.56999969482422
1997-12-24 00:00:00+00:00,98.51000213623047
1997-12-25 00:00:00+00:00,98.51000213623047
1997-12-26 00:00:00+00:00,98.54000091552734
1997-12-29 00:00:00+00:00,99.0999984741211
1997-12-30 00:00:00+00:00,99.27999877929688
1997-12-31 00:00:00+00:00,99.6500015258789
1998-01-01 00:00:00+00:00,99.6500015258789
1998-01-02 00:00:00+00:00,100.0999984741211
1998-01-05 00:00:00+00:00,101.05999755859375
1998-01-06 00:00:00+00:00,101.4000015258789
1998-01-07 00:00:00+00:00,100.63999938964844
1998-01-08 00:00:00+00:00,101.0199966430664
1998-01-09 00:00:00+00:00,100.93000030517578
1998-01-12 00:00:00+00:00,100.93000030517578
1998-01-13 00:00:00+00:00,100.70999908447266
1998-01-14 00:00:00+00:00,100.73999786376953
1998-01-15 00:00:00+00:00,100.9800033569336
1998-01-16 00:00:00+00:00,100.91999816894531
1998-01-19 00:00:00+00:00,100.91999816894531
1998-01-20 00:00:00+00:00,101.19999694824219
1998-01-21 00:00:00+00:00,100.23999786376953
1998-01-22 00:00:00+00:00,99.76000213623047
1998-01-23 00:00:00+00:00,98.44000244140625
1998-01-26 00:00:00+00:00,99.16000366210938
1998-01-27 00:00:00+00:00,99.06999969482422
1998-01-28 00:00:00+00:00,99.81999969482422
1998-01-29 00:00:00+00:00,100.58000183105469
1998-01-30 00:00:00+00:00,100.79000091552734
1998-02-02 00:00:00+00:00,100.2699966430664
1998-02-03 00:00:00+00:00,99.86000061035156
1998-02-04 00:00:00+00:00,99.13999938964844
1998-02-05 00:00:00+00:00,98.55000305175781
1998-02-06 00:00:00+00:00,99.51000213623047
1998-02-09 00:00:00+00:00,99.93000030517578
1998-02-10 00:00:00+00:00,99.56999969482422
1998-02-11 00:00:00+00:00,99.83999633789062
1998-02-12 00:00:00+00:00,99.62000274658203
1998-02-13 00:00:00+00:00,100.12000274658203
1998-02-16 00:00:00+00:00,100.16000366210938
1998-02-17 00:00:00+00:00,100.51000213623047
1998-02-18 00:00:00+00:00,100.16999816894531
1998-02-19 00:00:00+00:00,100.0
1998-02-20 00:00:00+00:00,100.31999969482422
1998-02-23 00:00:00+00:00,99.31999969482422
1998-02-24 00:00:00+00:00,99.3499984741211
1998-02-25 00:00:00+00:00,100.30999755859375
1998-02-26 00:00:00+00:00,99.94000244140625
1998-02-27 00:00:00+00:00,99.81999969482422
1998-03-02 00:00:00+00:00,99.58000183105469
1998-03-03 00:00:00+00:00,99.55000305175781
1998-03-04 00:00:00+00:00,99.97000122070312
1998-03-05 00:00:00+00:00,100.83000183105469
1998-03-06 00:00:00+00:00,100.72000122070312
1998-03-09 00:00:00+00:00,100.43000030517578
1998-03-10 00:00:00+00:00,100.4000015258789
1998-03-11 00:00:00+00:00,100.58000183105469
1998-03-12 00:00:00+00:00,100.38999938964844
1998-03-13 00:00:00+00:00,99.87000274658203
1998-03-16 00:00:00+00:00,100.04000091552734
1998-03-17 00:00:00+00:00,100.05000305175781
1998-03-18 00:00:00+00:00,100.37999725341797
1998-03-19 00:00:00+00:00,100.7699966430664
1998-03-20 00:00:00+00:00,100.56999969482422
1998-03-23 00:00:00+00:00,100.3499984741211
1998-03-24 00:00:00+00:00,100.4000015258789
1998-03-25 00:00:00+00:00,100.19999694824219
1998-03-26 00:00:00+00:00,99.7699966430664
1998-03-27 00:00:00+00:00,100.30999755859375
1998-03-30 00:00:00+00:00,101.33999633789062
1998-03-31 00:00:00+00:00,101.5
1998-04-01 00:00:00+00:00,101.70999908447266
1998-04-02 00:00:00+00:00,101.83999633789062
1998-04-03 00:00:00+00:00,101.80000305175781
1998-04-06 00:00:00+00:00,101.5
1998-04-07 00:00:00+00:00,101.22000122070312
1998-04-08 00:00:00+00:00,100.0999984741211
1998-04-09 00:00:00+00:00,100.3499984741211
1998-04-10 00:00:00+00:00,100.3499984741211
1998-04-13 00:00:00+00:00,100.44000244140625
1998-04-14 00:00:00+00:00,99.51000213623047
1998-04-15 00:00:00+00:00,99.58999633789062
1998-04-16 00:00:00+00:00,99.80999755859375
1998-04-17 00:00:00+00:00,99.91999816894531
1998-04-20 00:00:00+00:00,99.73999786376953
1998-04-21 00:00:00+00:00,99.22000122070312
1998-04-22 00:00:00+00:00,99.27999877929688
1998-04-23 00:00:00+00:00,99.55999755859375
1998-04-24 00:00:00+00:00,99.37999725341797
1998-04-27 00:00:00+00:00,99.33999633789062
1998-04-28 00:00:00+00:00,99.62000274658203
1998-04-29 00:00:00+00:00,99.7300033569336
1998-04-30 00:00:00+00:00,99.70999908447266
1998-05-01 00:00:00+00:00,99.22000122070312
1998-05-04 00:00:00+00:00,99.23999786376953
1998-05-05 00:00:00+00:00,98.63999938964844
1998-05-06 00:00:00+00:00,98.80000305175781
1998-05-07 00:00:00+00:00,98.88999938964844
1998-05-08 00:00:00+00:00,99.05000305175781
1998-05-11 00:00:00+00:00,99.30999755859375
1998-05-12 00:00:00+00:00,99.38999938964844
1998-05-13 00:00:00+00:00,99.58999633789062
1998-05-14 00:00:00+00:00,99.5999984741211
1998-05-15 00:00:00+00:00,99.91999816894531
1998-05-18 00:00:00+00:00,100.16999816894531
1998-05-19 00:00:00+00:00,100.11000061035156
1998-05-20 00:00:00+00:00,99.5
1998-05-21 00:00:00+00:00,98.88999938964844
1998-05-22 00:00:00+00:00,99.08000183105469
1998-05-25 00:00:00+00:00,99.08000183105469
1998-05-26 00:00:00+00:00,99.7300033569336
1998-05-27 00:00:00+00:00,100.1500015258789
1998-05-28 00:00:00+00:00,100.25
1998-05-29 00:00:00+00:00,100.44999694824219
1998-06-01 00:00:00+00:00,100.19000244140625
1998-06-02 00:00:00+00:00,100.13999938964844
1998-06-03 00:00:00+00:00,99.80000305175781
1998-06-04 00:00:00+00:00,99.55000305175781
1998-06-05 00:00:00+00:00,100.13999938964844
1998-06-08 00:00:00+00:00,100.4000015258789
1998-06-09 00:00:00+00:00,100.38999938964844
1998-06-10 00:00:00+00:00,101.19999694824219
1998-06-11 00:00:00+00:00,101.94000244140625
1998-06-12 00:00:00+00:00,101.88999938964844
1998-06-15 00:00:00+00:00,102.23999786376953
1998-06-16 00:00:00+00:00,101.31999969482422
1998-06-17 00:00:00+00:00,100.04000091552734
1998-06-18 00:00:00+00:00,100.52999877929688
1998-06-19 00:00:00+00:00,100.12000274658203
1998-06-22 00:00:00+00:00,100.51000213623047
1998-06-23 00:00:00+00:00,100.87000274658203
1998-06-24 00:00:00+00:00,101.12000274658203
1998-06-25 00:00:00+00:00,101.12000274658203
1998-06-26 00:00:00+00:00,101.58999633789062
1998-06-29 00:00:00+00:00,101.63999938964844
1998-06-30 00:00:00+00:00,101.16999816894531
1998-07-01 00:00:00+00:00,101.45999908447266
1998-07-02 00:00:00+00:00,101.9800033569336
1998-07-03 00:00:00+00:00,101.9800033569336
1998-07-06 00:00:00+00:00,101.75
1998-07-07 00:00:00+00:00,101.66999816894531
1998-07-08 00:00:00+00:00,101.81999969482422
1998-07-09 00:00:00+00:00,102.45999908447266
1998-07-10 00:00:00+00:00,102.08999633789062
1998-07-13 00:00:00+00:00,101.51000213623047
1998-07-14 00:00:00+00:00,101.4800033569336
1998-07-15 00:00:00+00:00,101.37000274658203
1998-07-16 00:00:00+00:00,100.81999969482422
1998-07-17 00:00:00+00:00,100.58000183105469
1998-07-20 00:00:00+00:00,100.47000122070312
1998-07-21 00:00:00+00:00,100.94000244140625
1998-07-22 00:00:00+00:00,101.0999984741211
1998-07-23 00:00:00+00:00,100.97000122070312
1998-07-24 00:00:00+00:00,100.69999694824219
1998-07-27 00:00:00+00:00,101.0199966430664
1998-07-28 00:00:00+00:00,100.36000061035156
1998-07-29 00:00:00+00:00,100.55999755859375
1998-07-30 00:00:00+00:00,101.11000061035156
1998-07-31 00:00:00+00:00,101.19999694824219
1998-08-03 00:00:00+00:00,101.6500015258789
1998-08-04 00:00:00+00:00,101.12999725341797
1998-08-05 00:00:00+00:00,100.83999633789062
1998-08-06 00:00:00+00:00,101.0999984741211
1998-08-07 00:00:00+00:00,101.48999786376953
1998-08-10 00:00:00+00:00,101.37999725341797
1998-08-11 00:00:00+00:00,101.68000030517578
1998-08-12 00:00:00+00:00,101.79000091552734
1998-08-13 00:00:00+00:00,101.6500015258789
1998-08-14 00:00:00+00:00,102.43000030517578
1998-08-17 00:00:00+00:00,102.16999816894531
1998-08-18 00:00:00+00:00,102.4000015258789
1998-08-19 00:00:00+00:00,102.12000274658203
1998-08-20 00:00:00+00:00,102.0
1998-08-21 00:00:00+00:00,102.18000030517578
1998-08-24 00:00:00+00:00,102.02999877929688
1998-08-25 00:00:00+00:00,102.2300033569336
1998-08-26 00:00:00+00:00,102.56999969482422
1998-08-27 00:00:00+00:00,101.93000030517578
1998-08-28 00:00:00+00:00,100.12999725341797
1998-08-31 00:00:00+00:00,100.19999694824219
1998-09-01 00:00:00+00:00,99.19000244140625
1998-09-02 00:00:00+00:00,99.4000015258789
1998-09-03 00:00:00+00:00,98.37999725341797
1998-09-04 00:00:00+00:00,98.19999694824219
1998-09-07 00:00:00+00:00,98.19999694824219
1998-09-08 00:00:00+00:00,98.05000305175781
1998-09-09 00:00:00+00:00,98.23999786376953
1998-09-10 00:00:00+00:00,96.63999938964844
1998-09-11 00:00:00+00:00,96.5
1998-09-14 00:00:00+00:00,96.80000305175781
1998-09-15 00:00:00+00:00,96.51000213623047
1998-09-16 00:00:00+00:00,96.76000213623047
1998-09-17 00:00:00+00:00,96.47000122070312
1998-09-18 00:00:00+00:00,96.63999938964844
1998-09-21 00:00:00+00:00,96.7699966430664
1998-09-22 00:00:00+00:00,96.62999725341797
1998-09-23 00:00:00+00:00,96.44000244140625
1998-09-24 00:00:00+00:00,96.19999694824219
1998-09-25 00:00:00+00:00,96.37999725341797
1998-09-28 00:00:00+00:00,96.12000274658203
1998-09-29 00:00:00+00:00,95.81999969482422
1998-09-30 00:00:00+00:00,96.16999816894531
1998-10-01 00:00:00+00:00,95.36000061035156
1998-10-02 00:00:00+00:00,95.37000274658203
1998-10-05 00:00:00+00:00,94.9800033569336
1998-10-06 00:00:00+00:00,94.52999877929688
1998-10-07 00:00:00+00:00,92.37000274658203
1998-10-08 00:00:00+00:00,93.11000061035156
1998-10-09 00:00:00+00:00,93.0999984741211
1998-10-12 00:00:00+00:00,93.79000091552734
1998-10-13 00:00:00+00:00,93.13999938964844
1998-10-14 00:00:00+00:00,93.4000015258789
1998-10-15 00:00:00+00:00,92.98999786376953
1998-10-16 00:00:00+00:00,92.22000122070312
1998-10-19 00:00:00+00:00,92.56999969482422
1998-10-20 00:00:00+00:00,93.0199966430664
1998-10-21 00:00:00+00:00,93.48999786376953
1998-10-22 00:00:00+00:00,93.20999908447266
1998-10-23 00:00:00+00:00,93.16999816894531
1998-10-26 00:00:00+00:00,94.38999938964844
1998-10-27 00:00:00+00:00,93.87999725341797
1998-10-28 00:00:00+00:00,93.91999816894531
1998-10-29 00:00:00+00:00,93.80000305175781
1998-10-30 00:00:00+00:00,93.7300033569336
1998-11-02 00:00:00+00:00,93.55999755859375
1998-11-03 00:00:00+00:00,93.91000366210938
1998-11-04 00:00:00+00:00,94.12999725341797
1998-11-05 00:00:00+00:00,94.0199966430664
1998-11-06 00:00:00+00:00,94.81999969482422
1998-11-09 00:00:00+00:00,95.61000061035156
1998-11-10 00:00:00+00:00,95.69999694824219
1998-11-11 00:00:00+00:00,95.3499984741211
1998-11-12 00:00:00+00:00,95.68000030517578
1998-11-13 00:00:00+00:00,95.73999786376953
1998-11-16 00:00:00+00:00,94.80999755859375
1998-11-17 00:00:00+00:00,94.97000122070312
1998-11-18 00:00:00+00:00,95.27999877929688
1998-11-19 00:00:00+00:00,95.54000091552734
1998-11-20 00:00:00+00:00,95.80999755859375
1998-11-23 00:00:00+00:00,96.31999969482422
1998-11-24 00:00:00+00:00,96.4000015258789
1998-11-25 00:00:00+00:00,96.36000061035156
1998-11-26 00:00:00+00:00,96.41999816894531
1998-11-27 00:00:00+00:00,96.83000183105469
1998-11-30 00:00:00+00:00,96.19999694824219
1998-12-01 00:00:00+00:00,95.58999633789062
1998-12-02 00:00:00+00:00,94.81999969482422
1998-12-03 00:00:00+00:00,94.70999908447266
1998-12-04 00:00:00+00:00,94.91000366210938
1998-12-07 00:00:00+00:00,95.23999786376953
1998-12-08 00:00:00+00:00,94.80000305175781
1998-12-09 00:00:00+00:00,94.6500015258789
1998-12-10 00:00:00+00:00,93.9000015258789
1998-12-11 00:00:00+00:00,93.4800033569336
1998-12-14 00:00:00+00:00,93.38999938964844
1998-12-15 00:00:00+00:00,93.80999755859375
1998-12-16 00:00:00+00:00,94.45999908447266
1998-12-17 00:00:00+00:00,94.30999755859375
1998-12-18 00:00:00+00:00,94.04000091552734
1998-12-21 00:00:00+00:00,94.44000244140625
1998-12-22 00:00:00+00:00,94.5
1998-12-23 00:00:00+00:00,94.5199966430664
1998-12-24 00:00:00+00:00,94.88999938964844
1998-12-25 00:00:00+00:00,94.88999938964844
1998-12-28 00:00:00+00:00,94.66000366210938
1998-12-29 00:00:00+00:00,94.4000015258789
1998-12-30 00:00:00+00:00,94.69000244140625
1998-12-31 00:00:00+00:00,94.16999816894531
1999-01-01 00:00:00+00:00,94.16999816894531
1999-01-04 00:00:00+00:00,93.44000244140625
1999-01-05 00:00:00+00:00,93.47000122070312
1999-01-06 00:00:00+00:00,94.52999877929688
1999-01-07 00:00:00+00:00,93.72000122070312
1999-01-08 00:00:00+00:00,94.3499984741211
1999-01-11 00:00:00+00:00,94.66000366210938
1999-01-12 00:00:00+00:00,94.79000091552734
1999-01-13 00:00:00+00:00,94.25
1999-01-14 00:00:00+00:00,94.02999877929688
1999-01-15 00:00:00+00:00,94.72000122070312
1999-01-18 00:00:00+00:00,94.72000122070312
1999-01-19 00:00:00+00:00,94.5199966430664
1999-01-20 00:00:00+00:00,94.72000122070312
1999-01-21 00:00:00+00:00,94.5
1999-01-22 00:00:00+00:00,94.66000366210938
1999-01-25 00:00:00+00:00,94.7300033569336
1999-01-26 00:00:00+00:00,94.72000122070312
1999-01-27 00:00:00+00:00,95.68000030517578
1999-01-28 00:00:00+00:00,95.79000091552734
1999-01-29 00:00:00+00:00,96.08000183105469
1999-02-01 00:00:00+00:00,96.2300033569336
1999-02-02 00:00:00+00:00,95.70999908447266
1999-02-03 00:00:00+00:00,96.02999877929688
1999-02-04 00:00:00+00:00,95.68000030517578
1999-02-05 00:00:00+00:00,96.22000122070312
1999-02-08 00:00:00+00:00,96.01000213623047
1999-02-09 00:00:00+00:00,96.27999877929688
1999-02-10 00:00:00+00:00,95.95999908447266
1999-02-11 00:00:00+00:00,96.68000030517578
1999-02-12 00:00:00+00:00,96.30999755859375
1999-02-15 00:00:00+00:00,96.69999694824219
1999-02-16 00:00:00+00:00,97.20999908447266
1999-02-17 00:00:00+00:00,97.05999755859375
1999-02-18 00:00:00+00:00,97.31999969482422
1999-02-19 00:00:00+00:00,98.2699966430664
1999-02-22 00:00:00+00:00,98.5199966430664
1999-02-23 00:00:00+00:00,98.8499984741211
1999-02-24 00:00:00+00:00,99.11000061035156
1999-02-25 00:00:00+00:00,98.56999969482422
1999-02-26 00:00:00+00:00,98.68000030517578
1999-03-01 00:00:00+00:00,99.55999755859375
1999-03-02 00:00:00+00:00,99.37000274658203
1999-03-03 00:00:00+00:00,99.76000213623047
1999-03-04 00:00:00+00:00,100.33999633789062
1999-03-05 00:00:00+00:00,100.23999786376953
1999-03-08 00:00:00+00:00,99.69000244140625
1999-03-09 00:00:00+00:00,99.55999755859375
1999-03-10 00:00:00+00:00,99.01000213623047
1999-03-11 00:00:00+00:00,98.45999908447266
1999-03-12 00:00:00+00:00,99.1500015258789
1999-03-15 00:00:00+00:00,98.88999938964844
1999-03-16 00:00:00+00:00,98.5999984741211
1999-03-17 00:00:00+00:00,98.5
1999-03-18 00:00:00+00:00,98.56999969482422
1999-03-19 00:00:00+00:00,99.05000305175781
1999-03-22 00:00:00+00:00,98.91999816894531
1999-03-23 00:00:00+00:00,98.91999816894531
1999-03-24 00:00:00+00:00,99.05999755859375
1999-03-25 00:00:00+00:00,99.4800033569336
1999-03-26 00:00:00+00:00,100.19000244140625
1999-03-29 00:00:00+00:00,100.36000061035156
1999-03-30 00:00:00+00:00,100.54000091552734
1999-03-31 00:00:00+00:00,100.0999984741211
1999-04-01 00:00:00+00:00,100.08999633789062
1999-04-05 00:00:00+00:00,100.73999786376953
1999-04-06 00:00:00+00:00,99.91000366210938
1999-04-07 00:00:00+00:00,100.3499984741211
1999-04-08 00:00:00+00:00,100.44000244140625
1999-04-09 00:00:00+00:00,100.08000183105469
1999-04-12 00:00:00+00:00,99.80000305175781
1999-04-13 00:00:00+00:00,100.05999755859375
1999-04-14 00:00:00+00:00,99.81999969482422
1999-04-15 00:00:00+00:00,100.33999633789062
1999-04-16 00:00:00+00:00,100.08000183105469
1999-04-19 00:00:00+00:00,100.56999969482422
1999-04-20 00:00:00+00:00,100.80999755859375
1999-04-21 00:00:00+00:00,100.9800033569336
1999-04-22 00:00:00+00:00,100.91000366210938
1999-04-23 00:00:00+00:00,100.87000274658203
1999-04-26 00:00:00+00:00,101.0199966430664
1999-04-27 00:00:00+00:00,100.62999725341797
1999-04-28 00:00:00+00:00,100.79000091552734
1999-04-29 00:00:00+00:00,100.94000244140625
1999-04-30 00:00:00+00:00,101.0
1999-05-03 00:00:00+00:00,101.11000061035156
1999-05-04 00:00:00+00:00,100.68000030517578
1999-05-05 00:00:00+00:00,99.91000366210938
1999-05-06 00:00:00+00:00,99.44999694824219
1999-05-07 00:00:00+00:00,99.98999786376953
1999-05-10 00:00:00+00:00,99.7300033569336
1999-05-11 00:00:00+00:00,100.23999786376953
1999-05-12 00:00:00+00:00,100.69999694824219
1999-05-13 00:00:00+00:00,100.69999694824219
1999-05-14 00:00:00+00:00,100.93000030517578
1999-05-17 00:00:00+00:00,100.86000061035156
1999-05-18 00:00:00+00:00,100.72000122070312
1999-05-19 00:00:00+00:00,101.08999633789062
1999-05-20 00:00:00+00:00,101.33999633789062
1999-05-21 00:00:00+00:00,101.63999938964844
1999-05-24 00:00:00+00:00,101.4000015258789
1999-05-25 00:00:00+00:00,101.37999725341797
1999-05-26 00:00:00+00:00,102.23999786376953
1999-05-27 00:00:00+00:00,102.08000183105469
1999-05-28 00:00:00+00:00,102.51000213623047
1999-06-01 00:00:00+00:00,102.06999969482422
1999-06-02 00:00:00+00:00,102.79000091552734
1999-06-03 00:00:00+00:00,102.9800033569336
1999-06-04 00:00:00+00:00,102.6500015258789
1999-06-07 00:00:00+00:00,103.11000061035156
1999-06-08 00:00:00+00:00,101.76000213623047
1999-06-09 00:00:00+00:00,101.76000213623047
1999-06-10 00:00:00+00:00,101.58000183105469
1999-06-11 00:00:00+00:00,101.0
1999-06-14 00:00:00+00:00,102.11000061035156
1999-06-15 00:00:00+00:00,102.20999908447266
1999-06-16 00:00:00+00:00,102.8499984741211
1999-06-17 00:00:00+00:00,102.5199966430664
1999-06-18 00:00:00+00:00,102.37000274658203
1999-06-21 00:00:00+00:00,102.9000015258789
1999-06-22 00:00:00+00:00,103.0
1999-06-23 00:00:00+00:00,103.04000091552734
1999-06-24 00:00:00+00:00,102.51000213623047
1999-06-25 00:00:00+00:00,102.27999877929688
1999-06-28 00:00:00+00:00,102.8499984741211
1999-06-29 00:00:00+00:00,103.05000305175781
1999-06-30 00:00:00+00:00,102.8499984741211
1999-07-01 00:00:00+00:00,103.66000366210938
1999-07-02 00:00:00+00:00,103.48999786376953
1999-07-05 00:00:00+00:00,103.91999816894531
1999-07-06 00:00:00+00:00,103.8499984741211
1999-07-07 00:00:00+00:00,103.93000030517578
1999-07-08 00:00:00+00:00,104.12000274658203
1999-07-09 00:00:00+00:00,104.44000244140625
1999-07-12 00:00:00+00:00,104.5
1999-07-13 00:00:00+00:00,104.31999969482422
1999-07-14 00:00:00+00:00,103.93000030517578
1999-07-15 00:00:00+00:00,104.0
1999-07-16 00:00:00+00:00,104.08000183105469
1999-07-19 00:00:00+00:00,102.91999816894531
1999-07-20 00:00:00+00:00,102.41000366210938
1999-07-21 00:00:00+00:00,101.62999725341797
1999-07-22 00:00:00+00:00,101.48999786376953
1999-07-23 00:00:00+00:00,101.55000305175781
1999-07-26 00:00:00+00:00,100.56999969482422
1999-07-27 00:00:00+00:00,100.79000091552734
1999-07-28 00:00:00+00:00,100.41000366210938
1999-07-29 00:00:00+00:00,99.77999877929688
1999-07-30 00:00:00+00:00,99.75
1999-08-02 00:00:00+00:00,99.83999633789062
1999-08-03 00:00:00+00:00,99.91000366210938
1999-08-04 00:00:00+00:00,99.2699966430664
1999-08-05 00:00:00+00:00,99.41999816894531
1999-08-06 00:00:00+00:00,99.58999633789062
1999-08-09 00:00:00+00:00,99.9800033569336
1999-08-10 00:00:00+00:00,99.80999755859375
1999-08-11 00:00:00+00:00,100.18000030517578
1999-08-12 00:00:00+00:00,100.08999633789062
1999-08-13 00:00:00+00:00,100.58999633789062
1999-08-16 00:00:00+00:00,100.62999725341797
1999-08-17 00:00:00+00:00,100.83999633789062
1999-08-18 00:00:00+00:00,100.56999969482422
1999-08-19 00:00:00+00:00,99.80000305175781
1999-08-20 00:00:00+00:00,99.5999984741211
1999-08-23 00:00:00+00:00,100.73999786376953
1999-08-24 00:00:00+00:00,100.48999786376953
1999-08-25 00:00:00+00:00,101.30999755859375
1999-08-26 00:00:00+00:00,101.20999908447266
1999-08-27 00:00:00+00:00,101.08000183105469
1999-08-30 00:00:00+00:00,100.94000244140625
1999-08-31 00:00:00+00:00,99.94999694824219
1999-09-01 00:00:00+00:00,99.79000091552734
1999-09-02 00:00:00+00:00,99.25
1999-09-03 00:00:00+00:00,99.77999877929688
1999-09-06 00:00:00+00:00,99.9000015258789
1999-09-07 00:00:00+00:00,100.0
1999-09-08 00:00:00+00:00,99.87999725341797
1999-09-09 00:00:00+00:00,99.62999725341797
1999-09-10 00:00:00+00:00,101.0199966430664
1999-09-13 00:00:00+00:00,100.37999725341797
1999-09-14 00:00:00+00:00,100.7300033569336
1999-09-15 00:00:00+00:00,100.19999694824219
1999-09-16 00:00:00+00:00,100.31999969482422
1999-09-17 00:00:00+00:00,100.36000061035156
1999-09-20 00:00:00+00:00,100.51000213623047
1999-09-21 00:00:00+00:00,99.5999984741211
1999-09-22 00:00:00+00:00,99.75
1999-09-23 00:00:00+00:00,99.72000122070312
1999-09-24 00:00:00+00:00,99.63999938964844
1999-09-27 00:00:00+00:00,99.69000244140625
1999-09-28 00:00:00+00:00,99.18000030517578
1999-09-29 00:00:00+00:00,98.80000305175781
1999-09-30 00:00:00+00:00,98.54000091552734
1999-10-01 00:00:00+00:00,97.97000122070312
1999-10-04 00:00:00+00:00,98.04000091552734
1999-10-05 00:00:00+00:00,97.9800033569336
1999-10-06 00:00:00+00:00,98.4800033569336
1999-10-07 00:00:00+00:00,98.37999725341797
1999-10-08 00:00:00+00:00,99.0199966430664
1999-10-11 00:00:00+00:00,98.7699966430664
1999-10-12 00:00:00+00:00,97.94999694824219
1999-10-13 00:00:00+00:00,97.88999938964844
1999-10-14 00:00:00+00:00,97.91999816894531
1999-10-15 00:00:00+00:00,97.04000091552734
1999-10-18 00:00:00+00:00,97.41999816894531
1999-10-19 00:00:00+00:00,97.37999725341797
1999-10-20 00:00:00+00:00,98.12999725341797
1999-10-21 00:00:00+00:00,97.4800033569336
1999-10-22 00:00:00+00:00,98.4800033569336
1999-10-25 00:00:00+00:00,98.33999633789062
1999-10-26 00:00:00+00:00,98.81999969482422
1999-10-27 00:00:00+00:00,99.30000305175781
1999-10-28 00:00:00+00:00,99.37000274658203
1999-10-29 00:00:00+00:00,99.05999755859375
1999-11-01 00:00:00+00:00,99.30999755859375
1999-11-02 00:00:00+00:00,99.18000030517578
1999-11-03 00:00:00+00:00,99.55000305175781
1999-11-04 00:00:00+00:00,100.43000030517578
1999-11-05 00:00:00+00:00,100.27999877929688
1999-11-08 00:00:00+00:00,100.3499984741211
1999-11-09 00:00:00+00:00,100.2699966430664
1999-11-10 00:00:00+00:00,99.79000091552734
1999-11-11 00:00:00+00:00,100.13999938964844
1999-11-12 00:00:00+00:00,100.75
1999-11-15 00:00:00+00:00,100.69000244140625
1999-11-16 00:00:00+00:00,100.79000091552734
1999-11-17 00:00:00+00:00,100.19999694824219
1999-11-18 00:00:00+00:00,101.0
1999-11-19 00:00:00+00:00,100.88999938964844
1999-11-22 00:00:00+00:00,100.66000366210938
1999-11-23 00:00:00+00:00,100.83000183105469
1999-11-24 00:00:00+00:00,101.72000122070312
1999-11-25 00:00:00+00:00,101.52999877929688
1999-11-26 00:00:00+00:00,101.36000061035156
1999-11-29 00:00:00+00:00,101.86000061035156
1999-11-30 00:00:00+00:00,101.98999786376953
1999-12-01 00:00:00+00:00,102.08999633789062
1999-12-02 00:00:00+00:00,102.5199966430664
1999-12-03 00:00:00+00:00,102.51000213623047
1999-12-06 00:00:00+00:00,101.12999725341797
1999-12-07 00:00:00+00:00,100.81999969482422
1999-12-08 00:00:00+00:00,100.70999908447266
1999-12-09 00:00:00+00:00,101.0199966430664
1999-12-10 00:00:00+00:00,101.66000366210938
1999-12-13 00:00:00+00:00,101.66999816894531
1999-12-14 00:00:00+00:00,102.3499984741211
1999-12-15 00:00:00+00:00,102.4000015258789
1999-12-16 00:00:00+00:00,101.5999984741211
1999-12-17 00:00:00+00:00,102.18000030517578
1999-12-20 00:00:00+00:00,101.8499984741211
1999-12-21 00:00:00+00:00,101.93000030517578
1999-12-22 00:00:00+00:00,101.87000274658203
1999-12-23 00:00:00+00:00,101.44000244140625
1999-12-24 00:00:00+00:00,101.58000183105469
1999-12-27 00:00:00+00:00,101.48999786376953
1999-12-28 00:00:00+00:00,101.94000244140625
1999-12-29 00:00:00+00:00,101.9800033569336
1999-12-30 00:00:00+00:00,101.81999969482422
1999-12-31 00:00:00+00:00,101.87000274658203
2000-01-03 00:00:00+00:00,100.22000122070312
2000-01-04 00:00:00+00:00,100.41000366210938
2000-01-05 00:00:00+00:00,100.37999725341797
2000-01-06 00:00:00+00:00,100.6500015258789
2000-01-07 00:00:00+00:00,100.80000305175781
2000-01-10 00:00:00+00:00,100.98999786376953
2000-01-11 00:00:00+00:00,100.55999755859375
2000-01-12 00:00:00+00:00,100.62000274658203
2000-01-13 00:00:00+00:00,101.0
2000-01-14 00:00:00+00:00,101.72000122070312
2000-01-17 00:00:00+00:00,102.05000305175781
2000-01-18 00:00:00+00:00,101.86000061035156
2000-01-19 00:00:00+00:00,101.76000213623047
2000-01-20 00:00:00+00:00,101.36000061035156
2000-01-21 00:00:00+00:00,101.76000213623047
2000-01-24 00:00:00+00:00,102.19999694824219
2000-01-25 00:00:00+00:00,102.41000366210938
2000-01-26 00:00:00+00:00,102.44000244140625
2000-01-27 00:00:00+00:00,103.16999816894531
2000-01-28 00:00:00+00:00,104.4800033569336
2000-01-31 00:00:00+00:00,105.12999725341797
2000-02-01 00:00:00+00:00,104.91999816894531
2000-02-02 00:00:00+00:00,104.79000091552734
2000-02-03 00:00:00+00:00,103.80000305175781
2000-02-04 00:00:00+00:00,104.29000091552734
2000-02-07 00:00:00+00:00,104.63999938964844
2000-02-08 00:00:00+00:00,104.22000122070312
2000-02-09 00:00:00+00:00,103.68000030517578
2000-02-10 00:00:00+00:00,104.12999725341797
2000-02-11 00:00:00+00:00,104.19000244140625
2000-02-14 00:00:00+00:00,104.72000122070312
2000-02-15 00:00:00+00:00,104.69000244140625
2000-02-16 00:00:00+00:00,104.27999877929688
2000-02-17 00:00:00+00:00,104.2699966430664
2000-02-18 00:00:00+00:00,104.62999725341797
2000-02-21 00:00:00+00:00,104.58000183105469
2000-02-22 00:00:00+00:00,103.27999877929688
2000-02-23 00:00:00+00:00,103.52999877929688
2000-02-24 00:00:00+00:00,104.01000213623047
2000-02-25 00:00:00+00:00,105.26000213623047
2000-02-28 00:00:00+00:00,105.2699966430664
2000-02-29 00:00:00+00:00,105.91999816894531
2000-03-01 00:00:00+00:00,104.88999938964844
2000-03-02 00:00:00+00:00,105.6500015258789
2000-03-03 00:00:00+00:00,106.0
2000-03-06 00:00:00+00:00,106.16000366210938
2000-03-07 00:00:00+00:00,106.08999633789062
2000-03-08 00:00:00+00:00,105.93000030517578
2000-03-09 00:00:00+00:00,105.37000274658203
2000-03-10 00:00:00+00:00,105.70999908447266
2000-03-13 00:00:00+00:00,105.5
2000-03-14 00:00:00+00:00,105.30000305175781
2000-03-15 00:00:00+00:00,105.37999725341797
2000-03-16 00:00:00+00:00,105.18000030517578
2000-03-17 00:00:00+00:00,105.19999694824219
2000-03-20 00:00:00+00:00,105.1500015258789
2000-03-21 00:00:00+00:00,105.80999755859375
2000-03-22 00:00:00+00:00,106.04000091552734
2000-03-23 00:00:00+00:00,105.2300033569336
2000-03-24 00:00:00+00:00,104.7699966430664
2000-03-27 00:00:00+00:00,105.44999694824219
2000-03-28 00:00:00+00:00,105.52999877929688
2000-03-29 00:00:00+00:00,106.25
2000-03-30 00:00:00+00:00,105.47000122070312
2000-03-31 00:00:00+00:00,105.44000244140625
2000-04-03 00:00:00+00:00,105.54000091552734
2000-04-04 00:00:00+00:00,105.16999816894531
2000-04-05 00:00:00+00:00,105.29000091552734
2000-04-06 00:00:00+00:00,105.5199966430664
2000-04-07 00:00:00+00:00,105.97000122070312
2000-04-10 00:00:00+00:00,105.68000030517578
2000-04-11 00:00:00+00:00,105.94000244140625
2000-04-12 00:00:00+00:00,105.95999908447266
2000-04-13 00:00:00+00:00,106.13999938964844
2000-04-14 00:00:00+00:00,105.75
2000-04-17 00:00:00+00:00,106.12999725341797
2000-04-18 00:00:00+00:00,106.62999725341797
2000-04-19 00:00:00+00:00,107.12999725341797
2000-04-20 00:00:00+00:00,107.44999694824219
2000-04-24 00:00:00+00:00,107.27999877929688
2000-04-25 00:00:00+00:00,108.69000244140625
2000-04-26 00:00:00+00:00,108.55000305175781
2000-04-27 00:00:00+00:00,109.56999969482422
2000-04-28 00:00:00+00:00,110.13999938964844
2000-05-01 00:00:00+00:00,109.62999725341797
2000-05-02 00:00:00+00:00,110.26000213623047
2000-05-03 00:00:00+00:00,111.26000213623047
2000-05-04 00:00:00+00:00,111.80000305175781
2000-05-05 00:00:00+00:00,111.30999755859375
2000-05-08 00:00:00+00:00,111.44999694824219
2000-05-09 00:00:00+00:00,110.75
2000-05-10 00:00:00+00:00,110.80000305175781
2000-05-11 00:00:00+00:00,111.5199966430664
2000-05-12 00:00:00+00:00,109.9000015258789
2000-05-15 00:00:00+00:00,110.55999755859375
2000-05-16 00:00:00+00:00,111.30999755859375
2000-05-17 00:00:00+00:00,112.0999984741211
2000-05-18 00:00:00+00:00,112.20999908447266
2000-05-19 00:00:00+00:00,111.47000122070312
2000-05-22 00:00:00+00:00,111.05999755859375
2000-05-23 00:00:00+00:00,111.13999938964844
2000-05-24 00:00:00+00:00,111.22000122070312
2000-05-25 00:00:00+00:00,110.75
2000-05-26 00:00:00+00:00,109.12000274658203
2000-05-30 00:00:00+00:00,108.93000030517578
2000-05-31 00:00:00+00:00,108.73999786376953
2000-06-01 00:00:00+00:00,109.05000305175781
2000-06-02 00:00:00+00:00,108.12000274658203
2000-06-05 00:00:00+00:00,107.45999908447266
2000-06-06 00:00:00+00:00,106.58999633789062
2000-06-07 00:00:00+00:00,106.18000030517578
2000-06-08 00:00:00+00:00,106.70999908447266
2000-06-09 00:00:00+00:00,106.98999786376953
2000-06-12 00:00:00+00:00,106.97000122070312
2000-06-13 00:00:00+00:00,106.4000015258789
2000-06-14 00:00:00+00:00,106.45999908447266
2000-06-15 00:00:00+00:00,106.87999725341797
2000-06-16 00:00:00+00:00,105.95999908447266
2000-06-19 00:00:00+00:00,106.33000183105469
2000-06-20 00:00:00+00:00,106.33000183105469
2000-06-21 00:00:00+00:00,107.43000030517578
2000-06-22 00:00:00+00:00,107.70999908447266
2000-06-23 00:00:00+00:00,108.01000213623047
2000-06-26 00:00:00+00:00,108.11000061035156
2000-06-27 00:00:00+00:00,107.36000061035156
2000-06-28 00:00:00+00:00,107.5999984741211
2000-06-29 00:00:00+00:00,106.83999633789062
2000-06-30 00:00:00+00:00,106.83999633789062
2000-07-03 00:00:00+00:00,107.05999755859375
2000-07-04 00:00:00+00:00,107.29000091552734
2000-07-05 00:00:00+00:00,107.12000274658203
2000-07-06 00:00:00+00:00,107.37000274658203
2000-07-07 00:00:00+00:00,107.6500015258789
2000-07-10 00:00:00+00:00,107.01000213623047
2000-07-11 00:00:00+00:00,107.13999938964844
2000-07-12 00:00:00+00:00,108.12000274658203
2000-07-13 00:00:00+00:00,108.54000091552734
2000-07-14 00:00:00+00:00,108.44999694824219
2000-07-17 00:00:00+00:00,108.69999694824219
2000-07-18 00:00:00+00:00,109.37999725341797
2000-07-19 00:00:00+00:00,109.58999633789062
2000-07-20 00:00:00+00:00,108.61000061035156
2000-07-21 00:00:00+00:00,108.41999816894531
2000-07-24 00:00:00+00:00,108.69000244140625
2000-07-25 00:00:00+00:00,108.37999725341797
2000-07-26 00:00:00+00:00,108.11000061035156
2000-07-27 00:00:00+00:00,108.88999938964844
2000-07-28 00:00:00+00:00,109.73999786376953
2000-07-31 00:00:00+00:00,109.56999969482422
2000-08-01 00:00:00+00:00,110.05000305175781
2000-08-02 00:00:00+00:00,110.66999816894531
2000-08-03 00:00:00+00:00,110.9800033569336
2000-08-04 00:00:00+00:00,110.8499984741211
2000-08-07 00:00:00+00:00,110.80000305175781
2000-08-08 00:00:00+00:00,111.31999969482422
2000-08-09 00:00:00+00:00,111.44000244140625
2000-08-10 00:00:00+00:00,110.9000015258789
2000-08-11 00:00:00+00:00,111.20999908447266
2000-08-14 00:00:00+00:00,111.08000183105469
2000-08-15 00:00:00+00:00,110.51000213623047
2000-08-16 00:00:00+00:00,110.26000213623047
2000-08-17 00:00:00+00:00,110.11000061035156
2000-08-18 00:00:00+00:00,111.01000213623047
2000-08-21 00:00:00+00:00,111.45999908447266
2000-08-22 00:00:00+00:00,111.79000091552734
2000-08-23 00:00:00+00:00,111.41999816894531
2000-08-24 00:00:00+00:00,111.2300033569336
2000-08-25 00:00:00+00:00,111.3499984741211
2000-08-28 00:00:00+00:00,111.45999908447266
2000-08-29 00:00:00+00:00,112.19999694824219
2000-08-30 00:00:00+00:00,112.13999938964844
2000-08-31 00:00:00+00:00,112.5999984741211
2000-09-01 00:00:00+00:00,111.41999816894531
2000-09-05 00:00:00+00:00,112.41000366210938
2000-09-06 00:00:00+00:00,114.12000274658203
2000-09-07 00:00:00+00:00,113.6500015258789
2000-09-08 00:00:00+00:00,114.33999633789062
2000-09-11 00:00:00+00:00,115.37000274658203
2000-09-12 00:00:00+00:00,115.16999816894531
2000-09-13 00:00:00+00:00,115.33999633789062
2000-09-14 00:00:00+00:00,115.16000366210938
2000-09-15 00:00:00+00:00,115.94000244140625
2000-09-18 00:00:00+00:00,116.0
2000-09-19 00:00:00+00:00,116.11000061035156
2000-09-20 00:00:00+00:00,116.41000366210938
2000-09-21 00:00:00+00:00,115.2699966430664
2000-09-22 00:00:00+00:00,113.55999755859375
2000-09-25 00:00:00+00:00,114.05999755859375
2000-09-26 00:00:00+00:00,113.16000366210938
2000-09-27 00:00:00+00:00,113.11000061035156
2000-09-28 00:00:00+00:00,113.30999755859375
2000-09-29 00:00:00+00:00,113.25
2000-10-02 00:00:00+00:00,113.79000091552734
2000-10-03 00:00:00+00:00,114.22000122070312
2000-10-04 00:00:00+00:00,114.16999816894531
2000-10-05 00:00:00+00:00,114.73999786376953
2000-10-06 00:00:00+00:00,114.8499984741211
2000-10-09 00:00:00+00:00,114.80999755859375
2000-10-10 00:00:00+00:00,114.36000061035156
2000-10-11 00:00:00+00:00,114.48999786376953
2000-10-12 00:00:00+00:00,114.88999938964844
2000-10-13 00:00:00+00:00,115.86000061035156
2000-10-16 00:00:00+00:00,116.38999938964844
2000-10-17 00:00:00+00:00,115.88999938964844
2000-10-18 00:00:00+00:00,117.33000183105469
2000-10-19 00:00:00+00:00,116.94000244140625
2000-10-20 00:00:00+00:00,117.16000366210938
2000-10-23 00:00:00+00:00,117.54000091552734
2000-10-24 00:00:00+00:00,117.41999816894531
2000-10-25 00:00:00+00:00,118.48999786376953
2000-10-26 00:00:00+00:00,118.5
2000-10-27 00:00:00+00:00,117.38999938964844
2000-10-30 00:00:00+00:00,117.25
2000-10-31 00:00:00+00:00,116.6500015258789
2000-11-01 00:00:00+00:00,115.55999755859375
2000-11-02 00:00:00+00:00,115.61000061035156
2000-11-03 00:00:00+00:00,114.97000122070312
2000-11-06 00:00:00+00:00,115.69000244140625
2000-11-07 00:00:00+00:00,115.5199966430664
2000-11-08 00:00:00+00:00,116.2300033569336
2000-11-09 00:00:00+00:00,115.33999633789062
2000-11-10 00:00:00+00:00,115.79000091552734
2000-11-13 00:00:00+00:00,115.69999694824219
2000-11-14 00:00:00+00:00,116.22000122070312
2000-11-15 00:00:00+00:00,116.3499984741211
2000-11-16 00:00:00+00:00,116.93000030517578
2000-11-17 00:00:00+00:00,117.30999755859375
2000-11-20 00:00:00+00:00,117.3499984741211
2000-11-21 00:00:00+00:00,117.94999694824219
2000-11-22 00:00:00+00:00,117.8499984741211
2000-11-23 00:00:00+00:00,118.08999633789062
2000-11-24 00:00:00+00:00,118.4800033569336
2000-11-27 00:00:00+00:00,117.0999984741211
2000-11-28 00:00:00+00:00,116.58000183105469
2000-11-29 00:00:00+00:00,116.61000061035156
2000-11-30 00:00:00+00:00,115.23999786376953
2000-12-01 00:00:00+00:00,114.7300033569336
2000-12-04 00:00:00+00:00,113.70999908447266
2000-12-05 00:00:00+00:00,114.47000122070312
2000-12-06 00:00:00+00:00,113.30999755859375
2000-12-07 00:00:00+00:00,113.54000091552734
2000-12-08 00:00:00+00:00,114.05000305175781
2000-12-11 00:00:00+00:00,114.29000091552734
2000-12-12 00:00:00+00:00,114.26000213623047
2000-12-13 00:00:00+00:00,114.70999908447266
2000-12-14 00:00:00+00:00,113.37999725341797
2000-12-15 00:00:00+00:00,112.9000015258789
2000-12-18 00:00:00+00:00,113.06999969482422
2000-12-19 00:00:00+00:00,113.20999908447266
2000-12-20 00:00:00+00:00,111.97000122070312
2000-12-21 00:00:00+00:00,111.51000213623047
2000-12-22 00:00:00+00:00,110.81999969482422
2000-12-26 00:00:00+00:00,110.30999755859375
2000-12-27 00:00:00+00:00,110.31999969482422
2000-12-28 00:00:00+00:00,110.37999725341797
2000-12-29 00:00:00+00:00,109.55999755859375
2001-01-02 00:00:00+00:00,108.7699966430664
2001-01-03 00:00:00+00:00,110.16999816894531
2001-01-04 00:00:00+00:00,108.80999755859375
2001-01-05 00:00:00+00:00,108.41999816894531
2001-01-08 00:00:00+00:00,108.86000061035156
2001-01-09 00:00:00+00:00,109.5199966430664
2001-01-10 00:00:00+00:00,109.86000061035156
2001-01-11 00:00:00+00:00,109.01000213623047
2001-01-12 00:00:00+00:00,109.36000061035156
2001-01-15 00:00:00+00:00,109.97000122070312
2001-01-16 00:00:00+00:00,110.11000061035156
2001-01-17 00:00:00+00:00,110.80999755859375
2001-01-18 00:00:00+00:00,109.94000244140625
2001-01-19 00:00:00+00:00,110.66000366210938
2001-01-22 00:00:00+00:00,110.23999786376953
2001-01-23 00:00:00+00:00,110.23999786376953
2001-01-24 00:00:00+00:00,111.68000030517578
2001-01-25 00:00:00+00:00,111.61000061035156
2001-01-26 00:00:00+00:00,111.45999908447266
2001-01-29 00:00:00+00:00,111.7699966430664
2001-01-30 00:00:00+00:00,110.9800033569336
2001-01-31 00:00:00+00:00,110.5199966430664
2001-02-01 00:00:00+00:00,109.66000366210938
2001-02-02 00:00:00+00:00,110.31999969482422
2001-02-05 00:00:00+00:00,109.88999938964844
2001-02-06 00:00:00+00:00,110.7699966430664
2001-02-07 00:00:00+00:00,110.88999938964844
2001-02-08 00:00:00+00:00,112.05999755859375
2001-02-09 00:00:00+00:00,111.5199966430664
2001-02-12 00:00:00+00:00,111.19000244140625
2001-02-13 00:00:00+00:00,111.95999908447266
2001-02-14 00:00:00+00:00,112.04000091552734
2001-02-15 00:00:00+00:00,113.19999694824219
2001-02-16 00:00:00+00:00,112.26000213623047
2001-02-19 00:00:00+00:00,111.91999816894531
2001-02-20 00:00:00+00:00,112.81999969482422
2001-02-21 00:00:00+00:00,113.12000274658203
2001-02-22 00:00:00+00:00,113.33999633789062
2001-02-23 00:00:00+00:00,112.02999877929688
2001-02-26 00:00:00+00:00,112.7699966430664
2001-02-27 00:00:00+00:00,112.33999633789062
2001-02-28 00:00:00+00:00,112.01000213623047
2001-03-01 00:00:00+00:00,111.27999877929688
2001-03-02 00:00:00+00:00,111.16999816894531
2001-03-05 00:00:00+00:00,111.54000091552734
2001-03-06 00:00:00+00:00,111.19999694824219
2001-03-07 00:00:00+00:00,111.83000183105469
2001-03-08 00:00:00+00:00,111.48999786376953
2001-03-09 00:00:00+00:00,111.44000244140625
2001-03-12 00:00:00+00:00,112.01000213623047
2001-03-13 00:00:00+00:00,113.11000061035156
2001-03-14 00:00:00+00:00,113.69999694824219
2001-03-15 00:00:00+00:00,114.70999908447266
2001-03-16 00:00:00+00:00,115.31999969482422
2001-03-19 00:00:00+00:00,115.19999694824219
2001-03-20 00:00:00+00:00,114.11000061035156
2001-03-21 00:00:00+00:00,115.52999877929688
2001-03-22 00:00:00+00:00,116.30000305175781
2001-03-23 00:00:00+00:00,115.94000244140625
2001-03-26 00:00:00+00:00,115.20999908447266
2001-03-27 00:00:00+00:00,115.43000030517578
2001-03-28 00:00:00+00:00,116.01000213623047
2001-03-29 00:00:00+00:00,116.5999984741211
2001-03-30 00:00:00+00:00,117.37000274658203
2001-04-02 00:00:00+00:00,117.33999633789062
2001-04-03 00:00:00+00:00,115.62999725341797
2001-04-04 00:00:00+00:00,115.08000183105469
2001-04-05 00:00:00+00:00,115.47000122070312
2001-04-06 00:00:00+00:00,114.75
2001-04-09 00:00:00+00:00,115.20999908447266
2001-04-10 00:00:00+00:00,116.0199966430664
2001-04-11 00:00:00+00:00,116.12999725341797
2001-04-12 00:00:00+00:00,115.54000091552734
2001-04-16 00:00:00+00:00,116.18000030517578
2001-04-17 00:00:00+00:00,116.45999908447266
2001-04-18 00:00:00+00:00,116.12999725341797
2001-04-19 00:00:00+00:00,115.0199966430664
2001-04-20 00:00:00+00:00,114.31999969482422
2001-04-23 00:00:00+00:00,114.7699966430664
2001-04-24 00:00:00+00:00,115.19999694824219
2001-04-25 00:00:00+00:00,114.9800033569336
2001-04-26 00:00:00+00:00,114.45999908447266
2001-04-27 00:00:00+00:00,115.62000274658203
2001-04-30 00:00:00+00:00,115.8499984741211
2001-05-01 00:00:00+00:00,115.30000305175781
2001-05-02 00:00:00+00:00,115.16000366210938
2001-05-03 00:00:00+00:00,115.37999725341797
2001-05-04 00:00:00+00:00,114.93000030517578
2001-05-07 00:00:00+00:00,115.31999969482422
2001-05-08 00:00:00+00:00,116.08000183105469
2001-05-09 00:00:00+00:00,116.05000305175781
2001-05-10 00:00:00+00:00,116.37000274658203
2001-05-11 00:00:00+00:00,116.83999633789062
2001-05-14 00:00:00+00:00,117.13999938964844
2001-05-15 00:00:00+00:00,116.79000091552734
2001-05-16 00:00:00+00:00,116.13999938964844
2001-05-17 00:00:00+00:00,116.12000274658203
2001-05-18 00:00:00+00:00,116.41000366210938
2001-05-21 00:00:00+00:00,116.5199966430664
2001-05-22 00:00:00+00:00,117.69000244140625
2001-05-23 00:00:00+00:00,118.29000091552734
2001-05-24 00:00:00+00:00,118.36000061035156
2001-05-25 00:00:00+00:00,118.18000030517578
2001-05-29 00:00:00+00:00,118.22000122070312
2001-05-30 00:00:00+00:00,118.22000122070312
2001-05-31 00:00:00+00:00,119.06999969482422
2001-06-01 00:00:00+00:00,118.88999938964844
2001-06-04 00:00:00+00:00,119.19000244140625
2001-06-05 00:00:00+00:00,118.69999694824219
2001-06-06 00:00:00+00:00,119.36000061035156
2001-06-07 00:00:00+00:00,119.08999633789062
2001-06-08 00:00:00+00:00,119.20999908447266
2001-06-11 00:00:00+00:00,120.05000305175781
2001-06-12 00:00:00+00:00,119.61000061035156
2001-06-13 00:00:00+00:00,119.02999877929688
2001-06-14 00:00:00+00:00,117.98999786376953
2001-06-15 00:00:00+00:00,118.29000091552734
2001-06-18 00:00:00+00:00,118.36000061035156
2001-06-19 00:00:00+00:00,119.04000091552734
2001-06-20 00:00:00+00:00,119.12999725341797
2001-06-21 00:00:00+00:00,118.88999938964844
2001-06-22 00:00:00+00:00,118.91000366210938
2001-06-25 00:00:00+00:00,118.31999969482422
2001-06-26 00:00:00+00:00,118.06999969482422
2001-06-27 00:00:00+00:00,118.37999725341797
2001-06-28 00:00:00+00:00,120.01000213623047
2001-06-29 00:00:00+00:00,119.43000030517578
2001-07-02 00:00:00+00:00,119.66999816894531
2001-07-03 00:00:00+00:00,119.5999984741211
2001-07-04 00:00:00+00:00,119.91000366210938
2001-07-05 00:00:00+00:00,120.9000015258789
2001-07-06 00:00:00+00:00,119.9000015258789
2001-07-09 00:00:00+00:00,119.88999938964844
2001-07-10 00:00:00+00:00,119.12999725341797
2001-07-11 00:00:00+00:00,118.63999938964844
2001-07-12 00:00:00+00:00,119.08999633789062
2001-07-13 00:00:00+00:00,119.33000183105469
2001-07-16 00:00:00+00:00,119.30000305175781
2001-07-17 00:00:00+00:00,118.9000015258789
2001-07-18 00:00:00+00:00,117.37999725341797
2001-07-19 00:00:00+00:00,117.33000183105469
2001-07-20 00:00:00+00:00,117.20999908447266
2001-07-23 00:00:00+00:00,117.8499984741211
2001-07-24 00:00:00+00:00,117.12000274658203
2001-07-25 00:00:00+00:00,116.63999938964844
2001-07-26 00:00:00+00:00,116.73999786376953
2001-07-27 00:00:00+00:00,116.94000244140625
2001-07-30 00:00:00+00:00,117.19999694824219
2001-07-31 00:00:00+00:00,117.18000030517578
2001-08-01 00:00:00+00:00,116.55999755859375
2001-08-02 00:00:00+00:00,116.27999877929688
2001-08-03 00:00:00+00:00,116.13999938964844
2001-08-06 00:00:00+00:00,116.41999816894531
2001-08-07 00:00:00+00:00,116.83000183105469
2001-08-08 00:00:00+00:00,116.54000091552734
2001-08-09 00:00:00+00:00,115.25
2001-08-10 00:00:00+00:00,115.29000091552734
2001-08-13 00:00:00+00:00,115.01000213623047
2001-08-14 00:00:00+00:00,114.38999938964844
2001-08-15 00:00:00+00:00,113.19000244140625
2001-08-16 00:00:00+00:00,113.08000183105469
2001-08-17 00:00:00+00:00,112.98999786376953
2001-08-20 00:00:00+00:00,113.4000015258789
2001-08-21 00:00:00+00:00,113.29000091552734
2001-08-22 00:00:00+00:00,113.2699966430664
2001-08-23 00:00:00+00:00,113.08999633789062
2001-08-24 00:00:00+00:00,113.33000183105469
2001-08-27 00:00:00+00:00,113.38999938964844
2001-08-28 00:00:00+00:00,113.43000030517578
2001-08-29 00:00:00+00:00,113.54000091552734
2001-08-30 00:00:00+00:00,112.83999633789062
2001-08-31 00:00:00+00:00,113.41999816894531
2001-09-03 00:00:00+00:00,113.66999816894531
2001-09-04 00:00:00+00:00,115.68000030517578
2001-09-05 00:00:00+00:00,115.5999984741211
2001-09-06 00:00:00+00:00,114.97000122070312
2001-09-07 00:00:00+00:00,114.05000305175781
2001-09-10 00:00:00+00:00,114.56999969482422
2001-09-17 00:00:00+00:00,112.01000213623047
2001-09-18 00:00:00+00:00,111.91999816894531
2001-09-19 00:00:00+00:00,111.61000061035156
2001-09-20 00:00:00+00:00,111.87000274658203
2001-09-21 00:00:00+00:00,113.04000091552734
2001-09-24 00:00:00+00:00,112.83999633789062
2001-09-25 00:00:00+00:00,112.27999877929688
2001-09-26 00:00:00+00:00,112.29000091552734
2001-09-27 00:00:00+00:00,112.9800033569336
2001-09-28 00:00:00+00:00,113.4800033569336
2001-10-01 00:00:00+00:00,113.0
2001-10-02 00:00:00+00:00,113.01000213623047
2001-10-03 00:00:00+00:00,113.4000015258789
2001-10-04 00:00:00+00:00,113.16000366210938
2001-10-05 00:00:00+00:00,112.91000366210938
2001-10-08 00:00:00+00:00,112.58999633789062
2001-10-09 00:00:00+00:00,113.3499984741211
2001-10-10 00:00:00+00:00,113.69999694824219
2001-10-11 00:00:00+00:00,114.44000244140625
2001-10-12 00:00:00+00:00,113.88999938964844
2001-10-15 00:00:00+00:00,113.81999969482422
2001-10-16 00:00:00+00:00,113.91999816894531
2001-10-17 00:00:00+00:00,114.37999725341797
2001-10-18 00:00:00+00:00,114.3499984741211
2001-10-19 00:00:00+00:00,114.86000061035156
2001-10-22 00:00:00+00:00,115.75
2001-10-23 00:00:00+00:00,115.8499984741211
2001-10-24 00:00:00+00:00,115.5999984741211
2001-10-25 00:00:00+00:00,115.55000305175781
2001-10-26 00:00:00+00:00,115.6500015258789
2001-10-29 00:00:00+00:00,114.44000244140625
2001-10-30 00:00:00+00:00,114.3499984741211
2001-10-31 00:00:00+00:00,114.86000061035156
2001-11-01 00:00:00+00:00,114.45999908447266
2001-11-02 00:00:00+00:00,114.54000091552734
2001-11-05 00:00:00+00:00,114.54000091552734
2001-11-06 00:00:00+00:00,114.80999755859375
2001-11-07 00:00:00+00:00,114.9800033569336
2001-11-08 00:00:00+00:00,115.12999725341797
2001-11-09 00:00:00+00:00,115.08999633789062
2001-11-12 00:00:00+00:00,115.33999633789062
2001-11-13 00:00:00+00:00,116.4000015258789
2001-11-14 00:00:00+00:00,116.19999694824219
2001-11-15 00:00:00+00:00,116.51000213623047
2001-11-16 00:00:00+00:00,116.41000366210938
2001-11-19 00:00:00+00:00,116.93000030517578
2001-11-20 00:00:00+00:00,116.62000274658203
2001-11-21 00:00:00+00:00,117.1500015258789
2001-11-22 00:00:00+00:00,117.30000305175781
2001-11-23 00:00:00+00:00,117.33000183105469
2001-11-26 00:00:00+00:00,117.11000061035156
2001-11-27 00:00:00+00:00,116.88999938964844
2001-11-28 00:00:00+00:00,116.16999816894531
2001-11-29 00:00:00+00:00,116.12999725341797
2001-11-30 00:00:00+00:00,116.12999725341797
2001-12-03 00:00:00+00:00,115.95999908447266
2001-12-04 00:00:00+00:00,116.08000183105469
2001-12-05 00:00:00+00:00,116.41000366210938
2001-12-06 00:00:00+00:00,115.62999725341797
2001-12-07 00:00:00+00:00,116.1500015258789
2001-12-10 00:00:00+00:00,116.26000213623047
2001-12-11 00:00:00+00:00,116.05000305175781
2001-12-12 00:00:00+00:00,115.33000183105469
2001-12-13 00:00:00+00:00,115.80000305175781
2001-12-14 00:00:00+00:00,114.93000030517578
2001-12-17 00:00:00+00:00,114.93000030517578
2001-12-18 00:00:00+00:00,115.1500015258789
2001-12-19 00:00:00+00:00,115.4800033569336
2001-12-20 00:00:00+00:00,115.58999633789062
2001-12-21 00:00:00+00:00,116.9800033569336
2001-12-24 00:00:00+00:00,117.94000244140625
2001-12-26 00:00:00+00:00,117.8499984741211
2001-12-27 00:00:00+00:00,117.56999969482422
2001-12-28 00:00:00+00:00,117.26000213623047
2001-12-31 00:00:00+00:00,116.75
2002-01-02 00:00:00+00:00,115.79000091552734
2002-01-03 00:00:00+00:00,116.11000061035156
2002-01-04 00:00:00+00:00,116.33000183105469
2002-01-07 00:00:00+00:00,116.33000183105469
2002-01-08 00:00:00+00:00,116.83000183105469
2002-01-09 00:00:00+00:00,117.01000213623047
2002-01-10 00:00:00+00:00,116.87999725341797
2002-01-11 00:00:00+00:00,116.63999938964844
2002-01-14 00:00:00+00:00,116.63999938964844
2002-01-15 00:00:00+00:00,117.29000091552734
2002-01-16 00:00:00+00:00,117.58999633789062
2002-01-17 00:00:00+00:00,117.8499984741211
2002-01-18 00:00:00+00:00,117.51000213623047
2002-01-21 00:00:00+00:00,117.66000366210938
2002-01-22 00:00:00+00:00,117.75
2002-01-23 00:00:00+00:00,118.47000122070312
2002-01-24 00:00:00+00:00,118.63999938964844
2002-01-25 00:00:00+00:00,119.8499984741211
2002-01-28 00:00:00+00:00,120.04000091552734
2002-01-29 00:00:00+00:00,119.62000274658203
2002-01-30 00:00:00+00:00,119.7300033569336
2002-01-31 00:00:00+00:00,120.23999786376953
2002-02-01 00:00:00+00:00,119.79000091552734
2002-02-04 00:00:00+00:00,118.9000015258789
2002-02-05 00:00:00+00:00,119.4000015258789
2002-02-06 00:00:00+00:00,119.30000305175781
2002-02-07 00:00:00+00:00,119.06999969482422
2002-02-08 00:00:00+00:00,118.9800033569336
2002-02-11 00:00:00+00:00,118.44000244140625
2002-02-12 00:00:00+00:00,118.25
2002-02-13 00:00:00+00:00,118.80000305175781
2002-02-14 00:00:00+00:00,118.43000030517578
2002-02-15 00:00:00+00:00,118.5999984741211
2002-02-18 00:00:00+00:00,118.76000213623047
2002-02-19 00:00:00+00:00,118.36000061035156
2002-02-20 00:00:00+00:00,118.93000030517578
2002-02-21 00:00:00+00:00,119.16000366210938
2002-02-22 00:00:00+00:00,118.4800033569336
2002-02-25 00:00:00+00:00,119.12999725341797
2002-02-26 00:00:00+00:00,119.81999969482422
2002-02-27 00:00:00+00:00,119.56999969482422
2002-02-28 00:00:00+00:00,119.16000366210938
2002-03-01 00:00:00+00:00,119.4000015258789
2002-03-04 00:00:00+00:00,118.80999755859375
2002-03-05 00:00:00+00:00,118.56999969482422
2002-03-06 00:00:00+00:00,117.95999908447266
2002-03-07 00:00:00+00:00,116.80000305175781
2002-03-08 00:00:00+00:00,117.98999786376953
2002-03-11 00:00:00+00:00,117.7300033569336
2002-03-12 00:00:00+00:00,117.80000305175781
2002-03-13 00:00:00+00:00,117.95999908447266
2002-03-14 00:00:00+00:00,117.29000091552734
2002-03-15 00:00:00+00:00,117.22000122070312
2002-03-18 00:00:00+00:00,117.5
2002-03-19 00:00:00+00:00,117.5
2002-03-20 00:00:00+00:00,117.22000122070312
2002-03-21 00:00:00+00:00,117.5199966430664
2002-03-22 00:00:00+00:00,118.05000305175781
2002-03-25 00:00:00+00:00,118.0999984741211
2002-03-26 00:00:00+00:00,118.13999938964844
2002-03-27 00:00:00+00:00,118.54000091552734
2002-03-28 00:00:00+00:00,118.62000274658203
2002-04-01 00:00:00+00:00,117.7699966430664
2002-04-02 00:00:00+00:00,117.91999816894531
2002-04-03 00:00:00+00:00,117.68000030517578
2002-04-04 00:00:00+00:00,117.94000244140625
2002-04-05 00:00:00+00:00,117.69000244140625
2002-04-08 00:00:00+00:00,118.19999694824219
2002-04-09 00:00:00+00:00,117.58999633789062
2002-04-10 00:00:00+00:00,117.51000213623047
2002-04-11 00:00:00+00:00,117.37000274658203
2002-04-12 00:00:00+00:00,117.73999786376953
2002-04-15 00:00:00+00:00,117.63999938964844
2002-04-16 00:00:00+00:00,117.37000274658203
2002-04-17 00:00:00+00:00,116.5999984741211
2002-04-18 00:00:00+00:00,116.38999938964844
2002-04-19 00:00:00+00:00,116.29000091552734
2002-04-22 00:00:00+00:00,116.43000030517578
2002-04-23 00:00:00+00:00,116.56999969482422
2002-04-24 00:00:00+00:00,116.1500015258789
2002-04-25 00:00:00+00:00,115.44999694824219
2002-04-26 00:00:00+00:00,115.04000091552734
2002-04-29 00:00:00+00:00,114.88999938964844
2002-04-30 00:00:00+00:00,115.19000244140625
2002-05-01 00:00:00+00:00,114.54000091552734
2002-05-02 00:00:00+00:00,114.87000274658203
2002-05-03 00:00:00+00:00,113.58999633789062
2002-05-06 00:00:00+00:00,113.66000366210938
2002-05-07 00:00:00+00:00,113.91999816894531
2002-05-08 00:00:00+00:00,114.91000366210938
2002-05-09 00:00:00+00:00,114.5199966430664
2002-05-10 00:00:00+00:00,113.94999694824219
2002-05-13 00:00:00+00:00,114.1500015258789
2002-05-14 00:00:00+00:00,115.08999633789062
2002-05-15 00:00:00+00:00,114.12000274658203
2002-05-16 00:00:00+00:00,114.12999725341797
2002-05-17 00:00:00+00:00,113.0
2002-05-20 00:00:00+00:00,112.81999969482422
2002-05-21 00:00:00+00:00,112.80000305175781
2002-05-22 00:00:00+00:00,112.33000183105469
2002-05-23 00:00:00+00:00,112.79000091552734
2002-05-24 00:00:00+00:00,112.80000305175781
2002-05-27 00:00:00+00:00,113.0
2002-05-28 00:00:00+00:00,112.0999984741211
2002-05-29 00:00:00+00:00,111.48999786376953
2002-05-30 00:00:00+00:00,111.16999816894531
2002-05-31 00:00:00+00:00,111.80999755859375
2002-06-03 00:00:00+00:00,111.30000305175781
2002-06-04 00:00:00+00:00,111.08999633789062
2002-06-05 00:00:00+00:00,111.33999633789062
2002-06-06 00:00:00+00:00,110.83000183105469
2002-06-07 00:00:00+00:00,110.98999786376953
2002-06-10 00:00:00+00:00,111.0999984741211
2002-06-11 00:00:00+00:00,110.77999877929688
2002-06-12 00:00:00+00:00,111.0
2002-06-13 00:00:00+00:00,111.1500015258789
2002-06-14 00:00:00+00:00,110.76000213623047
2002-06-17 00:00:00+00:00,110.8499984741211
2002-06-18 00:00:00+00:00,110.19999694824219
2002-06-19 00:00:00+00:00,109.66999816894531
2002-06-20 00:00:00+00:00,108.94000244140625
2002-06-21 00:00:00+00:00,108.19000244140625
2002-06-24 00:00:00+00:00,108.20999908447266
2002-06-25 00:00:00+00:00,107.56999969482422
2002-06-26 00:00:00+00:00,106.55999755859375
2002-06-27 00:00:00+00:00,106.37000274658203
2002-06-28 00:00:00+00:00,106.11000061035156
2002-07-01 00:00:00+00:00,106.51000213623047
2002-07-02 00:00:00+00:00,106.80000305175781
2002-07-03 00:00:00+00:00,107.05000305175781
2002-07-04 00:00:00+00:00,107.33999633789062
2002-07-05 00:00:00+00:00,107.66999816894531
2002-07-08 00:00:00+00:00,106.30000305175781
2002-07-09 00:00:00+00:00,105.6500015258789
2002-07-10 00:00:00+00:00,106.01000213623047
2002-07-11 00:00:00+00:00,105.72000122070312
2002-07-12 00:00:00+00:00,105.88999938964844
2002-07-15 00:00:00+00:00,104.66999816894531
2002-07-16 00:00:00+00:00,104.48999786376953
2002-07-17 00:00:00+00:00,104.41999816894531
2002-07-18 00:00:00+00:00,104.47000122070312
2002-07-19 00:00:00+00:00,104.05999755859375
2002-07-22 00:00:00+00:00,104.75
2002-07-23 00:00:00+00:00,106.66000366210938
2002-07-24 00:00:00+00:00,105.5199966430664
2002-07-25 00:00:00+00:00,105.12000274658203
2002-07-26 00:00:00+00:00,106.61000061035156
2002-07-29 00:00:00+00:00,107.0999984741211
2002-07-30 00:00:00+00:00,106.80000305175781
2002-07-31 00:00:00+00:00,107.41000366210938
2002-08-01 00:00:00+00:00,107.0199966430664
2002-08-02 00:00:00+00:00,106.66999816894531
2002-08-05 00:00:00+00:00,107.2699966430664
2002-08-06 00:00:00+00:00,108.69000244140625
2002-08-07 00:00:00+00:00,107.8499984741211
2002-08-08 00:00:00+00:00,108.66000366210938
2002-08-09 00:00:00+00:00,108.20999908447266
2002-08-12 00:00:00+00:00,107.41000366210938
2002-08-13 00:00:00+00:00,107.11000061035156
2002-08-14 00:00:00+00:00,106.79000091552734
2002-08-15 00:00:00+00:00,106.72000122070312
2002-08-16 00:00:00+00:00,106.72000122070312
2002-08-19 00:00:00+00:00,107.5199966430664
2002-08-20 00:00:00+00:00,107.30999755859375
2002-08-21 00:00:00+00:00,107.13999938964844
2002-08-22 00:00:00+00:00,108.12999725341797
2002-08-23 00:00:00+00:00,107.97000122070312
2002-08-26 00:00:00+00:00,107.86000061035156
2002-08-27 00:00:00+00:00,106.7699966430664
2002-08-28 00:00:00+00:00,107.08000183105469
2002-08-29 00:00:00+00:00,106.69999694824219
2002-08-30 00:00:00+00:00,106.9800033569336
2002-09-03 00:00:00+00:00,105.56999969482422
2002-09-04 00:00:00+00:00,106.0999984741211
2002-09-05 00:00:00+00:00,105.9800033569336
2002-09-06 00:00:00+00:00,106.83999633789062
2002-09-09 00:00:00+00:00,107.0999984741211
2002-09-10 00:00:00+00:00,107.5199966430664
2002-09-11 00:00:00+00:00,107.62000274658203
2002-09-12 00:00:00+00:00,107.16000366210938
2002-09-13 00:00:00+00:00,108.05999755859375
2002-09-16 00:00:00+00:00,108.23999786376953
2002-09-17 00:00:00+00:00,108.33000183105469
2002-09-18 00:00:00+00:00,107.76000213623047
2002-09-19 00:00:00+00:00,107.0
2002-09-20 00:00:00+00:00,107.52999877929688
2002-09-23 00:00:00+00:00,107.86000061035156
2002-09-24 00:00:00+00:00,107.5199966430664
2002-09-25 00:00:00+00:00,107.79000091552734
2002-09-26 00:00:00+00:00,107.68000030517578
2002-09-27 00:00:00+00:00,107.52999877929688
2002-09-30 00:00:00+00:00,106.87000274658203
2002-10-01 00:00:00+00:00,107.06999969482422
2002-10-02 00:00:00+00:00,107.16000366210938
2002-10-03 00:00:00+00:00,106.97000122070312
2002-10-04 00:00:00+00:00,107.5999984741211
2002-10-07 00:00:00+00:00,107.55000305175781
2002-10-08 00:00:00+00:00,108.06999969482422
2002-10-09 00:00:00+00:00,106.94000244140625
2002-10-10 00:00:00+00:00,107.19999694824219
2002-10-11 00:00:00+00:00,107.25
2002-10-14 00:00:00+00:00,107.1500015258789
2002-10-15 00:00:00+00:00,107.77999877929688
2002-10-16 00:00:00+00:00,107.62999725341797
2002-10-17 00:00:00+00:00,108.37000274658203
2002-10-18 00:00:00+00:00,108.5199966430664
2002-10-21 00:00:00+00:00,108.2300033569336
2002-10-22 00:00:00+00:00,107.94000244140625
2002-10-23 00:00:00+00:00,108.0
2002-10-24 00:00:00+00:00,107.91000366210938
2002-10-25 00:00:00+00:00,107.91999816894531
2002-10-28 00:00:00+00:00,107.16000366210938
2002-10-29 00:00:00+00:00,107.06999969482422
2002-10-30 00:00:00+00:00,107.06999969482422
2002-10-31 00:00:00+00:00,106.63999938964844
2002-11-01 00:00:00+00:00,106.08000183105469
2002-11-04 00:00:00+00:00,106.12000274658203
2002-11-05 00:00:00+00:00,105.87000274658203
2002-11-06 00:00:00+00:00,105.5999984741211
2002-11-07 00:00:00+00:00,104.97000122070312
2002-11-08 00:00:00+00:00,104.5
2002-11-11 00:00:00+00:00,104.56999969482422
2002-11-12 00:00:00+00:00,104.66000366210938
2002-11-13 00:00:00+00:00,105.0999984741211
2002-11-14 00:00:00+00:00,105.20999908447266
2002-11-15 00:00:00+00:00,105.04000091552734
2002-11-18 00:00:00+00:00,105.19999694824219
2002-11-19 00:00:00+00:00,105.66999816894531
2002-11-20 00:00:00+00:00,105.87000274658203
2002-11-21 00:00:00+00:00,105.80999755859375
2002-11-22 00:00:00+00:00,106.12000274658203
2002-11-25 00:00:00+00:00,106.54000091552734
2002-11-26 00:00:00+00:00,106.52999877929688
2002-11-27 00:00:00+00:00,106.7699966430664
2002-11-28 00:00:00+00:00,106.54000091552734
2002-11-29 00:00:00+00:00,106.41000366210938
2002-12-02 00:00:00+00:00,106.3499984741211
2002-12-03 00:00:00+00:00,106.37000274658203
2002-12-04 00:00:00+00:00,106.13999938964844
2002-12-05 00:00:00+00:00,106.0999984741211
2002-12-06 00:00:00+00:00,105.36000061035156
2002-12-09 00:00:00+00:00,105.23999786376953
2002-12-10 00:00:00+00:00,105.37000274658203
2002-12-11 00:00:00+00:00,105.3499984741211
2002-12-12 00:00:00+00:00,104.51000213623047
2002-12-13 00:00:00+00:00,103.9800033569336
2002-12-16 00:00:00+00:00,104.05999755859375
2002-12-17 00:00:00+00:00,103.51000213623047
2002-12-18 00:00:00+00:00,103.62999725341797
2002-12-19 00:00:00+00:00,103.4800033569336
2002-12-20 00:00:00+00:00,103.45999908447266
2002-12-23 00:00:00+00:00,103.63999938964844
2002-12-24 00:00:00+00:00,103.25
2002-12-26 00:00:00+00:00,102.81999969482422
2002-12-27 00:00:00+00:00,102.41000366210938
2002-12-30 00:00:00+00:00,102.01000213623047
2002-12-31 00:00:00+00:00,101.8499984741211
2003-01-02 00:00:00+00:00,102.9800033569336
2003-01-03 00:00:00+00:00,102.47000122070312
2003-01-06 00:00:00+00:00,101.97000122070312
2003-01-07 00:00:00+00:00,102.56999969482422
2003-01-08 00:00:00+00:00,101.87000274658203
2003-01-09 00:00:00+00:00,101.94000244140625
2003-01-10 00:00:00+00:00,101.2300033569336
2003-01-13 00:00:00+00:00,101.47000122070312
2003-01-14 00:00:00+00:00,101.20999908447266
2003-01-15 00:00:00+00:00,101.33999633789062
2003-01-16 00:00:00+00:00,100.79000091552734
2003-01-17 00:00:00+00:00,100.55000305175781
2003-01-21 00:00:00+00:00,100.2300033569336
2003-01-22 00:00:00+00:00,100.2300033569336
2003-01-23 00:00:00+00:00,99.86000061035156
2003-01-24 00:00:00+00:00,99.22000122070312
2003-01-27 00:00:00+00:00,99.26000213623047
2003-01-28 00:00:00+00:00,99.4800033569336
2003-01-29 00:00:00+00:00,99.27999877929688
2003-01-30 00:00:00+00:00,99.5199966430664
2003-01-31 00:00:00+00:00,99.91000366210938
2003-02-03 00:00:00+00:00,99.9000015258789
2003-02-04 00:00:00+00:00,99.13999938964844
2003-02-05 00:00:00+00:00,99.6500015258789
2003-02-06 00:00:00+00:00,99.45999908447266
2003-02-07 00:00:00+00:00,99.56999969482422
2003-02-10 00:00:00+00:00,100.2699966430664
2003-02-11 00:00:00+00:00,100.38999938964844
2003-02-12 00:00:00+00:00,100.51000213623047
2003-02-13 00:00:00+00:00,99.58999633789062
2003-02-14 00:00:00+00:00,100.04000091552734
2003-02-18 00:00:00+00:00,100.52999877929688
2003-02-19 00:00:00+00:00,100.0
2003-02-20 00:00:00+00:00,99.55000305175781
2003-02-21 00:00:00+00:00,100.08999633789062
2003-02-24 00:00:00+00:00,99.66000366210938
2003-02-25 00:00:00+00:00,99.83000183105469
2003-02-26 00:00:00+00:00,99.62000274658203
2003-02-27 00:00:00+00:00,99.80999755859375
2003-02-28 00:00:00+00:00,99.70999908447266
2003-03-03 00:00:00+00:00,99.0999984741211
2003-03-04 00:00:00+00:00,99.12999725341797
2003-03-05 00:00:00+00:00,98.27999877929688
2003-03-06 00:00:00+00:00,98.30999755859375
2003-03-07 00:00:00+00:00,98.04000091552734
2003-03-10 00:00:00+00:00,97.8499984741211
2003-03-11 00:00:00+00:00,97.98999786376953
2003-03-12 00:00:00+00:00,98.16000366210938
2003-03-13 00:00:00+00:00,99.55000305175781
2003-03-14 00:00:00+00:00,99.98999786376953
2003-03-17 00:00:00+00:00,100.73999786376953
2003-03-18 00:00:00+00:00,100.86000061035156
2003-03-19 00:00:00+00:00,101.58000183105469
2003-03-20 00:00:00+00:00,101.1500015258789
2003-03-21 00:00:00+00:00,101.91999816894531
2003-03-24 00:00:00+00:00,100.9800033569336
2003-03-25 00:00:00+00:00,100.87000274658203
2003-03-26 00:00:00+00:00,100.61000061035156
2003-03-27 00:00:00+00:00,100.63999938964844
2003-03-28 00:00:00+00:00,99.95999908447266
2003-03-31 00:00:00+00:00,99.05999755859375
2003-04-01 00:00:00+00:00,99.1500015258789
2003-04-02 00:00:00+00:00,100.08000183105469
2003-04-03 00:00:00+00:00,100.33999633789062
2003-04-04 00:00:00+00:00,100.44999694824219
2003-04-07 00:00:00+00:00,101.04000091552734
2003-04-08 00:00:00+00:00,100.52999877929688
2003-04-09 00:00:00+00:00,100.16000366210938
2003-04-10 00:00:00+00:00,99.81999969482422
2003-04-11 00:00:00+00:00,100.18000030517578
2003-04-14 00:00:00+00:00,99.95999908447266
2003-04-15 00:00:00+00:00,99.76000213623047
2003-04-16 00:00:00+00:00,99.05999755859375
2003-04-17 00:00:00+00:00,99.30000305175781
2003-04-21 00:00:00+00:00,99.58999633789062
2003-04-22 00:00:00+00:00,98.7300033569336
2003-04-23 00:00:00+00:00,98.77999877929688
2003-04-24 00:00:00+00:00,98.33000183105469
2003-04-25 00:00:00+00:00,98.36000061035156
2003-04-28 00:00:00+00:00,98.66999816894531
2003-04-29 00:00:00+00:00,98.0199966430664
2003-04-30 00:00:00+00:00,97.19000244140625
2003-05-01 00:00:00+00:00,96.69999694824219
2003-05-02 00:00:00+00:00,96.76000213623047
2003-05-05 00:00:00+00:00,96.37000274658203
2003-05-06 00:00:00+00:00,95.33999633789062
2003-05-07 00:00:00+00:00,95.58000183105469
2003-05-08 00:00:00+00:00,94.93000030517578
2003-05-09 00:00:00+00:00,94.9800033569336
2003-05-12 00:00:00+00:00,94.55000305175781
2003-05-13 00:00:00+00:00,94.72000122070312
2003-05-14 00:00:00+00:00,94.58000183105469
2003-05-15 00:00:00+00:00,95.22000122070312
2003-05-16 00:00:00+00:00,94.08000183105469
2003-05-19 00:00:00+00:00,93.77999877929688
2003-05-20 00:00:00+00:00,93.26000213623047
2003-05-21 00:00:00+00:00,93.54000091552734
2003-05-22 00:00:00+00:00,93.55999755859375
2003-05-23 00:00:00+00:00,93.05000305175781
2003-05-27 00:00:00+00:00,92.72000122070312
2003-05-28 00:00:00+00:00,93.44999694824219
2003-05-29 00:00:00+00:00,92.70999908447266
2003-05-30 00:00:00+00:00,93.2699966430664
2003-06-02 00:00:00+00:00,93.33999633789062
2003-06-03 00:00:00+00:00,93.52999877929688
2003-06-04 00:00:00+00:00,93.7300033569336
2003-06-05 00:00:00+00:00,92.5199966430664
2003-06-06 00:00:00+00:00,93.4800033569336
2003-06-09 00:00:00+00:00,93.30000305175781
2003-06-10 00:00:00+00:00,93.55999755859375
2003-06-11 00:00:00+00:00,92.97000122070312
2003-06-12 00:00:00+00:00,92.9000015258789
2003-06-13 00:00:00+00:00,92.22000122070312
2003-06-16 00:00:00+00:00,92.4000015258789
2003-06-17 00:00:00+00:00,92.61000061035156
2003-06-18 00:00:00+00:00,93.16999816894531
2003-06-19 00:00:00+00:00,93.16000366210938
2003-06-20 00:00:00+00:00,94.04000091552734
2003-06-23 00:00:00+00:00,94.08000183105469
2003-06-24 00:00:00+00:00,94.38999938964844
2003-06-25 00:00:00+00:00,94.12000274658203
2003-06-26 00:00:00+00:00,94.97000122070312
2003-06-27 00:00:00+00:00,95.1500015258789
2003-06-30 00:00:00+00:00,94.7300033569336
2003-07-01 00:00:00+00:00,94.30000305175781
2003-07-02 00:00:00+00:00,94.12000274658203
2003-07-03 00:00:00+00:00,94.41000366210938
2003-07-04 00:00:00+00:00,94.55000305175781
2003-07-07 00:00:00+00:00,95.51000213623047
2003-07-08 00:00:00+00:00,95.81999969482422
2003-07-09 00:00:00+00:00,95.58999633789062
2003-07-10 00:00:00+00:00,95.38999938964844
2003-07-11 00:00:00+00:00,95.80000305175781
2003-07-14 00:00:00+00:00,96.06999969482422
2003-07-15 00:00:00+00:00,96.06999969482422
2003-07-16 00:00:00+00:00,96.72000122070312
2003-07-17 00:00:00+00:00,96.86000061035156
2003-07-18 00:00:00+00:00,96.86000061035156
2003-07-21 00:00:00+00:00,96.11000061035156
2003-07-22 00:00:00+00:00,96.37999725341797
2003-07-23 00:00:00+00:00,95.44000244140625
2003-07-24 00:00:00+00:00,95.33999633789062
2003-07-25 00:00:00+00:00,94.95999908447266
2003-07-28 00:00:00+00:00,95.05999755859375
2003-07-29 00:00:00+00:00,95.33000183105469
2003-07-30 00:00:00+00:00,96.06999969482422
2003-07-31 00:00:00+00:00,96.88999938964844
2003-08-01 00:00:00+00:00,96.66000366210938
2003-08-04 00:00:00+00:00,96.18000030517578
2003-08-05 00:00:00+00:00,96.16000366210938
2003-08-06 00:00:00+00:00,96.2300033569336
2003-08-07 00:00:00+00:00,95.83000183105469
2003-08-08 00:00:00+00:00,96.36000061035156
2003-08-11 00:00:00+00:00,95.87000274658203
2003-08-12 00:00:00+00:00,96.1500015258789
2003-08-13 00:00:00+00:00,96.18000030517578
2003-08-14 00:00:00+00:00,96.68000030517578
2003-08-15 00:00:00+00:00,96.6500015258789
2003-08-18 00:00:00+00:00,97.3499984741211
2003-08-19 00:00:00+00:00,97.30999755859375
2003-08-20 00:00:00+00:00,97.37000274658203
2003-08-21 00:00:00+00:00,98.61000061035156
2003-08-22 00:00:00+00:00,98.83000183105469
2003-08-25 00:00:00+00:00,98.83000183105469
2003-08-26 00:00:00+00:00,98.76000213623047
2003-08-27 00:00:00+00:00,98.86000061035156
2003-08-28 00:00:00+00:00,98.83000183105469
2003-08-29 00:00:00+00:00,98.0999984741211
2003-09-01 00:00:00+00:00,98.0
2003-09-02 00:00:00+00:00,98.94999694824219
2003-09-03 00:00:00+00:00,98.70999908447266
2003-09-04 00:00:00+00:00,98.19999694824219
2003-09-05 00:00:00+00:00,97.08999633789062
2003-09-08 00:00:00+00:00,97.16000366210938
2003-09-09 00:00:00+00:00,96.44000244140625
2003-09-10 00:00:00+00:00,96.5
2003-09-11 00:00:00+00:00,96.55999755859375
2003-09-12 00:00:00+00:00,96.01000213623047
2003-09-15 00:00:00+00:00,95.9800033569336
2003-09-16 00:00:00+00:00,96.66999816894531
2003-09-17 00:00:00+00:00,95.73999786376953
2003-09-18 00:00:00+00:00,95.94999694824219
2003-09-19 00:00:00+00:00,94.95999908447266
2003-09-22 00:00:00+00:00,93.8499984741211
2003-09-23 00:00:00+00:00,93.98999786376953
2003-09-24 00:00:00+00:00,93.69999694824219
2003-09-25 00:00:00+00:00,93.76000213623047
2003-09-26 00:00:00+00:00,93.87000274658203
2003-09-29 00:00:00+00:00,93.08000183105469
2003-09-30 00:00:00+00:00,92.8499984741211
2003-10-01 00:00:00+00:00,92.38999938964844
2003-10-02 00:00:00+00:00,92.41999816894531
2003-10-03 00:00:00+00:00,93.2300033569336
2003-10-06 00:00:00+00:00,92.41000366210938
2003-10-07 00:00:00+00:00,91.88999938964844
2003-10-08 00:00:00+00:00,91.7300033569336
2003-10-09 00:00:00+00:00,91.98999786376953
2003-10-10 00:00:00+00:00,91.5199966430664
2003-10-13 00:00:00+00:00,91.88999938964844
2003-10-14 00:00:00+00:00,91.83000183105469
2003-10-15 00:00:00+00:00,92.41999816894531
2003-10-16 00:00:00+00:00,92.61000061035156
2003-10-17 00:00:00+00:00,92.29000091552734
2003-10-20 00:00:00+00:00,92.43000030517578
2003-10-21 00:00:00+00:00,92.37000274658203
2003-10-22 00:00:00+00:00,91.2699966430664
2003-10-23 00:00:00+00:00,91.51000213623047
2003-10-24 00:00:00+00:00,91.27999877929688
2003-10-27 00:00:00+00:00,91.61000061035156
2003-10-28 00:00:00+00:00,91.86000061035156
2003-10-29 00:00:00+00:00,91.86000061035156
2003-10-30 00:00:00+00:00,92.20999908447266
2003-10-31 00:00:00+00:00,92.7300033569336
2003-11-03 00:00:00+00:00,93.66000366210938
2003-11-04 00:00:00+00:00,93.2300033569336
2003-11-05 00:00:00+00:00,93.62999725341797
2003-11-06 00:00:00+00:00,93.88999938964844
2003-11-07 00:00:00+00:00,93.0199966430664
2003-11-10 00:00:00+00:00,93.05000305175781
2003-11-11 00:00:00+00:00,93.0999984741211
2003-11-12 00:00:00+00:00,92.30999755859375
2003-11-13 00:00:00+00:00,91.61000061035156
2003-11-14 00:00:00+00:00,91.44000244140625
2003-11-17 00:00:00+00:00,91.52999877929688
2003-11-18 00:00:00+00:00,90.33000183105469
2003-11-19 00:00:00+00:00,90.9000015258789
2003-11-20 00:00:00+00:00,90.66000366210938
2003-11-21 00:00:00+00:00,90.5999984741211
2003-11-24 00:00:00+00:00,91.58999633789062
2003-11-25 00:00:00+00:00,91.45999908447266
2003-11-26 00:00:00+00:00,90.5999984741211
2003-11-28 00:00:00+00:00,90.20999908447266
2003-12-01 00:00:00+00:00,90.3499984741211
2003-12-02 00:00:00+00:00,89.63999938964844
2003-12-03 00:00:00+00:00,89.5
2003-12-04 00:00:00+00:00,89.5999984741211
2003-12-05 00:00:00+00:00,89.13999938964844
2003-12-08 00:00:00+00:00,88.75
2003-12-09 00:00:00+00:00,88.61000061035156
2003-12-10 00:00:00+00:00,88.8499984741211
2003-12-11 00:00:00+00:00,88.87999725341797
2003-12-12 00:00:00+00:00,88.48999786376953
2003-12-15 00:00:00+00:00,88.45999908447266
2003-12-16 00:00:00+00:00,88.30999755859375
2003-12-17 00:00:00+00:00,87.94000244140625
2003-12-18 00:00:00+00:00,87.8499984741211
2003-12-19 00:00:00+00:00,88.11000061035156
2003-12-22 00:00:00+00:00,87.98999786376953
2003-12-23 00:00:00+00:00,87.98999786376953
2003-12-24 00:00:00+00:00,87.54000091552734
2003-12-26 00:00:00+00:00,87.62999725341797
2003-12-29 00:00:00+00:00,87.3499984741211
2003-12-30 00:00:00+00:00,87.0
2003-12-31 00:00:00+00:00,86.91999816894531
2004-01-02 00:00:00+00:00,86.91999816894531
2004-01-05 00:00:00+00:00,86.06999969482422
2004-01-06 00:00:00+00:00,85.62999725341797
2004-01-07 00:00:00+00:00,86.19999694824219
2004-01-08 00:00:00+00:00,85.56999969482422
2004-01-09 00:00:00+00:00,85.11000061035156
2004-01-12 00:00:00+00:00,85.55000305175781
2004-01-13 00:00:00+00:00,85.51000213623047
2004-01-14 00:00:00+00:00,86.02999877929688
2004-01-15 00:00:00+00:00,86.55999755859375
2004-01-16 00:00:00+00:00,87.7300033569336
2004-01-19 00:00:00+00:00,87.66000366210938
2004-01-20 00:00:00+00:00,86.70999908447266
2004-01-21 00:00:00+00:00,86.36000061035156
2004-01-22 00:00:00+00:00,85.81999969482422
2004-01-23 00:00:00+00:00,86.55999755859375
2004-01-26 00:00:00+00:00,87.25
2004-01-27 00:00:00+00:00,86.27999877929688
2004-01-28 00:00:00+00:00,86.97000122070312
2004-01-29 00:00:00+00:00,87.58000183105469
2004-01-30 00:00:00+00:00,87.19999694824219
2004-02-02 00:00:00+00:00,87.52999877929688
2004-02-03 00:00:00+00:00,86.79000091552734
2004-02-04 00:00:00+00:00,86.83999633789062
2004-02-05 00:00:00+00:00,86.9000015258789
2004-02-06 00:00:00+00:00,86.0199966430664
2004-02-09 00:00:00+00:00,86.0
2004-02-10 00:00:00+00:00,85.83999633789062
2004-02-11 00:00:00+00:00,85.19999694824219
2004-02-12 00:00:00+00:00,85.29000091552734
2004-02-13 00:00:00+00:00,85.55999755859375
2004-02-16 00:00:00+00:00,85.47000122070312
2004-02-17 00:00:00+00:00,85.0199966430664
2004-02-18 00:00:00+00:00,85.87999725341797
2004-02-19 00:00:00+00:00,85.94999694824219
2004-02-20 00:00:00+00:00,87.23999786376953
2004-02-23 00:00:00+00:00,87.04000091552734
2004-02-24 00:00:00+00:00,86.13999938964844
2004-02-25 00:00:00+00:00,87.25
2004-02-26 00:00:00+00:00,87.68000030517578
2004-02-27 00:00:00+00:00,87.30999755859375
2004-03-01 00:00:00+00:00,87.5199966430664
2004-03-02 00:00:00+00:00,88.83000183105469
2004-03-03 00:00:00+00:00,89.02999877929688
2004-03-04 00:00:00+00:00,89.13999938964844
2004-03-05 00:00:00+00:00,88.18000030517578
2004-03-08 00:00:00+00:00,88.0
2004-03-09 00:00:00+00:00,88.29000091552734
2004-03-10 00:00:00+00:00,88.94999694824219
2004-03-11 00:00:00+00:00,88.51000213623047
2004-03-12 00:00:00+00:00,89.12000274658203
2004-03-15 00:00:00+00:00,88.80999755859375
2004-03-16 00:00:00+00:00,88.58999633789062
2004-03-17 00:00:00+00:00,88.6500015258789
2004-03-18 00:00:00+00:00,87.69999694824219
2004-03-19 00:00:00+00:00,88.16000366210938
2004-03-22 00:00:00+00:00,87.80999755859375
2004-03-23 00:00:00+00:00,87.8499984741211
2004-03-24 00:00:00+00:00,88.93000030517578
2004-03-25 00:00:00+00:00,88.9000015258789
2004-03-26 00:00:00+00:00,88.88999938964844
2004-03-29 00:00:00+00:00,88.62999725341797
2004-03-30 00:00:00+00:00,88.43000030517578
2004-03-31 00:00:00+00:00,87.61000061035156
2004-04-01 00:00:00+00:00,87.20999908447266
2004-04-02 00:00:00+00:00,88.51000213623047
2004-04-05 00:00:00+00:00,89.22000122070312
2004-04-06 00:00:00+00:00,88.75
2004-04-07 00:00:00+00:00,88.2699966430664
2004-04-08 00:00:00+00:00,89.0199966430664
2004-04-12 00:00:00+00:00,88.94999694824219
2004-04-13 00:00:00+00:00,89.83000183105469
2004-04-14 00:00:00+00:00,90.23999786376953
2004-04-15 00:00:00+00:00,90.05999755859375
2004-04-16 00:00:00+00:00,89.94000244140625
2004-04-19 00:00:00+00:00,89.80000305175781
2004-04-20 00:00:00+00:00,90.48999786376953
2004-04-21 00:00:00+00:00,91.12000274658203
2004-04-22 00:00:00+00:00,90.81999969482422
2004-04-23 00:00:00+00:00,91.08000183105469
2004-04-26 00:00:00+00:00,90.62000274658203
2004-04-27 00:00:00+00:00,90.41000366210938
2004-04-28 00:00:00+00:00,91.16999816894531
2004-04-29 00:00:00+00:00,90.56999969482422
2004-04-30 00:00:00+00:00,90.4800033569336
2004-05-03 00:00:00+00:00,90.76000213623047
2004-05-04 00:00:00+00:00,89.80999755859375
2004-05-05 00:00:00+00:00,89.30999755859375
2004-05-06 00:00:00+00:00,89.87999725341797
2004-05-07 00:00:00+00:00,91.12999725341797
2004-05-10 00:00:00+00:00,91.55999755859375
2004-05-11 00:00:00+00:00,91.66000366210938
2004-05-12 00:00:00+00:00,91.29000091552734
2004-05-13 00:00:00+00:00,91.95999908447266
2004-05-14 00:00:00+00:00,91.66000366210938
2004-05-17 00:00:00+00:00,91.0
2004-05-18 00:00:00+00:00,91.25
2004-05-19 00:00:00+00:00,90.52999877929688
2004-05-20 00:00:00+00:00,91.02999877929688
2004-05-21 00:00:00+00:00,90.48999786376953
2004-05-24 00:00:00+00:00,90.4800033569336
2004-05-25 00:00:00+00:00,89.83999633789062
2004-05-26 00:00:00+00:00,89.72000122070312
2004-05-27 00:00:00+00:00,88.66999816894531
2004-05-28 00:00:00+00:00,88.94999694824219
2004-06-01 00:00:00+00:00,88.87999725341797
2004-06-02 00:00:00+00:00,88.83999633789062
2004-06-03 00:00:00+00:00,88.94999694824219
2004-06-04 00:00:00+00:00,88.54000091552734
2004-06-07 00:00:00+00:00,88.25
2004-06-08 00:00:00+00:00,88.51000213623047
2004-06-09 00:00:00+00:00,89.7300033569336
2004-06-10 00:00:00+00:00,89.25
2004-06-11 00:00:00+00:00,90.01000213623047
2004-06-14 00:00:00+00:00,89.94000244140625
2004-06-15 00:00:00+00:00,89.08999633789062
2004-06-16 00:00:00+00:00,90.04000091552734
2004-06-17 00:00:00+00:00,89.5999984741211
2004-06-18 00:00:00+00:00,89.08000183105469
2004-06-21 00:00:00+00:00,89.29000091552734
2004-06-22 00:00:00+00:00,89.43000030517578
2004-06-23 00:00:00+00:00,89.41999816894531
2004-06-24 00:00:00+00:00,88.75
2004-06-25 00:00:00+00:00,88.87999725341797
2004-06-28 00:00:00+00:00,88.72000122070312
2004-06-29 00:00:00+00:00,89.41000366210938
2004-06-30 00:00:00+00:00,88.80000305175781
2004-07-01 00:00:00+00:00,88.79000091552734
2004-07-02 00:00:00+00:00,87.97000122070312
2004-07-05 00:00:00+00:00,88.2300033569336
2004-07-06 00:00:00+00:00,88.12000274658203
2004-07-07 00:00:00+00:00,87.6500015258789
2004-07-08 00:00:00+00:00,87.54000091552734
2004-07-09 00:00:00+00:00,87.41999816894531
2004-07-12 00:00:00+00:00,87.38999938964844
2004-07-13 00:00:00+00:00,87.81999969482422
2004-07-14 00:00:00+00:00,87.58000183105469
2004-07-15 00:00:00+00:00,87.98999786376953
2004-07-16 00:00:00+00:00,87.13999938964844
2004-07-19 00:00:00+00:00,87.18000030517578
2004-07-20 00:00:00+00:00,87.83000183105469
2004-07-21 00:00:00+00:00,88.55999755859375
2004-07-22 00:00:00+00:00,88.44999694824219
2004-07-23 00:00:00+00:00,89.26000213623047
2004-07-26 00:00:00+00:00,89.02999877929688
2004-07-27 00:00:00+00:00,89.79000091552734
2004-07-28 00:00:00+00:00,89.75
2004-07-29 00:00:00+00:00,89.94999694824219
2004-07-30 00:00:00+00:00,89.95999908447266
2004-08-02 00:00:00+00:00,89.75
2004-08-03 00:00:00+00:00,89.56999969482422
2004-08-04 00:00:00+00:00,89.68000030517578
2004-08-05 00:00:00+00:00,89.63999938964844
2004-08-06 00:00:00+00:00,88.36000061035156
2004-08-09 00:00:00+00:00,88.38999938964844
2004-08-10 00:00:00+00:00,88.79000091552734
2004-08-11 00:00:00+00:00,88.8499984741211
2004-08-12 00:00:00+00:00,88.69000244140625
2004-08-13 00:00:00+00:00,87.9000015258789
2004-08-16 00:00:00+00:00,87.95999908447266
2004-08-17 00:00:00+00:00,88.05999755859375
2004-08-18 00:00:00+00:00,88.08000183105469
2004-08-19 00:00:00+00:00,87.79000091552734
2004-08-20 00:00:00+00:00,88.12000274658203
2004-08-23 00:00:00+00:00,89.05999755859375
2004-08-24 00:00:00+00:00,89.45999908447266
2004-08-25 00:00:00+00:00,89.41999816894531
2004-08-26 00:00:00+00:00,89.30000305175781
2004-08-27 00:00:00+00:00,89.7699966430664
2004-08-30 00:00:00+00:00,89.69000244140625
2004-08-31 00:00:00+00:00,88.94000244140625
2004-09-01 00:00:00+00:00,88.87000274658203
2004-09-02 00:00:00+00:00,88.9800033569336
2004-09-03 00:00:00+00:00,89.62999725341797
2004-09-06 00:00:00+00:00,89.52999877929688
2004-09-07 00:00:00+00:00,89.2300033569336
2004-09-08 00:00:00+00:00,88.7699966430664
2004-09-09 00:00:00+00:00,88.83000183105469
2004-09-10 00:00:00+00:00,88.38999938964844
2004-09-13 00:00:00+00:00,88.55000305175781
2004-09-14 00:00:00+00:00,88.45999908447266
2004-09-15 00:00:00+00:00,89.1500015258789
2004-09-16 00:00:00+00:00,88.79000091552734
2004-09-17 00:00:00+00:00,88.91000366210938
2004-09-20 00:00:00+00:00,88.98999786376953
2004-09-21 00:00:00+00:00,88.12999725341797
2004-09-22 00:00:00+00:00,88.51000213623047
2004-09-23 00:00:00+00:00,88.44000244140625
2004-09-24 00:00:00+00:00,88.4000015258789
2004-09-27 00:00:00+00:00,88.29000091552734
2004-09-28 00:00:00+00:00,88.11000061035156
2004-09-29 00:00:00+00:00,88.0999984741211
2004-09-30 00:00:00+00:00,87.36000061035156
2004-10-01 00:00:00+00:00,87.62999725341797
2004-10-04 00:00:00+00:00,88.37999725341797
2004-10-05 00:00:00+00:00,88.16999816894531
2004-10-06 00:00:00+00:00,88.4800033569336
2004-10-07 00:00:00+00:00,88.33999633789062
2004-10-08 00:00:00+00:00,87.44999694824219
2004-10-11 00:00:00+00:00,87.54000091552734
2004-10-12 00:00:00+00:00,88.0199966430664
2004-10-13 00:00:00+00:00,87.87999725341797
2004-10-14 00:00:00+00:00,87.55000305175781
2004-10-15 00:00:00+00:00,87.08999633789062
2004-10-18 00:00:00+00:00,87.0199966430664
2004-10-19 00:00:00+00:00,86.83999633789062
2004-10-20 00:00:00+00:00,86.3499984741211
2004-10-21 00:00:00+00:00,86.0199966430664
2004-10-22 00:00:00+00:00,85.87000274658203
2004-10-25 00:00:00+00:00,84.97000122070312
2004-10-26 00:00:00+00:00,85.20999908447266
2004-10-27 00:00:00+00:00,85.44000244140625
2004-10-28 00:00:00+00:00,85.27999877929688
2004-10-29 00:00:00+00:00,84.91000366210938
2004-11-01 00:00:00+00:00,85.19999694824219
2004-11-02 00:00:00+00:00,85.47000122070312
2004-11-03 00:00:00+00:00,84.69999694824219
2004-11-04 00:00:00+00:00,84.54000091552734
2004-11-05 00:00:00+00:00,84.01000213623047
2004-11-08 00:00:00+00:00,84.08999633789062
2004-11-09 00:00:00+00:00,84.29000091552734
2004-11-10 00:00:00+00:00,84.43000030517578
2004-11-11 00:00:00+00:00,84.37000274658203
2004-11-12 00:00:00+00:00,83.69000244140625
2004-11-15 00:00:00+00:00,84.0
2004-11-16 00:00:00+00:00,83.80000305175781
2004-11-17 00:00:00+00:00,83.29000091552734
2004-11-18 00:00:00+00:00,83.69000244140625
2004-11-19 00:00:00+00:00,83.30999755859375
2004-11-22 00:00:00+00:00,83.19000244140625
2004-11-23 00:00:00+00:00,82.97000122070312
2004-11-24 00:00:00+00:00,82.41000366210938
2004-11-25 00:00:00+00:00,82.18000030517578
2004-11-26 00:00:00+00:00,81.77999877929688
2004-11-29 00:00:00+00:00,81.93000030517578
2004-11-30 00:00:00+00:00,81.81999969482422
2004-12-01 00:00:00+00:00,81.55999755859375
2004-12-02 00:00:00+00:00,81.94999694824219
2004-12-03 00:00:00+00:00,80.9800033569336
2004-12-06 00:00:00+00:00,81.27999877929688
2004-12-07 00:00:00+00:00,81.23999786376953
2004-12-08 00:00:00+00:00,81.9000015258789
2004-12-09 00:00:00+00:00,82.02999877929688
2004-12-10 00:00:00+00:00,82.55000305175781
2004-12-13 00:00:00+00:00,82.0999984741211
2004-12-14 00:00:00+00:00,82.31999969482422
2004-12-15 00:00:00+00:00,81.62999725341797
2004-12-16 00:00:00+00:00,82.5
2004-12-17 00:00:00+00:00,82.16000366210938
2004-12-20 00:00:00+00:00,81.66999816894531
2004-12-21 00:00:00+00:00,81.94000244140625
2004-12-22 00:00:00+00:00,81.93000030517578
2004-12-23 00:00:00+00:00,81.33999633789062
2004-12-24 00:00:00+00:00,81.22000122070312
2004-12-27 00:00:00+00:00,80.72000122070312
2004-12-28 00:00:00+00:00,80.72000122070312
2004-12-29 00:00:00+00:00,80.97000122070312
2004-12-30 00:00:00+00:00,80.52999877929688
2004-12-31 00:00:00+00:00,80.8499984741211
2005-01-03 00:00:00+00:00,81.30000305175781
2005-01-04 00:00:00+00:00,82.56999969482422
2005-01-05 00:00:00+00:00,82.54000091552734
2005-01-06 00:00:00+00:00,83.1500015258789
2005-01-07 00:00:00+00:00,83.61000061035156
2005-01-10 00:00:00+00:00,83.29000091552734
2005-01-11 00:00:00+00:00,83.0199966430664
2005-01-12 00:00:00+00:00,82.13999938964844
2005-01-13 00:00:00+00:00,82.51000213623047
2005-01-14 00:00:00+00:00,83.05999755859375
2005-01-17 00:00:00+00:00,83.05999755859375
2005-01-18 00:00:00+00:00,83.36000061035156
2005-01-19 00:00:00+00:00,83.5999984741211
2005-01-20 00:00:00+00:00,83.83999633789062
2005-01-21 00:00:00+00:00,83.26000213623047
2005-01-24 00:00:00+00:00,83.23999786376953
2005-01-25 00:00:00+00:00,83.98999786376953
2005-01-26 00:00:00+00:00,83.30000305175781
2005-01-27 00:00:00+00:00,83.43000030517578
2005-01-28 00:00:00+00:00,83.4800033569336
2005-01-31 00:00:00+00:00,83.5999984741211
2005-02-01 00:00:00+00:00,83.44999694824219
2005-02-02 00:00:00+00:00,83.5199966430664
2005-02-03 00:00:00+00:00,83.97000122070312
2005-02-04 00:00:00+00:00,84.38999938964844
2005-02-07 00:00:00+00:00,85.04000091552734
2005-02-08 00:00:00+00:00,85.0999984741211
2005-02-09 00:00:00+00:00,85.0199966430664
2005-02-10 00:00:00+00:00,84.54000091552734
2005-02-11 00:00:00+00:00,84.56999969482422
2005-02-14 00:00:00+00:00,83.95999908447266
2005-02-15 00:00:00+00:00,83.58999633789062
2005-02-16 00:00:00+00:00,83.66999816894531
2005-02-17 00:00:00+00:00,83.47000122070312
2005-02-18 00:00:00+00:00,83.48999786376953
2005-02-21 00:00:00+00:00,83.55000305175781
2005-02-22 00:00:00+00:00,82.41000366210938
2005-02-23 00:00:00+00:00,82.68000030517578
2005-02-24 00:00:00+00:00,82.87999725341797
2005-02-25 00:00:00+00:00,82.66000366210938
2005-02-28 00:00:00+00:00,82.51000213623047
2005-03-01 00:00:00+00:00,82.7699966430664
2005-03-02 00:00:00+00:00,83.08000183105469
2005-03-03 00:00:00+00:00,83.27999877929688
2005-03-04 00:00:00+00:00,82.54000091552734
2005-03-07 00:00:00+00:00,82.79000091552734
2005-03-08 00:00:00+00:00,81.9800033569336
2005-03-09 00:00:00+00:00,81.62999725341797
2005-03-10 00:00:00+00:00,81.56999969482422
2005-03-11 00:00:00+00:00,81.41999816894531
2005-03-14 00:00:00+00:00,81.97000122070312
2005-03-15 00:00:00+00:00,82.12000274658203
2005-03-16 00:00:00+00:00,81.62000274658203
2005-03-17 00:00:00+00:00,81.83999633789062
2005-03-18 00:00:00+00:00,82.12999725341797
2005-03-21 00:00:00+00:00,82.87999725341797
2005-03-22 00:00:00+00:00,83.36000061035156
2005-03-23 00:00:00+00:00,84.0
2005-03-24 00:00:00+00:00,84.12999725341797
2005-03-28 00:00:00+00:00,84.62000274658203
2005-03-29 00:00:00+00:00,84.31999969482422
2005-03-30 00:00:00+00:00,84.29000091552734
2005-03-31 00:00:00+00:00,84.05999755859375
2005-04-01 00:00:00+00:00,84.43000030517578
2005-04-04 00:00:00+00:00,84.77999877929688
2005-04-05 00:00:00+00:00,84.66000366210938
2005-04-06 00:00:00+00:00,84.68000030517578
2005-04-07 00:00:00+00:00,84.87000274658203
2005-04-08 00:00:00+00:00,84.47000122070312
2005-04-11 00:00:00+00:00,84.16000366210938
2005-04-12 00:00:00+00:00,84.41999816894531
2005-04-13 00:00:00+00:00,84.41999816894531
2005-04-14 00:00:00+00:00,85.0
2005-04-15 00:00:00+00:00,84.55999755859375
2005-04-18 00:00:00+00:00,84.0
2005-04-19 00:00:00+00:00,83.76000213623047
2005-04-20 00:00:00+00:00,83.5199966430664
2005-04-21 00:00:00+00:00,83.69999694824219
2005-04-22 00:00:00+00:00,83.5
2005-04-25 00:00:00+00:00,83.81999969482422
2005-04-26 00:00:00+00:00,83.95999908447266
2005-04-27 00:00:00+00:00,84.12000274658203
2005-04-28 00:00:00+00:00,84.3499984741211
2005-04-29 00:00:00+00:00,84.43000030517578
2005-05-02 00:00:00+00:00,84.48999786376953
2005-05-03 00:00:00+00:00,84.51000213623047
2005-05-04 00:00:00+00:00,84.0
2005-05-05 00:00:00+00:00,83.94000244140625
2005-05-06 00:00:00+00:00,84.61000061035156
2005-05-09 00:00:00+00:00,84.63999938964844
2005-05-10 00:00:00+00:00,84.44999694824219
2005-05-11 00:00:00+00:00,84.94000244140625
2005-05-12 00:00:00+00:00,85.48999786376953
2005-05-13 00:00:00+00:00,86.0999984741211
2005-05-16 00:00:00+00:00,86.12000274658203
2005-05-17 00:00:00+00:00,86.20999908447266
2005-05-18 00:00:00+00:00,85.81999969482422
2005-05-19 00:00:00+00:00,86.08999633789062
2005-05-20 00:00:00+00:00,86.62999725341797
2005-05-23 00:00:00+00:00,86.4000015258789
2005-05-24 00:00:00+00:00,86.37000274658203
2005-05-25 00:00:00+00:00,86.3499984741211
2005-05-26 00:00:00+00:00,86.8499984741211
2005-05-27 00:00:00+00:00,86.41999816894531
2005-05-31 00:00:00+00:00,87.76000213623047
2005-06-01 00:00:00+00:00,88.11000061035156
2005-06-02 00:00:00+00:00,87.75
2005-06-03 00:00:00+00:00,88.04000091552734
2005-06-06 00:00:00+00:00,87.5999984741211
2005-06-07 00:00:00+00:00,87.48999786376953
2005-06-08 00:00:00+00:00,87.87999725341797
2005-06-09 00:00:00+00:00,88.06999969482422
2005-06-10 00:00:00+00:00,88.69000244140625
2005-06-13 00:00:00+00:00,88.94999694824219
2005-06-14 00:00:00+00:00,89.26000213623047
2005-06-15 00:00:00+00:00,88.6500015258789
2005-06-16 00:00:00+00:00,88.72000122070312
2005-06-17 00:00:00+00:00,87.7300033569336
2005-06-20 00:00:00+00:00,88.48999786376953
2005-06-21 00:00:00+00:00,88.18000030517578
2005-06-22 00:00:00+00:00,88.55999755859375
2005-06-23 00:00:00+00:00,89.12000274658203
2005-06-24 00:00:00+00:00,88.77999877929688
2005-06-27 00:00:00+00:00,88.44999694824219
2005-06-28 00:00:00+00:00,88.98999786376953
2005-06-29 00:00:00+00:00,89.11000061035156
2005-06-30 00:00:00+00:00,89.11000061035156
2005-07-01 00:00:00+00:00,90.12999725341797
2005-07-04 00:00:00+00:00,90.43000030517578
2005-07-05 00:00:00+00:00,90.44000244140625
2005-07-06 00:00:00+00:00,90.37999725341797
2005-07-07 00:00:00+00:00,90.27999877929688
2005-07-08 00:00:00+00:00,90.25
2005-07-11 00:00:00+00:00,89.45999908447266
2005-07-12 00:00:00+00:00,88.41000366210938
2005-07-13 00:00:00+00:00,89.30999755859375
2005-07-14 00:00:00+00:00,89.4000015258789
2005-07-15 00:00:00+00:00,89.72000122070312
2005-07-18 00:00:00+00:00,89.63999938964844
2005-07-19 00:00:00+00:00,89.8499984741211
2005-07-20 00:00:00+00:00,89.33999633789062
2005-07-21 00:00:00+00:00,88.93000030517578
2005-07-22 00:00:00+00:00,89.63999938964844
2005-07-25 00:00:00+00:00,89.5999984741211
2005-07-26 00:00:00+00:00,90.0
2005-07-27 00:00:00+00:00,89.7300033569336
2005-07-28 00:00:00+00:00,89.33999633789062
2005-07-29 00:00:00+00:00,89.3499984741211
2005-08-01 00:00:00+00:00,88.80000305175781
2005-08-02 00:00:00+00:00,88.76000213623047
2005-08-03 00:00:00+00:00,87.98999786376953
2005-08-04 00:00:00+00:00,87.80000305175781
2005-08-05 00:00:00+00:00,88.05999755859375
2005-08-08 00:00:00+00:00,87.91999816894531
2005-08-09 00:00:00+00:00,87.88999938964844
2005-08-10 00:00:00+00:00,87.61000061035156
2005-08-11 00:00:00+00:00,87.0999984741211
2005-08-12 00:00:00+00:00,86.9800033569336
2005-08-15 00:00:00+00:00,87.31999969482422
2005-08-16 00:00:00+00:00,87.43000030517578
2005-08-17 00:00:00+00:00,88.0
2005-08-18 00:00:00+00:00,88.58999633789062
2005-08-19 00:00:00+00:00,88.58000183105469
2005-08-22 00:00:00+00:00,88.13999938964844
2005-08-23 00:00:00+00:00,88.08000183105469
2005-08-24 00:00:00+00:00,87.91000366210938
2005-08-25 00:00:00+00:00,87.63999938964844
2005-08-26 00:00:00+00:00,87.86000061035156
2005-08-29 00:00:00+00:00,88.25
2005-08-30 00:00:00+00:00,88.3499984741211
2005-08-31 00:00:00+00:00,87.58000183105469
2005-09-01 00:00:00+00:00,86.55000305175781
2005-09-02 00:00:00+00:00,86.30000305175781
2005-09-06 00:00:00+00:00,86.56999969482422
2005-09-07 00:00:00+00:00,86.97000122070312
2005-09-08 00:00:00+00:00,87.04000091552734
2005-09-09 00:00:00+00:00,86.88999938964844
2005-09-12 00:00:00+00:00,87.70999908447266
2005-09-13 00:00:00+00:00,87.75
2005-09-14 00:00:00+00:00,87.66999816894531
2005-09-15 00:00:00+00:00,88.12999725341797
2005-09-16 00:00:00+00:00,88.05000305175781
2005-09-19 00:00:00+00:00,88.44000244140625
2005-09-20 00:00:00+00:00,88.5999984741211
2005-09-21 00:00:00+00:00,88.13999938964844
2005-09-22 00:00:00+00:00,88.55999755859375
2005-09-23 00:00:00+00:00,89.20999908447266
2005-09-26 00:00:00+00:00,89.11000061035156
2005-09-27 00:00:00+00:00,89.5999984741211
2005-09-28 00:00:00+00:00,89.47000122070312
2005-09-29 00:00:00+00:00,89.4000015258789
2005-09-30 00:00:00+00:00,89.5199966430664
2005-10-03 00:00:00+00:00,90.12999725341797
2005-10-04 00:00:00+00:00,90.0999984741211
2005-10-05 00:00:00+00:00,89.9800033569336
2005-10-06 00:00:00+00:00,88.66000366210938
2005-10-07 00:00:00+00:00,89.16999816894531
2005-10-10 00:00:00+00:00,89.45999908447266
2005-10-11 00:00:00+00:00,89.97000122070312
2005-10-12 00:00:00+00:00,89.62999725341797
2005-10-13 00:00:00+00:00,89.80999755859375
2005-10-14 00:00:00+00:00,89.3499984741211
2005-10-17 00:00:00+00:00,89.80000305175781
2005-10-18 00:00:00+00:00,90.29000091552734
2005-10-19 00:00:00+00:00,89.98999786376953
2005-10-20 00:00:00+00:00,89.91000366210938
2005-10-21 00:00:00+00:00,90.30999755859375
2005-10-24 00:00:00+00:00,90.11000061035156
2005-10-25 00:00:00+00:00,89.23999786376953
2005-10-26 00:00:00+00:00,89.48999786376953
2005-10-27 00:00:00+00:00,89.0999984741211
2005-10-28 00:00:00+00:00,89.58999633789062
2005-10-31 00:00:00+00:00,90.06999969482422
2005-11-01 00:00:00+00:00,90.08000183105469
2005-11-02 00:00:00+00:00,89.72000122070312
2005-11-03 00:00:00+00:00,90.44000244140625
2005-11-04 00:00:00+00:00,91.26000213623047
2005-11-07 00:00:00+00:00,91.29000091552734
2005-11-08 00:00:00+00:00,91.37000274658203
2005-11-09 00:00:00+00:00,91.5
2005-11-10 00:00:00+00:00,92.08000183105469
2005-11-11 00:00:00+00:00,91.9800033569336
2005-11-14 00:00:00+00:00,92.12999725341797
2005-11-15 00:00:00+00:00,92.08999633789062
2005-11-16 00:00:00+00:00,92.33000183105469
2005-11-17 00:00:00+00:00,91.87999725341797
2005-11-18 00:00:00+00:00,91.93000030517578
2005-11-21 00:00:00+00:00,92.02999877929688
2005-11-22 00:00:00+00:00,91.5
2005-11-23 00:00:00+00:00,91.51000213623047
2005-11-25 00:00:00+00:00,92.04000091552734
2005-11-28 00:00:00+00:00,90.9800033569336
2005-11-29 00:00:00+00:00,91.62000274658203
2005-11-30 00:00:00+00:00,91.56999969482422
2005-12-01 00:00:00+00:00,91.81999969482422
2005-12-02 00:00:00+00:00,91.94999694824219
2005-12-05 00:00:00+00:00,91.4800033569336
2005-12-06 00:00:00+00:00,91.44000244140625
2005-12-07 00:00:00+00:00,91.88999938964844
2005-12-08 00:00:00+00:00,91.26000213623047
2005-12-09 00:00:00+00:00,91.25
2005-12-12 00:00:00+00:00,90.3499984741211
2005-12-13 00:00:00+00:00,90.37999725341797
2005-12-14 00:00:00+00:00,89.83000183105469
2005-12-15 00:00:00+00:00,90.0199966430664
2005-12-16 00:00:00+00:00,89.69999694824219
2005-12-19 00:00:00+00:00,89.87000274658203
2005-12-20 00:00:00+00:00,90.77999877929688
2005-12-21 00:00:00+00:00,90.94000244140625
2005-12-22 00:00:00+00:00,90.72000122070312
2005-12-23 00:00:00+00:00,90.83999633789062
2005-12-27 00:00:00+00:00,91.19000244140625
2005-12-28 00:00:00+00:00,91.26000213623047
2005-12-29 00:00:00+00:00,91.0999984741211
2005-12-30 00:00:00+00:00,91.16999816894531
2006-01-03 00:00:00+00:00,89.83999633789062
2006-01-04 00:00:00+00:00,89.13999938964844
2006-01-05 00:00:00+00:00,89.33000183105469
2006-01-06 00:00:00+00:00,88.8499984741211
2006-01-09 00:00:00+00:00,89.25
2006-01-10 00:00:00+00:00,89.33000183105469
2006-01-11 00:00:00+00:00,88.98999786376953
2006-01-12 00:00:00+00:00,89.44000244140625
2006-01-13 00:00:00+00:00,88.88999938964844
2006-01-17 00:00:00+00:00,89.30000305175781
2006-01-18 00:00:00+00:00,89.26000213623047
2006-01-19 00:00:00+00:00,89.38999938964844
2006-01-20 00:00:00+00:00,88.94999694824219
2006-01-23 00:00:00+00:00,87.94999694824219
2006-01-24 00:00:00+00:00,88.05999755859375
2006-01-25 00:00:00+00:00,88.33000183105469
2006-01-26 00:00:00+00:00,88.62000274658203
2006-01-27 00:00:00+00:00,89.31999969482422
2006-01-30 00:00:00+00:00,89.41999816894531
2006-01-31 00:00:00+00:00,88.95999908447266
2006-02-01 00:00:00+00:00,89.51000213623047
2006-02-02 00:00:00+00:00,89.37000274658203
2006-02-03 00:00:00+00:00,89.88999938964844
2006-02-06 00:00:00+00:00,90.29000091552734
2006-02-07 00:00:00+00:00,90.23999786376953
2006-02-08 00:00:00+00:00,90.43000030517578
2006-02-09 00:00:00+00:00,90.29000091552734
2006-02-10 00:00:00+00:00,90.55000305175781
2006-02-13 00:00:00+00:00,90.54000091552734
2006-02-14 00:00:00+00:00,90.54000091552734
2006-02-15 00:00:00+00:00,90.72000122070312
2006-02-16 00:00:00+00:00,90.7300033569336
2006-02-17 00:00:00+00:00,90.63999938964844
2006-02-21 00:00:00+00:00,90.55000305175781
2006-02-22 00:00:00+00:00,90.66999816894531
2006-02-23 00:00:00+00:00,90.38999938964844
2006-02-24 00:00:00+00:00,90.61000061035156
2006-02-27 00:00:00+00:00,90.62999725341797
2006-02-28 00:00:00+00:00,90.11000061035156
2006-03-01 00:00:00+00:00,90.22000122070312
2006-03-02 00:00:00+00:00,89.55999755859375
2006-03-03 00:00:00+00:00,89.66000366210938
2006-03-06 00:00:00+00:00,89.88999938964844
2006-03-07 00:00:00+00:00,90.7699966430664
2006-03-08 00:00:00+00:00,90.62000274658203
2006-03-09 00:00:00+00:00,90.75
2006-03-10 00:00:00+00:00,90.8499984741211
2006-03-13 00:00:00+00:00,90.54000091552734
2006-03-14 00:00:00+00:00,90.0
2006-03-15 00:00:00+00:00,89.69999694824219
2006-03-16 00:00:00+00:00,89.06999969482422
2006-03-17 00:00:00+00:00,88.91999816894531
2006-03-20 00:00:00+00:00,89.12999725341797
2006-03-21 00:00:00+00:00,89.62000274658203
2006-03-22 00:00:00+00:00,89.72000122070312
2006-03-23 00:00:00+00:00,90.45999908447266
2006-03-24 00:00:00+00:00,90.06999969482422
2006-03-27 00:00:00+00:00,90.06999969482422
2006-03-28 00:00:00+00:00,90.25
2006-03-29 00:00:00+00:00,90.25
2006-03-30 00:00:00+00:00,89.38999938964844
2006-03-31 00:00:00+00:00,89.7300033569336
2006-04-03 00:00:00+00:00,89.62999725341797
2006-04-04 00:00:00+00:00,88.83000183105469
2006-04-05 00:00:00+00:00,88.62999725341797
2006-04-06 00:00:00+00:00,88.95999908447266
2006-04-07 00:00:00+00:00,89.62999725341797
2006-04-10 00:00:00+00:00,89.72000122070312
2006-04-11 00:00:00+00:00,89.44000244140625
2006-04-12 00:00:00+00:00,89.62000274658203
2006-04-13 00:00:00+00:00,89.62000274658203
2006-04-17 00:00:00+00:00,88.63999938964844
2006-04-18 00:00:00+00:00,88.23999786376953
2006-04-19 00:00:00+00:00,87.79000091552734
2006-04-20 00:00:00+00:00,88.25
2006-04-21 00:00:00+00:00,88.05000305175781
2006-04-24 00:00:00+00:00,87.44999694824219
2006-04-25 00:00:00+00:00,87.31999969482422
2006-04-26 00:00:00+00:00,87.22000122070312
2006-04-27 00:00:00+00:00,86.62999725341797
2006-04-28 00:00:00+00:00,86.11000061035156
2006-05-01 00:00:00+00:00,85.97000122070312
2006-05-02 00:00:00+00:00,85.79000091552734
2006-05-03 00:00:00+00:00,85.83999633789062
2006-05-04 00:00:00+00:00,85.83999633789062
2006-05-05 00:00:00+00:00,85.12000274658203
2006-05-08 00:00:00+00:00,85.2300033569336
2006-05-09 00:00:00+00:00,84.83000183105469
2006-05-10 00:00:00+00:00,84.5
2006-05-11 00:00:00+00:00,84.2699966430664
2006-05-12 00:00:00+00:00,83.95999908447266
2006-05-15 00:00:00+00:00,84.54000091552734
2006-05-16 00:00:00+00:00,84.16999816894531
2006-05-17 00:00:00+00:00,84.8499984741211
2006-05-18 00:00:00+00:00,84.51000213623047
2006-05-19 00:00:00+00:00,84.87999725341797
2006-05-22 00:00:00+00:00,84.3499984741211
2006-05-23 00:00:00+00:00,84.3499984741211
2006-05-24 00:00:00+00:00,84.94999694824219
2006-05-25 00:00:00+00:00,84.6500015258789
2006-05-26 00:00:00+00:00,85.26000213623047
2006-05-30 00:00:00+00:00,84.27999877929688
2006-05-31 00:00:00+00:00,84.72000122070312
2006-06-01 00:00:00+00:00,84.79000091552734
2006-06-02 00:00:00+00:00,84.05000305175781
2006-06-05 00:00:00+00:00,84.13999938964844
2006-06-06 00:00:00+00:00,84.7300033569336
2006-06-07 00:00:00+00:00,84.98999786376953
2006-06-08 00:00:00+00:00,85.91000366210938
2006-06-09 00:00:00+00:00,85.72000122070312
2006-06-12 00:00:00+00:00,85.8499984741211
2006-06-13 00:00:00+00:00,86.43000030517578
2006-06-14 00:00:00+00:00,86.13999938964844
2006-06-15 00:00:00+00:00,86.0199966430664
2006-06-16 00:00:00+00:00,85.91999816894531
2006-06-19 00:00:00+00:00,86.30999755859375
2006-06-20 00:00:00+00:00,86.18000030517578
2006-06-21 00:00:00+00:00,85.77999877929688
2006-06-22 00:00:00+00:00,86.38999938964844
2006-06-23 00:00:00+00:00,86.81999969482422
2006-06-26 00:00:00+00:00,86.48999786376953
2006-06-27 00:00:00+00:00,86.47000122070312
2006-06-28 00:00:00+00:00,86.62999725341797
2006-06-29 00:00:00+00:00,85.87000274658203
2006-06-30 00:00:00+00:00,85.22000122070312
2006-07-03 00:00:00+00:00,85.18000030517578
2006-07-05 00:00:00+00:00,85.5999984741211
2006-07-06 00:00:00+00:00,85.3499984741211
2006-07-07 00:00:00+00:00,84.9800033569336
2006-07-10 00:00:00+00:00,85.5
2006-07-11 00:00:00+00:00,85.36000061035156
2006-07-12 00:00:00+00:00,85.91000366210938
2006-07-13 00:00:00+00:00,85.79000091552734
2006-07-14 00:00:00+00:00,86.08999633789062
2006-07-17 00:00:00+00:00,86.95999908447266
2006-07-18 00:00:00+00:00,87.01000213623047
2006-07-19 00:00:00+00:00,86.45999908447266
2006-07-20 00:00:00+00:00,86.22000122070312
2006-07-21 00:00:00+00:00,85.93000030517578
2006-07-24 00:00:00+00:00,86.33999633789062
2006-07-25 00:00:00+00:00,86.63999938964844
2006-07-26 00:00:00+00:00,85.93000030517578
2006-07-27 00:00:00+00:00,85.87000274658203
2006-07-28 00:00:00+00:00,85.44000244140625
2006-07-31 00:00:00+00:00,85.30000305175781
2006-08-01 00:00:00+00:00,85.05000305175781
2006-08-02 00:00:00+00:00,85.05000305175781
2006-08-03 00:00:00+00:00,85.0199966430664
2006-08-04 00:00:00+00:00,84.56999969482422
2006-08-07 00:00:00+00:00,84.75
2006-08-08 00:00:00+00:00,84.66000366210938
2006-08-09 00:00:00+00:00,84.70999908447266
2006-08-10 00:00:00+00:00,85.08000183105469
2006-08-11 00:00:00+00:00,85.5199966430664
2006-08-14 00:00:00+00:00,85.63999938964844
2006-08-15 00:00:00+00:00,85.22000122070312
2006-08-16 00:00:00+00:00,84.87999725341797
2006-08-17 00:00:00+00:00,85.04000091552734
2006-08-18 00:00:00+00:00,85.08999633789062
2006-08-21 00:00:00+00:00,84.62999725341797
2006-08-22 00:00:00+00:00,85.18000030517578
2006-08-23 00:00:00+00:00,85.12999725341797
2006-08-24 00:00:00+00:00,85.27999877929688
2006-08-25 00:00:00+00:00,85.37999725341797
2006-08-28 00:00:00+00:00,85.2300033569336
2006-08-29 00:00:00+00:00,84.91000366210938
2006-08-30 00:00:00+00:00,84.97000122070312
2006-08-31 00:00:00+00:00,85.05000305175781
2006-09-01 00:00:00+00:00,84.94000244140625
2006-09-05 00:00:00+00:00,85.0
2006-09-06 00:00:00+00:00,85.0999984741211
2006-09-07 00:00:00+00:00,85.52999877929688
2006-09-08 00:00:00+00:00,85.94999694824219
2006-09-11 00:00:00+00:00,85.91999816894531
2006-09-12 00:00:00+00:00,85.91999816894531
2006-09-13 00:00:00+00:00,85.87000274658203
2006-09-14 00:00:00+00:00,85.66000366210938
2006-09-15 00:00:00+00:00,85.98999786376953
2006-09-18 00:00:00+00:00,85.80999755859375
2006-09-19 00:00:00+00:00,85.94000244140625
2006-09-20 00:00:00+00:00,85.80999755859375
2006-09-21 00:00:00+00:00,85.18000030517578
2006-09-22 00:00:00+00:00,85.19999694824219
2006-09-25 00:00:00+00:00,85.29000091552734
2006-09-26 00:00:00+00:00,85.62999725341797
2006-09-27 00:00:00+00:00,85.66000366210938
2006-09-28 00:00:00+00:00,85.72000122070312
2006-09-29 00:00:00+00:00,85.97000122070312
2006-10-02 00:00:00+00:00,85.58999633789062
2006-10-03 00:00:00+00:00,85.70999908447266
2006-10-04 00:00:00+00:00,85.83999633789062
2006-10-05 00:00:00+00:00,85.91999816894531
2006-10-06 00:00:00+00:00,86.44000244140625
2006-10-09 00:00:00+00:00,86.5199966430664
2006-10-10 00:00:00+00:00,87.0199966430664
2006-10-11 00:00:00+00:00,87.12000274658203
2006-10-12 00:00:00+00:00,86.91999816894531
2006-10-13 00:00:00+00:00,87.12000274658203
2006-10-16 00:00:00+00:00,87.0
2006-10-17 00:00:00+00:00,86.87000274658203
2006-10-18 00:00:00+00:00,86.87999725341797
2006-10-19 00:00:00+00:00,86.23999786376953
2006-10-20 00:00:00+00:00,86.2699966430664
2006-10-23 00:00:00+00:00,86.70999908447266
2006-10-24 00:00:00+00:00,86.62999725341797
2006-10-25 00:00:00+00:00,86.37999725341797
2006-10-26 00:00:00+00:00,85.88999938964844
2006-10-27 00:00:00+00:00,85.55999755859375
2006-10-30 00:00:00+00:00,85.58999633789062
2006-10-31 00:00:00+00:00,85.31999969482422
2006-11-01 00:00:00+00:00,85.31999969482422
2006-11-02 00:00:00+00:00,85.33999633789062
2006-11-03 00:00:00+00:00,85.70999908447266
2006-11-06 00:00:00+00:00,85.75
2006-11-07 00:00:00+00:00,85.43000030517578
2006-11-08 00:00:00+00:00,85.41000366210938
2006-11-09 00:00:00+00:00,85.18000030517578
2006-11-10 00:00:00+00:00,85.05000305175781
2006-11-13 00:00:00+00:00,85.36000061035156
2006-11-14 00:00:00+00:00,85.23999786376953
2006-11-15 00:00:00+00:00,85.33999633789062
2006-11-16 00:00:00+00:00,85.5
2006-11-17 00:00:00+00:00,85.37000274658203
2006-11-20 00:00:00+00:00,85.41999816894531
2006-11-21 00:00:00+00:00,85.23999786376953
2006-11-22 00:00:00+00:00,84.6500015258789
2006-11-23 00:00:00+00:00,84.4800033569336
2006-11-24 00:00:00+00:00,83.70999908447266
2006-11-27 00:00:00+00:00,83.51000213623047
2006-11-28 00:00:00+00:00,83.20999908447266
2006-11-29 00:00:00+00:00,83.44000244140625
2006-11-30 00:00:00+00:00,82.91999816894531
2006-12-01 00:00:00+00:00,82.4800033569336
2006-12-04 00:00:00+00:00,82.48999786376953
2006-12-05 00:00:00+00:00,82.44999694824219
2006-12-06 00:00:00+00:00,82.7699966430664
2006-12-07 00:00:00+00:00,82.80000305175781
2006-12-08 00:00:00+00:00,83.33000183105469
2006-12-11 00:00:00+00:00,83.12000274658203
2006-12-12 00:00:00+00:00,82.97000122070312
2006-12-13 00:00:00+00:00,82.97000122070312
2006-12-14 00:00:00+00:00,83.6500015258789
2006-12-15 00:00:00+00:00,84.05999755859375
2006-12-18 00:00:00+00:00,83.9800033569336
2006-12-19 00:00:00+00:00,83.45999908447266
2006-12-20 00:00:00+00:00,83.5199966430664
2006-12-21 00:00:00+00:00,83.56999969482422
2006-12-22 00:00:00+00:00,83.94000244140625
2006-12-26 00:00:00+00:00,84.06999969482422
2006-12-27 00:00:00+00:00,83.94000244140625
2006-12-28 00:00:00+00:00,83.81999969482422
2006-12-29 00:00:00+00:00,83.72000122070312
2007-01-02 00:00:00+00:00,83.19999694824219
2007-01-03 00:00:00+00:00,83.91999816894531
2007-01-04 00:00:00+00:00,84.31999969482422
2007-01-05 00:00:00+00:00,84.62999725341797
2007-01-08 00:00:00+00:00,84.5999984741211
2007-01-09 00:00:00+00:00,84.73999786376953
2007-01-10 00:00:00+00:00,85.08000183105469
2007-01-11 00:00:00+00:00,85.30999755859375
2007-01-12 00:00:00+00:00,85.02999877929688
2007-01-16 00:00:00+00:00,85.05000305175781
2007-01-17 00:00:00+00:00,84.9800033569336
2007-01-18 00:00:00+00:00,84.91000366210938
2007-01-19 00:00:00+00:00,84.86000061035156
2007-01-22 00:00:00+00:00,85.0199966430664
2007-01-23 00:00:00+00:00,84.66999816894531
2007-01-24 00:00:00+00:00,84.94000244140625
2007-01-25 00:00:00+00:00,85.11000061035156
2007-01-26 00:00:00+00:00,85.27999877929688
2007-01-29 00:00:00+00:00,85.0999984741211
2007-01-30 00:00:00+00:00,85.02999877929688
2007-01-31 00:00:00+00:00,84.61000061035156
2007-02-01 00:00:00+00:00,84.62999725341797
2007-02-02 00:00:00+00:00,84.95999908447266
2007-02-05 00:00:00+00:00,85.08000183105469
2007-02-06 00:00:00+00:00,84.77999877929688
2007-02-07 00:00:00+00:00,84.75
2007-02-08 00:00:00+00:00,84.69999694824219
2007-02-09 00:00:00+00:00,84.87000274658203
2007-02-12 00:00:00+00:00,85.1500015258789
2007-02-13 00:00:00+00:00,84.7300033569336
2007-02-14 00:00:00+00:00,84.19999694824219
2007-02-15 00:00:00+00:00,84.01000213623047
2007-02-16 00:00:00+00:00,84.08999633789062
2007-02-20 00:00:00+00:00,84.19000244140625
2007-02-21 00:00:00+00:00,84.20999908447266
2007-02-22 00:00:00+00:00,84.31999969482422
2007-02-23 00:00:00+00:00,84.06999969482422
2007-02-26 00:00:00+00:00,83.93000030517578
2007-02-27 00:00:00+00:00,83.4800033569336
2007-02-28 00:00:00+00:00,83.56999969482422
2007-03-01 00:00:00+00:00,83.68000030517578
2007-03-02 00:00:00+00:00,83.73999786376953
2007-03-05 00:00:00+00:00,84.1500015258789
2007-03-06 00:00:00+00:00,84.06999969482422
2007-03-07 00:00:00+00:00,83.77999877929688
2007-03-08 00:00:00+00:00,84.0999984741211
2007-03-09 00:00:00+00:00,84.23999786376953
2007-03-12 00:00:00+00:00,83.86000061035156
2007-03-13 00:00:00+00:00,83.7300033569336
2007-03-14 00:00:00+00:00,83.61000061035156
2007-03-15 00:00:00+00:00,83.68000030517578
2007-03-16 00:00:00+00:00,83.2300033569336
2007-03-19 00:00:00+00:00,83.38999938964844
2007-03-20 00:00:00+00:00,83.11000061035156
2007-03-21 00:00:00+00:00,82.7699966430664
2007-03-22 00:00:00+00:00,83.08999633789062
2007-03-23 00:00:00+00:00,83.27999877929688
2007-03-26 00:00:00+00:00,83.08000183105469
2007-03-27 00:00:00+00:00,83.01000213623047
2007-03-28 00:00:00+00:00,83.02999877929688
2007-03-29 00:00:00+00:00,83.08999633789062
2007-03-30 00:00:00+00:00,82.93000030517578
2007-04-02 00:00:00+00:00,82.87000274658203
2007-04-03 00:00:00+00:00,83.1500015258789
2007-04-04 00:00:00+00:00,82.95999908447266
2007-04-05 00:00:00+00:00,82.68000030517578
2007-04-09 00:00:00+00:00,83.0999984741211
2007-04-10 00:00:00+00:00,82.69999694824219
2007-04-11 00:00:00+00:00,82.66999816894531
2007-04-12 00:00:00+00:00,82.37000274658203
2007-04-13 00:00:00+00:00,82.12999725341797
2007-04-16 00:00:00+00:00,82.06999969482422
2007-04-17 00:00:00+00:00,81.83000183105469
2007-04-18 00:00:00+00:00,81.73999786376953
2007-04-19 00:00:00+00:00,81.63999938964844
2007-04-20 00:00:00+00:00,81.63999938964844
2007-04-23 00:00:00+00:00,81.73999786376953
2007-04-24 00:00:00+00:00,81.55000305175781
2007-04-25 00:00:00+00:00,81.43000030517578
2007-04-26 00:00:00+00:00,81.75
2007-04-27 00:00:00+00:00,81.52999877929688
2007-04-30 00:00:00+00:00,81.44999694824219
2007-05-01 00:00:00+00:00,81.5999984741211
2007-05-02 00:00:00+00:00,81.73999786376953
2007-05-03 00:00:00+00:00,81.94999694824219
2007-05-04 00:00:00+00:00,81.73999786376953
2007-05-07 00:00:00+00:00,81.68000030517578
2007-05-08 00:00:00+00:00,81.94000244140625
2007-05-09 00:00:00+00:00,82.0199966430664
2007-05-10 00:00:00+00:00,82.29000091552734
2007-05-11 00:00:00+00:00,82.12000274658203
2007-05-14 00:00:00+00:00,82.06999969482422
2007-05-15 00:00:00+00:00,81.75
2007-05-16 00:00:00+00:00,82.16000366210938
2007-05-17 00:00:00+00:00,82.31999969482422
2007-05-18 00:00:00+00:00,82.19999694824219
2007-05-21 00:00:00+00:00,82.36000061035156
2007-05-22 00:00:00+00:00,82.38999938964844
2007-05-23 00:00:00+00:00,82.30999755859375
2007-05-24 00:00:00+00:00,82.41000366210938
2007-05-25 00:00:00+00:00,82.33000183105469
2007-05-29 00:00:00+00:00,82.30999755859375
2007-05-30 00:00:00+00:00,82.43000030517578
2007-05-31 00:00:00+00:00,82.30000305175781
2007-06-01 00:00:00+00:00,82.31999969482422
2007-06-04 00:00:00+00:00,82.05999755859375
2007-06-05 00:00:00+00:00,81.88999938964844
2007-06-06 00:00:00+00:00,81.9000015258789
2007-06-07 00:00:00+00:00,82.29000091552734
2007-06-08 00:00:00+00:00,82.69000244140625
2007-06-11 00:00:00+00:00,82.70999908447266
2007-06-12 00:00:00+00:00,82.88999938964844
2007-06-13 00:00:00+00:00,83.04000091552734
2007-06-14 00:00:00+00:00,83.12999725341797
2007-06-15 00:00:00+00:00,82.8499984741211
2007-06-18 00:00:00+00:00,82.70999908447266
2007-06-19 00:00:00+00:00,82.54000091552734
2007-06-20 00:00:00+00:00,82.5199966430664
2007-06-21 00:00:00+00:00,82.7300033569336
2007-06-22 00:00:00+00:00,82.33999633789062
2007-06-25 00:00:00+00:00,82.31999969482422
2007-06-26 00:00:00+00:00,82.29000091552734
2007-06-27 00:00:00+00:00,82.31999969482422
2007-06-28 00:00:00+00:00,82.33000183105469
2007-06-29 00:00:00+00:00,81.91999816894531
2007-07-02 00:00:00+00:00,81.38999938964844
2007-07-03 00:00:00+00:00,81.43000030517578
2007-07-05 00:00:00+00:00,81.54000091552734
2007-07-06 00:00:00+00:00,81.45999908447266
2007-07-09 00:00:00+00:00,81.43000030517578
2007-07-10 00:00:00+00:00,80.86000061035156
2007-07-11 00:00:00+00:00,80.7300033569336
2007-07-12 00:00:00+00:00,80.63999938964844
2007-07-13 00:00:00+00:00,80.58000183105469
2007-07-16 00:00:00+00:00,80.5199966430664
2007-07-17 00:00:00+00:00,80.54000091552734
2007-07-18 00:00:00+00:00,80.41999816894531
2007-07-19 00:00:00+00:00,80.41999816894531
2007-07-20 00:00:00+00:00,80.29000091552734
2007-07-23 00:00:00+00:00,80.3499984741211
2007-07-24 00:00:00+00:00,80.08000183105469
2007-07-25 00:00:00+00:00,80.6500015258789
2007-07-26 00:00:00+00:00,80.44999694824219
2007-07-27 00:00:00+00:00,80.94999694824219
2007-07-30 00:00:00+00:00,80.8499984741211
2007-07-31 00:00:00+00:00,80.7699966430664
2007-08-01 00:00:00+00:00,80.87000274658203
2007-08-02 00:00:00+00:00,80.70999908447266
2007-08-03 00:00:00+00:00,80.18000030517578
2007-08-06 00:00:00+00:00,80.25
2007-08-07 00:00:00+00:00,80.4800033569336
2007-08-08 00:00:00+00:00,80.33999633789062
2007-08-09 00:00:00+00:00,80.73999786376953
2007-08-10 00:00:00+00:00,80.68000030517578
2007-08-13 00:00:00+00:00,81.05000305175781
2007-08-14 00:00:00+00:00,81.48999786376953
2007-08-15 00:00:00+00:00,81.81999969482422
2007-08-16 00:00:00+00:00,81.7300033569336
2007-08-17 00:00:00+00:00,81.43000030517578
2007-08-20 00:00:00+00:00,81.4000015258789
2007-08-21 00:00:00+00:00,81.48999786376953
2007-08-22 00:00:00+00:00,81.25
2007-08-23 00:00:00+00:00,81.13999938964844
2007-08-24 00:00:00+00:00,80.66999816894531
2007-08-27 00:00:00+00:00,80.73999786376953
2007-08-28 00:00:00+00:00,80.76000213623047
2007-08-29 00:00:00+00:00,80.69999694824219
2007-08-30 00:00:00+00:00,80.79000091552734
2007-08-31 00:00:00+00:00,80.79000091552734
2007-09-04 00:00:00+00:00,80.87999725341797
2007-09-05 00:00:00+00:00,80.62000274658203
2007-09-06 00:00:00+00:00,80.47000122070312
2007-09-07 00:00:00+00:00,79.95999908447266
2007-09-10 00:00:00+00:00,79.81999969482422
2007-09-11 00:00:00+00:00,79.69999694824219
2007-09-12 00:00:00+00:00,79.36000061035156
2007-09-13 00:00:00+00:00,79.51000213623047
2007-09-14 00:00:00+00:00,79.62000274658203
2007-09-17 00:00:00+00:00,79.72000122070312
2007-09-18 00:00:00+00:00,79.20999908447266
2007-09-19 00:00:00+00:00,79.30000305175781
2007-09-20 00:00:00+00:00,78.58000183105469
2007-09-21 00:00:00+00:00,78.5999984741211
2007-09-24 00:00:00+00:00,78.52999877929688
2007-09-25 00:00:00+00:00,78.30999755859375
2007-09-26 00:00:00+00:00,78.48999786376953
2007-09-27 00:00:00+00:00,78.33999633789062
2007-09-28 00:00:00+00:00,77.72000122070312
2007-10-01 00:00:00+00:00,77.9000015258789
2007-10-02 00:00:00+00:00,78.30000305175781
2007-10-03 00:00:00+00:00,78.56999969482422
2007-10-04 00:00:00+00:00,78.4800033569336
2007-10-05 00:00:00+00:00,78.30999755859375
2007-10-08 00:00:00+00:00,78.66999816894531
2007-10-09 00:00:00+00:00,78.52999877929688
2007-10-10 00:00:00+00:00,78.37999725341797
2007-10-11 00:00:00+00:00,78.08000183105469
2007-10-12 00:00:00+00:00,78.22000122070312
2007-10-15 00:00:00+00:00,78.08999633789062
2007-10-16 00:00:00+00:00,78.25
2007-10-17 00:00:00+00:00,78.12000274658203
2007-10-18 00:00:00+00:00,77.58999633789062
2007-10-19 00:00:00+00:00,77.41000366210938
2007-10-22 00:00:00+00:00,78.05999755859375
2007-10-23 00:00:00+00:00,77.58999633789062
2007-10-24 00:00:00+00:00,77.55000305175781
2007-10-25 00:00:00+00:00,77.27999877929688
2007-10-26 00:00:00+00:00,77.02999877929688
2007-10-29 00:00:00+00:00,76.83999633789062
2007-10-30 00:00:00+00:00,76.7699966430664
2007-10-31 00:00:00+00:00,76.4800033569336
2007-11-01 00:00:00+00:00,76.58999633789062
2007-11-02 00:00:00+00:00,76.33999633789062
2007-11-05 00:00:00+00:00,76.43000030517578
2007-11-06 00:00:00+00:00,76.04000091552734
2007-11-07 00:00:00+00:00,75.41000366210938
2007-11-08 00:00:00+00:00,75.45999908447266
2007-11-09 00:00:00+00:00,75.4000015258789
2007-11-12 00:00:00+00:00,75.9000015258789
2007-11-13 00:00:00+00:00,75.87999725341797
2007-11-14 00:00:00+00:00,75.80999755859375
2007-11-15 00:00:00+00:00,76.06999969482422
2007-11-16 00:00:00+00:00,75.83000183105469
2007-11-19 00:00:00+00:00,75.77999877929688
2007-11-20 00:00:00+00:00,75.20999908447266
2007-11-21 00:00:00+00:00,75.06999969482422
2007-11-23 00:00:00+00:00,75.05000305175781
2007-11-26 00:00:00+00:00,74.86000061035156
2007-11-27 00:00:00+00:00,75.0999984741211
2007-11-28 00:00:00+00:00,75.08000183105469
2007-11-29 00:00:00+00:00,75.58999633789062
2007-11-30 00:00:00+00:00,76.1500015258789
2007-12-03 00:00:00+00:00,75.93000030517578
2007-12-04 00:00:00+00:00,75.69000244140625
2007-12-05 00:00:00+00:00,76.41000366210938
2007-12-06 00:00:00+00:00,76.37999725341797
2007-12-07 00:00:00+00:00,76.29000091552734
2007-12-10 00:00:00+00:00,76.05999755859375
2007-12-11 00:00:00+00:00,76.22000122070312
2007-12-12 00:00:00+00:00,76.13999938964844
2007-12-13 00:00:00+00:00,76.55999755859375
2007-12-14 00:00:00+00:00,77.44000244140625
2007-12-17 00:00:00+00:00,77.4000015258789
2007-12-18 00:00:00+00:00,77.41000366210938
2007-12-19 00:00:00+00:00,77.58999633789062
2007-12-20 00:00:00+00:00,77.79000091552734
2007-12-21 00:00:00+00:00,77.72000122070312
2007-12-24 00:00:00+00:00,77.56999969482422
2007-12-26 00:00:00+00:00,77.1500015258789
2007-12-27 00:00:00+00:00,76.61000061035156
2007-12-28 00:00:00+00:00,76.22000122070312
2007-12-31 00:00:00+00:00,76.69999694824219
2008-01-02 00:00:00+00:00,75.97000122070312
2008-01-03 00:00:00+00:00,75.88999938964844
2008-01-04 00:00:00+00:00,75.79000091552734
2008-01-07 00:00:00+00:00,76.16999816894531
2008-01-08 00:00:00+00:00,76.11000061035156
2008-01-09 00:00:00+00:00,76.41999816894531
2008-01-10 00:00:00+00:00,75.93000030517578
2008-01-11 00:00:00+00:00,75.9800033569336
2008-01-14 00:00:00+00:00,75.61000061035156
2008-01-15 00:00:00+00:00,75.56999969482422
2008-01-16 00:00:00+00:00,76.26000213623047
2008-01-17 00:00:00+00:00,76.16999816894531
2008-01-18 00:00:00+00:00,76.37999725341797
2008-01-22 00:00:00+00:00,76.3499984741211
2008-01-23 00:00:00+00:00,76.4000015258789
2008-01-24 00:00:00+00:00,75.69000244140625
2008-01-25 00:00:00+00:00,75.97000122070312
2008-01-28 00:00:00+00:00,75.58000183105469
2008-01-29 00:00:00+00:00,75.54000091552734
2008-01-30 00:00:00+00:00,75.02999877929688
2008-01-31 00:00:00+00:00,75.18000030517578
2008-02-01 00:00:00+00:00,75.44999694824219
2008-02-04 00:00:00+00:00,75.37000274658203
2008-02-05 00:00:00+00:00,76.12000274658203
2008-02-06 00:00:00+00:00,76.13999938964844
2008-02-07 00:00:00+00:00,76.94000244140625
2008-02-08 00:00:00+00:00,76.66999816894531
2008-02-11 00:00:00+00:00,76.58000183105469
2008-02-12 00:00:00+00:00,76.31999969482422
2008-02-13 00:00:00+00:00,76.4000015258789
2008-02-14 00:00:00+00:00,76.1500015258789
2008-02-15 00:00:00+00:00,76.0999984741211
2008-02-19 00:00:00+00:00,76.0
2008-02-20 00:00:00+00:00,76.12000274658203
2008-02-21 00:00:00+00:00,75.5999984741211
2008-02-22 00:00:00+00:00,75.5199966430664
2008-02-25 00:00:00+00:00,75.52999877929688
2008-02-26 00:00:00+00:00,74.76000213623047
2008-02-27 00:00:00+00:00,74.20999908447266
2008-02-28 00:00:00+00:00,73.72000122070312
2008-02-29 00:00:00+00:00,73.70999908447266
2008-03-03 00:00:00+00:00,73.69999694824219
2008-03-04 00:00:00+00:00,73.66000366210938
2008-03-05 00:00:00+00:00,73.4800033569336
2008-03-06 00:00:00+00:00,73.0
2008-03-07 00:00:00+00:00,73.02999877929688
2008-03-10 00:00:00+00:00,72.98999786376953
2008-03-11 00:00:00+00:00,73.27999877929688
2008-03-12 00:00:00+00:00,72.4000015258789
2008-03-13 00:00:00+00:00,72.06999969482422
2008-03-14 00:00:00+00:00,71.66000366210938
2008-03-17 00:00:00+00:00,71.45999908447266
2008-03-18 00:00:00+00:00,71.56999969482422
2008-03-19 00:00:00+00:00,72.13999938964844
2008-03-20 00:00:00+00:00,72.75
2008-03-24 00:00:00+00:00,72.94999694824219
2008-03-25 00:00:00+00:00,72.27999877929688
2008-03-26 00:00:00+00:00,71.51000213623047
2008-03-27 00:00:00+00:00,71.66000366210938
2008-03-28 00:00:00+00:00,71.68000030517578
2008-03-31 00:00:00+00:00,71.80000305175781
2008-04-01 00:00:00+00:00,72.55999755859375
2008-04-02 00:00:00+00:00,72.26000213623047
2008-04-03 00:00:00+00:00,72.22000122070312
2008-04-04 00:00:00+00:00,72.0199966430664
2008-04-07 00:00:00+00:00,72.19999694824219
2008-04-08 00:00:00+00:00,72.2300033569336
2008-04-09 00:00:00+00:00,71.83000183105469
2008-04-10 00:00:00+00:00,72.12000274658203
2008-04-11 00:00:00+00:00,71.80999755859375
2008-04-14 00:00:00+00:00,71.87999725341797
2008-04-15 00:00:00+00:00,72.0199966430664
2008-04-16 00:00:00+00:00,71.41000366210938
2008-04-17 00:00:00+00:00,71.68000030517578
2008-04-18 00:00:00+00:00,72.01000213623047
2008-04-21 00:00:00+00:00,71.6500015258789
2008-04-22 00:00:00+00:00,71.33000183105469
2008-04-23 00:00:00+00:00,71.81999969482422
2008-04-24 00:00:00+00:00,72.54000091552734
2008-04-25 00:00:00+00:00,72.79000091552734
2008-04-28 00:00:00+00:00,72.79000091552734
2008-04-29 00:00:00+00:00,72.88999938964844
2008-04-30 00:00:00+00:00,72.51000213623047
2008-05-01 00:00:00+00:00,73.27999877929688
2008-05-02 00:00:00+00:00,73.5
2008-05-05 00:00:00+00:00,73.19000244140625
2008-05-06 00:00:00+00:00,73.0
2008-05-07 00:00:00+00:00,73.51000213623047
2008-05-08 00:00:00+00:00,73.4800033569336
2008-05-09 00:00:00+00:00,73.05000305175781
2008-05-12 00:00:00+00:00,72.94999694824219
2008-05-13 00:00:00+00:00,73.2699966430664
2008-05-14 00:00:00+00:00,73.4000015258789
2008-05-15 00:00:00+00:00,73.3499984741211
2008-05-16 00:00:00+00:00,72.83999633789062
2008-05-19 00:00:00+00:00,73.04000091552734
2008-05-20 00:00:00+00:00,72.4000015258789
2008-05-21 00:00:00+00:00,71.94000244140625
2008-05-22 00:00:00+00:00,72.27999877929688
2008-05-23 00:00:00+00:00,71.88999938964844
2008-05-27 00:00:00+00:00,72.33999633789062
2008-05-28 00:00:00+00:00,72.55000305175781
2008-05-29 00:00:00+00:00,73.0199966430664
2008-05-30 00:00:00+00:00,72.87999725341797
2008-06-02 00:00:00+00:00,72.93000030517578
2008-06-03 00:00:00+00:00,73.23999786376953
2008-06-04 00:00:00+00:00,73.41999816894531
2008-06-05 00:00:00+00:00,73.04000091552734
2008-06-06 00:00:00+00:00,72.38999938964844
2008-06-09 00:00:00+00:00,72.8499984741211
2008-06-10 00:00:00+00:00,73.69999694824219
2008-06-11 00:00:00+00:00,73.20999908447266
2008-06-12 00:00:00+00:00,73.86000061035156
2008-06-13 00:00:00+00:00,74.1500015258789
2008-06-16 00:00:00+00:00,73.61000061035156
2008-06-17 00:00:00+00:00,73.51000213623047
2008-06-18 00:00:00+00:00,73.44000244140625
2008-06-19 00:00:00+00:00,73.4800033569336
2008-06-20 00:00:00+00:00,73.02999877929688
2008-06-23 00:00:00+00:00,73.43000030517578
2008-06-24 00:00:00+00:00,73.23999786376953
2008-06-25 00:00:00+00:00,72.93000030517578
2008-06-26 00:00:00+00:00,72.48999786376953
2008-06-27 00:00:00+00:00,72.36000061035156
2008-06-30 00:00:00+00:00,72.45999908447266
2008-07-01 00:00:00+00:00,72.37000274658203
2008-07-02 00:00:00+00:00,72.02999877929688
2008-07-03 00:00:00+00:00,72.73999786376953
2008-07-07 00:00:00+00:00,72.66999816894531
2008-07-08 00:00:00+00:00,73.01000213623047
2008-07-09 00:00:00+00:00,72.58000183105469
2008-07-10 00:00:00+00:00,72.48999786376953
2008-07-11 00:00:00+00:00,72.0999984741211
2008-07-14 00:00:00+00:00,71.91999816894531
2008-07-15 00:00:00+00:00,71.87000274658203
2008-07-16 00:00:00+00:00,72.05999755859375
2008-07-17 00:00:00+00:00,72.23999786376953
2008-07-18 00:00:00+00:00,72.19000244140625
2008-07-21 00:00:00+00:00,71.98999786376953
2008-07-22 00:00:00+00:00,72.44999694824219
2008-07-23 00:00:00+00:00,72.80999755859375
2008-07-24 00:00:00+00:00,72.93000030517578
2008-07-25 00:00:00+00:00,72.86000061035156
2008-07-28 00:00:00+00:00,72.6500015258789
2008-07-29 00:00:00+00:00,73.30999755859375
2008-07-30 00:00:00+00:00,73.31999969482422
2008-07-31 00:00:00+00:00,73.2300033569336
2008-08-01 00:00:00+00:00,73.41999816894531
2008-08-04 00:00:00+00:00,73.45999908447266
2008-08-05 00:00:00+00:00,73.87999725341797
2008-08-06 00:00:00+00:00,74.23999786376953
2008-08-07 00:00:00+00:00,74.55000305175781
2008-08-08 00:00:00+00:00,75.8499984741211
2008-08-11 00:00:00+00:00,76.12999725341797
2008-08-12 00:00:00+00:00,76.1500015258789
2008-08-13 00:00:00+00:00,76.20999908447266
2008-08-14 00:00:00+00:00,76.66999816894531
2008-08-15 00:00:00+00:00,77.18000030517578
2008-08-18 00:00:00+00:00,77.12000274658203
2008-08-19 00:00:00+00:00,76.83999633789062
2008-08-20 00:00:00+00:00,76.95999908447266
2008-08-21 00:00:00+00:00,76.19999694824219
2008-08-22 00:00:00+00:00,76.80999755859375
2008-08-25 00:00:00+00:00,76.79000091552734
2008-08-26 00:00:00+00:00,77.25
2008-08-27 00:00:00+00:00,77.05000305175781
2008-08-28 00:00:00+00:00,77.1500015258789
2008-08-29 00:00:00+00:00,77.37999725341797
2008-09-02 00:00:00+00:00,78.05999755859375
2008-09-03 00:00:00+00:00,78.08999633789062
2008-09-04 00:00:00+00:00,78.61000061035156
2008-09-05 00:00:00+00:00,78.93000030517578
2008-09-08 00:00:00+00:00,79.58999633789062
2008-09-09 00:00:00+00:00,79.25
2008-09-10 00:00:00+00:00,79.8499984741211
2008-09-11 00:00:00+00:00,80.1500015258789
2008-09-12 00:00:00+00:00,78.97000122070312
2008-09-15 00:00:00+00:00,78.91000366210938
2008-09-16 00:00:00+00:00,79.06999969482422
2008-09-17 00:00:00+00:00,78.0999984741211
2008-09-18 00:00:00+00:00,78.0199966430664
2008-09-19 00:00:00+00:00,77.68000030517578
2008-09-22 00:00:00+00:00,76.1500015258789
2008-09-23 00:00:00+00:00,76.47000122070312
2008-09-24 00:00:00+00:00,76.79000091552734
2008-09-25 00:00:00+00:00,76.98999786376953
2008-09-26 00:00:00+00:00,76.94999694824219
2008-09-29 00:00:00+00:00,77.47000122070312
2008-09-30 00:00:00+00:00,79.44999694824219
2008-10-01 00:00:00+00:00,79.45999908447266
2008-10-02 00:00:00+00:00,80.44000244140625
2008-10-03 00:00:00+00:00,80.30999755859375
2008-10-06 00:00:00+00:00,81.68000030517578
2008-10-07 00:00:00+00:00,80.97000122070312
2008-10-08 00:00:00+00:00,80.91000366210938
2008-10-09 00:00:00+00:00,81.16000366210938
2008-10-10 00:00:00+00:00,83.0
2008-10-13 00:00:00+00:00,81.87999725341797
2008-10-14 00:00:00+00:00,81.36000061035156
2008-10-15 00:00:00+00:00,82.05000305175781
2008-10-16 00:00:00+00:00,82.45999908447266
2008-10-17 00:00:00+00:00,82.41000366210938
2008-10-20 00:00:00+00:00,83.0999984741211
2008-10-21 00:00:00+00:00,83.98999786376953
2008-10-22 00:00:00+00:00,85.37000274658203
2008-10-23 00:00:00+00:00,85.36000061035156
2008-10-24 00:00:00+00:00,86.44000244140625
2008-10-27 00:00:00+00:00,86.93000030517578
2008-10-28 00:00:00+00:00,87.02999877929688
2008-10-29 00:00:00+00:00,85.06999969482422
2008-10-30 00:00:00+00:00,84.55999755859375
2008-10-31 00:00:00+00:00,85.62999725341797
2008-11-03 00:00:00+00:00,86.3499984741211
2008-11-04 00:00:00+00:00,84.77999877929688
2008-11-05 00:00:00+00:00,84.61000061035156
2008-11-06 00:00:00+00:00,85.88999938964844
2008-11-07 00:00:00+00:00,85.91000366210938
2008-11-10 00:00:00+00:00,85.91000366210938
2008-11-11 00:00:00+00:00,87.06999969482422
2008-11-12 00:00:00+00:00,87.47000122070312
2008-11-13 00:00:00+00:00,86.94000244140625
2008-11-14 00:00:00+00:00,86.36000061035156
2008-11-17 00:00:00+00:00,86.80999755859375
2008-11-18 00:00:00+00:00,87.37000274658203
2008-11-19 00:00:00+00:00,87.30999755859375
2008-11-20 00:00:00+00:00,87.97000122070312
2008-11-21 00:00:00+00:00,88.19000244140625
2008-11-24 00:00:00+00:00,86.08000183105469
2008-11-25 00:00:00+00:00,85.0
2008-11-26 00:00:00+00:00,85.66999816894531
2008-11-28 00:00:00+00:00,86.5199966430664
2008-12-01 00:00:00+00:00,86.72000122070312
2008-12-02 00:00:00+00:00,86.69999694824219
2008-12-03 00:00:00+00:00,87.02999877929688
2008-12-04 00:00:00+00:00,86.44000244140625
2008-12-05 00:00:00+00:00,87.12000274658203
2008-12-08 00:00:00+00:00,85.55999755859375
2008-12-09 00:00:00+00:00,85.83999633789062
2008-12-10 00:00:00+00:00,85.4800033569336
2008-12-11 00:00:00+00:00,83.83000183105469
2008-12-12 00:00:00+00:00,83.63999938964844
2008-12-15 00:00:00+00:00,82.2699966430664
2008-12-16 00:00:00+00:00,80.68000030517578
2008-12-17 00:00:00+00:00,78.91000366210938
2008-12-18 00:00:00+00:00,79.47000122070312
2008-12-19 00:00:00+00:00,81.30000305175781
2008-12-22 00:00:00+00:00,81.08999633789062
2008-12-23 00:00:00+00:00,81.23999786376953
2008-12-24 00:00:00+00:00,81.20999908447266
2008-12-26 00:00:00+00:00,80.88999938964844
2008-12-29 00:00:00+00:00,80.68000030517578
2008-12-30 00:00:00+00:00,80.9000015258789
2008-12-31 00:00:00+00:00,81.30999755859375
2009-01-02 00:00:00+00:00,81.83999633789062
2009-01-05 00:00:00+00:00,82.63999938964844
2009-01-06 00:00:00+00:00,82.8499984741211
2009-01-07 00:00:00+00:00,82.27999877929688
2009-01-08 00:00:00+00:00,81.54000091552734
2009-01-09 00:00:00+00:00,82.66000366210938
2009-01-12 00:00:00+00:00,83.0199966430664
2009-01-13 00:00:00+00:00,84.2699966430664
2009-01-14 00:00:00+00:00,84.41999816894531
2009-01-15 00:00:00+00:00,84.44000244140625
2009-01-16 00:00:00+00:00,84.20999908447266
2009-01-20 00:00:00+00:00,86.22000122070312
2009-01-21 00:00:00+00:00,85.81999969482422
2009-01-22 00:00:00+00:00,85.5199966430664
2009-01-23 00:00:00+00:00,85.61000061035156
2009-01-26 00:00:00+00:00,84.7300033569336
2009-01-27 00:00:00+00:00,84.43000030517578
2009-01-28 00:00:00+00:00,84.66999816894531
2009-01-29 00:00:00+00:00,85.27999877929688
2009-01-30 00:00:00+00:00,86.0
2009-02-02 00:00:00+00:00,86.06999969482422
2009-02-03 00:00:00+00:00,85.05000305175781
2009-02-04 00:00:00+00:00,85.69999694824219
2009-02-05 00:00:00+00:00,86.05999755859375
2009-02-06 00:00:00+00:00,85.3499984741211
2009-02-09 00:00:00+00:00,84.79000091552734
2009-02-10 00:00:00+00:00,85.80999755859375
2009-02-11 00:00:00+00:00,85.77999877929688
2009-02-12 00:00:00+00:00,86.55000305175781
2009-02-13 00:00:00+00:00,86.04000091552734
2009-02-17 00:00:00+00:00,87.58000183105469
2009-02-18 00:00:00+00:00,88.01000213623047
2009-02-19 00:00:00+00:00,87.44000244140625
2009-02-20 00:00:00+00:00,86.48999786376953
2009-02-23 00:00:00+00:00,87.23999786376953
2009-02-24 00:00:00+00:00,86.88999938964844
2009-02-25 00:00:00+00:00,87.91000366210938
2009-02-26 00:00:00+00:00,87.7300033569336
2009-02-27 00:00:00+00:00,88.01000213623047
2009-03-02 00:00:00+00:00,88.94000244140625
2009-03-03 00:00:00+00:00,88.91000366210938
2009-03-04 00:00:00+00:00,88.58000183105469
2009-03-05 00:00:00+00:00,89.11000061035156
2009-03-06 00:00:00+00:00,88.51000213623047
2009-03-09 00:00:00+00:00,89.01000213623047
2009-03-10 00:00:00+00:00,88.93000030517578
2009-03-11 00:00:00+00:00,87.87000274658203
2009-03-12 00:00:00+00:00,87.66000366210938
2009-03-13 00:00:00+00:00,87.43000030517578
2009-03-16 00:00:00+00:00,86.94999694824219
2009-03-17 00:00:00+00:00,86.93000030517578
2009-03-18 00:00:00+00:00,84.5999984741211
2009-03-19 00:00:00+00:00,83.12999725341797
2009-03-20 00:00:00+00:00,83.83999633789062
2009-03-23 00:00:00+00:00,83.43000030517578
2009-03-24 00:00:00+00:00,83.86000061035156
2009-03-25 00:00:00+00:00,83.80999755859375
2009-03-26 00:00:00+00:00,84.16999816894531
2009-03-27 00:00:00+00:00,85.11000061035156
2009-03-30 00:00:00+00:00,85.87000274658203
2009-03-31 00:00:00+00:00,85.43000030517578
2009-04-01 00:00:00+00:00,85.5
2009-04-02 00:00:00+00:00,84.44999694824219
2009-04-03 00:00:00+00:00,84.16999816894531
2009-04-06 00:00:00+00:00,84.56999969482422
2009-04-07 00:00:00+00:00,85.29000091552734
2009-04-08 00:00:00+00:00,85.36000061035156
2009-04-09 00:00:00+00:00,85.79000091552734
2009-04-13 00:00:00+00:00,84.63999938964844
2009-04-14 00:00:00+00:00,84.63999938964844
2009-04-15 00:00:00+00:00,85.08000183105469
2009-04-16 00:00:00+00:00,85.2300033569336
2009-04-17 00:00:00+00:00,85.9800033569336
2009-04-20 00:00:00+00:00,86.63999938964844
2009-04-21 00:00:00+00:00,86.58000183105469
2009-04-22 00:00:00+00:00,86.19000244140625
2009-04-23 00:00:00+00:00,85.5199966430664
2009-04-24 00:00:00+00:00,84.70999908447266
2009-04-27 00:00:00+00:00,85.69999694824219
2009-04-28 00:00:00+00:00,85.16000366210938
2009-04-29 00:00:00+00:00,84.47000122070312
2009-04-30 00:00:00+00:00,84.61000061035156
2009-05-01 00:00:00+00:00,84.55000305175781
2009-05-04 00:00:00+00:00,83.97000122070312
2009-05-05 00:00:00+00:00,84.16000366210938
2009-05-06 00:00:00+00:00,83.80000305175781
2009-05-07 00:00:00+00:00,83.94000244140625
2009-05-08 00:00:00+00:00,82.52999877929688
2009-05-11 00:00:00+00:00,82.68000030517578
2009-05-12 00:00:00+00:00,82.30999755859375
2009-05-13 00:00:00+00:00,82.5
2009-05-14 00:00:00+00:00,82.27999877929688
2009-05-15 00:00:00+00:00,83.0199966430664
2009-05-18 00:00:00+00:00,82.66999816894531
2009-05-19 00:00:00+00:00,81.9800033569336
2009-05-20 00:00:00+00:00,80.98999786376953
2009-05-21 00:00:00+00:00,80.55999755859375
2009-05-22 00:00:00+00:00,79.95999908447266
2009-05-26 00:00:00+00:00,80.12999725341797
2009-05-27 00:00:00+00:00,80.33000183105469
2009-05-28 00:00:00+00:00,80.43000030517578
2009-05-29 00:00:00+00:00,80.43000030517578
2009-06-01 00:00:00+00:00,79.16999816894531
2009-06-02 00:00:00+00:00,78.4000015258789
2009-06-03 00:00:00+00:00,79.5
2009-06-04 00:00:00+00:00,79.41000366210938
2009-06-05 00:00:00+00:00,80.66999816894531
2009-06-08 00:00:00+00:00,80.91000366210938
2009-06-09 00:00:00+00:00,79.79000091552734
2009-06-10 00:00:00+00:00,80.33000183105469
2009-06-11 00:00:00+00:00,79.41000366210938
2009-06-12 00:00:00+00:00,80.13999938964844
2009-06-15 00:00:00+00:00,81.13999938964844
2009-06-16 00:00:00+00:00,80.70999908447266
2009-06-17 00:00:00+00:00,80.16999816894531
2009-06-18 00:00:00+00:00,80.61000061035156
2009-06-19 00:00:00+00:00,80.26000213623047
2009-06-22 00:00:00+00:00,80.77999877929688
2009-06-23 00:00:00+00:00,79.83999633789062
2009-06-24 00:00:00+00:00,80.55999755859375
2009-06-25 00:00:00+00:00,80.4000015258789
2009-06-26 00:00:00+00:00,79.87999725341797
2009-06-29 00:00:00+00:00,79.83999633789062
2009-06-30 00:00:00+00:00,80.12999725341797
2009-07-01 00:00:00+00:00,79.62999725341797
2009-07-02 00:00:00+00:00,80.1500015258789
2009-07-06 00:00:00+00:00,80.44999694824219
2009-07-07 00:00:00+00:00,80.62000274658203
2009-07-08 00:00:00+00:00,80.7699966430664
2009-07-09 00:00:00+00:00,79.86000061035156
2009-07-10 00:00:00+00:00,80.2300033569336
2009-07-13 00:00:00+00:00,80.12999725341797
2009-07-14 00:00:00+00:00,80.18000030517578
2009-07-15 00:00:00+00:00,79.31999969482422
2009-07-16 00:00:00+00:00,79.22000122070312
2009-07-17 00:00:00+00:00,79.3499984741211
2009-07-20 00:00:00+00:00,78.91000366210938
2009-07-21 00:00:00+00:00,78.93000030517578
2009-07-22 00:00:00+00:00,78.70999908447266
2009-07-23 00:00:00+00:00,78.80000305175781
2009-07-24 00:00:00+00:00,78.75
2009-07-27 00:00:00+00:00,78.62999725341797
2009-07-28 00:00:00+00:00,78.8499984741211
2009-07-29 00:00:00+00:00,79.62999725341797
2009-07-30 00:00:00+00:00,79.29000091552734
2009-07-31 00:00:00+00:00,78.3499984741211
2009-08-03 00:00:00+00:00,77.63999938964844
2009-08-04 00:00:00+00:00,77.7699966430664
2009-08-05 00:00:00+00:00,77.5199966430664
2009-08-06 00:00:00+00:00,78.06999969482422
2009-08-07 00:00:00+00:00,78.97000122070312
2009-08-10 00:00:00+00:00,79.26000213623047
2009-08-11 00:00:00+00:00,79.18000030517578
2009-08-12 00:00:00+00:00,78.79000091552734
2009-08-13 00:00:00+00:00,78.48999786376953
2009-08-14 00:00:00+00:00,78.88999938964844
2009-08-17 00:00:00+00:00,79.29000091552734
2009-08-18 00:00:00+00:00,78.94000244140625
2009-08-19 00:00:00+00:00,78.47000122070312
2009-08-20 00:00:00+00:00,78.37999725341797
2009-08-21 00:00:00+00:00,78.04000091552734
2009-08-24 00:00:00+00:00,78.2699966430664
2009-08-25 00:00:00+00:00,78.23999786376953
2009-08-26 00:00:00+00:00,78.66000366210938
2009-08-27 00:00:00+00:00,78.01000213623047
2009-08-28 00:00:00+00:00,78.37000274658203
2009-08-31 00:00:00+00:00,78.16999816894531
2009-09-01 00:00:00+00:00,78.76000213623047
2009-09-02 00:00:00+00:00,78.37999725341797
2009-09-03 00:00:00+00:00,78.45999908447266
2009-09-04 00:00:00+00:00,78.13999938964844
2009-09-08 00:00:00+00:00,77.31999969482422
2009-09-09 00:00:00+00:00,77.08999633789062
2009-09-10 00:00:00+00:00,76.81999969482422
2009-09-11 00:00:00+00:00,76.61000061035156
2009-09-14 00:00:00+00:00,76.69999694824219
2009-09-15 00:00:00+00:00,76.54000091552734
2009-09-16 00:00:00+00:00,76.23999786376953
2009-09-17 00:00:00+00:00,76.19000244140625
2009-09-18 00:00:00+00:00,76.43000030517578
2009-09-21 00:00:00+00:00,76.77999877929688
2009-09-22 00:00:00+00:00,76.12000274658203
2009-09-23 00:00:00+00:00,76.05000305175781
2009-09-24 00:00:00+00:00,76.9000015258789
2009-09-25 00:00:00+00:00,76.80999755859375
2009-09-28 00:00:00+00:00,77.05000305175781
2009-09-29 00:00:00+00:00,77.12000274658203
2009-09-30 00:00:00+00:00,76.6500015258789
2009-10-01 00:00:00+00:00,77.19000244140625
2009-10-02 00:00:00+00:00,77.0
2009-10-05 00:00:00+00:00,76.63999938964844
2009-10-06 00:00:00+00:00,76.33999633789062
2009-10-07 00:00:00+00:00,76.48999786376953
2009-10-08 00:00:00+00:00,75.97000122070312
2009-10-09 00:00:00+00:00,76.43000030517578
2009-10-12 00:00:00+00:00,76.12999725341797
2009-10-13 00:00:00+00:00,75.9800033569336
2009-10-14 00:00:00+00:00,75.55000305175781
2009-10-15 00:00:00+00:00,75.4800033569336
2009-10-16 00:00:00+00:00,75.5999984741211
2009-10-19 00:00:00+00:00,75.51000213623047
2009-10-20 00:00:00+00:00,75.56999969482422
2009-10-21 00:00:00+00:00,74.97000122070312
2009-10-22 00:00:00+00:00,75.08999633789062
2009-10-23 00:00:00+00:00,75.47000122070312
2009-10-26 00:00:00+00:00,76.05999755859375
2009-10-27 00:00:00+00:00,76.13999938964844
2009-10-28 00:00:00+00:00,76.43000030517578
2009-10-29 00:00:00+00:00,75.91999816894531
2009-10-30 00:00:00+00:00,76.30000305175781
2009-11-02 00:00:00+00:00,76.29000091552734
2009-11-03 00:00:00+00:00,76.38999938964844
2009-11-04 00:00:00+00:00,75.63999938964844
2009-11-05 00:00:00+00:00,75.73999786376953
2009-11-06 00:00:00+00:00,75.81999969482422
2009-11-09 00:00:00+00:00,75.02999877929688
2009-11-10 00:00:00+00:00,75.0199966430664
2009-11-11 00:00:00+00:00,75.16000366210938
2009-11-12 00:00:00+00:00,75.5999984741211
2009-11-13 00:00:00+00:00,75.33000183105469
2009-11-16 00:00:00+00:00,74.91000366210938
2009-11-17 00:00:00+00:00,75.37000274658203
2009-11-18 00:00:00+00:00,75.18000030517578
2009-11-19 00:00:00+00:00,75.29000091552734
2009-11-20 00:00:00+00:00,75.66000366210938
2009-11-23 00:00:00+00:00,75.08999633789062
2009-11-24 00:00:00+00:00,75.06999969482422
2009-11-25 00:00:00+00:00,74.2699966430664
2009-11-27 00:00:00+00:00,75.0
2009-11-30 00:00:00+00:00,74.87999725341797
2009-12-01 00:00:00+00:00,74.36000061035156
2009-12-02 00:00:00+00:00,74.66999816894531
2009-12-03 00:00:00+00:00,74.62999725341797
2009-12-04 00:00:00+00:00,75.91000366210938
2009-12-07 00:00:00+00:00,75.7699966430664
2009-12-08 00:00:00+00:00,76.30999755859375
2009-12-09 00:00:00+00:00,76.04000091552734
2009-12-10 00:00:00+00:00,76.04000091552734
2009-12-11 00:00:00+00:00,76.56999969482422
2009-12-14 00:00:00+00:00,76.3499984741211
2009-12-15 00:00:00+00:00,76.95999908447266
2009-12-16 00:00:00+00:00,77.0
2009-12-17 00:00:00+00:00,77.69000244140625
2009-12-18 00:00:00+00:00,77.81999969482422
2009-12-21 00:00:00+00:00,78.04000091552734
2009-12-22 00:00:00+00:00,78.25
2009-12-23 00:00:00+00:00,77.9000015258789
2009-12-24 00:00:00+00:00,77.83999633789062
2009-12-28 00:00:00+00:00,77.62999725341797
2009-12-29 00:00:00+00:00,77.83000183105469
2009-12-30 00:00:00+00:00,77.91000366210938
2009-12-31 00:00:00+00:00,77.86000061035156
2010-01-04 00:00:00+00:00,77.52999877929688
2010-01-05 00:00:00+00:00,77.62000274658203
2010-01-06 00:00:00+00:00,77.48999786376953
2010-01-07 00:00:00+00:00,77.91000366210938
2010-01-08 00:00:00+00:00,77.47000122070312
2010-01-11 00:00:00+00:00,77.0
2010-01-12 00:00:00+00:00,76.94999694824219
2010-01-13 00:00:00+00:00,76.8499984741211
2010-01-14 00:00:00+00:00,76.7300033569336
2010-01-15 00:00:00+00:00,77.31999969482422
2010-01-19 00:00:00+00:00,77.5
2010-01-20 00:00:00+00:00,78.33999633789062
2010-01-21 00:00:00+00:00,78.31999969482422
2010-01-22 00:00:00+00:00,78.27999877929688
2010-01-25 00:00:00+00:00,78.19000244140625
2010-01-26 00:00:00+00:00,78.43000030517578
2010-01-27 00:00:00+00:00,78.68000030517578
2010-01-28 00:00:00+00:00,78.9000015258789
2010-01-29 00:00:00+00:00,79.45999908447266
2010-02-01 00:00:00+00:00,79.23999786376953
2010-02-02 00:00:00+00:00,79.01000213623047
2010-02-03 00:00:00+00:00,79.37000274658203
2010-02-04 00:00:00+00:00,79.91999816894531
2010-02-05 00:00:00+00:00,80.44000244140625
2010-02-08 00:00:00+00:00,80.30000305175781
2010-02-09 00:00:00+00:00,79.86000061035156
2010-02-10 00:00:00+00:00,80.02999877929688
2010-02-11 00:00:00+00:00,79.98999786376953
2010-02-12 00:00:00+00:00,80.31999969482422
2010-02-16 00:00:00+00:00,79.69999694824219
2010-02-17 00:00:00+00:00,80.37999725341797
2010-02-18 00:00:00+00:00,80.4000015258789
2010-02-19 00:00:00+00:00,80.63999938964844
2010-02-22 00:00:00+00:00,80.51000213623047
2010-02-23 00:00:00+00:00,80.8499984741211
2010-02-24 00:00:00+00:00,80.8499984741211
2010-02-25 00:00:00+00:00,80.79000091552734
2010-02-26 00:00:00+00:00,80.36000061035156
2010-03-01 00:00:00+00:00,80.66000366210938
2010-03-02 00:00:00+00:00,80.5199966430664
2010-03-03 00:00:00+00:00,79.9800033569336
2010-03-04 00:00:00+00:00,80.55999755859375
2010-03-05 00:00:00+00:00,80.43000030517578
2010-03-08 00:00:00+00:00,80.43000030517578
2010-03-09 00:00:00+00:00,80.58999633789062
2010-03-10 00:00:00+00:00,80.44999694824219
2010-03-11 00:00:00+00:00,80.31999969482422
2010-03-12 00:00:00+00:00,79.83000183105469
2010-03-15 00:00:00+00:00,80.25
2010-03-16 00:00:00+00:00,79.75
2010-03-17 00:00:00+00:00,79.63999938964844
2010-03-18 00:00:00+00:00,80.22000122070312
2010-03-19 00:00:00+00:00,80.72000122070312
2010-03-22 00:00:00+00:00,80.6500015258789
2010-03-23 00:00:00+00:00,80.9000015258789
2010-03-24 00:00:00+00:00,81.83999633789062
2010-03-25 00:00:00+00:00,82.12000274658203
2010-03-26 00:00:00+00:00,81.68000030517578
2010-03-29 00:00:00+00:00,81.36000061035156
2010-03-30 00:00:00+00:00,81.47000122070312
2010-03-31 00:00:00+00:00,81.06999969482422
2010-04-01 00:00:00+00:00,80.77999877929688
2010-04-05 00:00:00+00:00,81.08999633789062
2010-04-06 00:00:00+00:00,81.38999938964844
2010-04-07 00:00:00+00:00,81.44000244140625
2010-04-08 00:00:00+00:00,81.52999877929688
2010-04-09 00:00:00+00:00,81.08999633789062
2010-04-12 00:00:00+00:00,80.55999755859375
2010-04-13 00:00:00+00:00,80.51000213623047
2010-04-14 00:00:00+00:00,80.19000244140625
2010-04-15 00:00:00+00:00,80.4800033569336
2010-04-16 00:00:00+00:00,80.81999969482422
2010-04-19 00:00:00+00:00,81.0
2010-04-20 00:00:00+00:00,81.05000305175781
2010-04-21 00:00:00+00:00,81.16000366210938
2010-04-22 00:00:00+00:00,81.56999969482422
2010-04-23 00:00:00+00:00,81.3499984741211
2010-04-26 00:00:00+00:00,81.4800033569336
2010-04-27 00:00:00+00:00,82.1500015258789
2010-04-28 00:00:00+00:00,82.37999725341797
2010-04-29 00:00:00+00:00,82.0
2010-04-30 00:00:00+00:00,81.87000274658203
2010-05-03 00:00:00+00:00,82.2699966430664
2010-05-04 00:00:00+00:00,83.30000305175781
2010-05-05 00:00:00+00:00,84.08000183105469
2010-05-06 00:00:00+00:00,84.88999938964844
2010-05-07 00:00:00+00:00,84.44999694824219
2010-05-10 00:00:00+00:00,84.16000366210938
2010-05-11 00:00:00+00:00,84.47000122070312
2010-05-12 00:00:00+00:00,84.83000183105469
2010-05-13 00:00:00+00:00,85.20999908447266
2010-05-14 00:00:00+00:00,86.0999984741211
2010-05-17 00:00:00+00:00,86.20999908447266
2010-05-18 00:00:00+00:00,87.16000366210938
2010-05-19 00:00:00+00:00,86.38999938964844
2010-05-20 00:00:00+00:00,85.56999969482422
2010-05-21 00:00:00+00:00,85.37000274658203
2010-05-24 00:00:00+00:00,86.20999908447266
2010-05-25 00:00:00+00:00,86.77999877929688
2010-05-26 00:00:00+00:00,87.12000274658203
2010-05-27 00:00:00+00:00,86.18000030517578
2010-05-28 00:00:00+00:00,86.4800033569336
2010-06-01 00:00:00+00:00,86.63999938964844
2010-06-02 00:00:00+00:00,86.79000091552734
2010-06-03 00:00:00+00:00,87.13999938964844
2010-06-04 00:00:00+00:00,88.2300033569336
2010-06-07 00:00:00+00:00,88.4000015258789
2010-06-08 00:00:00+00:00,88.38999938964844
2010-06-09 00:00:00+00:00,87.9000015258789
2010-06-10 00:00:00+00:00,87.16999816894531
2010-06-11 00:00:00+00:00,87.51000213623047
2010-06-14 00:00:00+00:00,86.51000213623047
2010-06-15 00:00:00+00:00,85.9800033569336
2010-06-16 00:00:00+00:00,86.08000183105469
2010-06-17 00:00:00+00:00,85.69000244140625
2010-06-18 00:00:00+00:00,85.69999694824219
2010-06-21 00:00:00+00:00,85.93000030517578
2010-06-22 00:00:00+00:00,86.11000061035156
2010-06-23 00:00:00+00:00,85.73999786376953
2010-06-24 00:00:00+00:00,85.7300033569336
2010-06-25 00:00:00+00:00,85.30999755859375
2010-06-28 00:00:00+00:00,85.6500015258789
2010-06-29 00:00:00+00:00,86.02999877929688
2010-06-30 00:00:00+00:00,86.0199966430664
2010-07-01 00:00:00+00:00,84.72000122070312
2010-07-02 00:00:00+00:00,84.43000030517578
2010-07-06 00:00:00+00:00,84.08000183105469
2010-07-07 00:00:00+00:00,83.81999969482422
2010-07-08 00:00:00+00:00,83.81999969482422
2010-07-09 00:00:00+00:00,83.94999694824219
2010-07-12 00:00:00+00:00,84.19999694824219
2010-07-13 00:00:00+00:00,83.63999938964844
2010-07-14 00:00:00+00:00,83.43000030517578
2010-07-15 00:00:00+00:00,82.55999755859375
2010-07-16 00:00:00+00:00,82.48999786376953
2010-07-19 00:00:00+00:00,82.51000213623047
2010-07-20 00:00:00+00:00,82.75
2010-07-21 00:00:00+00:00,83.38999938964844
2010-07-22 00:00:00+00:00,82.5999984741211
2010-07-23 00:00:00+00:00,82.45999908447266
2010-07-26 00:00:00+00:00,82.08999633789062
2010-07-27 00:00:00+00:00,82.18000030517578
2010-07-28 00:00:00+00:00,82.18000030517578
2010-07-29 00:00:00+00:00,81.63999938964844
2010-07-30 00:00:00+00:00,81.54000091552734
2010-08-02 00:00:00+00:00,80.94000244140625
2010-08-03 00:00:00+00:00,80.5999984741211
2010-08-04 00:00:00+00:00,80.88999938964844
2010-08-05 00:00:00+00:00,80.81999969482422
2010-08-06 00:00:00+00:00,80.41000366210938
2010-08-09 00:00:00+00:00,80.70999908447266
2010-08-10 00:00:00+00:00,80.80000305175781
2010-08-11 00:00:00+00:00,82.29000091552734
2010-08-12 00:00:00+00:00,82.63999938964844
2010-08-13 00:00:00+00:00,82.94999694824219
2010-08-16 00:00:00+00:00,82.52999877929688
2010-08-17 00:00:00+00:00,82.2300033569336
2010-08-18 00:00:00+00:00,82.22000122070312
2010-08-19 00:00:00+00:00,82.44999694824219
2010-08-20 00:00:00+00:00,83.05999755859375
2010-08-23 00:00:00+00:00,83.12000274658203
2010-08-24 00:00:00+00:00,83.1500015258789
2010-08-25 00:00:00+00:00,83.26000213623047
2010-08-26 00:00:00+00:00,82.93000030517578
2010-08-27 00:00:00+00:00,82.91999816894531
2010-08-30 00:00:00+00:00,83.16000366210938
2010-08-31 00:00:00+00:00,83.19999694824219
2010-09-01 00:00:00+00:00,82.5199966430664
2010-09-02 00:00:00+00:00,82.45999908447266
2010-09-03 00:00:00+00:00,83.0999984741211
2010-09-07 00:00:00+00:00,82.81999969482422
2010-09-08 00:00:00+00:00,82.58999633789062
2010-09-09 00:00:00+00:00,82.66999816894531
2010-09-10 00:00:00+00:00,82.69999694824219
2010-09-13 00:00:00+00:00,81.91000366210938
2010-09-14 00:00:00+00:00,81.08000183105469
2010-09-15 00:00:00+00:00,81.48999786376953
2010-09-16 00:00:00+00:00,81.23999786376953
2010-09-17 00:00:00+00:00,81.4000015258789
2010-09-20 00:00:00+00:00,81.33999633789062
2010-09-21 00:00:00+00:00,80.44000244140625
2010-09-22 00:00:00+00:00,79.83000183105469
2010-09-23 00:00:00+00:00,80.01000213623047
2010-09-24 00:00:00+00:00,79.38999938964844
2010-09-27 00:00:00+00:00,79.33999633789062
2010-09-28 00:00:00+00:00,79.01000213623047
2010-09-29 00:00:00+00:00,78.69000244140625
2010-09-30 00:00:00+00:00,78.72000122070312
2010-10-01 00:00:00+00:00,78.08999633789062
2010-10-04 00:00:00+00:00,78.44999694824219
2010-10-05 00:00:00+00:00,77.75
2010-10-06 00:00:00+00:00,77.38999938964844
2010-10-07 00:00:00+00:00,77.38999938964844
2010-10-08 00:00:00+00:00,77.31999969482422
2010-10-11 00:00:00+00:00,77.44000244140625
2010-10-12 00:00:00+00:00,77.36000061035156
2010-10-13 00:00:00+00:00,77.06999969482422
2010-10-14 00:00:00+00:00,76.6500015258789
2010-10-15 00:00:00+00:00,77.04000091552734
2010-10-18 00:00:00+00:00,76.93000030517578
2010-10-19 00:00:00+00:00,78.18000030517578
2010-10-20 00:00:00+00:00,77.16999816894531
2010-10-21 00:00:00+00:00,77.41999816894531
2010-10-22 00:00:00+00:00,77.47000122070312
2010-10-25 00:00:00+00:00,77.0999984741211
2010-10-26 00:00:00+00:00,77.70999908447266
2010-10-27 00:00:00+00:00,78.1500015258789
2010-10-28 00:00:00+00:00,77.30999755859375
2010-10-29 00:00:00+00:00,77.2699966430664
2010-11-01 00:00:00+00:00,77.30000305175781
2010-11-02 00:00:00+00:00,76.72000122070312
2010-11-03 00:00:00+00:00,76.4800033569336
2010-11-04 00:00:00+00:00,75.87999725341797
2010-11-05 00:00:00+00:00,76.55000305175781
2010-11-08 00:00:00+00:00,77.02999877929688
2010-11-09 00:00:00+00:00,77.44000244140625
2010-11-10 00:00:00+00:00,77.62999725341797
2010-11-11 00:00:00+00:00,78.22000122070312
2010-11-12 00:00:00+00:00,78.08000183105469
2010-11-15 00:00:00+00:00,78.5199966430664
2010-11-16 00:00:00+00:00,79.20999908447266
2010-11-17 00:00:00+00:00,79.08000183105469
2010-11-18 00:00:00+00:00,78.62000274658203
2010-11-19 00:00:00+00:00,78.5
2010-11-22 00:00:00+00:00,78.68000030517578
2010-11-23 00:00:00+00:00,79.68000030517578
2010-11-24 00:00:00+00:00,79.87000274658203
2010-11-26 00:00:00+00:00,80.36000061035156
2010-11-29 00:00:00+00:00,80.83999633789062
2010-11-30 00:00:00+00:00,81.19999694824219
2010-12-01 00:00:00+00:00,80.70999908447266
2010-12-02 00:00:00+00:00,80.30000305175781
2010-12-03 00:00:00+00:00,79.37999725341797
2010-12-06 00:00:00+00:00,79.56999969482422
2010-12-07 00:00:00+00:00,79.86000061035156
2010-12-08 00:00:00+00:00,80.0
2010-12-09 00:00:00+00:00,80.06999969482422
2010-12-10 00:00:00+00:00,80.06999969482422
2010-12-13 00:00:00+00:00,79.27999877929688
2010-12-14 00:00:00+00:00,79.37000274658203
2010-12-15 00:00:00+00:00,80.26000213623047
2010-12-16 00:00:00+00:00,80.18000030517578
2010-12-17 00:00:00+00:00,80.37000274658203
2010-12-20 00:00:00+00:00,80.62999725341797
2010-12-21 00:00:00+00:00,80.72000122070312
2010-12-22 00:00:00+00:00,80.7300033569336
2010-12-23 00:00:00+00:00,80.5
2010-12-27 00:00:00+00:00,80.37000274658203
2010-12-28 00:00:00+00:00,80.36000061035156
2010-12-29 00:00:00+00:00,79.80000305175781
2010-12-30 00:00:00+00:00,79.5199966430664
2010-12-31 00:00:00+00:00,79.02999877929688
2011-01-03 00:00:00+00:00,79.12999725341797
2011-01-04 00:00:00+00:00,79.44000244140625
2011-01-05 00:00:00+00:00,80.26000213623047
2011-01-06 00:00:00+00:00,80.79000091552734
2011-01-07 00:00:00+00:00,81.01000213623047
2011-01-10 00:00:00+00:00,80.87999725341797
2011-01-11 00:00:00+00:00,80.8499984741211
2011-01-12 00:00:00+00:00,80.02999877929688
2011-01-13 00:00:00+00:00,79.19000244140625
2011-01-14 00:00:00+00:00,79.16000366210938
2011-01-18 00:00:00+00:00,78.95999908447266
2011-01-19 00:00:00+00:00,78.63999938964844
2011-01-20 00:00:00+00:00,78.81999969482422
2011-01-21 00:00:00+00:00,78.20999908447266
2011-01-24 00:00:00+00:00,78.05000305175781
2011-01-25 00:00:00+00:00,78.0
2011-01-26 00:00:00+00:00,77.9000015258789
2011-01-27 00:00:00+00:00,77.7300033569336
2011-01-28 00:00:00+00:00,78.12999725341797
2011-01-31 00:00:00+00:00,77.73999786376953
2011-02-01 00:00:00+00:00,77.06999969482422
2011-02-02 00:00:00+00:00,77.16000366210938
2011-02-03 00:00:00+00:00,77.75
2011-02-04 00:00:00+00:00,78.04000091552734
2011-02-07 00:00:00+00:00,78.02999877929688
2011-02-08 00:00:00+00:00,78.0
2011-02-09 00:00:00+00:00,77.63999938964844
2011-02-10 00:00:00+00:00,78.25
2011-02-11 00:00:00+00:00,78.45999908447266
2011-02-14 00:00:00+00:00,78.61000061035156
2011-02-15 00:00:00+00:00,78.56999969482422
2011-02-16 00:00:00+00:00,78.22000122070312
2011-02-17 00:00:00+00:00,78.0
2011-02-18 00:00:00+00:00,77.66000366210938
2011-02-22 00:00:00+00:00,77.7699966430664
2011-02-23 00:00:00+00:00,77.41000366210938
2011-02-24 00:00:00+00:00,77.05999755859375
2011-02-25 00:00:00+00:00,77.27999877929688
2011-02-28 00:00:00+00:00,76.88999938964844
2011-03-01 00:00:00+00:00,77.05000305175781
2011-03-02 00:00:00+00:00,76.66999816894531
2011-03-03 00:00:00+00:00,76.4800033569336
2011-03-04 00:00:00+00:00,76.4000015258789
2011-03-07 00:00:00+00:00,76.5
2011-03-08 00:00:00+00:00,76.80000305175781
2011-03-09 00:00:00+00:00,76.72000122070312
2011-03-10 00:00:00+00:00,77.27999877929688
2011-03-11 00:00:00+00:00,76.77999877929688
2011-03-14 00:00:00+00:00,76.3499984741211
2011-03-15 00:00:00+00:00,76.33000183105469
2011-03-16 00:00:00+00:00,76.68000030517578
2011-03-17 00:00:00+00:00,76.04000091552734
2011-03-18 00:00:00+00:00,75.72000122070312
2011-03-21 00:00:00+00:00,75.4000015258789
2011-03-22 00:00:00+00:00,75.43000030517578
2011-03-23 00:00:00+00:00,75.79000091552734
2011-03-24 00:00:00+00:00,75.66000366210938
2011-03-25 00:00:00+00:00,76.22000122070312
2011-03-28 00:00:00+00:00,76.12999725341797
2011-03-29 00:00:00+00:00,76.25
2011-03-30 00:00:00+00:00,76.12000274658203
2011-03-31 00:00:00+00:00,75.86000061035156
2011-04-01 00:00:00+00:00,75.83000183105469
2011-04-04 00:00:00+00:00,75.91000366210938
2011-04-05 00:00:00+00:00,75.87999725341797
2011-04-06 00:00:00+00:00,75.51000213623047
2011-04-07 00:00:00+00:00,75.58999633789062
2011-04-08 00:00:00+00:00,75.06999969482422
2011-04-11 00:00:00+00:00,75.05999755859375
2011-04-12 00:00:00+00:00,74.8499984741211
2011-04-13 00:00:00+00:00,74.9800033569336
2011-04-14 00:00:00+00:00,74.68000030517578
2011-04-15 00:00:00+00:00,74.83000183105469
2011-04-18 00:00:00+00:00,75.5
2011-04-19 00:00:00+00:00,75.02999877929688
2011-04-20 00:00:00+00:00,74.37000274658203
2011-04-21 00:00:00+00:00,74.0
2011-04-25 00:00:00+00:00,73.98999786376953
2011-04-26 00:00:00+00:00,73.83999633789062
2011-04-27 00:00:00+00:00,73.5199966430664
2011-04-28 00:00:00+00:00,73.12000274658203
2011-04-29 00:00:00+00:00,72.93000030517578
2011-05-02 00:00:00+00:00,72.94999694824219
2011-05-03 00:00:00+00:00,73.13999938964844
2011-05-04 00:00:00+00:00,73.02999877929688
2011-05-05 00:00:00+00:00,74.19000244140625
2011-05-06 00:00:00+00:00,74.83999633789062
2011-05-09 00:00:00+00:00,74.73999786376953
2011-05-10 00:00:00+00:00,74.61000061035156
2011-05-11 00:00:00+00:00,75.33000183105469
2011-05-12 00:00:00+00:00,75.23999786376953
2011-05-13 00:00:00+00:00,75.76000213623047
2011-05-16 00:00:00+00:00,75.47000122070312
2011-05-17 00:00:00+00:00,75.4000015258789
2011-05-18 00:00:00+00:00,75.47000122070312
2011-05-19 00:00:00+00:00,75.12000274658203
2011-05-20 00:00:00+00:00,75.43000030517578
2011-05-23 00:00:00+00:00,76.0999984741211
2011-05-24 00:00:00+00:00,75.87999725341797
2011-05-25 00:00:00+00:00,75.93000030517578
2011-05-26 00:00:00+00:00,75.55000305175781
2011-05-27 00:00:00+00:00,74.94999694824219
2011-05-31 00:00:00+00:00,74.63999938964844
2011-06-01 00:00:00+00:00,74.68000030517578
2011-06-02 00:00:00+00:00,74.33000183105469
2011-06-03 00:00:00+00:00,73.77999877929688
2011-06-06 00:00:00+00:00,73.94999694824219
2011-06-07 00:00:00+00:00,73.5199966430664
2011-06-08 00:00:00+00:00,73.93000030517578
2011-06-09 00:00:00+00:00,74.19000244140625
2011-06-10 00:00:00+00:00,74.79000091552734
2011-06-13 00:00:00+00:00,74.51000213623047
2011-06-14 00:00:00+00:00,74.33000183105469
2011-06-15 00:00:00+00:00,75.5999984741211
2011-06-16 00:00:00+00:00,75.75
2011-06-17 00:00:00+00:00,74.98999786376953
2011-06-20 00:00:00+00:00,75.02999877929688
2011-06-21 00:00:00+00:00,74.54000091552734
2011-06-22 00:00:00+00:00,74.77999877929688
2011-06-23 00:00:00+00:00,75.44999694824219
2011-06-24 00:00:00+00:00,75.66999816894531
2011-06-27 00:00:00+00:00,75.38999938964844
2011-06-28 00:00:00+00:00,75.05999755859375
2011-06-29 00:00:00+00:00,74.69000244140625
2011-06-30 00:00:00+00:00,74.30000305175781
2011-07-01 00:00:00+00:00,74.3499984741211
2011-07-05 00:00:00+00:00,74.69000244140625
2011-07-06 00:00:00+00:00,75.12000274658203
2011-07-07 00:00:00+00:00,74.95999908447266
2011-07-08 00:00:00+00:00,75.18000030517578
2011-07-11 00:00:00+00:00,75.98999786376953
2011-07-12 00:00:00+00:00,75.80999755859375
2011-07-13 00:00:00+00:00,75.20999908447266
2011-07-14 00:00:00+00:00,75.25
2011-07-15 00:00:00+00:00,75.12999725341797
2011-07-18 00:00:00+00:00,75.4800033569336
2011-07-19 00:00:00+00:00,75.22000122070312
2011-07-20 00:00:00+00:00,74.79000091552734
2011-07-21 00:00:00+00:00,74.0199966430664
2011-07-22 00:00:00+00:00,74.19999694824219
2011-07-25 00:00:00+00:00,74.05999755859375
2011-07-26 00:00:00+00:00,73.47000122070312
2011-07-27 00:00:00+00:00,74.08999633789062
2011-07-28 00:00:00+00:00,74.22000122070312
2011-07-29 00:00:00+00:00,73.9000015258789
2011-08-01 00:00:00+00:00,74.26000213623047
2011-08-02 00:00:00+00:00,74.51000213623047
2011-08-03 00:00:00+00:00,74.04000091552734
2011-08-04 00:00:00+00:00,75.12000274658203
2011-08-05 00:00:00+00:00,74.5999984741211
2011-08-08 00:00:00+00:00,74.79000091552734
2011-08-09 00:00:00+00:00,74.61000061035156
2011-08-10 00:00:00+00:00,74.63999938964844
2011-08-11 00:00:00+00:00,74.68000030517578
2011-08-12 00:00:00+00:00,74.61000061035156
2011-08-15 00:00:00+00:00,73.83999633789062
2011-08-16 00:00:00+00:00,74.01000213623047
2011-08-17 00:00:00+00:00,73.66999816894531
2011-08-18 00:00:00+00:00,74.23999786376953
2011-08-19 00:00:00+00:00,73.98999786376953
2011-08-22 00:00:00+00:00,74.06999969482422
2011-08-23 00:00:00+00:00,73.87000274658203
2011-08-24 00:00:00+00:00,74.01000213623047
2011-08-25 00:00:00+00:00,74.27999877929688
2011-08-26 00:00:00+00:00,73.80999755859375
2011-08-29 00:00:00+00:00,73.72000122070312
2011-08-30 00:00:00+00:00,73.94000244140625
2011-08-31 00:00:00+00:00,74.12999725341797
2011-09-01 00:00:00+00:00,74.4800033569336
2011-09-02 00:00:00+00:00,74.75
2011-09-06 00:00:00+00:00,75.91999816894531
2011-09-07 00:00:00+00:00,75.45999908447266
2011-09-08 00:00:00+00:00,76.23999786376953
2011-09-09 00:00:00+00:00,77.19000244140625
2011-09-12 00:00:00+00:00,77.56999969482422
2011-09-13 00:00:00+00:00,76.91000366210938
2011-09-14 00:00:00+00:00,76.83000183105469
2011-09-15 00:00:00+00:00,76.23999786376953
2011-09-16 00:00:00+00:00,76.58000183105469
2011-09-19 00:00:00+00:00,77.38999938964844
2011-09-20 00:00:00+00:00,77.02999877929688
2011-09-21 00:00:00+00:00,77.33999633789062
2011-09-22 00:00:00+00:00,78.37999725341797
2011-09-23 00:00:00+00:00,78.30000305175781
2011-09-26 00:00:00+00:00,78.36000061035156
2011-09-27 00:00:00+00:00,77.51000213623047
2011-09-28 00:00:00+00:00,77.8499984741211
2011-09-29 00:00:00+00:00,77.91999816894531
2011-09-30 00:00:00+00:00,78.55000305175781
2011-10-03 00:00:00+00:00,79.44999694824219
2011-10-04 00:00:00+00:00,79.5999984741211
2011-10-05 00:00:00+00:00,78.91000366210938
2011-10-06 00:00:00+00:00,78.52999877929688
2011-10-07 00:00:00+00:00,78.72000122070312
2011-10-10 00:00:00+00:00,77.5999984741211
2011-10-11 00:00:00+00:00,77.58000183105469
2011-10-12 00:00:00+00:00,76.98999786376953
2011-10-13 00:00:00+00:00,76.98999786376953
2011-10-14 00:00:00+00:00,76.62000274658203
2011-10-17 00:00:00+00:00,77.13999938964844
2011-10-18 00:00:00+00:00,77.12999725341797
2011-10-19 00:00:00+00:00,77.11000061035156
2011-10-20 00:00:00+00:00,76.97000122070312
2011-10-21 00:00:00+00:00,76.30000305175781
2011-10-24 00:00:00+00:00,76.0199966430664
2011-10-25 00:00:00+00:00,76.25
2011-10-26 00:00:00+00:00,76.19999694824219
2011-10-27 00:00:00+00:00,74.87000274658203
2011-10-28 00:00:00+00:00,75.08999633789062
2011-10-31 00:00:00+00:00,76.16999816894531
2011-11-01 00:00:00+00:00,77.26000213623047
2011-11-02 00:00:00+00:00,77.01000213623047
2011-11-03 00:00:00+00:00,76.66999816894531
2011-11-04 00:00:00+00:00,76.91000366210938
2011-11-07 00:00:00+00:00,76.95999908447266
2011-11-08 00:00:00+00:00,76.66999816894531
2011-11-09 00:00:00+00:00,77.93000030517578
2011-11-10 00:00:00+00:00,77.63999938964844
2011-11-11 00:00:00+00:00,76.94000244140625
2011-11-14 00:00:00+00:00,77.55999755859375
2011-11-15 00:00:00+00:00,77.87999725341797
2011-11-16 00:00:00+00:00,78.16000366210938
2011-11-17 00:00:00+00:00,78.29000091552734
2011-11-18 00:00:00+00:00,78.0199966430664
2011-11-21 00:00:00+00:00,78.30000305175781
2011-11-22 00:00:00+00:00,78.2300033569336
2011-11-23 00:00:00+00:00,79.0
2011-11-25 00:00:00+00:00,79.61000061035156
2011-11-28 00:00:00+00:00,79.29000091552734
2011-11-29 00:00:00+00:00,79.0
2011-11-30 00:00:00+00:00,78.38999938964844
2011-12-01 00:00:00+00:00,78.31999969482422
2011-12-02 00:00:00+00:00,78.62999725341797
2011-12-05 00:00:00+00:00,78.61000061035156
2011-12-06 00:00:00+00:00,78.51000213623047
2011-12-07 00:00:00+00:00,78.4800033569336
2011-12-08 00:00:00+00:00,78.80999755859375
2011-12-09 00:00:00+00:00,78.62999725341797
2011-12-12 00:00:00+00:00,79.56999969482422
2011-12-13 00:00:00+00:00,80.25
2011-12-14 00:00:00+00:00,80.52999877929688
2011-12-15 00:00:00+00:00,80.23999786376953
2011-12-16 00:00:00+00:00,80.25
2011-12-19 00:00:00+00:00,80.25
2011-12-20 00:00:00+00:00,79.87999725341797
2011-12-21 00:00:00+00:00,80.0199966430664
2011-12-22 00:00:00+00:00,79.91999816894531
2011-12-23 00:00:00+00:00,80.01000213623047
2011-12-27 00:00:00+00:00,79.79000091552734
2011-12-28 00:00:00+00:00,80.48999786376953
2011-12-29 00:00:00+00:00,80.4800033569336
2011-12-30 00:00:00+00:00,80.16999816894531
2012-01-03 00:00:00+00:00,79.61000061035156
2012-01-04 00:00:00+00:00,80.08999633789062
2012-01-05 00:00:00+00:00,80.94000244140625
2012-01-06 00:00:00+00:00,81.23999786376953
2012-01-09 00:00:00+00:00,81.05000305175781
2012-01-10 00:00:00+00:00,80.80000305175781
2012-01-11 00:00:00+00:00,81.3499984741211
2012-01-12 00:00:00+00:00,80.7699966430664
2012-01-13 00:00:00+00:00,81.43000030517578
2012-01-17 00:00:00+00:00,81.18000030517578
2012-01-18 00:00:00+00:00,80.5999984741211
2012-01-19 00:00:00+00:00,80.20999908447266
2012-01-20 00:00:00+00:00,80.22000122070312
2012-01-23 00:00:00+00:00,79.69000244140625
2012-01-24 00:00:00+00:00,79.86000061035156
2012-01-25 00:00:00+00:00,79.56999969482422
2012-01-26 00:00:00+00:00,79.41000366210938
2012-01-27 00:00:00+00:00,78.9000015258789
2012-01-30 00:00:00+00:00,79.16000366210938
2012-01-31 00:00:00+00:00,79.27999877929688
2012-02-01 00:00:00+00:00,78.91999816894531
2012-02-02 00:00:00+00:00,78.97000122070312
2012-02-03 00:00:00+00:00,78.94000244140625
2012-02-06 00:00:00+00:00,79.08999633789062
2012-02-07 00:00:00+00:00,78.56999969482422
2012-02-08 00:00:00+00:00,78.63999938964844
2012-02-09 00:00:00+00:00,78.55999755859375
2012-02-10 00:00:00+00:00,79.11000061035156
2012-02-13 00:00:00+00:00,78.94000244140625
2012-02-14 00:00:00+00:00,79.58000183105469
2012-02-15 00:00:00+00:00,79.66999816894531
2012-02-16 00:00:00+00:00,79.33999633789062
2012-02-17 00:00:00+00:00,79.33000183105469
2012-02-21 00:00:00+00:00,79.04000091552734
2012-02-22 00:00:00+00:00,79.20999908447266
2012-02-23 00:00:00+00:00,78.80999755859375
2012-02-24 00:00:00+00:00,78.3499984741211
2012-02-27 00:00:00+00:00,78.55999755859375
2012-02-28 00:00:00+00:00,78.2699966430664
2012-02-29 00:00:00+00:00,78.7300033569336
2012-03-01 00:00:00+00:00,78.77999877929688
2012-03-02 00:00:00+00:00,79.4000015258789
2012-03-05 00:00:00+00:00,79.31999969482422
2012-03-06 00:00:00+00:00,79.86000061035156
2012-03-07 00:00:00+00:00,79.70999908447266
2012-03-08 00:00:00+00:00,79.16000366210938
2012-03-09 00:00:00+00:00,80.04000091552734
2012-03-12 00:00:00+00:00,79.87000274658203
2012-03-13 00:00:00+00:00,80.19000244140625
2012-03-14 00:00:00+00:00,80.55999755859375
2012-03-15 00:00:00+00:00,80.1500015258789
2012-03-16 00:00:00+00:00,79.77999877929688
2012-03-19 00:00:00+00:00,79.44999694824219
2012-03-20 00:00:00+00:00,79.58999633789062
2012-03-21 00:00:00+00:00,79.62999725341797
2012-03-22 00:00:00+00:00,79.73999786376953
2012-03-23 00:00:00+00:00,79.33999633789062
2012-03-26 00:00:00+00:00,78.93000030517578
2012-03-27 00:00:00+00:00,79.04000091552734
2012-03-28 00:00:00+00:00,79.16000366210938
2012-03-29 00:00:00+00:00,79.18000030517578
2012-03-30 00:00:00+00:00,78.93000030517578
2012-04-02 00:00:00+00:00,78.81999969482422
2012-04-03 00:00:00+00:00,79.4800033569336
2012-04-04 00:00:00+00:00,79.76000213623047
2012-04-05 00:00:00+00:00,80.06999969482422
2012-04-09 00:00:00+00:00,79.7300033569336
2012-04-10 00:00:00+00:00,79.88999938964844
2012-04-11 00:00:00+00:00,79.77999877929688
2012-04-12 00:00:00+00:00,79.27999877929688
2012-04-13 00:00:00+00:00,79.87999725341797
2012-04-16 00:00:00+00:00,79.55000305175781
2012-04-17 00:00:00+00:00,79.47000122070312
2012-04-18 00:00:00+00:00,79.52999877929688
2012-04-19 00:00:00+00:00,79.55999755859375
2012-04-20 00:00:00+00:00,79.18000030517578
2012-04-23 00:00:00+00:00,79.41999816894531
2012-04-24 00:00:00+00:00,79.22000122070312
2012-04-25 00:00:00+00:00,79.01000213623047
2012-04-26 00:00:00+00:00,78.91000366210938
2012-04-27 00:00:00+00:00,78.69999694824219
2012-04-30 00:00:00+00:00,78.79000091552734
2012-05-01 00:00:00+00:00,78.86000061035156
2012-05-02 00:00:00+00:00,79.12999725341797
2012-05-03 00:00:00+00:00,79.22000122070312
2012-05-04 00:00:00+00:00,79.47000122070312
2012-05-07 00:00:00+00:00,79.5999984741211
2012-05-08 00:00:00+00:00,79.7300033569336
2012-05-09 00:00:00+00:00,80.08000183105469
2012-05-10 00:00:00+00:00,80.11000061035156
2012-05-11 00:00:00+00:00,80.27999877929688
2012-05-14 00:00:00+00:00,80.5999984741211
2012-05-15 00:00:00+00:00,81.22000122070312
2012-05-16 00:00:00+00:00,81.37000274658203
2012-05-17 00:00:00+00:00,81.37999725341797
2012-05-18 00:00:00+00:00,81.29000091552734
2012-05-21 00:00:00+00:00,81.08000183105469
2012-05-22 00:00:00+00:00,81.66999816894531
2012-05-23 00:00:00+00:00,82.08999633789062
2012-05-24 00:00:00+00:00,82.29000091552734
2012-05-25 00:00:00+00:00,82.4000015258789
2012-05-29 00:00:00+00:00,82.44000244140625
2012-05-30 00:00:00+00:00,83.01000213623047
2012-05-31 00:00:00+00:00,83.04000091552734
2012-06-01 00:00:00+00:00,82.88999938964844
2012-06-04 00:00:00+00:00,82.55000305175781
2012-06-05 00:00:00+00:00,82.80000305175781
2012-06-06 00:00:00+00:00,82.31999969482422
2012-06-07 00:00:00+00:00,82.05000305175781
2012-06-08 00:00:00+00:00,82.51000213623047
2012-06-11 00:00:00+00:00,82.51000213623047
2012-06-12 00:00:00+00:00,82.41000366210938
2012-06-13 00:00:00+00:00,82.05000305175781
2012-06-14 00:00:00+00:00,81.9000015258789
2012-06-15 00:00:00+00:00,81.58999633789062
2012-06-18 00:00:00+00:00,81.94000244140625
2012-06-19 00:00:00+00:00,81.37000274658203
2012-06-20 00:00:00+00:00,81.48999786376953
2012-06-21 00:00:00+00:00,82.31999969482422
2012-06-22 00:00:00+00:00,82.22000122070312
2012-06-25 00:00:00+00:00,82.45999908447266
2012-06-26 00:00:00+00:00,82.37000274658203
2012-06-27 00:00:00+00:00,82.55999755859375
2012-06-28 00:00:00+00:00,82.66999816894531
2012-06-29 00:00:00+00:00,81.6500015258789
2012-07-02 00:00:00+00:00,81.87000274658203
2012-07-03 00:00:00+00:00,81.77999877929688
2012-07-05 00:00:00+00:00,82.80999755859375
2012-07-06 00:00:00+00:00,83.29000091552734
2012-07-09 00:00:00+00:00,83.16000366210938
2012-07-10 00:00:00+00:00,83.36000061035156
2012-07-11 00:00:00+00:00,83.56999969482422
2012-07-12 00:00:00+00:00,83.6500015258789
2012-07-13 00:00:00+00:00,83.30000305175781
2012-07-16 00:00:00+00:00,83.08999633789062
2012-07-17 00:00:00+00:00,83.02999877929688
2012-07-18 00:00:00+00:00,82.94999694824219
2012-07-19 00:00:00+00:00,82.9000015258789
2012-07-20 00:00:00+00:00,83.47000122070312
2012-07-23 00:00:00+00:00,83.70999908447266
2012-07-24 00:00:00+00:00,84.01000213623047
2012-07-25 00:00:00+00:00,83.5199966430664
2012-07-26 00:00:00+00:00,82.80999755859375
2012-07-27 00:00:00+00:00,82.70999908447266
2012-07-30 00:00:00+00:00,82.79000091552734
2012-07-31 00:00:00+00:00,82.63999938964844
2012-08-01 00:00:00+00:00,83.05999755859375
2012-08-02 00:00:00+00:00,83.33000183105469
2012-08-03 00:00:00+00:00,82.37999725341797
2012-08-06 00:00:00+00:00,82.2699966430664
2012-08-07 00:00:00+00:00,82.20999908447266
2012-08-08 00:00:00+00:00,82.38999938964844
2012-08-09 00:00:00+00:00,82.63999938964844
2012-08-10 00:00:00+00:00,82.55000305175781
2012-08-13 00:00:00+00:00,82.44000244140625
2012-08-14 00:00:00+00:00,82.4800033569336
2012-08-15 00:00:00+00:00,82.6500015258789
2012-08-16 00:00:00+00:00,82.36000061035156
2012-08-17 00:00:00+00:00,82.5999984741211
2012-08-20 00:00:00+00:00,82.45999908447266
2012-08-21 00:00:00+00:00,81.91000366210938
2012-08-22 00:00:00+00:00,81.48999786376953
2012-08-23 00:00:00+00:00,81.36000061035156
2012-08-24 00:00:00+00:00,81.58999633789062
2012-08-27 00:00:00+00:00,81.66000366210938
2012-08-28 00:00:00+00:00,81.37000274658203
2012-08-29 00:00:00+00:00,81.55000305175781
2012-08-30 00:00:00+00:00,81.68000030517578
2012-08-31 00:00:00+00:00,81.25
2012-09-04 00:00:00+00:00,81.31999969482422
2012-09-05 00:00:00+00:00,81.23999786376953
2012-09-06 00:00:00+00:00,81.08000183105469
2012-09-07 00:00:00+00:00,80.25
2012-09-10 00:00:00+00:00,80.36000061035156
2012-09-11 00:00:00+00:00,79.86000061035156
2012-09-12 00:00:00+00:00,79.73999786376953
2012-09-13 00:00:00+00:00,79.26000213623047
2012-09-14 00:00:00+00:00,78.8499984741211
2012-09-17 00:00:00+00:00,79.01000213623047
2012-09-18 00:00:00+00:00,79.25
2012-09-19 00:00:00+00:00,79.05999755859375
2012-09-20 00:00:00+00:00,79.41000366210938
2012-09-21 00:00:00+00:00,79.33000183105469
2012-09-24 00:00:00+00:00,79.5199966430664
2012-09-25 00:00:00+00:00,79.55000305175781
2012-09-26 00:00:00+00:00,79.88999938964844
2012-09-27 00:00:00+00:00,79.55000305175781
2012-09-28 00:00:00+00:00,79.94000244140625
2012-10-01 00:00:00+00:00,79.81999969482422
2012-10-02 00:00:00+00:00,79.73999786376953
2012-10-03 00:00:00+00:00,79.97000122070312
2012-10-04 00:00:00+00:00,79.3499984741211
2012-10-05 00:00:00+00:00,79.33999633789062
2012-10-08 00:00:00+00:00,79.54000091552734
2012-10-09 00:00:00+00:00,79.94999694824219
2012-10-10 00:00:00+00:00,79.91999816894531
2012-10-11 00:00:00+00:00,79.77999877929688
2012-10-12 00:00:00+00:00,79.69000244140625
2012-10-15 00:00:00+00:00,79.73999786376953
2012-10-16 00:00:00+00:00,79.37000274658203
2012-10-17 00:00:00+00:00,79.0199966430664
2012-10-18 00:00:00+00:00,79.37000274658203
2012-10-19 00:00:00+00:00,79.63999938964844
2012-10-22 00:00:00+00:00,79.6500015258789
2012-10-23 00:00:00+00:00,79.9800033569336
2012-10-24 00:00:00+00:00,79.97000122070312
2012-10-25 00:00:00+00:00,80.04000091552734
2012-10-26 00:00:00+00:00,80.06999969482422
2012-10-31 00:00:00+00:00,79.91999816894531
2012-11-01 00:00:00+00:00,80.05000305175781
2012-11-02 00:00:00+00:00,80.58999633789062
2012-11-05 00:00:00+00:00,80.75
2012-11-06 00:00:00+00:00,80.61000061035156
2012-11-07 00:00:00+00:00,80.76000213623047
2012-11-08 00:00:00+00:00,80.79000091552734
2012-11-09 00:00:00+00:00,81.02999877929688
2012-11-12 00:00:00+00:00,81.04000091552734
2012-11-13 00:00:00+00:00,81.08000183105469
2012-11-14 00:00:00+00:00,81.05999755859375
2012-11-15 00:00:00+00:00,81.08000183105469
2012-11-16 00:00:00+00:00,81.26000213623047
2012-11-19 00:00:00+00:00,80.87000274658203
2012-11-20 00:00:00+00:00,80.95999908447266
2012-11-21 00:00:00+00:00,80.93000030517578
2012-11-23 00:00:00+00:00,80.19000244140625
2012-11-26 00:00:00+00:00,80.25
2012-11-27 00:00:00+00:00,80.4000015258789
2012-11-28 00:00:00+00:00,80.33999633789062
2012-11-29 00:00:00+00:00,80.19999694824219
2012-11-30 00:00:00+00:00,80.1500015258789
2012-12-03 00:00:00+00:00,79.87999725341797
2012-12-04 00:00:00+00:00,79.63999938964844
2012-12-05 00:00:00+00:00,79.7699966430664
2012-12-06 00:00:00+00:00,80.26000213623047
2012-12-07 00:00:00+00:00,80.41999816894531
2012-12-10 00:00:00+00:00,80.33000183105469
2012-12-11 00:00:00+00:00,80.05999755859375
2012-12-12 00:00:00+00:00,79.88999938964844
2012-12-13 00:00:00+00:00,79.93000030517578
2012-12-14 00:00:00+00:00,79.5999984741211
2012-12-17 00:00:00+00:00,79.56999969482422
2012-12-18 00:00:00+00:00,79.36000061035156
2012-12-19 00:00:00+00:00,79.25
2012-12-20 00:00:00+00:00,79.26000213623047
2012-12-21 00:00:00+00:00,79.62000274658203
2012-12-24 00:00:00+00:00,79.63999938964844
2012-12-26 00:00:00+00:00,79.62000274658203
2012-12-27 00:00:00+00:00,79.62000274658203
2012-12-28 00:00:00+00:00,79.68000030517578
2012-12-31 00:00:00+00:00,79.7699966430664
2013-01-02 00:00:00+00:00,79.8499984741211
2013-01-03 00:00:00+00:00,80.43000030517578
2013-01-04 00:00:00+00:00,80.5
2013-01-07 00:00:00+00:00,80.26000213623047
2013-01-08 00:00:00+00:00,80.3499984741211
2013-01-09 00:00:00+00:00,80.55999755859375
2013-01-10 00:00:00+00:00,79.73999786376953
2013-01-11 00:00:00+00:00,79.55999755859375
2013-01-14 00:00:00+00:00,79.48999786376953
2013-01-15 00:00:00+00:00,79.77999877929688
2013-01-16 00:00:00+00:00,79.80000305175781
2013-01-17 00:00:00+00:00,79.6500015258789
2013-01-18 00:00:00+00:00,80.05000305175781
2013-01-22 00:00:00+00:00,79.87000274658203
2013-01-23 00:00:00+00:00,79.91999816894531
2013-01-24 00:00:00+00:00,79.94999694824219
2013-01-25 00:00:00+00:00,79.75
2013-01-28 00:00:00+00:00,79.77999877929688
2013-01-29 00:00:00+00:00,79.55999755859375
2013-01-30 00:00:00+00:00,79.27999877929688
2013-01-31 00:00:00+00:00,79.20999908447266
2013-02-01 00:00:00+00:00,79.12999725341797
2013-02-04 00:00:00+00:00,79.55000305175781
2013-02-05 00:00:00+00:00,79.48999786376953
2013-02-06 00:00:00+00:00,79.72000122070312
2013-02-07 00:00:00+00:00,80.19000244140625
2013-02-08 00:00:00+00:00,80.25
2013-02-11 00:00:00+00:00,80.30999755859375
2013-02-12 00:00:00+00:00,80.11000061035156
2013-02-13 00:00:00+00:00,80.08999633789062
2013-02-14 00:00:00+00:00,80.45999908447266
2013-02-15 00:00:00+00:00,80.58000183105469
2013-02-19 00:00:00+00:00,80.47000122070312
2013-02-20 00:00:00+00:00,81.08999633789062
2013-02-21 00:00:00+00:00,81.45999908447266
2013-02-22 00:00:00+00:00,81.4800033569336
2013-02-25 00:00:00+00:00,81.66999816894531
2013-02-26 00:00:00+00:00,81.87000274658203
2013-02-27 00:00:00+00:00,81.5999984741211
2013-02-28 00:00:00+00:00,81.9800033569336
2013-03-01 00:00:00+00:00,82.30999755859375
2013-03-04 00:00:00+00:00,82.22000122070312
2013-03-05 00:00:00+00:00,82.08999633789062
2013-03-06 00:00:00+00:00,82.45999908447266
2013-03-07 00:00:00+00:00,82.08000183105469
2013-03-08 00:00:00+00:00,82.69999694824219
2013-03-11 00:00:00+00:00,82.56999969482422
2013-03-12 00:00:00+00:00,82.58000183105469
2013-03-13 00:00:00+00:00,82.88999938964844
2013-03-14 00:00:00+00:00,82.61000061035156
2013-03-15 00:00:00+00:00,82.26000213623047
2013-03-18 00:00:00+00:00,82.69000244140625
2013-03-19 00:00:00+00:00,82.98999786376953
2013-03-20 00:00:00+00:00,82.77999877929688
2013-03-21 00:00:00+00:00,82.80000305175781
2013-03-22 00:00:00+00:00,82.52999877929688
2013-03-25 00:00:00+00:00,82.87000274658203
2013-03-26 00:00:00+00:00,82.87999725341797
2013-03-27 00:00:00+00:00,83.20999908447266
2013-03-28 00:00:00+00:00,82.98999786376953
2013-04-01 00:00:00+00:00,82.7300033569336
2013-04-02 00:00:00+00:00,82.94000244140625
2013-04-03 00:00:00+00:00,82.72000122070312
2013-04-04 00:00:00+00:00,82.68000030517578
2013-04-05 00:00:00+00:00,82.5
2013-04-08 00:00:00+00:00,82.75
2013-04-09 00:00:00+00:00,82.30999755859375
2013-04-10 00:00:00+00:00,82.52999877929688
2013-04-11 00:00:00+00:00,82.25
2013-04-12 00:00:00+00:00,82.30999755859375
2013-04-15 00:00:00+00:00,82.41999816894531
2013-04-16 00:00:00+00:00,81.75
2013-04-17 00:00:00+00:00,82.66000366210938
2013-04-18 00:00:00+00:00,82.55000305175781
2013-04-19 00:00:00+00:00,82.70999908447266
2013-04-22 00:00:00+00:00,82.68000030517578
2013-04-23 00:00:00+00:00,83.02999877929688
2013-04-24 00:00:00+00:00,82.93000030517578
2013-04-25 00:00:00+00:00,82.73999786376953
2013-04-26 00:00:00+00:00,82.4800033569336
2013-04-29 00:00:00+00:00,82.1500015258789
2013-04-30 00:00:00+00:00,81.7300033569336
2013-05-01 00:00:00+00:00,81.63999938964844
2013-05-02 00:00:00+00:00,82.20999908447266
2013-05-03 00:00:00+00:00,82.0999984741211
2013-05-06 00:00:00+00:00,82.31999969482422
2013-05-07 00:00:00+00:00,82.30000305175781
2013-05-08 00:00:00+00:00,81.9000015258789
2013-05-09 00:00:00+00:00,82.79000091552734
2013-05-10 00:00:00+00:00,83.13999938964844
2013-05-13 00:00:00+00:00,83.26000213623047
2013-05-14 00:00:00+00:00,83.56999969482422
2013-05-15 00:00:00+00:00,83.83000183105469
2013-05-16 00:00:00+00:00,83.7699966430664
2013-05-17 00:00:00+00:00,84.27999877929688
2013-05-20 00:00:00+00:00,83.80999755859375
2013-05-21 00:00:00+00:00,83.86000061035156
2013-05-22 00:00:00+00:00,84.25
2013-05-23 00:00:00+00:00,83.80000305175781
2013-05-24 00:00:00+00:00,83.69999694824219
2013-05-28 00:00:00+00:00,84.13999938964844
2013-05-29 00:00:00+00:00,83.63999938964844
2013-05-30 00:00:00+00:00,83.01000213623047
2013-05-31 00:00:00+00:00,83.37999725341797
2013-06-03 00:00:00+00:00,82.68000030517578
2013-06-04 00:00:00+00:00,82.7699966430664
2013-06-05 00:00:00+00:00,82.56999969482422
2013-06-06 00:00:00+00:00,81.5199966430664
2013-06-07 00:00:00+00:00,81.69000244140625
2013-06-10 00:00:00+00:00,81.6500015258789
2013-06-11 00:00:00+00:00,81.05999755859375
2013-06-12 00:00:00+00:00,80.95999908447266
2013-06-13 00:00:00+00:00,80.62000274658203
2013-06-14 00:00:00+00:00,80.66999816894531
2013-06-17 00:00:00+00:00,80.56999969482422
2013-06-18 00:00:00+00:00,80.62000274658203
2013-06-19 00:00:00+00:00,81.43000030517578
2013-06-20 00:00:00+00:00,81.83999633789062
2013-06-21 00:00:00+00:00,82.31999969482422
2013-06-24 00:00:00+00:00,82.43000030517578
2013-06-25 00:00:00+00:00,82.58000183105469
2013-06-26 00:00:00+00:00,82.94999694824219
2013-06-27 00:00:00+00:00,82.91000366210938
2013-06-28 00:00:00+00:00,83.16999816894531
2013-07-01 00:00:00+00:00,82.9800033569336
2013-07-02 00:00:00+00:00,83.54000091552734
2013-07-03 00:00:00+00:00,83.2300033569336
2013-07-05 00:00:00+00:00,84.41999816894531
2013-07-08 00:00:00+00:00,84.19999694824219
2013-07-09 00:00:00+00:00,84.58000183105469
2013-07-10 00:00:00+00:00,84.04000091552734
2013-07-11 00:00:00+00:00,82.75
2013-07-12 00:00:00+00:00,82.98999786376953
2013-07-15 00:00:00+00:00,83.04000091552734
2013-07-16 00:00:00+00:00,82.43000030517578
2013-07-17 00:00:00+00:00,82.70999908447266
2013-07-18 00:00:00+00:00,82.81999969482422
2013-07-19 00:00:00+00:00,82.58000183105469
2013-07-22 00:00:00+00:00,82.22000122070312
2013-07-23 00:00:00+00:00,82.01000213623047
2013-07-24 00:00:00+00:00,82.30000305175781
2013-07-25 00:00:00+00:00,81.97000122070312
2013-07-26 00:00:00+00:00,81.62000274658203
2013-07-29 00:00:00+00:00,81.66000366210938
2013-07-30 00:00:00+00:00,81.83000183105469
2013-07-31 00:00:00+00:00,81.44999694824219
2013-08-01 00:00:00+00:00,82.33999633789062
2013-08-02 00:00:00+00:00,81.91000366210938
2013-08-05 00:00:00+00:00,81.87999725341797
2013-08-06 00:00:00+00:00,81.5999984741211
2013-08-07 00:00:00+00:00,81.29000091552734
2013-08-08 00:00:00+00:00,81.01000213623047
2013-08-09 00:00:00+00:00,81.12999725341797
2013-08-12 00:00:00+00:00,81.33000183105469
2013-08-13 00:00:00+00:00,81.7300033569336
2013-08-14 00:00:00+00:00,81.69999694824219
2013-08-15 00:00:00+00:00,81.12999725341797
2013-08-16 00:00:00+00:00,81.26000213623047
2013-08-19 00:00:00+00:00,81.2300033569336
2013-08-20 00:00:00+00:00,80.91000366210938
2013-08-21 00:00:00+00:00,81.31999969482422
2013-08-22 00:00:00+00:00,81.48999786376953
2013-08-23 00:00:00+00:00,81.33999633789062
2013-08-26 00:00:00+00:00,81.37000274658203
2013-08-27 00:00:00+00:00,81.16999816894531
2013-08-28 00:00:00+00:00,81.41999816894531
2013-08-29 00:00:00+00:00,81.94999694824219
2013-08-30 00:00:00+00:00,82.08999633789062
2013-09-03 00:00:00+00:00,82.36000061035156
2013-09-04 00:00:00+00:00,82.16999816894531
2013-09-05 00:00:00+00:00,82.62999725341797
2013-09-06 00:00:00+00:00,82.1500015258789
2013-09-09 00:00:00+00:00,81.79000091552734
2013-09-10 00:00:00+00:00,81.81999969482422
2013-09-11 00:00:00+00:00,81.5199966430664
2013-09-12 00:00:00+00:00,81.48999786376953
2013-09-13 00:00:00+00:00,81.44999694824219
2013-09-16 00:00:00+00:00,81.25
2013-09-17 00:00:00+00:00,81.16999816894531
2013-09-18 00:00:00+00:00,80.23999786376953
2013-09-19 00:00:00+00:00,80.36000061035156
2013-09-20 00:00:00+00:00,80.44000244140625
2013-09-23 00:00:00+00:00,80.44999694824219
2013-09-24 00:00:00+00:00,80.55999755859375
2013-09-25 00:00:00+00:00,80.33000183105469
2013-09-26 00:00:00+00:00,80.5199966430664
2013-09-27 00:00:00+00:00,80.2699966430664
2013-09-30 00:00:00+00:00,80.22000122070312
2013-10-01 00:00:00+00:00,80.0999984741211
2013-10-02 00:00:00+00:00,79.87999725341797
2013-10-03 00:00:00+00:00,79.7699966430664
2013-10-04 00:00:00+00:00,80.12000274658203
2013-10-07 00:00:00+00:00,79.94000244140625
2013-10-08 00:00:00+00:00,80.05999755859375
2013-10-09 00:00:00+00:00,80.37000274658203
2013-10-10 00:00:00+00:00,80.41999816894531
2013-10-11 00:00:00+00:00,80.36000061035156
2013-10-14 00:00:00+00:00,80.26000213623047
2013-10-15 00:00:00+00:00,80.4800033569336
2013-10-16 00:00:00+00:00,80.5
2013-10-17 00:00:00+00:00,79.6500015258789
2013-10-18 00:00:00+00:00,79.63999938964844
2013-10-21 00:00:00+00:00,79.68000030517578
2013-10-22 00:00:00+00:00,79.23999786376953
2013-10-23 00:00:00+00:00,79.26000213623047
2013-10-24 00:00:00+00:00,79.19000244140625
2013-10-25 00:00:00+00:00,79.18000030517578
2013-10-28 00:00:00+00:00,79.25
2013-10-29 00:00:00+00:00,79.62999725341797
2013-10-30 00:00:00+00:00,79.75
2013-10-31 00:00:00+00:00,80.19999694824219
2013-11-01 00:00:00+00:00,80.7300033569336
2013-11-04 00:00:00+00:00,80.55000305175781
2013-11-05 00:00:00+00:00,80.70999908447266
2013-11-06 00:00:00+00:00,80.4800033569336
2013-11-07 00:00:00+00:00,80.81999969482422
2013-11-08 00:00:00+00:00,81.20999908447266
2013-11-11 00:00:00+00:00,81.08999633789062
2013-11-12 00:00:00+00:00,81.19000244140625
2013-11-13 00:00:00+00:00,80.93000030517578
2013-11-14 00:00:00+00:00,80.9800033569336
2013-11-15 00:00:00+00:00,80.83999633789062
2013-11-18 00:00:00+00:00,80.83000183105469
2013-11-19 00:00:00+00:00,80.69999694824219
2013-11-20 00:00:00+00:00,81.11000061035156
2013-11-21 00:00:00+00:00,81.05000305175781
2013-11-22 00:00:00+00:00,80.70999908447266
2013-11-25 00:00:00+00:00,80.91999816894531
2013-11-26 00:00:00+00:00,80.61000061035156
2013-11-27 00:00:00+00:00,80.73999786376953
2013-11-29 00:00:00+00:00,80.68000030517578
2013-12-02 00:00:00+00:00,80.91000366210938
2013-12-03 00:00:00+00:00,80.62000274658203
2013-12-04 00:00:00+00:00,80.62999725341797
2013-12-05 00:00:00+00:00,80.2699966430664
2013-12-06 00:00:00+00:00,80.2699966430664
2013-12-09 00:00:00+00:00,80.12999725341797
2013-12-10 00:00:00+00:00,79.97000122070312
2013-12-11 00:00:00+00:00,79.88999938964844
2013-12-12 00:00:00+00:00,80.19999694824219
2013-12-13 00:00:00+00:00,80.20999908447266
2013-12-16 00:00:00+00:00,80.06999969482422
2013-12-17 00:00:00+00:00,80.05999755859375
2013-12-18 00:00:00+00:00,80.11000061035156
2013-12-19 00:00:00+00:00,80.62999725341797
2013-12-20 00:00:00+00:00,80.58000183105469
2013-12-23 00:00:00+00:00,80.44999694824219
2013-12-24 00:00:00+00:00,80.52999877929688
2013-12-26 00:00:00+00:00,80.4800033569336
2013-12-27 00:00:00+00:00,80.38999938964844
2013-12-30 00:00:00+00:00,80.0
2013-12-31 00:00:00+00:00,80.04000091552734
2014-01-02 00:00:00+00:00,80.62999725341797
2014-01-03 00:00:00+00:00,80.79000091552734
2014-01-06 00:00:00+00:00,80.6500015258789
2014-01-07 00:00:00+00:00,80.83000183105469
2014-01-08 00:00:00+00:00,81.04000091552734
2014-01-09 00:00:00+00:00,81.01000213623047
2014-01-10 00:00:00+00:00,80.66000366210938
2014-01-13 00:00:00+00:00,80.51000213623047
2014-01-14 00:00:00+00:00,80.61000061035156
2014-01-15 00:00:00+00:00,81.0
2014-01-16 00:00:00+00:00,80.9000015258789
2014-01-17 00:00:00+00:00,81.26000213623047
2014-01-21 00:00:00+00:00,81.0999984741211
2014-01-22 00:00:00+00:00,81.16999816894531
2014-01-23 00:00:00+00:00,80.44000244140625
2014-01-24 00:00:00+00:00,80.45999908447266
2014-01-27 00:00:00+00:00,80.5
2014-01-28 00:00:00+00:00,80.56999969482422
2014-01-29 00:00:00+00:00,80.51000213623047
2014-01-30 00:00:00+00:00,81.08999633789062
2014-01-31 00:00:00+00:00,81.2699966430664
2014-02-03 00:00:00+00:00,81.01000213623047
2014-02-04 00:00:00+00:00,81.12000274658203
2014-02-05 00:00:00+00:00,81.02999877929688
2014-02-06 00:00:00+00:00,80.88999938964844
2014-02-07 00:00:00+00:00,80.69000244140625
2014-02-10 00:00:00+00:00,80.66999816894531
2014-02-11 00:00:00+00:00,80.62999725341797
2014-02-12 00:00:00+00:00,80.68000030517578
2014-02-13 00:00:00+00:00,80.29000091552734
2014-02-14 00:00:00+00:00,80.12999725341797
2014-02-18 00:00:00+00:00,80.01000213623047
2014-02-19 00:00:00+00:00,80.16999816894531
2014-02-20 00:00:00+00:00,80.29000091552734
2014-02-21 00:00:00+00:00,80.23999786376953
2014-02-24 00:00:00+00:00,80.20999908447266
2014-02-25 00:00:00+00:00,80.1500015258789
2014-02-26 00:00:00+00:00,80.41000366210938
2014-02-27 00:00:00+00:00,80.29000091552734
2014-02-28 00:00:00+00:00,79.77999877929688
2014-03-03 00:00:00+00:00,80.06999969482422
2014-03-04 00:00:00+00:00,80.16000366210938
2014-03-05 00:00:00+00:00,80.11000061035156
2014-03-06 00:00:00+00:00,79.68000030517578
2014-03-07 00:00:00+00:00,79.72000122070312
2014-03-10 00:00:00+00:00,79.75
2014-03-11 00:00:00+00:00,79.7699966430664
2014-03-12 00:00:00+00:00,79.61000061035156
2014-03-13 00:00:00+00:00,79.62000274658203
2014-03-14 00:00:00+00:00,79.44000244140625
2014-03-17 00:00:00+00:00,79.38999938964844
2014-03-18 00:00:00+00:00,79.41000366210938
2014-03-19 00:00:00+00:00,79.98999786376953
2014-03-20 00:00:00+00:00,80.20999908447266
2014-03-21 00:00:00+00:00,80.11000061035156
2014-03-24 00:00:00+00:00,79.93000030517578
2014-03-25 00:00:00+00:00,79.94000244140625
2014-03-26 00:00:00+00:00,79.9800033569336
2014-03-27 00:00:00+00:00,80.11000061035156
2014-03-28 00:00:00+00:00,80.18000030517578
2014-03-31 00:00:00+00:00,80.0999984741211
2014-04-01 00:00:00+00:00,80.08000183105469
2014-04-02 00:00:00+00:00,80.22000122070312
2014-04-03 00:00:00+00:00,80.47000122070312
2014-04-04 00:00:00+00:00,80.41999816894531
2014-04-07 00:00:00+00:00,80.22000122070312
2014-04-08 00:00:00+00:00,79.75
2014-04-09 00:00:00+00:00,79.4800033569336
2014-04-10 00:00:00+00:00,79.37999725341797
2014-04-11 00:00:00+00:00,79.44999694824219
2014-04-14 00:00:00+00:00,79.7300033569336
2014-04-15 00:00:00+00:00,79.80000305175781
2014-04-16 00:00:00+00:00,79.81999969482422
2014-04-17 00:00:00+00:00,79.83000183105469
2014-04-21 00:00:00+00:00,79.94999694824219
2014-04-22 00:00:00+00:00,79.91000366210938
2014-04-23 00:00:00+00:00,79.86000061035156
2014-04-24 00:00:00+00:00,79.80000305175781
2014-04-25 00:00:00+00:00,79.7699966430664
2014-04-28 00:00:00+00:00,79.68000030517578
2014-04-29 00:00:00+00:00,79.80999755859375
2014-04-30 00:00:00+00:00,79.48999786376953
2014-05-01 00:00:00+00:00,79.52999877929688
2014-05-02 00:00:00+00:00,79.5199966430664
2014-05-05 00:00:00+00:00,79.48999786376953
2014-05-06 00:00:00+00:00,79.13999938964844
2014-05-07 00:00:00+00:00,79.22000122070312
2014-05-08 00:00:00+00:00,79.43000030517578
2014-05-09 00:00:00+00:00,79.9000015258789
2014-05-12 00:00:00+00:00,79.9000015258789
2014-05-13 00:00:00+00:00,80.13999938964844
2014-05-14 00:00:00+00:00,80.06999969482422
2014-05-15 00:00:00+00:00,80.0
2014-05-16 00:00:00+00:00,80.04000091552734
2014-05-19 00:00:00+00:00,79.98999786376953
2014-05-20 00:00:00+00:00,80.04000091552734
2014-05-21 00:00:00+00:00,80.0999984741211
2014-05-22 00:00:00+00:00,80.25
2014-05-23 00:00:00+00:00,80.38999938964844
2014-05-27 00:00:00+00:00,80.3499984741211
2014-05-28 00:00:00+00:00,80.56999969482422
2014-05-29 00:00:00+00:00,80.48999786376953
2014-05-30 00:00:00+00:00,80.37000274658203
2014-06-02 00:00:00+00:00,80.63999938964844
2014-06-03 00:00:00+00:00,80.55000305175781
2014-06-04 00:00:00+00:00,80.66999816894531
2014-06-05 00:00:00+00:00,80.37000274658203
2014-06-06 00:00:00+00:00,80.41000366210938
2014-06-09 00:00:00+00:00,80.6500015258789
2014-06-10 00:00:00+00:00,80.81999969482422
2014-06-11 00:00:00+00:00,80.79000091552734
2014-06-12 00:00:00+00:00,80.58000183105469
2014-06-13 00:00:00+00:00,80.58000183105469
2014-06-16 00:00:00+00:00,80.47000122070312
2014-06-17 00:00:00+00:00,80.62999725341797
2014-06-18 00:00:00+00:00,80.58000183105469
2014-06-19 00:00:00+00:00,80.31999969482422
2014-06-20 00:00:00+00:00,80.37000274658203
2014-06-23 00:00:00+00:00,80.26000213623047
2014-06-24 00:00:00+00:00,80.33000183105469
2014-06-25 00:00:00+00:00,80.22000122070312
2014-06-26 00:00:00+00:00,80.2300033569336
2014-06-27 00:00:00+00:00,80.04000091552734
2014-06-30 00:00:00+00:00,79.77999877929688
2014-07-01 00:00:00+00:00,79.81999969482422
2014-07-02 00:00:00+00:00,79.95999908447266
2014-07-03 00:00:00+00:00,80.20999908447266
2014-07-07 00:00:00+00:00,80.22000122070312
2014-07-08 00:00:00+00:00,80.18000030517578
2014-07-09 00:00:00+00:00,79.98999786376953
2014-07-10 00:00:00+00:00,80.12999725341797
2014-07-11 00:00:00+00:00,80.19000244140625
2014-07-14 00:00:00+00:00,80.19000244140625
2014-07-15 00:00:00+00:00,80.38999938964844
2014-07-16 00:00:00+00:00,80.55999755859375
2014-07-17 00:00:00+00:00,80.5199966430664
2014-07-18 00:00:00+00:00,80.5199966430664
2014-07-21 00:00:00+00:00,80.55999755859375
2014-07-22 00:00:00+00:00,80.77999877929688
2014-07-23 00:00:00+00:00,80.80999755859375
2014-07-24 00:00:00+00:00,80.87000274658203
2014-07-25 00:00:00+00:00,81.02999877929688
2014-07-28 00:00:00+00:00,81.02999877929688
2014-07-29 00:00:00+00:00,81.20999908447266
2014-07-30 00:00:00+00:00,81.41999816894531
2014-07-31 00:00:00+00:00,81.45999908447266
2014-08-01 00:00:00+00:00,81.30000305175781
2014-08-04 00:00:00+00:00,81.33000183105469
2014-08-05 00:00:00+00:00,81.5199966430664
2014-08-06 00:00:00+00:00,81.44000244140625
2014-08-07 00:00:00+00:00,81.5199966430664
2014-08-08 00:00:00+00:00,81.38999938964844
2014-08-11 00:00:00+00:00,81.47000122070312
2014-08-12 00:00:00+00:00,81.5
2014-08-13 00:00:00+00:00,81.5999984741211
2014-08-14 00:00:00+00:00,81.58999633789062
2014-08-15 00:00:00+00:00,81.41999816894531
2014-08-18 00:00:00+00:00,81.58000183105469
2014-08-19 00:00:00+00:00,81.87999725341797
2014-08-20 00:00:00+00:00,82.25
2014-08-21 00:00:00+00:00,82.1500015258789
2014-08-22 00:00:00+00:00,82.33999633789062
2014-08-25 00:00:00+00:00,82.55000305175781
2014-08-26 00:00:00+00:00,82.6500015258789
2014-08-27 00:00:00+00:00,82.43000030517578
2014-08-28 00:00:00+00:00,82.4800033569336
2014-08-29 00:00:00+00:00,82.75
2014-09-02 00:00:00+00:00,82.98999786376953
2014-09-03 00:00:00+00:00,82.87000274658203
2014-09-04 00:00:00+00:00,83.81999969482422
2014-09-05 00:00:00+00:00,83.76000213623047
2014-09-08 00:00:00+00:00,84.2300033569336
2014-09-09 00:00:00+00:00,84.27999877929688
2014-09-10 00:00:00+00:00,84.25
2014-09-11 00:00:00+00:00,84.30000305175781
2014-09-12 00:00:00+00:00,84.23999786376953
2014-09-15 00:00:00+00:00,84.26000213623047
2014-09-16 00:00:00+00:00,84.06999969482422
2014-09-17 00:00:00+00:00,84.69999694824219
2014-09-18 00:00:00+00:00,84.31999969482422
2014-09-19 00:00:00+00:00,84.80000305175781
2014-09-22 00:00:00+00:00,84.66999816894531
2014-09-23 00:00:00+00:00,84.66000366210938
2014-09-24 00:00:00+00:00,85.05000305175781
2014-09-25 00:00:00+00:00,85.19999694824219
2014-09-26 00:00:00+00:00,85.63999938964844
2014-09-29 00:00:00+00:00,85.58999633789062
2014-09-30 00:00:00+00:00,85.94000244140625
2014-10-01 00:00:00+00:00,85.97000122070312
2014-10-02 00:00:00+00:00,85.5999984741211
2014-10-03 00:00:00+00:00,86.69000244140625
2014-10-06 00:00:00+00:00,85.70999908447266
2014-10-07 00:00:00+00:00,85.66999816894531
2014-10-08 00:00:00+00:00,85.30000305175781
2014-10-09 00:00:00+00:00,85.5199966430664
2014-10-10 00:00:00+00:00,85.91000366210938
2014-10-13 00:00:00+00:00,85.43000030517578
2014-10-14 00:00:00+00:00,85.81999969482422
2014-10-15 00:00:00+00:00,85.1500015258789
2014-10-16 00:00:00+00:00,85.0
2014-10-17 00:00:00+00:00,85.19000244140625
2014-10-20 00:00:00+00:00,84.94999694824219
2014-10-21 00:00:00+00:00,85.30999755859375
2014-10-22 00:00:00+00:00,85.73999786376953
2014-10-23 00:00:00+00:00,85.83999633789062
2014-10-24 00:00:00+00:00,85.7300033569336
2014-10-27 00:00:00+00:00,85.5
2014-10-28 00:00:00+00:00,85.41000366210938
2014-10-29 00:00:00+00:00,85.94999694824219
2014-10-30 00:00:00+00:00,86.1500015258789
2014-10-31 00:00:00+00:00,86.87999725341797
2014-11-03 00:00:00+00:00,87.30999755859375
2014-11-04 00:00:00+00:00,86.9800033569336
2014-11-05 00:00:00+00:00,87.44000244140625
2014-11-06 00:00:00+00:00,88.01000213623047
2014-11-07 00:00:00+00:00,87.63999938964844
2014-11-10 00:00:00+00:00,87.80999755859375
2014-11-11 00:00:00+00:00,87.52999877929688
2014-11-12 00:00:00+00:00,87.81999969482422
2014-11-13 00:00:00+00:00,87.66999816894531
2014-11-14 00:00:00+00:00,87.52999877929688
2014-11-17 00:00:00+00:00,87.93000030517578
2014-11-18 00:00:00+00:00,87.58000183105469
2014-11-19 00:00:00+00:00,87.6500015258789
2014-11-20 00:00:00+00:00,87.58999633789062
2014-11-21 00:00:00+00:00,88.30999755859375
2014-11-24 00:00:00+00:00,88.1500015258789
2014-11-25 00:00:00+00:00,87.91999816894531
2014-11-26 00:00:00+00:00,87.61000061035156
2014-11-28 00:00:00+00:00,88.36000061035156
2014-12-01 00:00:00+00:00,87.94999694824219
2014-12-02 00:00:00+00:00,88.6500015258789
2014-12-03 00:00:00+00:00,88.95999908447266
2014-12-04 00:00:00+00:00,88.69999694824219
2014-12-05 00:00:00+00:00,89.33000183105469
2014-12-08 00:00:00+00:00,89.04000091552734
2014-12-09 00:00:00+00:00,88.69000244140625
2014-12-10 00:00:00+00:00,88.2699966430664
2014-12-11 00:00:00+00:00,88.66000366210938
2014-12-12 00:00:00+00:00,88.36000061035156
2014-12-15 00:00:00+00:00,88.45999908447266
2014-12-16 00:00:00+00:00,88.12999725341797
2014-12-17 00:00:00+00:00,89.12999725341797
2014-12-18 00:00:00+00:00,89.23999786376953
2014-12-19 00:00:00+00:00,89.5999984741211
2014-12-22 00:00:00+00:00,89.7699966430664
2014-12-23 00:00:00+00:00,90.05999755859375
2014-12-24 00:00:00+00:00,89.97000122070312
2014-12-26 00:00:00+00:00,90.02999877929688
2014-12-29 00:00:00+00:00,90.19000244140625
2014-12-30 00:00:00+00:00,89.98999786376953
2014-12-31 00:00:00+00:00,90.2699966430664
2015-01-02 00:00:00+00:00,91.08000183105469
2015-01-05 00:00:00+00:00,91.37999725341797
2015-01-06 00:00:00+00:00,91.5
2015-01-07 00:00:00+00:00,91.88999938964844
2015-01-08 00:00:00+00:00,92.37000274658203
2015-01-09 00:00:00+00:00,91.94000244140625
2015-01-12 00:00:00+00:00,91.9800033569336
2015-01-13 00:00:00+00:00,92.30999755859375
2015-01-14 00:00:00+00:00,92.16000366210938
2015-01-15 00:00:00+00:00,92.3499984741211
2015-01-16 00:00:00+00:00,92.5199966430664
2015-01-20 00:00:00+00:00,93.05000305175781
2015-01-21 00:00:00+00:00,92.9000015258789
2015-01-22 00:00:00+00:00,94.23999786376953
2015-01-23 00:00:00+00:00,95.0
2015-01-26 00:00:00+00:00,94.80000305175781
2015-01-27 00:00:00+00:00,94.0199966430664
2015-01-28 00:00:00+00:00,94.47000122070312
2015-01-29 00:00:00+00:00,94.77999877929688
2015-01-30 00:00:00+00:00,94.80000305175781
2015-02-02 00:00:00+00:00,94.5
2015-02-03 00:00:00+00:00,93.5999984741211
2015-02-04 00:00:00+00:00,93.98999786376953
2015-02-05 00:00:00+00:00,94.69999694824219
2015-02-06 00:00:00+00:00,94.69999694824219
2015-02-09 00:00:00+00:00,94.44999694824219
2015-02-10 00:00:00+00:00,94.76000213623047
2015-02-11 00:00:00+00:00,94.98999786376953
2015-02-12 00:00:00+00:00,94.08999633789062
2015-02-13 00:00:00+00:00,94.19999694824219
2015-02-17 00:00:00+00:00,94.05999755859375
2015-02-18 00:00:00+00:00,94.19999694824219
2015-02-19 00:00:00+00:00,94.4000015258789
2015-02-20 00:00:00+00:00,94.25
2015-02-23 00:00:00+00:00,94.56999969482422
2015-02-24 00:00:00+00:00,94.48999786376953
2015-02-25 00:00:00+00:00,94.20999908447266
2015-02-26 00:00:00+00:00,95.29000091552734
2015-02-27 00:00:00+00:00,95.25
2015-03-02 00:00:00+00:00,95.45999908447266
2015-03-03 00:00:00+00:00,95.37999725341797
2015-03-04 00:00:00+00:00,95.97000122070312
2015-03-05 00:00:00+00:00,96.37999725341797
2015-03-06 00:00:00+00:00,97.62000274658203
2015-03-09 00:00:00+00:00,97.58999633789062
2015-03-10 00:00:00+00:00,98.62000274658203
2015-03-11 00:00:00+00:00,99.80000305175781
2015-03-12 00:00:00+00:00,99.1500015258789
2015-03-13 00:00:00+00:00,100.33000183105469
2015-03-16 00:00:00+00:00,99.5999984741211
2015-03-17 00:00:00+00:00,99.58999633789062
2015-03-18 00:00:00+00:00,98.55000305175781
2015-03-19 00:00:00+00:00,99.0999984741211
2015-03-20 00:00:00+00:00,97.91000366210938
2015-03-23 00:00:00+00:00,97.02999877929688
2015-03-24 00:00:00+00:00,97.19000244140625
2015-03-25 00:00:00+00:00,96.9800033569336
2015-03-26 00:00:00+00:00,97.44000244140625
2015-03-27 00:00:00+00:00,97.29000091552734
2015-03-30 00:00:00+00:00,97.9800033569336
2015-03-31 00:00:00+00:00,98.36000061035156
2015-04-01 00:00:00+00:00,98.19000244140625
2015-04-02 00:00:00+00:00,97.44000244140625
2015-04-06 00:00:00+00:00,97.11000061035156
2015-04-07 00:00:00+00:00,97.83000183105469
2015-04-08 00:00:00+00:00,98.06999969482422
2015-04-09 00:00:00+00:00,99.16000366210938
2015-04-10 00:00:00+00:00,99.38999938964844
2015-04-13 00:00:00+00:00,99.48999786376953
2015-04-14 00:00:00+00:00,98.76000213623047
2015-04-15 00:00:00+00:00,98.33000183105469
2015-04-16 00:00:00+00:00,97.41999816894531
2015-04-17 00:00:00+00:00,97.5199966430664
2015-04-20 00:00:00+00:00,97.94000244140625
2015-04-21 00:00:00+00:00,97.9800033569336
2015-04-22 00:00:00+00:00,98.0199966430664
2015-04-23 00:00:00+00:00,97.27999877929688
2015-04-24 00:00:00+00:00,96.91999816894531
2015-04-27 00:00:00+00:00,96.7699966430664
2015-04-28 00:00:00+00:00,96.08999633789062
2015-04-29 00:00:00+00:00,95.12000274658203
2015-04-30 00:00:00+00:00,94.5999984741211
2015-05-01 00:00:00+00:00,95.30000305175781
2015-05-04 00:00:00+00:00,95.4800033569336
2015-05-05 00:00:00+00:00,95.12999725341797
2015-05-06 00:00:00+00:00,94.12999725341797
2015-05-07 00:00:00+00:00,94.62000274658203
2015-05-08 00:00:00+00:00,94.79000091552734
2015-05-11 00:00:00+00:00,95.01000213623047
2015-05-12 00:00:00+00:00,94.52999877929688
2015-05-13 00:00:00+00:00,93.62000274658203
2015-05-14 00:00:00+00:00,93.36000061035156
2015-05-15 00:00:00+00:00,93.13999938964844
2015-05-18 00:00:00+00:00,94.19000244140625
2015-05-19 00:00:00+00:00,95.2699966430664
2015-05-20 00:00:00+00:00,95.44999694824219
2015-05-21 00:00:00+00:00,95.26000213623047
2015-05-22 00:00:00+00:00,96.01000213623047
2015-05-26 00:00:00+00:00,97.30000305175781
2015-05-27 00:00:00+00:00,97.37000274658203
2015-05-28 00:00:00+00:00,96.97000122070312
2015-05-29 00:00:00+00:00,96.91000366210938
2015-06-01 00:00:00+00:00,97.38999938964844
2015-06-02 00:00:00+00:00,95.83999633789062
2015-06-03 00:00:00+00:00,95.47000122070312
2015-06-04 00:00:00+00:00,95.45999908447266
2015-06-05 00:00:00+00:00,96.30999755859375
2015-06-08 00:00:00+00:00,95.30000305175781
2015-06-09 00:00:00+00:00,95.16999816894531
2015-06-10 00:00:00+00:00,94.6500015258789
2015-06-11 00:00:00+00:00,94.9800033569336
2015-06-12 00:00:00+00:00,94.97000122070312
2015-06-15 00:00:00+00:00,94.80999755859375
2015-06-16 00:00:00+00:00,95.0
2015-06-17 00:00:00+00:00,94.30000305175781
2015-06-18 00:00:00+00:00,94.04000091552734
2015-06-19 00:00:00+00:00,94.08999633789062
2015-06-22 00:00:00+00:00,94.33000183105469
2015-06-23 00:00:00+00:00,95.43000030517578
2015-06-24 00:00:00+00:00,95.26000213623047
2015-06-25 00:00:00+00:00,95.19000244140625
2015-06-26 00:00:00+00:00,95.47000122070312
2015-06-29 00:00:00+00:00,94.79000091552734
2015-06-30 00:00:00+00:00,95.48999786376953
2015-07-01 00:00:00+00:00,96.30999755859375
2015-07-02 00:00:00+00:00,96.11000061035156
2015-07-06 00:00:00+00:00,96.30000305175781
2015-07-07 00:00:00+00:00,96.87000274658203
2015-07-08 00:00:00+00:00,96.29000091552734
2015-07-09 00:00:00+00:00,96.61000061035156
2015-07-10 00:00:00+00:00,96.02999877929688
2015-07-13 00:00:00+00:00,96.86000061035156
2015-07-14 00:00:00+00:00,96.63999938964844
2015-07-15 00:00:00+00:00,97.12999725341797
2015-07-16 00:00:00+00:00,97.66000366210938
2015-07-17 00:00:00+00:00,97.86000061035156
2015-07-20 00:00:00+00:00,98.02999877929688
2015-07-21 00:00:00+00:00,97.33000183105469
2015-07-22 00:00:00+00:00,97.5999984741211
2015-07-23 00:00:00+00:00,97.12000274658203
2015-07-24 00:00:00+00:00,97.23999786376953
2015-07-27 00:00:00+00:00,96.5
2015-07-28 00:00:00+00:00,96.7699966430664
2015-07-29 00:00:00+00:00,96.9800033569336
2015-07-30 00:00:00+00:00,97.55999755859375
2015-07-31 00:00:00+00:00,97.37000274658203
2015-08-03 00:00:00+00:00,97.48999786376953
2015-08-04 00:00:00+00:00,97.93000030517578
2015-08-05 00:00:00+00:00,97.95999908447266
2015-08-06 00:00:00+00:00,97.83000183105469
2015-08-07 00:00:00+00:00,97.55999755859375
2015-08-10 00:00:00+00:00,97.16000366210938
2015-08-11 00:00:00+00:00,97.29000091552734
2015-08-12 00:00:00+00:00,96.26000213623047
2015-08-13 00:00:00+00:00,96.44999694824219
2015-08-14 00:00:00+00:00,96.56999969482422
2015-08-17 00:00:00+00:00,96.81999969482422
2015-08-18 00:00:00+00:00,96.97000122070312
2015-08-19 00:00:00+00:00,96.45999908447266
2015-08-20 00:00:00+00:00,95.75
2015-08-21 00:00:00+00:00,94.83000183105469
2015-08-24 00:00:00+00:00,93.30999755859375
2015-08-25 00:00:00+00:00,94.52999877929688
2015-08-26 00:00:00+00:00,95.0999984741211
2015-08-27 00:00:00+00:00,95.61000061035156
2015-08-28 00:00:00+00:00,96.11000061035156
2015-08-31 00:00:00+00:00,95.94999694824219
2015-09-01 00:00:00+00:00,95.44999694824219
2015-09-02 00:00:00+00:00,95.83000183105469
2015-09-03 00:00:00+00:00,96.41000366210938
2015-09-04 00:00:00+00:00,96.2300033569336
2015-09-08 00:00:00+00:00,95.87999725341797
2015-09-09 00:00:00+00:00,96.01000213623047
2015-09-10 00:00:00+00:00,95.45999908447266
2015-09-11 00:00:00+00:00,95.19000244140625
2015-09-14 00:00:00+00:00,95.25
2015-09-15 00:00:00+00:00,95.61000061035156
2015-09-16 00:00:00+00:00,95.41999816894531
2015-09-17 00:00:00+00:00,94.55000305175781
2015-09-18 00:00:00+00:00,94.86000061035156
2015-09-21 00:00:00+00:00,95.88999938964844
2015-09-22 00:00:00+00:00,96.27999877929688
2015-09-23 00:00:00+00:00,96.06999969482422
2015-09-24 00:00:00+00:00,95.98999786376953
2015-09-25 00:00:00+00:00,96.2699966430664
2015-09-28 00:00:00+00:00,96.02999877929688
2015-09-29 00:00:00+00:00,95.88999938964844
2015-09-30 00:00:00+00:00,96.3499984741211
2015-10-01 00:00:00+00:00,96.19000244140625
2015-10-02 00:00:00+00:00,95.83000183105469
2015-10-05 00:00:00+00:00,96.11000061035156
2015-10-06 00:00:00+00:00,95.45999908447266
2015-10-07 00:00:00+00:00,95.5
2015-10-08 00:00:00+00:00,95.31999969482422
2015-10-09 00:00:00+00:00,94.80999755859375
2015-10-12 00:00:00+00:00,94.83999633789062
2015-10-13 00:00:00+00:00,94.76000213623047
2015-10-14 00:00:00+00:00,93.93000030517578
2015-10-15 00:00:00+00:00,94.37000274658203
2015-10-16 00:00:00+00:00,94.54000091552734
2015-10-19 00:00:00+00:00,94.95999908447266
2015-10-20 00:00:00+00:00,94.8499984741211
2015-10-21 00:00:00+00:00,95.05000305175781
2015-10-22 00:00:00+00:00,96.33999633789062
2015-10-23 00:00:00+00:00,97.06999969482422
2015-10-26 00:00:00+00:00,96.86000061035156
2015-10-27 00:00:00+00:00,96.91000366210938
2015-10-28 00:00:00+00:00,97.77999877929688
2015-10-29 00:00:00+00:00,97.27999877929688
2015-10-30 00:00:00+00:00,96.94999694824219
2015-11-02 00:00:00+00:00,96.93000030517578
2015-11-03 00:00:00+00:00,97.16000366210938
2015-11-04 00:00:00+00:00,97.94999694824219
2015-11-05 00:00:00+00:00,97.94000244140625
2015-11-06 00:00:00+00:00,99.16000366210938
2015-11-09 00:00:00+00:00,98.9800033569336
2015-11-10 00:00:00+00:00,99.29000091552734
2015-11-11 00:00:00+00:00,99.01000213623047
2015-11-12 00:00:00+00:00,98.6500015258789
2015-11-13 00:00:00+00:00,98.98999786376953
2015-11-16 00:00:00+00:00,99.44000244140625
2015-11-17 00:00:00+00:00,99.62999725341797
2015-11-18 00:00:00+00:00,99.6500015258789
2015-11-19 00:00:00+00:00,98.98999786376953
2015-11-20 00:00:00+00:00,99.56999969482422
2015-11-23 00:00:00+00:00,99.80000305175781
2015-11-24 00:00:00+00:00,99.52999877929688
2015-11-25 00:00:00+00:00,99.80000305175781
2015-11-27 00:00:00+00:00,100.0199966430664
2015-11-30 00:00:00+00:00,100.16999816894531
2015-12-01 00:00:00+00:00,99.80000305175781
2015-12-02 00:00:00+00:00,99.98999786376953
2015-12-03 00:00:00+00:00,97.62000274658203
2015-12-04 00:00:00+00:00,98.3499984741211
2015-12-07 00:00:00+00:00,98.66000366210938
2015-12-08 00:00:00+00:00,98.47000122070312
2015-12-09 00:00:00+00:00,97.3499984741211
2015-12-10 00:00:00+00:00,97.94000244140625
2015-12-11 00:00:00+00:00,97.56999969482422
2015-12-14 00:00:00+00:00,97.5999984741211
2015-12-15 00:00:00+00:00,98.22000122070312
2015-12-16 00:00:00+00:00,97.87000274658203
2015-12-17 00:00:00+00:00,99.2699966430664
2015-12-18 00:00:00+00:00,98.69999694824219
2015-12-21 00:00:00+00:00,98.45999908447266
2015-12-22 00:00:00+00:00,98.23999786376953
2015-12-23 00:00:00+00:00,98.33999633789062
2015-12-24 00:00:00+00:00,97.9800033569336
2015-12-28 00:00:00+00:00,97.91999816894531
2015-12-29 00:00:00+00:00,98.0999984741211
2015-12-30 00:00:00+00:00,98.2699966430664
2015-12-31 00:00:00+00:00,98.62999725341797
2016-01-04 00:00:00+00:00,98.87000274658203
2016-01-05 00:00:00+00:00,99.4000015258789
2016-01-06 00:00:00+00:00,99.18000030517578
2016-01-07 00:00:00+00:00,98.22000122070312
2016-01-08 00:00:00+00:00,98.54000091552734
2016-01-11 00:00:00+00:00,98.7300033569336
2016-01-12 00:00:00+00:00,98.97000122070312
2016-01-13 00:00:00+00:00,98.93000030517578
2016-01-14 00:00:00+00:00,99.08999633789062
2016-01-15 00:00:00+00:00,98.95999908447266
2016-01-18 00:00:00+00:00,99.12000274658203
2016-01-19 00:00:00+00:00,98.98999786376953
2016-01-20 00:00:00+00:00,99.08999633789062
2016-01-21 00:00:00+00:00,99.05999755859375
2016-01-22 00:00:00+00:00,99.56999969482422
2016-01-25 00:00:00+00:00,99.36000061035156
2016-01-26 00:00:00+00:00,99.36000061035156
2016-01-27 00:00:00+00:00,98.9000015258789
2016-01-28 00:00:00+00:00,98.51000213623047
2016-01-29 00:00:00+00:00,99.61000061035156
2016-02-01 00:00:00+00:00,99.0
2016-02-02 00:00:00+00:00,98.87000274658203
2016-02-03 00:00:00+00:00,97.29000091552734
2016-02-04 00:00:00+00:00,96.47000122070312
2016-02-05 00:00:00+00:00,97.02999877929688
2016-02-08 00:00:00+00:00,96.56999969482422
2016-02-09 00:00:00+00:00,96.06999969482422
2016-02-10 00:00:00+00:00,95.88999938964844
2016-02-11 00:00:00+00:00,95.55999755859375
2016-02-12 00:00:00+00:00,95.9800033569336
2016-02-16 00:00:00+00:00,96.87000274658203
2016-02-17 00:00:00+00:00,96.79000091552734
2016-02-18 00:00:00+00:00,96.94999694824219
2016-02-19 00:00:00+00:00,96.5999984741211
2016-02-22 00:00:00+00:00,97.37999725341797
2016-02-23 00:00:00+00:00,97.4800033569336
2016-02-24 00:00:00+00:00,97.45999908447266
2016-02-25 00:00:00+00:00,97.29000091552734
2016-02-26 00:00:00+00:00,98.1500015258789
2016-02-29 00:00:00+00:00,98.20999908447266
2016-03-01 00:00:00+00:00,98.3499984741211
2016-03-02 00:00:00+00:00,98.20999908447266
2016-03-03 00:00:00+00:00,97.56999969482422
2016-03-04 00:00:00+00:00,97.33999633789062
2016-03-07 00:00:00+00:00,97.06999969482422
2016-03-08 00:00:00+00:00,97.20999908447266
2016-03-09 00:00:00+00:00,97.16999816894531
2016-03-10 00:00:00+00:00,96.06999969482422
2016-03-11 00:00:00+00:00,96.16999816894531
2016-03-14 00:00:00+00:00,96.62000274658203
2016-03-15 00:00:00+00:00,96.62999725341797
2016-03-16 00:00:00+00:00,95.88999938964844
2016-03-17 00:00:00+00:00,94.76000213623047
2016-03-18 00:00:00+00:00,94.98999786376953
2016-03-21 00:00:00+00:00,95.29000091552734
2016-03-22 00:00:00+00:00,95.6500015258789
2016-03-23 00:00:00+00:00,96.05000305175781
2016-03-24 00:00:00+00:00,96.13999938964844
2016-03-28 00:00:00+00:00,95.94000244140625
2016-03-29 00:00:00+00:00,95.16000366210938
2016-03-30 00:00:00+00:00,94.83999633789062
2016-03-31 00:00:00+00:00,94.58999633789062
2016-04-01 00:00:00+00:00,94.62000274658203
2016-04-04 00:00:00+00:00,94.51000213623047
2016-04-05 00:00:00+00:00,94.62999725341797
2016-04-06 00:00:00+00:00,94.43000030517578
2016-04-07 00:00:00+00:00,94.4800033569336
2016-04-08 00:00:00+00:00,94.23999786376953
2016-04-11 00:00:00+00:00,93.94999694824219
2016-04-12 00:00:00+00:00,93.95999908447266
2016-04-13 00:00:00+00:00,94.73999786376953
2016-04-14 00:00:00+00:00,94.9000015258789
2016-04-15 00:00:00+00:00,94.69999694824219
2016-04-18 00:00:00+00:00,94.48999786376953
2016-04-19 00:00:00+00:00,93.9800033569336
2016-04-20 00:00:00+00:00,94.48999786376953
2016-04-21 00:00:00+00:00,94.5999984741211
2016-04-22 00:00:00+00:00,95.12000274658203
2016-04-25 00:00:00+00:00,94.83999633789062
2016-04-26 00:00:00+00:00,94.56999969482422
2016-04-27 00:00:00+00:00,94.38999938964844
2016-04-28 00:00:00+00:00,93.76000213623047
2016-04-29 00:00:00+00:00,93.08000183105469
2016-05-02 00:00:00+00:00,92.62999725341797
2016-05-03 00:00:00+00:00,92.94000244140625
2016-05-04 00:00:00+00:00,93.18000030517578
2016-05-05 00:00:00+00:00,93.77999877929688
2016-05-06 00:00:00+00:00,93.88999938964844
2016-05-09 00:00:00+00:00,94.1500015258789
2016-05-10 00:00:00+00:00,94.29000091552734
2016-05-11 00:00:00+00:00,93.81999969482422
2016-05-12 00:00:00+00:00,94.13999938964844
2016-05-13 00:00:00+00:00,94.61000061035156
2016-05-16 00:00:00+00:00,94.56999969482422
2016-05-17 00:00:00+00:00,94.55000305175781
2016-05-18 00:00:00+00:00,95.08000183105469
2016-05-19 00:00:00+00:00,95.29000091552734
2016-05-20 00:00:00+00:00,95.30999755859375
2016-05-23 00:00:00+00:00,95.2300033569336
2016-05-24 00:00:00+00:00,95.56999969482422
2016-05-25 00:00:00+00:00,95.3499984741211
2016-05-26 00:00:00+00:00,95.16999816894531
2016-05-27 00:00:00+00:00,95.5199966430664
2016-05-31 00:00:00+00:00,95.88999938964844
2016-06-01 00:00:00+00:00,95.45999908447266
2016-06-02 00:00:00+00:00,95.55999755859375
2016-06-03 00:00:00+00:00,94.02999877929688
2016-06-06 00:00:00+00:00,93.9000015258789
2016-06-07 00:00:00+00:00,93.83000183105469
2016-06-08 00:00:00+00:00,93.58999633789062
2016-06-09 00:00:00+00:00,94.0999984741211
2016-06-10 00:00:00+00:00,94.5999984741211
2016-06-13 00:00:00+00:00,94.37000274658203
2016-06-14 00:00:00+00:00,94.93000030517578
2016-06-15 00:00:00+00:00,94.61000061035156
2016-06-16 00:00:00+00:00,94.56999969482422
2016-06-17 00:00:00+00:00,94.20999908447266
2016-06-20 00:00:00+00:00,93.61000061035156
2016-06-21 00:00:00+00:00,94.0199966430664
2016-06-22 00:00:00+00:00,93.72000122070312
2016-06-23 00:00:00+00:00,93.52999877929688
2016-06-24 00:00:00+00:00,95.44999694824219
2016-06-27 00:00:00+00:00,96.54000091552734
2016-06-28 00:00:00+00:00,96.25
2016-06-29 00:00:00+00:00,95.7699966430664
2016-06-30 00:00:00+00:00,96.13999938964844
2016-07-01 00:00:00+00:00,95.6500015258789
2016-07-05 00:00:00+00:00,96.16999816894531
2016-07-06 00:00:00+00:00,96.05999755859375
2016-07-07 00:00:00+00:00,96.33000183105469
2016-07-08 00:00:00+00:00,96.30000305175781
2016-07-11 00:00:00+00:00,96.56999969482422
2016-07-12 00:00:00+00:00,96.44000244140625
2016-07-13 00:00:00+00:00,96.22000122070312
2016-07-14 00:00:00+00:00,96.08000183105469
2016-07-15 00:00:00+00:00,96.58000183105469
2016-07-18 00:00:00+00:00,96.55999755859375
2016-07-19 00:00:00+00:00,97.05000305175781
2016-07-20 00:00:00+00:00,97.19999694824219
2016-07-21 00:00:00+00:00,97.0
2016-07-22 00:00:00+00:00,97.47000122070312
2016-07-25 00:00:00+00:00,97.29000091552734
2016-07-26 00:00:00+00:00,97.16000366210938
2016-07-27 00:00:00+00:00,97.05000305175781
2016-07-28 00:00:00+00:00,96.73999786376953
2016-07-29 00:00:00+00:00,95.52999877929688
2016-08-01 00:00:00+00:00,95.70999908447266
2016-08-02 00:00:00+00:00,95.05999755859375
2016-08-03 00:00:00+00:00,95.55999755859375
2016-08-04 00:00:00+00:00,95.76000213623047
2016-08-05 00:00:00+00:00,96.19000244140625
2016-08-08 00:00:00+00:00,96.4000015258789
2016-08-09 00:00:00+00:00,96.18000030517578
2016-08-10 00:00:00+00:00,95.6500015258789
2016-08-11 00:00:00+00:00,95.86000061035156
2016-08-12 00:00:00+00:00,95.72000122070312
2016-08-15 00:00:00+00:00,95.62999725341797
2016-08-16 00:00:00+00:00,94.79000091552734
2016-08-17 00:00:00+00:00,94.72000122070312
2016-08-18 00:00:00+00:00,94.16000366210938
2016-08-19 00:00:00+00:00,94.51000213623047
2016-08-22 00:00:00+00:00,94.5199966430664
2016-08-23 00:00:00+00:00,94.54000091552734
2016-08-24 00:00:00+00:00,94.79000091552734
2016-08-25 00:00:00+00:00,94.7699966430664
2016-08-26 00:00:00+00:00,95.56999969482422
2016-08-29 00:00:00+00:00,95.58000183105469
2016-08-30 00:00:00+00:00,96.05000305175781
2016-08-31 00:00:00+00:00,96.0199966430664
2016-09-01 00:00:00+00:00,95.6500015258789
2016-09-02 00:00:00+00:00,95.87999725341797
2016-09-06 00:00:00+00:00,94.81999969482422
2016-09-07 00:00:00+00:00,94.95999908447266
2016-09-08 00:00:00+00:00,95.02999877929688
2016-09-09 00:00:00+00:00,95.33999633789062
2016-09-12 00:00:00+00:00,95.0999984741211
2016-09-13 00:00:00+00:00,95.62999725341797
2016-09-14 00:00:00+00:00,95.33000183105469
2016-09-15 00:00:00+00:00,95.29000091552734
2016-09-16 00:00:00+00:00,96.11000061035156
2016-09-19 00:00:00+00:00,95.83999633789062
2016-09-20 00:00:00+00:00,96.0199966430664
2016-09-21 00:00:00+00:00,95.66000366210938
2016-09-22 00:00:00+00:00,95.44999694824219
2016-09-23 00:00:00+00:00,95.4800033569336
2016-09-26 00:00:00+00:00,95.30999755859375
2016-09-27 00:00:00+00:00,95.44000244140625
2016-09-28 00:00:00+00:00,95.43000030517578
2016-09-29 00:00:00+00:00,95.54000091552734
2016-09-30 00:00:00+00:00,95.45999908447266
2016-10-03 00:00:00+00:00,95.75
2016-10-04 00:00:00+00:00,96.12000274658203
2016-10-05 00:00:00+00:00,96.12999725341797
2016-10-06 00:00:00+00:00,96.66000366210938
2016-10-07 00:00:00+00:00,96.5199966430664
2016-10-11 00:00:00+00:00,97.69999694824219
2016-10-12 00:00:00+00:00,97.97000122070312
2016-10-13 00:00:00+00:00,97.5199966430664
2016-10-14 00:00:00+00:00,98.0199966430664
2016-10-17 00:00:00+00:00,97.88999938964844
2016-10-18 00:00:00+00:00,97.9000015258789
2016-10-19 00:00:00+00:00,97.87000274658203
2016-10-20 00:00:00+00:00,98.31999969482422
2016-10-21 00:00:00+00:00,98.69999694824219
2016-10-24 00:00:00+00:00,98.66999816894531
2016-10-25 00:00:00+00:00,98.72000122070312
2016-10-26 00:00:00+00:00,98.62999725341797
2016-10-27 00:00:00+00:00,98.88999938964844
2016-10-28 00:00:00+00:00,98.3499984741211
2016-10-31 00:00:00+00:00,98.44999694824219
2016-11-01 00:00:00+00:00,97.69999694824219
2016-11-02 00:00:00+00:00,97.4000015258789
2016-11-03 00:00:00+00:00,97.16000366210938
2016-11-04 00:00:00+00:00,97.06999969482422
2016-11-07 00:00:00+00:00,97.77999877929688
2016-11-08 00:00:00+00:00,97.86000061035156
2016-11-09 00:00:00+00:00,98.5
2016-11-10 00:00:00+00:00,98.79000091552734
2016-11-14 00:00:00+00:00,100.11000061035156
2016-11-15 00:00:00+00:00,100.19000244140625
2016-11-16 00:00:00+00:00,100.41000366210938
2016-11-17 00:00:00+00:00,100.88999938964844
2016-11-18 00:00:00+00:00,101.20999908447266
2016-11-21 00:00:00+00:00,101.05000305175781
2016-11-22 00:00:00+00:00,101.04000091552734
2016-11-23 00:00:00+00:00,101.69999694824219
2016-11-25 00:00:00+00:00,101.48999786376953
2016-11-28 00:00:00+00:00,101.33000183105469
2016-11-29 00:00:00+00:00,100.93000030517578
2016-11-30 00:00:00+00:00,101.5
2016-12-01 00:00:00+00:00,101.04000091552734
2016-12-02 00:00:00+00:00,100.7699966430664
2016-12-05 00:00:00+00:00,100.13999938964844
2016-12-06 00:00:00+00:00,100.48999786376953
2016-12-07 00:00:00+00:00,100.2300033569336
2016-12-08 00:00:00+00:00,101.06999969482422
2016-12-09 00:00:00+00:00,101.56999969482422
2016-12-12 00:00:00+00:00,100.95999908447266
2016-12-13 00:00:00+00:00,101.02999877929688
2016-12-14 00:00:00+00:00,102.0
2016-12-15 00:00:00+00:00,103.12999725341797
2016-12-16 00:00:00+00:00,102.94999694824219
2016-12-19 00:00:00+00:00,103.13999938964844
2016-12-20 00:00:00+00:00,103.29000091552734
2016-12-21 00:00:00+00:00,103.0199966430664
2016-12-22 00:00:00+00:00,103.08999633789062
2016-12-23 00:00:00+00:00,103.01000213623047
2016-12-27 00:00:00+00:00,103.0199966430664
2016-12-28 00:00:00+00:00,103.26000213623047
2016-12-29 00:00:00+00:00,102.68000030517578
2016-12-30 00:00:00+00:00,102.38999938964844
2017-01-03 00:00:00+00:00,103.20999908447266
2017-01-04 00:00:00+00:00,102.69999694824219
2017-01-05 00:00:00+00:00,101.5199966430664
2017-01-06 00:00:00+00:00,102.22000122070312
2017-01-09 00:00:00+00:00,101.93000030517578
2017-01-10 00:00:00+00:00,102.01000213623047
2017-01-11 00:00:00+00:00,101.77999877929688
2017-01-12 00:00:00+00:00,101.3499984741211
2017-01-13 00:00:00+00:00,101.18000030517578
2017-01-17 00:00:00+00:00,100.33000183105469
2017-01-18 00:00:00+00:00,100.93000030517578
2017-01-19 00:00:00+00:00,101.1500015258789
2017-01-20 00:00:00+00:00,100.73999786376953
2017-01-23 00:00:00+00:00,100.16000366210938
2017-01-24 00:00:00+00:00,100.3499984741211
2017-01-25 00:00:00+00:00,100.02999877929688
2017-01-26 00:00:00+00:00,100.37999725341797
2017-01-27 00:00:00+00:00,100.52999877929688
2017-01-30 00:00:00+00:00,100.43000030517578
2017-01-31 00:00:00+00:00,99.51000213623047
2017-02-01 00:00:00+00:00,99.63999938964844
2017-02-02 00:00:00+00:00,99.8499984741211
2017-02-03 00:00:00+00:00,99.87000274658203
2017-02-06 00:00:00+00:00,99.91000366210938
2017-02-07 00:00:00+00:00,100.26000213623047
2017-02-08 00:00:00+00:00,100.27999877929688
2017-02-09 00:00:00+00:00,100.6500015258789
2017-02-10 00:00:00+00:00,100.80000305175781
2017-02-13 00:00:00+00:00,100.95999908447266
2017-02-14 00:00:00+00:00,101.25
2017-02-15 00:00:00+00:00,101.18000030517578
2017-02-16 00:00:00+00:00,100.44000244140625
2017-02-17 00:00:00+00:00,100.94999694824219
2017-02-21 00:00:00+00:00,101.37000274658203
2017-02-22 00:00:00+00:00,101.33000183105469
2017-02-23 00:00:00+00:00,101.05000305175781
2017-02-24 00:00:00+00:00,101.08999633789062
2017-02-27 00:00:00+00:00,101.12999725341797
2017-02-28 00:00:00+00:00,101.12000274658203
2017-03-01 00:00:00+00:00,101.77999877929688
2017-03-02 00:00:00+00:00,102.19999694824219
2017-03-03 00:00:00+00:00,101.54000091552734
2017-03-06 00:00:00+00:00,101.63999938964844
2017-03-07 00:00:00+00:00,101.80999755859375
2017-03-08 00:00:00+00:00,102.06999969482422
2017-03-09 00:00:00+00:00,101.8499984741211
2017-03-10 00:00:00+00:00,101.25
2017-03-13 00:00:00+00:00,101.37999725341797
2017-03-14 00:00:00+00:00,101.69999694824219
2017-03-15 00:00:00+00:00,100.73999786376953
2017-03-16 00:00:00+00:00,100.2699966430664
2017-03-17 00:00:00+00:00,100.30000305175781
2017-03-20 00:00:00+00:00,100.41000366210938
2017-03-21 00:00:00+00:00,99.80999755859375
2017-03-22 00:00:00+00:00,99.68000030517578
2017-03-23 00:00:00+00:00,99.76000213623047
2017-03-24 00:00:00+00:00,99.62999725341797
2017-03-27 00:00:00+00:00,99.16999816894531
2017-03-28 00:00:00+00:00,99.70999908447266
2017-03-29 00:00:00+00:00,100.0
2017-03-30 00:00:00+00:00,100.41000366210938
2017-03-31 00:00:00+00:00,100.3499984741211
2017-04-03 00:00:00+00:00,100.54000091552734
2017-04-04 00:00:00+00:00,100.54000091552734
2017-04-05 00:00:00+00:00,100.55999755859375
2017-04-06 00:00:00+00:00,100.66999816894531
2017-04-07 00:00:00+00:00,101.18000030517578
2017-04-10 00:00:00+00:00,101.0199966430664
2017-04-11 00:00:00+00:00,100.70999908447266
2017-04-12 00:00:00+00:00,100.77999877929688
2017-04-13 00:00:00+00:00,100.55999755859375
2017-04-17 00:00:00+00:00,100.30000305175781
2017-04-18 00:00:00+00:00,99.5
2017-04-19 00:00:00+00:00,99.73999786376953
2017-04-20 00:00:00+00:00,99.77999877929688
2017-04-21 00:00:00+00:00,99.9800033569336
2017-04-24 00:00:00+00:00,99.08999633789062
2017-04-25 00:00:00+00:00,98.81999969482422
2017-04-26 00:00:00+00:00,98.95999908447266
2017-04-27 00:00:00+00:00,99.08000183105469
2017-04-28 00:00:00+00:00,99.05000305175781
2017-05-01 00:00:00+00:00,99.13999938964844
2017-05-02 00:00:00+00:00,98.9800033569336
2017-05-03 00:00:00+00:00,99.20999908447266
2017-05-04 00:00:00+00:00,98.76000213623047
2017-05-05 00:00:00+00:00,98.6500015258789
2017-05-08 00:00:00+00:00,99.1500015258789
2017-05-09 00:00:00+00:00,99.58999633789062
2017-05-10 00:00:00+00:00,99.66999816894531
2017-05-11 00:00:00+00:00,99.62000274658203
2017-05-12 00:00:00+00:00,99.25
2017-05-15 00:00:00+00:00,98.91000366210938
2017-05-16 00:00:00+00:00,98.11000061035156
2017-05-17 00:00:00+00:00,97.41999816894531
2017-05-18 00:00:00+00:00,97.87999725341797
2017-05-19 00:00:00+00:00,97.1500015258789
2017-05-22 00:00:00+00:00,96.9800033569336
2017-05-23 00:00:00+00:00,97.3499984741211
2017-05-24 00:00:00+00:00,97.23999786376953
2017-05-25 00:00:00+00:00,97.25
2017-05-26 00:00:00+00:00,97.4000015258789
2017-05-30 00:00:00+00:00,97.27999877929688
2017-05-31 00:00:00+00:00,96.91999816894531
2017-06-01 00:00:00+00:00,97.19999694824219
2017-06-02 00:00:00+00:00,96.72000122070312
2017-06-05 00:00:00+00:00,96.80000305175781
2017-06-06 00:00:00+00:00,96.63999938964844
2017-06-07 00:00:00+00:00,96.75
2017-06-08 00:00:00+00:00,96.91999816894531
2017-06-09 00:00:00+00:00,97.2699966430664
2017-06-12 00:00:00+00:00,97.13999938964844
2017-06-13 00:00:00+00:00,96.9800033569336
2017-06-14 00:00:00+00:00,96.94000244140625
2017-06-15 00:00:00+00:00,97.43000030517578
2017-06-16 00:00:00+00:00,97.16000366210938
2017-06-19 00:00:00+00:00,97.52999877929688
2017-06-20 00:00:00+00:00,97.75
2017-06-21 00:00:00+00:00,97.55999755859375
2017-06-22 00:00:00+00:00,97.54000091552734
2017-06-23 00:00:00+00:00,97.30000305175781
2017-06-26 00:00:00+00:00,97.43000030517578
2017-06-27 00:00:00+00:00,96.47000122070312
2017-06-28 00:00:00+00:00,96.05000305175781
2017-06-29 00:00:00+00:00,95.62999725341797
2017-06-30 00:00:00+00:00,95.66000366210938
2017-07-03 00:00:00+00:00,96.19999694824219
2017-07-05 00:00:00+00:00,96.29000091552734
2017-07-06 00:00:00+00:00,95.81999969482422
2017-07-07 00:00:00+00:00,96.01000213623047
2017-07-10 00:00:00+00:00,96.05000305175781
2017-07-11 00:00:00+00:00,95.73999786376953
2017-07-12 00:00:00+00:00,95.79000091552734
2017-07-13 00:00:00+00:00,95.7300033569336
2017-07-14 00:00:00+00:00,95.11000061035156
2017-07-17 00:00:00+00:00,95.12999725341797
2017-07-18 00:00:00+00:00,94.66000366210938
2017-07-19 00:00:00+00:00,94.80000305175781
2017-07-20 00:00:00+00:00,94.2699966430664
2017-07-21 00:00:00+00:00,93.94000244140625
2017-07-24 00:00:00+00:00,93.9800033569336
2017-07-25 00:00:00+00:00,94.05000305175781
2017-07-26 00:00:00+00:00,93.66999816894531
2017-07-27 00:00:00+00:00,93.86000061035156
2017-07-28 00:00:00+00:00,93.26000213623047
2017-07-31 00:00:00+00:00,92.86000061035156
2017-08-01 00:00:00+00:00,93.02999877929688
2017-08-02 00:00:00+00:00,92.83000183105469
2017-08-03 00:00:00+00:00,92.80999755859375
2017-08-04 00:00:00+00:00,93.54000091552734
2017-08-07 00:00:00+00:00,93.43000030517578
2017-08-08 00:00:00+00:00,93.63999938964844
2017-08-09 00:00:00+00:00,93.5199966430664
2017-08-10 00:00:00+00:00,93.4000015258789
2017-08-11 00:00:00+00:00,93.06999969482422
2017-08-14 00:00:00+00:00,93.45999908447266
2017-08-15 00:00:00+00:00,93.8499984741211
2017-08-16 00:00:00+00:00,93.48999786376953
2017-08-17 00:00:00+00:00,93.62000274658203
2017-08-18 00:00:00+00:00,93.43000030517578
2017-08-21 00:00:00+00:00,93.0999984741211
2017-08-22 00:00:00+00:00,93.55000305175781
2017-08-23 00:00:00+00:00,93.1500015258789
2017-08-24 00:00:00+00:00,93.27999877929688
2017-08-25 00:00:00+00:00,92.73999786376953
2017-08-28 00:00:00+00:00,92.20999908447266
2017-08-29 00:00:00+00:00,92.3499984741211
2017-08-30 00:00:00+00:00,92.87999725341797
2017-08-31 00:00:00+00:00,92.66999816894531
2017-09-01 00:00:00+00:00,92.80999755859375
2017-09-05 00:00:00+00:00,92.30999755859375
2017-09-06 00:00:00+00:00,92.29000091552734
2017-09-07 00:00:00+00:00,91.52999877929688
2017-09-08 00:00:00+00:00,91.33000183105469
2017-09-11 00:00:00+00:00,91.86000061035156
2017-09-12 00:00:00+00:00,91.91000366210938
2017-09-13 00:00:00+00:00,92.5199966430664
2017-09-14 00:00:00+00:00,92.12000274658203
2017-09-15 00:00:00+00:00,91.87000274658203
2017-09-18 00:00:00+00:00,92.05000305175781
2017-09-19 00:00:00+00:00,91.79000091552734
2017-09-20 00:00:00+00:00,92.51000213623047
2017-09-21 00:00:00+00:00,92.26000213623047
2017-09-22 00:00:00+00:00,92.16999816894531
2017-09-25 00:00:00+00:00,92.6500015258789
2017-09-26 00:00:00+00:00,92.97000122070312
2017-09-27 00:00:00+00:00,93.36000061035156
2017-09-28 00:00:00+00:00,93.08999633789062
2017-09-29 00:00:00+00:00,93.08000183105469
2017-10-02 00:00:00+00:00,93.55999755859375
2017-10-03 00:00:00+00:00,93.56999969482422
2017-10-04 00:00:00+00:00,93.45999908447266
2017-10-05 00:00:00+00:00,93.95999908447266
2017-10-06 00:00:00+00:00,93.80000305175781
2017-10-09 00:00:00+00:00,93.73999786376953
2017-10-10 00:00:00+00:00,93.29000091552734
2017-10-11 00:00:00+00:00,92.95999908447266
2017-10-12 00:00:00+00:00,93.12000274658203
2017-10-13 00:00:00+00:00,93.08999633789062
2017-10-16 00:00:00+00:00,93.27999877929688
2017-10-17 00:00:00+00:00,93.48999786376953
2017-10-18 00:00:00+00:00,93.36000061035156
2017-10-19 00:00:00+00:00,93.2699966430664
2017-10-20 00:00:00+00:00,93.69999694824219
2017-10-23 00:00:00+00:00,93.94000244140625
2017-10-24 00:00:00+00:00,93.95999908447266
2017-10-25 00:00:00+00:00,93.70999908447266
2017-10-26 00:00:00+00:00,94.61000061035156
2017-10-27 00:00:00+00:00,94.91999816894531
2017-10-30 00:00:00+00:00,94.48999786376953
2017-10-31 00:00:00+00:00,94.55000305175781
2017-11-01 00:00:00+00:00,94.81999969482422
2017-11-02 00:00:00+00:00,94.69000244140625
2017-11-03 00:00:00+00:00,94.94000244140625
2017-11-06 00:00:00+00:00,94.72000122070312
2017-11-07 00:00:00+00:00,94.91000366210938
2017-11-08 00:00:00+00:00,94.87000274658203
2017-11-09 00:00:00+00:00,94.44000244140625
2017-11-10 00:00:00+00:00,94.38999938964844
2017-11-13 00:00:00+00:00,94.48999786376953
2017-11-14 00:00:00+00:00,93.83000183105469
2017-11-15 00:00:00+00:00,93.80999755859375
2017-11-16 00:00:00+00:00,93.93000030517578
2017-11-17 00:00:00+00:00,93.66000366210938
2017-11-20 00:00:00+00:00,94.08000183105469
2017-11-21 00:00:00+00:00,93.94999694824219
2017-11-22 00:00:00+00:00,93.22000122070312
2017-11-24 00:00:00+00:00,92.76000213623047
2017-11-27 00:00:00+00:00,92.9000015258789
2017-11-28 00:00:00+00:00,93.26000213623047
2017-11-29 00:00:00+00:00,93.26000213623047
2017-11-30 00:00:00+00:00,93.01000213623047
2017-12-01 00:00:00+00:00,92.9000015258789
2017-12-04 00:00:00+00:00,93.19000244140625
2017-12-05 00:00:00+00:00,93.37999725341797
2017-12-06 00:00:00+00:00,93.61000061035156
2017-12-07 00:00:00+00:00,93.80000305175781
2017-12-08 00:00:00+00:00,93.9000015258789
2017-12-11 00:00:00+00:00,93.87000274658203
2017-12-12 00:00:00+00:00,94.0999984741211
2017-12-13 00:00:00+00:00,93.43000030517578
2017-12-14 00:00:00+00:00,93.48999786376953
2017-12-15 00:00:00+00:00,93.93000030517578
2017-12-18 00:00:00+00:00,93.69999694824219
2017-12-19 00:00:00+00:00,93.47000122070312
2017-12-20 00:00:00+00:00,93.3499984741211
2017-12-21 00:00:00+00:00,93.27999877929688
2017-12-22 00:00:00+00:00,93.3499984741211
2017-12-26 00:00:00+00:00,93.26000213623047
2017-12-27 00:00:00+00:00,93.02999877929688
2017-12-28 00:00:00+00:00,92.5999984741211
2017-12-29 00:00:00+00:00,92.12000274658203
2018-01-02 00:00:00+00:00,91.8499984741211
2018-01-03 00:00:00+00:00,92.16000366210938
2018-01-04 00:00:00+00:00,91.8499984741211
2018-01-05 00:00:00+00:00,91.94999694824219
2018-01-08 00:00:00+00:00,92.33000183105469
2018-01-09 00:00:00+00:00,92.52999877929688
2018-01-10 00:00:00+00:00,92.33000183105469
2018-01-11 00:00:00+00:00,91.8499984741211
2018-01-12 00:00:00+00:00,90.97000122070312
2018-01-16 00:00:00+00:00,90.38999938964844
2018-01-17 00:00:00+00:00,90.54000091552734
2018-01-18 00:00:00+00:00,90.5
2018-01-19 00:00:00+00:00,90.56999969482422
2018-01-22 00:00:00+00:00,90.4000015258789
2018-01-23 00:00:00+00:00,90.12000274658203
2018-01-24 00:00:00+00:00,89.20999908447266
2018-01-25 00:00:00+00:00,89.38999938964844
2018-01-26 00:00:00+00:00,89.06999969482422
2018-01-29 00:00:00+00:00,89.30999755859375
2018-01-30 00:00:00+00:00,89.19000244140625
2018-01-31 00:00:00+00:00,89.12999725341797
2018-02-01 00:00:00+00:00,88.66999816894531
2018-02-02 00:00:00+00:00,89.19999694824219
2018-02-05 00:00:00+00:00,89.55000305175781
2018-02-06 00:00:00+00:00,89.58999633789062
2018-02-07 00:00:00+00:00,90.26000213623047
2018-02-08 00:00:00+00:00,90.2300033569336
2018-02-09 00:00:00+00:00,90.44000244140625
2018-02-12 00:00:00+00:00,90.20999908447266
2018-02-13 00:00:00+00:00,89.69999694824219
2018-02-14 00:00:00+00:00,89.12000274658203
2018-02-15 00:00:00+00:00,88.58999633789062
2018-02-16 00:00:00+00:00,89.0999984741211
2018-02-20 00:00:00+00:00,89.72000122070312
2018-02-21 00:00:00+00:00,90.08000183105469
2018-02-22 00:00:00+00:00,89.75
2018-02-23 00:00:00+00:00,89.87999725341797
2018-02-26 00:00:00+00:00,89.81999969482422
2018-02-27 00:00:00+00:00,90.36000061035156
2018-02-28 00:00:00+00:00,90.61000061035156
2018-03-01 00:00:00+00:00,90.31999969482422
2018-03-02 00:00:00+00:00,89.94000244140625
2018-03-05 00:00:00+00:00,90.08000183105469
2018-03-06 00:00:00+00:00,89.62000274658203
2018-03-07 00:00:00+00:00,89.63999938964844
2018-03-08 00:00:00+00:00,90.12000274658203
2018-03-09 00:00:00+00:00,90.08999633789062
2018-03-12 00:00:00+00:00,89.9000015258789
2018-03-13 00:00:00+00:00,89.66000366210938
2018-03-14 00:00:00+00:00,89.69999694824219
2018-03-15 00:00:00+00:00,90.13999938964844
2018-03-16 00:00:00+00:00,90.2300033569336
2018-03-19 00:00:00+00:00,89.9000015258789
2018-03-20 00:00:00+00:00,90.37000274658203
2018-03-21 00:00:00+00:00,89.77999877929688
2018-03-22 00:00:00+00:00,89.86000061035156
2018-03-23 00:00:00+00:00,89.44000244140625
2018-03-26 00:00:00+00:00,89.02999877929688
2018-03-27 00:00:00+00:00,89.37000274658203
2018-03-28 00:00:00+00:00,90.05999755859375
2018-03-29 00:00:00+00:00,90.1500015258789
2018-04-02 00:00:00+00:00,90.05000305175781
2018-04-03 00:00:00+00:00,90.19999694824219
2018-04-04 00:00:00+00:00,90.13999938964844
2018-04-05 00:00:00+00:00,90.45999908447266
2018-04-06 00:00:00+00:00,90.11000061035156
2018-04-09 00:00:00+00:00,89.83999633789062
2018-04-10 00:00:00+00:00,89.58999633789062
2018-04-11 00:00:00+00:00,89.56999969482422
2018-04-12 00:00:00+00:00,89.75
2018-04-13 00:00:00+00:00,89.80000305175781
2018-04-16 00:00:00+00:00,89.43000030517578
2018-04-17 00:00:00+00:00,89.5199966430664
2018-04-18 00:00:00+00:00,89.62000274658203
2018-04-19 00:00:00+00:00,89.94000244140625
2018-04-20 00:00:00+00:00,90.31999969482422
2018-04-23 00:00:00+00:00,90.94000244140625
2018-04-24 00:00:00+00:00,90.7699966430664
2018-04-25 00:00:00+00:00,91.16999816894531
2018-04-26 00:00:00+00:00,91.55999755859375
2018-04-27 00:00:00+00:00,91.54000091552734
2018-04-30 00:00:00+00:00,91.83999633789062
2018-05-01 00:00:00+00:00,92.44999694824219
2018-05-02 00:00:00+00:00,92.51000213623047
2018-05-03 00:00:00+00:00,92.41000366210938
2018-05-04 00:00:00+00:00,92.56999969482422
2018-05-07 00:00:00+00:00,92.75
2018-05-08 00:00:00+00:00,93.12000274658203
2018-05-09 00:00:00+00:00,93.04000091552734
2018-05-10 00:00:00+00:00,92.6500015258789
2018-05-11 00:00:00+00:00,92.54000091552734
2018-05-14 00:00:00+00:00,92.58999633789062
2018-05-15 00:00:00+00:00,93.22000122070312
2018-05-16 00:00:00+00:00,93.38999938964844
2018-05-17 00:00:00+00:00,93.47000122070312
2018-05-18 00:00:00+00:00,93.63999938964844
2018-05-21 00:00:00+00:00,93.68000030517578
2018-05-22 00:00:00+00:00,93.61000061035156
2018-05-23 00:00:00+00:00,94.01000213623047
2018-05-24 00:00:00+00:00,93.77999877929688
2018-05-25 00:00:00+00:00,94.19000244140625
2018-05-29 00:00:00+00:00,94.83000183105469
2018-05-30 00:00:00+00:00,94.1500015258789
2018-05-31 00:00:00+00:00,93.98999786376953
2018-06-01 00:00:00+00:00,94.19000244140625
2018-06-04 00:00:00+00:00,94.0199966430664
2018-06-05 00:00:00+00:00,93.88999938964844
2018-06-06 00:00:00+00:00,93.66000366210938
2018-06-07 00:00:00+00:00,93.4000015258789
2018-06-08 00:00:00+00:00,93.55000305175781
2018-06-11 00:00:00+00:00,93.58000183105469
2018-06-12 00:00:00+00:00,93.80000305175781
2018-06-13 00:00:00+00:00,93.70999908447266
2018-06-14 00:00:00+00:00,94.7699966430664
2018-06-15 00:00:00+00:00,94.79000091552734
2018-06-18 00:00:00+00:00,94.75
2018-06-19 00:00:00+00:00,95.08999633789062
2018-06-20 00:00:00+00:00,95.05999755859375
2018-06-21 00:00:00+00:00,94.87000274658203
2018-06-22 00:00:00+00:00,94.5199966430664
2018-06-25 00:00:00+00:00,94.27999877929688
2018-06-26 00:00:00+00:00,94.68000030517578
2018-06-27 00:00:00+00:00,95.29000091552734
2018-06-28 00:00:00+00:00,95.38999938964844
2018-06-29 00:00:00+00:00,94.62999725341797
2018-07-02 00:00:00+00:00,94.87000274658203
2018-07-03 00:00:00+00:00,94.58999633789062
2018-07-05 00:00:00+00:00,94.47000122070312
2018-07-06 00:00:00+00:00,94.04000091552734
2018-07-09 00:00:00+00:00,94.08000183105469
2018-07-10 00:00:00+00:00,94.11000061035156
2018-07-11 00:00:00+00:00,94.72000122070312
2018-07-12 00:00:00+00:00,94.80999755859375
2018-07-13 00:00:00+00:00,94.75
2018-07-16 00:00:00+00:00,94.51000213623047
2018-07-17 00:00:00+00:00,94.97000122070312
2018-07-18 00:00:00+00:00,95.08000183105469
2018-07-19 00:00:00+00:00,95.16999816894531
2018-07-20 00:00:00+00:00,94.45999908447266
2018-07-23 00:00:00+00:00,94.66999816894531
2018-07-24 00:00:00+00:00,94.61000061035156
2018-07-25 00:00:00+00:00,94.36000061035156
2018-07-26 00:00:00+00:00,94.75
2018-07-27 00:00:00+00:00,94.68000030517578
2018-07-30 00:00:00+00:00,94.36000061035156
2018-07-31 00:00:00+00:00,94.48999786376953
2018-08-01 00:00:00+00:00,94.62000274658203
2018-08-02 00:00:00+00:00,95.16999816894531
2018-08-03 00:00:00+00:00,95.13999938964844
2018-08-06 00:00:00+00:00,95.36000061035156
2018-08-07 00:00:00+00:00,95.22000122070312
2018-08-08 00:00:00+00:00,95.0999984741211
2018-08-09 00:00:00+00:00,95.5
2018-08-10 00:00:00+00:00,96.36000061035156
2018-08-13 00:00:00+00:00,96.38999938964844
2018-08-14 00:00:00+00:00,96.7300033569336
2018-08-15 00:00:00+00:00,96.69999694824219
2018-08-16 00:00:00+00:00,96.6500015258789
2018-08-17 00:00:00+00:00,96.0999984741211
2018-08-20 00:00:00+00:00,95.9000015258789
2018-08-21 00:00:00+00:00,95.26000213623047
2018-08-22 00:00:00+00:00,95.1500015258789
2018-08-23 00:00:00+00:00,95.62000274658203
2018-08-24 00:00:00+00:00,95.1500015258789
2018-08-27 00:00:00+00:00,94.77999877929688
2018-08-28 00:00:00+00:00,94.72000122070312
2018-08-29 00:00:00+00:00,94.5999984741211
2018-08-30 00:00:00+00:00,94.72000122070312
2018-08-31 00:00:00+00:00,95.13999938964844
2018-09-04 00:00:00+00:00,95.41999816894531
2018-09-05 00:00:00+00:00,95.12999725341797
2018-09-06 00:00:00+00:00,95.0199966430664
2018-09-07 00:00:00+00:00,95.37000274658203
2018-09-10 00:00:00+00:00,95.1500015258789
2018-09-11 00:00:00+00:00,95.05999755859375
2018-09-12 00:00:00+00:00,94.80000305175781
2018-09-13 00:00:00+00:00,94.54000091552734
2018-09-14 00:00:00+00:00,94.9800033569336
2018-09-17 00:00:00+00:00,94.51000213623047
2018-09-18 00:00:00+00:00,94.62000274658203
2018-09-19 00:00:00+00:00,94.55000305175781
2018-09-20 00:00:00+00:00,93.91000366210938
2018-09-21 00:00:00+00:00,94.22000122070312
2018-09-24 00:00:00+00:00,94.26000213623047
2018-09-25 00:00:00+00:00,94.12999725341797
2018-09-26 00:00:00+00:00,94.19000244140625
2018-09-27 00:00:00+00:00,95.0
2018-09-28 00:00:00+00:00,95.19000244140625
2018-10-01 00:00:00+00:00,95.30000305175781
2018-10-02 00:00:00+00:00,95.51000213623047
2018-10-03 00:00:00+00:00,95.76000213623047
2018-10-04 00:00:00+00:00,95.75
2018-10-05 00:00:00+00:00,95.62000274658203
2018-10-08 00:00:00+00:00,95.7699966430664
2018-10-09 00:00:00+00:00,95.68000030517578
2018-10-10 00:00:00+00:00,95.51000213623047
2018-10-11 00:00:00+00:00,95.0199966430664
2018-10-12 00:00:00+00:00,95.22000122070312
2018-10-15 00:00:00+00:00,95.06999969482422
2018-10-16 00:00:00+00:00,95.05000305175781
2018-10-17 00:00:00+00:00,95.58000183105469
2018-10-18 00:00:00+00:00,95.9000015258789
2018-10-19 00:00:00+00:00,95.70999908447266
2018-10-22 00:00:00+00:00,96.01000213623047
2018-10-23 00:00:00+00:00,95.95999908447266
2018-10-24 00:00:00+00:00,96.43000030517578
2018-10-25 00:00:00+00:00,96.68000030517578
2018-10-26 00:00:00+00:00,96.36000061035156
2018-10-29 00:00:00+00:00,96.58000183105469
2018-10-30 00:00:00+00:00,97.01000213623047
2018-10-31 00:00:00+00:00,97.12999725341797
2018-11-01 00:00:00+00:00,96.27999877929688
2018-11-02 00:00:00+00:00,96.54000091552734
2018-11-05 00:00:00+00:00,96.3499984741211
2018-11-06 00:00:00+00:00,96.31999969482422
2018-11-07 00:00:00+00:00,96.0
2018-11-08 00:00:00+00:00,96.63999938964844
2018-11-09 00:00:00+00:00,96.91000366210938
2018-11-12 00:00:00+00:00,97.54000091552734
2018-11-13 00:00:00+00:00,97.30000305175781
2018-11-14 00:00:00+00:00,96.80000305175781
2018-11-15 00:00:00+00:00,96.93000030517578
2018-11-16 00:00:00+00:00,96.47000122070312
2018-11-19 00:00:00+00:00,96.19000244140625
2018-11-20 00:00:00+00:00,96.80999755859375
2018-11-21 00:00:00+00:00,96.70999908447266
2018-11-23 00:00:00+00:00,96.91999816894531
2018-11-26 00:00:00+00:00,97.06999969482422
2018-11-27 00:00:00+00:00,97.37000274658203
2018-11-28 00:00:00+00:00,96.79000091552734
2018-11-29 00:00:00+00:00,96.77999877929688
2018-11-30 00:00:00+00:00,97.2699966430664
2018-12-03 00:00:00+00:00,97.04000091552734
2018-12-04 00:00:00+00:00,96.97000122070312
2018-12-06 00:00:00+00:00,96.80999755859375
2018-12-07 00:00:00+00:00,96.51000213623047
2018-12-10 00:00:00+00:00,97.22000122070312
2018-12-11 00:00:00+00:00,97.38999938964844
2018-12-12 00:00:00+00:00,97.04000091552734
2018-12-13 00:00:00+00:00,97.05999755859375
2018-12-14 00:00:00+00:00,97.44000244140625
2018-12-17 00:00:00+00:00,97.0999984741211
2018-12-18 00:00:00+00:00,97.13999938964844
2018-12-19 00:00:00+00:00,97.04000091552734
2018-12-20 00:00:00+00:00,96.27999877929688
2018-12-21 00:00:00+00:00,96.95999908447266
2018-12-24 00:00:00+00:00,96.55000305175781
2018-12-26 00:00:00+00:00,97.05000305175781
2018-12-27 00:00:00+00:00,96.4800033569336
2018-12-28 00:00:00+00:00,96.38999938964844
2018-12-31 00:00:00+00:00,96.16999816894531
2019-01-02 00:00:00+00:00,96.81999969482422
2019-01-03 00:00:00+00:00,96.30999755859375
2019-01-04 00:00:00+00:00,96.19000244140625
2019-01-07 00:00:00+00:00,95.70999908447266
2019-01-08 00:00:00+00:00,95.9000015258789
2019-01-09 00:00:00+00:00,95.22000122070312
2019-01-10 00:00:00+00:00,95.54000091552734
2019-01-11 00:00:00+00:00,95.66999816894531
2019-01-14 00:00:00+00:00,95.58999633789062
2019-01-15 00:00:00+00:00,95.97000122070312
2019-01-16 00:00:00+00:00,96.05999755859375
2019-01-17 00:00:00+00:00,96.06999969482422
2019-01-18 00:00:00+00:00,96.33999633789062
2019-01-22 00:00:00+00:00,96.30000305175781
2019-01-23 00:00:00+00:00,96.12000274658203
2019-01-24 00:00:00+00:00,96.5999984741211
2019-01-25 00:00:00+00:00,95.79000091552734
2019-01-28 00:00:00+00:00,95.75
2019-01-29 00:00:00+00:00,95.81999969482422
2019-01-30 00:00:00+00:00,95.33999633789062
2019-01-31 00:00:00+00:00,95.58000183105469
2019-02-01 00:00:00+00:00,95.58000183105469
2019-02-04 00:00:00+00:00,95.8499984741211
2019-02-05 00:00:00+00:00,96.0999984741211
2019-02-06 00:00:00+00:00,96.41999816894531
2019-02-07 00:00:00+00:00,96.51000213623047
2019-02-08 00:00:00+00:00,96.63999938964844
2019-02-11 00:00:00+00:00,97.05999755859375
2019-02-12 00:00:00+00:00,96.70999908447266
2019-02-13 00:00:00+00:00,97.12999725341797
2019-02-14 00:00:00+00:00,96.9800033569336
2019-02-15 00:00:00+00:00,96.91999816894531
2019-02-19 00:00:00+00:00,96.5199966430664
2019-02-20 00:00:00+00:00,96.44999694824219
2019-02-21 00:00:00+00:00,96.61000061035156
2019-02-22 00:00:00+00:00,96.51000213623047
2019-02-25 00:00:00+00:00,96.41000366210938
2019-02-26 00:00:00+00:00,96.0
2019-02-27 00:00:00+00:00,96.1500015258789
2019-02-28 00:00:00+00:00,96.16000366210938
2019-03-01 00:00:00+00:00,96.52999877929688
2019-03-04 00:00:00+00:00,96.68000030517578
2019-03-05 00:00:00+00:00,96.8499984741211
2019-03-06 00:00:00+00:00,96.87000274658203
2019-03-07 00:00:00+00:00,97.66999816894531
2019-03-08 00:00:00+00:00,97.37000274658203
2019-03-11 00:00:00+00:00,97.22000122070312
2019-03-12 00:00:00+00:00,96.94000244140625
2019-03-13 00:00:00+00:00,96.55000305175781
2019-03-14 00:00:00+00:00,96.79000091552734
2019-03-15 00:00:00+00:00,96.5999984741211
2019-03-18 00:00:00+00:00,96.5199966430664
2019-03-19 00:00:00+00:00,96.37999725341797
2019-03-20 00:00:00+00:00,95.76000213623047
2019-03-21 00:00:00+00:00,96.5
2019-03-22 00:00:00+00:00,96.6500015258789
2019-03-25 00:00:00+00:00,96.56999969482422
2019-03-26 00:00:00+00:00,96.73999786376953
2019-03-27 00:00:00+00:00,96.7699966430664
2019-03-28 00:00:00+00:00,97.19999694824219
2019-03-29 00:00:00+00:00,97.27999877929688
2019-04-01 00:00:00+00:00,97.25
2019-04-02 00:00:00+00:00,97.36000061035156
2019-04-03 00:00:00+00:00,97.08999633789062
2019-04-04 00:00:00+00:00,97.30999755859375
2019-04-05 00:00:00+00:00,97.4000015258789
2019-04-08 00:00:00+00:00,97.05000305175781
2019-04-09 00:00:00+00:00,97.01000213623047
2019-04-10 00:00:00+00:00,96.94999694824219
2019-04-11 00:00:00+00:00,97.18000030517578
2019-04-12 00:00:00+00:00,96.97000122070312
2019-04-15 00:00:00+00:00,96.94000244140625
2019-04-16 00:00:00+00:00,97.04000091552734
2019-04-17 00:00:00+00:00,97.01000213623047
2019-04-18 00:00:00+00:00,97.47000122070312
2019-04-22 00:00:00+00:00,97.27999877929688
2019-04-23 00:00:00+00:00,97.56999969482422
2019-04-24 00:00:00+00:00,98.0999984741211
2019-04-25 00:00:00+00:00,98.19999694824219
2019-04-26 00:00:00+00:00,98.01000213623047
2019-04-29 00:00:00+00:00,97.86000061035156
2019-04-30 00:00:00+00:00,97.4800033569336
2019-05-01 00:00:00+00:00,97.69000244140625
2019-05-02 00:00:00+00:00,97.83000183105469
2019-05-03 00:00:00+00:00,97.5199966430664
2019-05-06 00:00:00+00:00,97.5199966430664
2019-05-07 00:00:00+00:00,97.62999725341797
2019-05-08 00:00:00+00:00,97.62000274658203
2019-05-09 00:00:00+00:00,97.37000274658203
2019-05-10 00:00:00+00:00,97.33000183105469
2019-05-13 00:00:00+00:00,97.31999969482422
2019-05-14 00:00:00+00:00,97.52999877929688
2019-05-15 00:00:00+00:00,97.56999969482422
2019-05-16 00:00:00+00:00,97.83999633789062
2019-05-17 00:00:00+00:00,98.0
2019-05-20 00:00:00+00:00,97.93000030517578
2019-05-21 00:00:00+00:00,98.05999755859375
2019-05-22 00:00:00+00:00,98.11000061035156
2019-05-23 00:00:00+00:00,97.8499984741211
2019-05-24 00:00:00+00:00,97.61000061035156
2019-05-28 00:00:00+00:00,97.95999908447266
2019-05-29 00:00:00+00:00,98.13999938964844
2019-05-30 00:00:00+00:00,98.13999938964844
2019-05-31 00:00:00+00:00,97.75
2019-06-03 00:00:00+00:00,97.13999938964844
2019-06-04 00:00:00+00:00,97.06999969482422
2019-06-05 00:00:00+00:00,97.37000274658203
2019-06-06 00:00:00+00:00,97.02999877929688
2019-06-07 00:00:00+00:00,96.61000061035156
2019-06-10 00:00:00+00:00,96.76000213623047
2019-06-11 00:00:00+00:00,96.69000244140625
2019-06-12 00:00:00+00:00,97.0
2019-06-13 00:00:00+00:00,97.01000213623047
2019-06-14 00:00:00+00:00,97.56999969482422
2019-06-17 00:00:00+00:00,97.55999755859375
2019-06-18 00:00:00+00:00,97.63999938964844
2019-06-19 00:00:00+00:00,97.12000274658203
2019-06-20 00:00:00+00:00,96.62999725341797
2019-06-21 00:00:00+00:00,96.22000122070312
2019-06-24 00:00:00+00:00,95.9800033569336
2019-06-25 00:00:00+00:00,96.16000366210938
2019-06-26 00:00:00+00:00,96.20999908447266
2019-06-27 00:00:00+00:00,96.19000244140625
2019-06-28 00:00:00+00:00,96.12999725341797
2019-07-01 00:00:00+00:00,96.83999633789062
2019-07-02 00:00:00+00:00,96.7300033569336
2019-07-03 00:00:00+00:00,96.7699966430664
2019-07-05 00:00:00+00:00,97.25
2019-07-08 00:00:00+00:00,97.37999725341797
2019-07-09 00:00:00+00:00,97.48999786376953
2019-07-10 00:00:00+00:00,97.0999984741211
2019-07-11 00:00:00+00:00,97.05000305175781
2019-07-12 00:00:00+00:00,96.80999755859375
2019-07-15 00:00:00+00:00,96.93000030517578
2019-07-16 00:00:00+00:00,97.4000015258789
2019-07-17 00:00:00+00:00,97.22000122070312
2019-07-18 00:00:00+00:00,96.79000091552734
2019-07-19 00:00:00+00:00,97.1500015258789
2019-07-22 00:00:00+00:00,97.26000213623047
2019-07-23 00:00:00+00:00,97.70999908447266
2019-07-24 00:00:00+00:00,97.7300033569336
2019-07-25 00:00:00+00:00,97.81999969482422
2019-07-26 00:00:00+00:00,98.01000213623047
2019-07-29 00:00:00+00:00,98.04000091552734
2019-07-30 00:00:00+00:00,98.05000305175781
2019-07-31 00:00:00+00:00,98.5199966430664
2019-08-01 00:00:00+00:00,98.38999938964844
2019-08-02 00:00:00+00:00,98.0999984741211
2019-08-05 00:00:00+00:00,97.5
2019-08-06 00:00:00+00:00,97.62999725341797
2019-08-07 00:00:00+00:00,97.54000091552734
2019-08-08 00:00:00+00:00,97.62000274658203
2019-08-09 00:00:00+00:00,97.48999786376953
2019-08-12 00:00:00+00:00,97.37999725341797
2019-08-13 00:00:00+00:00,97.80999755859375
2019-08-14 00:00:00+00:00,97.98999786376953
2019-08-15 00:00:00+00:00,98.13999938964844
2019-08-16 00:00:00+00:00,98.13999938964844
2019-08-19 00:00:00+00:00,98.3499984741211
2019-08-20 00:00:00+00:00,98.19000244140625
2019-08-21 00:00:00+00:00,98.30000305175781
2019-08-22 00:00:00+00:00,98.16999816894531
2019-08-23 00:00:00+00:00,97.63999938964844
2019-08-26 00:00:00+00:00,98.08000183105469
2019-08-27 00:00:00+00:00,98.0
2019-08-28 00:00:00+00:00,98.20999908447266
2019-08-29 00:00:00+00:00,98.51000213623047
2019-08-30 00:00:00+00:00,98.91999816894531
2019-09-03 00:00:00+00:00,98.94999694824219
2019-09-04 00:00:00+00:00,98.44999694824219
2019-09-05 00:00:00+00:00,98.41000366210938
2019-09-06 00:00:00+00:00,98.38999938964844
2019-09-09 00:00:00+00:00,98.27999877929688
2019-09-10 00:00:00+00:00,98.33000183105469
2019-09-11 00:00:00+00:00,98.6500015258789
2019-09-12 00:00:00+00:00,98.30999755859375
2019-09-13 00:00:00+00:00,98.26000213623047
2019-09-16 00:00:00+00:00,98.6500015258789
2019-09-17 00:00:00+00:00,98.26000213623047
2019-09-18 00:00:00+00:00,98.5999984741211
2019-09-19 00:00:00+00:00,98.2699966430664
2019-09-20 00:00:00+00:00,98.51000213623047
2019-09-23 00:00:00+00:00,98.5999984741211
2019-09-24 00:00:00+00:00,98.33999633789062
2019-09-25 00:00:00+00:00,99.04000091552734
2019-09-26 00:00:00+00:00,99.20999908447266
2019-09-27 00:00:00+00:00,99.11000061035156
2019-09-30 00:00:00+00:00,99.37999725341797
2019-10-01 00:00:00+00:00,99.12999725341797
2019-10-02 00:00:00+00:00,99.04000091552734
2019-10-03 00:00:00+00:00,98.86000061035156
2019-10-04 00:00:00+00:00,98.80999755859375
2019-10-07 00:00:00+00:00,98.98999786376953
2019-10-08 00:00:00+00:00,99.13999938964844
2019-10-09 00:00:00+00:00,99.12000274658203
2019-10-10 00:00:00+00:00,98.70999908447266
2019-10-11 00:00:00+00:00,98.30000305175781
2019-10-14 00:00:00+00:00,98.44999694824219
2019-10-15 00:00:00+00:00,98.29000091552734
2019-10-16 00:00:00+00:00,98.01000213623047
2019-10-17 00:00:00+00:00,97.61000061035156
2019-10-18 00:00:00+00:00,97.27999877929688
2019-10-21 00:00:00+00:00,97.33000183105469
2019-10-22 00:00:00+00:00,97.52999877929688
2019-10-23 00:00:00+00:00,97.47000122070312
2019-10-24 00:00:00+00:00,97.62999725341797
2019-10-25 00:00:00+00:00,97.83000183105469
2019-10-28 00:00:00+00:00,97.76000213623047
2019-10-29 00:00:00+00:00,97.69000244140625
2019-10-30 00:00:00+00:00,97.6500015258789
2019-10-31 00:00:00+00:00,97.3499984741211
2019-11-01 00:00:00+00:00,97.23999786376953
2019-11-04 00:00:00+00:00,97.51000213623047
2019-11-05 00:00:00+00:00,97.9800033569336
2019-11-06 00:00:00+00:00,97.94999694824219
2019-11-07 00:00:00+00:00,98.13999938964844
2019-11-08 00:00:00+00:00,98.3499984741211
2019-11-11 00:00:00+00:00,98.19999694824219
2019-11-12 00:00:00+00:00,98.30999755859375
2019-11-13 00:00:00+00:00,98.37000274658203
2019-11-14 00:00:00+00:00,98.16000366210938
2019-11-15 00:00:00+00:00,98.0
2019-11-18 00:00:00+00:00,97.79000091552734
2019-11-19 00:00:00+00:00,97.86000061035156
2019-11-20 00:00:00+00:00,97.93000030517578
2019-11-21 00:00:00+00:00,97.98999786376953
2019-11-22 00:00:00+00:00,98.2699966430664
2019-11-25 00:00:00+00:00,98.31999969482422
2019-11-26 00:00:00+00:00,98.25
2019-11-27 00:00:00+00:00,98.41000366210938
2019-11-29 00:00:00+00:00,98.2699966430664
2019-12-02 00:00:00+00:00,97.86000061035156
2019-12-03 00:00:00+00:00,97.73999786376953
2019-12-04 00:00:00+00:00,97.6500015258789
2019-12-05 00:00:00+00:00,97.41000366210938
2019-12-06 00:00:00+00:00,97.69999694824219
2019-12-09 00:00:00+00:00,97.63999938964844
2019-12-10 00:00:00+00:00,97.41000366210938
2019-12-11 00:00:00+00:00,97.16000366210938
2019-12-12 00:00:00+00:00,97.4000015258789
2019-12-13 00:00:00+00:00,97.16999816894531
2019-12-16 00:00:00+00:00,97.06999969482422
2019-12-17 00:00:00+00:00,97.20999908447266
2019-12-18 00:00:00+00:00,97.41000366210938
2019-12-19 00:00:00+00:00,97.41999816894531
2019-12-20 00:00:00+00:00,97.70999908447266
2019-12-23 00:00:00+00:00,97.66000366210938
2019-12-24 00:00:00+00:00,97.6500015258789
2019-12-26 00:00:00+00:00,97.58999633789062
2019-12-27 00:00:00+00:00,96.91999816894531
2019-12-30 00:00:00+00:00,96.73999786376953
2019-12-31 00:00:00+00:00,96.38999938964844
2020-01-02 00:00:00+00:00,96.8499984741211
2020-01-03 00:00:00+00:00,96.83999633789062
2020-01-06 00:00:00+00:00,96.66999816894531
2020-01-07 00:00:00+00:00,96.9800033569336
2020-01-08 00:00:00+00:00,97.30000305175781
2020-01-09 00:00:00+00:00,97.44999694824219
2020-01-10 00:00:00+00:00,97.36000061035156
2020-01-13 00:00:00+00:00,97.3499984741211
2020-01-14 00:00:00+00:00,97.37000274658203
2020-01-15 00:00:00+00:00,97.2300033569336
2020-01-16 00:00:00+00:00,97.31999969482422
2020-01-17 00:00:00+00:00,97.61000061035156
2020-01-21 00:00:00+00:00,97.52999877929688
2020-01-22 00:00:00+00:00,97.52999877929688
2020-01-23 00:00:00+00:00,97.69000244140625
2020-01-24 00:00:00+00:00,97.8499984741211
2020-01-27 00:00:00+00:00,97.95999908447266
2020-01-28 00:00:00+00:00,98.0199966430664
2020-01-29 00:00:00+00:00,97.98999786376953
2020-01-30 00:00:00+00:00,97.87000274658203
2020-01-31 00:00:00+00:00,97.38999938964844
2020-02-03 00:00:00+00:00,97.80000305175781
2020-02-04 00:00:00+00:00,97.95999908447266
2020-02-05 00:00:00+00:00,98.2699966430664
2020-02-06 00:00:00+00:00,98.5
2020-02-07 00:00:00+00:00,98.68000030517578
2020-02-10 00:00:00+00:00,98.83000183105469
2020-02-11 00:00:00+00:00,98.72000122070312
2020-02-12 00:00:00+00:00,99.05000305175781
2020-02-13 00:00:00+00:00,99.06999969482422
2020-02-14 00:00:00+00:00,99.12000274658203
2020-02-18 00:00:00+00:00,99.45999908447266
2020-02-19 00:00:00+00:00,99.5999984741211
2020-02-20 00:00:00+00:00,99.87000274658203
2020-02-21 00:00:00+00:00,99.26000213623047
2020-02-24 00:00:00+00:00,99.29000091552734
2020-02-25 00:00:00+00:00,98.97000122070312
2020-02-26 00:00:00+00:00,99.0
2020-02-27 00:00:00+00:00,98.44000244140625
2020-02-28 00:00:00+00:00,98.12999725341797
2020-03-02 00:00:00+00:00,97.36000061035156
2020-03-03 00:00:00+00:00,97.1500015258789
2020-03-04 00:00:00+00:00,97.33999633789062
2020-03-05 00:00:00+00:00,96.81999969482422
2020-03-06 00:00:00+00:00,95.94999694824219
2020-03-09 00:00:00+00:00,94.9000015258789
2020-03-10 00:00:00+00:00,96.41000366210938
2020-03-11 00:00:00+00:00,96.51000213623047
2020-03-12 00:00:00+00:00,97.47000122070312
2020-03-13 00:00:00+00:00,98.75
2020-03-16 00:00:00+00:00,98.08999633789062
2020-03-17 00:00:00+00:00,99.58000183105469
2020-03-18 00:00:00+00:00,101.16000366210938
2020-03-19 00:00:00+00:00,102.76000213623047
2020-03-20 00:00:00+00:00,102.81999969482422
2020-03-23 00:00:00+00:00,102.48999786376953
2020-03-24 00:00:00+00:00,101.73999786376953
2020-03-25 00:00:00+00:00,101.05000305175781
2020-03-26 00:00:00+00:00,99.41999816894531
2020-03-27 00:00:00+00:00,98.37000274658203
2020-03-30 00:00:00+00:00,99.18000030517578
2020-03-31 00:00:00+00:00,99.05000305175781
2020-04-01 00:00:00+00:00,99.66999816894531
2020-04-02 00:00:00+00:00,100.18000030517578
2020-04-03 00:00:00+00:00,100.58000183105469
2020-04-06 00:00:00+00:00,100.69000244140625
2020-04-07 00:00:00+00:00,99.9800033569336
2020-04-08 00:00:00+00:00,100.12000274658203
2020-04-09 00:00:00+00:00,99.5199966430664
2020-04-13 00:00:00+00:00,99.3499984741211
2020-04-14 00:00:00+00:00,98.88999938964844
2020-04-15 00:00:00+00:00,99.45999908447266
2020-04-16 00:00:00+00:00,100.02999877929688
2020-04-17 00:00:00+00:00,99.77999877929688
2020-04-20 00:00:00+00:00,99.95999908447266
2020-04-21 00:00:00+00:00,100.26000213623047
2020-04-22 00:00:00+00:00,100.38999938964844
2020-04-23 00:00:00+00:00,100.43000030517578
2020-04-24 00:00:00+00:00,100.37999725341797
2020-04-27 00:00:00+00:00,100.04000091552734
2020-04-28 00:00:00+00:00,99.87000274658203
2020-04-29 00:00:00+00:00,99.56999969482422
2020-04-30 00:00:00+00:00,99.0199966430664
2020-05-01 00:00:00+00:00,98.80000305175781
2020-05-04 00:00:00+00:00,99.4800033569336
2020-05-05 00:00:00+00:00,99.70999908447266
2020-05-06 00:00:00+00:00,100.08999633789062
2020-05-07 00:00:00+00:00,99.88999938964844
2020-05-08 00:00:00+00:00,99.7300033569336
2020-05-11 00:00:00+00:00,100.23999786376953
2020-05-12 00:00:00+00:00,99.93000030517578
2020-05-13 00:00:00+00:00,100.23999786376953
2020-05-14 00:00:00+00:00,100.47000122070312
2020-05-15 00:00:00+00:00,100.4000015258789
2020-05-18 00:00:00+00:00,99.66999816894531
2020-05-19 00:00:00+00:00,99.37000274658203
2020-05-20 00:00:00+00:00,99.12000274658203
2020-05-21 00:00:00+00:00,99.37000274658203
2020-05-22 00:00:00+00:00,99.86000061035156
2020-05-26 00:00:00+00:00,98.91000366210938
2020-05-27 00:00:00+00:00,99.05999755859375
2020-05-28 00:00:00+00:00,98.37999725341797
2020-05-29 00:00:00+00:00,98.33999633789062
2020-06-01 00:00:00+00:00,97.83000183105469
2020-06-02 00:00:00+00:00,97.66999816894531
2020-06-03 00:00:00+00:00,97.27999877929688
2020-06-04 00:00:00+00:00,96.68000030517578
2020-06-05 00:00:00+00:00,96.94000244140625
2020-06-08 00:00:00+00:00,96.62000274658203
2020-06-09 00:00:00+00:00,96.31999969482422
2020-06-10 00:00:00+00:00,95.95999908447266
2020-06-11 00:00:00+00:00,96.7300033569336
2020-06-12 00:00:00+00:00,97.31999969482422
2020-06-15 00:00:00+00:00,96.68000030517578
2020-06-16 00:00:00+00:00,96.95999908447266
2020-06-17 00:00:00+00:00,97.16000366210938
2020-06-18 00:00:00+00:00,97.41999816894531
2020-06-19 00:00:00+00:00,97.62000274658203
2020-06-22 00:00:00+00:00,97.04000091552734
2020-06-23 00:00:00+00:00,96.69000244140625
2020-06-24 00:00:00+00:00,97.1500015258789
2020-06-25 00:00:00+00:00,97.43000030517578
2020-06-26 00:00:00+00:00,97.5
2020-06-29 00:00:00+00:00,97.54000091552734
2020-06-30 00:00:00+00:00,97.38999938964844
2020-07-01 00:00:00+00:00,97.19999694824219
2020-07-02 00:00:00+00:00,97.31999969482422
2020-07-06 00:00:00+00:00,96.79000091552734
2020-07-07 00:00:00+00:00,96.87999725341797
2020-07-08 00:00:00+00:00,96.43000030517578
2020-07-09 00:00:00+00:00,96.69999694824219
2020-07-10 00:00:00+00:00,96.6500015258789
2020-07-13 00:00:00+00:00,96.45999908447266
2020-07-14 00:00:00+00:00,96.26000213623047
2020-07-15 00:00:00+00:00,96.08000183105469
2020-07-16 00:00:00+00:00,96.3499984741211
2020-07-17 00:00:00+00:00,95.94000244140625
2020-07-20 00:00:00+00:00,95.83000183105469
2020-07-21 00:00:00+00:00,95.12000274658203
2020-07-22 00:00:00+00:00,94.97000122070312
2020-07-23 00:00:00+00:00,94.69000244140625
2020-07-24 00:00:00+00:00,94.44000244140625
2020-07-27 00:00:00+00:00,93.66999816894531
2020-07-28 00:00:00+00:00,93.76000213623047
2020-07-29 00:00:00+00:00,93.26000213623047
2020-07-30 00:00:00+00:00,93.0199966430664
2020-07-31 00:00:00+00:00,93.48999786376953
2020-08-03 00:00:00+00:00,93.5
2020-08-04 00:00:00+00:00,93.37999725341797
2020-08-05 00:00:00+00:00,92.83000183105469
2020-08-06 00:00:00+00:00,92.79000091552734
2020-08-07 00:00:00+00:00,93.44000244140625
2020-08-10 00:00:00+00:00,93.58000183105469
2020-08-11 00:00:00+00:00,93.62999725341797
2020-08-12 00:00:00+00:00,93.44000244140625
2020-08-13 00:00:00+00:00,93.33999633789062
2020-08-14 00:00:00+00:00,93.0999984741211
2020-08-17 00:00:00+00:00,92.8499984741211
2020-08-18 00:00:00+00:00,92.2699966430664
2020-08-19 00:00:00+00:00,92.88999938964844
2020-08-20 00:00:00+00:00,92.79000091552734
2020-08-21 00:00:00+00:00,93.25
2020-08-24 00:00:00+00:00,93.30000305175781
2020-08-25 00:00:00+00:00,93.0199966430664
2020-08-26 00:00:00+00:00,93.01000213623047
2020-08-27 00:00:00+00:00,93.01000213623047
2020-08-28 00:00:00+00:00,92.37000274658203
2020-08-31 00:00:00+00:00,92.13999938964844
2020-09-01 00:00:00+00:00,92.33999633789062
2020-09-02 00:00:00+00:00,92.8499984741211
2020-09-03 00:00:00+00:00,92.73999786376953
2020-09-04 00:00:00+00:00,92.72000122070312
2020-09-08 00:00:00+00:00,93.4800033569336
2020-09-09 00:00:00+00:00,93.26000213623047
2020-09-10 00:00:00+00:00,93.33999633789062
2020-09-11 00:00:00+00:00,93.33000183105469
2020-09-14 00:00:00+00:00,93.06999969482422
2020-09-15 00:00:00+00:00,93.05000305175781
2020-09-16 00:00:00+00:00,93.20999908447266
2020-09-17 00:00:00+00:00,92.97000122070312
2020-09-18 00:00:00+00:00,92.93000030517578
2020-09-21 00:00:00+00:00,93.54000091552734
2020-09-22 00:00:00+00:00,93.98999786376953
2020-09-23 00:00:00+00:00,94.38999938964844
2020-09-24 00:00:00+00:00,94.3499984741211
2020-09-25 00:00:00+00:00,94.58000183105469
2020-09-28 00:00:00+00:00,94.26000213623047
2020-09-29 00:00:00+00:00,93.88999938964844
2020-09-30 00:00:00+00:00,93.88999938964844
2020-10-01 00:00:00+00:00,93.70999908447266
2020-10-02 00:00:00+00:00,93.83999633789062
2020-10-05 00:00:00+00:00,93.51000213623047
2020-10-06 00:00:00+00:00,93.83000183105469
2020-10-07 00:00:00+00:00,93.62999725341797
2020-10-08 00:00:00+00:00,93.61000061035156
2020-10-09 00:00:00+00:00,93.05999755859375
2020-10-12 00:00:00+00:00,93.06999969482422
2020-10-13 00:00:00+00:00,93.52999877929688
2020-10-14 00:00:00+00:00,93.37999725341797
2020-10-15 00:00:00+00:00,93.86000061035156
2020-10-16 00:00:00+00:00,93.68000030517578
2020-10-19 00:00:00+00:00,93.43000030517578
2020-10-20 00:00:00+00:00,93.06999969482422
2020-10-21 00:00:00+00:00,92.61000061035156
2020-10-22 00:00:00+00:00,92.94999694824219
2020-10-23 00:00:00+00:00,92.7699966430664
2020-10-26 00:00:00+00:00,93.05000305175781
2020-10-27 00:00:00+00:00,92.94000244140625
2020-10-28 00:00:00+00:00,93.41000366210938
2020-10-29 00:00:00+00:00,93.95999908447266
2020-10-30 00:00:00+00:00,94.04000091552734
2020-11-02 00:00:00+00:00,94.05000305175781
2020-11-03 00:00:00+00:00,93.55000305175781
2020-11-04 00:00:00+00:00,93.41000366210938
2020-11-05 00:00:00+00:00,92.52999877929688
2020-11-06 00:00:00+00:00,92.2300033569336
2020-11-09 00:00:00+00:00,92.7300033569336
2020-11-10 00:00:00+00:00,92.75
2020-11-11 00:00:00+00:00,93.04000091552734
2020-11-12 00:00:00+00:00,92.95999908447266
2020-11-13 00:00:00+00:00,92.76000213623047
2020-11-16 00:00:00+00:00,92.56999969482422
2020-11-17 00:00:00+00:00,92.41999816894531
2020-11-18 00:00:00+00:00,92.31999969482422
2020-11-19 00:00:00+00:00,92.29000091552734
2020-11-20 00:00:00+00:00,92.38999938964844
2020-11-23 00:00:00+00:00,92.51000213623047
2020-11-24 00:00:00+00:00,92.2300033569336
2020-11-25 00:00:00+00:00,91.98999786376953
2020-11-27 00:00:00+00:00,91.79000091552734
2020-11-30 00:00:00+00:00,91.87000274658203
2020-12-01 00:00:00+00:00,91.30999755859375
2020-12-02 00:00:00+00:00,91.12000274658203
2020-12-03 00:00:00+00:00,90.70999908447266
2020-12-04 00:00:00+00:00,90.69999694824219
2020-12-07 00:00:00+00:00,90.79000091552734
2020-12-08 00:00:00+00:00,90.97000122070312
2020-12-09 00:00:00+00:00,91.08999633789062
2020-12-10 00:00:00+00:00,90.79000091552734
2020-12-11 00:00:00+00:00,90.9800033569336
2020-12-14 00:00:00+00:00,90.70999908447266
2020-12-15 00:00:00+00:00,90.47000122070312
2020-12-16 00:00:00+00:00,90.44999694824219
2020-12-17 00:00:00+00:00,89.81999969482422
2020-12-18 00:00:00+00:00,90.0199966430664
2020-12-21 00:00:00+00:00,90.04000091552734
2020-12-22 00:00:00+00:00,90.6500015258789
2020-12-23 00:00:00+00:00,90.41000366210938
2020-12-24 00:00:00+00:00,90.33000183105469
2020-12-28 00:00:00+00:00,90.33999633789062
2020-12-29 00:00:00+00:00,90.01000213623047
2020-12-30 00:00:00+00:00,89.62999725341797
2020-12-31 00:00:00+00:00,89.94000244140625
2021-01-04 00:00:00+00:00,89.87999725341797
2021-01-05 00:00:00+00:00,89.44000244140625
2021-01-06 00:00:00+00:00,89.52999877929688
2021-01-07 00:00:00+00:00,89.83000183105469
2021-01-08 00:00:00+00:00,90.0999984741211
2021-01-11 00:00:00+00:00,90.54000091552734
2021-01-12 00:00:00+00:00,90.05000305175781
2021-01-13 00:00:00+00:00,90.31999969482422
2021-01-14 00:00:00+00:00,90.23999786376953
2021-01-15 00:00:00+00:00,90.77999877929688
2021-01-19 00:00:00+00:00,90.5
2021-01-20 00:00:00+00:00,90.47000122070312
2021-01-21 00:00:00+00:00,90.12999725341797
2021-01-22 00:00:00+00:00,90.23999786376953
2021-01-25 00:00:00+00:00,90.38999938964844
2021-01-26 00:00:00+00:00,90.16999816894531
2021-01-27 00:00:00+00:00,90.6500015258789
2021-01-28 00:00:00+00:00,90.45999908447266
2021-01-29 00:00:00+00:00,90.58000183105469
2021-02-01 00:00:00+00:00,91.0199966430664
2021-02-02 00:00:00+00:00,91.19999694824219
2021-02-03 00:00:00+00:00,91.12000274658203
2021-02-04 00:00:00+00:00,91.52999877929688
2021-02-05 00:00:00+00:00,91.04000091552734
2021-02-08 00:00:00+00:00,90.93000030517578
2021-02-09 00:00:00+00:00,90.44000244140625
2021-02-10 00:00:00+00:00,90.37000274658203
2021-02-11 00:00:00+00:00,90.41999816894531
2021-02-12 00:00:00+00:00,90.4800033569336
2021-02-16 00:00:00+00:00,90.51000213623047
2021-02-17 00:00:00+00:00,90.94999694824219
2021-02-18 00:00:00+00:00,90.58999633789062
2021-02-19 00:00:00+00:00,90.36000061035156
2021-02-22 00:00:00+00:00,90.01000213623047
2021-02-23 00:00:00+00:00,90.16999816894531
2021-02-24 00:00:00+00:00,90.18000030517578
2021-02-25 00:00:00+00:00,90.12999725341797
2021-02-26 00:00:00+00:00,90.93000030517578
2021-03-01 00:00:00+00:00,91.04000091552734
2021-03-02 00:00:00+00:00,90.79000091552734
2021-03-03 00:00:00+00:00,90.94999694824219
2021-03-04 00:00:00+00:00,91.62999725341797
2021-03-05 00:00:00+00:00,91.9800033569336
2021-03-08 00:00:00+00:00,92.30999755859375
2021-03-09 00:00:00+00:00,91.95999908447266
2021-03-10 00:00:00+00:00,91.79000091552734
2021-03-11 00:00:00+00:00,91.41999816894531
2021-03-12 00:00:00+00:00,91.68000030517578
2021-03-15 00:00:00+00:00,91.83000183105469
2021-03-16 00:00:00+00:00,91.87000274658203
2021-03-17 00:00:00+00:00,91.4000015258789
2021-03-18 00:00:00+00:00,91.8499984741211
2021-03-19 00:00:00+00:00,91.91999816894531
2021-03-22 00:00:00+00:00,91.80000305175781
2021-03-23 00:00:00+00:00,92.33999633789062
2021-03-24 00:00:00+00:00,92.52999877929688
2021-03-25 00:00:00+00:00,92.87999725341797
2021-03-26 00:00:00+00:00,92.7699966430664
2021-03-29 00:00:00+00:00,92.94000244140625
2021-03-30 00:00:00+00:00,93.30000305175781
2021-03-31 00:00:00+00:00,93.2300033569336
2021-04-01 00:00:00+00:00,92.93000030517578
2021-04-05 00:00:00+00:00,92.5999984741211
2021-04-06 00:00:00+00:00,92.33999633789062
2021-04-07 00:00:00+00:00,92.45999908447266
2021-04-08 00:00:00+00:00,92.05999755859375
2021-04-09 00:00:00+00:00,92.16000366210938
2021-04-12 00:00:00+00:00,92.13999938964844
2021-04-13 00:00:00+00:00,91.8499984741211
2021-04-14 00:00:00+00:00,91.69000244140625
2021-04-15 00:00:00+00:00,91.66999816894531
2021-04-16 00:00:00+00:00,91.55999755859375
2021-04-19 00:00:00+00:00,91.06999969482422
2021-04-20 00:00:00+00:00,91.23999786376953
2021-04-21 00:00:00+00:00,91.16000366210938
2021-04-22 00:00:00+00:00,91.33000183105469
2021-04-23 00:00:00+00:00,90.86000061035156
2021-04-26 00:00:00+00:00,90.80999755859375
2021-04-27 00:00:00+00:00,90.91000366210938
2021-04-28 00:00:00+00:00,90.61000061035156
2021-04-29 00:00:00+00:00,90.61000061035156
2021-04-30 00:00:00+00:00,91.27999877929688
2021-05-03 00:00:00+00:00,90.94999694824219
2021-05-04 00:00:00+00:00,91.29000091552734
2021-05-05 00:00:00+00:00,91.30999755859375
2021-05-06 00:00:00+00:00,90.94999694824219
2021-05-07 00:00:00+00:00,90.2300033569336
2021-05-10 00:00:00+00:00,90.20999908447266
2021-05-11 00:00:00+00:00,90.13999938964844
2021-05-12 00:00:00+00:00,90.70999908447266
2021-05-13 00:00:00+00:00,90.75
2021-05-14 00:00:00+00:00,90.31999969482422
2021-05-17 00:00:00+00:00,90.22000122070312
2021-05-18 00:00:00+00:00,89.75
2021-05-19 00:00:00+00:00,90.19000244140625
2021-05-20 00:00:00+00:00,89.80999755859375
2021-05-21 00:00:00+00:00,90.0199966430664
2021-05-24 00:00:00+00:00,89.83000183105469
2021-05-25 00:00:00+00:00,89.63999938964844
2021-05-26 00:00:00+00:00,90.04000091552734
2021-05-27 00:00:00+00:00,89.97000122070312
2021-05-28 00:00:00+00:00,90.02999877929688
2021-06-01 00:00:00+00:00,89.83000183105469
2021-06-02 00:00:00+00:00,89.9000015258789
2021-06-03 00:00:00+00:00,90.5
2021-06-04 00:00:00+00:00,90.13999938964844
2021-06-07 00:00:00+00:00,89.94999694824219
2021-06-08 00:00:00+00:00,90.08000183105469
2021-06-09 00:00:00+00:00,90.12000274658203
2021-06-10 00:00:00+00:00,90.08000183105469
2021-06-11 00:00:00+00:00,90.55999755859375
2021-06-14 00:00:00+00:00,90.5199966430664
2021-06-15 00:00:00+00:00,90.54000091552734
2021-06-16 00:00:00+00:00,91.12999725341797
2021-06-17 00:00:00+00:00,91.88999938964844
2021-06-18 00:00:00+00:00,92.2300033569336
2021-06-21 00:00:00+00:00,91.86000061035156
2021-06-22 00:00:00+00:00,91.7300033569336
2021-06-23 00:00:00+00:00,91.80000305175781
2021-06-24 00:00:00+00:00,91.81999969482422
2021-06-25 00:00:00+00:00,91.80999755859375
2021-06-28 00:00:00+00:00,91.87999725341797
2021-06-29 00:00:00+00:00,92.05000305175781
2021-06-30 00:00:00+00:00,92.44000244140625
2021-07-01 00:00:00+00:00,92.5999984741211
2021-07-02 00:00:00+00:00,92.2300033569336
2021-07-06 00:00:00+00:00,92.55000305175781
2021-07-07 00:00:00+00:00,92.63999938964844
2021-07-08 00:00:00+00:00,92.36000061035156
2021-07-09 00:00:00+00:00,92.12999725341797
2021-07-12 00:00:00+00:00,92.2300033569336
2021-07-13 00:00:00+00:00,92.75
2021-07-14 00:00:00+00:00,92.41000366210938
2021-07-15 00:00:00+00:00,92.62000274658203
2021-07-16 00:00:00+00:00,92.69000244140625
2021-07-19 00:00:00+00:00,92.88999938964844
2021-07-20 00:00:00+00:00,92.97000122070312
2021-07-21 00:00:00+00:00,92.75
2021-07-22 00:00:00+00:00,92.81999969482422
2021-07-23 00:00:00+00:00,92.91000366210938
2021-07-26 00:00:00+00:00,92.6500015258789
2021-07-27 00:00:00+00:00,92.43000030517578
2021-07-28 00:00:00+00:00,92.31999969482422
2021-07-29 00:00:00+00:00,91.86000061035156
2021-07-30 00:00:00+00:00,92.16999816894531
2021-08-02 00:00:00+00:00,92.05000305175781
2021-08-03 00:00:00+00:00,92.08000183105469
2021-08-04 00:00:00+00:00,92.2699966430664
2021-08-05 00:00:00+00:00,92.23999786376953
2021-08-06 00:00:00+00:00,92.80000305175781
2021-08-09 00:00:00+00:00,92.94999694824219
2021-08-10 00:00:00+00:00,93.05999755859375
2021-08-11 00:00:00+00:00,92.91000366210938
2021-08-12 00:00:00+00:00,93.04000091552734
2021-08-13 00:00:00+00:00,92.5199966430664
2021-08-16 00:00:00+00:00,92.62999725341797
2021-08-17 00:00:00+00:00,93.12999725341797
2021-08-18 00:00:00+00:00,93.13999938964844
2021-08-19 00:00:00+00:00,93.56999969482422
2021-08-20 00:00:00+00:00,93.5
2021-08-23 00:00:00+00:00,92.95999908447266
2021-08-24 00:00:00+00:00,92.88999938964844
2021-08-25 00:00:00+00:00,92.83000183105469
2021-08-26 00:00:00+00:00,93.05999755859375
2021-08-27 00:00:00+00:00,92.69000244140625
2021-08-30 00:00:00+00:00,92.6500015258789
2021-08-31 00:00:00+00:00,92.62999725341797
2021-09-01 00:00:00+00:00,92.44999694824219
2021-09-02 00:00:00+00:00,92.2300033569336
2021-09-03 00:00:00+00:00,92.04000091552734
2021-09-07 00:00:00+00:00,92.5199966430664
2021-09-08 00:00:00+00:00,92.6500015258789
2021-09-09 00:00:00+00:00,92.4800033569336
2021-09-10 00:00:00+00:00,92.58000183105469
2021-09-13 00:00:00+00:00,92.62000274658203
2021-09-14 00:00:00+00:00,92.6500015258789
2021-09-15 00:00:00+00:00,92.48999786376953
2021-09-16 00:00:00+00:00,92.86000061035156
2021-09-17 00:00:00+00:00,93.19999694824219
2021-09-20 00:00:00+00:00,93.23999786376953
2021-09-21 00:00:00+00:00,93.19999694824219
2021-09-22 00:00:00+00:00,93.45999908447266
2021-09-23 00:00:00+00:00,93.0999984741211
2021-09-24 00:00:00+00:00,93.33000183105469
2021-09-27 00:00:00+00:00,93.37999725341797
2021-09-28 00:00:00+00:00,93.7699966430664
2021-09-29 00:00:00+00:00,94.33999633789062
2021-09-30 00:00:00+00:00,94.25
2021-10-01 00:00:00+00:00,94.04000091552734
2021-10-04 00:00:00+00:00,93.80999755859375
2021-10-05 00:00:00+00:00,93.9800033569336
2021-10-06 00:00:00+00:00,94.2699966430664
2021-10-07 00:00:00+00:00,94.22000122070312
2021-10-08 00:00:00+00:00,94.06999969482422
2021-10-11 00:00:00+00:00,94.31999969482422
2021-10-12 00:00:00+00:00,94.5199966430664
2021-10-13 00:00:00+00:00,94.08000183105469
2021-10-14 00:00:00+00:00,93.95999908447266
2021-10-15 00:00:00+00:00,93.94000244140625
2021-10-18 00:00:00+00:00,93.94999694824219
2021-10-19 00:00:00+00:00,93.79000091552734
2021-10-20 00:00:00+00:00,93.55999755859375
2021-10-21 00:00:00+00:00,93.7699966430664
2021-10-22 00:00:00+00:00,93.61000061035156
2021-10-25 00:00:00+00:00,93.80999755859375
2021-10-26 00:00:00+00:00,93.94999694824219
2021-10-27 00:00:00+00:00,93.86000061035156
2021-10-28 00:00:00+00:00,93.3499984741211
2021-10-29 00:00:00+00:00,94.12000274658203
2021-11-01 00:00:00+00:00,93.87999725341797
2021-11-02 00:00:00+00:00,94.08999633789062
2021-11-03 00:00:00+00:00,93.86000061035156
2021-11-04 00:00:00+00:00,94.3499984741211
2021-11-05 00:00:00+00:00,94.31999969482422
2021-11-08 00:00:00+00:00,94.05000305175781
2021-11-09 00:00:00+00:00,93.95999908447266
2021-11-10 00:00:00+00:00,94.8499984741211
2021-11-11 00:00:00+00:00,95.18000030517578
2021-11-12 00:00:00+00:00,95.12999725341797
2021-11-15 00:00:00+00:00,95.41000366210938
2021-11-16 00:00:00+00:00,95.91999816894531
2021-11-17 00:00:00+00:00,95.83000183105469
2021-11-18 00:00:00+00:00,95.54000091552734
2021-11-19 00:00:00+00:00,96.06999969482422
2021-11-22 00:00:00+00:00,96.5
2021-11-23 00:00:00+00:00,96.48999786376953
2021-11-24 00:00:00+00:00,96.83999633789062
2021-11-26 00:00:00+00:00,96.08999633789062
2021-11-29 00:00:00+00:00,96.33999633789062
2021-11-30 00:00:00+00:00,95.98999786376953
2021-12-01 00:00:00+00:00,96.05000305175781
2021-12-02 00:00:00+00:00,96.12999725341797
2021-12-03 00:00:00+00:00,96.12000274658203
2021-12-06 00:00:00+00:00,96.29000091552734
2021-12-07 00:00:00+00:00,96.37000274658203
2021-12-08 00:00:00+00:00,95.88999938964844
2021-12-09 00:00:00+00:00,96.2699966430664
2021-12-10 00:00:00+00:00,96.05000305175781
2021-12-13 00:00:00+00:00,96.31999969482422
2021-12-14 00:00:00+00:00,96.56999969482422
2021-12-15 00:00:00+00:00,96.51000213623047
2021-12-16 00:00:00+00:00,96.04000091552734
2021-12-17 00:00:00+00:00,96.56999969482422
2021-12-20 00:00:00+00:00,96.55000305175781
2021-12-21 00:00:00+00:00,96.48999786376953
2021-12-22 00:00:00+00:00,96.08000183105469
2021-12-23 00:00:00+00:00,96.0199966430664
2021-12-27 00:00:00+00:00,96.08999633789062
2021-12-28 00:00:00+00:00,96.19999694824219
2021-12-29 00:00:00+00:00,95.93000030517578
2021-12-30 00:00:00+00:00,95.97000122070312
2021-12-31 00:00:00+00:00,95.66999816894531
2022-01-03 00:00:00+00:00,96.23999786376953
2022-01-04 00:00:00+00:00,96.29000091552734
2022-01-05 00:00:00+00:00,96.19000244140625
2022-01-06 00:00:00+00:00,96.25
2022-01-07 00:00:00+00:00,95.73999786376953
2022-01-10 00:00:00+00:00,95.98999786376953
2022-01-11 00:00:00+00:00,95.62000274658203
2022-01-12 00:00:00+00:00,95.0
2022-01-13 00:00:00+00:00,94.79000091552734
2022-01-14 00:00:00+00:00,95.16999816894531
2022-01-18 00:00:00+00:00,95.7300033569336
2022-01-19 00:00:00+00:00,95.51000213623047
2022-01-20 00:00:00+00:00,95.73999786376953
2022-01-21 00:00:00+00:00,95.63999938964844
2022-01-24 00:00:00+00:00,95.91999816894531
2022-01-25 00:00:00+00:00,95.94999694824219
2022-01-26 00:00:00+00:00,96.48999786376953
2022-01-27 00:00:00+00:00,97.26000213623047
2022-01-28 00:00:00+00:00,97.2699966430664
2022-01-31 00:00:00+00:00,96.54000091552734
2022-02-01 00:00:00+00:00,96.38999938964844
2022-02-02 00:00:00+00:00,95.94000244140625
2022-02-03 00:00:00+00:00,95.37999725341797
2022-02-04 00:00:00+00:00,95.4800033569336
2022-02-07 00:00:00+00:00,95.4000015258789
2022-02-08 00:00:00+00:00,95.63999938964844
2022-02-09 00:00:00+00:00,95.48999786376953
2022-02-10 00:00:00+00:00,95.55000305175781
2022-02-11 00:00:00+00:00,96.08000183105469
2022-02-14 00:00:00+00:00,96.37000274658203
2022-02-15 00:00:00+00:00,95.98999786376953
2022-02-16 00:00:00+00:00,95.69999694824219
2022-02-17 00:00:00+00:00,95.80000305175781
2022-02-18 00:00:00+00:00,96.04000091552734
2022-02-22 00:00:00+00:00,96.02999877929688
2022-02-23 00:00:00+00:00,96.19000244140625
2022-02-24 00:00:00+00:00,97.13999938964844
2022-02-25 00:00:00+00:00,96.62000274658203
2022-02-28 00:00:00+00:00,96.70999908447266
2022-03-01 00:00:00+00:00,97.41000366210938
2022-03-02 00:00:00+00:00,97.38999938964844
2022-03-03 00:00:00+00:00,97.79000091552734
2022-03-04 00:00:00+00:00,98.6500015258789
2022-03-07 00:00:00+00:00,99.29000091552734
2022-03-08 00:00:00+00:00,99.05999755859375
2022-03-09 00:00:00+00:00,97.97000122070312
2022-03-10 00:00:00+00:00,98.51000213623047
2022-03-11 00:00:00+00:00,99.12000274658203
2022-03-14 00:00:00+00:00,99.05999755859375
2022-03-15 00:00:00+00:00,99.06999969482422
2022-03-16 00:00:00+00:00,98.37999725341797
2022-03-17 00:00:00+00:00,98.01000213623047
2022-03-18 00:00:00+00:00,98.2300033569336
2022-03-21 00:00:00+00:00,98.5
2022-03-22 00:00:00+00:00,98.48999786376953
2022-03-23 00:00:00+00:00,98.62000274658203
2022-03-24 00:00:00+00:00,98.79000091552734
2022-03-25 00:00:00+00:00,98.80999755859375
2022-03-28 00:00:00+00:00,99.08999633789062
2022-03-29 00:00:00+00:00,98.4000015258789
2022-03-30 00:00:00+00:00,97.79000091552734
2022-03-31 00:00:00+00:00,98.30999755859375
2022-04-01 00:00:00+00:00,98.62999725341797
2022-04-04 00:00:00+00:00,98.98999786376953
2022-04-05 00:00:00+00:00,99.47000122070312
2022-04-06 00:00:00+00:00,99.5999984741211
2022-04-07 00:00:00+00:00,99.75
2022-04-08 00:00:00+00:00,99.80000305175781
2022-04-11 00:00:00+00:00,99.93000030517578
2022-04-12 00:00:00+00:00,100.29000091552734
2022-04-13 00:00:00+00:00,99.87999725341797
2022-04-14 00:00:00+00:00,100.31999969482422
2022-04-18 00:00:00+00:00,100.77999877929688
2022-04-19 00:00:00+00:00,100.95999908447266
2022-04-20 00:00:00+00:00,100.38999938964844
2022-04-21 00:00:00+00:00,100.58000183105469
2022-04-22 00:00:00+00:00,101.22000122070312
2022-04-25 00:00:00+00:00,101.75
2022-04-26 00:00:00+00:00,102.30000305175781
2022-04-27 00:00:00+00:00,102.94999694824219
2022-04-28 00:00:00+00:00,103.62000274658203
2022-04-29 00:00:00+00:00,102.95999908447266
2022-05-02 00:00:00+00:00,103.73999786376953
2022-05-03 00:00:00+00:00,103.47000122070312
2022-05-04 00:00:00+00:00,102.58999633789062
2022-05-05 00:00:00+00:00,103.75
2022-05-06 00:00:00+00:00,103.66000366210938
2022-05-09 00:00:00+00:00,103.6500015258789
2022-05-10 00:00:00+00:00,103.91999816894531
2022-05-11 00:00:00+00:00,103.8499984741211
2022-05-12 00:00:00+00:00,104.8499984741211
2022-05-13 00:00:00+00:00,104.55999755859375
2022-05-16 00:00:00+00:00,104.19000244140625
2022-05-17 00:00:00+00:00,103.36000061035156
2022-05-18 00:00:00+00:00,103.80999755859375
2022-05-19 00:00:00+00:00,102.72000122070312
2022-05-20 00:00:00+00:00,103.1500015258789
2022-05-23 00:00:00+00:00,102.08000183105469
2022-05-24 00:00:00+00:00,101.86000061035156
2022-05-25 00:00:00+00:00,102.05999755859375
2022-05-26 00:00:00+00:00,101.83000183105469
2022-05-27 00:00:00+00:00,101.66999816894531
2022-05-31 00:00:00+00:00,101.75
2022-06-01 00:00:00+00:00,102.55000305175781
2022-06-02 00:00:00+00:00,101.7699966430664
2022-06-03 00:00:00+00:00,102.13999938964844
2022-06-06 00:00:00+00:00,102.44000244140625
2022-06-07 00:00:00+00:00,102.31999969482422
2022-06-08 00:00:00+00:00,102.54000091552734
2022-06-09 00:00:00+00:00,103.22000122070312
2022-06-10 00:00:00+00:00,104.1500015258789
2022-06-13 00:00:00+00:00,105.08000183105469
2022-06-14 00:00:00+00:00,105.5199966430664
2022-06-15 00:00:00+00:00,105.16000366210938
2022-06-16 00:00:00+00:00,103.62999725341797
2022-06-17 00:00:00+00:00,104.69999694824219
2022-06-21 00:00:00+00:00,104.44000244140625
2022-06-22 00:00:00+00:00,104.19999694824219
2022-06-23 00:00:00+00:00,104.43000030517578
2022-06-24 00:00:00+00:00,104.19000244140625
2022-06-27 00:00:00+00:00,103.94000244140625
2022-06-28 00:00:00+00:00,104.51000213623047
2022-06-29 00:00:00+00:00,105.11000061035156
2022-06-30 00:00:00+00:00,104.69000244140625
2022-07-01 00:00:00+00:00,105.13999938964844
2022-07-05 00:00:00+00:00,106.5
2022-07-06 00:00:00+00:00,107.0999984741211
2022-07-07 00:00:00+00:00,107.12999725341797
2022-07-08 00:00:00+00:00,107.01000213623047
2022-07-11 00:00:00+00:00,108.0199966430664
2022-07-12 00:00:00+00:00,108.06999969482422
2022-07-13 00:00:00+00:00,107.95999908447266
2022-07-14 00:00:00+00:00,108.54000091552734
2022-07-15 00:00:00+00:00,108.05999755859375
2022-07-18 00:00:00+00:00,107.37000274658203
2022-07-19 00:00:00+00:00,106.68000030517578
2022-07-20 00:00:00+00:00,107.08000183105469
2022-07-21 00:00:00+00:00,106.91000366210938
2022-07-22 00:00:00+00:00,106.7300033569336
2022-07-25 00:00:00+00:00,106.4800033569336
2022-07-26 00:00:00+00:00,107.19000244140625
2022-07-27 00:00:00+00:00,106.44999694824219
2022-07-28 00:00:00+00:00,106.3499984741211
2022-07-29 00:00:00+00:00,105.9000015258789
2022-08-01 00:00:00+00:00,105.44999694824219
2022-08-02 00:00:00+00:00,106.23999786376953
2022-08-03 00:00:00+00:00,106.51000213623047
2022-08-04 00:00:00+00:00,105.69000244140625
2022-08-05 00:00:00+00:00,106.62000274658203
2022-08-08 00:00:00+00:00,106.44000244140625
2022-08-09 00:00:00+00:00,106.37000274658203
2022-08-10 00:00:00+00:00,105.19999694824219
2022-08-11 00:00:00+00:00,105.08999633789062
2022-08-12 00:00:00+00:00,105.62999725341797
2022-08-15 00:00:00+00:00,106.55000305175781
2022-08-16 00:00:00+00:00,106.5
2022-08-17 00:00:00+00:00,106.56999969482422
2022-08-18 00:00:00+00:00,107.4800033569336
2022-08-19 00:00:00+00:00,108.16999816894531
2022-08-22 00:00:00+00:00,109.05000305175781
2022-08-23 00:00:00+00:00,108.62000274658203
2022-08-24 00:00:00+00:00,108.68000030517578
2022-08-25 00:00:00+00:00,108.47000122070312
2022-08-26 00:00:00+00:00,108.80000305175781
2022-08-29 00:00:00+00:00,108.83999633789062
2022-08-30 00:00:00+00:00,108.7699966430664
2022-08-31 00:00:00+00:00,108.69999694824219
2022-09-01 00:00:00+00:00,109.69000244140625
2022-09-02 00:00:00+00:00,109.52999877929688
2022-09-06 00:00:00+00:00,110.20999908447266
2022-09-07 00:00:00+00:00,109.83999633789062
2022-09-08 00:00:00+00:00,109.70999908447266
2022-09-09 00:00:00+00:00,109.0
2022-09-12 00:00:00+00:00,108.33000183105469
2022-09-13 00:00:00+00:00,109.81999969482422
2022-09-14 00:00:00+00:00,109.66000366210938
2022-09-15 00:00:00+00:00,109.73999786376953
2022-09-16 00:00:00+00:00,109.76000213623047
2022-09-19 00:00:00+00:00,109.73999786376953
2022-09-20 00:00:00+00:00,110.22000122070312
2022-09-21 00:00:00+00:00,110.63999938964844
2022-09-22 00:00:00+00:00,111.3499984741211
2022-09-23 00:00:00+00:00,113.19000244140625
2022-09-26 00:00:00+00:00,114.0999984741211
2022-09-27 00:00:00+00:00,114.11000061035156
2022-09-28 00:00:00+00:00,112.5999984741211
2022-09-29 00:00:00+00:00,112.25
2022-09-30 00:00:00+00:00,112.12000274658203
2022-10-03 00:00:00+00:00,111.75
2022-10-04 00:00:00+00:00,110.06999969482422
2022-10-05 00:00:00+00:00,111.06999969482422
2022-10-06 00:00:00+00:00,112.26000213623047
2022-10-07 00:00:00+00:00,112.80000305175781
2022-10-10 00:00:00+00:00,113.13999938964844
2022-10-11 00:00:00+00:00,113.22000122070312
2022-10-12 00:00:00+00:00,113.31999969482422
2022-10-13 00:00:00+00:00,112.36000061035156
2022-10-14 00:00:00+00:00,113.30999755859375
2022-10-17 00:00:00+00:00,112.04000091552734
2022-10-18 00:00:00+00:00,112.12999725341797
2022-10-19 00:00:00+00:00,112.9800033569336
2022-10-20 00:00:00+00:00,112.87999725341797
2022-10-21 00:00:00+00:00,112.01000213623047
2022-10-24 00:00:00+00:00,111.98999786376953
2022-10-25 00:00:00+00:00,110.94999694824219
2022-10-26 00:00:00+00:00,109.69999694824219
2022-10-27 00:00:00+00:00,110.58999633789062
2022-10-28 00:00:00+00:00,110.66999816894531
2022-10-31 00:00:00+00:00,111.52999877929688
2022-11-01 00:00:00+00:00,111.4800033569336
2022-11-02 00:00:00+00:00,111.3499984741211
2022-11-03 00:00:00+00:00,112.93000030517578
2022-11-04 00:00:00+00:00,110.87999725341797
2022-11-07 00:00:00+00:00,110.12000274658203
2022-11-08 00:00:00+00:00,109.62000274658203
2022-11-09 00:00:00+00:00,110.55000305175781
2022-11-10 00:00:00+00:00,108.20999908447266
2022-11-11 00:00:00+00:00,106.29000091552734
2022-11-14 00:00:00+00:00,106.66000366210938
2022-11-15 00:00:00+00:00,106.4000015258789
2022-11-16 00:00:00+00:00,106.27999877929688
2022-11-17 00:00:00+00:00,106.69000244140625
2022-11-18 00:00:00+00:00,106.93000030517578
2022-11-21 00:00:00+00:00,107.83999633789062
2022-11-22 00:00:00+00:00,107.22000122070312
2022-11-23 00:00:00+00:00,106.08000183105469
2022-11-25 00:00:00+00:00,105.95999908447266
2022-11-28 00:00:00+00:00,106.68000030517578
2022-11-29 00:00:00+00:00,106.81999969482422
2022-11-30 00:00:00+00:00,105.94999694824219
2022-12-01 00:00:00+00:00,104.7300033569336
2022-12-02 00:00:00+00:00,104.55000305175781
2022-12-05 00:00:00+00:00,105.29000091552734
2022-12-06 00:00:00+00:00,105.58000183105469
2022-12-07 00:00:00+00:00,105.0999984741211
2022-12-08 00:00:00+00:00,104.7699966430664
2022-12-09 00:00:00+00:00,104.80999755859375
2022-12-12 00:00:00+00:00,105.12999725341797
2022-12-13 00:00:00+00:00,103.9800033569336
2022-12-14 00:00:00+00:00,103.7699966430664
2022-12-15 00:00:00+00:00,104.55999755859375
2022-12-16 00:00:00+00:00,104.69999694824219
2022-12-19 00:00:00+00:00,104.72000122070312
2022-12-20 00:00:00+00:00,103.97000122070312
2022-12-21 00:00:00+00:00,104.16000366210938
2022-12-22 00:00:00+00:00,104.43000030517578
2022-12-23 00:00:00+00:00,104.30999755859375
2022-12-27 00:00:00+00:00,104.18000030517578
2022-12-28 00:00:00+00:00,104.45999908447266
2022-12-29 00:00:00+00:00,103.83999633789062
2022-12-30 00:00:00+00:00,103.5199966430664
2023-01-03 00:00:00+00:00,104.5199966430664
2023-01-04 00:00:00+00:00,104.25
2023-01-05 00:00:00+00:00,105.04000091552734
2023-01-06 00:00:00+00:00,103.87999725341797
2023-01-09 00:00:00+00:00,103.0
2023-01-10 00:00:00+00:00,103.23999786376953
2023-01-11 00:00:00+00:00,103.19000244140625
2023-01-12 00:00:00+00:00,102.25
2023-01-13 00:00:00+00:00,102.19999694824219
2023-01-17 00:00:00+00:00,102.38999938964844
2023-01-18 00:00:00+00:00,102.36000061035156
2023-01-19 00:00:00+00:00,102.05999755859375
2023-01-20 00:00:00+00:00,102.01000213623047
2023-01-23 00:00:00+00:00,102.13999938964844
2023-01-24 00:00:00+00:00,101.91999816894531
2023-01-25 00:00:00+00:00,101.63999938964844
2023-01-26 00:00:00+00:00,101.83999633789062
2023-01-27 00:00:00+00:00,101.93000030517578
2023-01-30 00:00:00+00:00,102.27999877929688
2023-01-31 00:00:00+00:00,102.0999984741211
2023-02-01 00:00:00+00:00,101.22000122070312
2023-02-02 00:00:00+00:00,101.75
2023-02-03 00:00:00+00:00,102.91999816894531
2023-02-06 00:00:00+00:00,103.62000274658203
2023-02-07 00:00:00+00:00,103.43000030517578
2023-02-08 00:00:00+00:00,103.41000366210938
2023-02-09 00:00:00+00:00,103.22000122070312
2023-02-10 00:00:00+00:00,103.62999725341797
2023-02-13 00:00:00+00:00,103.3499984741211
2023-02-14 00:00:00+00:00,103.2300033569336
2023-02-15 00:00:00+00:00,103.91999816894531
2023-02-16 00:00:00+00:00,103.86000061035156
2023-02-17 00:00:00+00:00,103.86000061035156
2023-02-21 00:00:00+00:00,104.18000030517578
2023-02-22 00:00:00+00:00,104.58999633789062
2023-02-23 00:00:00+00:00,104.5999984741211
2023-02-24 00:00:00+00:00,105.20999908447266
2023-02-27 00:00:00+00:00,104.66999816894531
2023-02-28 00:00:00+00:00,104.87000274658203
2023-03-01 00:00:00+00:00,104.4800033569336
2023-03-02 00:00:00+00:00,105.02999877929688
2023-03-03 00:00:00+00:00,104.5199966430664
2023-03-06 00:00:00+00:00,104.3499984741211
2023-03-07 00:00:00+00:00,105.62000274658203
2023-03-08 00:00:00+00:00,105.66000366210938
2023-03-09 00:00:00+00:00,105.30999755859375
2023-03-10 00:00:00+00:00,104.58000183105469
2023-03-13 00:00:00+00:00,103.5999984741211
2023-03-14 00:00:00+00:00,103.5999984741211
2023-03-15 00:00:00+00:00,104.6500015258789
2023-03-16 00:00:00+00:00,104.41999816894531
2023-03-17 00:00:00+00:00,103.70999908447266
2023-03-20 00:00:00+00:00,103.27999877929688
2023-03-21 00:00:00+00:00,103.26000213623047
2023-03-22 00:00:00+00:00,102.3499984741211
2023-03-23 00:00:00+00:00,102.52999877929688
2023-03-24 00:00:00+00:00,103.12000274658203
2023-03-27 00:00:00+00:00,102.86000061035156
2023-03-28 00:00:00+00:00,102.43000030517578
2023-03-29 00:00:00+00:00,102.63999938964844
2023-03-30 00:00:00+00:00,102.13999938964844
2023-03-31 00:00:00+00:00,102.51000213623047
2023-04-03 00:00:00+00:00,102.08999633789062
2023-04-04 00:00:00+00:00,101.58999633789062
2023-04-05 00:00:00+00:00,101.8499984741211
2023-04-06 00:00:00+00:00,101.81999969482422
2023-04-10 00:00:00+00:00,102.58000183105469
2023-04-11 00:00:00+00:00,102.19999694824219
2023-04-12 00:00:00+00:00,101.5
2023-04-13 00:00:00+00:00,101.01000213623047
2023-04-14 00:00:00+00:00,101.55000305175781
2023-04-17 00:00:00+00:00,102.0999984741211
2023-04-18 00:00:00+00:00,101.75
2023-04-19 00:00:00+00:00,101.97000122070312
2023-04-20 00:00:00+00:00,101.83999633789062
2023-04-21 00:00:00+00:00,101.81999969482422
2023-04-24 00:00:00+00:00,101.3499984741211
2023-04-25 00:00:00+00:00,101.86000061035156
2023-04-26 00:00:00+00:00,101.47000122070312
2023-04-27 00:00:00+00:00,101.5
2023-04-28 00:00:00+00:00,101.66999816894531
2023-05-01 00:00:00+00:00,102.1500015258789
2023-05-02 00:00:00+00:00,101.95999908447266
2023-05-03 00:00:00+00:00,101.33999633789062
2023-05-04 00:00:00+00:00,101.4000015258789
2023-05-05 00:00:00+00:00,101.20999908447266
2023-05-08 00:00:00+00:00,101.37000274658203
2023-05-09 00:00:00+00:00,101.63999938964844
2023-05-10 00:00:00+00:00,101.4800033569336
2023-05-11 00:00:00+00:00,102.05999755859375
2023-05-12 00:00:00+00:00,102.68000030517578
2023-05-15 00:00:00+00:00,102.43000030517578
2023-05-16 00:00:00+00:00,102.55999755859375
2023-05-17 00:00:00+00:00,102.87999725341797
2023-05-18 00:00:00+00:00,103.58000183105469
2023-05-19 00:00:00+00:00,103.19999694824219
2023-05-22 00:00:00+00:00,103.19999694824219
2023-05-23 00:00:00+00:00,103.48999786376953
2023-05-24 00:00:00+00:00,103.88999938964844
2023-05-25 00:00:00+00:00,104.20999908447266
2023-05-26 00:00:00+00:00,104.20999908447266
2023-05-30 00:00:00+00:00,104.16999816894531
2023-05-31 00:00:00+00:00,104.31999969482422
2023-06-01 00:00:00+00:00,103.55999755859375
2023-06-02 00:00:00+00:00,104.0199966430664
2023-06-05 00:00:00+00:00,104.0
2023-06-06 00:00:00+00:00,104.12999725341797
2023-06-07 00:00:00+00:00,104.0999984741211
2023-06-08 00:00:00+00:00,103.33999633789062
2023-06-09 00:00:00+00:00,103.55999755859375
2023-06-12 00:00:00+00:00,103.62999725341797
2023-06-13 00:00:00+00:00,103.33999633789062
2023-06-14 00:00:00+00:00,103.01000213623047
2023-06-15 00:00:00+00:00,102.12000274658203
2023-06-16 00:00:00+00:00,102.30000305175781
2023-06-20 00:00:00+00:00,102.54000091552734
2023-06-21 00:00:00+00:00,102.06999969482422
2023-06-22 00:00:00+00:00,102.38999938964844
2023-06-23 00:00:00+00:00,102.9000015258789
2023-06-26 00:00:00+00:00,102.69000244140625
2023-06-27 00:00:00+00:00,102.48999786376953
2023-06-28 00:00:00+00:00,102.91000366210938
2023-06-29 00:00:00+00:00,103.33999633789062
2023-06-30 00:00:00+00:00,102.91000366210938
2023-07-03 00:00:00+00:00,102.98999786376953
2023-07-05 00:00:00+00:00,103.37000274658203
2023-07-06 00:00:00+00:00,103.16999816894531
2023-07-07 00:00:00+00:00,102.2699966430664
2023-07-10 00:00:00+00:00,101.97000122070312
2023-07-11 00:00:00+00:00,101.7300033569336
2023-07-12 00:00:00+00:00,100.5199966430664
2023-07-13 00:00:00+00:00,99.7699966430664
2023-07-14 00:00:00+00:00,99.91000366210938
2023-07-17 00:00:00+00:00,99.83999633789062
2023-07-18 00:00:00+00:00,99.94000244140625
2023-07-19 00:00:00+00:00,100.27999877929688
2023-07-20 00:00:00+00:00,100.87999725341797
2023-07-21 00:00:00+00:00,101.06999969482422
2023-07-24 00:00:00+00:00,101.3499984741211
2023-07-25 00:00:00+00:00,101.3499984741211
2023-07-26 00:00:00+00:00,100.88999938964844
2023-07-27 00:00:00+00:00,101.7699966430664
2023-07-28 00:00:00+00:00,101.62000274658203
2023-07-31 00:00:00+00:00,101.86000061035156
2023-08-01 00:00:00+00:00,102.30000305175781
2023-08-02 00:00:00+00:00,102.58999633789062
2023-08-03 00:00:00+00:00,102.54000091552734
2023-08-04 00:00:00+00:00,102.0199966430664
2023-08-07 00:00:00+00:00,102.05000305175781
2023-08-08 00:00:00+00:00,102.52999877929688
2023-08-09 00:00:00+00:00,102.48999786376953
2023-08-10 00:00:00+00:00,102.5199966430664
2023-08-11 00:00:00+00:00,102.83999633789062
2023-08-14 00:00:00+00:00,103.19000244140625
2023-08-15 00:00:00+00:00,103.20999908447266
2023-08-16 00:00:00+00:00,103.41999816894531
2023-08-17 00:00:00+00:00,103.44000244140625
2023-08-18 00:00:00+00:00,103.37999725341797
2023-08-21 00:00:00+00:00,103.33000183105469
2023-08-22 00:00:00+00:00,103.55999755859375
2023-08-23 00:00:00+00:00,103.36000061035156
2023-08-24 00:00:00+00:00,103.9800033569336
2023-08-25 00:00:00+00:00,104.08000183105469
2023-08-28 00:00:00+00:00,104.05999755859375
2023-08-29 00:00:00+00:00,103.55000305175781
2023-08-30 00:00:00+00:00,103.16000366210938
2023-08-31 00:00:00+00:00,103.62000274658203
2023-09-01 00:00:00+00:00,104.23999786376953
2023-09-05 00:00:00+00:00,104.80999755859375
2023-09-06 00:00:00+00:00,104.86000061035156
2023-09-07 00:00:00+00:00,105.05999755859375
2023-09-08 00:00:00+00:00,105.08999633789062
2023-09-11 00:00:00+00:00,104.56999969482422
2023-09-12 00:00:00+00:00,104.70999908447266
2023-09-13 00:00:00+00:00,104.7699966430664
2023-09-14 00:00:00+00:00,105.41000366210938
2023-09-15 00:00:00+00:00,105.31999969482422
2023-09-18 00:00:00+00:00,105.19999694824219
2023-09-19 00:00:00+00:00,105.19999694824219
2023-09-20 00:00:00+00:00,105.16000366210938
2023-09-21 00:00:00+00:00,105.36000061035156
2023-09-22 00:00:00+00:00,105.58000183105469
2023-09-25 00:00:00+00:00,106.0
2023-09-26 00:00:00+00:00,106.2300033569336
2023-09-27 00:00:00+00:00,106.66999816894531
2023-09-28 00:00:00+00:00,106.22000122070312
2023-09-29 00:00:00+00:00,106.16999816894531
2023-10-02 00:00:00+00:00,106.9000015258789
2023-10-03 00:00:00+00:00,107.0
2023-10-04 00:00:00+00:00,106.80000305175781
2023-10-05 00:00:00+00:00,106.33000183105469
2023-10-06 00:00:00+00:00,106.04000091552734
2023-10-09 00:00:00+00:00,106.08000183105469
2023-10-10 00:00:00+00:00,105.83000183105469
2023-10-11 00:00:00+00:00,105.81999969482422
2023-10-12 00:00:00+00:00,106.56999969482422
2023-10-13 00:00:00+00:00,106.6500015258789
2023-10-16 00:00:00+00:00,106.23999786376953
2023-10-17 00:00:00+00:00,106.25
2023-10-18 00:00:00+00:00,106.56999969482422
2023-10-19 00:00:00+00:00,106.25
2023-10-20 00:00:00+00:00,106.16000366210938
2023-10-23 00:00:00+00:00,105.54000091552734
2023-10-24 00:00:00+00:00,106.2699966430664
2023-10-25 00:00:00+00:00,106.52999877929688
2023-10-26 00:00:00+00:00,106.5999984741211
2023-10-27 00:00:00+00:00,106.55999755859375
2023-10-30 00:00:00+00:00,106.12000274658203
2023-10-31 00:00:00+00:00,106.66000366210938
2023-11-01 00:00:00+00:00,106.87999725341797
2023-11-02 00:00:00+00:00,106.12000274658203
2023-11-03 00:00:00+00:00,105.0199966430664
2023-11-06 00:00:00+00:00,105.22000122070312
2023-11-07 00:00:00+00:00,105.54000091552734
2023-11-08 00:00:00+00:00,105.58999633789062
2023-11-09 00:00:00+00:00,105.91000366210938
2023-11-10 00:00:00+00:00,105.86000061035156
2023-11-13 00:00:00+00:00,105.66000366210938
2023-11-14 00:00:00+00:00,104.11000061035156
2023-11-15 00:00:00+00:00,104.38999938964844
2023-11-16 00:00:00+00:00,104.37000274658203
2023-11-17 00:00:00+00:00,103.81999969482422
2023-11-20 00:00:00+00:00,103.47000122070312
2023-11-21 00:00:00+00:00,103.58999633789062
2023-11-22 00:00:00+00:00,103.91999816894531
2023-11-24 00:00:00+00:00,103.4000015258789
2023-11-27 00:00:00+00:00,103.19999694824219
2023-11-28 00:00:00+00:00,102.75
2023-11-29 00:00:00+00:00,102.7699966430664
2023-11-30 00:00:00+00:00,103.5
2023-12-01 00:00:00+00:00,103.2699966430664
2023-12-04 00:00:00+00:00,103.63999938964844
2023-12-05 00:00:00+00:00,104.05000305175781
2023-12-06 00:00:00+00:00,104.1500015258789
2023-12-07 00:00:00+00:00,103.54000091552734
2023-12-08 00:00:00+00:00,104.01000213623047
2023-12-11 00:00:00+00:00,104.0999984741211
2023-12-12 00:00:00+00:00,103.87000274658203
2023-12-13 00:00:00+00:00,102.87000274658203
2023-12-14 00:00:00+00:00,101.95999908447266
2023-12-15 00:00:00+00:00,102.55000305175781
2023-12-18 00:00:00+00:00,102.51000213623047
2023-12-19 00:00:00+00:00,102.16999816894531
2023-12-20 00:00:00+00:00,102.41000366210938
2023-12-21 00:00:00+00:00,101.83999633789062
2023-12-22 00:00:00+00:00,101.69999694824219
2023-12-26 00:00:00+00:00,101.47000122070312
2023-12-27 00:00:00+00:00,100.98999786376953
2023-12-28 00:00:00+00:00,101.2300033569336
2023-12-29 00:00:00+00:00,101.33000183105469
2024-01-02 00:00:00+00:00,102.19999694824219
2024-01-03 00:00:00+00:00,102.45999908447266
2024-01-04 00:00:00+00:00,102.41999816894531
2024-01-05 00:00:00+00:00,102.41000366210938
2024-01-08 00:00:00+00:00,102.20999908447266
2024-01-09 00:00:00+00:00,102.56999969482422
2024-01-10 00:00:00+00:00,102.36000061035156
2024-01-11 00:00:00+00:00,102.29000091552734
2024-01-12 00:00:00+00:00,102.4000015258789
2024-01-16 00:00:00+00:00,103.36000061035156
2024-01-17 00:00:00+00:00,103.44999694824219
2024-01-18 00:00:00+00:00,103.54000091552734
2024-01-19 00:00:00+00:00,103.29000091552734
2024-01-22 00:00:00+00:00,103.33000183105469
2024-01-23 00:00:00+00:00,103.62000274658203
2024-01-24 00:00:00+00:00,103.23999786376953
2024-01-25 00:00:00+00:00,103.56999969482422
2024-01-26 00:00:00+00:00,103.47000122070312
2024-01-29 00:00:00+00:00,103.61000061035156
2024-01-30 00:00:00+00:00,103.4000015258789
2024-01-31 00:00:00+00:00,103.2699966430664
2024-02-01 00:00:00+00:00,103.05000305175781
2024-02-02 00:00:00+00:00,103.91999816894531
2024-02-05 00:00:00+00:00,104.44999694824219
2024-02-06 00:00:00+00:00,104.18000030517578
2024-02-07 00:00:00+00:00,104.04000091552734
2024-02-08 00:00:00+00:00,104.1500015258789
2024-02-09 00:00:00+00:00,104.08000183105469
2024-02-12 00:00:00+00:00,104.16999816894531
2024-02-13 00:00:00+00:00,104.95999908447266
2024-02-14 00:00:00+00:00,104.72000122070312
2024-02-15 00:00:00+00:00,104.30000305175781
2024-02-16 00:00:00+00:00,104.27999877929688
2024-02-20 00:00:00+00:00,104.08000183105469
2024-02-21 00:00:00+00:00,104.01000213623047
2024-02-22 00:00:00+00:00,103.95999908447266
2024-02-23 00:00:00+00:00,103.94000244140625
2024-02-26 00:00:00+00:00,103.83000183105469
2024-02-27 00:00:00+00:00,103.83000183105469
2024-02-28 00:00:00+00:00,103.9800033569336
2024-02-29 00:00:00+00:00,104.16000366210938
2024-03-01 00:00:00+00:00,103.86000061035156
2024-03-04 00:00:00+00:00,103.83000183105469
2024-03-05 00:00:00+00:00,103.80000305175781
2024-03-06 00:00:00+00:00,103.37000274658203
2024-03-07 00:00:00+00:00,102.81999969482422
2024-03-08 00:00:00+00:00,102.73999786376953
2024-03-11 00:00:00+00:00,102.87000274658203
2024-03-12 00:00:00+00:00,102.95999908447266
2024-03-13 00:00:00+00:00,102.79000091552734
2024-03-14 00:00:00+00:00,103.36000061035156
2024-03-15 00:00:00+00:00,103.43000030517578
2024-03-18 00:00:00+00:00,103.58000183105469
2024-03-19 00:00:00+00:00,103.80999755859375
2024-03-20 00:00:00+00:00,103.41000366210938
2024-03-21 00:00:00+00:00,104.0
2024-03-22 00:00:00+00:00,104.43000030517578
2024-03-25 00:00:00+00:00,104.2300033569336
2024-03-26 00:00:00+00:00,104.29000091552734
2024-03-27 00:00:00+00:00,104.3499984741211
2024-03-28 00:00:00+00:00,104.55000305175781
2024-04-01 00:00:00+00:00,105.0199966430664
2024-04-02 00:00:00+00:00,104.81999969482422
2024-04-03 00:00:00+00:00,104.25
2024-04-04 00:00:00+00:00,104.12000274658203
2024-04-05 00:00:00+00:00,104.30000305175781
2024-04-08 00:00:00+00:00,104.13999938964844
2024-04-09 00:00:00+00:00,104.1500015258789
2024-04-10 00:00:00+00:00,105.25
2024-04-11 00:00:00+00:00,105.27999877929688
2024-04-12 00:00:00+00:00,106.04000091552734
2024-04-15 00:00:00+00:00,106.20999908447266
2024-04-16 00:00:00+00:00,106.26000213623047
2024-04-17 00:00:00+00:00,105.94999694824219
2024-04-18 00:00:00+00:00,106.1500015258789
2024-04-19 00:00:00+00:00,106.1500015258789
2024-04-22 00:00:00+00:00,106.08000183105469
2024-04-23 00:00:00+00:00,105.69000244140625
2024-04-24 00:00:00+00:00,105.86000061035156
2024-04-25 00:00:00+00:00,105.5999984741211
2024-04-26 00:00:00+00:00,105.94000244140625
2024-04-29 00:00:00+00:00,105.58000183105469
2024-04-30 00:00:00+00:00,106.22000122070312
2024-05-01 00:00:00+00:00,105.76000213623047
2024-05-02 00:00:00+00:00,105.30000305175781
2024-05-03 00:00:00+00:00,105.02999877929688
2024-05-06 00:00:00+00:00,105.05000305175781
2024-05-07 00:00:00+00:00,105.41000366210938
2024-05-08 00:00:00+00:00,105.55000305175781
2024-05-09 00:00:00+00:00,105.2300033569336
2024-05-10 00:00:00+00:00,105.30999755859375
2024-05-13 00:00:00+00:00,105.22000122070312
2024-05-14 00:00:00+00:00,105.01000213623047
2024-05-15 00:00:00+00:00,104.3499984741211
2024-05-16 00:00:00+00:00,104.45999908447266
2024-05-17 00:00:00+00:00,104.44999694824219
2024-05-20 00:00:00+00:00,104.56999969482422
2024-05-21 00:00:00+00:00,104.66000366210938
2024-05-22 00:00:00+00:00,104.94000244140625
2024-05-23 00:00:00+00:00,105.11000061035156
2024-05-24 00:00:00+00:00,104.72000122070312
2024-05-28 00:00:00+00:00,104.61000061035156
2024-05-29 00:00:00+00:00,105.0999984741211
2024-05-30 00:00:00+00:00,104.72000122070312
2024-05-31 00:00:00+00:00,104.66999816894531
2024-06-03 00:00:00+00:00,104.13999938964844
2024-06-04 00:00:00+00:00,104.11000061035156
2024-06-05 00:00:00+00:00,104.2699966430664
2024-06-06 00:00:00+00:00,104.0999984741211
2024-06-07 00:00:00+00:00,104.88999938964844
2024-06-10 00:00:00+00:00,105.1500015258789
2024-06-11 00:00:00+00:00,105.2300033569336
2024-06-12 00:00:00+00:00,104.6500015258789
2024-06-13 00:00:00+00:00,105.19999694824219
2024-06-14 00:00:00+00:00,105.55000305175781
2024-06-17 00:00:00+00:00,105.31999969482422
2024-06-18 00:00:00+00:00,105.26000213623047
2024-06-20 00:00:00+00:00,105.58999633789062
2024-06-21 00:00:00+00:00,105.80000305175781
2024-06-24 00:00:00+00:00,105.47000122070312
2024-06-25 00:00:00+00:00,105.61000061035156
2024-06-26 00:00:00+00:00,106.05000305175781
2024-06-27 00:00:00+00:00,105.91000366210938
2024-06-28 00:00:00+00:00,105.87000274658203
2024-07-01 00:00:00+00:00,105.9000015258789
2024-07-02 00:00:00+00:00,105.72000122070312
2024-07-03 00:00:00+00:00,105.4000015258789
2024-07-05 00:00:00+00:00,104.87999725341797
2024-07-08 00:00:00+00:00,105.01000213623047
2024-07-09 00:00:00+00:00,105.12000274658203
2024-07-10 00:00:00+00:00,105.05000305175781
2024-07-11 00:00:00+00:00,104.44000244140625
2024-07-12 00:00:00+00:00,104.08999633789062
2024-07-15 00:00:00+00:00,104.19000244140625
2024-07-16 00:00:00+00:00,104.2699966430664
2024-07-17 00:00:00+00:00,103.75
2024-07-18 00:00:00+00:00,104.16999816894531
2024-07-19 00:00:00+00:00,104.4000015258789
2024-07-22 00:00:00+00:00,104.30999755859375
2024-07-23 00:00:00+00:00,104.44999694824219
2024-07-24 00:00:00+00:00,104.38999938964844
2024-07-25 00:00:00+00:00,104.36000061035156
2024-07-26 00:00:00+00:00,104.31999969482422
2024-07-29 00:00:00+00:00,104.55999755859375
2024-07-30 00:00:00+00:00,104.55000305175781
2024-07-31 00:00:00+00:00,104.0999984741211
2024-08-01 00:00:00+00:00,104.41999816894531
2024-08-02 00:00:00+00:00,103.20999908447266
2024-08-05 00:00:00+00:00,102.69000244140625
2024-08-06 00:00:00+00:00,102.97000122070312
2024-08-07 00:00:00+00:00,103.19999694824219
2024-08-08 00:00:00+00:00,103.20999908447266
2024-08-09 00:00:00+00:00,103.13999938964844
2024-08-12 00:00:00+00:00,103.13999938964844
2024-08-13 00:00:00+00:00,102.55999755859375
2024-08-14 00:00:00+00:00,102.56999969482422
2024-08-15 00:00:00+00:00,102.9800033569336
2024-08-16 00:00:00+00:00,102.45999908447266
2024-08-19 00:00:00+00:00,101.88999938964844
2024-08-20 00:00:00+00:00,101.44000244140625
2024-08-21 00:00:00+00:00,101.04000091552734
2024-08-22 00:00:00+00:00,101.51000213623047
2024-08-23 00:00:00+00:00,100.72000122070312
2024-08-26 00:00:00+00:00,100.8499984741211
2024-08-27 00:00:00+00:00,100.55000305175781
2024-08-28 00:00:00+00:00,101.08999633789062
2024-08-29 00:00:00+00:00,101.33999633789062
2024-08-30 00:00:00+00:00,101.69999694824219
2024-09-03 00:00:00+00:00,101.83000183105469
2024-09-04 00:00:00+00:00,101.36000061035156
2024-09-05 00:00:00+00:00,101.11000061035156
2024-09-06 00:00:00+00:00,101.18000030517578
2024-09-09 00:00:00+00:00,101.55000305175781
2024-09-10 00:00:00+00:00,101.62999725341797
2024-09-11 00:00:00+00:00,101.68000030517578
2024-09-12 00:00:00+00:00,101.37000274658203
2024-09-13 00:00:00+00:00,101.11000061035156
2024-09-16 00:00:00+00:00,100.76000213623047
2024-09-17 00:00:00+00:00,100.88999938964844
2024-09-18 00:00:00+00:00,100.5999984741211
2024-09-19 00:00:00+00:00,100.61000061035156
2024-09-20 00:00:00+00:00,100.72000122070312
2024-09-23 00:00:00+00:00,100.91999816894531
2024-09-24 00:00:00+00:00,100.37000274658203
2024-09-25 00:00:00+00:00,100.91999816894531
2024-09-26 00:00:00+00:00,100.55999755859375
2024-09-27 00:00:00+00:00,100.41999816894531
2024-09-30 00:00:00+00:00,100.77999877929688
2024-10-01 00:00:00+00:00,101.19000244140625
2024-10-02 00:00:00+00:00,101.68000030517578
2024-10-03 00:00:00+00:00,101.98999786376953
2024-10-04 00:00:00+00:00,102.5199966430664
2024-10-07 00:00:00+00:00,102.54000091552734
2024-10-08 00:00:00+00:00,102.55000305175781
2024-10-09 00:00:00+00:00,102.93000030517578
2024-10-10 00:00:00+00:00,102.98999786376953
2024-10-11 00:00:00+00:00,102.88999938964844
2024-10-14 00:00:00+00:00,103.30000305175781
2024-10-15 00:00:00+00:00,103.26000213623047
2024-10-16 00:00:00+00:00,103.58999633789062
2024-10-17 00:00:00+00:00,103.83000183105469
2024-10-18 00:00:00+00:00,103.48999786376953
2024-10-21 00:00:00+00:00,104.01000213623047
2024-10-22 00:00:00+00:00,104.08000183105469
2024-10-23 00:00:00+00:00,104.43000030517578
2024-10-24 00:00:00+00:00,104.05999755859375
2024-10-25 00:00:00+00:00,104.26000213623047
2024-10-28 00:00:00+00:00,104.31999969482422
2024-10-29 00:00:00+00:00,104.27999877929688
2024-10-30 00:00:00+00:00,103.98999786376953
2024-10-31 00:00:00+00:00,103.9800033569336
2024-11-01 00:00:00+00:00,104.27999877929688
2024-11-04 00:00:00+00:00,103.88999938964844
2024-11-05 00:00:00+00:00,103.41999816894531
2024-11-06 00:00:00+00:00,105.08999633789062
2024-11-07 00:00:00+00:00,104.51000213623047
2024-11-08 00:00:00+00:00,105.0
2024-11-11 00:00:00+00:00,105.54000091552734
2024-11-12 00:00:00+00:00,106.0199966430664
2024-11-13 00:00:00+00:00,106.4800033569336
2024-11-14 00:00:00+00:00,106.66999816894531
2024-11-15 00:00:00+00:00,106.69000244140625
2024-11-18 00:00:00+00:00,106.27999877929688
2024-11-19 00:00:00+00:00,106.20999908447266
2024-11-20 00:00:00+00:00,106.68000030517578
2024-11-21 00:00:00+00:00,106.97000122070312
2024-11-22 00:00:00+00:00,107.48999786376953
2024-11-25 00:00:00+00:00,106.81999969482422
2024-11-26 00:00:00+00:00,107.01000213623047
2024-11-27 00:00:00+00:00,106.08000183105469
2024-11-29 00:00:00+00:00,105.73999786376953
2024-12-02 00:00:00+00:00,106.44999694824219
2024-12-03 00:00:00+00:00,106.37000274658203
2024-12-04 00:00:00+00:00,106.33999633789062
2024-12-05 00:00:00+00:00,105.70999908447266
2024-12-06 00:00:00+00:00,105.97000122070312
2024-12-09 00:00:00+00:00,106.1500015258789
2024-12-10 00:00:00+00:00,106.4000015258789
2024-12-11 00:00:00+00:00,106.70999908447266
2024-12-12 00:00:00+00:00,106.95999908447266
2024-12-13 00:00:00+00:00,107.0
2024-12-16 00:00:00+00:00,106.86000061035156
2024-12-17 00:00:00+00:00,106.95999908447266
2024-12-18 00:00:00+00:00,108.02999877929688
2024-12-19 00:00:00+00:00,108.41000366210938
2024-12-20 00:00:00+00:00,107.62000274658203
2024-12-23 00:00:00+00:00,108.04000091552734
2024-12-24 00:00:00+00:00,108.26000213623047
2024-12-26 00:00:00+00:00,108.12999725341797
2024-12-27 00:00:00+00:00,108.0
2024-12-30 00:00:00+00:00,108.12999725341797
2024-12-31 00:00:00+00:00,108.48999786376953
2025-01-02 00:00:00+00:00,109.38999938964844
2025-01-03 00:00:00+00:00,108.94999694824219
2025-01-06 00:00:00+00:00,108.26000213623047
2025-01-07 00:00:00+00:00,108.54000091552734
2025-01-08 00:00:00+00:00,109.08999633789062
2025-01-09 00:00:00+00:00,109.18000030517578
2025-01-10 00:00:00+00:00,109.6500015258789
2025-01-13 00:00:00+00:00,109.95999908447266
2025-01-14 00:00:00+00:00,109.2699966430664
2025-01-15 00:00:00+00:00,109.08999633789062
2025-01-16 00:00:00+00:00,108.95999908447266
2025-01-17 00:00:00+00:00,109.3499984741211
2025-01-21 00:00:00+00:00,108.05999755859375
2025-01-22 00:00:00+00:00,108.16999816894531
2025-01-23 00:00:00+00:00,108.05000305175781
2025-01-24 00:00:00+00:00,107.44000244140625
2025-01-27 00:00:00+00:00,107.33999633789062
2025-01-28 00:00:00+00:00,107.87000274658203
2025-01-29 00:00:00+00:00,108.0
2025-01-30 00:00:00+00:00,107.80000305175781
2025-01-31 00:00:00+00:00,108.37000274658203
2025-02-03 00:00:00+00:00,108.98999786376953
2025-02-04 00:00:00+00:00,107.95999908447266
2025-02-05 00:00:00+00:00,107.58000183105469
2025-02-06 00:00:00+00:00,107.69000244140625
2025-02-07 00:00:00+00:00,108.04000091552734
2025-02-10 00:00:00+00:00,108.31999969482422
2025-02-11 00:00:00+00:00,107.95999908447266
2025-02-12 00:00:00+00:00,107.94000244140625
2025-02-13 00:00:00+00:00,107.30999755859375
2025-02-14 00:00:00+00:00,106.56999969482422
2025-02-18 00:00:00+00:00,107.05000305175781
2025-02-19 00:00:00+00:00,107.16999816894531
2025-02-20 00:00:00+00:00,106.33999633789062
2025-02-21 00:00:00+00:00,106.61000061035156
2025-02-24 00:00:00+00:00,106.5999984741211
2025-02-25 00:00:00+00:00,106.30999755859375
2025-02-26 00:00:00+00:00,106.41999816894531
2025-02-27 00:00:00+00:00,107.23999786376953
2025-02-28 00:00:00+00:00,107.61000061035156
2025-03-03 00:00:00+00:00,106.75
2025-03-04 00:00:00+00:00,105.73999786376953
2025-03-05 00:00:00+00:00,105.73999786376953
2025-03-06 00:00:00+00:00,104.05999755859375
2025-03-07 00:00:00+00:00,103.83999633789062
2025-03-10 00:00:00+00:00,103.91000366210938
2025-03-11 00:00:00+00:00,103.44000244140625
2025-03-12 00:00:00+00:00,103.61000061035156
2025-03-13 00:00:00+00:00,103.83000183105469
2025-03-14 00:00:00+00:00,103.72000122070312
2025-03-17 00:00:00+00:00,103.37000274658203
2025-03-18 00:00:00+00:00,103.23999786376953
2025-03-19 00:00:00+00:00,103.43000030517578
2025-03-20 00:00:00+00:00,103.8499984741211
2025-03-21 00:00:00+00:00,104.08999633789062
2025-03-24 00:00:00+00:00,104.26000213623047
2025-03-25 00:00:00+00:00,104.18000030517578
2025-03-26 00:00:00+00:00,104.55000305175781
2025-03-27 00:00:00+00:00,104.06999969482422
2025-03-28 00:00:00+00:00,104.04000091552734
2025-03-31 00:00:00+00:00,104.20999908447266
2025-04-01 00:00:00+00:00,104.26000213623047
2025-04-02 00:00:00+00:00,103.80999755859375
2025-04-03 00:00:00+00:00,102.06999969482422
2025-04-04 00:00:00+00:00,103.0199966430664
2025-04-07 00:00:00+00:00,103.26000213623047
2025-04-08 00:00:00+00:00,102.95999908447266
2025-04-09 00:00:00+00:00,102.9000015258789
2025-04-10 00:00:00+00:00,100.87000274658203
2025-04-11 00:00:00+00:00,99.77999877929688
2025-04-14 00:00:00+00:00,99.63999938964844
2025-04-15 00:00:00+00:00,100.22000122070312
2025-04-16 00:00:00+00:00,99.37999725341797
2025-04-17 00:00:00+00:00,99.37999725341797
2025-04-21 00:00:00+00:00,98.27999877929688
2025-04-22 00:00:00+00:00,98.91999816894531
2025-04-23 00:00:00+00:00,99.83999633789062
2025-04-24 00:00:00+00:00,99.29000091552734
2025-04-25 00:00:00+00:00,99.47000122070312
2025-04-28 00:00:00+00:00,99.01000213623047
2025-04-29 00:00:00+00:00,99.23999786376953
2025-04-30 00:00:00+00:00,99.47000122070312
2025-05-01 00:00:00+00:00,100.25
2025-05-02 00:00:00+00:00,100.0
2025-05-05 00:00:00+00:00,99.83000183105469
2025-05-06 00:00:00+00:00,99.23999786376953
2025-05-07 00:00:00+00:00,99.61000061035156
2025-05-08 00:00:00+00:00,100.63999938964844
2025-05-09 00:00:00+00:00,100.33999633789062
2025-05-12 00:00:00+00:00,101.79000091552734
2025-05-13 00:00:00+00:00,101.0
2025-05-14 00:00:00+00:00,101.04000091552734
2025-05-15 00:00:00+00:00,100.87999725341797
2025-05-16 00:00:00+00:00,101.08999633789062
2025-05-19 00:00:00+00:00,100.43000030517578
2025-05-20 00:00:00+00:00,100.12000274658203
2025-05-21 00:00:00+00:00,99.55999755859375
2025-05-22 00:00:00+00:00,99.95999908447266
2025-05-23 00:00:00+00:00,99.11000061035156
2025-05-26 00:00:00+00:00,98.93000030517578
2025-05-27 00:00:00+00:00,99.5199966430664
2025-05-28 00:00:00+00:00,99.87999725341797
2025-05-29 00:00:00+00:00,99.27999877929688
2025-05-30 00:00:00+00:00,99.33000183105469
2025-06-02 00:00:00+00:00,98.69999694824219
2025-06-03 00:00:00+00:00,99.25
2025-06-04 00:00:00+00:00,98.79000091552734
2025-06-05 00:00:00+00:00,98.73999786376953
2025-06-06 00:00:00+00:00,99.19000244140625
2025-06-09 00:00:00+00:00,98.94000244140625
2025-06-10 00:00:00+00:00,99.05000305175781
2025-06-11 00:00:00+00:00,98.62999725341797
2025-06-12 00:00:00+00:00,97.91999816894531
2025-06-13 00:00:00+00:00,98.18000030517578
2025-06-16 00:00:00+00:00,98.0
2025-06-17 00:00:00+00:00,98.81999969482422
2025-06-18 00:00:00+00:00,98.91000366210938
2025-06-20 00:00:00+00:00,98.70999908447266
2025-06-23 00:00:00+00:00,98.41999816894531
2025-06-24 00:00:00+00:00,97.86000061035156
2025-06-25 00:00:00+00:00,97.68000030517578
2025-06-26 00:00:00+00:00,97.1500015258789
2025-06-27 00:00:00+00:00,97.4000015258789
2025-06-30 00:00:00+00:00,96.87999725341797
2025-07-01 00:00:00+00:00,96.81999969482422
2025-07-02 00:00:00+00:00,96.77999877929688
2025-07-03 00:00:00+00:00,97.18000030517578
2025-07-07 00:00:00+00:00,97.4800033569336
2025-07-08 00:00:00+00:00,97.51000213623047
2025-07-09 00:00:00+00:00,97.47000122070312
2025-07-10 00:00:00+00:00,97.6500015258789
2025-07-11 00:00:00+00:00,97.8499984741211
2025-07-14 00:00:00+00:00,98.08000183105469
2025-07-15 00:00:00+00:00,98.62000274658203
2025-07-16 00:00:00+00:00,98.38999938964844
2025-07-17 00:00:00+00:00,98.7300033569336
2025-07-18 00:00:00+00:00,98.4800033569336
2025-07-21 00:00:00+00:00,97.8499984741211
2025-07-22 00:00:00+00:00,97.38999938964844
2025-07-23 00:00:00+00:00,97.20999908447266
2025-07-24 00:00:00+00:00,97.37999725341797
2025-07-25 00:00:00+00:00,97.6500015258789
2025-07-28 00:00:00+00:00,98.66000366210938
2025-07-29 00:00:00+00:00,98.91000366210938
2025-07-30 00:00:00+00:00,99.94000244140625
2025-07-31 00:00:00+00:00,100.02999877929688
2025-08-01 00:00:00+00:00,98.69000244140625
2025-08-04 00:00:00+00:00,98.77999877929688
2025-08-05 00:00:00+00:00,98.77999877929688
2025-08-06 00:00:00+00:00,98.18000030517578
2025-08-07 00:00:00+00:00,98.4000015258789
2025-08-08 00:00:00+00:00,98.18000030517578
2025-08-11 00:00:00+00:00,98.5199966430664
2025-08-12 00:00:00+00:00,98.0999984741211
2025-08-13 00:00:00+00:00,97.83999633789062
2025-08-14 00:00:00+00:00,98.25
2025-08-15 00:00:00+00:00,97.8499984741211
2025-08-18 00:00:00+00:00,98.16999816894531
2025-08-19 00:00:00+00:00,98.2699966430664
2025-08-20 00:00:00+00:00,98.22000122070312
2025-08-21 00:00:00+00:00,98.62000274658203
2025-08-22 00:00:00+00:00,97.72000122070312
2025-08-25 00:00:00+00:00,98.43000030517578
2025-08-26 00:00:00+00:00,98.2300033569336
2025-08-27 00:00:00+00:00,98.2300033569336
2025-08-28 00:00:00+00:00,97.80999755859375
2025-08-29 00:00:00+00:00,97.7699966430664
2025-09-02 00:00:00+00:00,98.4000015258789
2025-09-03 00:00:00+00:00,98.13999938964844
2025-09-04 00:00:00+00:00,98.3499984741211
2025-09-05 00:00:00+00:00,97.7699966430664
2025-09-08 00:00:00+00:00,97.44999694824219
2025-09-09 00:00:00+00:00,97.79000091552734
2025-09-10 00:00:00+00:00,97.77999877929688
2025-09-11 00:00:00+00:00,97.54000091552734
2025-09-12 00:00:00+00:00,97.55000305175781
2025-09-15 00:00:00+00:00,97.30000305175781
2025-09-16 00:00:00+00:00,96.62999725341797
2025-09-17 00:00:00+00:00,96.87000274658203
2025-09-18 00:00:00+00:00,97.3499984741211
2025-09-19 00:00:00+00:00,97.63999938964844
2025-09-22 00:00:00+00:00,97.33000183105469
2025-09-23 00:00:00+00:00,97.26000213623047
2025-09-24 00:00:00+00:00,97.87000274658203
2025-09-25 00:00:00+00:00,98.55000305175781
2025-09-26 00:00:00+00:00,98.1500015258789
2025-09-29 00:00:00+00:00,97.91000366210938
2025-09-30 00:00:00+00:00,97.7699966430664
2025-10-01 00:00:00+00:00,97.70999908447266
2025-10-02 00:00:00+00:00,97.8499984741211
2025-10-03 00:00:00+00:00,97.72000122070312
2025-10-06 00:00:00+00:00,98.11000061035156
2025-10-07 00:00:00+00:00,98.58000183105469
2025-10-08 00:00:00+00:00,98.8499984741211
2025-10-09 00:00:00+00:00,99.54000091552734
2025-10-10 00:00:00+00:00,98.9800033569336
2025-10-13 00:00:00+00:00,99.2699966430664
2025-10-14 00:00:00+00:00,99.05000305175781
2025-10-15 00:00:00+00:00,98.79000091552734
2025-10-16 00:00:00+00:00,98.38999938964844
2025-10-17 00:00:00+00:00,98.43000030517578
2025-10-20 00:00:00+00:00,98.58999633789062
2025-10-21 00:00:00+00:00,98.93000030517578
2025-10-22 00:00:00+00:00,98.9000015258789
2025-10-23 00:00:00+00:00,98.94000244140625
2025-10-24 00:00:00+00:00,98.94999694824219
2025-10-27 00:00:00+00:00,98.77999877929688
2025-10-28 00:00:00+00:00,98.69000244140625
2025-10-29 00:00:00+00:00,99.22000122070312
2025-10-30 00:00:00+00:00,99.52999877929688
2025-10-31 00:00:00+00:00,99.80000305175781
2025-11-03 00:00:00+00:00,99.87000274658203
2025-11-04 00:00:00+00:00,100.22000122070312
2025-11-05 00:00:00+00:00,100.19999694824219
2025-11-06 00:00:00+00:00,99.7300033569336
2025-11-07 00:00:00+00:00,99.5999984741211
2025-11-10 00:00:00+00:00,99.62000274658203
2025-11-11 00:00:00+00:00,99.45999908447266
2025-11-12 00:00:00+00:00,99.4800033569336
2025-11-13 00:00:00+00:00,99.18000030517578
2025-11-14 00:00:00+00:00,99.2699966430664
2025-11-17 00:00:00+00:00,99.58999633789062
2025-11-18 00:00:00+00:00,99.55000305175781
2025-11-19 00:00:00+00:00,100.2300033569336
2025-11-20 00:00:00+00:00,100.16000366210938
2025-11-21 00:00:00+00:00,100.18000030517578
2025-11-24 00:00:00+00:00,100.13999938964844
2025-11-25 00:00:00+00:00,99.66000366210938
2025-11-26 00:00:00+00:00,99.5999984741211
2025-11-28 00:00:00+00:00,99.45999908447266
2025-12-01 00:00:00+00:00,99.41000366210938
2025-12-02 00:00:00+00:00,99.36000061035156
2025-12-03 00:00:00+00:00,98.8499984741211
2025-12-04 00:00:00+00:00,98.98999786376953
2025-12-05 00:00:00+00:00,98.98999786376953
2025-12-08 00:00:00+00:00,99.08999633789062
2025-12-09 00:00:00+00:00,99.22000122070312
2025-12-10 00:00:00+00:00,98.79000091552734
2025-12-11 00:00:00+00:00,98.3499984741211
2025-12-12 00:00:00+00:00,98.4000015258789
2025-12-15 00:00:00+00:00,98.1500015258789
2025-12-16 00:00:00+00:00,98.1500015258789
2025-12-17 00:00:00+00:00,98.37000274658203
2025-12-18 00:00:00+00:00,98.43000030517578
2025-12-19 00:00:00+00:00,98.5999984741211
2025-12-22 00:00:00+00:00,98.29000091552734
2025-12-23 00:00:00+00:00,97.94000244140625
2025-12-24 00:00:00+00:00,97.9800033569336
2025-12-26 00:00:00+00:00,98.0199966430664
2025-12-29 00:00:00+00:00,98.04000091552734
2025-12-30 00:00:00+00:00,98.23999786376953
2025-12-31 00:00:00+00:00,98.27999877929688
2026-01-02 00:00:00+00:00,98.41999816894531
2026-01-05 00:00:00+00:00,98.2699966430664
2026-01-06 00:00:00+00:00,98.58000183105469
2026-01-07 00:00:00+00:00,98.68000030517578
2026-01-08 00:00:00+00:00,98.93000030517578
2026-01-09 00:00:00+00:00,99.12999725341797
2026-01-12 00:00:00+00:00,98.86000061035156
2026-01-13 00:00:00+00:00,99.12999725341797
2026-01-14 00:00:00+00:00,99.12999725341797
2026-01-15 00:00:00+00:00,99.31999969482422
2026-01-16 00:00:00+00:00,99.38999938964844
2026-01-20 00:00:00+00:00,98.63999938964844
2026-01-21 00:00:00+00:00,98.76000213623047
2026-01-22 00:00:00+00:00,98.36000061035156
2026-01-23 00:00:00+00:00,97.5999984741211
2026-01-26 00:00:00+00:00,97.04000091552734
2026-01-27 00:00:00+00:00,96.22000122070312
2026-01-28 00:00:00+00:00,96.44999694824219
2026-01-29 00:00:00+00:00,96.27999877929688
2026-01-30 00:00:00+00:00,96.98999786376953
2026-02-02 00:00:00+00:00,97.61000061035156
2026-02-03 00:00:00+00:00,97.44000244140625
2026-02-04 00:00:00+00:00,97.62000274658203
2026-02-05 00:00:00+00:00,97.81999969482422
2026-02-06 00:00:00+00:00,97.62999725341797
2026-02-09 00:00:00+00:00,96.81999969482422
2026-02-10 00:00:00+00:00,96.80000305175781
2026-02-11 00:00:00+00:00,96.83000183105469
2026-02-12 00:00:00+00:00,96.93000030517578
2026-02-13 00:00:00+00:00,96.87999725341797
2026-02-17 00:00:00+00:00,97.16000366210938
2026-02-18 00:00:00+00:00,97.69999694824219
2026-02-19 00:00:00+00:00,97.93000030517578
2026-02-20 00:00:00+00:00,97.80000305175781
2026-02-23 00:00:00+00:00,97.69999694824219
2026-02-24 00:00:00+00:00,97.87999725341797
2026-02-25 00:00:00+00:00,97.69999694824219
2026-02-26 00:00:00+00:00,97.79000091552734
2026-02-27 00:00:00+00:00,97.61000061035156
2026-03-02 00:00:00+00:00,98.37999725341797
2026-03-03 00:00:00+00:00,99.05000305175781
2026-03-04 00:00:00+00:00,98.7699966430664
2026-03-05 00:00:00+00:00,99.31999969482422
2026-03-06 00:00:00+00:00,98.98999786376953
2026-03-09 00:00:00+00:00,99.18000030517578
2026-03-10 00:00:00+00:00,98.83000183105469
2026-03-11 00:00:00+00:00,99.2300033569336
2026-03-12 00:00:00+00:00,99.73999786376953
2026-03-13 00:00:00+00:00,100.36000061035156
2026-03-16 00:00:00+00:00,99.70999908447266
2026-03-17 00:00:00+00:00,99.58000183105469
2026-03-18 00:00:00+00:00,100.08999633789062
2026-03-19 00:00:00+00:00,99.2300033569336
2026-03-20 00:00:00+00:00,99.6500015258789
2026-03-23 00:00:00+00:00,98.94999694824219
2026-03-24 00:00:00+00:00,99.43000030517578
2026-03-25 00:00:00+00:00,99.5999984741211
2026-03-26 00:00:00+00:00,99.9000015258789
2026-03-27 00:00:00+00:00,100.1500015258789
2026-03-30 00:00:00+00:00,100.51000213623047
2026-03-31 00:00:00+00:00,99.95999908447266
2026-04-01 00:00:00+00:00,99.6500015258789
2026-04-02 00:00:00+00:00,100.02999877929688
2026-04-06 00:00:00+00:00,99.9800033569336
2026-04-07 00:00:00+00:00,99.63999938964844
2026-04-08 00:00:00+00:00,99.12999725341797
2026-04-09 00:00:00+00:00,98.81999969482422
2026-04-10 00:00:00+00:00,98.6500015258789
2026-04-13 00:00:00+00:00,98.37000274658203
2026-04-14 00:00:00+00:00,98.12000274658203
2026-04-15 00:00:00+00:00,98.05999755859375
2026-04-16 00:00:00+00:00,98.22000122070312
2026-04-17 00:00:00+00:00,98.0999984741211
2026-04-20 00:00:00+00:00,98.05000305175781
2026-04-21 00:00:00+00:00,98.41000366210938
2026-04-22 00:00:00+00:00,98.58999633789062
2026-04-23 00:00:00+00:00,98.80000305175781
2026-04-24 00:00:00+00:00,98.51000213623047
2026-04-27 00:00:00+00:00,98.4800033569336
2026-04-28 00:00:00+00:00,98.62000274658203
2026-04-29 00:00:00+00:00,98.91999816894531
2026-04-30 00:00:00+00:00,98.08000183105469
2026-05-01 00:00:00+00:00,98.20999908447266
2026-05-04 00:00:00+00:00,98.47000122070312
2026-05-05 00:00:00+00:00,98.4800033569336
2026-05-06 00:00:00+00:00,98.0199966430664
2026-05-07 00:00:00+00:00,98.25
2026-05-08 00:00:00+00:00,97.83999633789062
2026-05-11 00:00:00+00:00,97.94000244140625
2026-05-12 00:00:00+00:00,98.29000091552734
2026-05-13 00:00:00+00:00,98.4800033569336
2026-05-14 00:00:00+00:00,98.87999725341797
2026-05-15 00:00:00+00:00,99.2699966430664
2026-05-18 00:00:00+00:00,98.97000122070312
2026-05-19 00:00:00+00:00,99.30000305175781
2026-05-20 00:00:00+00:00,99.11000061035156
2026-05-21 00:00:00+00:00,99.19000244140625
2026-05-22 00:00:00+00:00,99.31999969482422
2026-05-26 00:00:00+00:00,99.16999816894531
2026-05-27 00:00:00+00:00,99.20999908447266
2026-05-28 00:00:00+00:00,99.0199966430664
2026-05-29 00:00:00+00:00,98.91000366210938
2026-06-01 00:00:00+00:00,99.19999694824219
2026-06-02 00:00:00+00:00,99.22000122070312
2026-06-03 00:00:00+00:00,99.52999877929688
2026-06-04 00:00:00+00:00,99.41000366210938
2026-06-05 00:00:00+00:00,100.06999969482422
2026-06-08 00:00:00+00:00,100.05000305175781
2026-06-09 00:00:00+00:00,99.91000366210938
2026-06-10 00:00:00+00:00,99.94999694824219
2026-06-11 00:00:00+00:00,99.86000061035156
2026-06-12 00:00:00+00:00,99.75
2026-06-15 00:00:00+00:00,99.62999725341797
2026-06-16 00:00:00+00:00,99.54000091552734
2026-06-17 00:00:00+00:00,100.08999633789062
2026-06-18 00:00:00+00:00,100.8499984741211
2026-06-22 00:00:00+00:00,101.0199966430664
2026-06-23 00:00:00+00:00,101.41000366210938
2026-06-24 00:00:00+00:00,101.61000061035156
2026-06-25 00:00:00+00:00,101.43000030517578
2026-06-26 00:00:00+00:00,101.36000061035156
2026-06-29 00:00:00+00:00,101.11000061035156
2026-06-30 00:00:00+00:00,101.19000244140625
2026-07-01 00:00:00+00:00,101.38999938964844
2026-07-02 00:00:00+00:00,100.86000061035156
2026-07-06 00:00:00+00:00,100.8499984741211
2026-07-07 00:00:00+00:00,101.13999938964844
2026-07-08 00:00:00+00:00,101.05000305175781
2026-07-09 00:00:00+00:00,100.94000244140625
2026-07-10 00:00:00+00:00,100.97000122070312
2026-07-13 00:00:00+00:00,101.27999877929688
2026-07-14 00:00:00+00:00,100.94000244140625
2026-07-15 00:00:00+00:00,100.5
2026-07-16 00:00:00+00:00,100.7300033569336
2026-07-17 00:00:00+00:00,100.75
2026-07-20 00:00:00+00:00,100.98999786376953
2026-07-21 00:00:00+00:00,101.18000030517578
2026-07-22 00:00:00+00:00,101.13999938964844
2026-07-23 00:00:00+00:00,101.43000030517578
2026-07-24 00:00:00+00:00,101.47000122070312
2026-07-27 00:00:00+00:00,101.51000213623047
2026-07-28 00:00:00+00:00,101.37999725341797
2026-07-29 00:00:00+00:00,100.80000305175781
2026-07-30 00:00:00+00:00,100.01000213623047
2026-07-31 00:00:00+00:00,99.80000305175781
2026-08-03 00:00:00+00:00,99.95999908447266
2026-08-04 00:00:00+00:00,99.88999938964844
2026-08-05 00:00:00+00:00,99.69000244140625
2026-08-06 00:00:00+00:00,99.97000122070312
2026-08-07 00:00:00+00:00,99.5999984741211
2026-08-10 00:00:00+00:00,99.80999755859375
2026-08-11 00:00:00+00:00,99.81999969482422
2026-08-12 00:00:00+00:00,100.01000213623047
2026-08-13 00:00:00+00:00,99.95999908447266
2026-08-14 00:00:00+00:00,99.66999816894531
2026-08-17 00:00:00+00:00,99.63999938964844
2026-08-18 00:00:00+00:00,99.6500015258789
2026-08-19 00:00:00+00:00,98.83000183105469
2026-08-20 00:00:00+00:00,98.9000015258789
2026-08-21 00:00:00+00:00,98.80000305175781
2026-08-24 00:00:00+00:00,99.0
2026-08-25 00:00:00+00:00,98.91999816894531
2026-08-26 00:00:00+00:00,99.16999816894531
2026-08-27 00:00:00+00:00,99.16000366210938
2026-08-28 00:00:00+00:00,99.69999694824219
2026-08-31 00:00:00+00:00,99.43000030517578
2026-09-01 00:00:00+00:00,99.66999816894531
2026-09-02 00:00:00+00:00,99.55999755859375
2026-09-03 00:00:00+00:00,99.0
2026-09-04 00:00:00+00:00,99.16000366210938
2026-09-08 00:00:00+00:00,98.83999633789062
2026-09-09 00:00:00+00:00,98.7699966430664
2026-09-10 00:00:00+00:00,99.08999633789062
2026-09-11 00:00:00+00:00,99.12000274658203
2026-09-14 00:00:00+00:00,99.45999908447266
2026-09-15 00:00:00+00:00,99.6500015258789
2026-09-16 00:00:00+00:00,100.30999755859375
2026-09-17 00:00:00+00:00,100.22000122070312
2026-09-18 00:00:00+00:00,100.22000122070312
2026-09-21 00:00:00+00:00,100.43000030517578
2026-09-22 00:00:00+00:00,100.5999984741211
2026-09-23 00:00:00+00:00,101.0999984741211
2026-09-24 00:00:00+00:00,101.29000091552734
2026-09-25 00:00:00+00:00,100.97000122070312
2026-09-28 00:00:00+00:00,101.20700073242188
