timestamp,open,high,low,close
2024-09-30 07:00:00+00:00,17.010000228881836,17.100000381469727,16.940000534057617,17.040000915527344
2024-09-30 08:00:00+00:00,17.049999237060547,17.270000457763672,16.940000534057617,17.190000534057617
2024-09-30 09:00:00+00:00,17.139999389648438,17.34000015258789,17.1299991607666,17.1299991607666
2024-09-30 10:00:00+00:00,17.15999984741211,17.219999313354492,17.059999465942383,17.059999465942383
2024-09-30 11:00:00+00:00,17.1299991607666,17.350000381469727,17.059999465942383,17.34000015258789
2024-09-30 12:00:00+00:00,17.18000030517578,17.3700008392334,17.139999389648438,17.229999542236328
2024-09-30 13:00:00+00:00,17.25,17.34000015258789,16.969999313354492,17.110000610351562
2024-09-30 14:00:00+00:00,17.190000534057617,17.459999084472656,16.93000030517578,16.950000762939453
2024-09-30 15:00:00+00:00,17.329999923706055,17.329999923706055,16.68000030517578,16.719999313354492
2024-09-30 16:00:00+00:00,16.809999465942383,17.040000915527344,16.520000457763672,16.979999542236328
2024-09-30 17:00:00+00:00,16.75,17.190000534057617,16.709999084472656,16.709999084472656
2024-09-30 18:00:00+00:00,17.100000381469727,17.790000915527344,16.709999084472656,17.06999969482422
2024-09-30 19:00:00+00:00,17.329999923706055,17.440000534057617,16.479999542236328,16.59000015258789
2024-09-30 20:00:00+00:00,16.469999313354492,16.729999542236328,16.469999313354492,16.719999313354492
2024-10-01 07:00:00+00:00,16.959999084472656,17.010000228881836,16.729999542236328,16.739999771118164
2024-10-01 08:00:00+00:00,16.809999465942383,16.8700008392334,16.719999313354492,16.809999465942383
2024-10-01 09:00:00+00:00,16.809999465942383,16.920000076293945,16.719999313354492,16.829999923706055
2024-10-01 10:00:00+00:00,16.8700008392334,16.8799991607666,16.649999618530273,16.65999984741211
2024-10-01 11:00:00+00:00,16.719999313354492,16.8799991607666,16.610000610351562,16.829999923706055
2024-10-01 12:00:00+00:00,16.760000228881836,16.920000076293945,16.75,16.81999969482422
2024-10-01 13:00:00+00:00,16.8700008392334,19.719999313354492,16.790000915527344,19.059999465942383
2024-10-01 14:00:00+00:00,16.93000030517578,20.68000030517578,16.93000030517578,19.440000534057617
2024-10-01 15:00:00+00:00,19.809999465942383,20.309999465942383,18.81999969482422,19.049999237060547
2024-10-01 16:00:00+00:00,19.239999771118164,20.309999465942383,18.459999084472656,19.56999969482422
2024-10-01 17:00:00+00:00,18.959999084472656,20.489999771118164,18.860000610351562,18.860000610351562
2024-10-01 18:00:00+00:00,20.270000457763672,20.31999969482422,18.190000534057617,18.469999313354492
2024-10-01 19:00:00+00:00,18.40999984741211,19.3799991607666,18.190000534057617,19.309999465942383
2024-10-01 20:00:00+00:00,19.309999465942383,19.360000610351562,19.149999618530273,19.260000228881836
2024-10-02 07:00:00+00:00,19.649999618530273,19.760000228881836,19.190000534057617,19.260000228881836
2024-10-02 08:00:00+00:00,19.540000915527344,19.540000915527344,19.190000534057617,19.43000030517578
2024-10-02 09:00:00+00:00,19.360000610351562,19.790000915527344,19.280000686645508,19.68000030517578
2024-10-02 10:00:00+00:00,19.559999465942383,19.860000610351562,19.09000015258789,19.350000381469727
2024-10-02 11:00:00+00:00,19.459999084472656,19.639999389648438,19.09000015258789,19.639999389648438
2024-10-02 12:00:00+00:00,19.389999389648438,19.729999542236328,19.1299991607666,19.309999465942383
2024-10-02 13:00:00+00:00,19.65999984741211,20.360000610351562,19.1299991607666,19.56999969482422
2024-10-02 14:00:00+00:00,19.760000228881836,20.360000610351562,18.639999389648438,19.0
2024-10-02 15:00:00+00:00,19.139999389648438,19.209999084472656,18.579999923706055,18.809999465942383
2024-10-02 16:00:00+00:00,18.790000915527344,19.139999389648438,18.68000030517578,19.139999389648438
2024-10-02 17:00:00+00:00,18.739999771118164,19.290000915527344,18.739999771118164,18.799999237060547
2024-10-02 18:00:00+00:00,18.979999542236328,19.31999969482422,18.700000762939453,18.920000076293945
2024-10-02 19:00:00+00:00,19.100000381469727,19.149999618530273,18.739999771118164,19.0
2024-10-02 20:00:00+00:00,19.010000228881836,19.049999237060547,18.8799991607666,18.899999618530273
2024-10-03 07:00:00+00:00,19.6299991607666,20.31999969482422,19.610000610351562,20.190000534057617
2024-10-03 08:00:00+00:00,19.950000762939453,20.31999969482422,19.889999389648438,20.020000457763672
2024-10-03 09:00:00+00:00,20.09000015258789,20.1200008392334,19.8799991607666,19.93000030517578
2024-10-03 10:00:00+00:00,19.950000762939453,20.059999465942383,19.829999923706055,19.829999923706055
2024-10-03 11:00:00+00:00,19.950000762939453,20.010000228881836,19.530000686645508,19.540000915527344
2024-10-03 12:00:00+00:00,19.670000076293945,19.920000076293945,19.40999984741211,19.899999618530273
2024-10-03 13:00:00+00:00,19.610000610351562,20.15999984741211,19.40999984741211,19.770000457763672
2024-10-03 14:00:00+00:00,19.920000076293945,20.540000915527344,19.15999984741211,20.18000030517578
2024-10-03 15:00:00+00:00,20.229999542236328,20.600000381469727,19.649999618530273,19.799999237060547
2024-10-03 16:00:00+00:00,20.09000015258789,20.739999771118164,19.530000686645508,20.440000534057617
2024-10-03 17:00:00+00:00,19.6299991607666,20.739999771118164,19.6299991607666,20.299999237060547
2024-10-03 18:00:00+00:00,20.440000534057617,20.559999465942383,20.15999984741211,20.459999084472656
2024-10-03 19:00:00+00:00,20.329999923706055,20.75,20.209999084472656,20.459999084472656
2024-10-03 20:00:00+00:00,20.56999969482422,20.56999969482422,20.31999969482422,20.479999542236328
2024-10-04 07:00:00+00:00,20.479999542236328,20.479999542236328,20.200000762939453,20.229999542236328
2024-10-04 08:00:00+00:00,20.389999389648438,20.420000076293945,20.139999389648438,20.3700008392334
2024-10-04 09:00:00+00:00,20.25,20.389999389648438,20.18000030517578,20.18000030517578
2024-10-04 10:00:00+00:00,20.309999465942383,20.31999969482422,19.959999084472656,20.1299991607666
2024-10-04 11:00:00+00:00,20.049999237060547,20.15999984741211,19.899999618530273,20.010000228881836
2024-10-04 12:00:00+00:00,19.940000534057617,20.06999969482422,18.790000915527344,18.8700008392334
2024-10-04 13:00:00+00:00,19.84000015258789,19.84000015258789,18.780000686645508,19.690000534057617
2024-10-04 14:00:00+00:00,19.239999771118164,20.059999465942383,19.1299991607666,19.469999313354492
2024-10-04 15:00:00+00:00,19.920000076293945,20.059999465942383,19.079999923706055,19.079999923706055
2024-10-04 16:00:00+00:00,19.81999969482422,19.940000534057617,18.899999618530273,19.1200008392334
2024-10-04 17:00:00+00:00,19.25,19.739999771118164,18.899999618530273,19.739999771118164
2024-10-04 18:00:00+00:00,19.290000915527344,19.850000381469727,18.90999984741211,18.90999984741211
2024-10-04 19:00:00+00:00,19.270000457763672,19.299999237060547,18.479999542236328,18.6299991607666
2024-10-04 20:00:00+00:00,18.639999389648438,19.260000228881836,18.639999389648438,19.190000534057617
2024-10-07 07:00:00+00:00,20.760000228881836,21.15999984741211,20.760000228881836,21.1200008392334
2024-10-07 08:00:00+00:00,21.020000457763672,21.15999984741211,20.950000762939453,21.15999984741211
2024-10-07 09:00:00+00:00,21.030000686645508,21.450000762939453,20.950000762939453,21.299999237060547
2024-10-07 10:00:00+00:00,21.420000076293945,21.420000076293945,21.139999389648438,21.170000076293945
2024-10-07 11:00:00+00:00,21.229999542236328,21.309999465942383,21.049999237060547,21.06999969482422
2024-10-07 12:00:00+00:00,21.18000030517578,21.229999542236328,20.90999984741211,20.989999771118164
2024-10-07 13:00:00+00:00,20.989999771118164,21.200000762939453,20.90999984741211,21.1299991607666
2024-10-07 14:00:00+00:00,20.90999984741211,21.200000762939453,20.649999618530273,20.690000534057617
2024-10-07 15:00:00+00:00,20.809999465942383,20.940000534057617,20.649999618530273,20.850000381469727
2024-10-07 16:00:00+00:00,20.729999542236328,21.280000686645508,20.729999542236328,21.15999984741211
2024-10-07 17:00:00+00:00,20.940000534057617,21.469999313354492,20.940000534057617,21.329999923706055
2024-10-07 18:00:00+00:00,21.209999084472656,23.030000686645508,21.209999084472656,22.93000030517578
2024-10-07 19:00:00+00:00,21.729999542236328,23.030000686645508,21.729999542236328,22.799999237060547
2024-10-07 20:00:00+00:00,22.709999084472656,22.709999084472656,22.600000381469727,22.639999389648438
2024-10-08 07:00:00+00:00,22.920000076293945,23.139999389648438,22.65999984741211,22.780000686645508
2024-10-08 08:00:00+00:00,22.959999084472656,22.989999771118164,22.479999542236328,22.530000686645508
2024-10-08 09:00:00+00:00,22.729999542236328,22.760000228881836,22.1299991607666,22.190000534057617
2024-10-08 10:00:00+00:00,22.15999984741211,22.239999771118164,22.0,22.0
2024-10-08 11:00:00+00:00,22.1299991607666,22.239999771118164,21.93000030517578,21.940000534057617
2024-10-08 12:00:00+00:00,22.030000686645508,22.049999237060547,21.899999618530273,22.010000228881836
2024-10-08 13:00:00+00:00,22.030000686645508,22.1200008392334,21.690000534057617,21.690000534057617
2024-10-08 14:00:00+00:00,21.850000381469727,22.1200008392334,21.139999389648438,21.3700008392334
2024-10-08 15:00:00+00:00,21.540000915527344,21.559999465942383,21.139999389648438,21.299999237060547
2024-10-08 16:00:00+00:00,21.329999923706055,21.510000228881836,21.280000686645508,21.43000030517578
2024-10-08 17:00:00+00:00,21.3700008392334,21.860000610351562,21.290000915527344,21.440000534057617
2024-10-08 18:00:00+00:00,21.670000076293945,21.68000030517578,21.31999969482422,21.34000015258789
2024-10-08 19:00:00+00:00,21.40999984741211,21.469999313354492,21.139999389648438,21.420000076293945
2024-10-08 20:00:00+00:00,21.43000030517578,21.489999771118164,21.3799991607666,21.420000076293945
2024-10-09 07:00:00+00:00,21.979999542236328,22.010000228881836,21.8799991607666,21.8799991607666
2024-10-09 08:00:00+00:00,21.950000762939453,21.979999542236328,21.799999237060547,21.809999465942383
2024-10-09 09:00:00+00:00,21.959999084472656,21.969999313354492,21.56999969482422,21.59000015258789
2024-10-09 10:00:00+00:00,21.68000030517578,21.690000534057617,21.440000534057617,21.479999542236328
2024-10-09 11:00:00+00:00,21.5,21.540000915527344,21.440000534057617,21.5
2024-10-09 12:00:00+00:00,21.510000228881836,21.540000915527344,21.389999389648438,21.469999313354492
2024-10-09 13:00:00+00:00,21.420000076293945,21.670000076293945,21.06999969482422,21.079999923706055
2024-10-09 14:00:00+00:00,21.670000076293945,21.670000076293945,20.8799991607666,20.8799991607666
2024-10-09 15:00:00+00:00,21.079999923706055,21.09000015258789,20.809999465942383,20.8700008392334
2024-10-09 16:00:00+00:00,20.90999984741211,20.950000762939453,20.780000686645508,20.889999389648438
2024-10-09 17:00:00+00:00,20.860000610351562,21.139999389648438,20.770000457763672,20.989999771118164
2024-10-09 18:00:00+00:00,20.920000076293945,21.139999389648438,20.739999771118164,20.81999969482422
2024-10-09 19:00:00+00:00,20.799999237060547,20.90999984741211,20.709999084472656,20.84000015258789
2024-10-09 20:00:00+00:00,20.8700008392334,20.889999389648438,20.829999923706055,20.860000610351562
2024-10-10 07:00:00+00:00,20.90999984741211,21.020000457763672,20.90999984741211,20.969999313354492
2024-10-10 08:00:00+00:00,21.0,21.020000457763672,20.899999618530273,21.0
2024-10-10 09:00:00+00:00,20.90999984741211,21.020000457763672,20.899999618530273,20.950000762939453
2024-10-10 10:00:00+00:00,20.969999313354492,21.06999969482422,20.93000030517578,21.049999237060547
2024-10-10 11:00:00+00:00,21.010000228881836,21.079999923706055,20.950000762939453,20.950000762939453
2024-10-10 12:00:00+00:00,21.020000457763672,21.200000762939453,20.639999389648438,21.170000076293945
2024-10-10 13:00:00+00:00,20.84000015258789,21.389999389648438,20.639999389648438,21.1200008392334
2024-10-10 14:00:00+00:00,21.079999923706055,21.389999389648438,20.780000686645508,21.09000015258789
2024-10-10 15:00:00+00:00,20.889999389648438,21.170000076293945,20.809999465942383,20.93000030517578
2024-10-10 16:00:00+00:00,20.850000381469727,21.190000534057617,20.850000381469727,21.139999389648438
2024-10-10 17:00:00+00:00,20.969999313354492,21.360000610351562,20.940000534057617,21.030000686645508
2024-10-10 18:00:00+00:00,21.1200008392334,21.360000610351562,21.030000686645508,21.1299991607666
2024-10-10 19:00:00+00:00,21.149999618530273,21.270000457763672,20.770000457763672,20.829999923706055
2024-10-10 20:00:00+00:00,20.84000015258789,20.940000534057617,20.84000015258789,20.93000030517578
2024-10-11 07:00:00+00:00,20.8700008392334,21.15999984741211,20.8700008392334,20.989999771118164
2024-10-11 08:00:00+00:00,21.059999465942383,21.15999984741211,20.969999313354492,21.149999618530273
2024-10-11 09:00:00+00:00,21.020000457763672,21.15999984741211,21.010000228881836,21.100000381469727
2024-10-11 10:00:00+00:00,21.100000381469727,21.1299991607666,20.889999389648438,20.889999389648438
2024-10-11 11:00:00+00:00,20.989999771118164,21.049999237060547,20.799999237060547,20.809999465942383
2024-10-11 12:00:00+00:00,20.940000534057617,20.959999084472656,20.639999389648438,20.8799991607666
2024-10-11 13:00:00+00:00,20.81999969482422,20.950000762939453,20.549999237060547,20.600000381469727
2024-10-11 14:00:00+00:00,20.84000015258789,20.84000015258789,20.34000015258789,20.610000610351562
2024-10-11 15:00:00+00:00,20.68000030517578,20.809999465942383,20.34000015258789,20.350000381469727
2024-10-11 16:00:00+00:00,20.479999542236328,20.65999984741211,20.34000015258789,20.479999542236328
2024-10-11 17:00:00+00:00,20.600000381469727,20.639999389648438,20.350000381469727,20.360000610351562
2024-10-11 18:00:00+00:00,20.420000076293945,20.450000762939453,20.170000076293945,20.190000534057617
2024-10-11 19:00:00+00:00,20.219999313354492,20.520000457763672,20.139999389648438,20.520000457763672
2024-10-11 20:00:00+00:00,20.5,20.559999465942383,20.469999313354492,20.469999313354492
2024-10-14 07:00:00+00:00,20.860000610351562,20.860000610351562,20.639999389648438,20.639999389648438
2024-10-14 08:00:00+00:00,20.799999237060547,20.799999237060547,20.610000610351562,20.649999618530273
2024-10-14 09:00:00+00:00,20.6299991607666,20.65999984741211,20.520000457763672,20.549999237060547
2024-10-14 10:00:00+00:00,20.59000015258789,20.600000381469727,20.420000076293945,20.520000457763672
2024-10-14 11:00:00+00:00,20.469999313354492,20.549999237060547,20.450000762939453,20.479999542236328
2024-10-14 12:00:00+00:00,20.520000457763672,20.56999969482422,20.420000076293945,20.440000534057617
2024-10-14 13:00:00+00:00,20.549999237060547,20.56999969482422,20.31999969482422,20.3700008392334
2024-10-14 14:00:00+00:00,20.540000915527344,20.540000915527344,19.979999542236328,20.06999969482422
2024-10-14 15:00:00+00:00,20.1200008392334,20.139999389648438,19.850000381469727,19.850000381469727
2024-10-14 16:00:00+00:00,20.06999969482422,20.09000015258789,19.790000915527344,19.799999237060547
2024-10-14 17:00:00+00:00,19.84000015258789,19.850000381469727,19.739999771118164,19.81999969482422
2024-10-14 18:00:00+00:00,19.829999923706055,19.940000534057617,19.790000915527344,19.93000030517578
2024-10-14 19:00:00+00:00,19.860000610351562,19.950000762939453,19.760000228881836,19.780000686645508
2024-10-14 20:00:00+00:00,19.739999771118164,19.770000457763672,19.690000534057617,19.690000534057617
2024-10-15 07:00:00+00:00,19.610000610351562,19.649999618530273,19.600000381469727,19.649999618530273
2024-10-15 08:00:00+00:00,19.649999618530273,19.760000228881836,19.600000381469727,19.719999313354492
2024-10-15 09:00:00+00:00,19.75,19.780000686645508,19.639999389648438,19.780000686645508
2024-10-15 10:00:00+00:00,19.760000228881836,19.809999465942383,19.670000076293945,19.709999084472656
2024-10-15 11:00:00+00:00,19.760000228881836,19.760000228881836,19.670000076293945,19.729999542236328
2024-10-15 12:00:00+00:00,19.739999771118164,19.760000228881836,19.6299991607666,19.639999389648438
2024-10-15 13:00:00+00:00,19.639999389648438,19.729999542236328,19.440000534057617,19.520000457763672
2024-10-15 14:00:00+00:00,19.610000610351562,20.190000534057617,19.440000534057617,19.979999542236328
2024-10-15 15:00:00+00:00,19.790000915527344,20.190000534057617,19.770000457763672,20.149999618530273
2024-10-15 16:00:00+00:00,20.0,20.190000534057617,19.899999618530273,20.100000381469727
2024-10-15 17:00:00+00:00,20.0,20.290000915527344,19.93000030517578,20.229999542236328
2024-10-15 18:00:00+00:00,20.25,20.600000381469727,20.09000015258789,20.540000915527344
2024-10-15 19:00:00+00:00,20.329999923706055,20.889999389648438,20.299999237060547,20.520000457763672
2024-10-15 20:00:00+00:00,20.610000610351562,20.649999618530273,20.440000534057617,20.639999389648438
2024-10-16 07:00:00+00:00,20.770000457763672,20.8799991607666,20.649999618530273,20.649999618530273
2024-10-16 08:00:00+00:00,20.75,20.81999969482422,20.639999389648438,20.809999465942383
2024-10-16 09:00:00+00:00,20.75,20.81999969482422,20.719999313354492,20.770000457763672
2024-10-16 10:00:00+00:00,20.790000915527344,20.850000381469727,20.729999542236328,20.790000915527344
2024-10-16 11:00:00+00:00,20.799999237060547,20.81999969482422,20.700000762939453,20.719999313354492
2024-10-16 12:00:00+00:00,20.719999313354492,20.809999465942383,20.670000076293945,20.799999237060547
2024-10-16 13:00:00+00:00,20.68000030517578,21.010000228881836,20.68000030517578,20.84000015258789
2024-10-16 14:00:00+00:00,20.81999969482422,21.010000228881836,20.290000915527344,20.350000381469727
2024-10-16 15:00:00+00:00,20.350000381469727,20.559999465942383,20.149999618530273,20.239999771118164
2024-10-16 16:00:00+00:00,20.200000762939453,20.270000457763672,20.0,20.0
2024-10-16 17:00:00+00:00,20.110000610351562,20.149999618530273,19.940000534057617,19.959999084472656
2024-10-16 18:00:00+00:00,20.079999923706055,20.079999923706055,19.610000610351562,19.649999618530273
2024-10-16 19:00:00+00:00,19.790000915527344,19.799999237060547,19.549999237060547,19.559999465942383
2024-10-16 20:00:00+00:00,19.450000762939453,19.579999923706055,19.450000762939453,19.579999923706055
2024-10-17 07:00:00+00:00,19.549999237060547,19.559999465942383,19.399999618530273,19.43000030517578
2024-10-17 08:00:00+00:00,19.520000457763672,19.520000457763672,19.280000686645508,19.290000915527344
2024-10-17 09:00:00+00:00,19.329999923706055,19.399999618530273,19.270000457763672,19.350000381469727
2024-10-17 10:00:00+00:00,19.360000610351562,19.399999618530273,19.299999237060547,19.309999465942383
2024-10-17 11:00:00+00:00,19.34000015258789,19.3799991607666,19.290000915527344,19.3700008392334
2024-10-17 12:00:00+00:00,19.34000015258789,19.389999389648438,18.8799991607666,19.280000686645508
2024-10-17 13:00:00+00:00,18.8799991607666,19.6200008392334,18.8799991607666,19.459999084472656
2024-10-17 14:00:00+00:00,19.270000457763672,19.649999618530273,19.239999771118164,19.469999313354492
2024-10-17 15:00:00+00:00,19.3700008392334,19.579999923706055,19.030000686645508,19.040000915527344
2024-10-17 16:00:00+00:00,19.170000076293945,19.18000030517578,18.940000534057617,19.020000457763672
2024-10-17 17:00:00+00:00,19.059999465942383,19.149999618530273,18.90999984741211,18.959999084472656
2024-10-17 18:00:00+00:00,19.06999969482422,19.34000015258789,18.950000762939453,19.030000686645508
2024-10-17 19:00:00+00:00,19.190000534057617,19.229999542236328,18.899999618530273,19.0
2024-10-17 20:00:00+00:00,19.079999923706055,19.100000381469727,18.969999313354492,19.100000381469727
2024-10-18 07:00:00+00:00,19.299999237060547,19.31999969482422,19.170000076293945,19.170000076293945
2024-10-18 08:00:00+00:00,19.280000686645508,19.31999969482422,19.1200008392334,19.15999984741211
2024-10-18 09:00:00+00:00,19.149999618530273,19.209999084472656,19.110000610351562,19.200000762939453
2024-10-18 10:00:00+00:00,19.139999389648438,19.239999771118164,19.1200008392334,19.18000030517578
2024-10-18 11:00:00+00:00,19.18000030517578,19.200000762939453,19.09000015258789,19.110000610351562
2024-10-18 12:00:00+00:00,19.110000610351562,19.149999618530273,19.040000915527344,19.06999969482422
2024-10-18 13:00:00+00:00,19.09000015258789,19.280000686645508,18.84000015258789,18.850000381469727
2024-10-18 14:00:00+00:00,19.149999618530273,19.280000686645508,18.350000381469727,18.389999389648438
2024-10-18 15:00:00+00:00,18.510000228881836,18.510000228881836,18.149999618530273,18.209999084472656
2024-10-18 16:00:00+00:00,18.18000030517578,18.270000457763672,18.06999969482422,18.149999618530273
2024-10-18 17:00:00+00:00,18.209999084472656,18.209999084472656,17.989999771118164,18.149999618530273
2024-10-18 18:00:00+00:00,18.100000381469727,18.219999313354492,18.059999465942383,18.110000610351562
2024-10-18 19:00:00+00:00,18.079999923706055,18.309999465942383,18.06999969482422,18.1299991607666
2024-10-18 20:00:00+00:00,18.079999923706055,18.1200008392334,18.0,18.030000686645508
2024-10-21 07:00:00+00:00,18.780000686645508,18.81999969482422,18.719999313354492,18.770000457763672
2024-10-21 08:00:00+00:00,18.809999465942383,18.81999969482422,18.719999313354492,18.770000457763672
2024-10-21 09:00:00+00:00,18.799999237060547,18.950000762939453,18.760000228881836,18.860000610351562
2024-10-21 10:00:00+00:00,18.860000610351562,19.06999969482422,18.799999237060547,19.06999969482422
2024-10-21 11:00:00+00:00,18.8799991607666,19.190000534057617,18.860000610351562,19.139999389648438
2024-10-21 12:00:00+00:00,19.18000030517578,19.190000534057617,19.030000686645508,19.049999237060547
2024-10-21 13:00:00+00:00,19.079999923706055,19.079999923706055,18.850000381469727,18.889999389648438
2024-10-21 14:00:00+00:00,18.90999984741211,18.979999542236328,18.610000610351562,18.90999984741211
2024-10-21 15:00:00+00:00,18.700000762939453,19.34000015258789,18.700000762939453,19.020000457763672
2024-10-21 16:00:00+00:00,19.290000915527344,19.34000015258789,18.690000534057617,18.690000534057617
2024-10-21 17:00:00+00:00,18.950000762939453,19.0,18.549999237060547,18.559999465942383
2024-10-21 18:00:00+00:00,18.600000381469727,18.68000030517578,18.549999237060547,18.670000076293945
2024-10-21 19:00:00+00:00,18.6299991607666,18.700000762939453,18.440000534057617,18.440000534057617
2024-10-21 20:00:00+00:00,18.420000076293945,18.459999084472656,18.360000610351562,18.3700008392334
2024-10-22 07:00:00+00:00,18.790000915527344,18.899999618530273,18.760000228881836,18.889999389648438
2024-10-22 08:00:00+00:00,18.790000915527344,19.040000915527344,18.760000228881836,19.040000915527344
2024-10-22 09:00:00+00:00,18.8799991607666,19.3799991607666,18.8700008392334,19.350000381469727
2024-10-22 10:00:00+00:00,19.260000228881836,19.399999618530273,19.149999618530273,19.3700008392334
2024-10-22 11:00:00+00:00,19.309999465942383,19.399999618530273,19.219999313354492,19.270000457763672
2024-10-22 12:00:00+00:00,19.229999542236328,19.43000030517578,19.1299991607666,19.309999465942383
2024-10-22 13:00:00+00:00,19.209999084472656,19.440000534057617,19.149999618530273,19.219999313354492
2024-10-22 14:00:00+00:00,19.280000686645508,19.3799991607666,18.8700008392334,18.8700008392334
2024-10-22 15:00:00+00:00,19.079999923706055,19.110000610351562,18.690000534057617,18.739999771118164
2024-10-22 16:00:00+00:00,18.75,18.8700008392334,18.68000030517578,18.700000762939453
2024-10-22 17:00:00+00:00,18.850000381469727,18.860000610351562,18.3799991607666,18.389999389648438
2024-10-22 18:00:00+00:00,18.65999984741211,18.65999984741211,18.31999969482422,18.59000015258789
2024-10-22 19:00:00+00:00,18.489999771118164,18.59000015258789,18.049999237060547,18.149999618530273
2024-10-22 20:00:00+00:00,18.15999984741211,18.260000228881836,18.15999984741211,18.200000762939453
2024-10-23 07:00:00+00:00,18.209999084472656,18.280000686645508,18.18000030517578,18.270000457763672
2024-10-23 08:00:00+00:00,18.209999084472656,18.489999771118164,18.209999084472656,18.489999771118164
2024-10-23 09:00:00+00:00,18.290000915527344,18.530000686645508,18.290000915527344,18.5
2024-10-23 10:00:00+00:00,18.440000534057617,18.639999389648438,18.440000534057617,18.600000381469727
2024-10-23 11:00:00+00:00,18.579999923706055,18.639999389648438,18.510000228881836,18.530000686645508
2024-10-23 12:00:00+00:00,18.579999923706055,18.719999313354492,18.479999542236328,18.700000762939453
2024-10-23 13:00:00+00:00,18.559999465942383,18.75,18.5,18.530000686645508
2024-10-23 14:00:00+00:00,18.600000381469727,18.860000610351562,18.420000076293945,18.75
2024-10-23 15:00:00+00:00,18.549999237060547,19.18000030517578,18.420000076293945,18.760000228881836
2024-10-23 16:00:00+00:00,19.1200008392334,19.3700008392334,18.739999771118164,19.270000457763672
2024-10-23 17:00:00+00:00,19.260000228881836,19.860000610351562,19.020000457763672,19.850000381469727
2024-10-23 18:00:00+00:00,19.549999237060547,20.469999313354492,19.510000228881836,19.510000228881836
2024-10-23 19:00:00+00:00,20.06999969482422,20.079999923706055,19.309999465942383,19.3700008392334
2024-10-23 20:00:00+00:00,19.3700008392334,19.43000030517578,19.209999084472656,19.239999771118164
2024-10-24 07:00:00+00:00,18.8700008392334,18.8700008392334,18.719999313354492,18.729999542236328
2024-10-24 08:00:00+00:00,18.760000228881836,18.829999923706055,18.6299991607666,18.760000228881836
2024-10-24 09:00:00+00:00,18.709999084472656,18.829999923706055,18.639999389648438,18.770000457763672
2024-10-24 10:00:00+00:00,18.75,18.799999237060547,18.700000762939453,18.780000686645508
2024-10-24 11:00:00+00:00,18.719999313354492,18.799999237060547,18.6299991607666,18.670000076293945
2024-10-24 12:00:00+00:00,18.739999771118164,18.760000228881836,18.6299991607666,18.75
2024-10-24 13:00:00+00:00,18.739999771118164,19.200000762939453,18.6299991607666,19.06999969482422
2024-10-24 14:00:00+00:00,19.020000457763672,19.3799991607666,18.920000076293945,19.31999969482422
2024-10-24 15:00:00+00:00,19.209999084472656,19.950000762939453,19.040000915527344,19.6299991607666
2024-10-24 16:00:00+00:00,19.360000610351562,20.239999771118164,19.350000381469727,19.43000030517578
2024-10-24 17:00:00+00:00,19.760000228881836,19.760000228881836,19.110000610351562,19.479999542236328
2024-10-24 18:00:00+00:00,19.200000762939453,19.56999969482422,19.110000610351562,19.280000686645508
2024-10-24 19:00:00+00:00,19.280000686645508,19.450000762939453,18.940000534057617,19.239999771118164
2024-10-24 20:00:00+00:00,19.190000534057617,19.200000762939453,19.040000915527344,19.06999969482422
2024-10-25 07:00:00+00:00,19.260000228881836,19.260000228881836,18.959999084472656,18.959999084472656
2024-10-25 08:00:00+00:00,19.18000030517578,19.190000534057617,18.959999084472656,19.059999465942383
2024-10-25 09:00:00+00:00,19.09000015258789,19.1200008392334,18.90999984741211,18.90999984741211
2024-10-25 10:00:00+00:00,18.93000030517578,18.969999313354492,18.8700008392334,18.959999084472656
2024-10-25 11:00:00+00:00,18.889999389648438,19.030000686645508,18.799999237060547,18.8799991607666
2024-10-25 12:00:00+00:00,18.940000534057617,18.940000534057617,18.700000762939453,18.709999084472656
2024-10-25 13:00:00+00:00,18.8700008392334,18.8700008392334,18.31999969482422,18.360000610351562
2024-10-25 14:00:00+00:00,18.489999771118164,18.559999465942383,18.229999542236328,18.520000457763672
2024-10-25 15:00:00+00:00,18.389999389648438,18.920000076293945,18.3799991607666,18.920000076293945
2024-10-25 16:00:00+00:00,18.690000534057617,19.059999465942383,18.579999923706055,18.8700008392334
2024-10-25 17:00:00+00:00,18.600000381469727,20.360000610351562,18.579999923706055,20.079999923706055
2024-10-25 18:00:00+00:00,19.56999969482422,20.510000228881836,19.469999313354492,19.530000686645508
2024-10-25 19:00:00+00:00,19.739999771118164,20.40999984741211,19.469999313354492,20.200000762939453
2024-10-25 20:00:00+00:00,20.229999542236328,20.43000030517578,20.200000762939453,20.34000015258789
2024-10-28 07:00:00+00:00,19.110000610351562,19.15999984741211,19.079999923706055,19.15999984741211
2024-10-28 08:00:00+00:00,19.110000610351562,19.270000457763672,18.940000534057617,18.979999542236328
2024-10-28 09:00:00+00:00,19.100000381469727,19.110000610351562,18.940000534057617,18.969999313354492
2024-10-28 10:00:00+00:00,19.040000915527344,19.110000610351562,18.90999984741211,19.100000381469727
2024-10-28 11:00:00+00:00,19.0,19.280000686645508,18.969999313354492,19.280000686645508
2024-10-28 12:00:00+00:00,19.18000030517578,19.459999084472656,19.09000015258789,19.139999389648438
2024-10-28 13:00:00+00:00,19.40999984741211,19.40999984741211,18.979999542236328,19.25
2024-10-28 14:00:00+00:00,19.260000228881836,19.290000915527344,18.979999542236328,19.229999542236328
2024-10-28 15:00:00+00:00,19.18000030517578,19.670000076293945,19.1200008392334,19.639999389648438
2024-10-28 16:00:00+00:00,19.350000381469727,19.729999542236328,19.280000686645508,19.3700008392334
2024-10-28 17:00:00+00:00,19.389999389648438,19.6200008392334,19.15999984741211,19.170000076293945
2024-10-28 18:00:00+00:00,19.270000457763672,19.43000030517578,19.139999389648438,19.3799991607666
2024-10-28 19:00:00+00:00,19.31999969482422,19.8799991607666,19.229999542236328,19.770000457763672
2024-10-28 20:00:00+00:00,19.729999542236328,19.829999923706055,19.719999313354492,19.790000915527344
2024-10-29 07:00:00+00:00,19.75,19.809999465942383,19.690000534057617,19.809999465942383
2024-10-29 08:00:00+00:00,19.700000762939453,20.059999465942383,19.690000534057617,19.829999923706055
2024-10-29 09:00:00+00:00,19.84000015258789,19.950000762939453,19.719999313354492,19.860000610351562
2024-10-29 10:00:00+00:00,19.829999923706055,20.040000915527344,19.81999969482422,19.93000030517578
2024-10-29 11:00:00+00:00,19.959999084472656,20.100000381469727,19.889999389648438,20.06999969482422
2024-10-29 12:00:00+00:00,20.100000381469727,20.209999084472656,19.90999984741211,20.18000030517578
2024-10-29 13:00:00+00:00,20.110000610351562,20.530000686645508,19.959999084472656,19.979999542236328
2024-10-29 14:00:00+00:00,20.190000534057617,20.530000686645508,19.350000381469727,19.43000030517578
2024-10-29 15:00:00+00:00,19.670000076293945,19.690000534057617,19.31999969482422,19.389999389648438
2024-10-29 16:00:00+00:00,19.540000915527344,19.600000381469727,19.239999771118164,19.260000228881836
2024-10-29 17:00:00+00:00,19.3700008392334,19.520000457763672,19.059999465942383,19.3700008392334
2024-10-29 18:00:00+00:00,19.34000015258789,19.520000457763672,19.15999984741211,19.25
2024-10-29 19:00:00+00:00,19.219999313354492,19.75,19.15999984741211,19.610000610351562
2024-10-29 20:00:00+00:00,19.610000610351562,19.610000610351562,19.34000015258789,19.420000076293945
2024-10-30 07:00:00+00:00,19.309999465942383,19.3700008392334,19.299999237060547,19.3700008392334
2024-10-30 08:00:00+00:00,19.329999923706055,19.489999771118164,19.299999237060547,19.440000534057617
2024-10-30 09:00:00+00:00,19.309999465942383,19.479999542236328,19.309999465942383,19.43000030517578
2024-10-30 10:00:00+00:00,19.360000610351562,19.690000534057617,19.350000381469727,19.68000030517578
2024-10-30 11:00:00+00:00,19.420000076293945,19.760000228881836,19.420000076293945,19.729999542236328
2024-10-30 12:00:00+00:00,19.649999618530273,19.829999923706055,19.600000381469727,19.809999465942383
2024-10-30 13:00:00+00:00,19.81999969482422,20.360000610351562,19.610000610351562,19.6200008392334
2024-10-30 14:00:00+00:00,19.81999969482422,20.360000610351562,19.399999618530273,19.65999984741211
2024-10-30 15:00:00+00:00,19.459999084472656,19.850000381469727,19.440000534057617,19.520000457763672
2024-10-30 16:00:00+00:00,19.56999969482422,19.649999618530273,19.469999313354492,19.6299991607666
2024-10-30 17:00:00+00:00,19.56999969482422,20.219999313354492,19.540000915527344,20.200000762939453
2024-10-30 18:00:00+00:00,19.809999465942383,20.219999313354492,19.790000915527344,19.959999084472656
2024-10-30 19:00:00+00:00,19.959999084472656,20.309999465942383,19.850000381469727,20.219999313354492
2024-10-30 20:00:00+00:00,20.149999618530273,20.440000534057617,20.030000686645508,20.389999389648438
2024-10-31 07:00:00+00:00,21.440000534057617,21.610000610351562,21.309999465942383,21.59000015258789
2024-10-31 08:00:00+00:00,21.40999984741211,21.790000915527344,21.309999465942383,21.649999618530273
2024-10-31 09:00:00+00:00,21.68000030517578,21.850000381469727,21.579999923706055,21.68000030517578
2024-10-31 10:00:00+00:00,21.809999465942383,21.81999969482422,21.489999771118164,21.489999771118164
2024-10-31 11:00:00+00:00,21.6299991607666,21.700000762939453,21.229999542236328,21.239999771118164
2024-10-31 12:00:00+00:00,21.31999969482422,21.40999984741211,21.1200008392334,21.260000228881836
2024-10-31 13:00:00+00:00,21.1200008392334,21.989999771118164,21.1200008392334,21.809999465942383
2024-10-31 14:00:00+00:00,21.56999969482422,22.81999969482422,21.229999542236328,22.790000915527344
2024-10-31 15:00:00+00:00,22.290000915527344,23.420000076293945,22.1299991607666,23.0
2024-10-31 16:00:00+00:00,22.860000610351562,23.18000030517578,22.329999923706055,22.40999984741211
2024-10-31 17:00:00+00:00,22.65999984741211,22.899999618530273,22.18000030517578,22.860000610351562
2024-10-31 18:00:00+00:00,22.520000457763672,23.260000228881836,22.520000457763672,22.81999969482422
2024-10-31 19:00:00+00:00,22.719999313354492,23.260000228881836,22.329999923706055,23.190000534057617
2024-10-31 20:00:00+00:00,23.049999237060547,23.200000762939453,22.709999084472656,23.18000030517578
2024-11-01 07:00:00+00:00,22.959999084472656,23.09000015258789,22.719999313354492,22.780000686645508
2024-11-01 08:00:00+00:00,23.09000015258789,23.09000015258789,22.5,22.579999923706055
2024-11-01 09:00:00+00:00,22.6299991607666,22.639999389648438,22.459999084472656,22.530000686645508
2024-11-01 10:00:00+00:00,22.459999084472656,22.56999969482422,22.360000610351562,22.399999618530273
2024-11-01 11:00:00+00:00,22.450000762939453,22.489999771118164,22.170000076293945,22.200000762939453
2024-11-01 12:00:00+00:00,22.309999465942383,22.309999465942383,21.799999237060547,21.90999984741211
2024-11-01 13:00:00+00:00,21.829999923706055,22.1299991607666,21.459999084472656,21.610000610351562
2024-11-01 14:00:00+00:00,21.989999771118164,21.989999771118164,21.15999984741211,21.450000762939453
2024-11-01 15:00:00+00:00,21.190000534057617,21.75,21.190000534057617,21.739999771118164
2024-11-01 16:00:00+00:00,21.450000762939453,21.8799991607666,21.43000030517578,21.84000015258789
2024-11-01 17:00:00+00:00,21.729999542236328,22.360000610351562,21.549999237060547,22.360000610351562
2024-11-01 18:00:00+00:00,21.690000534057617,22.510000228881836,21.690000534057617,21.950000762939453
2024-11-01 19:00:00+00:00,22.280000686645508,22.350000381469727,21.780000686645508,22.049999237060547
2024-11-01 20:00:00+00:00,22.059999465942383,22.059999465942383,21.75,21.850000381469727
2024-11-04 08:00:00+00:00,22.5,22.719999313354492,22.43000030517578,22.559999465942383
2024-11-04 09:00:00+00:00,22.530000686645508,22.719999313354492,22.459999084472656,22.479999542236328
2024-11-04 10:00:00+00:00,22.59000015258789,22.690000534057617,22.25,22.31999969482422
2024-11-04 11:00:00+00:00,22.350000381469727,22.510000228881836,22.25,22.420000076293945
2024-11-04 12:00:00+00:00,22.510000228881836,22.65999984741211,22.350000381469727,22.440000534057617
2024-11-04 13:00:00+00:00,22.510000228881836,22.65999984741211,22.329999923706055,22.43000030517578
2024-11-04 14:00:00+00:00,22.43000030517578,23.06999969482422,22.280000686645508,22.350000381469727
2024-11-04 15:00:00+00:00,22.540000915527344,23.06999969482422,21.93000030517578,22.030000686645508
2024-11-04 16:00:00+00:00,22.139999389648438,22.700000762939453,21.729999542236328,22.549999237060547
2024-11-04 17:00:00+00:00,22.049999237060547,22.790000915527344,22.049999237060547,22.110000610351562
2024-11-04 18:00:00+00:00,22.219999313354492,22.479999542236328,22.0,22.18000030517578
2024-11-04 19:00:00+00:00,22.18000030517578,22.219999313354492,21.780000686645508,21.81999969482422
2024-11-04 20:00:00+00:00,22.1299991607666,22.31999969482422,21.75,22.09000015258789
2024-11-04 21:00:00+00:00,22.049999237060547,22.049999237060547,21.899999618530273,21.989999771118164
2024-11-05 08:00:00+00:00,21.979999542236328,21.979999542236328,21.809999465942383,21.809999465942383
2024-11-05 09:00:00+00:00,21.950000762939453,21.969999313354492,21.739999771118164,21.899999618530273
2024-11-05 10:00:00+00:00,21.790000915527344,22.049999237060547,21.780000686645508,21.950000762939453
2024-11-05 11:00:00+00:00,21.940000534057617,21.969999313354492,21.8700008392334,21.93000030517578
2024-11-05 12:00:00+00:00,21.889999389648438,22.059999465942383,21.8700008392334,21.969999313354492
2024-11-05 13:00:00+00:00,22.040000915527344,22.059999465942383,21.790000915527344,21.899999618530273
2024-11-05 14:00:00+00:00,21.8700008392334,21.959999084472656,20.860000610351562,20.860000610351562
2024-11-05 15:00:00+00:00,21.729999542236328,21.729999542236328,20.3799991607666,20.450000762939453
2024-11-05 16:00:00+00:00,20.540000915527344,20.579999923706055,20.209999084472656,20.219999313354492
2024-11-05 17:00:00+00:00,20.350000381469727,20.360000610351562,20.200000762939453,20.299999237060547
2024-11-05 18:00:00+00:00,20.31999969482422,20.780000686645508,20.200000762939453,20.65999984741211
2024-11-05 19:00:00+00:00,20.559999465942383,21.059999465942383,20.420000076293945,20.989999771118164
2024-11-05 20:00:00+00:00,20.68000030517578,21.059999465942383,20.56999969482422,20.56999969482422
2024-11-05 21:00:00+00:00,20.56999969482422,20.56999969482422,20.43000030517578,20.489999771118164
2024-11-06 08:00:00+00:00,16.059999465942383,16.059999465942383,15.4399995803833,15.550000190734863
2024-11-06 09:00:00+00:00,15.850000381469727,15.850000381469727,15.4399995803833,15.670000076293945
2024-11-06 10:00:00+00:00,15.59000015258789,15.760000228881836,15.510000228881836,15.75
2024-11-06 11:00:00+00:00,15.600000381469727,15.970000267028809,15.510000228881836,15.930000305175781
2024-11-06 12:00:00+00:00,15.619999885559082,15.970000267028809,15.619999885559082,15.890000343322754
2024-11-06 13:00:00+00:00,15.829999923706055,15.949999809265137,15.760000228881836,15.819999694824219
2024-11-06 14:00:00+00:00,15.819999694824219,16.81999969482422,15.630000114440918,16.700000762939453
2024-11-06 15:00:00+00:00,15.8100004196167,16.81999969482422,15.630000114440918,16.5
2024-11-06 16:00:00+00:00,16.049999237060547,16.6299991607666,16.0,16.239999771118164
2024-11-06 17:00:00+00:00,16.15999984741211,16.34000015258789,16.06999969482422,16.34000015258789
2024-11-06 18:00:00+00:00,16.239999771118164,16.360000610351562,16.1200008392334,16.260000228881836
2024-11-06 19:00:00+00:00,16.239999771118164,16.459999084472656,16.1200008392334,16.329999923706055
2024-11-06 20:00:00+00:00,16.329999923706055,16.6299991607666,16.219999313354492,16.270000457763672
2024-11-06 21:00:00+00:00,16.139999389648438,16.3799991607666,16.139999389648438,16.3700008392334
2024-11-07 08:00:00+00:00,15.859999656677246,15.859999656677246,15.729999542236328,15.8100004196167
2024-11-07 09:00:00+00:00,15.729999542236328,15.84000015258789,15.720000267028809,15.779999732971191
2024-11-07 10:00:00+00:00,15.770000457763672,15.789999961853027,15.6899995803833,15.6899995803833
2024-11-07 11:00:00+00:00,15.729999542236328,15.760000228881836,15.649999618530273,15.649999618530273
2024-11-07 12:00:00+00:00,15.720000267028809,15.760000228881836,15.550000190734863,15.600000381469727
2024-11-07 13:00:00+00:00,15.569999694824219,15.710000038146973,15.569999694824219,15.649999618530273
2024-11-07 14:00:00+00:00,15.569999694824219,15.710000038146973,15.3100004196167,15.59000015258789
2024-11-07 15:00:00+00:00,15.4399995803833,15.59000015258789,15.239999771118164,15.260000228881836
2024-11-07 16:00:00+00:00,15.460000038146973,15.460000038146973,15.140000343322754,15.239999771118164
2024-11-07 17:00:00+00:00,15.220000267028809,15.359999656677246,15.140000343322754,15.170000076293945
2024-11-07 18:00:00+00:00,15.15999984741211,15.300000190734863,15.130000114440918,15.239999771118164
2024-11-07 19:00:00+00:00,15.170000076293945,15.529999732971191,15.170000076293945,15.34000015258789
2024-11-07 20:00:00+00:00,15.329999923706055,15.529999732971191,15.170000076293945,15.170000076293945
2024-11-07 21:00:00+00:00,15.199999809265137,15.239999771118164,15.180000305175781,15.210000038146973
2024-11-08 08:00:00+00:00,15.130000114440918,15.130000114440918,15.069999694824219,15.100000381469727
2024-11-08 09:00:00+00:00,15.100000381469727,15.149999618530273,15.069999694824219,15.149999618530273
2024-11-08 10:00:00+00:00,15.09000015258789,15.329999923706055,15.079999923706055,15.300000190734863
2024-11-08 11:00:00+00:00,15.199999809265137,15.329999923706055,15.199999809265137,15.199999809265137
2024-11-08 12:00:00+00:00,15.239999771118164,15.239999771118164,14.9399995803833,14.960000038146973
2024-11-08 13:00:00+00:00,15.119999885559082,15.119999885559082,14.920000076293945,14.930000305175781
2024-11-08 14:00:00+00:00,14.920000076293945,14.970000267028809,14.770000457763672,14.789999961853027
2024-11-08 15:00:00+00:00,14.829999923706055,14.9399995803833,14.65999984741211,14.779999732971191
2024-11-08 16:00:00+00:00,14.729999542236328,14.850000381469727,14.710000038146973,14.760000228881836
2024-11-08 17:00:00+00:00,14.760000228881836,14.949999809265137,14.710000038146973,14.949999809265137
2024-11-08 18:00:00+00:00,14.890000343322754,15.100000381469727,14.84000015258789,15.050000190734863
2024-11-08 19:00:00+00:00,14.949999809265137,15.180000305175781,14.930000305175781,15.140000343322754
2024-11-08 20:00:00+00:00,15.130000114440918,15.199999809265137,14.960000038146973,14.960000038146973
2024-11-08 21:00:00+00:00,14.920000076293945,15.010000228881836,14.880000114440918,14.949999809265137
2024-11-11 08:00:00+00:00,15.329999923706055,15.329999923706055,15.279999732971191,15.300000190734863
2024-11-11 09:00:00+00:00,15.289999961853027,15.3100004196167,15.279999732971191,15.3100004196167
2024-11-11 10:00:00+00:00,15.289999961853027,15.319999694824219,15.279999732971191,15.319999694824219
2024-11-11 11:00:00+00:00,15.3100004196167,15.350000381469727,15.3100004196167,15.34000015258789
2024-11-11 12:00:00+00:00,15.350000381469727,15.350000381469727,15.279999732971191,15.3100004196167
2024-11-11 13:00:00+00:00,15.3100004196167,15.359999656677246,15.279999732971191,15.319999694824219
2024-11-11 14:00:00+00:00,15.289999961853027,15.5600004196167,15.260000228881836,15.420000076293945
2024-11-11 15:00:00+00:00,15.279999732971191,15.5600004196167,15.25,15.270000457763672
2024-11-11 16:00:00+00:00,15.34000015258789,15.359999656677246,15.010000228881836,15.010000228881836
2024-11-11 17:00:00+00:00,15.140000343322754,15.140000343322754,15.010000228881836,15.0600004196167
2024-11-11 18:00:00+00:00,15.100000381469727,15.180000305175781,15.010000228881836,15.020000457763672
2024-11-11 19:00:00+00:00,15.100000381469727,15.119999885559082,14.90999984741211,14.920000076293945
2024-11-11 20:00:00+00:00,14.949999809265137,15.09000015258789,14.890000343322754,14.970000267028809
2024-11-11 21:00:00+00:00,14.949999809265137,14.989999771118164,14.930000305175781,14.970000267028809
2024-11-12 08:00:00+00:00,15.09000015258789,15.109999656677246,15.020000457763672,15.039999961853027
2024-11-12 09:00:00+00:00,15.09000015258789,15.210000038146973,15.020000457763672,15.199999809265137
2024-11-12 10:00:00+00:00,15.109999656677246,15.369999885559082,15.100000381469727,15.289999961853027
2024-11-12 11:00:00+00:00,15.329999923706055,15.34000015258789,15.199999809265137,15.210000038146973
2024-11-12 12:00:00+00:00,15.229999542236328,15.260000228881836,15.170000076293945,15.220000267028809
2024-11-12 13:00:00+00:00,15.229999542236328,15.260000228881836,15.140000343322754,15.149999618530273
2024-11-12 14:00:00+00:00,15.1899995803833,15.199999809265137,14.800000190734863,14.829999923706055
2024-11-12 15:00:00+00:00,15.15999984741211,15.15999984741211,14.800000190734863,14.9399995803833
2024-11-12 16:00:00+00:00,15.0,15.020000457763672,14.760000228881836,14.880000114440918
2024-11-12 17:00:00+00:00,14.800000190734863,15.25,14.760000228881836,15.210000038146973
2024-11-12 18:00:00+00:00,14.90999984741211,15.300000190734863,14.710000038146973,14.760000228881836
2024-11-12 19:00:00+00:00,15.100000381469727,15.100000381469727,14.710000038146973,14.720000267028809
2024-11-12 20:00:00+00:00,14.8100004196167,14.90999984741211,14.6899995803833,14.729999542236328
2024-11-12 21:00:00+00:00,14.729999542236328,14.75,14.710000038146973,14.720000267028809
2024-11-13 08:00:00+00:00,15.09000015258789,15.09000015258789,14.970000267028809,14.970000267028809
2024-11-13 09:00:00+00:00,15.0600004196167,15.0600004196167,14.949999809265137,14.979999542236328
2024-11-13 10:00:00+00:00,14.970000267028809,15.170000076293945,14.949999809265137,15.15999984741211
2024-11-13 11:00:00+00:00,15.069999694824219,15.210000038146973,15.0600004196167,15.199999809265137
2024-11-13 12:00:00+00:00,15.15999984741211,15.260000228881836,15.100000381469727,15.220000267028809
2024-11-13 13:00:00+00:00,15.109999656677246,15.260000228881836,14.59000015258789,14.800000190734863
2024-11-13 14:00:00+00:00,15.119999885559082,15.119999885559082,14.460000038146973,14.5600004196167
2024-11-13 15:00:00+00:00,14.6899995803833,14.880000114440918,14.229999542236328,14.270000457763672
2024-11-13 16:00:00+00:00,14.529999732971191,14.5600004196167,14.0600004196167,14.079999923706055
2024-11-13 17:00:00+00:00,14.109999656677246,14.210000038146973,13.899999618530273,13.9399995803833
2024-11-13 18:00:00+00:00,13.979999542236328,14.029999732971191,13.8100004196167,13.869999885559082
2024-11-13 19:00:00+00:00,13.90999984741211,13.970000267028809,13.8100004196167,13.869999885559082
2024-11-13 20:00:00+00:00,13.920000076293945,14.149999618530273,13.770000457763672,14.0600004196167
2024-11-13 21:00:00+00:00,14.0600004196167,14.109999656677246,14.0,14.010000228881836
2024-11-14 08:00:00+00:00,14.170000076293945,14.1899995803833,14.079999923706055,14.140000343322754
2024-11-14 09:00:00+00:00,14.149999618530273,14.15999984741211,14.069999694824219,14.149999618530273
2024-11-14 10:00:00+00:00,14.119999885559082,14.180000305175781,14.100000381469727,14.170000076293945
2024-11-14 11:00:00+00:00,14.119999885559082,14.180000305175781,14.09000015258789,14.09000015258789
2024-11-14 12:00:00+00:00,14.119999885559082,14.149999618530273,14.079999923706055,14.140000343322754
2024-11-14 13:00:00+00:00,14.119999885559082,14.210000038146973,14.029999732971191,14.15999984741211
2024-11-14 14:00:00+00:00,14.029999732971191,14.210000038146973,13.819999694824219,14.039999961853027
2024-11-14 15:00:00+00:00,14.0,14.180000305175781,13.789999961853027,13.899999618530273
2024-11-14 16:00:00+00:00,13.960000038146973,13.989999771118164,13.670000076293945,13.920000076293945
2024-11-14 17:00:00+00:00,13.729999542236328,14.220000267028809,13.670000076293945,14.010000228881836
2024-11-14 18:00:00+00:00,14.039999961853027,14.220000267028809,13.869999885559082,14.15999984741211
2024-11-14 19:00:00+00:00,13.970000267028809,14.15999984741211,13.59000015258789,13.65999984741211
2024-11-14 20:00:00+00:00,13.850000381469727,14.239999771118164,13.59000015258789,14.039999961853027
2024-11-14 21:00:00+00:00,14.0600004196167,14.319999694824219,14.0600004196167,14.319999694824219
2024-11-15 08:00:00+00:00,15.020000457763672,15.109999656677246,14.789999961853027,14.819999694824219
2024-11-15 09:00:00+00:00,15.109999656677246,15.109999656677246,14.739999771118164,14.850000381469727
2024-11-15 10:00:00+00:00,14.869999885559082,14.920000076293945,14.779999732971191,14.8100004196167
2024-11-15 11:00:00+00:00,14.789999961853027,14.859999656677246,14.600000381469727,14.729999542236328
2024-11-15 12:00:00+00:00,14.609999656677246,14.739999771118164,14.579999923706055,14.59000015258789
2024-11-15 13:00:00+00:00,14.680000305175781,14.699999809265137,14.5600004196167,14.65999984741211
2024-11-15 14:00:00+00:00,14.619999885559082,14.960000038146973,14.5600004196167,14.960000038146973
2024-11-15 15:00:00+00:00,14.6899995803833,15.850000381469727,14.569999694824219,15.800000190734863
2024-11-15 16:00:00+00:00,15.529999732971191,16.200000762939453,15.430000305175781,16.190000534057617
2024-11-15 17:00:00+00:00,15.489999771118164,16.979999542236328,15.460000038146973,16.780000686645508
2024-11-15 18:00:00+00:00,16.65999984741211,17.549999237060547,16.6299991607666,17.389999389648438
2024-11-15 19:00:00+00:00,16.959999084472656,17.549999237060547,16.6200008392334,16.770000457763672
2024-11-15 20:00:00+00:00,17.329999923706055,17.350000381469727,16.06999969482422,16.149999618530273
2024-11-15 21:00:00+00:00,16.149999618530273,16.15999984741211,16.020000457763672,16.149999618530273
2024-11-18 08:00:00+00:00,16.600000381469727,16.610000610351562,16.420000076293945,16.459999084472656
2024-11-18 09:00:00+00:00,16.450000762939453,16.770000457763672,16.450000762939453,16.719999313354492
2024-11-18 10:00:00+00:00,16.65999984741211,16.770000457763672,16.510000228881836,16.510000228881836
2024-11-18 11:00:00+00:00,16.68000030517578,16.719999313354492,16.510000228881836,16.600000381469727
2024-11-18 12:00:00+00:00,16.6299991607666,16.719999313354492,16.469999313354492,16.59000015258789
2024-11-18 13:00:00+00:00,16.530000686645508,17.0,16.469999313354492,16.600000381469727
2024-11-18 14:00:00+00:00,16.90999984741211,16.90999984741211,16.309999465942383,16.440000534057617
2024-11-18 15:00:00+00:00,16.65999984741211,16.700000762939453,15.539999961853027,15.59000015258789
2024-11-18 16:00:00+00:00,15.75,15.770000457763672,15.470000267028809,15.720000267028809
2024-11-18 17:00:00+00:00,15.600000381469727,15.770000457763672,15.470000267028809,15.529999732971191
2024-11-18 18:00:00+00:00,15.710000038146973,15.75,15.420000076293945,15.420000076293945
2024-11-18 19:00:00+00:00,15.569999694824219,15.75,15.40999984741211,15.420000076293945
2024-11-18 20:00:00+00:00,15.670000076293945,15.720000267028809,15.350000381469727,15.529999732971191
2024-11-18 21:00:00+00:00,15.5,15.640000343322754,15.5,15.579999923706055
2024-11-19 08:00:00+00:00,15.4399995803833,16.049999237060547,15.369999885559082,15.75
2024-11-19 09:00:00+00:00,15.40999984741211,17.8799991607666,15.40999984741211,17.329999923706055
2024-11-19 10:00:00+00:00,17.309999465942383,17.8799991607666,16.719999313354492,16.84000015258789
2024-11-19 11:00:00+00:00,17.06999969482422,17.239999771118164,16.719999313354492,16.93000030517578
2024-11-19 12:00:00+00:00,17.040000915527344,17.239999771118164,16.479999542236328,16.479999542236328
2024-11-19 13:00:00+00:00,16.549999237060547,17.850000381469727,16.420000076293945,17.770000457763672
2024-11-19 14:00:00+00:00,16.649999618530273,17.93000030517578,16.489999771118164,16.809999465942383
2024-11-19 15:00:00+00:00,17.0,17.06999969482422,16.0,16.079999923706055
2024-11-19 16:00:00+00:00,16.559999465942383,16.6299991607666,15.899999618530273,16.040000915527344
2024-11-19 17:00:00+00:00,15.920000076293945,16.209999084472656,15.899999618530273,16.030000686645508
2024-11-19 18:00:00+00:00,15.970000267028809,16.079999923706055,15.75,15.789999961853027
2024-11-19 19:00:00+00:00,15.930000305175781,16.190000534057617,15.75,16.030000686645508
2024-11-19 20:00:00+00:00,16.0,16.309999465942383,15.9399995803833,16.290000915527344
2024-11-19 21:00:00+00:00,16.350000381469727,16.3700008392334,16.200000762939453,16.350000381469727
2024-11-20 08:00:00+00:00,16.190000534057617,16.190000534057617,16.06999969482422,16.18000030517578
2024-11-20 09:00:00+00:00,16.1299991607666,16.209999084472656,16.040000915527344,16.170000076293945
2024-11-20 10:00:00+00:00,16.110000610351562,16.3700008392334,16.100000381469727,16.299999237060547
2024-11-20 11:00:00+00:00,16.34000015258789,16.3700008392334,16.170000076293945,16.229999542236328
2024-11-20 12:00:00+00:00,16.209999084472656,16.31999969482422,16.100000381469727,16.110000610351562
2024-11-20 13:00:00+00:00,16.15999984741211,16.219999313354492,16.059999465942383,16.170000076293945
2024-11-20 14:00:00+00:00,16.110000610351562,17.530000686645508,16.110000610351562,17.530000686645508
2024-11-20 15:00:00+00:00,16.530000686645508,18.790000915527344,16.459999084472656,17.790000915527344
2024-11-20 16:00:00+00:00,18.25,18.559999465942383,17.34000015258789,17.420000076293945
2024-11-20 17:00:00+00:00,18.389999389648438,18.559999465942383,17.34000015258789,18.1200008392334
2024-11-20 18:00:00+00:00,18.0,18.43000030517578,17.68000030517578,18.219999313354492
2024-11-20 19:00:00+00:00,17.920000076293945,18.43000030517578,17.639999389648438,17.670000076293945
2024-11-20 20:00:00+00:00,18.290000915527344,18.290000915527344,17.25,17.350000381469727
2024-11-20 21:00:00+00:00,17.270000457763672,17.290000915527344,17.170000076293945,17.170000076293945
2024-11-21 08:00:00+00:00,17.100000381469727,17.56999969482422,17.049999237060547,17.3799991607666
2024-11-21 09:00:00+00:00,17.260000228881836,17.889999389648438,17.260000228881836,17.510000228881836
2024-11-21 10:00:00+00:00,17.850000381469727,17.860000610351562,17.229999542236328,17.229999542236328
2024-11-21 11:00:00+00:00,17.43000030517578,17.440000534057617,16.739999771118164,16.75
2024-11-21 12:00:00+00:00,16.799999237060547,16.8799991607666,16.469999313354492,16.729999542236328
2024-11-21 13:00:00+00:00,16.56999969482422,16.760000228881836,16.239999771118164,16.25
2024-11-21 14:00:00+00:00,16.43000030517578,17.200000762939453,15.729999542236328,16.93000030517578
2024-11-21 15:00:00+00:00,15.890000343322754,17.989999771118164,15.729999542236328,16.969999313354492
2024-11-21 16:00:00+00:00,17.8799991607666,17.989999771118164,16.610000610351562,17.0
2024-11-21 17:00:00+00:00,16.75,17.219999313354492,16.610000610351562,16.8799991607666
2024-11-21 18:00:00+00:00,16.799999237060547,17.09000015258789,16.709999084472656,16.940000534057617
2024-11-21 19:00:00+00:00,16.889999389648438,17.09000015258789,16.6299991607666,16.719999313354492
2024-11-21 20:00:00+00:00,16.65999984741211,17.1200008392334,16.6200008392334,16.809999465942383
2024-11-21 21:00:00+00:00,16.829999923706055,16.8799991607666,16.770000457763672,16.8799991607666
2024-11-22 08:00:00+00:00,16.670000076293945,16.799999237060547,16.649999618530273,16.739999771118164
2024-11-22 09:00:00+00:00,16.649999618530273,17.559999465942383,16.649999618530273,17.079999923706055
2024-11-22 10:00:00+00:00,17.420000076293945,17.559999465942383,17.030000686645508,17.1299991607666
2024-11-22 11:00:00+00:00,17.290000915527344,17.290000915527344,16.950000762939453,16.959999084472656
2024-11-22 12:00:00+00:00,17.139999389648438,17.229999542236328,16.719999313354492,16.729999542236328
2024-11-22 13:00:00+00:00,16.799999237060547,16.860000610351562,16.6299991607666,16.739999771118164
2024-11-22 14:00:00+00:00,16.670000076293945,16.770000457763672,16.079999923706055,16.100000381469727
2024-11-22 15:00:00+00:00,16.469999313354492,16.579999923706055,15.850000381469727,15.90999984741211
2024-11-22 16:00:00+00:00,16.459999084472656,16.520000457763672,15.850000381469727,16.100000381469727
2024-11-22 17:00:00+00:00,16.34000015258789,16.489999771118164,15.899999618530273,15.960000038146973
2024-11-22 18:00:00+00:00,15.979999542236328,16.200000762939453,15.890000343322754,15.920000076293945
2024-11-22 19:00:00+00:00,16.06999969482422,16.1200008392334,15.579999923706055,15.59000015258789
2024-11-22 20:00:00+00:00,15.75,15.949999809265137,15.289999961853027,15.399999618530273
2024-11-22 21:00:00+00:00,15.4399995803833,15.4399995803833,15.239999771118164,15.239999771118164
2024-11-25 08:00:00+00:00,15.229999542236328,15.270000457763672,15.210000038146973,15.220000267028809
2024-11-25 09:00:00+00:00,15.229999542236328,15.270000457763672,15.140000343322754,15.140000343322754
2024-11-25 10:00:00+00:00,15.1899995803833,15.199999809265137,15.079999923706055,15.079999923706055
2024-11-25 11:00:00+00:00,15.140000343322754,15.140000343322754,15.020000457763672,15.050000190734863
2024-11-25 12:00:00+00:00,15.039999961853027,15.140000343322754,15.0,15.010000228881836
2024-11-25 13:00:00+00:00,15.119999885559082,15.140000343322754,14.75,14.770000457763672
2024-11-25 14:00:00+00:00,14.9399995803833,14.979999542236328,14.539999961853027,14.789999961853027
2024-11-25 15:00:00+00:00,14.859999656677246,15.029999732971191,14.539999961853027,15.029999732971191
2024-11-25 16:00:00+00:00,14.699999809265137,15.069999694824219,14.6899995803833,15.069999694824219
2024-11-25 17:00:00+00:00,14.760000228881836,15.720000267028809,14.6899995803833,15.34000015258789
2024-11-25 18:00:00+00:00,15.350000381469727,15.720000267028809,14.930000305175781,14.979999542236328
2024-11-25 19:00:00+00:00,15.140000343322754,15.229999542236328,14.819999694824219,14.84000015258789
2024-11-25 20:00:00+00:00,15.0600004196167,15.109999656677246,14.729999542236328,14.779999732971191
2024-11-25 21:00:00+00:00,14.779999732971191,14.829999923706055,14.569999694824219,14.600000381469727
2024-11-26 08:00:00+00:00,14.949999809265137,15.029999732971191,14.880000114440918,14.949999809265137
2024-11-26 09:00:00+00:00,14.9399995803833,15.029999732971191,14.770000457763672,14.779999732971191
2024-11-26 10:00:00+00:00,14.800000190734863,14.859999656677246,14.6899995803833,14.760000228881836
2024-11-26 11:00:00+00:00,14.789999961853027,14.850000381469727,14.569999694824219,14.59000015258789
2024-11-26 12:00:00+00:00,14.819999694824219,14.829999923706055,14.520000457763672,14.529999732971191
2024-11-26 13:00:00+00:00,14.550000190734863,14.630000114440918,14.420000076293945,14.489999771118164
2024-11-26 14:00:00+00:00,14.5600004196167,14.5600004196167,14.180000305175781,14.270000457763672
2024-11-26 15:00:00+00:00,14.4399995803833,14.4399995803833,14.079999923706055,14.140000343322754
2024-11-26 16:00:00+00:00,14.140000343322754,14.260000228881836,13.979999542236328,14.010000228881836
2024-11-26 17:00:00+00:00,14.029999732971191,14.079999923706055,13.890000343322754,13.890000343322754
2024-11-26 18:00:00+00:00,13.960000038146973,14.0,13.880000114440918,13.970000267028809
2024-11-26 19:00:00+00:00,13.970000267028809,14.260000228881836,13.9399995803833,14.260000228881836
2024-11-26 20:00:00+00:00,14.100000381469727,14.40999984741211,13.989999771118164,14.109999656677246
2024-11-26 21:00:00+00:00,14.109999656677246,14.119999885559082,14.039999961853027,14.100000381469727
2024-11-27 08:00:00+00:00,14.279999732971191,14.420000076293945,14.25,14.34000015258789
2024-11-27 09:00:00+00:00,14.329999923706055,14.470000267028809,14.279999732971191,14.399999618530273
2024-11-27 10:00:00+00:00,14.40999984741211,14.470000267028809,14.270000457763672,14.270000457763672
2024-11-27 11:00:00+00:00,14.369999885559082,14.449999809265137,14.270000457763672,14.329999923706055
2024-11-27 12:00:00+00:00,14.430000305175781,14.430000305175781,14.170000076293945,14.1899995803833
2024-11-27 13:00:00+00:00,14.210000038146973,14.220000267028809,13.989999771118164,14.020000457763672
2024-11-27 14:00:00+00:00,14.140000343322754,14.149999618530273,13.960000038146973,14.069999694824219
2024-11-27 15:00:00+00:00,14.140000343322754,14.4399995803833,13.970000267028809,14.399999618530273
2024-11-27 16:00:00+00:00,14.300000190734863,14.890000343322754,14.229999542236328,14.850000381469727
2024-11-27 17:00:00+00:00,14.5600004196167,15.130000114440918,14.390000343322754,14.789999961853027
2024-11-27 18:00:00+00:00,14.859999656677246,14.920000076293945,14.40999984741211,14.430000305175781
2024-11-27 19:00:00+00:00,14.680000305175781,14.699999809265137,14.300000190734863,14.300000190734863
2024-11-27 20:00:00+00:00,14.470000267028809,14.520000457763672,14.109999656677246,14.119999885559082
2024-11-27 21:00:00+00:00,14.109999656677246,14.15999984741211,14.050000190734863,14.100000381469727
2024-11-28 08:00:00+00:00,14.069999694824219,14.069999694824219,14.039999961853027,14.039999961853027
2024-11-28 09:00:00+00:00,14.050000190734863,14.0600004196167,13.979999542236328,14.0
2024-11-28 10:00:00+00:00,14.010000228881836,14.0600004196167,13.979999542236328,14.039999961853027
2024-11-28 11:00:00+00:00,14.050000190734863,14.0600004196167,13.989999771118164,13.989999771118164
2024-11-28 12:00:00+00:00,14.050000190734863,14.0600004196167,13.970000267028809,13.979999542236328
2024-11-28 13:00:00+00:00,13.989999771118164,14.029999732971191,13.970000267028809,14.010000228881836
2024-11-28 14:00:00+00:00,13.989999771118164,14.029999732971191,13.930000305175781,13.9399995803833
2024-11-28 15:00:00+00:00,14.010000228881836,14.010000228881836,13.890000343322754,13.90999984741211
2024-11-28 16:00:00+00:00,13.90999984741211,13.920000076293945,13.869999885559082,13.899999618530273
2024-11-29 08:00:00+00:00,14.0,14.050000190734863,13.970000267028809,14.0
2024-11-29 09:00:00+00:00,13.979999542236328,14.050000190734863,13.970000267028809,14.010000228881836
2024-11-29 10:00:00+00:00,13.989999771118164,14.010000228881836,13.960000038146973,13.970000267028809
2024-11-29 11:00:00+00:00,13.979999542236328,14.020000457763672,13.930000305175781,13.9399995803833
2024-11-29 12:00:00+00:00,13.970000267028809,14.050000190734863,13.930000305175781,14.010000228881836
2024-11-29 13:00:00+00:00,13.960000038146973,14.149999618530273,13.960000038146973,14.079999923706055
2024-11-29 14:00:00+00:00,14.029999732971191,14.149999618530273,13.640000343322754,13.670000076293945
2024-11-29 15:00:00+00:00,14.09000015258789,14.09000015258789,13.5,13.529999732971191
2024-11-29 16:00:00+00:00,13.579999923706055,13.75,13.489999771118164,13.630000114440918
2024-11-29 17:00:00+00:00,13.75,13.789999961853027,13.569999694824219,13.569999694824219
2024-11-29 18:00:00+00:00,13.760000228881836,13.789999961853027,13.5,13.510000228881836
2024-12-02 08:00:00+00:00,14.079999923706055,14.100000381469727,14.069999694824219,14.069999694824219
2024-12-02 09:00:00+00:00,14.069999694824219,14.100000381469727,14.050000190734863,14.069999694824219
2024-12-02 10:00:00+00:00,14.079999923706055,14.100000381469727,14.029999732971191,14.079999923706055
2024-12-02 11:00:00+00:00,14.050000190734863,14.079999923706055,14.020000457763672,14.020000457763672
2024-12-02 12:00:00+00:00,14.029999732971191,14.069999694824219,13.920000076293945,13.979999542236328
2024-12-02 13:00:00+00:00,13.9399995803833,14.010000228881836,13.90999984741211,13.9399995803833
2024-12-02 14:00:00+00:00,13.960000038146973,14.010000228881836,13.779999732971191,13.850000381469727
2024-12-02 15:00:00+00:00,13.859999656677246,13.920000076293945,13.539999961853027,13.6899995803833
2024-12-02 16:00:00+00:00,13.699999809265137,13.720000267028809,13.420000076293945,13.470000267028809
2024-12-02 17:00:00+00:00,13.470000267028809,13.510000228881836,13.420000076293945,13.5
2024-12-02 18:00:00+00:00,13.5,13.579999923706055,13.449999809265137,13.520000457763672
2024-12-02 19:00:00+00:00,13.539999961853027,13.649999618530273,13.489999771118164,13.489999771118164
2024-12-02 20:00:00+00:00,13.609999656677246,13.619999885559082,13.390000343322754,13.420000076293945
2024-12-02 21:00:00+00:00,13.420000076293945,13.420000076293945,13.300000190734863,13.34000015258789
2024-12-03 08:00:00+00:00,13.380000114440918,13.380000114440918,13.34000015258789,13.350000381469727
2024-12-03 09:00:00+00:00,13.369999885559082,13.369999885559082,13.319999694824219,13.319999694824219
2024-12-03 10:00:00+00:00,13.350000381469727,13.369999885559082,13.300000190734863,13.359999656677246
2024-12-03 11:00:00+00:00,13.319999694824219,13.390000343322754,13.319999694824219,13.329999923706055
2024-12-03 12:00:00+00:00,13.369999885559082,13.380000114440918,13.300000190734863,13.329999923706055
2024-12-03 13:00:00+00:00,13.350000381469727,13.359999656677246,13.229999542236328,13.359999656677246
2024-12-03 14:00:00+00:00,13.319999694824219,13.739999771118164,13.229999542236328,13.630000114440918
2024-12-03 15:00:00+00:00,13.489999771118164,13.770000457763672,13.460000038146973,13.470000267028809
2024-12-03 16:00:00+00:00,13.729999542236328,13.739999771118164,13.25,13.430000305175781
2024-12-03 17:00:00+00:00,13.279999732971191,13.520000457763672,13.229999542236328,13.229999542236328
2024-12-03 18:00:00+00:00,13.359999656677246,13.40999984741211,13.210000038146973,13.3100004196167
2024-12-03 19:00:00+00:00,13.329999923706055,13.430000305175781,13.1899995803833,13.220000267028809
2024-12-03 20:00:00+00:00,13.34000015258789,13.430000305175781,13.1899995803833,13.289999961853027
2024-12-03 21:00:00+00:00,13.300000190734863,13.359999656677246,13.300000190734863,13.300000190734863
2024-12-04 08:00:00+00:00,13.15999984741211,13.170000076293945,13.119999885559082,13.119999885559082
2024-12-04 09:00:00+00:00,13.15999984741211,13.170000076293945,13.079999923706055,13.100000381469727
2024-12-04 10:00:00+00:00,13.119999885559082,13.130000114440918,13.069999694824219,13.09000015258789
2024-12-04 11:00:00+00:00,13.119999885559082,13.130000114440918,13.050000190734863,13.09000015258789
2024-12-04 12:00:00+00:00,13.09000015258789,13.1899995803833,13.050000190734863,13.180000305175781
2024-12-04 13:00:00+00:00,13.180000305175781,13.220000267028809,13.069999694824219,13.09000015258789
2024-12-04 14:00:00+00:00,13.180000305175781,13.180000305175781,12.890000343322754,13.029999732971191
2024-12-04 15:00:00+00:00,12.960000038146973,13.15999984741211,12.890000343322754,13.050000190734863
2024-12-04 16:00:00+00:00,13.0,13.199999809265137,12.899999618530273,13.149999618530273
2024-12-04 17:00:00+00:00,13.180000305175781,13.289999961853027,13.079999923706055,13.279999732971191
2024-12-04 18:00:00+00:00,13.239999771118164,13.609999656677246,13.199999809265137,13.3100004196167
2024-12-04 19:00:00+00:00,13.470000267028809,13.609999656677246,13.239999771118164,13.470000267028809
2024-12-04 20:00:00+00:00,13.59000015258789,13.59000015258789,13.420000076293945,13.430000305175781
2024-12-04 21:00:00+00:00,13.430000305175781,13.460000038146973,13.430000305175781,13.449999809265137
2024-12-05 08:00:00+00:00,13.460000038146973,13.5,13.4399995803833,13.470000267028809
2024-12-05 09:00:00+00:00,13.470000267028809,13.520000457763672,13.449999809265137,13.479999542236328
2024-12-05 10:00:00+00:00,13.449999809265137,13.539999961853027,13.449999809265137,13.529999732971191
2024-12-05 11:00:00+00:00,13.489999771118164,13.539999961853027,13.489999771118164,13.529999732971191
2024-12-05 12:00:00+00:00,13.510000228881836,13.529999732971191,13.470000267028809,13.470000267028809
2024-12-05 13:00:00+00:00,13.520000457763672,13.539999961853027,13.40999984741211,13.479999542236328
2024-12-05 14:00:00+00:00,13.460000038146973,13.550000190734863,13.40999984741211,13.4399995803833
2024-12-05 15:00:00+00:00,13.479999542236328,13.699999809265137,13.399999618530273,13.619999885559082
2024-12-05 16:00:00+00:00,13.569999694824219,13.699999809265137,13.529999732971191,13.539999961853027
2024-12-05 17:00:00+00:00,13.569999694824219,13.600000381469727,13.420000076293945,13.489999771118164
2024-12-05 18:00:00+00:00,13.460000038146973,13.569999694824219,13.289999961853027,13.40999984741211
2024-12-05 19:00:00+00:00,13.460000038146973,13.489999771118164,13.289999961853027,13.40999984741211
2024-12-05 20:00:00+00:00,13.470000267028809,13.510000228881836,13.260000228881836,13.4399995803833
2024-12-05 21:00:00+00:00,13.390000343322754,13.539999961853027,13.390000343322754,13.539999961853027
2024-12-06 08:00:00+00:00,13.619999885559082,13.630000114440918,13.539999961853027,13.569999694824219
2024-12-06 09:00:00+00:00,13.609999656677246,13.640000343322754,13.539999961853027,13.630000114440918
2024-12-06 10:00:00+00:00,13.630000114440918,13.6899995803833,13.59000015258789,13.680000305175781
2024-12-06 11:00:00+00:00,13.640000343322754,13.739999771118164,13.59000015258789,13.630000114440918
2024-12-06 12:00:00+00:00,13.720000267028809,13.720000267028809,13.550000190734863,13.619999885559082
2024-12-06 13:00:00+00:00,13.5600004196167,13.619999885559082,13.050000190734863,13.079999923706055
2024-12-06 14:00:00+00:00,13.520000457763672,13.520000457763672,13.0,13.069999694824219
2024-12-06 15:00:00+00:00,13.050000190734863,13.180000305175781,12.970000267028809,13.050000190734863
2024-12-06 16:00:00+00:00,13.109999656677246,13.130000114440918,12.899999618530273,13.0
2024-12-06 17:00:00+00:00,12.960000038146973,13.069999694824219,12.899999618530273,12.989999771118164
2024-12-06 18:00:00+00:00,12.960000038146973,13.0600004196167,12.800000190734863,12.920000076293945
2024-12-06 19:00:00+00:00,12.84000015258789,13.130000114440918,12.84000015258789,13.010000228881836
2024-12-06 20:00:00+00:00,13.109999656677246,13.130000114440918,12.699999809265137,12.720000267028809
2024-12-06 21:00:00+00:00,12.729999542236328,12.789999961853027,12.729999542236328,12.779999732971191
2024-12-09 08:00:00+00:00,13.359999656677246,13.380000114440918,13.350000381469727,13.380000114440918
2024-12-09 09:00:00+00:00,13.369999885559082,13.5,13.350000381469727,13.5
2024-12-09 10:00:00+00:00,13.4399995803833,13.529999732971191,13.4399995803833,13.510000228881836
2024-12-09 11:00:00+00:00,13.510000228881836,13.600000381469727,13.479999542236328,13.479999542236328
2024-12-09 12:00:00+00:00,13.529999732971191,13.600000381469727,13.40999984741211,13.4399995803833
2024-12-09 13:00:00+00:00,13.4399995803833,13.470000267028809,13.399999618530273,13.420000076293945
2024-12-09 14:00:00+00:00,13.430000305175781,13.529999732971191,13.350000381469727,13.449999809265137
2024-12-09 15:00:00+00:00,13.430000305175781,13.90999984741211,13.40999984741211,13.869999885559082
2024-12-09 16:00:00+00:00,13.699999809265137,14.1899995803833,13.630000114440918,13.65999984741211
2024-12-09 17:00:00+00:00,13.800000190734863,13.859999656677246,13.649999618530273,13.84000015258789
2024-12-09 18:00:00+00:00,13.789999961853027,13.9399995803833,13.630000114440918,13.699999809265137
2024-12-09 19:00:00+00:00,13.789999961853027,14.0600004196167,13.630000114440918,13.899999618530273
2024-12-09 20:00:00+00:00,13.819999694824219,14.199999809265137,13.8100004196167,14.079999923706055
2024-12-09 21:00:00+00:00,13.979999542236328,14.229999542236328,13.979999542236328,14.180000305175781
2024-12-10 08:00:00+00:00,14.300000190734863,14.329999923706055,14.239999771118164,14.300000190734863
2024-12-10 09:00:00+00:00,14.3100004196167,14.359999656677246,14.239999771118164,14.319999694824219
2024-12-10 10:00:00+00:00,14.319999694824219,14.359999656677246,14.210000038146973,14.229999542236328
2024-12-10 11:00:00+00:00,14.210000038146973,14.25,14.140000343322754,14.170000076293945
2024-12-10 12:00:00+00:00,14.170000076293945,14.180000305175781,14.100000381469727,14.119999885559082
2024-12-10 13:00:00+00:00,14.130000114440918,14.180000305175781,14.100000381469727,14.15999984741211
2024-12-10 14:00:00+00:00,14.15999984741211,14.289999961853027,14.050000190734863,14.149999618530273
2024-12-10 15:00:00+00:00,14.170000076293945,14.289999961853027,13.899999618530273,13.930000305175781
2024-12-10 16:00:00+00:00,14.050000190734863,14.15999984741211,13.859999656677246,14.109999656677246
2024-12-10 17:00:00+00:00,14.020000457763672,14.180000305175781,14.0,14.09000015258789
2024-12-10 18:00:00+00:00,14.119999885559082,14.119999885559082,13.960000038146973,14.0600004196167
2024-12-10 19:00:00+00:00,14.029999732971191,14.199999809265137,13.960000038146973,14.09000015258789
2024-12-10 20:00:00+00:00,14.069999694824219,14.539999961853027,14.050000190734863,14.329999923706055
2024-12-10 21:00:00+00:00,14.239999771118164,14.260000228881836,14.180000305175781,14.180000305175781
2024-12-11 08:00:00+00:00,14.420000076293945,14.420000076293945,14.369999885559082,14.399999618530273
2024-12-11 09:00:00+00:00,14.40999984741211,14.430000305175781,14.359999656677246,14.399999618530273
2024-12-11 10:00:00+00:00,14.420000076293945,14.430000305175781,14.359999656677246,14.359999656677246
2024-12-11 11:00:00+00:00,14.420000076293945,14.420000076293945,14.300000190734863,14.380000114440918
2024-12-11 12:00:00+00:00,14.319999694824219,14.399999618530273,14.319999694824219,14.359999656677246
2024-12-11 13:00:00+00:00,14.359999656677246,14.399999618530273,13.739999771118164,13.739999771118164
2024-12-11 14:00:00+00:00,14.239999771118164,14.239999771118164,13.520000457763672,13.640000343322754
2024-12-11 15:00:00+00:00,13.630000114440918,13.710000038146973,13.520000457763672,13.630000114440918
2024-12-11 16:00:00+00:00,13.6899995803833,13.699999809265137,13.539999961853027,13.579999923706055
2024-12-11 17:00:00+00:00,13.569999694824219,13.649999618530273,13.550000190734863,13.630000114440918
2024-12-11 18:00:00+00:00,13.569999694824219,13.75,13.550000190734863,13.729999542236328
2024-12-11 19:00:00+00:00,13.649999618530273,13.789999961853027,13.630000114440918,13.670000076293945
2024-12-11 20:00:00+00:00,13.6899995803833,13.760000228881836,13.569999694824219,13.569999694824219
2024-12-11 21:00:00+00:00,13.5600004196167,13.640000343322754,13.5600004196167,13.59000015258789
2024-12-12 08:00:00+00:00,13.729999542236328,13.770000457763672,13.720000267028809,13.760000228881836
2024-12-12 09:00:00+00:00,13.729999542236328,13.779999732971191,13.720000267028809,13.779999732971191
2024-12-12 10:00:00+00:00,13.75,13.779999732971191,13.739999771118164,13.760000228881836
2024-12-12 11:00:00+00:00,13.739999771118164,13.8100004196167,13.729999542236328,13.75
2024-12-12 12:00:00+00:00,13.779999732971191,13.779999732971191,13.65999984741211,13.710000038146973
2024-12-12 13:00:00+00:00,13.65999984741211,13.760000228881836,13.5600004196167,13.65999984741211
2024-12-12 14:00:00+00:00,13.600000381469727,13.869999885559082,13.5600004196167,13.789999961853027
2024-12-12 15:00:00+00:00,13.640000343322754,13.90999984741211,13.479999542236328,13.5
2024-12-12 16:00:00+00:00,13.600000381469727,13.760000228881836,13.390000343322754,13.760000228881836
2024-12-12 17:00:00+00:00,13.40999984741211,13.800000190734863,13.40999984741211,13.579999923706055
2024-12-12 18:00:00+00:00,13.670000076293945,13.779999732971191,13.470000267028809,13.710000038146973
2024-12-12 19:00:00+00:00,13.569999694824219,13.899999618530273,13.5600004196167,13.890000343322754
2024-12-12 20:00:00+00:00,13.890000343322754,13.949999809265137,13.65999984741211,13.800000190734863
2024-12-12 21:00:00+00:00,13.819999694824219,13.930000305175781,13.8100004196167,13.920000076293945
2024-12-13 08:00:00+00:00,13.569999694824219,13.569999694824219,13.5,13.529999732971191
2024-12-13 09:00:00+00:00,13.510000228881836,13.5600004196167,13.4399995803833,13.4399995803833
2024-12-13 10:00:00+00:00,13.470000267028809,13.520000457763672,13.399999618530273,13.40999984741211
2024-12-13 11:00:00+00:00,13.40999984741211,13.460000038146973,13.399999618530273,13.430000305175781
2024-12-13 12:00:00+00:00,13.420000076293945,13.460000038146973,13.369999885559082,13.460000038146973
2024-12-13 13:00:00+00:00,13.399999618530273,13.460000038146973,13.359999656677246,13.390000343322754
2024-12-13 14:00:00+00:00,13.40999984741211,13.510000228881836,13.239999771118164,13.460000038146973
2024-12-13 15:00:00+00:00,13.430000305175781,14.069999694824219,13.239999771118164,14.020000457763672
2024-12-13 16:00:00+00:00,13.649999618530273,14.15999984741211,13.59000015258789,13.949999809265137
2024-12-13 17:00:00+00:00,13.949999809265137,14.25,13.699999809265137,14.199999809265137
2024-12-13 18:00:00+00:00,14.15999984741211,14.25,13.680000305175781,13.760000228881836
2024-12-13 19:00:00+00:00,13.770000457763672,13.819999694824219,13.539999961853027,13.710000038146973
2024-12-13 20:00:00+00:00,13.600000381469727,13.84000015258789,13.539999961853027,13.739999771118164
2024-12-13 21:00:00+00:00,13.75,13.859999656677246,13.729999542236328,13.770000457763672
2024-12-16 08:00:00+00:00,14.369999885559082,14.399999618530273,14.329999923706055,14.359999656677246
2024-12-16 09:00:00+00:00,14.369999885559082,14.390000343322754,14.25,14.260000228881836
2024-12-16 10:00:00+00:00,14.270000457763672,14.279999732971191,14.210000038146973,14.279999732971191
2024-12-16 11:00:00+00:00,14.229999542236328,14.380000114440918,14.210000038146973,14.279999732971191
2024-12-16 12:00:00+00:00,14.359999656677246,14.359999656677246,14.199999809265137,14.260000228881836
2024-12-16 13:00:00+00:00,14.210000038146973,14.279999732971191,14.119999885559082,14.149999618530273
2024-12-16 14:00:00+00:00,14.170000076293945,14.329999923706055,14.119999885559082,14.289999961853027
2024-12-16 15:00:00+00:00,14.199999809265137,14.329999923706055,13.989999771118164,14.1899995803833
2024-12-16 16:00:00+00:00,14.029999732971191,14.420000076293945,13.989999771118164,14.359999656677246
2024-12-16 17:00:00+00:00,14.380000114440918,14.420000076293945,14.3100004196167,14.350000381469727
2024-12-16 18:00:00+00:00,14.380000114440918,14.420000076293945,14.300000190734863,14.350000381469727
2024-12-16 19:00:00+00:00,14.319999694824219,14.40999984741211,14.3100004196167,14.350000381469727
2024-12-16 20:00:00+00:00,14.369999885559082,14.579999923706055,14.300000190734863,14.520000457763672
2024-12-16 21:00:00+00:00,14.520000457763672,14.6899995803833,14.510000228881836,14.6899995803833
2024-12-17 08:00:00+00:00,14.979999542236328,15.0,14.930000305175781,14.979999542236328
2024-12-17 09:00:00+00:00,14.960000038146973,15.0,14.850000381469727,14.850000381469727
2024-12-17 10:00:00+00:00,14.9399995803833,14.9399995803833,14.779999732971191,14.859999656677246
2024-12-17 11:00:00+00:00,14.899999618530273,14.979999542236328,14.800000190734863,14.949999809265137
2024-12-17 12:00:00+00:00,14.829999923706055,15.0600004196167,14.819999694824219,15.0600004196167
2024-12-17 13:00:00+00:00,14.989999771118164,15.220000267028809,14.979999542236328,15.079999923706055
2024-12-17 14:00:00+00:00,15.079999923706055,15.3100004196167,15.010000228881836,15.15999984741211
2024-12-17 15:00:00+00:00,15.220000267028809,15.569999694824219,15.079999923706055,15.359999656677246
2024-12-17 16:00:00+00:00,15.550000190734863,15.569999694824219,14.989999771118164,15.069999694824219
2024-12-17 17:00:00+00:00,15.270000457763672,15.279999732971191,14.989999771118164,15.079999923706055
2024-12-17 18:00:00+00:00,15.140000343322754,15.239999771118164,15.039999961853027,15.1899995803833
2024-12-17 19:00:00+00:00,15.180000305175781,15.59000015258789,15.149999618530273,15.5
2024-12-17 20:00:00+00:00,15.449999809265137,15.9399995803833,15.420000076293945,15.699999809265137
2024-12-17 21:00:00+00:00,15.670000076293945,15.899999618530273,15.670000076293945,15.869999885559082
2024-12-18 08:00:00+00:00,15.569999694824219,15.680000305175781,15.569999694824219,15.640000343322754
2024-12-18 09:00:00+00:00,15.600000381469727,15.680000305175781,15.489999771118164,15.489999771118164
2024-12-18 10:00:00+00:00,15.59000015258789,15.59000015258789,15.359999656677246,15.380000114440918
2024-12-18 11:00:00+00:00,15.390000343322754,15.430000305175781,15.319999694824219,15.369999885559082
2024-12-18 12:00:00+00:00,15.359999656677246,15.369999885559082,15.270000457763672,15.279999732971191
2024-12-18 13:00:00+00:00,15.319999694824219,15.829999923706055,15.270000457763672,15.819999694824219
2024-12-18 14:00:00+00:00,15.369999885559082,15.850000381469727,15.34000015258789,15.34000015258789
2024-12-18 15:00:00+00:00,15.6899995803833,15.739999771118164,15.100000381469727,15.140000343322754
2024-12-18 16:00:00+00:00,15.300000190734863,15.449999809265137,15.100000381469727,15.210000038146973
2024-12-18 17:00:00+00:00,15.25,15.300000190734863,15.029999732971191,15.130000114440918
2024-12-18 18:00:00+00:00,15.140000343322754,15.279999732971191,15.100000381469727,15.15999984741211
2024-12-18 19:00:00+00:00,15.25,18.479999542236328,14.819999694824219,18.479999542236328
2024-12-18 20:00:00+00:00,16.579999923706055,24.09000015258789,16.239999771118164,24.09000015258789
2024-12-18 21:00:00+00:00,24.09000015258789,28.31999969482422,24.09000015258789,27.649999618530273
2024-12-19 08:00:00+00:00,21.610000610351562,21.639999389648438,21.049999237060547,21.049999237060547
2024-12-19 09:00:00+00:00,21.559999465942383,21.639999389648438,20.780000686645508,20.920000076293945
2024-12-19 10:00:00+00:00,21.110000610351562,21.110000610351562,20.549999237060547,20.8799991607666
2024-12-19 11:00:00+00:00,20.559999465942383,21.100000381469727,20.559999465942383,21.049999237060547
2024-12-19 12:00:00+00:00,20.950000762939453,21.100000381469727,20.520000457763672,20.559999465942383
2024-12-19 13:00:00+00:00,20.670000076293945,21.260000228881836,20.34000015258789,21.260000228881836
2024-12-19 14:00:00+00:00,20.40999984741211,21.68000030517578,20.15999984741211,21.5
2024-12-19 15:00:00+00:00,20.889999389648438,23.3700008392334,20.15999984741211,22.479999542236328
2024-12-19 16:00:00+00:00,22.709999084472656,23.389999389648438,22.09000015258789,22.309999465942383
2024-12-19 17:00:00+00:00,22.290000915527344,23.81999969482422,22.09000015258789,23.270000457763672
2024-12-19 18:00:00+00:00,23.299999237060547,24.1200008392334,22.68000030517578,22.68000030517578
2024-12-19 19:00:00+00:00,23.209999084472656,23.530000686645508,22.6299991607666,23.510000228881836
2024-12-19 20:00:00+00:00,23.25,23.899999618530273,22.68000030517578,23.610000610351562
2024-12-19 21:00:00+00:00,23.450000762939453,24.110000610351562,23.420000076293945,24.100000381469727
2024-12-20 08:00:00+00:00,24.139999389648438,25.209999084472656,24.139999389648438,24.600000381469727
2024-12-20 09:00:00+00:00,24.420000076293945,25.899999618530273,24.420000076293945,25.719999313354492
2024-12-20 10:00:00+00:00,25.649999618530273,26.010000228881836,25.450000762939453,25.559999465942383
2024-12-20 11:00:00+00:00,25.829999923706055,25.8700008392334,25.350000381469727,25.6299991607666
2024-12-20 12:00:00+00:00,25.6200008392334,26.510000228881836,25.1299991607666,25.139999389648438
2024-12-20 13:00:00+00:00,26.43000030517578,26.459999084472656,23.610000610351562,23.860000610351562
2024-12-20 14:00:00+00:00,24.950000762939453,25.190000534057617,22.079999923706055,22.350000381469727
2024-12-20 15:00:00+00:00,23.350000381469727,23.350000381469727,19.3799991607666,19.59000015258789
2024-12-20 16:00:00+00:00,20.329999923706055,20.329999923706055,17.889999389648438,18.299999237060547
2024-12-20 17:00:00+00:00,18.84000015258789,18.84000015258789,17.889999389648438,18.459999084472656
2024-12-20 18:00:00+00:00,18.020000457763672,19.6200008392334,18.020000457763672,19.530000686645508
2024-12-20 19:00:00+00:00,19.600000381469727,19.709999084472656,18.459999084472656,18.690000534057617
2024-12-20 20:00:00+00:00,18.799999237060547,19.010000228881836,18.059999465942383,18.219999313354492
2024-12-20 21:00:00+00:00,18.18000030517578,18.440000534057617,17.81999969482422,18.3700008392334
2024-12-23 08:00:00+00:00,18.09000015258789,18.350000381469727,18.059999465942383,18.18000030517578
2024-12-23 09:00:00+00:00,18.299999237060547,18.350000381469727,18.100000381469727,18.239999771118164
2024-12-23 10:00:00+00:00,18.209999084472656,18.639999389648438,18.149999618530273,18.600000381469727
2024-12-23 11:00:00+00:00,18.440000534057617,18.989999771118164,18.43000030517578,18.940000534057617
2024-12-23 12:00:00+00:00,18.940000534057617,18.989999771118164,18.420000076293945,18.43000030517578
2024-12-23 13:00:00+00:00,18.5,19.170000076293945,18.25,19.0
2024-12-23 14:00:00+00:00,18.25,19.309999465942383,18.25,18.829999923706055
2024-12-23 15:00:00+00:00,18.399999618530273,20.020000457763672,18.399999618530273,19.219999313354492
2024-12-23 16:00:00+00:00,19.43000030517578,19.520000457763672,17.93000030517578,17.940000534057617
2024-12-23 17:00:00+00:00,18.3799991607666,18.5,17.81999969482422,17.889999389648438
2024-12-23 18:00:00+00:00,18.100000381469727,18.219999313354492,17.420000076293945,17.450000762939453
2024-12-23 19:00:00+00:00,17.6200008392334,17.6200008392334,17.06999969482422,17.389999389648438
2024-12-23 20:00:00+00:00,17.139999389648438,17.75,16.739999771118164,16.860000610351562
2024-12-23 21:00:00+00:00,16.8700008392334,17.030000686645508,16.75,16.799999237060547
2024-12-24 08:00:00+00:00,16.969999313354492,17.040000915527344,16.889999389648438,16.93000030517578
2024-12-24 09:00:00+00:00,16.950000762939453,17.040000915527344,16.65999984741211,16.68000030517578
2024-12-24 10:00:00+00:00,16.760000228881836,16.799999237060547,16.6299991607666,16.6299991607666
2024-12-24 11:00:00+00:00,16.68000030517578,16.899999618530273,16.579999923706055,16.829999923706055
2024-12-24 12:00:00+00:00,16.639999389648438,16.899999618530273,16.639999389648438,16.780000686645508
2024-12-24 13:00:00+00:00,16.790000915527344,16.889999389648438,16.75,16.850000381469727
2024-12-24 14:00:00+00:00,16.75,16.889999389648438,16.540000915527344,16.559999465942383
2024-12-24 15:00:00+00:00,16.809999465942383,16.950000762939453,15.84000015258789,15.9399995803833
2024-12-24 16:00:00+00:00,16.15999984741211,16.950000762939453,15.510000228881836,15.720000267028809
2024-12-24 17:00:00+00:00,15.829999923706055,15.869999885559082,14.619999885559082,14.6899995803833
2024-12-24 18:00:00+00:00,15.130000114440918,15.319999694824219,14.270000457763672,14.270000457763672
2024-12-26 08:00:00+00:00,14.989999771118164,15.220000267028809,14.989999771118164,15.15999984741211
2024-12-26 09:00:00+00:00,15.170000076293945,15.279999732971191,14.989999771118164,15.180000305175781
2024-12-26 10:00:00+00:00,15.229999542236328,15.430000305175781,15.069999694824219,15.369999885559082
2024-12-26 11:00:00+00:00,15.279999732971191,15.529999732971191,15.210000038146973,15.25
2024-12-26 12:00:00+00:00,15.369999885559082,15.369999885559082,15.130000114440918,15.199999809265137
2024-12-26 13:00:00+00:00,15.149999618530273,15.460000038146973,15.130000114440918,15.359999656677246
2024-12-26 14:00:00+00:00,15.319999694824219,15.930000305175781,15.100000381469727,15.350000381469727
2024-12-26 15:00:00+00:00,15.140000343322754,15.930000305175781,15.100000381469727,15.140000343322754
2024-12-26 16:00:00+00:00,15.369999885559082,15.40999984741211,14.630000114440918,14.6899995803833
2024-12-26 17:00:00+00:00,15.010000228881836,15.069999694824219,14.579999923706055,14.890000343322754
2024-12-26 18:00:00+00:00,14.850000381469727,15.069999694824219,14.6899995803833,14.779999732971191
2024-12-26 19:00:00+00:00,14.75,14.949999809265137,14.65999984741211,14.670000076293945
2024-12-26 20:00:00+00:00,14.869999885559082,14.930000305175781,14.550000190734863,14.710000038146973
2024-12-26 21:00:00+00:00,14.739999771118164,14.829999923706055,14.630000114440918,14.729999542236328
2024-12-27 08:00:00+00:00,15.380000114440918,15.529999732971191,15.289999961853027,15.510000228881836
2024-12-27 09:00:00+00:00,15.380000114440918,15.529999732971191,15.329999923706055,15.470000267028809
2024-12-27 10:00:00+00:00,15.40999984741211,15.520000457763672,15.40999984741211,15.430000305175781
2024-12-27 11:00:00+00:00,15.489999771118164,15.489999771118164,15.40999984741211,15.420000076293945
2024-12-27 12:00:00+00:00,15.4399995803833,15.460000038146973,15.319999694824219,15.430000305175781
2024-12-27 13:00:00+00:00,15.390000343322754,15.680000305175781,15.390000343322754,15.65999984741211
2024-12-27 14:00:00+00:00,15.539999961853027,16.6200008392334,15.529999732971191,16.469999313354492
2024-12-27 15:00:00+00:00,15.949999809265137,18.450000762939453,15.949999809265137,17.450000762939453
2024-12-27 16:00:00+00:00,18.200000762939453,18.309999465942383,16.8700008392334,17.700000762939453
2024-12-27 17:00:00+00:00,16.979999542236328,18.31999969482422,16.8700008392334,17.549999237060547
2024-12-27 18:00:00+00:00,17.920000076293945,18.170000076293945,16.690000534057617,16.719999313354492
2024-12-27 19:00:00+00:00,17.459999084472656,17.510000228881836,16.049999237060547,16.059999465942383
2024-12-27 20:00:00+00:00,16.75,16.790000915527344,16.010000228881836,16.209999084472656
2024-12-27 21:00:00+00:00,16.149999618530273,16.149999618530273,15.920000076293945,15.920000076293945
2024-12-30 08:00:00+00:00,17.209999084472656,17.219999313354492,17.100000381469727,17.209999084472656
2024-12-30 09:00:00+00:00,17.15999984741211,17.290000915527344,17.110000610351562,17.239999771118164
2024-12-30 10:00:00+00:00,17.190000534057617,17.270000457763672,17.100000381469727,17.100000381469727
2024-12-30 11:00:00+00:00,17.18000030517578,17.18000030517578,16.899999618530273,16.90999984741211
2024-12-30 12:00:00+00:00,16.959999084472656,18.3799991607666,16.899999618530273,18.110000610351562
2024-12-30 13:00:00+00:00,17.110000610351562,18.610000610351562,17.09000015258789,18.530000686645508
2024-12-30 14:00:00+00:00,17.979999542236328,19.079999923706055,17.90999984741211,19.079999923706055
2024-12-30 15:00:00+00:00,18.329999923706055,19.219999313354492,17.799999237060547,17.8700008392334
2024-12-30 16:00:00+00:00,18.969999313354492,18.969999313354492,16.81999969482422,16.950000762939453
2024-12-30 17:00:00+00:00,17.270000457763672,17.270000457763672,16.510000228881836,16.600000381469727
2024-12-30 18:00:00+00:00,16.68000030517578,16.979999542236328,16.510000228881836,16.65999984741211
2024-12-30 19:00:00+00:00,16.8799991607666,16.920000076293945,16.450000762939453,16.489999771118164
2024-12-30 20:00:00+00:00,16.68000030517578,17.15999984741211,16.440000534057617,17.15999984741211
2024-12-30 21:00:00+00:00,17.190000534057617,17.43000030517578,17.190000534057617,17.399999618530273
2024-12-31 08:00:00+00:00,17.389999389648438,17.450000762939453,17.309999465942383,17.329999923706055
2024-12-31 09:00:00+00:00,17.43000030517578,17.440000534057617,16.790000915527344,16.799999237060547
2024-12-31 10:00:00+00:00,16.899999618530273,16.940000534057617,16.760000228881836,16.799999237060547
2024-12-31 11:00:00+00:00,16.81999969482422,16.850000381469727,16.75,16.799999237060547
2024-12-31 12:00:00+00:00,16.850000381469727,16.950000762939453,16.68000030517578,16.899999618530273
2024-12-31 13:00:00+00:00,16.770000457763672,17.030000686645508,16.770000457763672,16.8799991607666
2024-12-31 14:00:00+00:00,16.8799991607666,17.260000228881836,16.790000915527344,16.979999542236328
2024-12-31 15:00:00+00:00,16.940000534057617,17.299999237060547,16.68000030517578,16.860000610351562
2024-12-31 16:00:00+00:00,16.90999984741211,17.549999237060547,16.790000915527344,17.290000915527344
2024-12-31 17:00:00+00:00,17.43000030517578,17.729999542236328,17.110000610351562,17.110000610351562
2024-12-31 18:00:00+00:00,17.479999542236328,17.760000228881836,17.079999923706055,17.610000610351562
2024-12-31 19:00:00+00:00,17.709999084472656,17.809999465942383,17.3799991607666,17.459999084472656
2024-12-31 20:00:00+00:00,17.700000762939453,17.809999465942383,17.100000381469727,17.3700008392334
2024-12-31 21:00:00+00:00,17.350000381469727,17.5,17.31999969482422,17.34000015258789
2025-01-02 08:00:00+00:00,17.209999084472656,17.59000015258789,17.209999084472656,17.3799991607666
2025-01-02 09:00:00+00:00,17.489999771118164,17.59000015258789,17.239999771118164,17.280000686645508
2025-01-02 10:00:00+00:00,17.280000686645508,17.459999084472656,17.200000762939453,17.239999771118164
2025-01-02 11:00:00+00:00,17.260000228881836,17.3700008392334,17.06999969482422,17.100000381469727
2025-01-02 12:00:00+00:00,17.260000228881836,17.309999465942383,17.040000915527344,17.15999984741211
2025-01-02 13:00:00+00:00,17.059999465942383,17.299999237060547,17.030000686645508,17.170000076293945
2025-01-02 14:00:00+00:00,17.25,18.18000030517578,17.030000686645508,17.280000686645508
2025-01-02 15:00:00+00:00,17.270000457763672,18.18000030517578,16.959999084472656,17.299999237060547
2025-01-02 16:00:00+00:00,17.440000534057617,17.8700008392334,16.969999313354492,17.1299991607666
2025-01-02 17:00:00+00:00,17.34000015258789,19.0,16.969999313354492,18.360000610351562
2025-01-02 18:00:00+00:00,17.989999771118164,19.5,17.989999771118164,18.969999313354492
2025-01-02 19:00:00+00:00,18.719999313354492,19.5,18.170000076293945,18.530000686645508
2025-01-02 20:00:00+00:00,18.3799991607666,18.709999084472656,17.829999923706055,18.06999969482422
2025-01-02 21:00:00+00:00,17.989999771118164,18.0,17.90999984741211,17.940000534057617
2025-01-03 08:00:00+00:00,17.65999984741211,17.899999618530273,17.65999984741211,17.81999969482422
2025-01-03 09:00:00+00:00,17.81999969482422,17.899999618530273,17.600000381469727,17.65999984741211
2025-01-03 10:00:00+00:00,17.639999389648438,17.8700008392334,17.6200008392334,17.850000381469727
2025-01-03 11:00:00+00:00,17.770000457763672,17.940000534057617,17.770000457763672,17.84000015258789
2025-01-03 12:00:00+00:00,17.8700008392334,17.940000534057617,17.760000228881836,17.760000228881836
2025-01-03 13:00:00+00:00,17.84000015258789,17.8799991607666,17.6299991607666,17.739999771118164
2025-01-03 14:00:00+00:00,17.65999984741211,17.75,17.030000686645508,17.440000534057617
2025-01-03 15:00:00+00:00,17.3700008392334,17.709999084472656,16.940000534057617,16.969999313354492
2025-01-03 16:00:00+00:00,17.25,17.34000015258789,16.489999771118164,16.610000610351562
2025-01-03 17:00:00+00:00,16.739999771118164,16.81999969482422,16.489999771118164,16.600000381469727
2025-01-03 18:00:00+00:00,16.780000686645508,16.81999969482422,16.360000610351562,16.5
2025-01-03 19:00:00+00:00,16.40999984741211,16.510000228881836,16.290000915527344,16.34000015258789
2025-01-03 20:00:00+00:00,16.3700008392334,16.450000762939453,16.110000610351562,16.110000610351562
2025-01-03 21:00:00+00:00,16.1299991607666,16.200000762939453,16.1200008392334,16.1299991607666
2025-01-06 08:00:00+00:00,16.770000457763672,16.8700008392334,16.739999771118164,16.75
2025-01-06 09:00:00+00:00,16.84000015258789,16.84000015258789,16.56999969482422,16.56999969482422
2025-01-06 10:00:00+00:00,16.65999984741211,16.68000030517578,16.520000457763672,16.579999923706055
2025-01-06 11:00:00+00:00,16.559999465942383,16.68000030517578,16.3799991607666,16.43000030517578
2025-01-06 12:00:00+00:00,16.459999084472656,16.520000457763672,16.3799991607666,16.450000762939453
2025-01-06 13:00:00+00:00,16.479999542236328,16.489999771118164,16.280000686645508,16.290000915527344
2025-01-06 14:00:00+00:00,16.34000015258789,16.6200008392334,15.930000305175781,16.09000015258789
2025-01-06 15:00:00+00:00,16.239999771118164,16.280000686645508,15.75,15.779999732971191
2025-01-06 16:00:00+00:00,15.779999732971191,15.930000305175781,15.710000038146973,15.819999694824219
2025-01-06 17:00:00+00:00,15.890000343322754,16.09000015258789,15.770000457763672,16.010000228881836
2025-01-06 18:00:00+00:00,15.859999656677246,16.43000030517578,15.8100004196167,16.43000030517578
2025-01-06 19:00:00+00:00,16.0,16.670000076293945,16.0,16.479999542236328
2025-01-06 20:00:00+00:00,16.31999969482422,16.610000610351562,16.18000030517578,16.18000030517578
2025-01-06 21:00:00+00:00,16.1299991607666,16.1299991607666,16.010000228881836,16.030000686645508
2025-01-07 08:00:00+00:00,16.479999542236328,16.530000686645508,16.270000457763672,16.309999465942383
2025-01-07 09:00:00+00:00,16.510000228881836,16.510000228881836,16.260000228881836,16.350000381469727
2025-01-07 10:00:00+00:00,16.309999465942383,16.3700008392334,16.190000534057617,16.190000534057617
2025-01-07 11:00:00+00:00,16.239999771118164,16.309999465942383,16.170000076293945,16.229999542236328
2025-01-07 12:00:00+00:00,16.170000076293945,16.309999465942383,16.079999923706055,16.149999618530273
2025-01-07 13:00:00+00:00,16.200000762939453,16.200000762939453,15.930000305175781,15.930000305175781
2025-01-07 14:00:00+00:00,16.110000610351562,16.139999389648438,15.789999961853027,16.1200008392334
2025-01-07 15:00:00+00:00,15.800000190734863,17.799999237060547,15.789999961853027,17.0
2025-01-07 16:00:00+00:00,17.06999969482422,17.799999237060547,16.920000076293945,17.690000534057617
2025-01-07 17:00:00+00:00,17.1299991607666,17.90999984741211,17.1299991607666,17.540000915527344
2025-01-07 18:00:00+00:00,17.709999084472656,17.90999984741211,17.040000915527344,17.3799991607666
2025-01-07 19:00:00+00:00,17.040000915527344,17.65999984741211,17.040000915527344,17.600000381469727
2025-01-07 20:00:00+00:00,17.25,18.899999618530273,17.25,18.06999969482422
2025-01-07 21:00:00+00:00,18.030000686645508,18.030000686645508,17.81999969482422,17.81999969482422
2025-01-08 08:00:00+00:00,17.90999984741211,17.940000534057617,17.809999465942383,17.850000381469727
2025-01-08 09:00:00+00:00,17.920000076293945,17.940000534057617,17.790000915527344,17.829999923706055
2025-01-08 10:00:00+00:00,17.84000015258789,17.860000610351562,17.709999084472656,17.719999313354492
2025-01-08 11:00:00+00:00,17.739999771118164,19.079999923706055,17.709999084472656,18.3799991607666
2025-01-08 12:00:00+00:00,18.049999237060547,19.5,18.010000228881836,19.360000610351562
2025-01-08 13:00:00+00:00,19.3700008392334,19.5,18.489999771118164,18.559999465942383
2025-01-08 14:00:00+00:00,18.65999984741211,19.270000457763672,18.489999771118164,19.1200008392334
2025-01-08 15:00:00+00:00,18.850000381469727,19.420000076293945,18.469999313354492,18.469999313354492
2025-01-08 16:00:00+00:00,19.260000228881836,19.270000457763672,17.8700008392334,17.920000076293945
2025-01-08 17:00:00+00:00,18.510000228881836,19.1200008392334,17.8700008392334,18.459999084472656
2025-01-08 18:00:00+00:00,19.040000915527344,19.1200008392334,17.670000076293945,18.15999984741211
2025-01-08 19:00:00+00:00,17.739999771118164,18.3799991607666,17.3700008392334,17.579999923706055
2025-01-08 20:00:00+00:00,17.40999984741211,17.81999969482422,17.40999984741211,17.559999465942383
2025-01-08 21:00:00+00:00,17.610000610351562,17.729999542236328,17.520000457763672,17.709999084472656
2025-01-09 14:00:00+00:00,18.200000762939453,18.200000762939453,18.06999969482422,18.06999969482422
2025-01-10 08:00:00+00:00,18.290000915527344,18.40999984741211,18.219999313354492,18.3700008392334
2025-01-10 09:00:00+00:00,18.25,18.610000610351562,18.25,18.5
2025-01-10 10:00:00+00:00,18.520000457763672,18.579999923706055,18.239999771118164,18.260000228881836
2025-01-10 11:00:00+00:00,18.40999984741211,18.40999984741211,18.049999237060547,18.3700008392334
2025-01-10 12:00:00+00:00,18.219999313354492,18.6200008392334,18.170000076293945,18.25
2025-01-10 13:00:00+00:00,18.43000030517578,19.40999984741211,18.190000534057617,19.06999969482422
2025-01-10 14:00:00+00:00,18.190000534057617,19.40999984741211,18.190000534057617,19.219999313354492
2025-01-10 15:00:00+00:00,18.950000762939453,20.309999465942383,18.780000686645508,19.639999389648438
2025-01-10 16:00:00+00:00,19.360000610351562,20.020000457763672,19.190000534057617,19.799999237060547
2025-01-10 17:00:00+00:00,19.690000534057617,20.020000457763672,19.079999923706055,19.079999923706055
2025-01-10 18:00:00+00:00,19.6200008392334,19.6200008392334,18.459999084472656,18.459999084472656
2025-01-10 19:00:00+00:00,18.65999984741211,19.110000610351562,18.459999084472656,18.829999923706055
2025-01-10 20:00:00+00:00,18.81999969482422,19.68000030517578,18.709999084472656,19.559999465942383
2025-01-10 21:00:00+00:00,19.559999465942383,19.68000030517578,19.489999771118164,19.559999465942383
2025-01-13 08:00:00+00:00,21.18000030517578,21.65999984741211,21.15999984741211,21.649999618530273
2025-01-13 09:00:00+00:00,21.530000686645508,22.040000915527344,21.43000030517578,21.940000534057617
2025-01-13 10:00:00+00:00,22.0,22.020000457763672,21.559999465942383,21.729999542236328
2025-01-13 11:00:00+00:00,21.780000686645508,21.780000686645508,21.510000228881836,21.549999237060547
2025-01-13 12:00:00+00:00,21.670000076293945,21.770000457763672,21.139999389648438,21.219999313354492
2025-01-13 13:00:00+00:00,21.43000030517578,21.459999084472656,21.100000381469727,21.270000457763672
2025-01-13 14:00:00+00:00,21.219999313354492,21.479999542236328,20.399999618530273,20.479999542236328
2025-01-13 15:00:00+00:00,21.350000381469727,21.420000076293945,20.079999923706055,20.40999984741211
2025-01-13 16:00:00+00:00,20.950000762939453,20.950000762939453,20.079999923706055,20.649999618530273
2025-01-13 17:00:00+00:00,20.540000915527344,20.729999542236328,19.450000762939453,19.450000762939453
2025-01-13 18:00:00+00:00,19.950000762939453,20.06999969482422,19.280000686645508,19.280000686645508
2025-01-13 19:00:00+00:00,19.479999542236328,19.530000686645508,19.15999984741211,19.34000015258789
2025-01-13 20:00:00+00:00,19.200000762939453,19.540000915527344,19.15999984741211,19.229999542236328
2025-01-13 21:00:00+00:00,19.190000534057617,19.270000457763672,19.149999618530273,19.219999313354492
2025-01-14 08:00:00+00:00,18.790000915527344,18.790000915527344,18.520000457763672,18.6299991607666
2025-01-14 09:00:00+00:00,18.690000534057617,18.81999969482422,18.520000457763672,18.780000686645508
2025-01-14 10:00:00+00:00,18.790000915527344,18.8799991607666,18.739999771118164,18.799999237060547
2025-01-14 11:00:00+00:00,18.8700008392334,18.969999313354492,18.760000228881836,18.93000030517578
2025-01-14 12:00:00+00:00,18.90999984741211,19.200000762939453,18.889999389648438,19.040000915527344
2025-01-14 13:00:00+00:00,19.06999969482422,19.350000381469727,18.530000686645508,18.860000610351562
2025-01-14 14:00:00+00:00,19.239999771118164,19.239999771118164,18.34000015258789,18.8799991607666
2025-01-14 15:00:00+00:00,18.75,18.920000076293945,18.260000228881836,18.760000228881836
2025-01-14 16:00:00+00:00,18.520000457763672,19.540000915527344,18.3799991607666,19.540000915527344
2025-01-14 17:00:00+00:00,18.93000030517578,19.65999984741211,18.81999969482422,19.229999542236328
2025-01-14 18:00:00+00:00,19.360000610351562,19.65999984741211,18.399999618530273,18.459999084472656
2025-01-14 19:00:00+00:00,18.84000015258789,19.200000762939453,18.3799991607666,19.18000030517578
2025-01-14 20:00:00+00:00,18.520000457763672,19.59000015258789,18.43000030517578,18.920000076293945
2025-01-14 21:00:00+00:00,18.920000076293945,18.920000076293945,18.719999313354492,18.729999542236328
2025-01-15 08:00:00+00:00,19.079999923706055,19.139999389648438,19.049999237060547,19.079999923706055
2025-01-15 09:00:00+00:00,19.06999969482422,19.110000610351562,18.860000610351562,18.90999984741211
2025-01-15 10:00:00+00:00,18.989999771118164,18.989999771118164,18.809999465942383,18.829999923706055
2025-01-15 11:00:00+00:00,18.889999389648438,18.889999389648438,18.610000610351562,18.65999984741211
2025-01-15 12:00:00+00:00,18.84000015258789,18.84000015258789,18.56999969482422,18.670000076293945
2025-01-15 13:00:00+00:00,18.739999771118164,18.75,17.020000457763672,17.200000762939453
2025-01-15 14:00:00+00:00,18.3799991607666,18.3799991607666,16.639999389648438,16.700000762939453
2025-01-15 15:00:00+00:00,16.93000030517578,17.15999984741211,16.350000381469727,16.56999969482422
2025-01-15 16:00:00+00:00,16.420000076293945,16.979999542236328,16.350000381469727,16.93000030517578
2025-01-15 17:00:00+00:00,16.600000381469727,16.979999542236328,16.59000015258789,16.739999771118164
2025-01-15 18:00:00+00:00,16.709999084472656,16.75,16.360000610351562,16.389999389648438
2025-01-15 19:00:00+00:00,16.530000686645508,16.530000686645508,16.139999389648438,16.149999618530273
2025-01-15 20:00:00+00:00,16.209999084472656,16.270000457763672,15.960000038146973,16.1200008392334
2025-01-15 21:00:00+00:00,16.1299991607666,16.170000076293945,16.030000686645508,16.110000610351562
2025-01-16 08:00:00+00:00,15.869999885559082,15.989999771118164,15.84000015258789,15.989999771118164
2025-01-16 09:00:00+00:00,15.890000343322754,16.139999389648438,15.850000381469727,16.020000457763672
2025-01-16 10:00:00+00:00,16.059999465942383,16.149999618530273,15.930000305175781,15.989999771118164
2025-01-16 11:00:00+00:00,15.949999809265137,16.079999923706055,15.930000305175781,16.020000457763672
2025-01-16 12:00:00+00:00,16.0,16.360000610351562,15.960000038146973,16.350000381469727
2025-01-16 13:00:00+00:00,16.209999084472656,16.420000076293945,16.110000610351562,16.15999984741211
2025-01-16 14:00:00+00:00,16.1299991607666,16.270000457763672,15.789999961853027,16.15999984741211
2025-01-16 15:00:00+00:00,16.09000015258789,16.25,15.789999961853027,15.789999961853027
2025-01-16 16:00:00+00:00,16.049999237060547,16.1200008392334,15.640000343322754,15.829999923706055
2025-01-16 17:00:00+00:00,15.869999885559082,16.1200008392334,15.800000190734863,15.970000267028809
2025-01-16 18:00:00+00:00,15.819999694824219,16.389999389648438,15.819999694824219,16.270000457763672
2025-01-16 19:00:00+00:00,16.09000015258789,16.389999389648438,15.960000038146973,16.010000228881836
2025-01-16 20:00:00+00:00,16.1200008392334,16.299999237060547,15.930000305175781,16.299999237060547
2025-01-16 21:00:00+00:00,16.270000457763672,16.59000015258789,16.270000457763672,16.59000015258789
2025-01-17 08:00:00+00:00,16.190000534057617,16.229999542236328,16.09000015258789,16.110000610351562
2025-01-17 09:00:00+00:00,16.200000762939453,16.200000762939453,16.020000457763672,16.09000015258789
2025-01-17 10:00:00+00:00,16.040000915527344,16.15999984741211,16.030000686645508,16.1299991607666
2025-01-17 11:00:00+00:00,16.100000381469727,16.200000762939453,16.040000915527344,16.18000030517578
2025-01-17 12:00:00+00:00,16.100000381469727,16.200000762939453,16.030000686645508,16.06999969482422
2025-01-17 13:00:00+00:00,16.059999465942383,16.1299991607666,15.789999961853027,15.850000381469727
2025-01-17 14:00:00+00:00,15.869999885559082,16.059999465942383,15.670000076293945,15.819999694824219
2025-01-17 15:00:00+00:00,15.880000114440918,16.059999465942383,15.529999732971191,15.619999885559082
2025-01-17 16:00:00+00:00,15.649999618530273,15.729999542236328,15.529999732971191,15.720000267028809
2025-01-17 17:00:00+00:00,15.649999618530273,15.84000015258789,15.609999656677246,15.75
2025-01-17 18:00:00+00:00,15.699999809265137,16.1200008392334,15.699999809265137,16.020000457763672
2025-01-17 19:00:00+00:00,15.920000076293945,16.1200008392334,15.890000343322754,15.9399995803833
2025-01-17 20:00:00+00:00,16.020000457763672,16.030000686645508,15.779999732971191,15.970000267028809
2025-01-17 21:00:00+00:00,15.9399995803833,15.979999542236328,15.890000343322754,15.960000038146973
2025-01-20 08:00:00+00:00,16.459999084472656,16.59000015258789,16.459999084472656,16.520000457763672
2025-01-20 09:00:00+00:00,16.579999923706055,16.59000015258789,16.450000762939453,16.450000762939453
2025-01-20 10:00:00+00:00,16.489999771118164,16.520000457763672,16.389999389648438,16.420000076293945
2025-01-20 11:00:00+00:00,16.440000534057617,16.459999084472656,16.31999969482422,16.329999923706055
2025-01-20 12:00:00+00:00,16.420000076293945,16.459999084472656,16.309999465942383,16.399999618530273
2025-01-20 13:00:00+00:00,16.450000762939453,16.450000762939453,16.020000457763672,16.06999969482422
2025-01-20 14:00:00+00:00,16.450000762939453,16.450000762939453,15.84000015258789,15.859999656677246
2025-01-20 15:00:00+00:00,15.979999542236328,16.049999237060547,15.84000015258789,15.949999809265137
2025-01-20 16:00:00+00:00,15.960000038146973,16.049999237060547,15.800000190734863,15.8100004196167
2025-01-21 08:00:00+00:00,16.290000915527344,16.290000915527344,15.989999771118164,16.0
2025-01-21 09:00:00+00:00,16.170000076293945,16.170000076293945,15.720000267028809,15.720000267028809
2025-01-21 10:00:00+00:00,15.859999656677246,15.859999656677246,15.670000076293945,15.8100004196167
2025-01-21 11:00:00+00:00,15.729999542236328,15.949999809265137,15.729999542236328,15.899999618530273
2025-01-21 12:00:00+00:00,15.899999618530273,15.979999542236328,15.739999771118164,15.760000228881836
2025-01-21 13:00:00+00:00,15.770000457763672,15.800000190734863,15.65999984741211,15.670000076293945
2025-01-21 14:00:00+00:00,15.770000457763672,15.90999984741211,15.569999694824219,15.619999885559082
2025-01-21 15:00:00+00:00,15.819999694824219,15.90999984741211,15.359999656677246,15.380000114440918
2025-01-21 16:00:00+00:00,15.380000114440918,15.510000228881836,15.180000305175781,15.180000305175781
2025-01-21 17:00:00+00:00,15.279999732971191,15.369999885559082,15.149999618530273,15.170000076293945
2025-01-21 18:00:00+00:00,15.229999542236328,15.289999961853027,15.100000381469727,15.109999656677246
2025-01-21 19:00:00+00:00,15.149999618530273,15.329999923706055,15.100000381469727,15.100000381469727
2025-01-21 20:00:00+00:00,15.239999771118164,15.329999923706055,14.970000267028809,15.039999961853027
2025-01-21 21:00:00+00:00,15.319999694824219,15.319999694824219,14.930000305175781,15.0600004196167
2025-01-22 08:00:00+00:00,14.890000343322754,14.890000343322754,14.770000457763672,14.800000190734863
2025-01-22 09:00:00+00:00,14.829999923706055,14.869999885559082,14.760000228881836,14.859999656677246
2025-01-22 10:00:00+00:00,14.8100004196167,14.899999618530273,14.8100004196167,14.890000343322754
2025-01-22 11:00:00+00:00,14.869999885559082,14.930000305175781,14.850000381469727,14.920000076293945
2025-01-22 12:00:00+00:00,14.890000343322754,14.930000305175781,14.789999961853027,14.829999923706055
2025-01-22 13:00:00+00:00,14.84000015258789,14.84000015258789,14.59000015258789,14.600000381469727
2025-01-22 14:00:00+00:00,14.75,15.289999961853027,14.59000015258789,15.119999885559082
2025-01-22 15:00:00+00:00,15.140000343322754,15.210000038146973,14.779999732971191,14.859999656677246
2025-01-22 16:00:00+00:00,14.9399995803833,15.140000343322754,14.779999732971191,15.140000343322754
2025-01-22 17:00:00+00:00,14.979999542236328,15.220000267028809,14.979999542236328,15.220000267028809
2025-01-22 18:00:00+00:00,15.130000114440918,15.279999732971191,14.989999771118164,15.069999694824219
2025-01-22 19:00:00+00:00,15.210000038146973,15.210000038146973,14.960000038146973,14.960000038146973
2025-01-22 20:00:00+00:00,15.149999618530273,15.289999961853027,14.920000076293945,15.100000381469727
2025-01-22 21:00:00+00:00,15.100000381469727,15.119999885559082,15.09000015258789,15.100000381469727
2025-01-23 08:00:00+00:00,15.279999732971191,15.369999885559082,15.270000457763672,15.329999923706055
2025-01-23 09:00:00+00:00,15.270000457763672,15.390000343322754,15.270000457763672,15.289999961853027
2025-01-23 10:00:00+00:00,15.34000015258789,15.369999885559082,15.229999542236328,15.34000015258789
2025-01-23 11:00:00+00:00,15.260000228881836,15.350000381469727,15.260000228881836,15.300000190734863
2025-01-23 12:00:00+00:00,15.300000190734863,15.3100004196167,15.199999809265137,15.210000038146973
2025-01-23 13:00:00+00:00,15.25,15.329999923706055,15.130000114440918,15.170000076293945
2025-01-23 14:00:00+00:00,15.329999923706055,15.329999923706055,14.8100004196167,14.859999656677246
2025-01-23 15:00:00+00:00,15.069999694824219,15.069999694824219,14.710000038146973,14.75
2025-01-23 16:00:00+00:00,14.869999885559082,14.869999885559082,14.640000343322754,14.710000038146973
2025-01-23 17:00:00+00:00,14.75,14.800000190734863,14.600000381469727,14.609999656677246
2025-01-23 18:00:00+00:00,14.670000076293945,14.779999732971191,14.59000015258789,14.739999771118164
2025-01-23 19:00:00+00:00,14.710000038146973,15.0,14.680000305175781,14.90999984741211
2025-01-23 20:00:00+00:00,14.949999809265137,15.010000228881836,14.819999694824219,14.930000305175781
2025-01-23 21:00:00+00:00,14.960000038146973,15.020000457763672,14.949999809265137,15.020000457763672
2025-01-24 08:00:00+00:00,15.020000457763672,15.029999732971191,14.960000038146973,15.029999732971191
2025-01-24 09:00:00+00:00,15.0,15.029999732971191,14.960000038146973,15.0
2025-01-24 10:00:00+00:00,14.979999542236328,15.119999885559082,14.979999542236328,15.039999961853027
2025-01-24 11:00:00+00:00,15.050000190734863,15.119999885559082,15.029999732971191,15.039999961853027
2025-01-24 12:00:00+00:00,15.0600004196167,15.069999694824219,14.970000267028809,15.050000190734863
2025-01-24 13:00:00+00:00,14.970000267028809,15.09000015258789,14.970000267028809,14.989999771118164
2025-01-24 14:00:00+00:00,15.069999694824219,15.079999923706055,14.75,14.75
2025-01-24 15:00:00+00:00,14.920000076293945,15.039999961853027,14.65999984741211,14.760000228881836
2025-01-24 16:00:00+00:00,14.710000038146973,14.770000457763672,14.600000381469727,14.739999771118164
2025-01-24 17:00:00+00:00,14.640000343322754,14.890000343322754,14.579999923706055,14.890000343322754
2025-01-24 18:00:00+00:00,14.649999618530273,15.079999923706055,14.640000343322754,15.029999732971191
2025-01-24 19:00:00+00:00,14.920000076293945,15.15999984741211,14.729999542236328,14.890000343322754
2025-01-24 20:00:00+00:00,14.920000076293945,14.930000305175781,14.729999542236328,14.8100004196167
2025-01-24 21:00:00+00:00,14.800000190734863,14.890000343322754,14.770000457763672,14.859999656677246
2025-01-27 08:00:00+00:00,18.829999923706055,19.479999542236328,18.829999923706055,19.139999389648438
2025-01-27 09:00:00+00:00,19.030000686645508,19.479999542236328,18.81999969482422,19.059999465942383
2025-01-27 10:00:00+00:00,18.979999542236328,22.510000228881836,18.84000015258789,21.809999465942383
2025-01-27 11:00:00+00:00,19.829999923706055,22.510000228881836,19.799999237060547,21.6200008392334
2025-01-27 12:00:00+00:00,20.969999313354492,21.68000030517578,20.639999389648438,20.920000076293945
2025-01-27 13:00:00+00:00,21.239999771118164,21.280000686645508,20.329999923706055,21.149999618530273
2025-01-27 14:00:00+00:00,20.350000381469727,21.770000457763672,18.56999969482422,18.56999969482422
2025-01-27 15:00:00+00:00,20.610000610351562,20.610000610351562,17.799999237060547,18.1299991607666
2025-01-27 16:00:00+00:00,18.31999969482422,19.290000915527344,17.799999237060547,18.780000686645508
2025-01-27 17:00:00+00:00,19.200000762939453,19.290000915527344,18.389999389648438,19.059999465942383
2025-01-27 18:00:00+00:00,18.549999237060547,19.079999923706055,18.440000534057617,18.59000015258789
2025-01-27 19:00:00+00:00,18.899999618530273,18.899999618530273,17.56999969482422,18.260000228881836
2025-01-27 20:00:00+00:00,17.600000381469727,18.510000228881836,17.600000381469727,18.020000457763672
2025-01-27 21:00:00+00:00,17.989999771118164,18.030000686645508,17.829999923706055,17.920000076293945
2025-01-28 08:00:00+00:00,18.290000915527344,18.3700008392334,17.770000457763672,17.790000915527344
2025-01-28 09:00:00+00:00,18.25,18.25,17.610000610351562,17.610000610351562
2025-01-28 10:00:00+00:00,17.799999237060547,17.84000015258789,17.459999084472656,17.579999923706055
2025-01-28 11:00:00+00:00,17.5,17.8700008392334,17.489999771118164,17.81999969482422
2025-01-28 12:00:00+00:00,17.709999084472656,18.209999084472656,17.700000762939453,17.8799991607666
2025-01-28 13:00:00+00:00,18.1200008392334,18.18000030517578,17.600000381469727,17.770000457763672
2025-01-28 14:00:00+00:00,17.68000030517578,18.389999389648438,17.600000381469727,17.920000076293945
2025-01-28 15:00:00+00:00,17.610000610351562,18.389999389648438,16.860000610351562,16.940000534057617
2025-01-28 16:00:00+00:00,16.93000030517578,17.329999923706055,16.829999923706055,16.950000762939453
2025-01-28 17:00:00+00:00,17.260000228881836,17.309999465942383,16.540000915527344,16.600000381469727
2025-01-28 18:00:00+00:00,16.600000381469727,16.719999313354492,16.389999389648438,16.68000030517578
2025-01-28 19:00:00+00:00,16.43000030517578,16.850000381469727,16.399999618530273,16.510000228881836
2025-01-28 20:00:00+00:00,16.68000030517578,16.68000030517578,16.25,16.329999923706055
2025-01-28 21:00:00+00:00,16.350000381469727,16.469999313354492,16.350000381469727,16.40999984741211
2025-01-29 08:00:00+00:00,16.420000076293945,16.5,16.3799991607666,16.5
2025-01-29 09:00:00+00:00,16.399999618530273,16.59000015258789,16.3799991607666,16.489999771118164
2025-01-29 10:00:00+00:00,16.510000228881836,16.540000915527344,16.450000762939453,16.450000762939453
2025-01-29 11:00:00+00:00,16.530000686645508,16.540000915527344,16.420000076293945,16.440000534057617
2025-01-29 12:00:00+00:00,16.5,16.56999969482422,16.420000076293945,16.520000457763672
2025-01-29 13:00:00+00:00,16.5,16.889999389648438,16.5,16.770000457763672
2025-01-29 14:00:00+00:00,16.84000015258789,17.0,16.610000610351562,16.809999465942383
2025-01-29 15:00:00+00:00,16.670000076293945,17.0,16.530000686645508,16.719999313354492
2025-01-29 16:00:00+00:00,16.709999084472656,16.969999313354492,16.610000610351562,16.93000030517578
2025-01-29 17:00:00+00:00,16.8799991607666,17.06999969482422,16.739999771118164,17.06999969482422
2025-01-29 18:00:00+00:00,16.809999465942383,17.700000762939453,16.780000686645508,17.25
2025-01-29 19:00:00+00:00,17.010000228881836,18.079999923706055,16.520000457763672,16.68000030517578
2025-01-29 20:00:00+00:00,17.450000762939453,17.489999771118164,16.170000076293945,16.520000457763672
2025-01-29 21:00:00+00:00,16.510000228881836,16.81999969482422,16.360000610351562,16.549999237060547
2025-01-30 08:00:00+00:00,15.930000305175781,15.9399995803833,15.819999694824219,15.829999923706055
2025-01-30 09:00:00+00:00,15.869999885559082,16.0,15.819999694824219,15.970000267028809
2025-01-30 10:00:00+00:00,15.899999618530273,16.049999237060547,15.890000343322754,16.030000686645508
2025-01-30 11:00:00+00:00,16.020000457763672,16.030000686645508,15.920000076293945,16.010000228881836
2025-01-30 12:00:00+00:00,15.9399995803833,16.209999084472656,15.859999656677246,16.049999237060547
2025-01-30 13:00:00+00:00,16.139999389648438,16.18000030517578,15.760000228881836,15.859999656677246
2025-01-30 14:00:00+00:00,16.09000015258789,16.09000015258789,15.369999885559082,15.600000381469727
2025-01-30 15:00:00+00:00,15.75,16.100000381469727,15.369999885559082,16.06999969482422
2025-01-30 16:00:00+00:00,15.880000114440918,16.239999771118164,15.430000305175781,15.479999542236328
2025-01-30 17:00:00+00:00,15.670000076293945,15.819999694824219,15.430000305175781,15.550000190734863
2025-01-30 18:00:00+00:00,15.779999732971191,15.800000190734863,15.34000015258789,15.390000343322754
2025-01-30 19:00:00+00:00,15.479999542236328,15.520000457763672,15.34000015258789,15.350000381469727
2025-01-30 20:00:00+00:00,15.460000038146973,16.420000076293945,15.319999694824219,15.869999885559082
2025-01-30 21:00:00+00:00,15.869999885559082,15.960000038146973,15.680000305175781,15.829999923706055
2025-01-31 08:00:00+00:00,15.449999809265137,15.449999809265137,15.359999656677246,15.4399995803833
2025-01-31 09:00:00+00:00,15.40999984741211,15.449999809265137,15.289999961853027,15.34000015258789
2025-01-31 10:00:00+00:00,15.300000190734863,15.359999656677246,15.289999961853027,15.329999923706055
2025-01-31 11:00:00+00:00,15.319999694824219,15.34000015258789,15.229999542236328,15.239999771118164
2025-01-31 12:00:00+00:00,15.260000228881836,15.300000190734863,15.220000267028809,15.279999732971191
2025-01-31 13:00:00+00:00,15.25,15.359999656677246,15.220000267028809,15.25
2025-01-31 14:00:00+00:00,15.239999771118164,15.430000305175781,15.220000267028809,15.3100004196167
2025-01-31 15:00:00+00:00,15.239999771118164,15.430000305175781,15.220000267028809,15.319999694824219
2025-01-31 16:00:00+00:00,15.329999923706055,15.359999656677246,15.170000076293945,15.270000457763672
2025-01-31 17:00:00+00:00,15.260000228881836,15.329999923706055,14.899999618530273,15.069999694824219
2025-01-31 18:00:00+00:00,15.010000228881836,16.049999237060547,14.899999618530273,15.859999656677246
2025-01-31 19:00:00+00:00,15.510000228881836,16.860000610351562,15.510000228881836,16.260000228881836
2025-01-31 20:00:00+00:00,16.389999389648438,17.09000015258789,16.100000381469727,16.600000381469727
2025-01-31 21:00:00+00:00,16.670000076293945,16.729999542236328,16.399999618530273,16.450000762939453
2025-02-03 08:00:00+00:00,20.360000610351562,20.40999984741211,19.90999984741211,19.950000762939453
2025-02-03 09:00:00+00:00,20.100000381469727,20.219999313354492,19.850000381469727,20.1200008392334
2025-02-03 10:00:00+00:00,19.979999542236328,20.329999923706055,19.780000686645508,19.84000015258789
2025-02-03 11:00:00+00:00,20.049999237060547,20.049999237060547,19.549999237060547,19.639999389648438
2025-02-03 12:00:00+00:00,19.700000762939453,20.09000015258789,19.56999969482422,19.979999542236328
2025-02-03 13:00:00+00:00,19.6299991607666,20.09000015258789,19.40999984741211,19.65999984741211
2025-02-03 14:00:00+00:00,19.65999984741211,19.899999618530273,18.770000457763672,19.270000457763672
2025-02-03 15:00:00+00:00,19.290000915527344,20.420000076293945,17.729999542236328,18.010000228881836
2025-02-03 16:00:00+00:00,18.479999542236328,18.59000015258789,17.65999984741211,18.43000030517578
2025-02-03 17:00:00+00:00,18.1200008392334,18.829999923706055,17.84000015258789,18.440000534057617
2025-02-03 18:00:00+00:00,18.3799991607666,18.829999923706055,17.899999618530273,17.93000030517578
2025-02-03 19:00:00+00:00,18.360000610351562,18.489999771118164,17.709999084472656,17.940000534057617
2025-02-03 20:00:00+00:00,17.799999237060547,18.489999771118164,17.719999313354492,18.489999771118164
2025-02-03 21:00:00+00:00,18.479999542236328,18.610000610351562,18.440000534057617,18.600000381469727
2025-02-04 08:00:00+00:00,18.780000686645508,19.110000610351562,18.65999984741211,18.899999618530273
2025-02-04 09:00:00+00:00,18.829999923706055,19.110000610351562,18.65999984741211,18.799999237060547
2025-02-04 10:00:00+00:00,18.739999771118164,18.8700008392334,18.579999923706055,18.600000381469727
2025-02-04 11:00:00+00:00,18.6200008392334,18.68000030517578,18.420000076293945,18.5
2025-02-04 12:00:00+00:00,18.450000762939453,18.520000457763672,17.979999542236328,18.010000228881836
2025-02-04 13:00:00+00:00,18.209999084472656,18.209999084472656,17.8799991607666,18.06999969482422
2025-02-04 14:00:00+00:00,17.93000030517578,18.110000610351562,17.610000610351562,17.6299991607666
2025-02-04 15:00:00+00:00,18.020000457763672,18.040000915527344,17.18000030517578,17.260000228881836
2025-02-04 16:00:00+00:00,17.450000762939453,17.520000457763672,16.8700008392334,16.989999771118164
2025-02-04 17:00:00+00:00,16.889999389648438,17.3700008392334,16.8700008392334,16.989999771118164
2025-02-04 18:00:00+00:00,17.31999969482422,17.3700008392334,16.84000015258789,16.989999771118164
2025-02-04 19:00:00+00:00,16.8799991607666,17.110000610351562,16.829999923706055,17.110000610351562
2025-02-04 20:00:00+00:00,16.920000076293945,17.110000610351562,16.780000686645508,16.84000015258789
2025-02-04 21:00:00+00:00,16.8700008392334,17.149999618530273,16.829999923706055,17.149999618530273
2025-02-05 08:00:00+00:00,17.540000915527344,17.700000762939453,17.360000610351562,17.600000381469727
2025-02-05 09:00:00+00:00,17.389999389648438,17.739999771118164,17.360000610351562,17.729999542236328
2025-02-05 10:00:00+00:00,17.610000610351562,17.75,17.559999465942383,17.56999969482422
2025-02-05 11:00:00+00:00,17.610000610351562,17.6200008392334,17.469999313354492,17.489999771118164
2025-02-05 12:00:00+00:00,17.530000686645508,17.579999923706055,17.3700008392334,17.3700008392334
2025-02-05 13:00:00+00:00,17.479999542236328,17.5,17.18000030517578,17.200000762939453
2025-02-05 14:00:00+00:00,17.360000610351562,17.360000610351562,16.610000610351562,17.030000686645508
2025-02-05 15:00:00+00:00,16.850000381469727,17.34000015258789,16.610000610351562,16.709999084472656
2025-02-05 16:00:00+00:00,16.700000762939453,16.899999618530273,16.139999389648438,16.219999313354492
2025-02-05 17:00:00+00:00,16.459999084472656,16.469999313354492,16.100000381469727,16.1299991607666
2025-02-05 18:00:00+00:00,16.15999984741211,16.290000915527344,16.06999969482422,16.079999923706055
2025-02-05 19:00:00+00:00,16.239999771118164,16.260000228881836,15.970000267028809,16.040000915527344
2025-02-05 20:00:00+00:00,16.040000915527344,16.110000610351562,15.869999885559082,15.880000114440918
2025-02-05 21:00:00+00:00,15.880000114440918,15.880000114440918,15.770000457763672,15.770000457763672
2025-02-06 08:00:00+00:00,15.880000114440918,15.90999984741211,15.770000457763672,15.789999961853027
2025-02-06 09:00:00+00:00,15.829999923706055,15.869999885559082,15.770000457763672,15.869999885559082
2025-02-06 10:00:00+00:00,15.829999923706055,15.960000038146973,15.819999694824219,15.960000038146973
2025-02-06 11:00:00+00:00,15.899999618530273,16.149999618530273,15.890000343322754,16.100000381469727
2025-02-06 12:00:00+00:00,16.059999465942383,16.149999618530273,15.819999694824219,15.84000015258789
2025-02-06 13:00:00+00:00,16.0,16.0,15.760000228881836,15.789999961853027
2025-02-06 14:00:00+00:00,15.800000190734863,15.869999885559082,15.479999542236328,15.680000305175781
2025-02-06 15:00:00+00:00,15.6899995803833,15.760000228881836,15.380000114440918,15.640000343322754
2025-02-06 16:00:00+00:00,15.649999618530273,15.739999771118164,15.380000114440918,15.59000015258789
2025-02-06 17:00:00+00:00,15.479999542236328,15.65999984741211,15.40999984741211,15.449999809265137
2025-02-06 18:00:00+00:00,15.579999923706055,15.619999885559082,15.329999923706055,15.479999542236328
2025-02-06 19:00:00+00:00,15.380000114440918,16.06999969482422,15.329999923706055,15.8100004196167
2025-02-06 20:00:00+00:00,15.619999885559082,16.06999969482422,15.270000457763672,15.34000015258789
2025-02-06 21:00:00+00:00,15.260000228881836,15.640000343322754,14.989999771118164,15.489999771118164
2025-02-07 08:00:00+00:00,15.380000114440918,15.489999771118164,15.359999656677246,15.470000267028809
2025-02-07 09:00:00+00:00,15.460000038146973,15.489999771118164,15.300000190734863,15.319999694824219
2025-02-07 10:00:00+00:00,15.399999618530273,15.399999618530273,15.300000190734863,15.329999923706055
2025-02-07 11:00:00+00:00,15.319999694824219,15.380000114440918,15.270000457763672,15.279999732971191
2025-02-07 12:00:00+00:00,15.359999656677246,15.359999656677246,15.270000457763672,15.34000015258789
2025-02-07 13:00:00+00:00,15.300000190734863,15.470000267028809,14.970000267028809,15.020000457763672
2025-02-07 14:00:00+00:00,15.34000015258789,15.470000267028809,14.789999961853027,14.850000381469727
2025-02-07 15:00:00+00:00,14.970000267028809,16.25,14.789999961853027,15.890000343322754
2025-02-07 16:00:00+00:00,15.399999618530273,16.40999984741211,15.109999656677246,16.290000915527344
2025-02-07 17:00:00+00:00,16.229999542236328,16.540000915527344,15.84000015258789,15.989999771118164
2025-02-07 18:00:00+00:00,16.149999618530273,16.360000610351562,15.619999885559082,16.350000381469727
2025-02-07 19:00:00+00:00,15.6899995803833,16.56999969482422,15.640000343322754,16.239999771118164
2025-02-07 20:00:00+00:00,16.459999084472656,16.65999984741211,16.149999618530273,16.639999389648438
2025-02-07 21:00:00+00:00,16.6200008392334,16.6200008392334,16.520000457763672,16.540000915527344
2025-02-10 08:00:00+00:00,16.579999923706055,16.610000610351562,16.520000457763672,16.530000686645508
2025-02-10 09:00:00+00:00,16.559999465942383,16.600000381469727,16.40999984741211,16.40999984741211
2025-02-10 10:00:00+00:00,16.43000030517578,16.489999771118164,16.239999771118164,16.260000228881836
2025-02-10 11:00:00+00:00,16.299999237060547,16.3700008392334,16.229999542236328,16.270000457763672
2025-02-10 12:00:00+00:00,16.260000228881836,16.329999923706055,16.229999542236328,16.25
2025-02-10 13:00:00+00:00,16.31999969482422,16.329999923706055,16.049999237060547,16.059999465942383
2025-02-10 14:00:00+00:00,16.110000610351562,16.440000534057617,16.020000457763672,16.260000228881836
2025-02-10 15:00:00+00:00,16.200000762939453,16.440000534057617,15.859999656677246,16.0
2025-02-10 16:00:00+00:00,15.960000038146973,16.280000686645508,15.859999656677246,16.010000228881836
2025-02-10 17:00:00+00:00,16.15999984741211,16.25,15.789999961853027,15.800000190734863
2025-02-10 18:00:00+00:00,16.1200008392334,16.1200008392334,15.739999771118164,15.779999732971191
2025-02-10 19:00:00+00:00,15.890000343322754,15.930000305175781,15.739999771118164,15.8100004196167
2025-02-10 20:00:00+00:00,15.84000015258789,15.899999618530273,15.699999809265137,15.739999771118164
2025-02-10 21:00:00+00:00,15.75,15.819999694824219,15.75,15.819999694824219
2025-02-11 08:00:00+00:00,16.1299991607666,16.1299991607666,15.9399995803833,15.979999542236328
2025-02-11 09:00:00+00:00,16.06999969482422,16.09000015258789,15.899999618530273,16.06999969482422
2025-02-11 10:00:00+00:00,16.049999237060547,16.149999618530273,16.010000228881836,16.139999389648438
2025-02-11 11:00:00+00:00,16.040000915527344,16.149999618530273,15.949999809265137,15.960000038146973
2025-02-11 12:00:00+00:00,16.059999465942383,16.06999969482422,15.930000305175781,16.0
2025-02-11 13:00:00+00:00,16.059999465942383,16.360000610351562,15.930000305175781,16.360000610351562
2025-02-11 14:00:00+00:00,16.15999984741211,16.360000610351562,16.059999465942383,16.25
2025-02-11 15:00:00+00:00,16.079999923706055,16.420000076293945,15.850000381469727,15.920000076293945
2025-02-11 16:00:00+00:00,16.059999465942383,16.09000015258789,15.75,15.920000076293945
2025-02-11 17:00:00+00:00,15.829999923706055,16.18000030517578,15.760000228881836,16.030000686645508
2025-02-11 18:00:00+00:00,15.890000343322754,16.09000015258789,15.829999923706055,15.9399995803833
2025-02-11 19:00:00+00:00,16.010000228881836,16.040000915527344,15.789999961853027,15.859999656677246
2025-02-11 20:00:00+00:00,16.010000228881836,16.09000015258789,15.789999961853027,15.949999809265137
2025-02-11 21:00:00+00:00,15.930000305175781,16.010000228881836,15.930000305175781,16.010000228881836
2025-02-12 08:00:00+00:00,15.90999984741211,15.949999809265137,15.869999885559082,15.930000305175781
2025-02-12 09:00:00+00:00,15.920000076293945,16.219999313354492,15.869999885559082,16.040000915527344
2025-02-12 10:00:00+00:00,16.09000015258789,16.100000381469727,15.970000267028809,15.970000267028809
2025-02-12 11:00:00+00:00,15.979999542236328,16.040000915527344,15.9399995803833,16.0
2025-02-12 12:00:00+00:00,16.010000228881836,16.020000457763672,15.84000015258789,15.84000015258789
2025-02-12 13:00:00+00:00,15.970000267028809,17.15999984741211,15.789999961853027,16.8700008392334
2025-02-12 14:00:00+00:00,15.90999984741211,17.18000030517578,15.90999984741211,16.3700008392334
2025-02-12 15:00:00+00:00,16.8700008392334,16.889999389648438,16.010000228881836,16.079999923706055
2025-02-12 16:00:00+00:00,16.34000015258789,16.670000076293945,15.829999923706055,15.84000015258789
2025-02-12 17:00:00+00:00,16.579999923706055,16.579999923706055,15.65999984741211,15.670000076293945
2025-02-12 18:00:00+00:00,15.869999885559082,15.9399995803833,15.640000343322754,15.829999923706055
2025-02-12 19:00:00+00:00,15.779999732971191,16.049999237060547,15.739999771118164,15.859999656677246
2025-02-12 20:00:00+00:00,15.960000038146973,16.020000457763672,15.739999771118164,15.760000228881836
2025-02-12 21:00:00+00:00,15.770000457763672,15.930000305175781,15.75,15.899999618530273
2025-02-13 08:00:00+00:00,15.970000267028809,16.270000457763672,15.970000267028809,16.190000534057617
2025-02-13 09:00:00+00:00,16.190000534057617,16.329999923706055,15.949999809265137,15.989999771118164
2025-02-13 10:00:00+00:00,16.020000457763672,16.049999237060547,15.920000076293945,15.949999809265137
2025-02-13 11:00:00+00:00,16.020000457763672,16.15999984741211,15.850000381469727,16.059999465942383
2025-02-13 12:00:00+00:00,15.890000343322754,16.219999313354492,15.869999885559082,16.1200008392334
2025-02-13 13:00:00+00:00,16.1200008392334,16.219999313354492,15.640000343322754,15.710000038146973
2025-02-13 14:00:00+00:00,16.139999389648438,16.139999389648438,15.529999732971191,15.529999732971191
2025-02-13 15:00:00+00:00,15.680000305175781,15.989999771118164,15.369999885559082,15.4399995803833
2025-02-13 16:00:00+00:00,15.449999809265137,15.609999656677246,15.369999885559082,15.5600004196167
2025-02-13 17:00:00+00:00,15.470000267028809,15.760000228881836,15.4399995803833,15.710000038146973
2025-02-13 18:00:00+00:00,15.569999694824219,15.850000381469727,15.399999618530273,15.420000076293945
2025-02-13 19:00:00+00:00,15.640000343322754,15.760000228881836,15.210000038146973,15.220000267028809
2025-02-13 20:00:00+00:00,15.300000190734863,15.319999694824219,14.979999542236328,15.0
2025-02-13 21:00:00+00:00,15.0,15.109999656677246,15.0,15.09000015258789
2025-02-14 08:00:00+00:00,15.079999923706055,15.180000305175781,15.029999732971191,15.149999618530273
2025-02-14 09:00:00+00:00,15.039999961853027,15.199999809265137,15.029999732971191,15.1899995803833
2025-02-14 10:00:00+00:00,15.109999656677246,15.3100004196167,15.079999923706055,15.279999732971191
2025-02-14 11:00:00+00:00,15.229999542236328,15.420000076293945,15.220000267028809,15.359999656677246
2025-02-14 12:00:00+00:00,15.399999618530273,15.420000076293945,15.239999771118164,15.239999771118164
2025-02-14 13:00:00+00:00,15.319999694824219,15.319999694824219,15.0600004196167,15.140000343322754
2025-02-14 14:00:00+00:00,15.0600004196167,15.260000228881836,14.949999809265137,14.989999771118164
2025-02-14 15:00:00+00:00,15.010000228881836,15.109999656677246,14.920000076293945,14.970000267028809
2025-02-14 16:00:00+00:00,15.020000457763672,15.1899995803833,14.930000305175781,14.930000305175781
2025-02-14 17:00:00+00:00,15.079999923706055,15.170000076293945,14.90999984741211,14.920000076293945
2025-02-14 18:00:00+00:00,15.079999923706055,15.170000076293945,14.789999961853027,14.890000343322754
2025-02-14 19:00:00+00:00,14.930000305175781,15.0600004196167,14.789999961853027,14.90999984741211
2025-02-14 20:00:00+00:00,14.979999542236328,15.0600004196167,14.739999771118164,14.850000381469727
2025-02-14 21:00:00+00:00,14.890000343322754,14.90999984741211,14.760000228881836,14.770000457763672
2025-02-17 08:00:00+00:00,15.380000114440918,15.430000305175781,15.380000114440918,15.430000305175781
2025-02-17 09:00:00+00:00,15.430000305175781,15.430000305175781,15.34000015258789,15.359999656677246
2025-02-17 10:00:00+00:00,15.369999885559082,15.420000076293945,15.350000381469727,15.40999984741211
2025-02-17 11:00:00+00:00,15.390000343322754,15.460000038146973,15.390000343322754,15.449999809265137
2025-02-17 12:00:00+00:00,15.4399995803833,15.470000267028809,15.369999885559082,15.4399995803833
2025-02-17 13:00:00+00:00,15.420000076293945,15.4399995803833,15.369999885559082,15.40999984741211
2025-02-17 14:00:00+00:00,15.40999984741211,15.569999694824219,15.390000343322754,15.520000457763672
2025-02-17 15:00:00+00:00,15.449999809265137,15.569999694824219,15.40999984741211,15.4399995803833
2025-02-17 16:00:00+00:00,15.460000038146973,15.479999542236328,15.369999885559082,15.369999885559082
2025-02-18 08:00:00+00:00,15.569999694824219,15.569999694824219,15.479999542236328,15.479999542236328
2025-02-18 09:00:00+00:00,15.529999732971191,15.609999656677246,15.449999809265137,15.59000015258789
2025-02-18 10:00:00+00:00,15.550000190734863,15.670000076293945,15.520000457763672,15.520000457763672
2025-02-18 11:00:00+00:00,15.569999694824219,15.59000015258789,15.5,15.569999694824219
2025-02-18 12:00:00+00:00,15.520000457763672,15.600000381469727,15.489999771118164,15.520000457763672
2025-02-18 13:00:00+00:00,15.529999732971191,15.569999694824219,15.460000038146973,15.5
2025-02-18 14:00:00+00:00,15.470000267028809,15.949999809265137,15.470000267028809,15.829999923706055
2025-02-18 15:00:00+00:00,15.739999771118164,16.030000686645508,15.609999656677246,15.609999656677246
2025-02-18 16:00:00+00:00,15.949999809265137,15.970000267028809,15.4399995803833,15.5
2025-02-18 17:00:00+00:00,15.609999656677246,15.649999618530273,15.4399995803833,15.479999542236328
2025-02-18 18:00:00+00:00,15.550000190734863,15.640000343322754,15.430000305175781,15.619999885559082
2025-02-18 19:00:00+00:00,15.520000457763672,15.90999984741211,15.520000457763672,15.569999694824219
2025-02-18 20:00:00+00:00,15.720000267028809,15.739999771118164,15.430000305175781,15.430000305175781
2025-02-18 21:00:00+00:00,15.380000114440918,15.420000076293945,15.350000381469727,15.350000381469727
2025-02-19 08:00:00+00:00,15.140000343322754,15.15999984741211,15.050000190734863,15.109999656677246
2025-02-19 09:00:00+00:00,15.140000343322754,15.239999771118164,15.050000190734863,15.229999542236328
2025-02-19 10:00:00+00:00,15.109999656677246,15.399999618530273,15.109999656677246,15.390000343322754
2025-02-19 11:00:00+00:00,15.300000190734863,15.609999656677246,15.300000190734863,15.520000457763672
2025-02-19 12:00:00+00:00,15.520000457763672,15.609999656677246,15.359999656677246,15.5
2025-02-19 13:00:00+00:00,15.430000305175781,15.729999542236328,15.359999656677246,15.680000305175781
2025-02-19 14:00:00+00:00,15.619999885559082,15.960000038146973,15.300000190734863,15.789999961853027
2025-02-19 15:00:00+00:00,15.899999618530273,15.899999618530273,15.619999885559082,15.760000228881836
2025-02-19 16:00:00+00:00,15.779999732971191,15.800000190734863,15.5,15.579999923706055
2025-02-19 17:00:00+00:00,15.569999694824219,15.680000305175781,15.40999984741211,15.619999885559082
2025-02-19 18:00:00+00:00,15.550000190734863,15.710000038146973,15.40999984741211,15.59000015258789
2025-02-19 19:00:00+00:00,15.479999542236328,15.600000381469727,15.15999984741211,15.180000305175781
2025-02-19 20:00:00+00:00,15.289999961853027,15.329999923706055,15.100000381469727,15.149999618530273
2025-02-19 21:00:00+00:00,15.130000114440918,15.279999732971191,15.130000114440918,15.260000228881836
2025-02-20 08:00:00+00:00,15.609999656677246,15.630000114440918,15.5,15.520000457763672
2025-02-20 09:00:00+00:00,15.520000457763672,15.539999961853027,15.470000267028809,15.479999542236328
2025-02-20 10:00:00+00:00,15.520000457763672,15.550000190734863,15.4399995803833,15.539999961853027
2025-02-20 11:00:00+00:00,15.489999771118164,15.6899995803833,15.489999771118164,15.6899995803833
2025-02-20 12:00:00+00:00,15.619999885559082,15.729999542236328,15.5600004196167,15.59000015258789
2025-02-20 13:00:00+00:00,15.65999984741211,15.670000076293945,15.119999885559082,15.59000015258789
2025-02-20 14:00:00+00:00,15.140000343322754,16.25,15.119999885559082,16.25
2025-02-20 15:00:00+00:00,15.539999961853027,16.6299991607666,15.399999618530273,16.469999313354492
2025-02-20 16:00:00+00:00,15.920000076293945,16.5,15.850000381469727,16.399999618530273
2025-02-20 17:00:00+00:00,16.09000015258789,16.5,15.930000305175781,16.15999984741211
2025-02-20 18:00:00+00:00,15.979999542236328,16.219999313354492,15.869999885559082,16.0
2025-02-20 19:00:00+00:00,16.100000381469727,16.1200008392334,15.529999732971191,15.539999961853027
2025-02-20 20:00:00+00:00,15.729999542236328,15.899999618530273,15.369999885559082,15.420000076293945
2025-02-20 21:00:00+00:00,15.380000114440918,15.649999618530273,15.380000114440918,15.649999618530273
2025-02-21 08:00:00+00:00,15.630000114440918,15.779999732971191,15.630000114440918,15.640000343322754
2025-02-21 09:00:00+00:00,15.670000076293945,15.670000076293945,15.59000015258789,15.609999656677246
2025-02-21 10:00:00+00:00,15.649999618530273,15.65999984741211,15.520000457763672,15.520000457763672
2025-02-21 11:00:00+00:00,15.569999694824219,15.59000015258789,15.470000267028809,15.520000457763672
2025-02-21 12:00:00+00:00,15.5,15.59000015258789,15.390000343322754,15.390000343322754
2025-02-21 13:00:00+00:00,15.420000076293945,15.449999809265137,15.300000190734863,15.319999694824219
2025-02-21 14:00:00+00:00,15.369999885559082,15.84000015258789,15.279999732971191,15.699999809265137
2025-02-21 15:00:00+00:00,15.579999923706055,16.280000686645508,15.399999618530273,16.110000610351562
2025-02-21 16:00:00+00:00,16.010000228881836,16.280000686645508,15.619999885559082,15.75
2025-02-21 17:00:00+00:00,15.779999732971191,16.90999984741211,15.59000015258789,16.90999984741211
2025-02-21 18:00:00+00:00,15.949999809265137,18.049999237060547,15.949999809265137,17.950000762939453
2025-02-21 19:00:00+00:00,17.780000686645508,19.030000686645508,17.59000015258789,18.600000381469727
2025-02-21 20:00:00+00:00,18.969999313354492,19.0,18.309999465942383,18.3799991607666
2025-02-21 21:00:00+00:00,18.239999771118164,18.270000457763672,18.139999389648438,18.209999084472656
2025-02-24 08:00:00+00:00,18.079999923706055,18.270000457763672,17.75,17.780000686645508
2025-02-24 09:00:00+00:00,18.049999237060547,18.139999389648438,17.459999084472656,17.6200008392334
2025-02-24 10:00:00+00:00,17.5,17.739999771118164,17.459999084472656,17.690000534057617
2025-02-24 11:00:00+00:00,17.670000076293945,17.75,17.559999465942383,17.6200008392334
2025-02-24 12:00:00+00:00,17.59000015258789,17.770000457763672,17.559999465942383,17.670000076293945
2025-02-24 13:00:00+00:00,17.719999313354492,17.770000457763672,17.559999465942383,17.56999969482422
2025-02-24 14:00:00+00:00,17.6200008392334,19.299999237060547,17.510000228881836,19.270000457763672
2025-02-24 15:00:00+00:00,17.770000457763672,20.239999771118164,17.510000228881836,19.030000686645508
2025-02-24 16:00:00+00:00,19.149999618530273,19.3700008392334,17.809999465942383,17.950000762939453
2025-02-24 17:00:00+00:00,18.06999969482422,18.149999618530273,17.459999084472656,17.75
2025-02-24 18:00:00+00:00,17.709999084472656,17.850000381469727,17.309999465942383,17.790000915527344
2025-02-24 19:00:00+00:00,17.399999618530273,18.110000610351562,17.360000610351562,18.059999465942383
2025-02-24 20:00:00+00:00,17.899999618530273,19.290000915527344,17.719999313354492,19.170000076293945
2025-02-24 21:00:00+00:00,19.09000015258789,19.149999618530273,18.940000534057617,18.940000534057617
2025-02-25 08:00:00+00:00,19.09000015258789,19.739999771118164,19.09000015258789,19.739999771118164
2025-02-25 09:00:00+00:00,19.440000534057617,19.940000534057617,19.31999969482422,19.940000534057617
2025-02-25 10:00:00+00:00,19.489999771118164,19.950000762939453,19.440000534057617,19.950000762939453
2025-02-25 11:00:00+00:00,19.729999542236328,19.959999084472656,19.420000076293945,19.440000534057617
2025-02-25 12:00:00+00:00,19.780000686645508,19.780000686645508,19.139999389648438,19.139999389648438
2025-02-25 13:00:00+00:00,19.219999313354492,19.5,18.979999542236328,19.260000228881836
2025-02-25 14:00:00+00:00,18.979999542236328,20.270000457763672,18.979999542236328,19.809999465942383
2025-02-25 15:00:00+00:00,19.360000610351562,21.3799991607666,19.1200008392334,20.360000610351562
2025-02-25 16:00:00+00:00,21.1200008392334,21.479999542236328,19.899999618530273,20.030000686645508
2025-02-25 17:00:00+00:00,20.920000076293945,21.479999542236328,19.420000076293945,19.420000076293945
2025-02-25 18:00:00+00:00,19.799999237060547,19.799999237060547,18.850000381469727,19.450000762939453
2025-02-25 19:00:00+00:00,19.729999542236328,20.079999923706055,19.049999237060547,19.280000686645508
2025-02-25 20:00:00+00:00,20.06999969482422,20.06999969482422,18.940000534057617,19.670000076293945
2025-02-25 21:00:00+00:00,19.59000015258789,19.610000610351562,19.309999465942383,19.399999618530273
2025-02-26 08:00:00+00:00,18.959999084472656,19.06999969482422,18.90999984741211,18.90999984741211
2025-02-26 09:00:00+00:00,19.030000686645508,19.06999969482422,18.739999771118164,18.829999923706055
2025-02-26 10:00:00+00:00,18.790000915527344,18.850000381469727,18.75,18.799999237060547
2025-02-26 11:00:00+00:00,18.809999465942383,19.059999465942383,18.739999771118164,19.0
2025-02-26 12:00:00+00:00,18.889999389648438,19.1200008392334,18.809999465942383,18.959999084472656
2025-02-26 13:00:00+00:00,18.940000534057617,19.149999618530273,18.75,19.100000381469727
2025-02-26 14:00:00+00:00,18.770000457763672,19.5,18.610000610351562,18.790000915527344
2025-02-26 15:00:00+00:00,19.25,19.5,18.040000915527344,18.100000381469727
2025-02-26 16:00:00+00:00,18.469999313354492,18.489999771118164,17.829999923706055,18.34000015258789
2025-02-26 17:00:00+00:00,18.030000686645508,19.290000915527344,17.8700008392334,19.190000534057617
2025-02-26 18:00:00+00:00,18.260000228881836,20.020000457763672,17.950000762939453,19.850000381469727
2025-02-26 19:00:00+00:00,19.700000762939453,20.059999465942383,19.1200008392334,19.719999313354492
2025-02-26 20:00:00+00:00,19.420000076293945,19.850000381469727,19.100000381469727,19.25
2025-02-26 21:00:00+00:00,19.09000015258789,19.229999542236328,18.989999771118164,19.06999969482422
2025-02-27 08:00:00+00:00,18.25,18.31999969482422,18.059999465942383,18.059999465942383
2025-02-27 09:00:00+00:00,18.239999771118164,18.239999771118164,17.959999084472656,18.0
2025-02-27 10:00:00+00:00,18.049999237060547,18.06999969482422,17.920000076293945,17.959999084472656
2025-02-27 11:00:00+00:00,17.959999084472656,18.030000686645508,17.860000610351562,17.860000610351562
2025-02-27 12:00:00+00:00,17.920000076293945,17.979999542236328,17.670000076293945,17.8700008392334
2025-02-27 13:00:00+00:00,17.81999969482422,18.549999237060547,17.670000076293945,18.399999618530273
2025-02-27 14:00:00+00:00,17.920000076293945,19.799999237060547,17.760000228881836,19.690000534057617
2025-02-27 15:00:00+00:00,18.09000015258789,20.15999984741211,18.020000457763672,19.149999618530273
2025-02-27 16:00:00+00:00,18.969999313354492,19.420000076293945,18.299999237060547,19.31999969482422
2025-02-27 17:00:00+00:00,18.940000534057617,19.459999084472656,18.579999923706055,18.959999084472656
2025-02-27 18:00:00+00:00,18.780000686645508,19.25,18.309999465942383,18.649999618530273
2025-02-27 19:00:00+00:00,18.450000762939453,20.100000381469727,18.360000610351562,19.8700008392334
2025-02-27 20:00:00+00:00,19.469999313354492,21.469999313354492,19.469999313354492,21.190000534057617
2025-02-27 21:00:00+00:00,21.100000381469727,21.290000915527344,21.100000381469727,21.15999984741211
2025-02-28 08:00:00+00:00,21.209999084472656,21.209999084472656,20.940000534057617,20.969999313354492
2025-02-28 09:00:00+00:00,21.09000015258789,21.1200008392334,20.68000030517578,20.760000228881836
2025-02-28 10:00:00+00:00,20.739999771118164,20.81999969482422,20.68000030517578,20.760000228881836
2025-02-28 11:00:00+00:00,20.809999465942383,20.81999969482422,20.6299991607666,20.729999542236328
2025-02-28 12:00:00+00:00,20.649999618530273,21.15999984741211,20.6299991607666,21.049999237060547
2025-02-28 13:00:00+00:00,20.989999771118164,21.360000610351562,20.729999542236328,21.030000686645508
2025-02-28 14:00:00+00:00,21.329999923706055,22.059999465942383,20.729999542236328,20.950000762939453
2025-02-28 15:00:00+00:00,21.299999237060547,22.059999465942383,19.920000076293945,19.920000076293945
2025-02-28 16:00:00+00:00,20.079999923706055,21.31999969482422,19.920000076293945,20.6200008392334
2025-02-28 17:00:00+00:00,21.260000228881836,21.690000534057617,20.239999771118164,21.639999389648438
2025-02-28 18:00:00+00:00,20.719999313354492,22.389999389648438,20.719999313354492,22.360000610351562
2025-02-28 19:00:00+00:00,21.719999313354492,22.399999618530273,20.809999465942383,20.8700008392334
2025-02-28 20:00:00+00:00,21.559999465942383,21.670000076293945,19.049999237060547,19.219999313354492
2025-02-28 21:00:00+00:00,19.229999542236328,19.690000534057617,19.229999542236328,19.649999618530273
2025-03-03 08:00:00+00:00,19.829999923706055,20.309999465942383,19.81999969482422,20.100000381469727
2025-03-03 09:00:00+00:00,20.260000228881836,20.299999237060547,19.670000076293945,19.700000762939453
2025-03-03 10:00:00+00:00,19.950000762939453,19.950000762939453,19.65999984741211,19.700000762939453
2025-03-03 11:00:00+00:00,19.81999969482422,19.829999923706055,19.56999969482422,19.56999969482422
2025-03-03 12:00:00+00:00,19.610000610351562,19.700000762939453,19.329999923706055,19.489999771118164
2025-03-03 13:00:00+00:00,19.43000030517578,19.739999771118164,19.40999984741211,19.700000762939453
2025-03-03 14:00:00+00:00,19.56999969482422,20.670000076293945,19.25,20.530000686645508
2025-03-03 15:00:00+00:00,19.610000610351562,21.079999923706055,19.25,20.479999542236328
2025-03-03 16:00:00+00:00,20.1299991607666,20.8700008392334,19.729999542236328,20.270000457763672
2025-03-03 17:00:00+00:00,20.5,20.8700008392334,20.030000686645508,20.579999923706055
2025-03-03 18:00:00+00:00,20.100000381469727,21.780000686645508,20.030000686645508,21.079999923706055
2025-03-03 19:00:00+00:00,21.68000030517578,21.90999984741211,20.559999465942383,21.729999542236328
2025-03-03 20:00:00+00:00,21.31999969482422,24.309999465942383,20.559999465942383,22.940000534057617
2025-03-03 21:00:00+00:00,22.81999969482422,22.81999969482422,22.639999389648438,22.799999237060547
2025-03-04 08:00:00+00:00,22.959999084472656,23.079999923706055,22.6200008392334,22.81999969482422
2025-03-04 09:00:00+00:00,22.889999389648438,23.0,22.579999923706055,22.90999984741211
2025-03-04 10:00:00+00:00,22.729999542236328,23.299999237060547,22.670000076293945,23.040000915527344
2025-03-04 11:00:00+00:00,23.18000030517578,23.299999237060547,22.829999923706055,22.989999771118164
2025-03-04 12:00:00+00:00,22.940000534057617,24.200000762939453,22.829999923706055,24.040000915527344
2025-03-04 13:00:00+00:00,24.1299991607666,24.690000534057617,23.670000076293945,24.190000534057617
2025-03-04 14:00:00+00:00,24.540000915527344,25.059999465942383,23.75,25.059999465942383
2025-03-04 15:00:00+00:00,24.309999465942383,26.350000381469727,24.15999984741211,25.170000076293945
2025-03-04 16:00:00+00:00,25.450000762939453,25.690000534057617,24.34000015258789,24.440000534057617
2025-03-04 17:00:00+00:00,25.190000534057617,25.469999313354492,23.43000030517578,24.270000457763672
2025-03-04 18:00:00+00:00,23.530000686645508,24.40999984741211,22.959999084472656,23.190000534057617
2025-03-04 19:00:00+00:00,24.149999618530273,24.25,22.149999618530273,22.190000534057617
2025-03-04 20:00:00+00:00,22.75,24.760000228881836,21.709999084472656,23.829999923706055
2025-03-04 21:00:00+00:00,23.850000381469727,23.850000381469727,23.299999237060547,23.459999084472656
2025-03-05 08:00:00+00:00,23.030000686645508,23.030000686645508,22.719999313354492,22.950000762939453
2025-03-05 09:00:00+00:00,22.719999313354492,23.030000686645508,22.440000534057617,22.530000686645508
2025-03-05 10:00:00+00:00,22.6200008392334,22.959999084472656,22.440000534057617,22.90999984741211
2025-03-05 11:00:00+00:00,22.959999084472656,23.700000762939453,22.690000534057617,23.360000610351562
2025-03-05 12:00:00+00:00,22.969999313354492,23.719999313354492,22.940000534057617,23.65999984741211
2025-03-05 13:00:00+00:00,23.530000686645508,23.989999771118164,23.299999237060547,23.90999984741211
2025-03-05 14:00:00+00:00,23.90999984741211,24.84000015258789,23.649999618530273,24.510000228881836
2025-03-05 15:00:00+00:00,23.969999313354492,24.84000015258789,22.959999084472656,23.280000686645508
2025-03-05 16:00:00+00:00,23.90999984741211,24.68000030517578,22.959999084472656,23.6299991607666
2025-03-05 17:00:00+00:00,24.110000610351562,24.68000030517578,22.520000457763672,22.520000457763672
2025-03-05 18:00:00+00:00,23.020000457763672,23.40999984741211,22.280000686645508,22.280000686645508
2025-03-05 19:00:00+00:00,22.899999618530273,23.200000762939453,21.559999465942383,21.700000762939453
2025-03-05 20:00:00+00:00,22.059999465942383,22.3799991607666,21.3700008392334,21.799999237060547
2025-03-05 21:00:00+00:00,21.780000686645508,22.010000228881836,21.780000686645508,21.940000534057617
2025-03-06 08:00:00+00:00,22.600000381469727,23.110000610351562,22.389999389648438,23.110000610351562
2025-03-06 09:00:00+00:00,22.549999237060547,23.43000030517578,22.520000457763672,23.3799991607666
2025-03-06 10:00:00+00:00,23.290000915527344,23.790000915527344,23.079999923706055,23.790000915527344
2025-03-06 11:00:00+00:00,23.329999923706055,23.940000534057617,23.270000457763672,23.280000686645508
2025-03-06 12:00:00+00:00,23.649999618530273,23.739999771118164,23.260000228881836,23.540000915527344
2025-03-06 13:00:00+00:00,23.389999389648438,24.010000228881836,23.3799991607666,23.700000762939453
2025-03-06 14:00:00+00:00,23.8799991607666,24.709999084472656,23.43000030517578,24.3799991607666
2025-03-06 15:00:00+00:00,23.780000686645508,24.709999084472656,23.09000015258789,23.5
2025-03-06 16:00:00+00:00,23.360000610351562,23.950000762939453,23.010000228881836,23.950000762939453
2025-03-06 17:00:00+00:00,23.290000915527344,25.270000457763672,23.010000228881836,24.579999923706055
2025-03-06 18:00:00+00:00,24.579999923706055,25.3700008392334,24.239999771118164,24.920000076293945
2025-03-06 19:00:00+00:00,24.799999237060547,25.920000076293945,24.399999618530273,25.6299991607666
2025-03-06 20:00:00+00:00,25.799999237060547,25.920000076293945,24.399999618530273,25.219999313354492
2025-03-06 21:00:00+00:00,25.100000381469727,25.239999771118164,24.899999618530273,24.959999084472656
2025-03-07 08:00:00+00:00,24.850000381469727,25.040000915527344,24.799999237060547,24.93000030517578
2025-03-07 09:00:00+00:00,24.889999389648438,25.040000915527344,24.649999618530273,24.760000228881836
2025-03-07 10:00:00+00:00,24.760000228881836,25.0,24.649999618530273,24.809999465942383
2025-03-07 11:00:00+00:00,24.829999923706055,24.889999389648438,24.559999465942383,24.649999618530273
2025-03-07 12:00:00+00:00,24.709999084472656,25.09000015258789,24.559999465942383,25.020000457763672
2025-03-07 13:00:00+00:00,24.899999618530273,25.1200008392334,23.950000762939453,24.790000915527344
2025-03-07 14:00:00+00:00,25.010000228881836,25.170000076293945,23.719999313354492,24.110000610351562
2025-03-07 15:00:00+00:00,24.84000015258789,25.489999771118164,23.719999313354492,24.84000015258789
2025-03-07 16:00:00+00:00,24.3700008392334,26.350000381469727,24.3700008392334,25.989999771118164
2025-03-07 17:00:00+00:00,25.75,26.559999465942383,24.530000686645508,25.31999969482422
2025-03-07 18:00:00+00:00,26.0,26.100000381469727,24.18000030517578,24.18000030517578
2025-03-07 19:00:00+00:00,24.850000381469727,24.920000076293945,23.6200008392334,24.040000915527344
2025-03-07 20:00:00+00:00,23.729999542236328,24.299999237060547,23.09000015258789,23.31999969482422
2025-03-07 21:00:00+00:00,23.260000228881836,23.65999984741211,23.260000228881836,23.3700008392334
2025-03-10 07:00:00+00:00,24.700000762939453,24.899999618530273,24.68000030517578,24.81999969482422
2025-03-10 08:00:00+00:00,24.84000015258789,25.920000076293945,24.68000030517578,25.84000015258789
2025-03-10 09:00:00+00:00,25.200000762939453,25.940000534057617,25.200000762939453,25.59000015258789
2025-03-10 10:00:00+00:00,25.540000915527344,25.889999389648438,25.25,25.850000381469727
2025-03-10 11:00:00+00:00,25.729999542236328,26.100000381469727,25.540000915527344,26.020000457763672
2025-03-10 12:00:00+00:00,25.600000381469727,26.56999969482422,25.579999923706055,26.280000686645508
2025-03-10 13:00:00+00:00,26.389999389648438,26.729999542236328,26.020000457763672,26.280000686645508
2025-03-10 14:00:00+00:00,26.350000381469727,27.1200008392334,26.020000457763672,26.889999389648438
2025-03-10 15:00:00+00:00,26.59000015258789,27.1200008392334,25.809999465942383,26.559999465942383
2025-03-10 16:00:00+00:00,26.360000610351562,26.950000762939453,25.809999465942383,26.639999389648438
2025-03-10 17:00:00+00:00,26.600000381469727,27.709999084472656,26.25,27.6200008392334
2025-03-10 18:00:00+00:00,26.940000534057617,28.6200008392334,26.93000030517578,28.6200008392334
2025-03-10 19:00:00+00:00,27.90999984741211,29.559999465942383,27.350000381469727,28.0
2025-03-10 20:00:00+00:00,27.799999237060547,28.049999237060547,27.790000915527344,27.84000015258789
2025-03-11 07:00:00+00:00,27.940000534057617,28.229999542236328,27.739999771118164,27.770000457763672
2025-03-11 08:00:00+00:00,27.940000534057617,28.229999542236328,27.25,27.25
2025-03-11 09:00:00+00:00,27.40999984741211,27.510000228881836,27.100000381469727,27.219999313354492
2025-03-11 10:00:00+00:00,27.1200008392334,27.469999313354492,27.100000381469727,27.270000457763672
2025-03-11 11:00:00+00:00,27.15999984741211,27.6200008392334,27.079999923706055,27.139999389648438
2025-03-11 12:00:00+00:00,27.31999969482422,28.079999923706055,27.079999923706055,27.969999313354492
2025-03-11 13:00:00+00:00,27.579999923706055,28.790000915527344,27.139999389648438,27.760000228881836
2025-03-11 14:00:00+00:00,28.290000915527344,29.56999969482422,27.049999237060547,28.84000015258789
2025-03-11 15:00:00+00:00,29.040000915527344,29.56999969482422,27.3799991607666,27.93000030517578
2025-03-11 16:00:00+00:00,28.290000915527344,28.729999542236328,27.3799991607666,28.520000457763672
2025-03-11 17:00:00+00:00,28.049999237060547,29.15999984741211,27.709999084472656,28.6200008392334
2025-03-11 18:00:00+00:00,29.1200008392334,29.1200008392334,26.239999771118164,26.540000915527344
2025-03-11 19:00:00+00:00,27.469999313354492,27.719999313354492,26.18000030517578,27.170000076293945
2025-03-11 20:00:00+00:00,27.190000534057617,27.190000534057617,26.899999618530273,26.899999618530273
2025-03-12 07:00:00+00:00,26.8799991607666,26.90999984741211,26.530000686645508,26.549999237060547
2025-03-12 08:00:00+00:00,26.799999237060547,26.889999389648438,26.1299991607666,26.15999984741211
2025-03-12 09:00:00+00:00,26.670000076293945,26.670000076293945,25.979999542236328,26.030000686645508
2025-03-12 10:00:00+00:00,26.059999465942383,26.209999084472656,25.950000762939453,26.020000457763672
2025-03-12 11:00:00+00:00,26.18000030517578,26.18000030517578,25.799999237060547,25.979999542236328
2025-03-12 12:00:00+00:00,25.860000610351562,26.06999969482422,25.280000686645508,25.329999923706055
2025-03-12 13:00:00+00:00,25.889999389648438,26.190000534057617,25.229999542236328,25.790000915527344
2025-03-12 14:00:00+00:00,25.360000610351562,26.290000915527344,25.229999542236328,26.290000915527344
2025-03-12 15:00:00+00:00,25.579999923706055,26.68000030517578,25.239999771118164,25.3700008392334
2025-03-12 16:00:00+00:00,25.84000015258789,25.8700008392334,24.549999237060547,25.0
2025-03-12 17:00:00+00:00,24.809999465942383,25.110000610351562,24.420000076293945,25.059999465942383
2025-03-12 18:00:00+00:00,24.5,25.100000381469727,24.049999237060547,24.06999969482422
2025-03-12 19:00:00+00:00,24.520000457763672,24.520000457763672,23.889999389648438,23.899999618530273
2025-03-12 20:00:00+00:00,23.989999771118164,24.219999313354492,23.979999542236328,24.219999313354492
2025-03-13 07:00:00+00:00,24.920000076293945,25.290000915527344,24.75,25.200000762939453
2025-03-13 08:00:00+00:00,24.809999465942383,25.290000915527344,24.770000457763672,24.780000686645508
2025-03-13 09:00:00+00:00,24.93000030517578,25.030000686645508,24.260000228881836,24.270000457763672
2025-03-13 10:00:00+00:00,24.579999923706055,24.579999923706055,24.110000610351562,24.299999237060547
2025-03-13 11:00:00+00:00,24.170000076293945,24.6299991607666,24.110000610351562,24.389999389648438
2025-03-13 12:00:00+00:00,24.450000762939453,24.75,24.18000030517578,24.290000915527344
2025-03-13 13:00:00+00:00,24.309999465942383,24.75,24.0,24.59000015258789
2025-03-13 14:00:00+00:00,24.3700008392334,24.75,23.459999084472656,23.93000030517578
2025-03-13 15:00:00+00:00,23.739999771118164,24.90999984741211,23.579999923706055,24.90999984741211
2025-03-13 16:00:00+00:00,24.270000457763672,25.31999969482422,24.190000534057617,25.170000076293945
2025-03-13 17:00:00+00:00,25.010000228881836,26.1299991607666,24.469999313354492,26.1299991607666
2025-03-13 18:00:00+00:00,25.440000534057617,26.1299991607666,24.649999618530273,24.780000686645508
2025-03-13 19:00:00+00:00,25.15999984741211,25.290000915527344,24.56999969482422,24.920000076293945
2025-03-13 20:00:00+00:00,24.90999984741211,24.90999984741211,24.649999618530273,24.649999618530273
2025-03-14 07:00:00+00:00,24.350000381469727,24.360000610351562,24.15999984741211,24.25
2025-03-14 08:00:00+00:00,24.280000686645508,24.360000610351562,23.979999542236328,24.100000381469727
2025-03-14 09:00:00+00:00,24.030000686645508,24.229999542236328,24.0,24.190000534057617
2025-03-14 10:00:00+00:00,24.100000381469727,24.34000015258789,23.979999542236328,24.06999969482422
2025-03-14 11:00:00+00:00,24.229999542236328,24.34000015258789,23.920000076293945,23.950000762939453
2025-03-14 12:00:00+00:00,24.1299991607666,24.139999389648438,23.739999771118164,23.850000381469727
2025-03-14 13:00:00+00:00,23.770000457763672,23.989999771118164,23.1299991607666,23.3799991607666
2025-03-14 14:00:00+00:00,23.93000030517578,23.989999771118164,22.399999618530273,22.450000762939453
2025-03-14 15:00:00+00:00,23.270000457763672,23.270000457763672,22.100000381469727,22.219999313354492
2025-03-14 16:00:00+00:00,22.290000915527344,22.739999771118164,22.100000381469727,22.209999084472656
2025-03-14 17:00:00+00:00,22.719999313354492,22.739999771118164,22.09000015258789,22.540000915527344
2025-03-14 18:00:00+00:00,22.350000381469727,22.639999389648438,21.8700008392334,21.8799991607666
2025-03-14 19:00:00+00:00,22.219999313354492,22.219999313354492,21.479999542236328,21.649999618530273
2025-03-14 20:00:00+00:00,21.709999084472656,21.799999237060547,21.68000030517578,21.770000457763672
2025-03-17 07:00:00+00:00,22.889999389648438,22.950000762939453,22.75,22.75
2025-03-17 08:00:00+00:00,22.81999969482422,22.940000534057617,22.540000915527344,22.549999237060547
2025-03-17 09:00:00+00:00,22.65999984741211,22.739999771118164,22.43000030517578,22.459999084472656
2025-03-17 10:00:00+00:00,22.5,22.530000686645508,22.139999389648438,22.149999618530273
2025-03-17 11:00:00+00:00,22.309999465942383,22.31999969482422,22.049999237060547,22.18000030517578
2025-03-17 12:00:00+00:00,22.100000381469727,22.309999465942383,21.75,21.860000610351562
2025-03-17 13:00:00+00:00,22.309999465942383,22.309999465942383,20.950000762939453,21.010000228881836
2025-03-17 14:00:00+00:00,21.989999771118164,21.989999771118164,20.8700008392334,21.209999084472656
2025-03-17 15:00:00+00:00,21.059999465942383,21.329999923706055,20.8700008392334,21.110000610351562
2025-03-17 16:00:00+00:00,21.139999389648438,21.31999969482422,20.739999771118164,20.780000686645508
2025-03-17 17:00:00+00:00,20.969999313354492,21.010000228881836,20.399999618530273,20.459999084472656
2025-03-17 18:00:00+00:00,20.709999084472656,20.719999313354492,20.31999969482422,20.420000076293945
2025-03-17 19:00:00+00:00,20.399999618530273,20.549999237060547,20.329999923706055,20.479999542236328
2025-03-17 20:00:00+00:00,20.489999771118164,20.579999923706055,20.469999313354492,20.5
2025-03-18 07:00:00+00:00,20.829999923706055,20.860000610351562,20.700000762939453,20.809999465942383
2025-03-18 08:00:00+00:00,20.780000686645508,20.860000610351562,20.40999984741211,20.5
2025-03-18 09:00:00+00:00,20.549999237060547,20.739999771118164,20.40999984741211,20.739999771118164
2025-03-18 10:00:00+00:00,20.530000686645508,21.079999923706055,20.510000228881836,20.81999969482422
2025-03-18 11:00:00+00:00,20.889999389648438,21.020000457763672,20.75,20.760000228881836
2025-03-18 12:00:00+00:00,20.8799991607666,21.40999984741211,20.700000762939453,21.40999984741211
2025-03-18 13:00:00+00:00,20.84000015258789,22.510000228881836,20.700000762939453,22.40999984741211
2025-03-18 14:00:00+00:00,21.510000228881836,22.56999969482422,21.510000228881836,21.93000030517578
2025-03-18 15:00:00+00:00,22.0,22.309999465942383,21.760000228881836,22.309999465942383
2025-03-18 16:00:00+00:00,22.110000610351562,22.309999465942383,21.700000762939453,21.799999237060547
2025-03-18 17:00:00+00:00,21.729999542236328,22.200000762939453,21.6299991607666,21.780000686645508
2025-03-18 18:00:00+00:00,21.829999923706055,21.950000762939453,21.34000015258789,21.450000762939453
2025-03-18 19:00:00+00:00,21.75,21.950000762939453,21.34000015258789,21.8700008392334
2025-03-18 20:00:00+00:00,21.799999237060547,21.799999237060547,21.649999618530273,21.700000762939453
2025-03-19 07:00:00+00:00,21.84000015258789,22.100000381469727,21.700000762939453,21.969999313354492
2025-03-19 08:00:00+00:00,21.709999084472656,22.100000381469727,21.639999389648438,21.719999313354492
2025-03-19 09:00:00+00:00,21.760000228881836,21.850000381469727,21.5,21.520000457763672
2025-03-19 10:00:00+00:00,21.6299991607666,21.6299991607666,21.40999984741211,21.5
2025-03-19 11:00:00+00:00,21.469999313354492,21.65999984741211,21.40999984741211,21.540000915527344
2025-03-19 12:00:00+00:00,21.489999771118164,21.739999771118164,21.40999984741211,21.649999618530273
2025-03-19 13:00:00+00:00,21.68000030517578,21.739999771118164,21.010000228881836,21.059999465942383
2025-03-19 14:00:00+00:00,21.459999084472656,21.68000030517578,20.649999618530273,20.850000381469727
2025-03-19 15:00:00+00:00,20.8799991607666,20.950000762939453,20.3700008392334,20.579999923706055
2025-03-19 16:00:00+00:00,20.639999389648438,21.030000686645508,20.3700008392334,20.829999923706055
2025-03-19 17:00:00+00:00,20.850000381469727,21.030000686645508,20.770000457763672,20.899999618530273
2025-03-19 18:00:00+00:00,20.93000030517578,21.030000686645508,19.760000228881836,19.780000686645508
2025-03-19 19:00:00+00:00,20.43000030517578,20.43000030517578,19.420000076293945,20.030000686645508
2025-03-19 20:00:00+00:00,20.049999237060547,20.049999237060547,19.829999923706055,19.90999984741211
2025-03-20 07:00:00+00:00,19.520000457763672,19.600000381469727,19.520000457763672,19.59000015258789
2025-03-20 08:00:00+00:00,19.540000915527344,19.600000381469727,19.450000762939453,19.520000457763672
2025-03-20 09:00:00+00:00,19.459999084472656,20.100000381469727,19.450000762939453,19.969999313354492
2025-03-20 10:00:00+00:00,19.770000457763672,21.059999465942383,19.770000457763672,20.530000686645508
2025-03-20 11:00:00+00:00,20.8799991607666,21.030000686645508,20.3799991607666,20.389999389648438
2025-03-20 12:00:00+00:00,20.559999465942383,20.670000076293945,20.25,20.579999923706055
2025-03-20 13:00:00+00:00,20.25,21.0,19.84000015258789,19.84000015258789
2025-03-20 14:00:00+00:00,20.959999084472656,21.0,19.299999237060547,19.649999618530273
2025-03-20 15:00:00+00:00,19.440000534057617,19.8700008392334,19.3799991607666,19.809999465942383
2025-03-20 16:00:00+00:00,19.559999465942383,20.440000534057617,19.549999237060547,20.360000610351562
2025-03-20 17:00:00+00:00,20.290000915527344,20.56999969482422,20.040000915527344,20.360000610351562
2025-03-20 18:00:00+00:00,20.56999969482422,20.56999969482422,19.790000915527344,20.09000015258789
2025-03-20 19:00:00+00:00,20.450000762939453,20.5,19.75,19.950000762939453
2025-03-20 20:00:00+00:00,19.81999969482422,19.860000610351562,19.729999542236328,19.84000015258789
2025-03-21 07:00:00+00:00,20.020000457763672,20.329999923706055,20.020000457763672,20.209999084472656
2025-03-21 08:00:00+00:00,20.1299991607666,20.65999984741211,19.989999771118164,20.520000457763672
2025-03-21 09:00:00+00:00,20.549999237060547,20.65999984741211,20.299999237060547,20.3700008392334
2025-03-21 10:00:00+00:00,20.440000534057617,20.450000762939453,20.139999389648438,20.229999542236328
2025-03-21 11:00:00+00:00,20.25,20.420000076293945,20.1299991607666,20.290000915527344
2025-03-21 12:00:00+00:00,20.170000076293945,20.81999969482422,20.110000610351562,20.799999237060547
2025-03-21 13:00:00+00:00,20.270000457763672,21.139999389648438,20.25,20.540000915527344
2025-03-21 14:00:00+00:00,20.700000762939453,21.040000915527344,20.010000228881836,20.010000228881836
2025-03-21 15:00:00+00:00,20.31999969482422,20.489999771118164,19.90999984741211,20.190000534057617
2025-03-21 16:00:00+00:00,20.420000076293945,20.450000762939453,19.399999618530273,19.440000534057617
2025-03-21 17:00:00+00:00,19.719999313354492,19.889999389648438,19.399999618530273,19.6299991607666
2025-03-21 18:00:00+00:00,19.81999969482422,19.889999389648438,19.469999313354492,19.549999237060547
2025-03-21 19:00:00+00:00,19.709999084472656,19.8700008392334,19.149999618530273,19.190000534057617
2025-03-21 20:00:00+00:00,19.260000228881836,19.34000015258789,19.200000762939453,19.290000915527344
2025-03-24 07:00:00+00:00,19.1299991607666,19.139999389648438,19.09000015258789,19.1200008392334
2025-03-24 08:00:00+00:00,19.09000015258789,19.139999389648438,18.899999618530273,18.920000076293945
2025-03-24 09:00:00+00:00,18.940000534057617,19.100000381469727,18.899999618530273,19.010000228881836
2025-03-24 10:00:00+00:00,19.030000686645508,19.100000381469727,18.90999984741211,18.969999313354492
2025-03-24 11:00:00+00:00,18.93000030517578,18.989999771118164,18.860000610351562,18.940000534057617
2025-03-24 12:00:00+00:00,18.889999389648438,19.010000228881836,18.860000610351562,18.860000610351562
2025-03-24 13:00:00+00:00,18.93000030517578,19.049999237060547,18.389999389648438,18.610000610351562
2025-03-24 14:00:00+00:00,19.049999237060547,19.049999237060547,18.209999084472656,18.25
2025-03-24 15:00:00+00:00,18.389999389648438,18.489999771118164,18.110000610351562,18.1200008392334
2025-03-24 16:00:00+00:00,18.229999542236328,18.31999969482422,17.979999542236328,18.020000457763672
2025-03-24 17:00:00+00:00,18.200000762939453,18.209999084472656,17.90999984741211,17.920000076293945
2025-03-24 18:00:00+00:00,18.0,18.09000015258789,17.68000030517578,17.690000534057617
2025-03-24 19:00:00+00:00,17.899999618530273,17.93000030517578,17.489999771118164,17.540000915527344
2025-03-24 20:00:00+00:00,17.579999923706055,17.579999923706055,17.459999084472656,17.479999542236328
2025-03-25 07:00:00+00:00,17.579999923706055,17.68000030517578,17.579999923706055,17.68000030517578
2025-03-25 08:00:00+00:00,17.6200008392334,17.770000457763672,17.579999923706055,17.610000610351562
2025-03-25 09:00:00+00:00,17.709999084472656,17.729999542236328,17.520000457763672,17.540000915527344
2025-03-25 10:00:00+00:00,17.600000381469727,17.6200008392334,17.440000534057617,17.440000534057617
2025-03-25 11:00:00+00:00,17.489999771118164,17.510000228881836,17.229999542236328,17.25
2025-03-25 12:00:00+00:00,17.40999984741211,17.43000030517578,17.1200008392334,17.190000534057617
2025-03-25 13:00:00+00:00,17.190000534057617,17.459999084472656,17.09000015258789,17.459999084472656
2025-03-25 14:00:00+00:00,17.139999389648438,17.610000610351562,17.139999389648438,17.360000610351562
2025-03-25 15:00:00+00:00,17.3799991607666,17.5,17.299999237060547,17.479999542236328
2025-03-25 16:00:00+00:00,17.3700008392334,17.530000686645508,17.299999237060547,17.31999969482422
2025-03-25 17:00:00+00:00,17.469999313354492,17.530000686645508,17.110000610351562,17.3700008392334
2025-03-25 18:00:00+00:00,17.329999923706055,17.43000030517578,17.149999618530273,17.3700008392334
2025-03-25 19:00:00+00:00,17.209999084472656,17.43000030517578,17.030000686645508,17.06999969482422
2025-03-25 20:00:00+00:00,17.06999969482422,17.149999618530273,17.020000457763672,17.149999618530273
2025-03-26 07:00:00+00:00,17.229999542236328,17.229999542236328,17.1200008392334,17.190000534057617
2025-03-26 08:00:00+00:00,17.139999389648438,17.399999618530273,17.1200008392334,17.399999618530273
2025-03-26 09:00:00+00:00,17.270000457763672,17.56999969482422,17.209999084472656,17.56999969482422
2025-03-26 10:00:00+00:00,17.479999542236328,17.579999923706055,17.360000610351562,17.3700008392334
2025-03-26 11:00:00+00:00,17.5,17.5,17.290000915527344,17.329999923706055
2025-03-26 12:00:00+00:00,17.389999389648438,17.399999618530273,17.209999084472656,17.290000915527344
2025-03-26 13:00:00+00:00,17.31999969482422,17.6299991607666,16.969999313354492,17.56999969482422
2025-03-26 14:00:00+00:00,17.18000030517578,17.899999618530273,16.969999313354492,17.510000228881836
2025-03-26 15:00:00+00:00,17.649999618530273,18.149999618530273,17.360000610351562,18.1299991607666
2025-03-26 16:00:00+00:00,17.729999542236328,18.700000762939453,17.59000015258789,18.649999618530273
2025-03-26 17:00:00+00:00,18.229999542236328,19.06999969482422,18.139999389648438,18.8799991607666
2025-03-26 18:00:00+00:00,18.760000228881836,19.06999969482422,18.34000015258789,18.799999237060547
2025-03-26 19:00:00+00:00,18.420000076293945,18.950000762939453,18.299999237060547,18.329999923706055
2025-03-26 20:00:00+00:00,18.389999389648438,18.399999618530273,18.260000228881836,18.34000015258789
2025-03-27 07:00:00+00:00,18.360000610351562,18.59000015258789,18.350000381469727,18.56999969482422
2025-03-27 08:00:00+00:00,18.459999084472656,18.8700008392334,18.420000076293945,18.450000762939453
2025-03-27 09:00:00+00:00,18.6299991607666,18.649999618530273,18.450000762939453,18.510000228881836
2025-03-27 10:00:00+00:00,18.559999465942383,18.670000076293945,18.3700008392334,18.65999984741211
2025-03-27 11:00:00+00:00,18.510000228881836,18.829999923706055,18.469999313354492,18.479999542236328
2025-03-27 12:00:00+00:00,18.829999923706055,18.829999923706055,18.389999389648438,18.530000686645508
2025-03-27 13:00:00+00:00,18.700000762939453,19.280000686645508,18.389999389648438,18.540000915527344
2025-03-27 14:00:00+00:00,18.690000534057617,19.280000686645508,17.959999084472656,17.969999313354492
2025-03-27 15:00:00+00:00,18.219999313354492,18.559999465942383,17.950000762939453,18.489999771118164
2025-03-27 16:00:00+00:00,18.1299991607666,18.889999389648438,18.1299991607666,18.889999389648438
2025-03-27 17:00:00+00:00,18.40999984741211,18.920000076293945,18.260000228881836,18.739999771118164
2025-03-27 18:00:00+00:00,18.709999084472656,18.760000228881836,18.290000915527344,18.540000915527344
2025-03-27 19:00:00+00:00,18.610000610351562,18.709999084472656,18.040000915527344,18.65999984741211
2025-03-27 20:00:00+00:00,18.690000534057617,18.700000762939453,18.610000610351562,18.68000030517578
2025-03-28 07:00:00+00:00,19.079999923706055,19.469999313354492,19.0,19.420000076293945
2025-03-28 08:00:00+00:00,19.06999969482422,19.469999313354492,19.06999969482422,19.170000076293945
2025-03-28 09:00:00+00:00,19.360000610351562,19.40999984741211,19.1299991607666,19.239999771118164
2025-03-28 10:00:00+00:00,19.209999084472656,19.280000686645508,18.920000076293945,19.030000686645508
2025-03-28 11:00:00+00:00,18.979999542236328,19.219999313354492,18.920000076293945,19.100000381469727
2025-03-28 12:00:00+00:00,19.1200008392334,19.420000076293945,19.040000915527344,19.3799991607666
2025-03-28 13:00:00+00:00,19.139999389648438,19.489999771118164,18.989999771118164,19.459999084472656
2025-03-28 14:00:00+00:00,19.25,20.90999984741211,18.989999771118164,20.56999969482422
2025-03-28 15:00:00+00:00,20.68000030517578,20.90999984741211,20.200000762939453,20.549999237060547
2025-03-28 16:00:00+00:00,20.520000457763672,21.510000228881836,20.200000762939453,21.510000228881836
2025-03-28 17:00:00+00:00,21.170000076293945,22.18000030517578,20.889999389648438,21.81999969482422
2025-03-28 18:00:00+00:00,22.100000381469727,22.18000030517578,21.420000076293945,21.420000076293945
2025-03-28 19:00:00+00:00,21.700000762939453,21.760000228881836,21.209999084472656,21.649999618530273
2025-03-28 20:00:00+00:00,21.59000015258789,21.649999618530273,21.479999542236328,21.649999618530273
2025-03-31 07:00:00+00:00,24.110000610351562,24.110000610351562,23.729999542236328,23.760000228881836
2025-03-31 08:00:00+00:00,23.8700008392334,24.09000015258789,23.579999923706055,24.0
2025-03-31 09:00:00+00:00,23.829999923706055,24.239999771118164,23.799999237060547,24.100000381469727
2025-03-31 10:00:00+00:00,23.940000534057617,24.170000076293945,23.850000381469727,24.0
2025-03-31 11:00:00+00:00,24.059999465942383,24.520000457763672,23.93000030517578,24.219999313354492
2025-03-31 12:00:00+00:00,24.360000610351562,24.520000457763672,23.8700008392334,23.950000762939453
2025-03-31 13:00:00+00:00,24.079999923706055,24.799999237060547,23.68000030517578,23.81999969482422
2025-03-31 14:00:00+00:00,24.09000015258789,24.799999237060547,22.90999984741211,22.950000762939453
2025-03-31 15:00:00+00:00,23.639999389648438,23.739999771118164,22.200000762939453,22.40999984741211
2025-03-31 16:00:00+00:00,22.649999618530273,22.780000686645508,22.049999237060547,22.440000534057617
2025-03-31 17:00:00+00:00,22.049999237060547,22.75,22.020000457763672,22.510000228881836
2025-03-31 18:00:00+00:00,22.479999542236328,22.75,21.829999923706055,22.139999389648438
2025-03-31 19:00:00+00:00,21.93000030517578,22.270000457763672,21.670000076293945,22.110000610351562
2025-03-31 20:00:00+00:00,21.899999618530273,22.260000228881836,21.899999618530273,22.25
2025-04-01 07:00:00+00:00,22.059999465942383,22.3799991607666,22.059999465942383,22.350000381469727
2025-04-01 08:00:00+00:00,22.299999237060547,22.43000030517578,22.06999969482422,22.079999923706055
2025-04-01 09:00:00+00:00,22.209999084472656,22.260000228881836,21.979999542236328,22.049999237060547
2025-04-01 10:00:00+00:00,22.110000610351562,22.979999542236328,21.979999542236328,22.559999465942383
2025-04-01 11:00:00+00:00,22.670000076293945,23.170000076293945,22.5,22.959999084472656
2025-04-01 12:00:00+00:00,22.920000076293945,23.170000076293945,22.600000381469727,22.6299991607666
2025-04-01 13:00:00+00:00,22.969999313354492,22.969999313354492,22.239999771118164,22.469999313354492
2025-04-01 14:00:00+00:00,22.68000030517578,23.520000457763672,21.979999542236328,22.010000228881836
2025-04-01 15:00:00+00:00,23.079999923706055,23.079999923706055,21.579999923706055,21.93000030517578
2025-04-01 16:00:00+00:00,21.889999389648438,22.34000015258789,21.59000015258789,21.959999084472656
2025-04-01 17:00:00+00:00,22.079999923706055,22.360000610351562,21.84000015258789,22.149999618530273
2025-04-01 18:00:00+00:00,22.299999237060547,22.809999465942383,21.969999313354492,22.549999237060547
2025-04-01 19:00:00+00:00,22.6200008392334,22.809999465942383,21.799999237060547,21.829999923706055
2025-04-01 20:00:00+00:00,21.799999237060547,21.8700008392334,21.760000228881836,21.770000457763672
2025-04-02 07:00:00+00:00,22.299999237060547,22.399999618530273,22.219999313354492,22.3700008392334
2025-04-02 08:00:00+00:00,22.299999237060547,22.5,22.190000534057617,22.3700008392334
2025-04-02 09:00:00+00:00,22.280000686645508,22.479999542236328,22.190000534057617,22.469999313354492
2025-04-02 10:00:00+00:00,22.420000076293945,22.959999084472656,22.299999237060547,22.889999389648438
2025-04-02 11:00:00+00:00,22.75,23.139999389648438,22.729999542236328,23.139999389648438
2025-04-02 12:00:00+00:00,22.920000076293945,23.65999984741211,22.90999984741211,23.34000015258789
2025-04-02 13:00:00+00:00,23.65999984741211,23.65999984741211,22.59000015258789,22.610000610351562
2025-04-02 14:00:00+00:00,23.239999771118164,23.25,21.81999969482422,21.850000381469727
2025-04-02 15:00:00+00:00,22.190000534057617,22.239999771118164,21.610000610351562,21.850000381469727
2025-04-02 16:00:00+00:00,21.739999771118164,22.020000457763672,20.899999618530273,20.940000534057617
2025-04-02 17:00:00+00:00,21.549999237060547,21.8700008392334,20.68000030517578,21.700000762939453
2025-04-02 18:00:00+00:00,21.110000610351562,22.309999465942383,21.110000610351562,22.190000534057617
2025-04-02 19:00:00+00:00,22.309999465942383,22.309999465942383,21.299999237060547,21.450000762939453
2025-04-02 20:00:00+00:00,21.549999237060547,21.780000686645508,21.40999984741211,21.510000228881836
2025-04-03 07:00:00+00:00,26.3799991607666,26.459999084472656,25.670000076293945,25.670000076293945
2025-04-03 08:00:00+00:00,25.84000015258789,26.18000030517578,25.079999923706055,25.09000015258789
2025-04-03 09:00:00+00:00,25.469999313354492,25.969999313354492,24.93000030517578,25.899999618530273
2025-04-03 10:00:00+00:00,25.56999969482422,26.700000762939453,25.350000381469727,26.219999313354492
2025-04-03 11:00:00+00:00,26.280000686645508,26.700000762939453,26.09000015258789,26.450000762939453
2025-04-03 12:00:00+00:00,26.399999618530273,27.170000076293945,25.93000030517578,27.170000076293945
2025-04-03 13:00:00+00:00,26.5,27.350000381469727,26.149999618530273,26.719999313354492
2025-04-03 14:00:00+00:00,26.3799991607666,28.719999313354492,26.149999618530273,28.719999313354492
2025-04-03 15:00:00+00:00,27.3799991607666,29.260000228881836,27.079999923706055,27.59000015258789
2025-04-03 16:00:00+00:00,28.149999618530273,28.149999618530273,26.56999969482422,27.43000030517578
2025-04-03 17:00:00+00:00,26.739999771118164,27.979999542236328,26.56999969482422,27.90999984741211
2025-04-03 18:00:00+00:00,27.90999984741211,28.549999237060547,27.3799991607666,27.489999771118164
2025-04-03 19:00:00+00:00,28.31999969482422,29.709999084472656,27.489999771118164,29.709999084472656
2025-04-03 20:00:00+00:00,29.549999237060547,29.969999313354492,29.479999542236328,29.959999084472656
2025-04-04 07:00:00+00:00,30.1200008392334,30.6200008392334,29.989999771118164,30.610000610351562
2025-04-04 08:00:00+00:00,30.190000534057617,30.899999618530273,30.1299991607666,30.790000915527344
2025-04-04 09:00:00+00:00,30.43000030517578,31.229999542236328,30.43000030517578,31.079999923706055
2025-04-04 10:00:00+00:00,31.110000610351562,39.599998474121094,30.799999237060547,39.38999938964844
2025-04-04 11:00:00+00:00,36.20000076293945,45.560001373291016,34.310001373291016,39.380001068115234
2025-04-04 12:00:00+00:00,44.52000045776367,45.560001373291016,37.220001220703125,37.459999084472656
2025-04-04 13:00:00+00:00,39.459999084472656,39.83000183105469,35.810001373291016,35.84000015258789
2025-04-04 14:00:00+00:00,36.88999938964844,44.27000045776367,35.810001373291016,42.7400016784668
2025-04-04 15:00:00+00:00,40.29999923706055,44.27000045776367,37.0099983215332,40.09000015258789
2025-04-04 16:00:00+00:00,39.849998474121094,40.97999954223633,38.4900016784668,40.40999984741211
2025-04-04 17:00:00+00:00,40.4900016784668,42.349998474121094,39.66999816894531,40.380001068115234
2025-04-04 18:00:00+00:00,41.630001068115234,45.220001220703125,39.810001373291016,44.099998474121094
2025-04-04 19:00:00+00:00,42.709999084472656,45.220001220703125,41.06999969482422,43.849998474121094
2025-04-04 20:00:00+00:00,43.869998931884766,45.61000061035156,43.5099983215332,45.31999969482422
2025-04-07 07:00:00+00:00,60.130001068115234,60.130001068115234,56.72999954223633,56.72999954223633
2025-04-07 08:00:00+00:00,59.27000045776367,59.41999816894531,52.54999923706055,53.58000183105469
2025-04-07 09:00:00+00:00,53.36000061035156,55.0099983215332,52.290000915527344,52.84000015258789
2025-04-07 10:00:00+00:00,53.869998931884766,54.13999938964844,47.08000183105469,48.66999816894531
2025-04-07 11:00:00+00:00,50.2400016784668,50.59000015258789,46.97999954223633,48.279998779296875
2025-04-07 12:00:00+00:00,47.5,49.880001068115234,47.099998474121094,47.529998779296875
2025-04-07 13:00:00+00:00,49.099998474121094,54.16999816894531,47.099998474121094,48.65999984741211
2025-04-07 14:00:00+00:00,50.349998474121094,54.16999816894531,38.58000183105469,45.189998626708984
2025-04-07 15:00:00+00:00,49.56999969482422,54.20000076293945,43.5099983215332,49.099998474121094
2025-04-07 16:00:00+00:00,52.189998626708984,52.189998626708984,47.5099983215332,50.970001220703125
2025-04-07 17:00:00+00:00,49.209999084472656,52.08000183105469,44.630001068115234,44.630001068115234
2025-04-07 18:00:00+00:00,46.75,48.349998474121094,44.189998626708984,47.7400016784668
2025-04-07 19:00:00+00:00,46.4900016784668,48.880001068115234,46.06999969482422,48.2599983215332
2025-04-07 20:00:00+00:00,48.0,48.38999938964844,46.779998779296875,46.91999816894531
2025-04-08 07:00:00+00:00,44.040000915527344,44.04999923706055,43.189998626708984,43.189998626708984
2025-04-08 08:00:00+00:00,43.27000045776367,44.2599983215332,43.0,43.029998779296875
2025-04-08 09:00:00+00:00,44.13999938964844,44.13999938964844,42.619998931884766,43.45000076293945
2025-04-08 10:00:00+00:00,43.22999954223633,43.77000045776367,42.209999084472656,42.380001068115234
2025-04-08 11:00:00+00:00,42.90999984741211,42.91999816894531,40.25,40.31999969482422
2025-04-08 12:00:00+00:00,41.849998474121094,41.95000076293945,39.709999084472656,40.63999938964844
2025-04-08 13:00:00+00:00,40.540000915527344,41.15999984741211,36.880001068115234,37.06999969482422
2025-04-08 14:00:00+00:00,38.47999954223633,39.68000030517578,36.47999954223633,39.650001525878906
2025-04-08 15:00:00+00:00,37.59000015258789,41.470001220703125,37.20000076293945,40.380001068115234
2025-04-08 16:00:00+00:00,41.36000061035156,46.08000183105469,39.59000015258789,46.08000183105469
2025-04-08 17:00:00+00:00,41.959999084472656,50.08000183105469,41.720001220703125,47.75
2025-04-08 18:00:00+00:00,49.45000076293945,50.33000183105469,47.060001373291016,50.16999816894531
2025-04-08 19:00:00+00:00,48.869998931884766,57.52000045776367,47.93000030517578,52.66999816894531
2025-04-08 20:00:00+00:00,52.7599983215332,52.88999938964844,51.560001373291016,52.2400016784668
2025-04-09 07:00:00+00:00,50.97999954223633,51.189998626708984,48.15999984741211,48.97999954223633
2025-04-09 08:00:00+00:00,49.900001525878906,52.400001525878906,48.15999984741211,48.5099983215332
2025-04-09 09:00:00+00:00,50.84000015258789,52.400001525878906,47.58000183105469,49.61000061035156
2025-04-09 10:00:00+00:00,48.2599983215332,51.470001220703125,48.0,49.20000076293945
2025-04-09 11:00:00+00:00,50.790000915527344,57.959999084472656,48.9900016784668,56.02000045776367
2025-04-09 12:00:00+00:00,54.97999954223633,57.959999084472656,53.310001373291016,53.869998931884766
2025-04-09 13:00:00+00:00,57.130001068115234,57.689998626708984,49.06999969482422,49.75
2025-04-09 14:00:00+00:00,50.38999938964844,52.470001220703125,48.540000915527344,52.470001220703125
2025-04-09 15:00:00+00:00,50.20000076293945,52.560001373291016,49.060001373291016,51.209999084472656
2025-04-09 16:00:00+00:00,50.2400016784668,51.75,48.66999816894531,49.16999816894531
2025-04-09 17:00:00+00:00,49.95000076293945,50.2599983215332,34.540000915527344,36.13999938964844
2025-04-09 18:00:00+00:00,37.630001068115234,39.290000915527344,34.52000045776367,36.09000015258789
2025-04-09 19:00:00+00:00,36.25,36.790000915527344,31.899999618530273,33.40999984741211
2025-04-09 20:00:00+00:00,33.7599983215332,33.7599983215332,33.040000915527344,33.619998931884766
2025-04-10 07:00:00+00:00,34.439998626708984,37.970001220703125,34.439998626708984,36.72999954223633
2025-04-10 08:00:00+00:00,35.25,39.0099983215332,35.25,38.65999984741211
2025-04-10 09:00:00+00:00,37.11000061035156,39.0099983215332,36.709999084472656,37.04999923706055
2025-04-10 10:00:00+00:00,37.970001220703125,37.970001220703125,35.40999984741211,36.630001068115234
2025-04-10 11:00:00+00:00,35.95000076293945,37.29999923706055,35.45000076293945,36.470001220703125
2025-04-10 12:00:00+00:00,36.93000030517578,37.58000183105469,35.34000015258789,36.90999984741211
2025-04-10 13:00:00+00:00,36.54999923706055,37.58000183105469,35.34000015258789,36.849998474121094
2025-04-10 14:00:00+00:00,36.130001068115234,39.47999954223633,35.369998931884766,39.47999954223633
2025-04-10 15:00:00+00:00,38.040000915527344,46.0099983215332,36.810001373291016,45.7400016784668
2025-04-10 16:00:00+00:00,41.150001525878906,54.869998931884766,40.9900016784668,48.0
2025-04-10 17:00:00+00:00,54.66999816894531,54.66999816894531,43.88999938964844,44.29999923706055
2025-04-10 18:00:00+00:00,48.150001525878906,48.349998474121094,40.15999984741211,42.150001525878906
2025-04-10 19:00:00+00:00,41.029998779296875,47.70000076293945,40.15999984741211,41.18000030517578
2025-04-10 20:00:00+00:00,40.86000061035156,41.310001373291016,40.060001373291016,40.86000061035156
2025-04-11 07:00:00+00:00,40.79999923706055,41.459999084472656,39.849998474121094,41.459999084472656
2025-04-11 08:00:00+00:00,41.2400016784668,44.63999938964844,39.849998474121094,44.2599983215332
2025-04-11 09:00:00+00:00,42.90999984741211,44.63999938964844,41.36000061035156,41.36000061035156
2025-04-11 10:00:00+00:00,43.959999084472656,44.04999923706055,40.83000183105469,41.58000183105469
2025-04-11 11:00:00+00:00,41.2599983215332,43.7599983215332,40.83000183105469,43.27000045776367
2025-04-11 12:00:00+00:00,42.79999923706055,43.7599983215332,40.84000015258789,43.11000061035156
2025-04-11 13:00:00+00:00,41.529998779296875,45.119998931884766,40.84000015258789,42.41999816894531
2025-04-11 14:00:00+00:00,43.599998474121094,45.529998779296875,41.25,45.09000015258789
2025-04-11 15:00:00+00:00,45.40999984741211,46.119998931884766,42.720001220703125,43.0099983215332
2025-04-11 16:00:00+00:00,44.88999938964844,45.150001525878906,38.68000030517578,39.400001525878906
2025-04-11 17:00:00+00:00,41.5,42.09000015258789,38.68000030517578,39.61000061035156
2025-04-11 18:00:00+00:00,41.77000045776367,42.09000015258789,38.7599983215332,39.279998779296875
2025-04-11 19:00:00+00:00,40.0,40.130001068115234,36.849998474121094,37.939998626708984
2025-04-11 20:00:00+00:00,37.97999954223633,37.97999954223633,37.54999923706055,37.54999923706055
2025-04-14 07:00:00+00:00,34.7599983215332,34.7599983215332,34.06999969482422,34.09000015258789
2025-04-14 08:00:00+00:00,34.40999984741211,34.54999923706055,33.34000015258789,33.459999084472656
2025-04-14 09:00:00+00:00,33.599998474121094,34.02000045776367,33.22999954223633,33.630001068115234
2025-04-14 10:00:00+00:00,33.900001525878906,34.02000045776367,33.04999923706055,33.08000183105469
2025-04-14 11:00:00+00:00,33.52000045776367,33.68000030517578,32.61000061035156,33.65999984741211
2025-04-14 12:00:00+00:00,32.7400016784668,33.68000030517578,32.400001525878906,32.400001525878906
2025-04-14 13:00:00+00:00,33.0099983215332,33.83000183105469,31.979999542236328,32.790000915527344
2025-04-14 14:00:00+00:00,32.040000915527344,33.83000183105469,30.260000228881836,30.690000534057617
2025-04-14 15:00:00+00:00,31.440000534057617,34.790000915527344,30.260000228881836,34.310001373291016
2025-04-14 16:00:00+00:00,33.02000045776367,35.16999816894531,32.369998931884766,33.849998474121094
2025-04-14 17:00:00+00:00,34.130001068115234,34.25,31.90999984741211,31.959999084472656
2025-04-14 18:00:00+00:00,33.11000061035156,33.349998474121094,30.780000686645508,30.940000534057617
2025-04-14 19:00:00+00:00,31.170000076293945,31.229999542236328,29.75,30.75
2025-04-14 20:00:00+00:00,30.639999389648438,31.110000610351562,30.540000915527344,30.8799991607666
2025-04-15 07:00:00+00:00,30.010000228881836,30.010000228881836,29.59000015258789,29.690000534057617
2025-04-15 08:00:00+00:00,29.889999389648438,30.329999923706055,29.59000015258789,30.149999618530273
2025-04-15 09:00:00+00:00,30.040000915527344,30.450000762939453,29.81999969482422,30.280000686645508
2025-04-15 10:00:00+00:00,29.889999389648438,30.459999084472656,29.81999969482422,30.149999618530273
2025-04-15 11:00:00+00:00,29.889999389648438,31.40999984741211,29.889999389648438,31.149999618530273
2025-04-15 12:00:00+00:00,30.15999984741211,31.450000762939453,30.0,30.610000610351562
2025-04-15 13:00:00+00:00,31.149999618530273,31.229999542236328,28.290000915527344,29.18000030517578
2025-04-15 14:00:00+00:00,29.90999984741211,30.709999084472656,28.290000915527344,29.229999542236328
2025-04-15 15:00:00+00:00,29.850000381469727,29.850000381469727,28.6299991607666,29.049999237060547
2025-04-15 16:00:00+00:00,29.440000534057617,30.0,28.65999984741211,29.729999542236328
2025-04-15 17:00:00+00:00,28.979999542236328,30.190000534057617,28.809999465942383,29.799999237060547
2025-04-15 18:00:00+00:00,30.049999237060547,30.270000457763672,28.850000381469727,29.0
2025-04-15 19:00:00+00:00,29.920000076293945,30.100000381469727,28.850000381469727,30.100000381469727
2025-04-15 20:00:00+00:00,30.020000457763672,30.200000762939453,29.90999984741211,30.110000610351562
2025-04-16 07:00:00+00:00,33.2400016784668,33.630001068115234,33.220001220703125,33.5
2025-04-16 08:00:00+00:00,33.59000015258789,33.61000061035156,30.75,32.040000915527344
2025-04-16 09:00:00+00:00,33.29999923706055,33.29999923706055,30.75,31.780000686645508
2025-04-16 10:00:00+00:00,31.3700008392334,31.799999237060547,31.260000228881836,31.520000457763672
2025-04-16 11:00:00+00:00,31.56999969482422,31.709999084472656,31.260000228881836,31.559999465942383
2025-04-16 12:00:00+00:00,31.559999465942383,31.829999923706055,31.260000228881836,31.600000381469727
2025-04-16 13:00:00+00:00,31.530000686645508,32.470001220703125,30.559999465942383,31.799999237060547
2025-04-16 14:00:00+00:00,31.600000381469727,31.950000762939453,30.170000076293945,30.25
2025-04-16 15:00:00+00:00,30.559999465942383,30.899999618530273,29.479999542236328,30.8799991607666
2025-04-16 16:00:00+00:00,29.56999969482422,31.3700008392334,29.56999969482422,31.290000915527344
2025-04-16 17:00:00+00:00,31.020000457763672,33.790000915527344,30.809999465942383,33.790000915527344
2025-04-16 18:00:00+00:00,30.850000381469727,33.790000915527344,30.850000381469727,33.540000915527344
2025-04-16 19:00:00+00:00,32.36000061035156,34.959999084472656,32.34000015258789,32.72999954223633
2025-04-16 20:00:00+00:00,32.7400016784668,32.959999084472656,32.47999954223633,32.689998626708984
2025-04-17 07:00:00+00:00,30.790000915527344,30.8700008392334,30.219999313354492,30.600000381469727
2025-04-17 08:00:00+00:00,30.329999923706055,31.040000915527344,30.329999923706055,30.989999771118164
2025-04-17 09:00:00+00:00,30.530000686645508,31.059999465942383,30.530000686645508,30.8799991607666
2025-04-17 10:00:00+00:00,30.75,31.729999542236328,30.68000030517578,31.530000686645508
2025-04-17 11:00:00+00:00,31.34000015258789,31.8799991607666,31.299999237060547,31.450000762939453
2025-04-17 12:00:00+00:00,31.420000076293945,31.649999618530273,30.670000076293945,30.989999771118164
2025-04-17 13:00:00+00:00,31.31999969482422,31.549999237060547,30.670000076293945,31.079999923706055
2025-04-17 14:00:00+00:00,30.959999084472656,32.54999923706055,30.709999084472656,32.369998931884766
2025-04-17 15:00:00+00:00,31.920000076293945,32.54999923706055,31.0,31.549999237060547
2025-04-17 16:00:00+00:00,31.799999237060547,31.809999465942383,30.56999969482422,30.729999542236328
2025-04-17 17:00:00+00:00,30.829999923706055,31.350000381469727,30.190000534057617,30.389999389648438
2025-04-17 18:00:00+00:00,31.06999969482422,31.06999969482422,29.700000762939453,30.15999984741211
2025-04-17 19:00:00+00:00,30.229999542236328,30.68000030517578,29.700000762939453,30.030000686645508
2025-04-17 20:00:00+00:00,30.079999923706055,30.079999923706055,29.56999969482422,29.649999618530273
2025-04-21 07:00:00+00:00,32.75,32.880001068115234,32.630001068115234,32.880001068115234
2025-04-21 08:00:00+00:00,32.81999969482422,32.88999938964844,32.5099983215332,32.61000061035156
2025-04-21 09:00:00+00:00,32.630001068115234,32.869998931884766,32.5099983215332,32.61000061035156
2025-04-21 10:00:00+00:00,32.66999816894531,32.81999969482422,32.13999938964844,32.15999984741211
2025-04-21 11:00:00+00:00,32.59000015258789,32.75,31.90999984741211,32.41999816894531
2025-04-21 12:00:00+00:00,32.5,32.599998474121094,31.790000915527344,32.04999923706055
2025-04-21 13:00:00+00:00,31.979999542236328,33.11000061035156,31.790000915527344,33.0099983215332
2025-04-21 14:00:00+00:00,31.969999313354492,33.83000183105469,31.969999313354492,33.810001373291016
2025-04-21 15:00:00+00:00,33.369998931884766,35.08000183105469,32.880001068115234,35.060001373291016
2025-04-21 16:00:00+00:00,34.29999923706055,35.08000183105469,33.869998931884766,34.529998779296875
2025-04-21 17:00:00+00:00,34.439998626708984,35.650001525878906,33.869998931884766,35.63999938964844
2025-04-21 18:00:00+00:00,35.18000030517578,35.75,34.93000030517578,35.36000061035156
2025-04-21 19:00:00+00:00,35.15999984741211,35.380001068115234,33.380001068115234,33.689998626708984
2025-04-21 20:00:00+00:00,33.689998626708984,33.939998626708984,33.65999984741211,33.84000015258789
2025-04-22 07:00:00+00:00,32.61000061035156,32.68000030517578,32.369998931884766,32.4900016784668
2025-04-22 08:00:00+00:00,32.47999954223633,32.59000015258789,32.119998931884766,32.15999984741211
2025-04-22 09:00:00+00:00,32.47999954223633,32.47999954223633,32.08000183105469,32.150001525878906
2025-04-22 10:00:00+00:00,32.08000183105469,32.2599983215332,32.08000183105469,32.16999816894531
2025-04-22 11:00:00+00:00,32.22999954223633,32.54999923706055,32.08000183105469,32.459999084472656
2025-04-22 12:00:00+00:00,32.34000015258789,32.54999923706055,31.809999465942383,31.809999465942383
2025-04-22 13:00:00+00:00,32.06999969482422,32.150001525878906,30.850000381469727,31.06999969482422
2025-04-22 14:00:00+00:00,31.790000915527344,31.790000915527344,30.309999465942383,30.3799991607666
2025-04-22 15:00:00+00:00,30.610000610351562,30.899999618530273,30.079999923706055,30.479999542236328
2025-04-22 16:00:00+00:00,30.549999237060547,30.899999618530273,30.229999542236328,30.799999237060547
2025-04-22 17:00:00+00:00,30.59000015258789,32.279998779296875,30.530000686645508,32.0
2025-04-22 18:00:00+00:00,32.189998626708984,32.279998779296875,30.3799991607666,30.520000457763672
2025-04-22 19:00:00+00:00,30.75,31.190000534057617,30.3799991607666,30.549999237060547
2025-04-22 20:00:00+00:00,30.5,30.690000534057617,30.329999923706055,30.559999465942383
2025-04-23 07:00:00+00:00,28.75,28.760000228881836,28.40999984741211,28.43000030517578
2025-04-23 08:00:00+00:00,28.670000076293945,28.690000534057617,28.299999237060547,28.40999984741211
2025-04-23 09:00:00+00:00,28.350000381469727,28.5,28.280000686645508,28.360000610351562
2025-04-23 10:00:00+00:00,28.3799991607666,28.5,27.969999313354492,28.059999465942383
2025-04-23 11:00:00+00:00,28.15999984741211,28.229999542236328,27.940000534057617,28.229999542236328
2025-04-23 12:00:00+00:00,28.049999237060547,28.290000915527344,27.860000610351562,27.860000610351562
2025-04-23 13:00:00+00:00,28.149999618530273,28.360000610351562,27.649999618530273,27.979999542236328
2025-04-23 14:00:00+00:00,27.760000228881836,28.360000610351562,27.110000610351562,27.889999389648438
2025-04-23 15:00:00+00:00,27.219999313354492,29.559999465942383,27.110000610351562,29.100000381469727
2025-04-23 16:00:00+00:00,28.75,30.290000915527344,28.510000228881836,28.729999542236328
2025-04-23 17:00:00+00:00,29.43000030517578,29.450000762939453,28.25,28.40999984741211
2025-04-23 18:00:00+00:00,28.549999237060547,29.010000228881836,28.219999313354492,28.59000015258789
2025-04-23 19:00:00+00:00,28.81999969482422,29.229999542236328,28.079999923706055,28.239999771118164
2025-04-23 20:00:00+00:00,28.479999542236328,28.520000457763672,28.309999465942383,28.420000076293945
2025-04-24 07:00:00+00:00,28.690000534057617,29.34000015258789,28.440000534057617,29.15999984741211
2025-04-24 08:00:00+00:00,28.90999984741211,29.65999984741211,28.90999984741211,29.399999618530273
2025-04-24 09:00:00+00:00,29.389999389648438,29.65999984741211,28.799999237060547,28.84000015258789
2025-04-24 10:00:00+00:00,29.079999923706055,29.079999923706055,28.020000457763672,28.149999618530273
2025-04-24 11:00:00+00:00,28.700000762939453,28.760000228881836,28.020000457763672,28.56999969482422
2025-04-24 12:00:00+00:00,28.520000457763672,28.760000228881836,27.780000686645508,27.81999969482422
2025-04-24 13:00:00+00:00,28.350000381469727,28.3799991607666,27.34000015258789,27.3700008392334
2025-04-24 14:00:00+00:00,27.809999465942383,27.950000762939453,27.1299991607666,27.34000015258789
2025-04-24 15:00:00+00:00,27.299999237060547,27.510000228881836,27.209999084472656,27.399999618530273
2025-04-24 16:00:00+00:00,27.389999389648438,27.479999542236328,26.979999542236328,27.43000030517578
2025-04-24 17:00:00+00:00,27.049999237060547,27.81999969482422,26.979999542236328,27.450000762939453
2025-04-24 18:00:00+00:00,27.670000076293945,27.81999969482422,26.959999084472656,26.979999542236328
2025-04-24 19:00:00+00:00,27.34000015258789,27.350000381469727,26.459999084472656,26.639999389648438
2025-04-24 20:00:00+00:00,26.68000030517578,26.690000534057617,26.360000610351562,26.479999542236328
2025-04-25 07:00:00+00:00,26.219999313354492,26.350000381469727,26.0,26.06999969482422
2025-04-25 08:00:00+00:00,26.139999389648438,26.350000381469727,25.68000030517578,26.170000076293945
2025-04-25 09:00:00+00:00,26.020000457763672,26.389999389648438,25.989999771118164,26.170000076293945
2025-04-25 10:00:00+00:00,26.1299991607666,27.170000076293945,26.1299991607666,27.15999984741211
2025-04-25 11:00:00+00:00,26.56999969482422,27.170000076293945,26.510000228881836,26.90999984741211
2025-04-25 12:00:00+00:00,26.649999618530273,27.020000457763672,26.649999618530273,26.889999389648438
2025-04-25 13:00:00+00:00,26.920000076293945,27.200000762939453,26.360000610351562,27.100000381469727
2025-04-25 14:00:00+00:00,26.59000015258789,27.200000762939453,26.059999465942383,26.239999771118164
2025-04-25 15:00:00+00:00,26.940000534057617,27.139999389648438,25.299999237060547,25.31999969482422
2025-04-25 16:00:00+00:00,25.739999771118164,25.770000457763672,24.850000381469727,25.200000762939453
2025-04-25 17:00:00+00:00,25.149999618530273,26.520000457763672,24.850000381469727,26.15999984741211
2025-04-25 18:00:00+00:00,25.06999969482422,26.520000457763672,25.020000457763672,25.1299991607666
2025-04-25 19:00:00+00:00,25.389999389648438,25.59000015258789,24.979999542236328,25.049999237060547
2025-04-25 20:00:00+00:00,25.049999237060547,25.049999237060547,24.8700008392334,24.8700008392334
2025-04-28 07:00:00+00:00,25.75,25.940000534057617,25.610000610351562,25.940000534057617
2025-04-28 08:00:00+00:00,25.68000030517578,26.020000457763672,25.600000381469727,25.600000381469727
2025-04-28 09:00:00+00:00,25.760000228881836,25.799999237060547,25.290000915527344,25.389999389648438
2025-04-28 10:00:00+00:00,25.389999389648438,25.690000534057617,25.290000915527344,25.649999618530273
2025-04-28 11:00:00+00:00,25.579999923706055,25.700000762939453,25.34000015258789,25.43000030517578
2025-04-28 12:00:00+00:00,25.469999313354492,25.6299991607666,25.260000228881836,25.280000686645508
2025-04-28 13:00:00+00:00,25.43000030517578,25.43000030517578,24.700000762939453,25.420000076293945
2025-04-28 14:00:00+00:00,24.979999542236328,25.59000015258789,24.700000762939453,25.219999313354492
2025-04-28 15:00:00+00:00,25.100000381469727,26.260000228881836,24.860000610351562,25.969999313354492
2025-04-28 16:00:00+00:00,26.219999313354492,26.479999542236328,25.690000534057617,26.280000686645508
2025-04-28 17:00:00+00:00,26.43000030517578,26.93000030517578,25.860000610351562,26.170000076293945
2025-04-28 18:00:00+00:00,26.850000381469727,26.93000030517578,25.399999618530273,25.43000030517578
2025-04-28 19:00:00+00:00,25.760000228881836,25.8799991607666,24.760000228881836,24.940000534057617
2025-04-28 20:00:00+00:00,24.989999771118164,25.149999618530273,24.979999542236328,25.149999618530273
2025-04-29 07:00:00+00:00,24.760000228881836,24.760000228881836,24.600000381469727,24.639999389648438
2025-04-29 08:00:00+00:00,24.649999618530273,24.90999984741211,24.600000381469727,24.719999313354492
2025-04-29 09:00:00+00:00,24.739999771118164,24.860000610351562,24.6200008392334,24.739999771118164
2025-04-29 10:00:00+00:00,24.809999465942383,25.540000915527344,24.639999389648438,25.209999084472656
2025-04-29 11:00:00+00:00,24.649999618530273,25.540000915527344,24.649999618530273,25.25
2025-04-29 12:00:00+00:00,25.139999389648438,25.6299991607666,25.049999237060547,25.579999923706055
2025-04-29 13:00:00+00:00,25.399999618530273,25.989999771118164,24.989999771118164,25.219999313354492
2025-04-29 14:00:00+00:00,25.700000762939453,25.700000762939453,24.649999618530273,24.829999923706055
2025-04-29 15:00:00+00:00,25.459999084472656,25.459999084472656,24.670000076293945,24.8700008392334
2025-04-29 16:00:00+00:00,24.860000610351562,25.06999969482422,24.40999984741211,24.770000457763672
2025-04-29 17:00:00+00:00,24.510000228881836,24.90999984741211,23.760000228881836,23.90999984741211
2025-04-29 18:00:00+00:00,24.229999542236328,24.309999465942383,23.760000228881836,24.06999969482422
2025-04-29 19:00:00+00:00,23.889999389648438,24.479999542236328,23.8799991607666,24.270000457763672
2025-04-29 20:00:00+00:00,24.209999084472656,24.299999237060547,24.1200008392334,24.18000030517578
2025-04-30 07:00:00+00:00,24.350000381469727,24.459999084472656,24.329999923706055,24.350000381469727
2025-04-30 08:00:00+00:00,24.350000381469727,24.520000457763672,24.229999542236328,24.510000228881836
2025-04-30 09:00:00+00:00,24.40999984741211,24.56999969482422,24.389999389648438,24.56999969482422
2025-04-30 10:00:00+00:00,24.420000076293945,24.889999389648438,24.399999618530273,24.760000228881836
2025-04-30 11:00:00+00:00,24.65999984741211,24.899999618530273,24.579999923706055,24.84000015258789
2025-04-30 12:00:00+00:00,24.829999923706055,26.549999237060547,24.790000915527344,26.229999542236328
2025-04-30 13:00:00+00:00,25.25,28.170000076293945,25.149999618530273,28.09000015258789
2025-04-30 14:00:00+00:00,26.84000015258789,28.170000076293945,26.0,26.030000686645508
2025-04-30 15:00:00+00:00,26.239999771118164,26.780000686645508,25.3700008392334,25.440000534057617
2025-04-30 16:00:00+00:00,25.530000686645508,26.049999237060547,25.190000534057617,25.530000686645508
2025-04-30 17:00:00+00:00,25.760000228881836,26.290000915527344,25.139999389648438,25.290000915527344
2025-04-30 18:00:00+00:00,25.40999984741211,25.8700008392334,24.8799991607666,25.670000076293945
2025-04-30 19:00:00+00:00,25.3700008392334,25.8700008392334,24.520000457763672,24.770000457763672
2025-04-30 20:00:00+00:00,24.93000030517578,25.1200008392334,24.329999923706055,24.799999237060547
2025-05-01 07:00:00+00:00,23.940000534057617,24.020000457763672,23.850000381469727,23.959999084472656
2025-05-01 08:00:00+00:00,23.90999984741211,24.1299991607666,23.809999465942383,23.81999969482422
2025-05-01 09:00:00+00:00,23.959999084472656,23.989999771118164,23.670000076293945,23.690000534057617
2025-05-01 10:00:00+00:00,23.770000457763672,23.959999084472656,23.670000076293945,23.860000610351562
2025-05-01 11:00:00+00:00,23.829999923706055,24.1299991607666,23.709999084472656,23.940000534057617
2025-05-01 12:00:00+00:00,24.110000610351562,24.280000686645508,23.829999923706055,24.280000686645508
2025-05-01 13:00:00+00:00,24.0,24.690000534057617,23.950000762939453,24.690000534057617
2025-05-01 14:00:00+00:00,24.0,24.700000762939453,23.799999237060547,23.90999984741211
2025-05-01 15:00:00+00:00,23.889999389648438,24.860000610351562,23.770000457763672,24.760000228881836
2025-05-01 16:00:00+00:00,24.049999237060547,25.18000030517578,24.030000686645508,24.860000610351562
2025-05-01 17:00:00+00:00,24.829999923706055,25.020000457763672,24.049999237060547,24.290000915527344
2025-05-01 18:00:00+00:00,24.200000762939453,24.510000228881836,23.479999542236328,23.579999923706055
2025-05-01 19:00:00+00:00,23.690000534057617,24.239999771118164,23.299999237060547,24.239999771118164
2025-05-01 20:00:00+00:00,24.09000015258789,24.739999771118164,23.90999984741211,24.600000381469727
2025-05-02 07:00:00+00:00,23.6299991607666,23.84000015258789,23.530000686645508,23.84000015258789
2025-05-02 08:00:00+00:00,23.610000610351562,24.190000534057617,23.610000610351562,24.190000534057617
2025-05-02 09:00:00+00:00,23.809999465942383,24.260000228881836,23.739999771118164,24.030000686645508
2025-05-02 10:00:00+00:00,24.079999923706055,24.110000610351562,23.899999618530273,24.09000015258789
2025-05-02 11:00:00+00:00,23.979999542236328,24.31999969482422,23.93000030517578,24.15999984741211
2025-05-02 12:00:00+00:00,24.1200008392334,24.31999969482422,22.510000228881836,22.600000381469727
2025-05-02 13:00:00+00:00,23.25,23.25,22.489999771118164,23.040000915527344
2025-05-02 14:00:00+00:00,22.809999465942383,23.209999084472656,22.579999923706055,22.979999542236328
2025-05-02 15:00:00+00:00,22.610000610351562,23.110000610351562,22.610000610351562,22.729999542236328
2025-05-02 16:00:00+00:00,23.040000915527344,23.059999465942383,22.389999389648438,22.729999542236328
2025-05-02 17:00:00+00:00,22.899999618530273,22.940000534057617,22.6200008392334,22.75
2025-05-02 18:00:00+00:00,22.81999969482422,22.90999984741211,22.34000015258789,22.579999923706055
2025-05-02 19:00:00+00:00,22.459999084472656,22.84000015258789,22.34000015258789,22.530000686645508
2025-05-02 20:00:00+00:00,22.700000762939453,22.719999313354492,22.549999237060547,22.709999084472656
2025-05-05 07:00:00+00:00,24.25,24.350000381469727,24.15999984741211,24.219999313354492
2025-05-05 08:00:00+00:00,24.229999542236328,24.59000015258789,24.1200008392334,24.510000228881836
2025-05-05 09:00:00+00:00,24.18000030517578,24.6299991607666,24.18000030517578,24.360000610351562
2025-05-05 10:00:00+00:00,24.389999389648438,24.5,24.280000686645508,24.360000610351562
2025-05-05 11:00:00+00:00,24.399999618530273,24.559999465942383,24.290000915527344,24.520000457763672
2025-05-05 12:00:00+00:00,24.350000381469727,24.600000381469727,24.190000534057617,24.190000534057617
2025-05-05 13:00:00+00:00,24.290000915527344,24.360000610351562,23.920000076293945,24.030000686645508
2025-05-05 14:00:00+00:00,24.1200008392334,24.360000610351562,23.020000457763672,23.030000686645508
2025-05-05 15:00:00+00:00,23.59000015258789,23.729999542236328,22.899999618530273,23.1299991607666
2025-05-05 16:00:00+00:00,23.079999923706055,23.309999465942383,22.809999465942383,22.920000076293945
2025-05-05 17:00:00+00:00,22.93000030517578,23.229999542236328,22.809999465942383,23.139999389648438
2025-05-05 18:00:00+00:00,23.170000076293945,23.190000534057617,22.93000030517578,22.950000762939453
2025-05-05 19:00:00+00:00,23.079999923706055,23.68000030517578,22.93000030517578,23.59000015258789
2025-05-05 20:00:00+00:00,23.540000915527344,23.65999984741211,23.530000686645508,23.639999389648438
2025-05-06 07:00:00+00:00,23.969999313354492,24.270000457763672,23.920000076293945,24.260000228881836
2025-05-06 08:00:00+00:00,24.049999237060547,24.760000228881836,24.049999237060547,24.579999923706055
2025-05-06 09:00:00+00:00,24.709999084472656,24.90999984741211,24.520000457763672,24.709999084472656
2025-05-06 10:00:00+00:00,24.84000015258789,24.90999984741211,24.520000457763672,24.520000457763672
2025-05-06 11:00:00+00:00,24.68000030517578,25.040000915527344,24.40999984741211,24.850000381469727
2025-05-06 12:00:00+00:00,24.75,25.040000915527344,24.59000015258789,24.639999389648438
2025-05-06 13:00:00+00:00,24.81999969482422,25.110000610351562,24.34000015258789,24.969999313354492
2025-05-06 14:00:00+00:00,24.770000457763672,25.110000610351562,24.100000381469727,24.149999618530273
2025-05-06 15:00:00+00:00,24.18000030517578,24.399999618530273,23.93000030517578,24.360000610351562
2025-05-06 16:00:00+00:00,23.969999313354492,24.610000610351562,23.899999618530273,24.610000610351562
2025-05-06 17:00:00+00:00,24.290000915527344,24.950000762939453,24.110000610351562,24.93000030517578
2025-05-06 18:00:00+00:00,24.559999465942383,24.989999771118164,24.3799991607666,24.3799991607666
2025-05-06 19:00:00+00:00,24.56999969482422,24.729999542236328,24.260000228881836,24.709999084472656
2025-05-06 20:00:00+00:00,24.719999313354492,24.790000915527344,24.719999313354492,24.760000228881836
2025-05-07 07:00:00+00:00,24.559999465942383,24.559999465942383,24.270000457763672,24.280000686645508
2025-05-07 08:00:00+00:00,24.3700008392334,24.43000030517578,24.170000076293945,24.190000534057617
2025-05-07 09:00:00+00:00,24.25,24.440000534057617,24.149999618530273,24.350000381469727
2025-05-07 10:00:00+00:00,24.350000381469727,24.479999542236328,24.219999313354492,24.309999465942383
2025-05-07 11:00:00+00:00,24.3700008392334,24.459999084472656,24.190000534057617,24.389999389648438
2025-05-07 12:00:00+00:00,24.290000915527344,24.709999084472656,24.270000457763672,24.68000030517578
2025-05-07 13:00:00+00:00,24.68000030517578,25.190000534057617,24.549999237060547,24.65999984741211
2025-05-07 14:00:00+00:00,24.75,25.190000534057617,24.389999389648438,24.760000228881836
2025-05-07 15:00:00+00:00,24.469999313354492,25.049999237060547,24.389999389648438,24.530000686645508
2025-05-07 16:00:00+00:00,24.799999237060547,24.899999618530273,24.170000076293945,24.229999542236328
2025-05-07 17:00:00+00:00,24.739999771118164,25.030000686645508,24.139999389648438,24.8700008392334
2025-05-07 18:00:00+00:00,24.309999465942383,25.6200008392334,23.860000610351562,23.940000534057617
2025-05-07 19:00:00+00:00,25.0,25.09000015258789,23.290000915527344,23.639999389648438
2025-05-07 20:00:00+00:00,23.719999313354492,23.719999313354492,23.530000686645508,23.56999969482422
2025-05-08 07:00:00+00:00,22.84000015258789,22.93000030517578,22.770000457763672,22.899999618530273
2025-05-08 08:00:00+00:00,22.809999465942383,22.969999313354492,22.559999465942383,22.600000381469727
2025-05-08 09:00:00+00:00,22.700000762939453,22.700000762939453,22.399999618530273,22.440000534057617
2025-05-08 10:00:00+00:00,22.530000686645508,22.530000686645508,22.329999923706055,22.3799991607666
2025-05-08 11:00:00+00:00,22.420000076293945,22.760000228881836,22.360000610351562,22.700000762939453
2025-05-08 12:00:00+00:00,22.579999923706055,23.110000610351562,22.510000228881836,22.84000015258789
2025-05-08 13:00:00+00:00,22.729999542236328,23.200000762939453,22.510000228881836,23.1299991607666
2025-05-08 14:00:00+00:00,22.809999465942383,23.610000610351562,22.649999618530273,23.399999618530273
2025-05-08 15:00:00+00:00,22.760000228881836,23.610000610351562,21.8799991607666,22.280000686645508
2025-05-08 16:00:00+00:00,22.43000030517578,22.600000381469727,21.8799991607666,22.190000534057617
2025-05-08 17:00:00+00:00,22.299999237060547,22.579999923706055,22.049999237060547,22.56999969482422
2025-05-08 18:00:00+00:00,22.350000381469727,22.6200008392334,22.059999465942383,22.139999389648438
2025-05-08 19:00:00+00:00,22.350000381469727,22.68000030517578,21.920000076293945,22.6200008392334
2025-05-08 20:00:00+00:00,22.579999923706055,22.579999923706055,22.360000610351562,22.450000762939453
2025-05-09 07:00:00+00:00,22.399999618530273,22.43000030517578,22.139999389648438,22.309999465942383
2025-05-09 08:00:00+00:00,22.350000381469727,22.459999084472656,22.139999389648438,22.420000076293945
2025-05-09 09:00:00+00:00,22.350000381469727,22.459999084472656,22.270000457763672,22.290000915527344
2025-05-09 10:00:00+00:00,22.3799991607666,22.40999984741211,22.100000381469727,22.149999618530273
2025-05-09 11:00:00+00:00,22.15999984741211,22.75,22.049999237060547,22.270000457763672
2025-05-09 12:00:00+00:00,22.25,22.459999084472656,22.079999923706055,22.200000762939453
2025-05-09 13:00:00+00:00,22.299999237060547,22.299999237060547,21.920000076293945,21.950000762939453
2025-05-09 14:00:00+00:00,22.190000534057617,22.670000076293945,21.829999923706055,22.329999923706055
2025-05-09 15:00:00+00:00,22.280000686645508,22.670000076293945,22.020000457763672,22.020000457763672
2025-05-09 16:00:00+00:00,22.34000015258789,22.65999984741211,22.010000228881836,22.639999389648438
2025-05-09 17:00:00+00:00,22.360000610351562,22.81999969482422,22.190000534057617,22.229999542236328
2025-05-09 18:00:00+00:00,22.520000457763672,22.59000015258789,21.940000534057617,21.969999313354492
2025-05-09 19:00:00+00:00,22.299999237060547,22.299999237060547,21.90999984741211,21.989999771118164
2025-05-09 20:00:00+00:00,22.030000686645508,22.030000686645508,21.829999923706055,21.8700008392334
2025-05-12 07:00:00+00:00,19.84000015258789,20.34000015258789,19.709999084472656,20.260000228881836
2025-05-12 08:00:00+00:00,19.920000076293945,20.440000534057617,19.899999618530273,20.15999984741211
2025-05-12 09:00:00+00:00,20.229999542236328,20.260000228881836,19.969999313354492,20.0
2025-05-12 10:00:00+00:00,20.079999923706055,20.079999923706055,19.75,19.84000015258789
2025-05-12 11:00:00+00:00,19.84000015258789,20.280000686645508,19.75,20.079999923706055
2025-05-12 12:00:00+00:00,20.049999237060547,20.280000686645508,19.809999465942383,19.850000381469727
2025-05-12 13:00:00+00:00,19.829999923706055,19.979999542236328,18.959999084472656,19.309999465942383
2025-05-12 14:00:00+00:00,19.469999313354492,19.65999984741211,18.959999084472656,19.34000015258789
2025-05-12 15:00:00+00:00,19.459999084472656,19.65999984741211,19.100000381469727,19.200000762939453
2025-05-12 16:00:00+00:00,19.3700008392334,19.3700008392334,18.739999771118164,18.850000381469727
2025-05-12 17:00:00+00:00,18.940000534057617,18.969999313354492,18.739999771118164,18.959999084472656
2025-05-12 18:00:00+00:00,18.90999984741211,18.969999313354492,18.59000015258789,18.709999084472656
2025-05-12 19:00:00+00:00,18.700000762939453,18.780000686645508,18.25,18.25
2025-05-12 20:00:00+00:00,18.219999313354492,18.399999618530273,18.139999389648438,18.399999618530273
2025-05-13 07:00:00+00:00,18.690000534057617,18.850000381469727,18.670000076293945,18.770000457763672
2025-05-13 08:00:00+00:00,18.770000457763672,18.81999969482422,18.6299991607666,18.729999542236328
2025-05-13 09:00:00+00:00,18.690000534057617,18.780000686645508,18.600000381469727,18.600000381469727
2025-05-13 10:00:00+00:00,18.700000762939453,18.709999084472656,18.520000457763672,18.610000610351562
2025-05-13 11:00:00+00:00,18.549999237060547,18.6200008392334,18.31999969482422,18.31999969482422
2025-05-13 12:00:00+00:00,18.579999923706055,18.579999923706055,17.829999923706055,18.010000228881836
2025-05-13 13:00:00+00:00,17.899999618530273,18.09000015258789,17.649999618530273,17.739999771118164
2025-05-13 14:00:00+00:00,17.8700008392334,17.959999084472656,17.649999618530273,17.84000015258789
2025-05-13 15:00:00+00:00,17.860000610351562,18.079999923706055,17.729999542236328,17.950000762939453
2025-05-13 16:00:00+00:00,17.940000534057617,18.079999923706055,17.790000915527344,17.889999389648438
2025-05-13 17:00:00+00:00,17.940000534057617,18.06999969482422,17.790000915527344,18.06999969482422
2025-05-13 18:00:00+00:00,17.899999618530273,18.1200008392334,17.649999618530273,17.649999618530273
2025-05-13 19:00:00+00:00,17.889999389648438,18.290000915527344,17.649999618530273,18.239999771118164
2025-05-13 20:00:00+00:00,18.290000915527344,18.309999465942383,18.190000534057617,18.219999313354492
2025-05-14 07:00:00+00:00,18.100000381469727,18.34000015258789,18.09000015258789,18.200000762939453
2025-05-14 08:00:00+00:00,18.299999237060547,18.34000015258789,18.18000030517578,18.280000686645508
2025-05-14 09:00:00+00:00,18.239999771118164,18.489999771118164,18.209999084472656,18.479999542236328
2025-05-14 10:00:00+00:00,18.309999465942383,18.540000915527344,18.299999237060547,18.450000762939453
2025-05-14 11:00:00+00:00,18.440000534057617,18.469999313354492,18.229999542236328,18.280000686645508
2025-05-14 12:00:00+00:00,18.270000457763672,18.360000610351562,18.1200008392334,18.25
2025-05-14 13:00:00+00:00,18.190000534057617,18.709999084472656,18.110000610351562,18.520000457763672
2025-05-14 14:00:00+00:00,18.200000762939453,18.709999084472656,18.110000610351562,18.360000610351562
2025-05-14 15:00:00+00:00,18.360000610351562,18.65999984741211,18.239999771118164,18.350000381469727
2025-05-14 16:00:00+00:00,18.329999923706055,18.399999618530273,18.209999084472656,18.389999389648438
2025-05-14 17:00:00+00:00,18.34000015258789,18.81999969482422,18.18000030517578,18.18000030517578
2025-05-14 18:00:00+00:00,18.549999237060547,18.549999237060547,18.059999465942383,18.15999984741211
2025-05-14 19:00:00+00:00,18.309999465942383,18.65999984741211,18.059999465942383,18.65999984741211
2025-05-14 20:00:00+00:00,18.600000381469727,18.760000228881836,18.600000381469727,18.6299991607666
2025-05-15 07:00:00+00:00,19.190000534057617,19.25,19.030000686645508,19.139999389648438
2025-05-15 08:00:00+00:00,19.06999969482422,19.3799991607666,19.030000686645508,19.299999237060547
2025-05-15 09:00:00+00:00,19.1200008392334,19.3799991607666,19.020000457763672,19.020000457763672
2025-05-15 10:00:00+00:00,19.139999389648438,19.209999084472656,19.010000228881836,19.020000457763672
2025-05-15 11:00:00+00:00,19.079999923706055,19.09000015258789,18.81999969482422,18.920000076293945
2025-05-15 12:00:00+00:00,18.850000381469727,19.040000915527344,18.6299991607666,18.809999465942383
2025-05-15 13:00:00+00:00,18.920000076293945,18.989999771118164,18.6299991607666,18.760000228881836
2025-05-15 14:00:00+00:00,18.760000228881836,18.969999313354492,18.530000686645508,18.579999923706055
2025-05-15 15:00:00+00:00,18.690000534057617,18.739999771118164,18.280000686645508,18.459999084472656
2025-05-15 16:00:00+00:00,18.40999984741211,18.540000915527344,18.219999313354492,18.260000228881836
2025-05-15 17:00:00+00:00,18.459999084472656,18.489999771118164,18.1299991607666,18.25
2025-05-15 18:00:00+00:00,18.280000686645508,18.350000381469727,18.030000686645508,18.06999969482422
2025-05-15 19:00:00+00:00,18.149999618530273,18.219999313354492,17.920000076293945,17.969999313354492
2025-05-15 20:00:00+00:00,17.850000381469727,17.8799991607666,17.770000457763672,17.81999969482422
2025-05-16 07:00:00+00:00,17.959999084472656,17.959999084472656,17.719999313354492,17.739999771118164
2025-05-16 08:00:00+00:00,17.8700008392334,17.8799991607666,17.59000015258789,17.639999389648438
2025-05-16 09:00:00+00:00,17.649999618530273,17.729999542236328,17.59000015258789,17.709999084472656
2025-05-16 10:00:00+00:00,17.65999984741211,17.760000228881836,17.540000915527344,17.59000015258789
2025-05-16 11:00:00+00:00,17.6200008392334,17.6200008392334,17.420000076293945,17.420000076293945
2025-05-16 12:00:00+00:00,17.459999084472656,17.5,17.299999237060547,17.489999771118164
2025-05-16 13:00:00+00:00,17.329999923706055,17.670000076293945,17.299999237060547,17.479999542236328
2025-05-16 14:00:00+00:00,17.59000015258789,17.8799991607666,17.360000610351562,17.649999618530273
2025-05-16 15:00:00+00:00,17.510000228881836,17.8799991607666,17.3700008392334,17.440000534057617
2025-05-16 16:00:00+00:00,17.540000915527344,17.540000915527344,17.15999984741211,17.219999313354492
2025-05-16 17:00:00+00:00,17.329999923706055,17.489999771118164,17.149999618530273,17.479999542236328
2025-05-16 18:00:00+00:00,17.31999969482422,17.489999771118164,17.270000457763672,17.350000381469727
2025-05-16 19:00:00+00:00,17.360000610351562,17.5,17.209999084472656,17.229999542236328
2025-05-16 20:00:00+00:00,17.200000762939453,17.270000457763672,17.200000762939453,17.239999771118164
2025-05-19 07:00:00+00:00,19.84000015258789,19.8700008392334,19.3799991607666,19.510000228881836
2025-05-19 08:00:00+00:00,19.700000762939453,19.81999969482422,19.3799991607666,19.729999542236328
2025-05-19 09:00:00+00:00,19.739999771118164,19.84000015258789,19.700000762939453,19.799999237060547
2025-05-19 10:00:00+00:00,19.709999084472656,19.920000076293945,19.5,19.59000015258789
2025-05-19 11:00:00+00:00,19.790000915527344,19.829999923706055,19.350000381469727,19.3700008392334
2025-05-19 12:00:00+00:00,19.5,19.56999969482422,19.329999923706055,19.34000015258789
2025-05-19 13:00:00+00:00,19.479999542236328,19.56999969482422,18.700000762939453,18.700000762939453
2025-05-19 14:00:00+00:00,19.15999984741211,19.15999984741211,18.40999984741211,18.579999923706055
2025-05-19 15:00:00+00:00,18.56999969482422,18.65999984741211,18.200000762939453,18.34000015258789
2025-05-19 16:00:00+00:00,18.420000076293945,18.420000076293945,18.040000915527344,18.06999969482422
2025-05-19 17:00:00+00:00,18.18000030517578,18.229999542236328,18.020000457763672,18.09000015258789
2025-05-19 18:00:00+00:00,18.049999237060547,18.209999084472656,17.920000076293945,18.020000457763672
2025-05-19 19:00:00+00:00,18.100000381469727,18.270000457763672,17.920000076293945,17.979999542236328
2025-05-19 20:00:00+00:00,18.040000915527344,18.15999984741211,18.020000457763672,18.149999618530273
2025-05-20 07:00:00+00:00,18.459999084472656,18.5,18.31999969482422,18.389999389648438
2025-05-20 08:00:00+00:00,18.350000381469727,18.5,18.309999465942383,18.40999984741211
2025-05-20 09:00:00+00:00,18.40999984741211,18.440000534057617,18.309999465942383,18.399999618530273
2025-05-20 10:00:00+00:00,18.440000534057617,18.440000534057617,18.190000534057617,18.190000534057617
2025-05-20 11:00:00+00:00,18.280000686645508,18.299999237060547,18.1299991607666,18.170000076293945
2025-05-20 12:00:00+00:00,18.149999618530273,18.239999771118164,18.1299991607666,18.139999389648438
2025-05-20 13:00:00+00:00,18.18000030517578,18.360000610351562,18.020000457763672,18.260000228881836
2025-05-20 14:00:00+00:00,18.09000015258789,18.489999771118164,18.020000457763672,18.31999969482422
2025-05-20 15:00:00+00:00,18.43000030517578,18.489999771118164,17.940000534057617,17.959999084472656
2025-05-20 16:00:00+00:00,18.079999923706055,18.139999389648438,17.780000686645508,17.799999237060547
2025-05-20 17:00:00+00:00,17.989999771118164,18.079999923706055,17.700000762939453,17.969999313354492
2025-05-20 18:00:00+00:00,17.8799991607666,18.440000534057617,17.8799991607666,18.31999969482422
2025-05-20 19:00:00+00:00,18.389999389648438,18.68000030517578,17.8700008392334,17.889999389648438
2025-05-20 20:00:00+00:00,17.889999389648438,18.100000381469727,17.889999389648438,18.100000381469727
2025-05-21 07:00:00+00:00,18.770000457763672,18.809999465942383,18.6200008392334,18.649999618530273
2025-05-21 08:00:00+00:00,18.729999542236328,18.850000381469727,18.6200008392334,18.719999313354492
2025-05-21 09:00:00+00:00,18.68000030517578,19.1200008392334,18.6299991607666,19.06999969482422
2025-05-21 10:00:00+00:00,18.799999237060547,19.290000915527344,18.799999237060547,18.850000381469727
2025-05-21 11:00:00+00:00,19.200000762939453,19.200000762939453,18.489999771118164,18.520000457763672
2025-05-21 12:00:00+00:00,18.549999237060547,18.93000030517578,18.489999771118164,18.860000610351562
2025-05-21 13:00:00+00:00,18.68000030517578,19.280000686645508,18.579999923706055,18.719999313354492
2025-05-21 14:00:00+00:00,18.850000381469727,18.940000534057617,18.350000381469727,18.350000381469727
2025-05-21 15:00:00+00:00,18.59000015258789,18.700000762939453,18.15999984741211,18.219999313354492
2025-05-21 16:00:00+00:00,18.25,18.31999969482422,18.059999465942383,18.219999313354492
2025-05-21 17:00:00+00:00,18.170000076293945,20.389999389648438,17.770000457763672,19.75
2025-05-21 18:00:00+00:00,20.139999389648438,20.440000534057617,19.040000915527344,20.3700008392334
2025-05-21 19:00:00+00:00,20.010000228881836,21.049999237060547,19.760000228881836,20.469999313354492
2025-05-21 20:00:00+00:00,20.56999969482422,20.899999618530273,20.56999969482422,20.8799991607666
2025-05-22 07:00:00+00:00,20.6200008392334,20.719999313354492,20.510000228881836,20.600000381469727
2025-05-22 08:00:00+00:00,20.6299991607666,20.719999313354492,20.389999389648438,20.440000534057617
2025-05-22 09:00:00+00:00,20.450000762939453,20.59000015258789,20.360000610351562,20.459999084472656
2025-05-22 10:00:00+00:00,20.40999984741211,20.6200008392334,20.360000610351562,20.56999969482422
2025-05-22 11:00:00+00:00,20.40999984741211,21.729999542236328,20.31999969482422,21.729999542236328
2025-05-22 12:00:00+00:00,20.899999618530273,22.06999969482422,20.8799991607666,21.010000228881836
2025-05-22 13:00:00+00:00,22.030000686645508,22.030000686645508,20.510000228881836,20.510000228881836
2025-05-22 14:00:00+00:00,21.100000381469727,21.530000686645508,20.190000534057617,20.790000915527344
2025-05-22 15:00:00+00:00,20.809999465942383,21.200000762939453,20.350000381469727,20.3799991607666
2025-05-22 16:00:00+00:00,20.8799991607666,20.8799991607666,19.989999771118164,20.6200008392334
2025-05-22 17:00:00+00:00,20.260000228881836,20.739999771118164,19.90999984741211,19.979999542236328
2025-05-22 18:00:00+00:00,20.260000228881836,20.290000915527344,19.790000915527344,19.829999923706055
2025-05-22 19:00:00+00:00,19.90999984741211,20.420000076293945,19.639999389648438,20.309999465942383
2025-05-22 20:00:00+00:00,20.229999542236328,20.34000015258789,20.209999084472656,20.270000457763672
2025-05-23 07:00:00+00:00,20.139999389648438,20.15999984741211,19.860000610351562,19.950000762939453
2025-05-23 08:00:00+00:00,19.889999389648438,20.049999237060547,19.829999923706055,20.040000915527344
2025-05-23 09:00:00+00:00,19.899999618530273,20.530000686645508,19.8799991607666,20.1299991607666
2025-05-23 10:00:00+00:00,20.530000686645508,20.530000686645508,20.110000610351562,20.1299991607666
2025-05-23 11:00:00+00:00,20.190000534057617,24.020000457763672,20.06999969482422,24.020000457763672
2025-05-23 12:00:00+00:00,20.68000030517578,25.530000686645508,20.540000915527344,24.770000457763672
2025-05-23 13:00:00+00:00,24.6299991607666,25.3799991607666,23.200000762939453,23.200000762939453
2025-05-23 14:00:00+00:00,24.34000015258789,24.34000015258789,22.1200008392334,22.520000457763672
2025-05-23 15:00:00+00:00,22.770000457763672,22.770000457763672,21.760000228881836,22.209999084472656
2025-05-23 16:00:00+00:00,22.09000015258789,22.3700008392334,21.68000030517578,21.829999923706055
2025-05-23 17:00:00+00:00,22.010000228881836,22.190000534057617,21.360000610351562,21.579999923706055
2025-05-23 18:00:00+00:00,21.389999389648438,21.969999313354492,21.360000610351562,21.920000076293945
2025-05-23 19:00:00+00:00,21.649999618530273,22.670000076293945,21.530000686645508,22.34000015258789
2025-05-23 20:00:00+00:00,22.290000915527344,22.459999084472656,22.290000915527344,22.31999969482422
2025-05-26 07:00:00+00:00,20.75,20.770000457763672,20.510000228881836,20.530000686645508
2025-05-26 08:00:00+00:00,20.719999313354492,20.729999542236328,20.40999984741211,20.540000915527344
2025-05-26 09:00:00+00:00,20.440000534057617,20.56999969482422,20.40999984741211,20.56999969482422
2025-05-26 10:00:00+00:00,20.459999084472656,20.59000015258789,20.399999618530273,20.459999084472656
2025-05-26 11:00:00+00:00,20.420000076293945,20.479999542236328,20.299999237060547,20.360000610351562
2025-05-26 12:00:00+00:00,20.399999618530273,20.450000762939453,20.299999237060547,20.450000762939453
2025-05-26 13:00:00+00:00,20.350000381469727,20.549999237060547,20.309999465942383,20.450000762939453
2025-05-26 14:00:00+00:00,20.5,20.75,20.309999465942383,20.739999771118164
2025-05-26 15:00:00+00:00,20.520000457763672,20.829999923706055,20.520000457763672,20.56999969482422
2025-05-27 07:00:00+00:00,20.6299991607666,20.649999618530273,20.040000915527344,20.219999313354492
2025-05-27 08:00:00+00:00,20.520000457763672,20.520000457763672,20.040000915527344,20.360000610351562
2025-05-27 09:00:00+00:00,20.280000686645508,20.43000030517578,20.1299991607666,20.25
2025-05-27 10:00:00+00:00,20.329999923706055,20.350000381469727,20.149999618530273,20.350000381469727
2025-05-27 11:00:00+00:00,20.200000762939453,20.5,20.149999618530273,20.3799991607666
2025-05-27 12:00:00+00:00,20.399999618530273,20.719999313354492,20.25,20.59000015258789
2025-05-27 13:00:00+00:00,20.469999313354492,21.010000228881836,20.209999084472656,20.219999313354492
2025-05-27 14:00:00+00:00,20.6299991607666,21.010000228881836,19.3700008392334,19.5
2025-05-27 15:00:00+00:00,19.520000457763672,19.549999237060547,19.329999923706055,19.389999389648438
2025-05-27 16:00:00+00:00,19.440000534057617,19.450000762939453,19.270000457763672,19.309999465942383
2025-05-27 17:00:00+00:00,19.40999984741211,19.420000076293945,19.110000610351562,19.1299991607666
2025-05-27 18:00:00+00:00,19.219999313354492,19.280000686645508,19.110000610351562,19.1299991607666
2025-05-27 19:00:00+00:00,19.25,19.290000915527344,19.030000686645508,19.030000686645508
2025-05-27 20:00:00+00:00,18.969999313354492,19.100000381469727,18.950000762939453,18.969999313354492
2025-05-28 07:00:00+00:00,19.209999084472656,19.290000915527344,19.18000030517578,19.260000228881836
2025-05-28 08:00:00+00:00,19.290000915527344,19.290000915527344,19.149999618530273,19.260000228881836
2025-05-28 09:00:00+00:00,19.190000534057617,19.350000381469727,19.149999618530273,19.280000686645508
2025-05-28 10:00:00+00:00,19.309999465942383,19.350000381469727,19.0,19.0
2025-05-28 11:00:00+00:00,19.190000534057617,19.190000534057617,18.979999542236328,19.06999969482422
2025-05-28 12:00:00+00:00,19.110000610351562,19.139999389648438,18.979999542236328,19.100000381469727
2025-05-28 13:00:00+00:00,19.049999237060547,19.1200008392334,18.81999969482422,19.06999969482422
2025-05-28 14:00:00+00:00,19.040000915527344,19.329999923706055,18.81999969482422,19.309999465942383
2025-05-28 15:00:00+00:00,19.139999389648438,19.43000030517578,19.139999389648438,19.43000030517578
2025-05-28 16:00:00+00:00,19.31999969482422,19.43000030517578,19.010000228881836,19.059999465942383
2025-05-28 17:00:00+00:00,19.190000534057617,19.209999084472656,18.829999923706055,19.0
2025-05-28 18:00:00+00:00,18.889999389648438,19.31999969482422,18.68000030517578,18.950000762939453
2025-05-28 19:00:00+00:00,18.709999084472656,19.399999618530273,18.68000030517578,19.190000534057617
2025-05-28 20:00:00+00:00,19.299999237060547,19.360000610351562,19.219999313354492,19.299999237060547
2025-05-29 07:00:00+00:00,18.25,18.309999465942383,18.110000610351562,18.170000076293945
2025-05-29 08:00:00+00:00,18.170000076293945,18.56999969482422,18.110000610351562,18.559999465942383
2025-05-29 09:00:00+00:00,18.440000534057617,18.610000610351562,18.43000030517578,18.610000610351562
2025-05-29 10:00:00+00:00,18.520000457763672,19.020000457763672,18.43000030517578,18.950000762939453
2025-05-29 11:00:00+00:00,18.959999084472656,19.299999237060547,18.829999923706055,19.299999237060547
2025-05-29 12:00:00+00:00,19.229999542236328,19.40999984741211,19.020000457763672,19.18000030517578
2025-05-29 13:00:00+00:00,19.200000762939453,19.329999923706055,18.809999465942383,19.139999389648438
2025-05-29 14:00:00+00:00,18.959999084472656,19.700000762939453,18.809999465942383,18.979999542236328
2025-05-29 15:00:00+00:00,19.18000030517578,20.040000915527344,18.959999084472656,19.940000534057617
2025-05-29 16:00:00+00:00,18.989999771118164,20.200000762939453,18.969999313354492,19.1299991607666
2025-05-29 17:00:00+00:00,19.420000076293945,19.420000076293945,18.940000534057617,19.270000457763672
2025-05-29 18:00:00+00:00,19.059999465942383,19.360000610351562,18.889999389648438,19.06999969482422
2025-05-29 19:00:00+00:00,19.239999771118164,19.239999771118164,18.81999969482422,19.049999237060547
2025-05-29 20:00:00+00:00,18.969999313354492,19.200000762939453,18.969999313354492,19.18000030517578
2025-05-30 07:00:00+00:00,19.610000610351562,19.610000610351562,19.280000686645508,19.34000015258789
2025-05-30 08:00:00+00:00,19.440000534057617,19.440000534057617,19.219999313354492,19.350000381469727
2025-05-30 09:00:00+00:00,19.299999237060547,19.389999389648438,19.18000030517578,19.329999923706055
2025-05-30 10:00:00+00:00,19.219999313354492,19.3700008392334,19.18000030517578,19.229999542236328
2025-05-30 11:00:00+00:00,19.25,19.270000457763672,19.059999465942383,19.079999923706055
2025-05-30 12:00:00+00:00,19.1200008392334,20.549999237060547,18.8700008392334,19.739999771118164
2025-05-30 13:00:00+00:00,19.90999984741211,19.90999984741211,19.3700008392334,19.700000762939453
2025-05-30 14:00:00+00:00,19.639999389648438,19.829999923706055,18.93000030517578,19.260000228881836
2025-05-30 15:00:00+00:00,19.139999389648438,19.56999969482422,18.93000030517578,19.260000228881836
2025-05-30 16:00:00+00:00,19.15999984741211,20.489999771118164,19.110000610351562,20.239999771118164
2025-05-30 17:00:00+00:00,20.1299991607666,20.489999771118164,19.670000076293945,19.920000076293945
2025-05-30 18:00:00+00:00,19.8799991607666,19.959999084472656,19.049999237060547,19.059999465942383
2025-05-30 19:00:00+00:00,19.25,19.3799991607666,18.610000610351562,18.75
2025-05-30 20:00:00+00:00,18.690000534057617,18.81999969482422,18.56999969482422,18.579999923706055
2025-06-02 07:00:00+00:00,19.809999465942383,20.450000762939453,19.790000915527344,20.100000381469727
2025-06-02 08:00:00+00:00,20.43000030517578,20.43000030517578,19.649999618530273,19.770000457763672
2025-06-02 09:00:00+00:00,19.670000076293945,20.110000610351562,19.649999618530273,19.969999313354492
2025-06-02 10:00:00+00:00,19.940000534057617,20.110000610351562,19.809999465942383,19.81999969482422
2025-06-02 11:00:00+00:00,19.920000076293945,19.950000762939453,19.600000381469727,19.719999313354492
2025-06-02 12:00:00+00:00,19.690000534057617,19.75,19.5,19.549999237060547
2025-06-02 13:00:00+00:00,19.700000762939453,19.719999313354492,18.899999618530273,19.530000686645508
2025-06-02 14:00:00+00:00,19.239999771118164,19.989999771118164,18.799999237060547,18.8799991607666
2025-06-02 15:00:00+00:00,19.010000228881836,19.219999313354492,18.799999237060547,18.8799991607666
2025-06-02 16:00:00+00:00,19.139999389648438,19.219999313354492,18.860000610351562,18.93000030517578
2025-06-02 17:00:00+00:00,19.010000228881836,19.059999465942383,18.829999923706055,18.899999618530273
2025-06-02 18:00:00+00:00,18.959999084472656,18.989999771118164,18.520000457763672,18.530000686645508
2025-06-02 19:00:00+00:00,18.6200008392334,18.649999618530273,18.479999542236328,18.479999542236328
2025-06-02 20:00:00+00:00,18.479999542236328,18.479999542236328,18.3700008392334,18.3700008392334
2025-06-03 07:00:00+00:00,18.829999923706055,19.200000762939453,18.809999465942383,19.06999969482422
2025-06-03 08:00:00+00:00,19.15999984741211,19.209999084472656,19.0,19.049999237060547
2025-06-03 09:00:00+00:00,19.190000534057617,19.190000534057617,18.940000534057617,19.0
2025-06-03 10:00:00+00:00,19.049999237060547,19.06999969482422,18.739999771118164,18.739999771118164
2025-06-03 11:00:00+00:00,18.950000762939453,18.950000762939453,18.489999771118164,18.510000228881836
2025-06-03 12:00:00+00:00,18.610000610351562,18.6299991607666,18.40999984741211,18.469999313354492
2025-06-03 13:00:00+00:00,18.40999984741211,18.549999237060547,18.260000228881836,18.440000534057617
2025-06-03 14:00:00+00:00,18.260000228881836,18.520000457763672,18.010000228881836,18.010000228881836
2025-06-03 15:00:00+00:00,18.110000610351562,18.229999542236328,17.860000610351562,17.989999771118164
2025-06-03 16:00:00+00:00,17.889999389648438,18.010000228881836,17.8700008392334,17.920000076293945
2025-06-03 17:00:00+00:00,17.950000762939453,17.959999084472656,17.790000915527344,17.8700008392334
2025-06-03 18:00:00+00:00,17.84000015258789,18.040000915527344,17.68000030517578,17.739999771118164
2025-06-03 19:00:00+00:00,17.790000915527344,17.899999618530273,17.639999389648438,17.649999618530273
2025-06-03 20:00:00+00:00,17.68000030517578,17.739999771118164,17.68000030517578,17.690000534057617
2025-06-04 07:00:00+00:00,17.68000030517578,17.690000534057617,17.530000686645508,17.540000915527344
2025-06-04 08:00:00+00:00,17.6200008392334,17.6299991607666,17.43000030517578,17.559999465942383
2025-06-04 09:00:00+00:00,17.530000686645508,17.56999969482422,17.459999084472656,17.5
2025-06-04 10:00:00+00:00,17.5,17.530000686645508,17.43000030517578,17.450000762939453
2025-06-04 11:00:00+00:00,17.5,17.530000686645508,17.440000534057617,17.459999084472656
2025-06-04 12:00:00+00:00,17.520000457763672,17.770000457763672,17.40999984741211,17.649999618530273
2025-06-04 13:00:00+00:00,17.690000534057617,17.739999771118164,17.489999771118164,17.670000076293945
2025-06-04 14:00:00+00:00,17.510000228881836,18.06999969482422,17.489999771118164,17.65999984741211
2025-06-04 15:00:00+00:00,17.6299991607666,17.809999465942383,17.56999969482422,17.68000030517578
2025-06-04 16:00:00+00:00,17.65999984741211,17.860000610351562,17.56999969482422,17.6299991607666
2025-06-04 17:00:00+00:00,17.809999465942383,17.81999969482422,17.510000228881836,17.579999923706055
2025-06-04 18:00:00+00:00,17.59000015258789,17.6299991607666,17.5,17.56999969482422
2025-06-04 19:00:00+00:00,17.549999237060547,17.6299991607666,17.440000534057617,17.489999771118164
2025-06-04 20:00:00+00:00,17.56999969482422,17.639999389648438,17.56999969482422,17.600000381469727
2025-06-05 07:00:00+00:00,17.68000030517578,17.700000762939453,17.40999984741211,17.510000228881836
2025-06-05 08:00:00+00:00,17.510000228881836,17.6200008392334,17.40999984741211,17.559999465942383
2025-06-05 09:00:00+00:00,17.469999313354492,17.639999389648438,17.440000534057617,17.6200008392334
2025-06-05 10:00:00+00:00,17.610000610351562,17.690000534057617,17.510000228881836,17.610000610351562
2025-06-05 11:00:00+00:00,17.540000915527344,17.709999084472656,17.510000228881836,17.65999984741211
2025-06-05 12:00:00+00:00,17.700000762939453,17.829999923706055,17.219999313354492,17.59000015258789
2025-06-05 13:00:00+00:00,17.649999618530273,18.15999984741211,17.219999313354492,18.09000015258789
2025-06-05 14:00:00+00:00,17.450000762939453,18.15999984741211,17.239999771118164,17.270000457763672
2025-06-05 15:00:00+00:00,17.729999542236328,18.09000015258789,17.079999923706055,17.149999618530273
2025-06-05 16:00:00+00:00,17.149999618530273,17.770000457763672,17.1299991607666,17.65999984741211
2025-06-05 17:00:00+00:00,17.15999984741211,17.780000686645508,17.139999389648438,17.329999923706055
2025-06-05 18:00:00+00:00,17.290000915527344,17.93000030517578,17.15999984741211,17.799999237060547
2025-06-05 19:00:00+00:00,17.440000534057617,18.799999237060547,17.399999618530273,18.6299991607666
2025-06-05 20:00:00+00:00,18.56999969482422,18.56999969482422,18.3799991607666,18.510000228881836
2025-06-06 07:00:00+00:00,18.15999984741211,18.18000030517578,18.059999465942383,18.149999618530273
2025-06-06 08:00:00+00:00,18.170000076293945,18.280000686645508,18.059999465942383,18.200000762939453
2025-06-06 09:00:00+00:00,18.229999542236328,18.299999237060547,18.149999618530273,18.18000030517578
2025-06-06 10:00:00+00:00,18.18000030517578,18.299999237060547,18.170000076293945,18.290000915527344
2025-06-06 11:00:00+00:00,18.209999084472656,18.350000381469727,18.06999969482422,18.06999969482422
2025-06-06 12:00:00+00:00,18.190000534057617,18.209999084472656,17.200000762939453,17.200000762939453
2025-06-06 13:00:00+00:00,17.579999923706055,17.579999923706055,17.010000228881836,17.200000762939453
2025-06-06 14:00:00+00:00,17.1299991607666,17.3799991607666,17.010000228881836,17.18000030517578
2025-06-06 15:00:00+00:00,17.34000015258789,17.3799991607666,16.850000381469727,16.899999618530273
2025-06-06 16:00:00+00:00,17.209999084472656,17.239999771118164,16.81999969482422,17.059999465942383
2025-06-06 17:00:00+00:00,16.889999389648438,17.229999542236328,16.690000534057617,16.719999313354492
2025-06-06 18:00:00+00:00,16.889999389648438,17.030000686645508,16.649999618530273,16.860000610351562
2025-06-06 19:00:00+00:00,16.770000457763672,17.030000686645508,16.709999084472656,16.809999465942383
2025-06-06 20:00:00+00:00,16.81999969482422,16.8700008392334,16.770000457763672,16.770000457763672
2025-06-09 07:00:00+00:00,17.690000534057617,17.719999313354492,17.59000015258789,17.600000381469727
2025-06-09 08:00:00+00:00,17.68000030517578,17.68000030517578,17.559999465942383,17.579999923706055
2025-06-09 09:00:00+00:00,17.6299991607666,17.68000030517578,17.56999969482422,17.610000610351562
2025-06-09 10:00:00+00:00,17.59000015258789,17.639999389648438,17.56999969482422,17.610000610351562
2025-06-09 11:00:00+00:00,17.6200008392334,17.639999389648438,17.440000534057617,17.469999313354492
2025-06-09 12:00:00+00:00,17.520000457763672,17.520000457763672,17.440000534057617,17.5
2025-06-09 13:00:00+00:00,17.479999542236328,17.56999969482422,17.299999237060547,17.389999389648438
2025-06-09 14:00:00+00:00,17.520000457763672,17.56999969482422,17.190000534057617,17.270000457763672
2025-06-09 15:00:00+00:00,17.239999771118164,17.350000381469727,17.040000915527344,17.059999465942383
2025-06-09 16:00:00+00:00,17.270000457763672,17.270000457763672,16.969999313354492,17.020000457763672
2025-06-09 17:00:00+00:00,17.079999923706055,17.079999923706055,16.81999969482422,16.8700008392334
2025-06-09 18:00:00+00:00,16.889999389648438,16.989999771118164,16.81999969482422,16.84000015258789
2025-06-09 19:00:00+00:00,16.899999618530273,17.110000610351562,16.81999969482422,17.110000610351562
2025-06-09 20:00:00+00:00,17.1299991607666,17.190000534057617,17.1200008392334,17.170000076293945
2025-06-10 07:00:00+00:00,17.5,17.790000915527344,17.43000030517578,17.489999771118164
2025-06-10 08:00:00+00:00,17.530000686645508,17.790000915527344,17.399999618530273,17.459999084472656
2025-06-10 09:00:00+00:00,17.510000228881836,17.510000228881836,17.350000381469727,17.360000610351562
2025-06-10 10:00:00+00:00,17.3700008392334,17.3799991607666,17.25,17.280000686645508
2025-06-10 11:00:00+00:00,17.290000915527344,17.420000076293945,17.219999313354492,17.229999542236328
2025-06-10 12:00:00+00:00,17.389999389648438,17.389999389648438,17.15999984741211,17.219999313354492
2025-06-10 13:00:00+00:00,17.200000762939453,17.25,17.010000228881836,17.139999389648438
2025-06-10 14:00:00+00:00,17.110000610351562,17.190000534057617,17.010000228881836,17.06999969482422
2025-06-10 15:00:00+00:00,17.06999969482422,17.469999313354492,16.969999313354492,16.989999771118164
2025-06-10 16:00:00+00:00,17.06999969482422,17.469999313354492,16.850000381469727,16.8799991607666
2025-06-10 17:00:00+00:00,16.899999618530273,17.030000686645508,16.850000381469727,17.030000686645508
2025-06-10 18:00:00+00:00,16.93000030517578,17.989999771118164,16.68000030517578,16.719999313354492
2025-06-10 19:00:00+00:00,16.959999084472656,16.959999084472656,16.68000030517578,16.760000228881836
2025-06-10 20:00:00+00:00,16.729999542236328,16.950000762939453,16.729999542236328,16.950000762939453
2025-06-11 07:00:00+00:00,17.040000915527344,17.079999923706055,16.969999313354492,16.979999542236328
2025-06-11 08:00:00+00:00,17.059999465942383,17.079999923706055,16.920000076293945,16.950000762939453
2025-06-11 09:00:00+00:00,16.989999771118164,17.110000610351562,16.920000076293945,17.110000610351562
2025-06-11 10:00:00+00:00,16.979999542236328,17.1200008392334,16.959999084472656,16.979999542236328
2025-06-11 11:00:00+00:00,17.0,17.18000030517578,16.959999084472656,16.989999771118164
2025-06-11 12:00:00+00:00,17.1299991607666,17.1299991607666,16.309999465942383,16.420000076293945
2025-06-11 13:00:00+00:00,16.940000534057617,16.940000534057617,16.309999465942383,16.579999923706055
2025-06-11 14:00:00+00:00,16.549999237060547,16.780000686645508,16.350000381469727,16.399999618530273
2025-06-11 15:00:00+00:00,16.440000534057617,16.56999969482422,16.350000381469727,16.5
2025-06-11 16:00:00+00:00,16.440000534057617,16.770000457763672,16.399999618530273,16.469999313354492
2025-06-11 17:00:00+00:00,16.579999923706055,16.65999984741211,16.239999771118164,16.65999984741211
2025-06-11 18:00:00+00:00,16.260000228881836,17.719999313354492,16.239999771118164,17.479999542236328
2025-06-11 19:00:00+00:00,17.469999313354492,18.09000015258789,17.100000381469727,17.360000610351562
2025-06-11 20:00:00+00:00,17.3799991607666,17.399999618530273,17.25,17.260000228881836
2025-06-12 07:00:00+00:00,17.8700008392334,18.489999771118164,17.84000015258789,18.43000030517578
2025-06-12 08:00:00+00:00,17.93000030517578,18.8700008392334,17.93000030517578,18.31999969482422
2025-06-12 09:00:00+00:00,18.65999984741211,18.709999084472656,18.1200008392334,18.31999969482422
2025-06-12 10:00:00+00:00,18.299999237060547,18.770000457763672,18.1200008392334,18.520000457763672
2025-06-12 11:00:00+00:00,18.690000534057617,18.790000915527344,18.43000030517578,18.790000915527344
2025-06-12 12:00:00+00:00,18.649999618530273,18.790000915527344,18.059999465942383,18.06999969482422
2025-06-12 13:00:00+00:00,18.489999771118164,18.559999465942383,17.889999389648438,17.969999313354492
2025-06-12 14:00:00+00:00,18.040000915527344,18.229999542236328,17.43000030517578,17.56999969482422
2025-06-12 15:00:00+00:00,17.510000228881836,18.15999984741211,17.43000030517578,18.059999465942383
2025-06-12 16:00:00+00:00,17.969999313354492,18.280000686645508,17.65999984741211,17.969999313354492
2025-06-12 17:00:00+00:00,17.93000030517578,18.110000610351562,17.540000915527344,17.600000381469727
2025-06-12 18:00:00+00:00,17.6200008392334,17.920000076293945,17.540000915527344,17.770000457763672
2025-06-12 19:00:00+00:00,17.860000610351562,18.1200008392334,17.719999313354492,17.940000534057617
2025-06-12 20:00:00+00:00,17.899999618530273,18.030000686645508,17.899999618530273,18.020000457763672
2025-06-13 07:00:00+00:00,21.760000228881836,22.0,20.950000762939453,21.020000457763672
2025-06-13 08:00:00+00:00,21.75,21.75,20.559999465942383,21.149999618530273
2025-06-13 09:00:00+00:00,20.829999923706055,21.350000381469727,20.760000228881836,20.969999313354492
2025-06-13 10:00:00+00:00,20.959999084472656,21.209999084472656,20.450000762939453,20.459999084472656
2025-06-13 11:00:00+00:00,20.899999618530273,20.940000534057617,19.90999984741211,19.959999084472656
2025-06-13 12:00:00+00:00,20.420000076293945,20.43000030517578,19.809999465942383,20.110000610351562
2025-06-13 13:00:00+00:00,19.920000076293945,20.489999771118164,19.420000076293945,20.479999542236328
2025-06-13 14:00:00+00:00,19.770000457763672,20.989999771118164,19.420000076293945,19.940000534057617
2025-06-13 15:00:00+00:00,20.969999313354492,20.969999313354492,18.8799991607666,19.059999465942383
2025-06-13 16:00:00+00:00,19.190000534057617,19.329999923706055,18.8799991607666,19.110000610351562
2025-06-13 17:00:00+00:00,19.239999771118164,20.1200008392334,19.030000686645508,19.850000381469727
2025-06-13 18:00:00+00:00,19.850000381469727,21.690000534057617,19.739999771118164,21.1299991607666
2025-06-13 19:00:00+00:00,21.010000228881836,21.690000534057617,20.790000915527344,21.139999389648438
2025-06-13 20:00:00+00:00,21.079999923706055,21.1299991607666,20.84000015258789,20.84000015258789
2025-06-16 07:00:00+00:00,19.780000686645508,19.899999618530273,19.709999084472656,19.850000381469727
2025-06-16 08:00:00+00:00,19.809999465942383,20.049999237060547,19.709999084472656,19.940000534057617
2025-06-16 09:00:00+00:00,19.979999542236328,20.219999313354492,19.920000076293945,20.139999389648438
2025-06-16 10:00:00+00:00,20.1299991607666,20.219999313354492,19.969999313354492,19.969999313354492
2025-06-16 11:00:00+00:00,20.06999969482422,20.15999984741211,19.75,19.790000915527344
2025-06-16 12:00:00+00:00,20.09000015258789,20.09000015258789,19.649999618530273,19.719999313354492
2025-06-16 13:00:00+00:00,19.670000076293945,19.75,18.8799991607666,18.90999984741211
2025-06-16 14:00:00+00:00,19.559999465942383,19.559999465942383,18.670000076293945,18.950000762939453
2025-06-16 15:00:00+00:00,18.850000381469727,19.079999923706055,18.780000686645508,18.989999771118164
2025-06-16 16:00:00+00:00,18.920000076293945,19.299999237060547,18.780000686645508,19.280000686645508
2025-06-16 17:00:00+00:00,19.09000015258789,19.360000610351562,18.829999923706055,19.290000915527344
2025-06-16 18:00:00+00:00,19.040000915527344,19.399999618530273,18.969999313354492,19.200000762939453
2025-06-16 19:00:00+00:00,19.290000915527344,19.440000534057617,19.100000381469727,19.170000076293945
2025-06-16 20:00:00+00:00,19.100000381469727,19.149999618530273,19.06999969482422,19.110000610351562
2025-06-17 07:00:00+00:00,20.530000686645508,20.989999771118164,20.5,20.649999618530273
2025-06-17 08:00:00+00:00,20.8700008392334,20.8799991607666,20.350000381469727,20.469999313354492
2025-06-17 09:00:00+00:00,20.450000762939453,20.719999313354492,20.350000381469727,20.610000610351562
2025-06-17 10:00:00+00:00,20.639999389648438,20.860000610351562,20.479999542236328,20.510000228881836
2025-06-17 11:00:00+00:00,20.6200008392334,20.860000610351562,20.149999618530273,20.149999618530273
2025-06-17 12:00:00+00:00,20.280000686645508,20.3700008392334,19.959999084472656,20.229999542236328
2025-06-17 13:00:00+00:00,20.110000610351562,20.290000915527344,19.729999542236328,19.850000381469727
2025-06-17 14:00:00+00:00,19.93000030517578,20.100000381469727,19.549999237060547,20.079999923706055
2025-06-17 15:00:00+00:00,19.729999542236328,20.219999313354492,19.68000030517578,20.020000457763672
2025-06-17 16:00:00+00:00,20.100000381469727,20.639999389648438,19.790000915527344,20.56999969482422
2025-06-17 17:00:00+00:00,19.959999084472656,21.649999618530273,19.899999618530273,21.350000381469727
2025-06-17 18:00:00+00:00,20.969999313354492,21.790000915527344,20.709999084472656,21.170000076293945
2025-06-17 19:00:00+00:00,21.6299991607666,21.780000686645508,20.989999771118164,21.43000030517578
2025-06-17 20:00:00+00:00,21.459999084472656,21.649999618530273,21.360000610351562,21.6200008392334
2025-06-18 07:00:00+00:00,20.899999618530273,20.899999618530273,20.709999084472656,20.799999237060547
2025-06-18 08:00:00+00:00,20.799999237060547,20.8700008392334,20.68000030517578,20.719999313354492
2025-06-18 09:00:00+00:00,20.84000015258789,20.84000015258789,20.5,20.649999618530273
2025-06-18 10:00:00+00:00,20.6299991607666,21.579999923706055,20.600000381469727,21.56999969482422
2025-06-18 11:00:00+00:00,21.020000457763672,21.579999923706055,20.860000610351562,21.139999389648438
2025-06-18 12:00:00+00:00,21.309999465942383,21.399999618530273,20.860000610351562,21.389999389648438
2025-06-18 13:00:00+00:00,21.229999542236328,21.399999618530273,20.190000534057617,20.25
2025-06-18 14:00:00+00:00,20.899999618530273,20.969999313354492,19.59000015258789,19.799999237060547
2025-06-18 15:00:00+00:00,19.739999771118164,20.190000534057617,19.59000015258789,20.149999618530273
2025-06-18 16:00:00+00:00,20.079999923706055,20.329999923706055,19.950000762939453,20.31999969482422
2025-06-18 17:00:00+00:00,20.299999237060547,20.959999084472656,20.170000076293945,20.399999618530273
2025-06-18 18:00:00+00:00,20.690000534057617,21.1200008392334,19.84000015258789,20.850000381469727
2025-06-18 19:00:00+00:00,20.420000076293945,21.1200008392334,19.84000015258789,20.3799991607666
2025-06-18 20:00:00+00:00,20.270000457763672,20.270000457763672,20.06999969482422,20.149999618530273
2025-06-19 07:00:00+00:00,21.510000228881836,22.170000076293945,21.510000228881836,22.079999923706055
2025-06-19 08:00:00+00:00,21.770000457763672,22.170000076293945,21.600000381469727,21.600000381469727
2025-06-19 09:00:00+00:00,21.760000228881836,21.760000228881836,21.229999542236328,21.3700008392334
2025-06-19 10:00:00+00:00,21.360000610351562,21.5,21.18000030517578,21.219999313354492
2025-06-19 11:00:00+00:00,21.43000030517578,21.690000534057617,21.18000030517578,21.540000915527344
2025-06-19 12:00:00+00:00,21.520000457763672,22.0,21.459999084472656,21.899999618530273
2025-06-19 13:00:00+00:00,21.600000381469727,22.75,21.579999923706055,22.360000610351562
2025-06-19 14:00:00+00:00,21.700000762939453,22.75,21.700000762939453,22.209999084472656
2025-06-19 15:00:00+00:00,22.219999313354492,22.440000534057617,21.989999771118164,22.170000076293945
2025-06-20 07:00:00+00:00,20.739999771118164,20.75,20.3700008392334,20.389999389648438
2025-06-20 08:00:00+00:00,20.600000381469727,20.829999923706055,20.15999984741211,20.829999923706055
2025-06-20 09:00:00+00:00,20.31999969482422,20.829999923706055,20.31999969482422,20.450000762939453
2025-06-20 10:00:00+00:00,20.600000381469727,20.6299991607666,20.239999771118164,20.239999771118164
2025-06-20 11:00:00+00:00,20.489999771118164,20.5,19.440000534057617,19.68000030517578
2025-06-20 12:00:00+00:00,20.049999237060547,20.059999465942383,19.239999771118164,19.309999465942383
2025-06-20 13:00:00+00:00,19.239999771118164,19.649999618530273,19.110000610351562,19.639999389648438
2025-06-20 14:00:00+00:00,19.329999923706055,20.719999313354492,19.110000610351562,20.520000457763672
2025-06-20 15:00:00+00:00,19.950000762939453,20.8799991607666,19.770000457763672,20.290000915527344
2025-06-20 16:00:00+00:00,20.110000610351562,20.479999542236328,19.770000457763672,20.389999389648438
2025-06-20 17:00:00+00:00,20.309999465942383,21.06999969482422,20.079999923706055,20.690000534057617
2025-06-20 18:00:00+00:00,20.809999465942383,21.06999969482422,20.209999084472656,20.760000228881836
2025-06-20 19:00:00+00:00,20.34000015258789,20.940000534057617,20.270000457763672,20.59000015258789
2025-06-20 20:00:00+00:00,20.59000015258789,20.670000076293945,20.280000686645508,20.6299991607666
2025-06-23 07:00:00+00:00,21.149999618530273,21.43000030517578,20.940000534057617,20.950000762939453
2025-06-23 08:00:00+00:00,21.239999771118164,21.239999771118164,20.639999389648438,20.809999465942383
2025-06-23 09:00:00+00:00,20.809999465942383,20.950000762939453,20.68000030517578,20.920000076293945
2025-06-23 10:00:00+00:00,20.8700008392334,21.209999084472656,20.81999969482422,21.209999084472656
2025-06-23 11:00:00+00:00,21.079999923706055,21.8799991607666,21.030000686645508,21.510000228881836
2025-06-23 12:00:00+00:00,21.649999618530273,21.8799991607666,20.65999984741211,20.65999984741211
2025-06-23 13:00:00+00:00,21.18000030517578,21.18000030517578,20.200000762939453,20.200000762939453
2025-06-23 14:00:00+00:00,21.049999237060547,21.110000610351562,20.0,20.43000030517578
2025-06-23 15:00:00+00:00,20.219999313354492,20.90999984741211,20.15999984741211,20.889999389648438
2025-06-23 16:00:00+00:00,20.600000381469727,22.510000228881836,20.469999313354492,21.6200008392334
2025-06-23 17:00:00+00:00,21.610000610351562,22.510000228881836,20.06999969482422,20.25
2025-06-23 18:00:00+00:00,20.18000030517578,20.3799991607666,19.989999771118164,20.25
2025-06-23 19:00:00+00:00,20.200000762939453,20.3799991607666,19.81999969482422,19.899999618530273
2025-06-23 20:00:00+00:00,19.90999984741211,19.989999771118164,19.850000381469727,19.850000381469727
2025-06-24 07:00:00+00:00,18.190000534057617,18.719999313354492,18.100000381469727,18.459999084472656
2025-06-24 08:00:00+00:00,18.25,18.719999313354492,18.25,18.350000381469727
2025-06-24 09:00:00+00:00,18.31999969482422,18.5,17.959999084472656,18.149999618530273
2025-06-24 10:00:00+00:00,18.049999237060547,18.260000228881836,17.959999084472656,18.190000534057617
2025-06-24 11:00:00+00:00,18.190000534057617,18.3799991607666,18.09000015258789,18.100000381469727
2025-06-24 12:00:00+00:00,18.149999618530273,18.239999771118164,18.059999465942383,18.110000610351562
2025-06-24 13:00:00+00:00,18.15999984741211,18.239999771118164,17.829999923706055,18.200000762939453
2025-06-24 14:00:00+00:00,18.100000381469727,18.239999771118164,17.690000534057617,18.010000228881836
2025-06-24 15:00:00+00:00,17.93000030517578,18.010000228881836,17.649999618530273,17.75
2025-06-24 16:00:00+00:00,17.709999084472656,17.770000457763672,17.559999465942383,17.6299991607666
2025-06-24 17:00:00+00:00,17.610000610351562,17.729999542236328,17.530000686645508,17.559999465942383
2025-06-24 18:00:00+00:00,17.700000762939453,17.700000762939453,17.43000030517578,17.43000030517578
2025-06-24 19:00:00+00:00,17.510000228881836,17.56999969482422,17.329999923706055,17.510000228881836
2025-06-24 20:00:00+00:00,17.540000915527344,17.56999969482422,17.479999542236328,17.479999542236328
2025-06-25 07:00:00+00:00,17.280000686645508,17.360000610351562,17.25,17.31999969482422
2025-06-25 08:00:00+00:00,17.260000228881836,17.360000610351562,17.239999771118164,17.239999771118164
2025-06-25 09:00:00+00:00,17.299999237060547,17.360000610351562,17.190000534057617,17.290000915527344
2025-06-25 10:00:00+00:00,17.260000228881836,17.350000381469727,17.209999084472656,17.239999771118164
2025-06-25 11:00:00+00:00,17.280000686645508,17.329999923706055,17.06999969482422,17.06999969482422
2025-06-25 12:00:00+00:00,17.229999542236328,17.229999542236328,17.049999237060547,17.049999237060547
2025-06-25 13:00:00+00:00,17.139999389648438,17.25,16.93000030517578,17.15999984741211
2025-06-25 14:00:00+00:00,17.079999923706055,17.290000915527344,16.93000030517578,17.239999771118164
2025-06-25 15:00:00+00:00,17.260000228881836,17.489999771118164,17.100000381469727,17.350000381469727
2025-06-25 16:00:00+00:00,17.3700008392334,17.440000534057617,17.229999542236328,17.309999465942383
2025-06-25 17:00:00+00:00,17.280000686645508,17.510000228881836,17.149999618530273,17.25
2025-06-25 18:00:00+00:00,17.190000534057617,17.510000228881836,17.0,17.0
2025-06-25 19:00:00+00:00,17.170000076293945,17.229999542236328,16.68000030517578,16.68000030517578
2025-06-25 20:00:00+00:00,16.690000534057617,16.770000457763672,16.690000534057617,16.75
2025-06-26 07:00:00+00:00,16.670000076293945,16.719999313354492,16.600000381469727,16.719999313354492
2025-06-26 08:00:00+00:00,16.700000762939453,16.719999313354492,16.59000015258789,16.670000076293945
2025-06-26 09:00:00+00:00,16.6200008392334,16.739999771118164,16.610000610351562,16.709999084472656
2025-06-26 10:00:00+00:00,16.690000534057617,16.739999771118164,16.600000381469727,16.700000762939453
2025-06-26 11:00:00+00:00,16.6200008392334,16.719999313354492,16.600000381469727,16.670000076293945
2025-06-26 12:00:00+00:00,16.670000076293945,16.780000686645508,16.610000610351562,16.670000076293945
2025-06-26 13:00:00+00:00,16.65999984741211,16.780000686645508,16.540000915527344,16.559999465942383
2025-06-26 14:00:00+00:00,16.600000381469727,16.729999542236328,16.299999237060547,16.34000015258789
2025-06-26 15:00:00+00:00,16.3799991607666,16.479999542236328,16.299999237060547,16.3700008392334
2025-06-26 16:00:00+00:00,16.459999084472656,16.479999542236328,16.31999969482422,16.360000610351562
2025-06-26 17:00:00+00:00,16.389999389648438,16.440000534057617,16.31999969482422,16.420000076293945
2025-06-26 18:00:00+00:00,16.43000030517578,16.440000534057617,16.110000610351562,16.3700008392334
2025-06-26 19:00:00+00:00,16.290000915527344,16.469999313354492,16.270000457763672,16.440000534057617
2025-06-26 20:00:00+00:00,16.43000030517578,16.59000015258789,16.43000030517578,16.59000015258789
2025-06-27 07:00:00+00:00,16.309999465942383,16.350000381469727,16.270000457763672,16.31999969482422
2025-06-27 08:00:00+00:00,16.290000915527344,16.350000381469727,16.190000534057617,16.200000762939453
2025-06-27 09:00:00+00:00,16.229999542236328,16.239999771118164,16.18000030517578,16.200000762939453
2025-06-27 10:00:00+00:00,16.190000534057617,16.239999771118164,16.18000030517578,16.209999084472656
2025-06-27 11:00:00+00:00,16.239999771118164,16.239999771118164,16.1200008392334,16.149999618530273
2025-06-27 12:00:00+00:00,16.15999984741211,16.25,16.1200008392334,16.209999084472656
2025-06-27 13:00:00+00:00,16.200000762939453,16.31999969482422,16.149999618530273,16.280000686645508
2025-06-27 14:00:00+00:00,16.299999237060547,16.549999237060547,16.200000762939453,16.540000915527344
2025-06-27 15:00:00+00:00,16.440000534057617,16.579999923706055,16.40999984741211,16.420000076293945
2025-06-27 16:00:00+00:00,16.5,16.510000228881836,16.389999389648438,16.440000534057617
2025-06-27 17:00:00+00:00,16.40999984741211,17.139999389648438,16.399999618530273,16.989999771118164
2025-06-27 18:00:00+00:00,16.479999542236328,17.290000915527344,16.40999984741211,17.040000915527344
2025-06-27 19:00:00+00:00,17.059999465942383,17.290000915527344,16.239999771118164,16.25
2025-06-27 20:00:00+00:00,16.280000686645508,16.3799991607666,16.280000686645508,16.31999969482422
2025-06-30 07:00:00+00:00,17.190000534057617,17.200000762939453,17.149999618530273,17.170000076293945
2025-06-30 08:00:00+00:00,17.190000534057617,17.200000762939453,17.06999969482422,17.09000015258789
2025-06-30 09:00:00+00:00,17.09000015258789,17.110000610351562,17.030000686645508,17.059999465942383
2025-06-30 10:00:00+00:00,17.049999237060547,17.110000610351562,17.030000686645508,17.040000915527344
2025-06-30 11:00:00+00:00,17.040000915527344,17.079999923706055,17.0,17.079999923706055
2025-06-30 12:00:00+00:00,17.010000228881836,17.170000076293945,17.010000228881836,17.139999389648438
2025-06-30 13:00:00+00:00,17.100000381469727,17.34000015258789,17.030000686645508,17.290000915527344
2025-06-30 14:00:00+00:00,17.06999969482422,17.43000030517578,17.06999969482422,17.360000610351562
2025-06-30 15:00:00+00:00,17.25,17.43000030517578,17.06999969482422,17.139999389648438
2025-06-30 16:00:00+00:00,17.25,17.25,17.049999237060547,17.100000381469727
2025-06-30 17:00:00+00:00,17.139999389648438,17.229999542236328,17.020000457763672,17.110000610351562
2025-06-30 18:00:00+00:00,17.059999465942383,17.229999542236328,16.75,16.75
2025-06-30 19:00:00+00:00,16.989999771118164,17.059999465942383,16.549999237060547,16.600000381469727
2025-06-30 20:00:00+00:00,16.6200008392334,16.760000228881836,16.600000381469727,16.729999542236328
2025-07-01 07:00:00+00:00,16.979999542236328,17.1299991607666,16.969999313354492,17.049999237060547
2025-07-01 08:00:00+00:00,17.06999969482422,17.1299991607666,17.0,17.030000686645508
2025-07-01 09:00:00+00:00,17.030000686645508,17.15999984741211,17.0,17.09000015258789
2025-07-01 10:00:00+00:00,17.079999923706055,17.290000915527344,17.06999969482422,17.25
2025-07-01 11:00:00+00:00,17.170000076293945,17.290000915527344,17.139999389648438,17.18000030517578
2025-07-01 12:00:00+00:00,17.209999084472656,17.479999542236328,17.139999389648438,17.31999969482422
2025-07-01 13:00:00+00:00,17.40999984741211,17.40999984741211,16.959999084472656,16.979999542236328
2025-07-01 14:00:00+00:00,17.1200008392334,17.1299991607666,16.790000915527344,17.020000457763672
2025-07-01 15:00:00+00:00,16.889999389648438,17.200000762939453,16.809999465942383,16.940000534057617
2025-07-01 16:00:00+00:00,16.899999618530273,17.1200008392334,16.799999237060547,16.920000076293945
2025-07-01 17:00:00+00:00,16.889999389648438,16.950000762939453,16.6200008392334,16.65999984741211
2025-07-01 18:00:00+00:00,16.75,16.790000915527344,16.510000228881836,16.56999969482422
2025-07-01 19:00:00+00:00,16.639999389648438,16.850000381469727,16.510000228881836,16.719999313354492
2025-07-01 20:00:00+00:00,16.709999084472656,16.84000015258789,16.700000762939453,16.829999923706055
2025-07-02 07:00:00+00:00,16.75,16.84000015258789,16.739999771118164,16.829999923706055
2025-07-02 08:00:00+00:00,16.780000686645508,16.90999984741211,16.75,16.850000381469727
2025-07-02 09:00:00+00:00,16.8700008392334,16.90999984741211,16.809999465942383,16.809999465942383
2025-07-02 10:00:00+00:00,16.81999969482422,16.850000381469727,16.790000915527344,16.81999969482422
2025-07-02 11:00:00+00:00,16.829999923706055,17.010000228881836,16.790000915527344,16.940000534057617
2025-07-02 12:00:00+00:00,16.81999969482422,17.3700008392334,16.799999237060547,17.34000015258789
2025-07-02 13:00:00+00:00,17.06999969482422,17.3700008392334,17.059999465942383,17.139999389648438
2025-07-02 14:00:00+00:00,17.280000686645508,17.329999923706055,16.709999084472656,16.780000686645508
2025-07-02 15:00:00+00:00,16.850000381469727,16.850000381469727,16.700000762939453,16.729999542236328
2025-07-02 16:00:00+00:00,16.75,16.780000686645508,16.670000076293945,16.729999542236328
2025-07-02 17:00:00+00:00,16.729999542236328,16.780000686645508,16.639999389648438,16.670000076293945
2025-07-02 18:00:00+00:00,16.729999542236328,16.760000228881836,16.600000381469727,16.600000381469727
2025-07-02 19:00:00+00:00,16.700000762939453,16.700000762939453,16.540000915527344,16.6200008392334
2025-07-02 20:00:00+00:00,16.6200008392334,16.649999618530273,16.610000610351562,16.6299991607666
2025-07-03 07:00:00+00:00,16.649999618530273,16.670000076293945,16.600000381469727,16.649999618530273
2025-07-03 08:00:00+00:00,16.6200008392334,16.75,16.600000381469727,16.75
2025-07-03 09:00:00+00:00,16.670000076293945,16.760000228881836,16.649999618530273,16.729999542236328
2025-07-03 10:00:00+00:00,16.700000762939453,16.829999923706055,16.690000534057617,16.790000915527344
2025-07-03 11:00:00+00:00,16.809999465942383,16.809999465942383,16.75,16.760000228881836
2025-07-03 12:00:00+00:00,16.760000228881836,16.790000915527344,16.25,16.360000610351562
2025-07-03 13:00:00+00:00,16.6299991607666,16.6299991607666,16.170000076293945,16.43000030517578
2025-07-03 14:00:00+00:00,16.170000076293945,16.520000457763672,16.170000076293945,16.469999313354492
2025-07-03 15:00:00+00:00,16.479999542236328,16.5,16.290000915527344,16.40999984741211
2025-07-03 16:00:00+00:00,16.350000381469727,16.56999969482422,16.290000915527344,16.420000076293945
2025-07-03 17:00:00+00:00,16.5,16.56999969482422,16.329999923706055,16.3799991607666
2025-07-04 07:00:00+00:00,16.93000030517578,17.190000534057617,16.920000076293945,17.190000534057617
2025-07-04 08:00:00+00:00,16.979999542236328,17.489999771118164,16.959999084472656,17.489999771118164
2025-07-04 09:00:00+00:00,17.15999984741211,17.59000015258789,17.15999984741211,17.420000076293945
2025-07-04 10:00:00+00:00,17.530000686645508,17.670000076293945,17.389999389648438,17.6200008392334
2025-07-04 11:00:00+00:00,17.479999542236328,17.670000076293945,17.389999389648438,17.520000457763672
2025-07-04 12:00:00+00:00,17.549999237060547,17.59000015258789,17.489999771118164,17.579999923706055
2025-07-04 13:00:00+00:00,17.56999969482422,17.6299991607666,17.459999084472656,17.489999771118164
2025-07-04 14:00:00+00:00,17.530000686645508,17.610000610351562,17.360000610351562,17.440000534057617
2025-07-04 15:00:00+00:00,17.420000076293945,17.520000457763672,17.360000610351562,17.479999542236328
2025-07-07 07:00:00+00:00,17.829999923706055,17.8799991607666,17.809999465942383,17.850000381469727
2025-07-07 08:00:00+00:00,17.860000610351562,17.920000076293945,17.809999465942383,17.850000381469727
2025-07-07 09:00:00+00:00,17.860000610351562,17.8799991607666,17.610000610351562,17.610000610351562
2025-07-07 10:00:00+00:00,17.829999923706055,17.829999923706055,17.540000915527344,17.6299991607666
2025-07-07 11:00:00+00:00,17.600000381469727,17.639999389648438,17.540000915527344,17.540000915527344
2025-07-07 12:00:00+00:00,17.59000015258789,17.719999313354492,17.510000228881836,17.709999084472656
2025-07-07 13:00:00+00:00,17.56999969482422,17.75,17.530000686645508,17.579999923706055
2025-07-07 14:00:00+00:00,17.639999389648438,17.790000915527344,17.530000686645508,17.760000228881836
2025-07-07 15:00:00+00:00,17.649999618530273,17.829999923706055,17.59000015258789,17.709999084472656
2025-07-07 16:00:00+00:00,17.639999389648438,18.260000228881836,17.6200008392334,18.219999313354492
2025-07-07 17:00:00+00:00,17.899999618530273,18.260000228881836,17.829999923706055,18.010000228881836
2025-07-07 18:00:00+00:00,18.110000610351562,18.5,17.81999969482422,17.829999923706055
2025-07-07 19:00:00+00:00,18.43000030517578,18.43000030517578,17.729999542236328,17.729999542236328
2025-07-07 20:00:00+00:00,17.729999542236328,17.81999969482422,17.729999542236328,17.790000915527344
2025-07-08 07:00:00+00:00,17.40999984741211,17.440000534057617,17.229999542236328,17.25
2025-07-08 08:00:00+00:00,17.350000381469727,17.3700008392334,17.229999542236328,17.280000686645508
2025-07-08 09:00:00+00:00,17.270000457763672,17.34000015258789,17.25,17.309999465942383
2025-07-08 10:00:00+00:00,17.270000457763672,17.360000610351562,17.15999984741211,17.190000534057617
2025-07-08 11:00:00+00:00,17.290000915527344,17.290000915527344,16.959999084472656,17.020000457763672
2025-07-08 12:00:00+00:00,17.030000686645508,17.06999969482422,16.950000762939453,17.020000457763672
2025-07-08 13:00:00+00:00,16.959999084472656,17.170000076293945,16.850000381469727,16.93000030517578
2025-07-08 14:00:00+00:00,17.100000381469727,17.299999237060547,16.739999771118164,16.889999389648438
2025-07-08 15:00:00+00:00,17.040000915527344,17.299999237060547,16.700000762939453,16.719999313354492
2025-07-08 16:00:00+00:00,16.920000076293945,16.920000076293945,16.540000915527344,16.809999465942383
2025-07-08 17:00:00+00:00,16.579999923706055,16.950000762939453,16.56999969482422,16.700000762939453
2025-07-08 18:00:00+00:00,16.799999237060547,16.8799991607666,16.65999984741211,16.719999313354492
2025-07-08 19:00:00+00:00,16.719999313354492,16.8700008392334,16.670000076293945,16.81999969482422
2025-07-08 20:00:00+00:00,16.8700008392334,16.8700008392334,16.799999237060547,16.809999465942383
2025-07-09 07:00:00+00:00,16.760000228881836,16.760000228881836,16.610000610351562,16.649999618530273
2025-07-09 08:00:00+00:00,16.700000762939453,16.709999084472656,16.5,16.510000228881836
2025-07-09 09:00:00+00:00,16.610000610351562,16.610000610351562,16.299999237060547,16.350000381469727
2025-07-09 10:00:00+00:00,16.31999969482422,16.3799991607666,16.299999237060547,16.360000610351562
2025-07-09 11:00:00+00:00,16.34000015258789,16.3700008392334,16.239999771118164,16.260000228881836
2025-07-09 12:00:00+00:00,16.309999465942383,16.329999923706055,16.100000381469727,16.139999389648438
2025-07-09 13:00:00+00:00,16.18000030517578,16.190000534057617,15.949999809265137,16.049999237060547
2025-07-09 14:00:00+00:00,15.960000038146973,16.549999237060547,15.949999809265137,16.5
2025-07-09 15:00:00+00:00,16.139999389648438,16.549999237060547,16.1200008392334,16.149999618530273
2025-07-09 16:00:00+00:00,16.260000228881836,16.299999237060547,16.030000686645508,16.06999969482422
2025-07-09 17:00:00+00:00,16.149999618530273,16.149999618530273,15.880000114440918,15.920000076293945
2025-07-09 18:00:00+00:00,15.970000267028809,16.010000228881836,15.770000457763672,15.789999961853027
2025-07-09 19:00:00+00:00,15.869999885559082,15.979999542236328,15.760000228881836,15.890000343322754
2025-07-09 20:00:00+00:00,15.899999618530273,15.9399995803833,15.869999885559082,15.9399995803833
2025-07-10 07:00:00+00:00,16.229999542236328,16.239999771118164,16.100000381469727,16.100000381469727
2025-07-10 08:00:00+00:00,16.15999984741211,16.170000076293945,15.979999542236328,15.979999542236328
2025-07-10 09:00:00+00:00,16.0,16.059999465942383,15.970000267028809,16.020000457763672
2025-07-10 10:00:00+00:00,16.040000915527344,16.059999465942383,15.979999542236328,15.989999771118164
2025-07-10 11:00:00+00:00,16.030000686645508,16.030000686645508,15.859999656677246,15.880000114440918
2025-07-10 12:00:00+00:00,15.960000038146973,16.0,15.84000015258789,15.979999542236328
2025-07-10 13:00:00+00:00,16.0,16.049999237060547,15.84000015258789,16.030000686645508
2025-07-10 14:00:00+00:00,15.890000343322754,16.110000610351562,15.84000015258789,15.869999885559082
2025-07-10 15:00:00+00:00,15.970000267028809,15.970000267028809,15.829999923706055,15.850000381469727
2025-07-10 16:00:00+00:00,15.859999656677246,15.890000343322754,15.779999732971191,15.800000190734863
2025-07-10 17:00:00+00:00,15.819999694824219,15.859999656677246,15.720000267028809,15.789999961853027
2025-07-10 18:00:00+00:00,15.739999771118164,15.850000381469727,15.739999771118164,15.819999694824219
2025-07-10 19:00:00+00:00,15.819999694824219,15.850000381469727,15.699999809265137,15.729999542236328
2025-07-10 20:00:00+00:00,15.729999542236328,15.800000190734863,15.729999542236328,15.789999961853027
2025-07-11 07:00:00+00:00,16.40999984741211,16.75,16.360000610351562,16.75
2025-07-11 08:00:00+00:00,16.40999984741211,16.920000076293945,16.399999618530273,16.809999465942383
2025-07-11 09:00:00+00:00,16.809999465942383,17.15999984741211,16.760000228881836,17.149999618530273
2025-07-11 10:00:00+00:00,17.030000686645508,17.239999771118164,16.93000030517578,17.170000076293945
2025-07-11 11:00:00+00:00,17.149999618530273,17.209999084472656,16.690000534057617,16.760000228881836
2025-07-11 12:00:00+00:00,16.760000228881836,16.90999984741211,16.690000534057617,16.780000686645508
2025-07-11 13:00:00+00:00,16.889999389648438,16.90999984741211,16.600000381469727,16.6200008392334
2025-07-11 14:00:00+00:00,16.600000381469727,16.8700008392334,16.350000381469727,16.440000534057617
2025-07-11 15:00:00+00:00,16.389999389648438,16.6200008392334,16.280000686645508,16.459999084472656
2025-07-11 16:00:00+00:00,16.5,16.530000686645508,16.209999084472656,16.219999313354492
2025-07-11 17:00:00+00:00,16.350000381469727,16.3700008392334,16.1299991607666,16.139999389648438
2025-07-11 18:00:00+00:00,16.170000076293945,16.290000915527344,15.979999542236328,16.030000686645508
2025-07-11 19:00:00+00:00,16.06999969482422,16.350000381469727,15.979999542236328,16.299999237060547
2025-07-11 20:00:00+00:00,16.309999465942383,16.399999618530273,16.299999237060547,16.399999618530273
2025-07-14 07:00:00+00:00,17.729999542236328,17.850000381469727,17.520000457763672,17.530000686645508
2025-07-14 08:00:00+00:00,17.829999923706055,17.829999923706055,17.450000762939453,17.479999542236328
2025-07-14 09:00:00+00:00,17.6299991607666,17.6299991607666,17.329999923706055,17.360000610351562
2025-07-14 10:00:00+00:00,17.360000610351562,17.530000686645508,17.329999923706055,17.5
2025-07-14 11:00:00+00:00,17.479999542236328,17.530000686645508,17.389999389648438,17.440000534057617
2025-07-14 12:00:00+00:00,17.5,17.510000228881836,17.329999923706055,17.3799991607666
2025-07-14 13:00:00+00:00,17.34000015258789,17.40999984741211,17.100000381469727,17.290000915527344
2025-07-14 14:00:00+00:00,17.209999084472656,17.399999618530273,17.040000915527344,17.170000076293945
2025-07-14 15:00:00+00:00,17.219999313354492,17.270000457763672,17.030000686645508,17.1200008392334
2025-07-14 16:00:00+00:00,17.139999389648438,17.219999313354492,17.010000228881836,17.030000686645508
2025-07-14 17:00:00+00:00,17.18000030517578,17.219999313354492,16.90999984741211,16.989999771118164
2025-07-14 18:00:00+00:00,16.940000534057617,17.040000915527344,16.90999984741211,17.030000686645508
2025-07-14 19:00:00+00:00,17.010000228881836,17.270000457763672,17.0,17.18000030517578
2025-07-14 20:00:00+00:00,17.200000762939453,17.219999313354492,17.170000076293945,17.200000762939453
2025-07-15 07:00:00+00:00,16.889999389648438,16.920000076293945,16.84000015258789,16.8700008392334
2025-07-15 08:00:00+00:00,16.889999389648438,16.920000076293945,16.81999969482422,16.860000610351562
2025-07-15 09:00:00+00:00,16.850000381469727,16.8700008392334,16.780000686645508,16.799999237060547
2025-07-15 10:00:00+00:00,16.799999237060547,16.90999984741211,16.780000686645508,16.8700008392334
2025-07-15 11:00:00+00:00,16.829999923706055,16.90999984741211,16.760000228881836,16.809999465942383
2025-07-15 12:00:00+00:00,16.809999465942383,17.0,16.59000015258789,16.6299991607666
2025-07-15 13:00:00+00:00,16.719999313354492,16.940000534057617,16.559999465942383,16.920000076293945
2025-07-15 14:00:00+00:00,16.600000381469727,17.299999237060547,16.600000381469727,17.299999237060547
2025-07-15 15:00:00+00:00,16.93000030517578,17.299999237060547,16.90999984741211,17.020000457763672
2025-07-15 16:00:00+00:00,17.0,17.149999618530273,16.84000015258789,17.09000015258789
2025-07-15 17:00:00+00:00,16.940000534057617,17.190000534057617,16.829999923706055,16.829999923706055
2025-07-15 18:00:00+00:00,16.989999771118164,17.079999923706055,16.799999237060547,17.079999923706055
2025-07-15 19:00:00+00:00,16.860000610351562,17.260000228881836,16.809999465942383,17.260000228881836
2025-07-15 20:00:00+00:00,17.299999237060547,17.389999389648438,17.270000457763672,17.3799991607666
2025-07-16 07:00:00+00:00,17.65999984741211,17.65999984741211,17.5,17.5
2025-07-16 08:00:00+00:00,17.559999465942383,17.559999465942383,17.290000915527344,17.329999923706055
2025-07-16 09:00:00+00:00,17.440000534057617,17.440000534057617,17.290000915527344,17.350000381469727
2025-07-16 10:00:00+00:00,17.389999389648438,17.43000030517578,17.280000686645508,17.280000686645508
2025-07-16 11:00:00+00:00,17.350000381469727,17.3799991607666,17.200000762939453,17.200000762939453
2025-07-16 12:00:00+00:00,17.229999542236328,17.700000762939453,16.790000915527344,16.8700008392334
2025-07-16 13:00:00+00:00,17.700000762939453,17.700000762939453,16.690000534057617,17.200000762939453
2025-07-16 14:00:00+00:00,16.719999313354492,17.479999542236328,16.719999313354492,17.399999618530273
2025-07-16 15:00:00+00:00,17.149999618530273,19.479999542236328,16.969999313354492,17.81999969482422
2025-07-16 16:00:00+00:00,18.219999313354492,19.479999542236328,17.6200008392334,17.6200008392334
2025-07-16 17:00:00+00:00,17.93000030517578,18.040000915527344,17.420000076293945,17.469999313354492
2025-07-16 18:00:00+00:00,17.489999771118164,17.520000457763672,16.899999618530273,16.899999618530273
2025-07-16 19:00:00+00:00,17.219999313354492,17.219999313354492,16.889999389648438,17.09000015258789
2025-07-16 20:00:00+00:00,17.09000015258789,17.18000030517578,17.09000015258789,17.15999984741211
2025-07-17 07:00:00+00:00,17.15999984741211,17.229999542236328,17.1299991607666,17.209999084472656
2025-07-17 08:00:00+00:00,17.200000762939453,17.25,17.1299991607666,17.190000534057617
2025-07-17 09:00:00+00:00,17.219999313354492,17.239999771118164,17.110000610351562,17.190000534057617
2025-07-17 10:00:00+00:00,17.139999389648438,17.309999465942383,17.1299991607666,17.290000915527344
2025-07-17 11:00:00+00:00,17.229999542236328,17.3700008392334,17.219999313354492,17.34000015258789
2025-07-17 12:00:00+00:00,17.31999969482422,17.360000610351562,17.06999969482422,17.079999923706055
2025-07-17 13:00:00+00:00,17.1299991607666,17.280000686645508,16.90999984741211,16.969999313354492
2025-07-17 14:00:00+00:00,17.239999771118164,17.239999771118164,16.8799991607666,16.889999389648438
2025-07-17 15:00:00+00:00,17.010000228881836,17.059999465942383,16.809999465942383,16.809999465942383
2025-07-17 16:00:00+00:00,16.889999389648438,16.899999618530273,16.75,16.75
2025-07-17 17:00:00+00:00,16.780000686645508,16.81999969482422,16.649999618530273,16.68000030517578
2025-07-17 18:00:00+00:00,16.709999084472656,16.719999313354492,16.479999542236328,16.530000686645508
2025-07-17 19:00:00+00:00,16.56999969482422,16.700000762939453,16.479999542236328,16.6299991607666
2025-07-17 20:00:00+00:00,16.6299991607666,16.6299991607666,16.510000228881836,16.510000228881836
2025-07-18 07:00:00+00:00,16.43000030517578,16.5,16.420000076293945,16.489999771118164
2025-07-18 08:00:00+00:00,16.450000762939453,16.530000686645508,16.450000762939453,16.479999542236328
2025-07-18 09:00:00+00:00,16.479999542236328,16.5,16.40999984741211,16.469999313354492
2025-07-18 10:00:00+00:00,16.440000534057617,16.610000610351562,16.440000534057617,16.59000015258789
2025-07-18 11:00:00+00:00,16.600000381469727,16.65999984741211,16.540000915527344,16.559999465942383
2025-07-18 12:00:00+00:00,16.6299991607666,16.6299991607666,16.440000534057617,16.440000534057617
2025-07-18 13:00:00+00:00,16.489999771118164,16.520000457763672,16.280000686645508,16.3799991607666
2025-07-18 14:00:00+00:00,16.440000534057617,16.809999465942383,16.280000686645508,16.450000762939453
2025-07-18 15:00:00+00:00,16.489999771118164,16.520000457763672,16.31999969482422,16.31999969482422
2025-07-18 16:00:00+00:00,16.399999618530273,16.790000915527344,16.31999969482422,16.75
2025-07-18 17:00:00+00:00,16.649999618530273,16.790000915527344,16.520000457763672,16.68000030517578
2025-07-18 18:00:00+00:00,16.6200008392334,16.719999313354492,16.520000457763672,16.6200008392334
2025-07-18 19:00:00+00:00,16.65999984741211,16.65999984741211,16.420000076293945,16.450000762939453
2025-07-18 20:00:00+00:00,16.440000534057617,16.469999313354492,16.399999618530273,16.40999984741211
2025-07-21 07:00:00+00:00,16.8700008392334,16.8799991607666,16.81999969482422,16.8700008392334
2025-07-21 08:00:00+00:00,16.829999923706055,16.8799991607666,16.809999465942383,16.850000381469727
2025-07-21 09:00:00+00:00,16.81999969482422,16.899999618530273,16.809999465942383,16.899999618530273
2025-07-21 10:00:00+00:00,16.8700008392334,16.979999542236328,16.81999969482422,16.940000534057617
2025-07-21 11:00:00+00:00,16.899999618530273,16.989999771118164,16.8700008392334,16.8799991607666
2025-07-21 12:00:00+00:00,16.940000534057617,16.950000762939453,16.850000381469727,16.93000030517578
2025-07-21 13:00:00+00:00,16.8700008392334,16.979999542236328,16.65999984741211,16.690000534057617
2025-07-21 14:00:00+00:00,16.829999923706055,16.829999923706055,16.479999542236328,16.479999542236328
2025-07-21 15:00:00+00:00,16.579999923706055,16.600000381469727,16.3700008392334,16.399999618530273
2025-07-21 16:00:00+00:00,16.399999618530273,16.459999084472656,16.34000015258789,16.350000381469727
2025-07-21 17:00:00+00:00,16.43000030517578,16.43000030517578,16.299999237060547,16.3700008392334
2025-07-21 18:00:00+00:00,16.31999969482422,16.5,16.299999237060547,16.450000762939453
2025-07-21 19:00:00+00:00,16.389999389648438,16.780000686645508,16.389999389648438,16.75
2025-07-21 20:00:00+00:00,16.719999313354492,16.719999313354492,16.639999389648438,16.639999389648438
2025-07-22 07:00:00+00:00,16.75,16.889999389648438,16.729999542236328,16.850000381469727
2025-07-22 08:00:00+00:00,16.739999771118164,16.93000030517578,16.739999771118164,16.93000030517578
2025-07-22 09:00:00+00:00,16.889999389648438,17.0,16.850000381469727,16.979999542236328
2025-07-22 10:00:00+00:00,16.969999313354492,17.0,16.899999618530273,16.950000762939453
2025-07-22 11:00:00+00:00,16.959999084472656,16.979999542236328,16.850000381469727,16.850000381469727
2025-07-22 12:00:00+00:00,16.940000534057617,16.979999542236328,16.729999542236328,16.75
2025-07-22 13:00:00+00:00,16.799999237060547,17.479999542236328,16.719999313354492,17.350000381469727
2025-07-22 14:00:00+00:00,16.850000381469727,17.479999542236328,16.799999237060547,16.850000381469727
2025-07-22 15:00:00+00:00,17.139999389648438,17.149999618530273,16.829999923706055,16.889999389648438
2025-07-22 16:00:00+00:00,16.899999618530273,16.979999542236328,16.719999313354492,16.719999313354492
2025-07-22 17:00:00+00:00,16.950000762939453,16.950000762939453,16.510000228881836,16.6299991607666
2025-07-22 18:00:00+00:00,16.549999237060547,16.739999771118164,16.459999084472656,16.459999084472656
2025-07-22 19:00:00+00:00,16.59000015258789,16.600000381469727,16.43000030517578,16.520000457763672
2025-07-22 20:00:00+00:00,16.56999969482422,16.579999923706055,16.5,16.5
2025-07-23 07:00:00+00:00,16.229999542236328,16.31999969482422,16.200000762939453,16.309999465942383
2025-07-23 08:00:00+00:00,16.25,16.31999969482422,16.15999984741211,16.170000076293945
2025-07-23 09:00:00+00:00,16.219999313354492,16.239999771118164,16.139999389648438,16.149999618530273
2025-07-23 10:00:00+00:00,16.18000030517578,16.190000534057617,16.049999237060547,16.09000015258789
2025-07-23 11:00:00+00:00,16.1299991607666,16.15999984741211,15.989999771118164,16.0
2025-07-23 12:00:00+00:00,16.100000381469727,16.110000610351562,15.9399995803833,16.040000915527344
2025-07-23 13:00:00+00:00,16.030000686645508,16.170000076293945,15.970000267028809,16.1299991607666
2025-07-23 14:00:00+00:00,16.170000076293945,16.170000076293945,15.960000038146973,15.960000038146973
2025-07-23 15:00:00+00:00,15.979999542236328,16.06999969482422,15.609999656677246,15.65999984741211
2025-07-23 16:00:00+00:00,15.869999885559082,15.899999618530273,15.449999809265137,15.470000267028809
2025-07-23 17:00:00+00:00,15.539999961853027,15.5600004196167,15.319999694824219,15.40999984741211
2025-07-23 18:00:00+00:00,15.449999809265137,15.449999809265137,15.319999694824219,15.399999618530273
2025-07-23 19:00:00+00:00,15.399999618530273,15.550000190734863,15.369999885559082,15.4399995803833
2025-07-23 20:00:00+00:00,15.390000343322754,15.489999771118164,15.369999885559082,15.380000114440918
2025-07-24 07:00:00+00:00,15.390000343322754,15.449999809265137,15.390000343322754,15.40999984741211
2025-07-24 08:00:00+00:00,15.430000305175781,15.449999809265137,15.300000190734863,15.3100004196167
2025-07-24 09:00:00+00:00,15.319999694824219,15.329999923706055,15.260000228881836,15.289999961853027
2025-07-24 10:00:00+00:00,15.300000190734863,15.399999618530273,15.260000228881836,15.380000114440918
2025-07-24 11:00:00+00:00,15.380000114440918,15.399999618530273,15.180000305175781,15.220000267028809
2025-07-24 12:00:00+00:00,15.25,15.369999885559082,15.130000114440918,15.130000114440918
2025-07-24 13:00:00+00:00,15.289999961853027,15.369999885559082,15.039999961853027,15.0600004196167
2025-07-24 14:00:00+00:00,15.039999961853027,15.220000267028809,14.949999809265137,14.989999771118164
2025-07-24 15:00:00+00:00,14.989999771118164,15.0600004196167,14.949999809265137,15.020000457763672
2025-07-24 16:00:00+00:00,15.010000228881836,15.300000190734863,15.010000228881836,15.170000076293945
2025-07-24 17:00:00+00:00,15.270000457763672,15.289999961853027,15.0600004196167,15.170000076293945
2025-07-24 18:00:00+00:00,15.149999618530273,15.180000305175781,15.010000228881836,15.069999694824219
2025-07-24 19:00:00+00:00,15.029999732971191,15.510000228881836,15.010000228881836,15.510000228881836
2025-07-24 20:00:00+00:00,15.510000228881836,15.539999961853027,15.399999618530273,15.399999618530273
2025-07-25 07:00:00+00:00,15.329999923706055,15.369999885559082,15.300000190734863,15.350000381469727
2025-07-25 08:00:00+00:00,15.34000015258789,15.390000343322754,15.3100004196167,15.34000015258789
2025-07-25 09:00:00+00:00,15.350000381469727,15.390000343322754,15.3100004196167,15.3100004196167
2025-07-25 10:00:00+00:00,15.369999885559082,15.369999885559082,15.260000228881836,15.260000228881836
2025-07-25 11:00:00+00:00,15.289999961853027,15.3100004196167,15.239999771118164,15.279999732971191
2025-07-25 12:00:00+00:00,15.260000228881836,15.300000190734863,15.149999618530273,15.180000305175781
2025-07-25 13:00:00+00:00,15.199999809265137,15.329999923706055,15.149999618530273,15.25
2025-07-25 14:00:00+00:00,15.279999732971191,15.300000190734863,15.0,15.050000190734863
2025-07-25 15:00:00+00:00,15.149999618530273,15.149999618530273,15.0,15.020000457763672
2025-07-25 16:00:00+00:00,15.020000457763672,15.100000381469727,15.010000228881836,15.050000190734863
2025-07-25 17:00:00+00:00,15.079999923706055,15.199999809265137,15.010000228881836,15.15999984741211
2025-07-25 18:00:00+00:00,15.140000343322754,15.199999809265137,15.0600004196167,15.100000381469727
2025-07-25 19:00:00+00:00,15.149999618530273,15.15999984741211,14.949999809265137,14.960000038146973
2025-07-25 20:00:00+00:00,14.949999809265137,14.989999771118164,14.920000076293945,14.930000305175781
2025-07-28 07:00:00+00:00,15.149999618530273,15.25,15.149999618530273,15.220000267028809
2025-07-28 08:00:00+00:00,15.1899995803833,15.25,15.130000114440918,15.15999984741211
2025-07-28 09:00:00+00:00,15.220000267028809,15.239999771118164,15.130000114440918,15.199999809265137
2025-07-28 10:00:00+00:00,15.170000076293945,15.289999961853027,15.15999984741211,15.270000457763672
2025-07-28 11:00:00+00:00,15.210000038146973,15.289999961853027,15.199999809265137,15.210000038146973
2025-07-28 12:00:00+00:00,15.270000457763672,15.279999732971191,15.09000015258789,15.109999656677246
2025-07-28 13:00:00+00:00,15.15999984741211,15.489999771118164,15.09000015258789,15.430000305175781
2025-07-28 14:00:00+00:00,15.270000457763672,15.489999771118164,15.210000038146973,15.229999542236328
2025-07-28 15:00:00+00:00,15.289999961853027,15.420000076293945,15.100000381469727,15.109999656677246
2025-07-28 16:00:00+00:00,15.239999771118164,15.270000457763672,15.100000381469727,15.260000228881836
2025-07-28 17:00:00+00:00,15.109999656677246,15.399999618530273,15.109999656677246,15.399999618530273
2025-07-28 18:00:00+00:00,15.380000114440918,15.539999961853027,15.210000038146973,15.239999771118164
2025-07-28 19:00:00+00:00,15.34000015258789,15.4399995803833,15.109999656677246,15.109999656677246
2025-07-28 20:00:00+00:00,15.069999694824219,15.069999694824219,15.0,15.029999732971191
2025-07-29 07:00:00+00:00,14.949999809265137,14.960000038146973,14.800000190734863,14.8100004196167
2025-07-29 08:00:00+00:00,14.930000305175781,14.9399995803833,14.729999542236328,14.739999771118164
2025-07-29 09:00:00+00:00,14.739999771118164,14.760000228881836,14.699999809265137,14.710000038146973
2025-07-29 10:00:00+00:00,14.729999542236328,14.739999771118164,14.699999809265137,14.729999542236328
2025-07-29 11:00:00+00:00,14.710000038146973,14.770000457763672,14.699999809265137,14.710000038146973
2025-07-29 12:00:00+00:00,14.75,14.899999618530273,14.699999809265137,14.880000114440918
2025-07-29 13:00:00+00:00,14.789999961853027,14.899999618530273,14.710000038146973,14.75
2025-07-29 14:00:00+00:00,14.770000457763672,14.989999771118164,14.710000038146973,14.949999809265137
2025-07-29 15:00:00+00:00,14.819999694824219,15.600000381469727,14.770000457763672,15.119999885559082
2025-07-29 16:00:00+00:00,15.4399995803833,15.600000381469727,15.09000015258789,15.140000343322754
2025-07-29 17:00:00+00:00,15.15999984741211,15.529999732971191,15.0600004196167,15.350000381469727
2025-07-29 18:00:00+00:00,15.100000381469727,15.739999771118164,15.069999694824219,15.699999809265137
2025-07-29 19:00:00+00:00,15.569999694824219,16.1200008392334,15.4399995803833,15.960000038146973
2025-07-29 20:00:00+00:00,15.960000038146973,16.010000228881836,15.90999984741211,15.979999542236328
2025-07-30 07:00:00+00:00,15.869999885559082,15.9399995803833,15.789999961853027,15.829999923706055
2025-07-30 08:00:00+00:00,15.850000381469727,16.030000686645508,15.789999961853027,15.90999984741211
2025-07-30 09:00:00+00:00,15.979999542236328,16.030000686645508,15.8100004196167,15.829999923706055
2025-07-30 10:00:00+00:00,15.850000381469727,15.920000076293945,15.6899995803833,15.699999809265137
2025-07-30 11:00:00+00:00,15.789999961853027,15.800000190734863,15.630000114440918,15.720000267028809
2025-07-30 12:00:00+00:00,15.649999618530273,15.90999984741211,15.630000114440918,15.819999694824219
2025-07-30 13:00:00+00:00,15.8100004196167,16.040000915527344,15.699999809265137,16.010000228881836
2025-07-30 14:00:00+00:00,15.899999618530273,16.040000915527344,15.729999542236328,15.890000343322754
2025-07-30 15:00:00+00:00,15.8100004196167,16.25,15.75,16.010000228881836
2025-07-30 16:00:00+00:00,16.200000762939453,16.229999542236328,15.9399995803833,16.059999465942383
2025-07-30 17:00:00+00:00,15.960000038146973,16.110000610351562,15.960000038146973,15.970000267028809
2025-07-30 18:00:00+00:00,16.100000381469727,17.020000457763672,15.6899995803833,17.020000457763672
2025-07-30 19:00:00+00:00,15.869999885559082,17.270000457763672,15.6899995803833,16.110000610351562
2025-07-30 20:00:00+00:00,16.059999465942383,16.079999923706055,15.4399995803833,15.449999809265137
2025-07-31 07:00:00+00:00,14.989999771118164,15.0,14.789999961853027,14.829999923706055
2025-07-31 08:00:00+00:00,14.880000114440918,14.899999618530273,14.739999771118164,14.850000381469727
2025-07-31 09:00:00+00:00,14.819999694824219,14.970000267028809,14.739999771118164,14.949999809265137
2025-07-31 10:00:00+00:00,14.90999984741211,15.100000381469727,14.899999618530273,15.100000381469727
2025-07-31 11:00:00+00:00,14.930000305175781,15.1899995803833,14.899999618530273,15.149999618530273
2025-07-31 12:00:00+00:00,15.130000114440918,15.170000076293945,15.0,15.0600004196167
2025-07-31 13:00:00+00:00,15.149999618530273,15.5,15.0,15.130000114440918
2025-07-31 14:00:00+00:00,15.289999961853027,15.779999732971191,15.09000015258789,15.779999732971191
2025-07-31 15:00:00+00:00,15.279999732971191,16.190000534057617,15.239999771118164,15.550000190734863
2025-07-31 16:00:00+00:00,15.890000343322754,15.890000343322754,15.289999961853027,15.449999809265137
2025-07-31 17:00:00+00:00,15.359999656677246,16.739999771118164,15.289999961853027,16.65999984741211
2025-07-31 18:00:00+00:00,16.209999084472656,17.170000076293945,16.010000228881836,16.31999969482422
2025-07-31 19:00:00+00:00,16.31999969482422,17.100000381469727,16.1299991607666,16.610000610351562
2025-07-31 20:00:00+00:00,16.670000076293945,16.780000686645508,16.3700008392334,16.75
2025-08-01 07:00:00+00:00,17.399999618530273,18.469999313354492,17.389999389648438,18.209999084472656
2025-08-01 08:00:00+00:00,17.790000915527344,18.920000076293945,17.729999542236328,18.6299991607666
2025-08-01 09:00:00+00:00,18.68000030517578,18.920000076293945,18.3799991607666,18.43000030517578
2025-08-01 10:00:00+00:00,18.68000030517578,19.450000762939453,18.3799991607666,19.280000686645508
2025-08-01 11:00:00+00:00,18.610000610351562,19.450000762939453,18.610000610351562,18.65999984741211
2025-08-01 12:00:00+00:00,18.989999771118164,19.030000686645508,18.15999984741211,18.790000915527344
2025-08-01 13:00:00+00:00,18.540000915527344,20.959999084472656,18.15999984741211,20.889999389648438
2025-08-01 14:00:00+00:00,18.90999984741211,21.690000534057617,18.8700008392334,20.40999984741211
2025-08-01 15:00:00+00:00,19.790000915527344,20.549999237060547,19.450000762939453,19.59000015258789
2025-08-01 16:00:00+00:00,20.399999618530273,21.209999084472656,19.299999237060547,21.170000076293945
2025-08-01 17:00:00+00:00,19.559999465942383,21.510000228881836,19.540000915527344,21.43000030517578
2025-08-01 18:00:00+00:00,21.34000015258789,21.899999618530273,20.149999618530273,20.809999465942383
2025-08-01 19:00:00+00:00,20.920000076293945,21.079999923706055,20.149999618530273,20.600000381469727
2025-08-01 20:00:00+00:00,20.649999618530273,20.649999618530273,20.40999984741211,20.40999984741211
2025-08-04 07:00:00+00:00,19.559999465942383,19.579999923706055,19.139999389648438,19.34000015258789
2025-08-04 08:00:00+00:00,19.40999984741211,19.40999984741211,19.020000457763672,19.020000457763672
2025-08-04 09:00:00+00:00,19.1299991607666,19.149999618530273,18.889999389648438,18.989999771118164
2025-08-04 10:00:00+00:00,19.049999237060547,19.049999237060547,18.8700008392334,19.020000457763672
2025-08-04 11:00:00+00:00,18.90999984741211,19.360000610351562,18.8799991607666,19.270000457763672
2025-08-04 12:00:00+00:00,19.200000762939453,19.329999923706055,19.010000228881836,19.049999237060547
2025-08-04 13:00:00+00:00,19.079999923706055,19.1200008392334,17.93000030517578,17.950000762939453
2025-08-04 14:00:00+00:00,18.670000076293945,18.670000076293945,17.84000015258789,18.239999771118164
2025-08-04 15:00:00+00:00,17.899999618530273,18.350000381469727,17.899999618530273,18.059999465942383
2025-08-04 16:00:00+00:00,18.190000534057617,18.329999923706055,17.93000030517578,17.950000762939453
2025-08-04 17:00:00+00:00,18.09000015258789,18.139999389648438,17.84000015258789,17.979999542236328
2025-08-04 18:00:00+00:00,17.8799991607666,18.139999389648438,17.6299991607666,17.719999313354492
2025-08-04 19:00:00+00:00,17.780000686645508,17.790000915527344,17.56999969482422,17.6200008392334
2025-08-04 20:00:00+00:00,17.610000610351562,17.639999389648438,17.479999542236328,17.520000457763672
2025-08-05 07:00:00+00:00,17.209999084472656,17.520000457763672,17.200000762939453,17.510000228881836
2025-08-05 08:00:00+00:00,17.309999465942383,17.65999984741211,17.290000915527344,17.540000915527344
2025-08-05 09:00:00+00:00,17.510000228881836,17.579999923706055,17.360000610351562,17.40999984741211
2025-08-05 10:00:00+00:00,17.440000534057617,17.450000762939453,17.18000030517578,17.209999084472656
2025-08-05 11:00:00+00:00,17.25,17.3700008392334,17.190000534057617,17.229999542236328
2025-08-05 12:00:00+00:00,17.280000686645508,17.5,17.110000610351562,17.459999084472656
2025-08-05 13:00:00+00:00,17.299999237060547,17.600000381469727,17.299999237060547,17.479999542236328
2025-08-05 14:00:00+00:00,17.579999923706055,18.940000534057617,17.34000015258789,18.6299991607666
2025-08-05 15:00:00+00:00,18.06999969482422,18.940000534057617,18.06999969482422,18.280000686645508
2025-08-05 16:00:00+00:00,18.479999542236328,18.649999618530273,17.540000915527344,17.81999969482422
2025-08-05 17:00:00+00:00,17.889999389648438,18.15999984741211,17.360000610351562,17.389999389648438
2025-08-05 18:00:00+00:00,17.549999237060547,18.0,17.360000610351562,17.81999969482422
2025-08-05 19:00:00+00:00,17.780000686645508,18.0,17.600000381469727,17.889999389648438
2025-08-05 20:00:00+00:00,17.81999969482422,17.93000030517578,17.809999465942383,17.860000610351562
2025-08-06 07:00:00+00:00,17.219999313354492,17.299999237060547,17.200000762939453,17.229999542236328
2025-08-06 08:00:00+00:00,17.270000457763672,17.530000686645508,17.219999313354492,17.479999542236328
2025-08-06 09:00:00+00:00,17.3799991607666,17.65999984741211,17.360000610351562,17.6200008392334
2025-08-06 10:00:00+00:00,17.530000686645508,17.860000610351562,17.520000457763672,17.670000076293945
2025-08-06 11:00:00+00:00,17.600000381469727,17.860000610351562,17.579999923706055,17.68000030517578
2025-08-06 12:00:00+00:00,17.649999618530273,17.8700008392334,17.579999923706055,17.68000030517578
2025-08-06 13:00:00+00:00,17.790000915527344,17.8799991607666,17.389999389648438,17.59000015258789
2025-08-06 14:00:00+00:00,17.739999771118164,17.8799991607666,16.969999313354492,16.989999771118164
2025-08-06 15:00:00+00:00,17.530000686645508,17.6200008392334,16.700000762939453,16.829999923706055
2025-08-06 16:00:00+00:00,16.860000610351562,17.06999969482422,16.700000762939453,16.969999313354492
2025-08-06 17:00:00+00:00,16.889999389648438,17.040000915527344,16.780000686645508,16.84000015258789
2025-08-06 18:00:00+00:00,16.889999389648438,16.899999618530273,16.559999465942383,16.739999771118164
2025-08-06 19:00:00+00:00,16.610000610351562,16.81999969482422,16.559999465942383,16.690000534057617
2025-08-06 20:00:00+00:00,16.65999984741211,16.739999771118164,16.65999984741211,16.739999771118164
2025-08-07 07:00:00+00:00,16.40999984741211,16.459999084472656,16.309999465942383,16.31999969482422
2025-08-07 08:00:00+00:00,16.459999084472656,16.459999084472656,16.059999465942383,16.200000762939453
2025-08-07 09:00:00+00:00,16.110000610351562,16.25,16.049999237060547,16.06999969482422
2025-08-07 10:00:00+00:00,16.1200008392334,16.170000076293945,15.979999542236328,16.170000076293945
2025-08-07 11:00:00+00:00,16.09000015258789,16.270000457763672,16.09000015258789,16.219999313354492
2025-08-07 12:00:00+00:00,16.190000534057617,16.270000457763672,16.139999389648438,16.229999542236328
2025-08-07 13:00:00+00:00,16.25,16.479999542236328,16.059999465942383,16.239999771118164
2025-08-07 14:00:00+00:00,16.219999313354492,17.030000686645508,16.059999465942383,16.979999542236328
2025-08-07 15:00:00+00:00,16.760000228881836,17.190000534057617,16.6299991607666,17.010000228881836
2025-08-07 16:00:00+00:00,17.09000015258789,17.40999984741211,16.760000228881836,17.09000015258789
2025-08-07 17:00:00+00:00,16.84000015258789,17.469999313354492,16.760000228881836,17.18000030517578
2025-08-07 18:00:00+00:00,17.3799991607666,17.639999389648438,17.110000610351562,17.290000915527344
2025-08-07 19:00:00+00:00,17.450000762939453,17.579999923706055,16.780000686645508,16.780000686645508
2025-08-07 20:00:00+00:00,16.729999542236328,16.729999542236328,16.540000915527344,16.56999969482422
2025-08-08 07:00:00+00:00,16.479999542236328,16.520000457763672,16.40999984741211,16.510000228881836
2025-08-08 08:00:00+00:00,16.459999084472656,16.520000457763672,16.3799991607666,16.40999984741211
2025-08-08 09:00:00+00:00,16.399999618530273,16.440000534057617,16.25,16.290000915527344
2025-08-08 10:00:00+00:00,16.290000915527344,16.329999923706055,16.239999771118164,16.31999969482422
2025-08-08 11:00:00+00:00,16.309999465942383,16.34000015258789,16.18000030517578,16.190000534057617
2025-08-08 12:00:00+00:00,16.25,16.469999313354492,16.18000030517578,16.329999923706055
2025-08-08 13:00:00+00:00,16.3799991607666,16.420000076293945,15.890000343322754,15.890000343322754
2025-08-08 14:00:00+00:00,16.09000015258789,16.229999542236328,15.720000267028809,15.930000305175781
2025-08-08 15:00:00+00:00,15.789999961853027,16.1200008392334,15.720000267028809,15.720000267028809
2025-08-08 16:00:00+00:00,15.869999885559082,16.1200008392334,15.579999923706055,15.779999732971191
2025-08-08 17:00:00+00:00,15.720000267028809,15.859999656677246,15.430000305175781,15.4399995803833
2025-08-08 18:00:00+00:00,15.75,15.75,15.319999694824219,15.350000381469727
2025-08-08 19:00:00+00:00,15.449999809265137,15.649999618530273,15.319999694824219,15.430000305175781
2025-08-08 20:00:00+00:00,15.390000343322754,15.390000343322754,15.180000305175781,15.180000305175781
2025-08-11 07:00:00+00:00,15.8100004196167,16.010000228881836,15.800000190734863,15.989999771118164
2025-08-11 08:00:00+00:00,15.829999923706055,16.1299991607666,15.829999923706055,16.040000915527344
2025-08-11 09:00:00+00:00,16.049999237060547,16.059999465942383,15.899999618530273,15.90999984741211
2025-08-11 10:00:00+00:00,15.949999809265137,15.949999809265137,15.819999694824219,15.819999694824219
2025-08-11 11:00:00+00:00,15.84000015258789,15.899999618530273,15.770000457763672,15.779999732971191
2025-08-11 12:00:00+00:00,15.850000381469727,15.859999656677246,15.720000267028809,15.84000015258789
2025-08-11 13:00:00+00:00,15.789999961853027,16.0,15.789999961853027,15.859999656677246
2025-08-11 14:00:00+00:00,15.920000076293945,16.0,15.670000076293945,15.880000114440918
2025-08-11 15:00:00+00:00,15.8100004196167,15.930000305175781,15.649999618530273,15.670000076293945
2025-08-11 16:00:00+00:00,15.789999961853027,15.8100004196167,15.520000457763672,15.760000228881836
2025-08-11 17:00:00+00:00,15.550000190734863,15.90999984741211,15.529999732971191,15.850000381469727
2025-08-11 18:00:00+00:00,15.75,16.049999237060547,15.699999809265137,15.8100004196167
2025-08-11 19:00:00+00:00,15.880000114440918,16.360000610351562,15.800000190734863,16.059999465942383
2025-08-11 20:00:00+00:00,16.040000915527344,16.239999771118164,16.010000228881836,16.239999771118164
2025-08-12 07:00:00+00:00,16.09000015258789,16.190000534057617,16.049999237060547,16.06999969482422
2025-08-12 08:00:00+00:00,16.09000015258789,16.290000915527344,16.040000915527344,16.209999084472656
2025-08-12 09:00:00+00:00,16.139999389648438,16.290000915527344,16.1299991607666,16.209999084472656
2025-08-12 10:00:00+00:00,16.219999313354492,16.34000015258789,16.15999984741211,16.329999923706055
2025-08-12 11:00:00+00:00,16.290000915527344,16.559999465942383,16.260000228881836,16.3700008392334
2025-08-12 12:00:00+00:00,16.469999313354492,16.559999465942383,15.1899995803833,15.270000457763672
2025-08-12 13:00:00+00:00,15.890000343322754,16.09000015258789,15.050000190734863,15.520000457763672
2025-08-12 14:00:00+00:00,15.149999618530273,16.09000015258789,14.930000305175781,14.979999542236328
2025-08-12 15:00:00+00:00,15.1899995803833,15.220000267028809,14.789999961853027,14.880000114440918
2025-08-12 16:00:00+00:00,14.970000267028809,14.989999771118164,14.84000015258789,14.90999984741211
2025-08-12 17:00:00+00:00,14.880000114440918,14.930000305175781,14.739999771118164,14.739999771118164
2025-08-12 18:00:00+00:00,14.880000114440918,14.899999618530273,14.65999984741211,14.890000343322754
2025-08-12 19:00:00+00:00,14.720000267028809,14.930000305175781,14.699999809265137,14.779999732971191
2025-08-12 20:00:00+00:00,14.800000190734863,14.8100004196167,14.720000267028809,14.729999542236328
2025-08-13 07:00:00+00:00,14.619999885559082,14.619999885559082,14.569999694824219,14.59000015258789
2025-08-13 08:00:00+00:00,14.569999694824219,14.609999656677246,14.510000228881836,14.5600004196167
2025-08-13 09:00:00+00:00,14.539999961853027,14.569999694824219,14.470000267028809,14.470000267028809
2025-08-13 10:00:00+00:00,14.5600004196167,14.5600004196167,14.460000038146973,14.5
2025-08-13 11:00:00+00:00,14.510000228881836,14.579999923706055,14.470000267028809,14.539999961853027
2025-08-13 12:00:00+00:00,14.529999732971191,14.579999923706055,14.359999656677246,14.380000114440918
2025-08-13 13:00:00+00:00,14.460000038146973,14.520000457763672,14.300000190734863,14.479999542236328
2025-08-13 14:00:00+00:00,14.369999885559082,14.8100004196167,14.300000190734863,14.670000076293945
2025-08-13 15:00:00+00:00,14.75,14.8100004196167,14.489999771118164,14.609999656677246
2025-08-13 16:00:00+00:00,14.5600004196167,14.699999809265137,14.489999771118164,14.680000305175781
2025-08-13 17:00:00+00:00,14.5600004196167,14.710000038146973,14.529999732971191,14.5600004196167
2025-08-13 18:00:00+00:00,14.59000015258789,14.710000038146973,14.40999984741211,14.4399995803833
2025-08-13 19:00:00+00:00,14.489999771118164,14.640000343322754,14.319999694824219,14.4399995803833
2025-08-13 20:00:00+00:00,14.430000305175781,14.5,14.380000114440918,14.479999542236328
2025-08-14 07:00:00+00:00,14.65999984741211,14.680000305175781,14.600000381469727,14.619999885559082
2025-08-14 08:00:00+00:00,14.619999885559082,14.680000305175781,14.569999694824219,14.65999984741211
2025-08-14 09:00:00+00:00,14.59000015258789,14.65999984741211,14.569999694824219,14.649999618530273
2025-08-14 10:00:00+00:00,14.609999656677246,14.6899995803833,14.600000381469727,14.680000305175781
2025-08-14 11:00:00+00:00,14.649999618530273,14.6899995803833,14.600000381469727,14.600000381469727
2025-08-14 12:00:00+00:00,14.640000343322754,15.390000343322754,14.579999923706055,15.109999656677246
2025-08-14 13:00:00+00:00,14.600000381469727,15.390000343322754,14.600000381469727,14.869999885559082
2025-08-14 14:00:00+00:00,15.130000114440918,15.180000305175781,14.699999809265137,14.800000190734863
2025-08-14 15:00:00+00:00,14.8100004196167,15.210000038146973,14.699999809265137,15.010000228881836
2025-08-14 16:00:00+00:00,15.130000114440918,15.3100004196167,14.90999984741211,14.90999984741211
2025-08-14 17:00:00+00:00,15.170000076293945,15.210000038146973,14.729999542236328,14.880000114440918
2025-08-14 18:00:00+00:00,14.75,14.979999542236328,14.729999542236328,14.770000457763672
2025-08-14 19:00:00+00:00,14.920000076293945,14.920000076293945,14.609999656677246,14.680000305175781
2025-08-14 20:00:00+00:00,14.6899995803833,14.850000381469727,14.6899995803833,14.84000015258789
2025-08-15 07:00:00+00:00,14.430000305175781,14.449999809265137,14.399999618530273,14.430000305175781
2025-08-15 08:00:00+00:00,14.420000076293945,14.609999656677246,14.399999618530273,14.609999656677246
2025-08-15 09:00:00+00:00,14.449999809265137,14.630000114440918,14.449999809265137,14.630000114440918
2025-08-15 10:00:00+00:00,14.550000190734863,14.670000076293945,14.529999732971191,14.539999961853027
2025-08-15 11:00:00+00:00,14.609999656677246,14.609999656677246,14.479999542236328,14.5600004196167
2025-08-15 12:00:00+00:00,14.489999771118164,14.670000076293945,14.399999618530273,14.550000190734863
2025-08-15 13:00:00+00:00,14.399999618530273,14.960000038146973,14.399999618530273,14.930000305175781
2025-08-15 14:00:00+00:00,14.640000343322754,15.020000457763672,14.600000381469727,14.84000015258789
2025-08-15 15:00:00+00:00,14.75,15.069999694824219,14.630000114440918,14.869999885559082
2025-08-15 16:00:00+00:00,14.84000015258789,15.069999694824219,14.739999771118164,14.800000190734863
2025-08-15 17:00:00+00:00,14.949999809265137,14.960000038146973,14.75,14.789999961853027
2025-08-15 18:00:00+00:00,14.829999923706055,15.010000228881836,14.75,14.789999961853027
2025-08-15 19:00:00+00:00,14.890000343322754,15.079999923706055,14.779999732971191,15.029999732971191
2025-08-15 20:00:00+00:00,15.0,15.180000305175781,15.0,15.079999923706055
2025-08-18 07:00:00+00:00,15.729999542236328,15.850000381469727,15.680000305175781,15.739999771118164
2025-08-18 08:00:00+00:00,15.729999542236328,15.949999809265137,15.710000038146973,15.720000267028809
2025-08-18 09:00:00+00:00,15.880000114440918,15.880000114440918,15.710000038146973,15.770000457763672
2025-08-18 10:00:00+00:00,15.800000190734863,15.8100004196167,15.600000381469727,15.609999656677246
2025-08-18 11:00:00+00:00,15.729999542236328,15.729999542236328,15.569999694824219,15.579999923706055
2025-08-18 12:00:00+00:00,15.600000381469727,15.649999618530273,15.479999542236328,15.479999542236328
2025-08-18 13:00:00+00:00,15.569999694824219,15.600000381469727,15.359999656677246,15.59000015258789
2025-08-18 14:00:00+00:00,15.430000305175781,15.600000381469727,15.270000457763672,15.279999732971191
2025-08-18 15:00:00+00:00,15.40999984741211,15.520000457763672,15.140000343322754,15.260000228881836
2025-08-18 16:00:00+00:00,15.199999809265137,15.329999923706055,15.140000343322754,15.319999694824219
2025-08-18 17:00:00+00:00,15.170000076293945,15.329999923706055,15.050000190734863,15.239999771118164
2025-08-18 18:00:00+00:00,15.149999618530273,15.270000457763672,14.979999542236328,15.0
2025-08-18 19:00:00+00:00,15.199999809265137,15.199999809265137,14.949999809265137,15.029999732971191
2025-08-18 20:00:00+00:00,15.029999732971191,15.029999732971191,14.979999542236328,14.989999771118164
2025-08-19 07:00:00+00:00,15.229999542236328,15.229999542236328,15.170000076293945,15.180000305175781
2025-08-19 08:00:00+00:00,15.210000038146973,15.229999542236328,15.050000190734863,15.050000190734863
2025-08-19 09:00:00+00:00,15.149999618530273,15.15999984741211,14.960000038146973,15.010000228881836
2025-08-19 10:00:00+00:00,14.960000038146973,15.09000015258789,14.960000038146973,15.069999694824219
2025-08-19 11:00:00+00:00,15.020000457763672,15.09000015258789,14.9399995803833,14.949999809265137
2025-08-19 12:00:00+00:00,15.010000228881836,15.039999961853027,14.90999984741211,14.979999542236328
2025-08-19 13:00:00+00:00,14.920000076293945,15.140000343322754,14.890000343322754,14.979999542236328
2025-08-19 14:00:00+00:00,14.960000038146973,15.25,14.760000228881836,15.25
2025-08-19 15:00:00+00:00,14.859999656677246,15.460000038146973,14.8100004196167,15.34000015258789
2025-08-19 16:00:00+00:00,15.220000267028809,15.789999961853027,15.109999656677246,15.680000305175781
2025-08-19 17:00:00+00:00,15.489999771118164,15.90999984741211,15.4399995803833,15.5
2025-08-19 18:00:00+00:00,15.5600004196167,15.829999923706055,15.470000267028809,15.670000076293945
2025-08-19 19:00:00+00:00,15.720000267028809,15.850000381469727,15.579999923706055,15.579999923706055
2025-08-19 20:00:00+00:00,15.5600004196167,15.579999923706055,15.489999771118164,15.569999694824219
2025-08-20 07:00:00+00:00,15.949999809265137,15.979999542236328,15.850000381469727,15.970000267028809
2025-08-20 08:00:00+00:00,15.899999618530273,16.1299991607666,15.899999618530273,16.0
2025-08-20 09:00:00+00:00,16.110000610351562,16.1299991607666,15.880000114440918,15.890000343322754
2025-08-20 10:00:00+00:00,15.9399995803833,15.9399995803833,15.8100004196167,15.829999923706055
2025-08-20 11:00:00+00:00,15.819999694824219,15.9399995803833,15.710000038146973,15.829999923706055
2025-08-20 12:00:00+00:00,15.869999885559082,15.9399995803833,15.710000038146973,15.770000457763672
2025-08-20 13:00:00+00:00,15.829999923706055,16.889999389648438,15.619999885559082,16.790000915527344
2025-08-20 14:00:00+00:00,15.779999732971191,17.190000534057617,15.619999885559082,17.1299991607666
2025-08-20 15:00:00+00:00,16.920000076293945,17.190000534057617,16.299999237060547,16.68000030517578
2025-08-20 16:00:00+00:00,16.40999984741211,16.780000686645508,16.1200008392334,16.40999984741211
2025-08-20 17:00:00+00:00,16.1200008392334,16.479999542236328,15.880000114440918,15.970000267028809
2025-08-20 18:00:00+00:00,16.25,16.40999984741211,15.859999656677246,15.979999542236328
2025-08-20 19:00:00+00:00,16.270000457763672,16.270000457763672,15.569999694824219,15.75
2025-08-20 20:00:00+00:00,15.729999542236328,15.760000228881836,15.6899995803833,15.699999809265137
2025-08-21 07:00:00+00:00,15.720000267028809,15.779999732971191,15.680000305175781,15.710000038146973
2025-08-21 08:00:00+00:00,15.75,15.9399995803833,15.649999618530273,15.9399995803833
2025-08-21 09:00:00+00:00,15.739999771118164,16.0,15.739999771118164,15.979999542236328
2025-08-21 10:00:00+00:00,15.899999618530273,16.170000076293945,15.890000343322754,16.049999237060547
2025-08-21 11:00:00+00:00,16.049999237060547,16.229999542236328,15.949999809265137,16.18000030517578
2025-08-21 12:00:00+00:00,16.040000915527344,16.549999237060547,16.030000686645508,16.520000457763672
2025-08-21 13:00:00+00:00,16.40999984741211,16.989999771118164,16.260000228881836,16.75
2025-08-21 14:00:00+00:00,16.56999969482422,16.989999771118164,16.059999465942383,16.09000015258789
2025-08-21 15:00:00+00:00,16.059999465942383,16.709999084472656,16.040000915527344,16.59000015258789
2025-08-21 16:00:00+00:00,16.34000015258789,16.969999313354492,16.1200008392334,16.959999084472656
2025-08-21 17:00:00+00:00,16.770000457763672,17.239999771118164,16.610000610351562,16.690000534057617
2025-08-21 18:00:00+00:00,17.06999969482422,17.079999923706055,16.510000228881836,16.520000457763672
2025-08-21 19:00:00+00:00,16.739999771118164,16.850000381469727,16.420000076293945,16.700000762939453
2025-08-21 20:00:00+00:00,16.719999313354492,16.739999771118164,16.610000610351562,16.610000610351562
2025-08-22 07:00:00+00:00,16.809999465942383,16.829999923706055,16.649999618530273,16.65999984741211
2025-08-22 08:00:00+00:00,16.780000686645508,16.790000915527344,16.510000228881836,16.56999969482422
2025-08-22 09:00:00+00:00,16.6299991607666,16.65999984741211,16.510000228881836,16.520000457763672
2025-08-22 10:00:00+00:00,16.549999237060547,16.59000015258789,16.450000762939453,16.549999237060547
2025-08-22 11:00:00+00:00,16.530000686645508,16.600000381469727,16.469999313354492,16.520000457763672
2025-08-22 12:00:00+00:00,16.559999465942383,16.600000381469727,16.360000610351562,16.5
2025-08-22 13:00:00+00:00,16.3700008392334,16.530000686645508,16.139999389648438,16.450000762939453
2025-08-22 14:00:00+00:00,16.489999771118164,16.489999771118164,14.520000457763672,14.579999923706055
2025-08-22 15:00:00+00:00,14.770000457763672,14.770000457763672,14.40999984741211,14.569999694824219
2025-08-22 16:00:00+00:00,14.5,14.65999984741211,14.40999984741211,14.579999923706055
2025-08-22 17:00:00+00:00,14.640000343322754,14.640000343322754,14.270000457763672,14.380000114440918
2025-08-22 18:00:00+00:00,14.289999961853027,14.460000038146973,14.279999732971191,14.399999618530273
2025-08-22 19:00:00+00:00,14.420000076293945,14.510000228881836,14.229999542236328,14.229999542236328
2025-08-22 20:00:00+00:00,14.239999771118164,14.279999732971191,14.210000038146973,14.229999542236328
2025-08-25 07:00:00+00:00,15.050000190734863,15.0600004196167,15.0,15.020000457763672
2025-08-25 08:00:00+00:00,15.029999732971191,15.0600004196167,15.0,15.050000190734863
2025-08-25 09:00:00+00:00,15.020000457763672,15.109999656677246,15.0,15.0600004196167
2025-08-25 10:00:00+00:00,15.100000381469727,15.1899995803833,15.0600004196167,15.1899995803833
2025-08-25 11:00:00+00:00,15.15999984741211,15.1899995803833,15.050000190734863,15.050000190734863
2025-08-25 12:00:00+00:00,15.069999694824219,15.1899995803833,15.050000190734863,15.100000381469727
2025-08-25 13:00:00+00:00,15.170000076293945,15.1899995803833,14.710000038146973,14.729999542236328
2025-08-25 14:00:00+00:00,15.029999732971191,15.119999885559082,14.4399995803833,14.4399995803833
2025-08-25 15:00:00+00:00,14.59000015258789,14.619999885559082,14.3100004196167,14.319999694824219
2025-08-25 16:00:00+00:00,14.350000381469727,14.399999618530273,14.25,14.270000457763672
2025-08-25 17:00:00+00:00,14.3100004196167,14.4399995803833,14.239999771118164,14.369999885559082
2025-08-25 18:00:00+00:00,14.300000190734863,14.489999771118164,14.270000457763672,14.4399995803833
2025-08-25 19:00:00+00:00,14.40999984741211,14.84000015258789,14.399999618530273,14.84000015258789
2025-08-25 20:00:00+00:00,14.859999656677246,14.899999618530273,14.770000457763672,14.789999961853027
2025-08-26 07:00:00+00:00,15.75,15.75,15.460000038146973,15.640000343322754
2025-08-26 08:00:00+00:00,15.680000305175781,15.720000267028809,15.460000038146973,15.479999542236328
2025-08-26 09:00:00+00:00,15.550000190734863,15.569999694824219,15.3100004196167,15.350000381469727
2025-08-26 10:00:00+00:00,15.350000381469727,15.399999618530273,15.270000457763672,15.359999656677246
2025-08-26 11:00:00+00:00,15.279999732971191,15.550000190734863,15.279999732971191,15.4399995803833
2025-08-26 12:00:00+00:00,15.460000038146973,15.550000190734863,15.319999694824219,15.34000015258789
2025-08-26 13:00:00+00:00,15.449999809265137,15.449999809265137,15.109999656677246,15.15999984741211
2025-08-26 14:00:00+00:00,15.34000015258789,15.359999656677246,14.880000114440918,14.960000038146973
2025-08-26 15:00:00+00:00,14.930000305175781,15.029999732971191,14.859999656677246,14.899999618530273
2025-08-26 16:00:00+00:00,14.920000076293945,14.970000267028809,14.779999732971191,14.84000015258789
2025-08-26 17:00:00+00:00,14.8100004196167,15.140000343322754,14.779999732971191,15.069999694824219
2025-08-26 18:00:00+00:00,14.869999885559082,15.140000343322754,14.859999656677246,14.920000076293945
2025-08-26 19:00:00+00:00,14.970000267028809,15.010000228881836,14.789999961853027,14.789999961853027
2025-08-26 20:00:00+00:00,14.8100004196167,14.829999923706055,14.65999984741211,14.65999984741211
2025-08-27 07:00:00+00:00,14.65999984741211,14.789999961853027,14.65999984741211,14.760000228881836
2025-08-27 08:00:00+00:00,14.779999732971191,14.859999656677246,14.729999542236328,14.789999961853027
2025-08-27 09:00:00+00:00,14.800000190734863,14.859999656677246,14.699999809265137,14.729999542236328
2025-08-27 10:00:00+00:00,14.729999542236328,14.819999694824219,14.699999809265137,14.819999694824219
2025-08-27 11:00:00+00:00,14.739999771118164,14.84000015258789,14.739999771118164,14.8100004196167
2025-08-27 12:00:00+00:00,14.8100004196167,14.9399995803833,14.729999542236328,14.90999984741211
2025-08-27 13:00:00+00:00,14.779999732971191,15.010000228881836,14.760000228881836,14.930000305175781
2025-08-27 14:00:00+00:00,14.920000076293945,15.010000228881836,14.819999694824219,14.880000114440918
2025-08-27 15:00:00+00:00,14.880000114440918,14.9399995803833,14.800000190734863,14.90999984741211
2025-08-27 16:00:00+00:00,14.859999656677246,15.229999542236328,14.829999923706055,15.039999961853027
2025-08-27 17:00:00+00:00,15.069999694824219,15.229999542236328,14.90999984741211,14.9399995803833
2025-08-27 18:00:00+00:00,14.960000038146973,14.970000267028809,14.859999656677246,14.899999618530273
2025-08-27 19:00:00+00:00,14.899999618530273,15.09000015258789,14.84000015258789,14.920000076293945
2025-08-27 20:00:00+00:00,14.930000305175781,14.949999809265137,14.84000015258789,14.84000015258789
2025-08-28 07:00:00+00:00,14.420000076293945,14.430000305175781,14.34000015258789,14.34000015258789
2025-08-28 08:00:00+00:00,14.369999885559082,14.430000305175781,14.270000457763672,14.430000305175781
2025-08-28 09:00:00+00:00,14.350000381469727,14.470000267028809,14.34000015258789,14.470000267028809
2025-08-28 10:00:00+00:00,14.40999984741211,14.539999961853027,14.399999618530273,14.489999771118164
2025-08-28 11:00:00+00:00,14.489999771118164,14.539999961853027,14.430000305175781,14.430000305175781
2025-08-28 12:00:00+00:00,14.489999771118164,14.510000228881836,14.1899995803833,14.229999542236328
2025-08-28 13:00:00+00:00,14.489999771118164,14.6899995803833,14.119999885559082,14.619999885559082
2025-08-28 14:00:00+00:00,14.140000343322754,14.6899995803833,14.119999885559082,14.25
2025-08-28 15:00:00+00:00,14.520000457763672,14.520000457763672,14.130000114440918,14.220000267028809
2025-08-28 16:00:00+00:00,14.399999618530273,14.399999618530273,14.119999885559082,14.300000190734863
2025-08-28 17:00:00+00:00,14.149999618530273,14.34000015258789,14.119999885559082,14.170000076293945
2025-08-28 18:00:00+00:00,14.15999984741211,14.359999656677246,14.119999885559082,14.279999732971191
2025-08-28 19:00:00+00:00,14.210000038146973,14.369999885559082,14.1899995803833,14.319999694824219
2025-08-28 20:00:00+00:00,14.329999923706055,14.4399995803833,14.329999923706055,14.430000305175781
2025-08-29 07:00:00+00:00,14.3100004196167,14.390000343322754,14.3100004196167,14.380000114440918
2025-08-29 08:00:00+00:00,14.329999923706055,14.640000343322754,14.329999923706055,14.640000343322754
2025-08-29 09:00:00+00:00,14.479999542236328,14.720000267028809,14.449999809265137,14.600000381469727
2025-08-29 10:00:00+00:00,14.600000381469727,14.649999618530273,14.539999961853027,14.619999885559082
2025-08-29 11:00:00+00:00,14.550000190734863,14.649999618530273,14.550000190734863,14.619999885559082
2025-08-29 12:00:00+00:00,14.569999694824219,14.710000038146973,14.489999771118164,14.520000457763672
2025-08-29 13:00:00+00:00,14.699999809265137,15.289999961853027,14.489999771118164,15.289999961853027
2025-08-29 14:00:00+00:00,14.579999923706055,15.970000267028809,14.489999771118164,15.640000343322754
2025-08-29 15:00:00+00:00,15.550000190734863,15.829999923706055,15.239999771118164,15.579999923706055
2025-08-29 16:00:00+00:00,15.329999923706055,15.630000114440918,15.279999732971191,15.40999984741211
2025-08-29 17:00:00+00:00,15.609999656677246,15.75,15.369999885559082,15.579999923706055
2025-08-29 18:00:00+00:00,15.619999885559082,15.739999771118164,15.449999809265137,15.649999618530273
2025-08-29 19:00:00+00:00,15.6899995803833,15.739999771118164,15.3100004196167,15.40999984741211
2025-08-29 20:00:00+00:00,15.289999961853027,15.40999984741211,15.239999771118164,15.380000114440918
2025-09-01 07:00:00+00:00,16.170000076293945,16.18000030517578,15.970000267028809,16.010000228881836
2025-09-01 08:00:00+00:00,16.040000915527344,16.06999969482422,15.079999923706055,15.90999984741211
2025-09-01 09:00:00+00:00,15.649999618530273,16.790000915527344,15.079999923706055,16.280000686645508
2025-09-01 10:00:00+00:00,16.049999237060547,16.360000610351562,15.9399995803833,16.190000534057617
2025-09-01 11:00:00+00:00,16.219999313354492,16.329999923706055,16.139999389648438,16.280000686645508
2025-09-01 12:00:00+00:00,16.270000457763672,16.329999923706055,16.149999618530273,16.200000762939453
2025-09-01 13:00:00+00:00,16.190000534057617,16.360000610351562,16.149999618530273,16.170000076293945
2025-09-01 14:00:00+00:00,16.270000457763672,16.360000610351562,16.1299991607666,16.1299991607666
2025-09-01 15:00:00+00:00,16.15999984741211,16.170000076293945,16.110000610351562,16.1200008392334
2025-09-02 07:00:00+00:00,16.649999618530273,17.75,16.549999237060547,17.709999084472656
2025-09-02 08:00:00+00:00,16.600000381469727,17.75,16.549999237060547,17.18000030517578
2025-09-02 09:00:00+00:00,17.309999465942383,17.350000381469727,17.040000915527344,17.34000015258789
2025-09-02 10:00:00+00:00,17.1299991607666,18.030000686645508,17.110000610351562,17.989999771118164
2025-09-02 11:00:00+00:00,17.809999465942383,18.06999969482422,17.760000228881836,18.030000686645508
2025-09-02 12:00:00+00:00,17.969999313354492,19.200000762939453,17.93000030517578,19.079999923706055
2025-09-02 13:00:00+00:00,18.559999465942383,19.290000915527344,17.940000534057617,17.979999542236328
2025-09-02 14:00:00+00:00,19.170000076293945,19.290000915527344,17.670000076293945,18.43000030517578
2025-09-02 15:00:00+00:00,17.950000762939453,19.3799991607666,17.889999389648438,19.309999465942383
2025-09-02 16:00:00+00:00,18.790000915527344,19.3799991607666,18.56999969482422,18.56999969482422
2025-09-02 17:00:00+00:00,19.020000457763672,19.020000457763672,18.010000228881836,18.149999618530273
2025-09-02 18:00:00+00:00,18.280000686645508,18.479999542236328,18.010000228881836,18.209999084472656
2025-09-02 19:00:00+00:00,18.3799991607666,18.479999542236328,17.530000686645508,17.540000915527344
2025-09-02 20:00:00+00:00,17.459999084472656,17.520000457763672,17.079999923706055,17.209999084472656
2025-09-03 07:00:00+00:00,17.399999618530273,17.56999969482422,17.299999237060547,17.31999969482422
2025-09-03 08:00:00+00:00,17.3799991607666,17.420000076293945,17.030000686645508,17.09000015258789
2025-09-03 09:00:00+00:00,17.040000915527344,17.15999984741211,16.920000076293945,16.959999084472656
2025-09-03 10:00:00+00:00,16.989999771118164,17.1200008392334,16.920000076293945,17.06999969482422
2025-09-03 11:00:00+00:00,17.030000686645508,17.299999237060547,17.0,17.299999237060547
2025-09-03 12:00:00+00:00,17.170000076293945,17.40999984741211,17.079999923706055,17.3700008392334
2025-09-03 13:00:00+00:00,17.260000228881836,17.40999984741211,17.020000457763672,17.280000686645508
2025-09-03 14:00:00+00:00,17.139999389648438,17.31999969482422,16.5,16.5
2025-09-03 15:00:00+00:00,17.079999923706055,17.079999923706055,16.469999313354492,16.93000030517578
2025-09-03 16:00:00+00:00,16.959999084472656,17.040000915527344,16.709999084472656,16.920000076293945
2025-09-03 17:00:00+00:00,16.860000610351562,17.149999618530273,16.6200008392334,17.049999237060547
2025-09-03 18:00:00+00:00,16.739999771118164,17.170000076293945,16.690000534057617,16.969999313354492
2025-09-03 19:00:00+00:00,16.989999771118164,17.1299991607666,16.420000076293945,16.420000076293945
2025-09-03 20:00:00+00:00,16.479999542236328,16.479999542236328,16.34000015258789,16.34000015258789
2025-09-04 07:00:00+00:00,16.219999313354492,16.290000915527344,16.18000030517578,16.270000457763672
2025-09-04 08:00:00+00:00,16.270000457763672,16.329999923706055,16.18000030517578,16.299999237060547
2025-09-04 09:00:00+00:00,16.229999542236328,16.350000381469727,16.219999313354492,16.25
2025-09-04 10:00:00+00:00,16.290000915527344,16.309999465942383,16.15999984741211,16.229999542236328
2025-09-04 11:00:00+00:00,16.290000915527344,16.309999465942383,16.1299991607666,16.239999771118164
2025-09-04 12:00:00+00:00,16.200000762939453,16.31999969482422,16.139999389648438,16.18000030517578
2025-09-04 13:00:00+00:00,16.25,16.31999969482422,15.960000038146973,16.049999237060547
2025-09-04 14:00:00+00:00,16.190000534057617,16.239999771118164,15.699999809265137,15.699999809265137
2025-09-04 15:00:00+00:00,15.880000114440918,15.880000114440918,15.640000343322754,15.739999771118164
2025-09-04 16:00:00+00:00,15.710000038146973,15.829999923706055,15.680000305175781,15.789999961853027
2025-09-04 17:00:00+00:00,15.800000190734863,15.819999694824219,15.579999923706055,15.65999984741211
2025-09-04 18:00:00+00:00,15.649999618530273,15.6899995803833,15.529999732971191,15.569999694824219
2025-09-04 19:00:00+00:00,15.640000343322754,15.65999984741211,15.399999618530273,15.420000076293945
2025-09-04 20:00:00+00:00,15.40999984741211,15.4399995803833,15.279999732971191,15.279999732971191
2025-09-05 07:00:00+00:00,15.229999542236328,15.270000457763672,15.180000305175781,15.229999542236328
2025-09-05 08:00:00+00:00,15.270000457763672,15.270000457763672,15.15999984741211,15.199999809265137
2025-09-05 09:00:00+00:00,15.199999809265137,15.260000228881836,15.15999984741211,15.260000228881836
2025-09-05 10:00:00+00:00,15.25,15.289999961853027,15.180000305175781,15.199999809265137
2025-09-05 11:00:00+00:00,15.210000038146973,15.25,15.15999984741211,15.25
2025-09-05 12:00:00+00:00,15.210000038146973,15.5,14.9399995803833,14.9399995803833
2025-09-05 13:00:00+00:00,14.949999809265137,15.899999618530273,14.739999771118164,14.989999771118164
2025-09-05 14:00:00+00:00,14.850000381469727,16.719999313354492,14.739999771118164,16.56999969482422
2025-09-05 15:00:00+00:00,16.1200008392334,16.920000076293945,15.6899995803833,16.040000915527344
2025-09-05 16:00:00+00:00,15.970000267028809,16.1299991607666,15.6899995803833,15.779999732971191
2025-09-05 17:00:00+00:00,15.979999542236328,16.280000686645508,15.729999542236328,16.110000610351562
2025-09-05 18:00:00+00:00,15.890000343322754,16.280000686645508,15.479999542236328,15.479999542236328
2025-09-05 19:00:00+00:00,15.789999961853027,15.789999961853027,15.1899995803833,15.229999542236328
2025-09-05 20:00:00+00:00,15.180000305175781,15.239999771118164,15.180000305175781,15.180000305175781
2025-09-08 07:00:00+00:00,15.579999923706055,15.579999923706055,15.420000076293945,15.569999694824219
2025-09-08 08:00:00+00:00,15.529999732971191,15.600000381469727,15.420000076293945,15.520000457763672
2025-09-08 09:00:00+00:00,15.520000457763672,15.59000015258789,15.449999809265137,15.460000038146973
2025-09-08 10:00:00+00:00,15.550000190734863,15.5600004196167,15.430000305175781,15.470000267028809
2025-09-08 11:00:00+00:00,15.470000267028809,15.510000228881836,15.40999984741211,15.510000228881836
2025-09-08 12:00:00+00:00,15.430000305175781,15.649999618530273,15.399999618530273,15.4399995803833
2025-09-08 13:00:00+00:00,15.550000190734863,15.550000190734863,15.170000076293945,15.3100004196167
2025-09-08 14:00:00+00:00,15.4399995803833,15.4399995803833,15.0600004196167,15.109999656677246
2025-09-08 15:00:00+00:00,15.239999771118164,15.25,14.989999771118164,15.079999923706055
2025-09-08 16:00:00+00:00,14.989999771118164,15.40999984741211,14.989999771118164,15.260000228881836
2025-09-08 17:00:00+00:00,15.239999771118164,15.489999771118164,15.180000305175781,15.430000305175781
2025-09-08 18:00:00+00:00,15.239999771118164,15.489999771118164,15.170000076293945,15.25
2025-09-08 19:00:00+00:00,15.199999809265137,15.449999809265137,15.170000076293945,15.210000038146973
2025-09-08 20:00:00+00:00,15.180000305175781,15.25,15.130000114440918,15.130000114440918
2025-09-09 07:00:00+00:00,15.020000457763672,15.15999984741211,14.970000267028809,15.140000343322754
2025-09-09 08:00:00+00:00,15.010000228881836,15.239999771118164,14.970000267028809,15.199999809265137
2025-09-09 09:00:00+00:00,15.149999618530273,15.25,15.130000114440918,15.25
2025-09-09 10:00:00+00:00,15.199999809265137,15.3100004196167,15.180000305175781,15.289999961853027
2025-09-09 11:00:00+00:00,15.239999771118164,15.359999656677246,15.140000343322754,15.1899995803833
2025-09-09 12:00:00+00:00,15.3100004196167,15.3100004196167,15.140000343322754,15.149999618530273
2025-09-09 13:00:00+00:00,15.210000038146973,15.569999694824219,15.140000343322754,15.520000457763672
2025-09-09 14:00:00+00:00,15.4399995803833,15.819999694824219,15.25,15.510000228881836
2025-09-09 15:00:00+00:00,15.430000305175781,15.819999694824219,15.300000190734863,15.40999984741211
2025-09-09 16:00:00+00:00,15.319999694824219,15.460000038146973,15.1899995803833,15.210000038146973
2025-09-09 17:00:00+00:00,15.270000457763672,15.279999732971191,15.079999923706055,15.119999885559082
2025-09-09 18:00:00+00:00,15.140000343322754,15.210000038146973,15.079999923706055,15.119999885559082
2025-09-09 19:00:00+00:00,15.170000076293945,15.220000267028809,15.050000190734863,15.079999923706055
2025-09-09 20:00:00+00:00,15.130000114440918,15.210000038146973,15.029999732971191,15.050000190734863
2025-09-10 07:00:00+00:00,14.979999542236328,15.010000228881836,14.960000038146973,15.0
2025-09-10 08:00:00+00:00,14.960000038146973,15.1899995803833,14.960000038146973,15.149999618530273
2025-09-10 09:00:00+00:00,15.079999923706055,15.220000267028809,15.079999923706055,15.100000381469727
2025-09-10 10:00:00+00:00,15.199999809265137,15.210000038146973,14.949999809265137,14.949999809265137
2025-09-10 11:00:00+00:00,14.970000267028809,14.979999542236328,14.880000114440918,14.899999618530273
2025-09-10 12:00:00+00:00,14.9399995803833,15.069999694824219,14.65999984741211,14.729999542236328
2025-09-10 13:00:00+00:00,15.069999694824219,15.069999694824219,14.630000114440918,14.770000457763672
2025-09-10 14:00:00+00:00,14.819999694824219,14.84000015258789,14.65999984741211,14.8100004196167
2025-09-10 15:00:00+00:00,14.789999961853027,15.050000190734863,14.75,14.8100004196167
2025-09-10 16:00:00+00:00,14.9399995803833,15.130000114440918,14.760000228881836,14.9399995803833
2025-09-10 17:00:00+00:00,14.960000038146973,15.130000114440918,14.829999923706055,14.979999542236328
2025-09-10 18:00:00+00:00,15.069999694824219,15.1899995803833,14.960000038146973,15.069999694824219
2025-09-10 19:00:00+00:00,15.130000114440918,15.630000114440918,15.0,15.359999656677246
2025-09-10 20:00:00+00:00,15.329999923706055,15.399999618530273,15.3100004196167,15.369999885559082
2025-09-11 07:00:00+00:00,15.1899995803833,15.239999771118164,15.15999984741211,15.180000305175781
2025-09-11 08:00:00+00:00,15.239999771118164,15.239999771118164,15.130000114440918,15.220000267028809
2025-09-11 09:00:00+00:00,15.15999984741211,15.229999542236328,15.15999984741211,15.210000038146973
2025-09-11 10:00:00+00:00,15.1899995803833,15.229999542236328,15.109999656677246,15.119999885559082
2025-09-11 11:00:00+00:00,15.140000343322754,15.149999618530273,15.029999732971191,15.050000190734863
2025-09-11 12:00:00+00:00,15.109999656677246,15.15999984741211,14.65999984741211,14.770000457763672
2025-09-11 13:00:00+00:00,14.869999885559082,15.15999984741211,14.65999984741211,14.859999656677246
2025-09-11 14:00:00+00:00,14.779999732971191,15.100000381469727,14.760000228881836,14.899999618530273
2025-09-11 15:00:00+00:00,14.989999771118164,15.039999961853027,14.850000381469727,14.9399995803833
2025-09-11 16:00:00+00:00,14.970000267028809,15.010000228881836,14.829999923706055,14.9399995803833
2025-09-11 17:00:00+00:00,14.859999656677246,14.979999542236328,14.84000015258789,14.859999656677246
2025-09-11 18:00:00+00:00,14.920000076293945,14.9399995803833,14.729999542236328,14.729999542236328
2025-09-11 19:00:00+00:00,14.869999885559082,14.869999885559082,14.649999618530273,14.670000076293945
2025-09-11 20:00:00+00:00,14.699999809265137,14.720000267028809,14.680000305175781,14.710000038146973
2025-09-12 07:00:00+00:00,14.619999885559082,14.680000305175781,14.600000381469727,14.680000305175781
2025-09-12 08:00:00+00:00,14.619999885559082,14.8100004196167,14.619999885559082,14.720000267028809
2025-09-12 09:00:00+00:00,14.729999542236328,14.760000228881836,14.649999618530273,14.670000076293945
2025-09-12 10:00:00+00:00,14.680000305175781,14.6899995803833,14.649999618530273,14.65999984741211
2025-09-12 11:00:00+00:00,14.670000076293945,14.710000038146973,14.630000114440918,14.649999618530273
2025-09-12 12:00:00+00:00,14.640000343322754,14.819999694824219,14.640000343322754,14.720000267028809
2025-09-12 13:00:00+00:00,14.670000076293945,14.819999694824219,14.630000114440918,14.649999618530273
2025-09-12 14:00:00+00:00,14.789999961853027,14.8100004196167,14.40999984741211,14.600000381469727
2025-09-12 15:00:00+00:00,14.65999984741211,14.6899995803833,14.529999732971191,14.539999961853027
2025-09-12 16:00:00+00:00,14.630000114440918,14.6899995803833,14.460000038146973,14.479999542236328
2025-09-12 17:00:00+00:00,14.479999542236328,14.569999694824219,14.460000038146973,14.550000190734863
2025-09-12 18:00:00+00:00,14.489999771118164,14.609999656677246,14.449999809265137,14.569999694824219
2025-09-12 19:00:00+00:00,14.569999694824219,14.970000267028809,14.449999809265137,14.720000267028809
2025-09-12 20:00:00+00:00,14.760000228881836,14.779999732971191,14.710000038146973,14.75
2025-09-15 07:00:00+00:00,15.140000343322754,15.15999984741211,15.069999694824219,15.09000015258789
2025-09-15 08:00:00+00:00,15.109999656677246,15.3100004196167,15.069999694824219,15.180000305175781
2025-09-15 09:00:00+00:00,15.210000038146973,15.270000457763672,15.119999885559082,15.119999885559082
2025-09-15 10:00:00+00:00,15.15999984741211,15.15999984741211,15.0600004196167,15.09000015258789
2025-09-15 11:00:00+00:00,15.069999694824219,15.100000381469727,14.989999771118164,14.989999771118164
2025-09-15 12:00:00+00:00,15.039999961853027,15.039999961853027,14.920000076293945,14.930000305175781
2025-09-15 13:00:00+00:00,14.989999771118164,15.140000343322754,14.920000076293945,15.130000114440918
2025-09-15 14:00:00+00:00,14.960000038146973,15.260000228881836,14.960000038146973,15.25
2025-09-15 15:00:00+00:00,15.15999984741211,15.4399995803833,15.15999984741211,15.4399995803833
2025-09-15 16:00:00+00:00,15.369999885559082,15.6899995803833,15.350000381469727,15.670000076293945
2025-09-15 17:00:00+00:00,15.449999809265137,15.75,15.430000305175781,15.550000190734863
2025-09-15 18:00:00+00:00,15.699999809265137,15.84000015258789,15.520000457763672,15.729999542236328
2025-09-15 19:00:00+00:00,15.6899995803833,15.84000015258789,15.579999923706055,15.579999923706055
2025-09-15 20:00:00+00:00,15.59000015258789,15.699999809265137,15.59000015258789,15.6899995803833
2025-09-16 07:00:00+00:00,15.600000381469727,15.600000381469727,15.569999694824219,15.569999694824219
2025-09-16 08:00:00+00:00,15.59000015258789,15.59000015258789,15.460000038146973,15.460000038146973
2025-09-16 09:00:00+00:00,15.520000457763672,15.529999732971191,15.4399995803833,15.479999542236328
2025-09-16 10:00:00+00:00,15.479999542236328,15.539999961853027,15.479999542236328,15.510000228881836
2025-09-16 11:00:00+00:00,15.510000228881836,15.550000190734863,15.5,15.510000228881836
2025-09-16 12:00:00+00:00,15.529999732971191,15.680000305175781,15.5,15.680000305175781
2025-09-16 13:00:00+00:00,15.539999961853027,16.049999237060547,15.510000228881836,16.020000457763672
2025-09-16 14:00:00+00:00,15.670000076293945,16.190000534057617,15.670000076293945,16.1299991607666
2025-09-16 15:00:00+00:00,16.1299991607666,16.270000457763672,16.079999923706055,16.200000762939453
2025-09-16 16:00:00+00:00,16.15999984741211,16.270000457763672,16.100000381469727,16.1200008392334
2025-09-16 17:00:00+00:00,16.139999389648438,16.200000762939453,15.970000267028809,15.989999771118164
2025-09-16 18:00:00+00:00,16.040000915527344,16.049999237060547,15.970000267028809,16.0
2025-09-16 19:00:00+00:00,16.040000915527344,16.3799991607666,15.970000267028809,16.3799991607666
2025-09-16 20:00:00+00:00,16.350000381469727,16.360000610351562,16.309999465942383,16.360000610351562
2025-09-17 07:00:00+00:00,16.420000076293945,16.43000030517578,16.360000610351562,16.3700008392334
2025-09-17 08:00:00+00:00,16.3700008392334,16.75,16.360000610351562,16.6200008392334
2025-09-17 09:00:00+00:00,16.420000076293945,16.75,16.40999984741211,16.540000915527344
2025-09-17 10:00:00+00:00,16.549999237060547,16.670000076293945,16.5,16.670000076293945
2025-09-17 11:00:00+00:00,16.530000686645508,16.709999084472656,16.520000457763672,16.549999237060547
2025-09-17 12:00:00+00:00,16.670000076293945,16.68000030517578,16.389999389648438,16.389999389648438
2025-09-17 13:00:00+00:00,16.5,16.5,15.970000267028809,16.25
2025-09-17 14:00:00+00:00,15.979999542236328,16.43000030517578,15.970000267028809,16.3799991607666
2025-09-17 15:00:00+00:00,16.399999618530273,16.56999969482422,16.329999923706055,16.469999313354492
2025-09-17 16:00:00+00:00,16.549999237060547,16.75,16.459999084472656,16.700000762939453
2025-09-17 17:00:00+00:00,16.579999923706055,16.75,16.420000076293945,16.5
2025-09-17 18:00:00+00:00,16.5,16.739999771118164,15.819999694824219,15.949999809265137
2025-09-17 19:00:00+00:00,15.84000015258789,16.739999771118164,15.260000228881836,15.800000190734863
2025-09-17 20:00:00+00:00,15.699999809265137,15.729999542236328,15.59000015258789,15.720000267028809
2025-09-18 07:00:00+00:00,14.930000305175781,15.0,14.829999923706055,14.850000381469727
2025-09-18 08:00:00+00:00,14.979999542236328,14.979999542236328,14.779999732971191,14.829999923706055
2025-09-18 09:00:00+00:00,14.819999694824219,14.890000343322754,14.779999732971191,14.880000114440918
2025-09-18 10:00:00+00:00,14.850000381469727,14.880000114440918,14.739999771118164,14.75
2025-09-18 11:00:00+00:00,14.84000015258789,14.90999984741211,14.329999923706055,14.869999885559082
2025-09-18 12:00:00+00:00,14.84000015258789,14.989999771118164,14.430000305175781,14.989999771118164
2025-09-18 13:00:00+00:00,14.800000190734863,15.619999885559082,14.430000305175781,15.279999732971191
2025-09-18 14:00:00+00:00,15.3100004196167,15.739999771118164,15.15999984741211,15.680000305175781
2025-09-18 15:00:00+00:00,15.479999542236328,15.800000190734863,15.479999542236328,15.699999809265137
2025-09-18 16:00:00+00:00,15.710000038146973,15.800000190734863,15.40999984741211,15.420000076293945
2025-09-18 17:00:00+00:00,15.430000305175781,15.630000114440918,15.399999618530273,15.59000015258789
2025-09-18 18:00:00+00:00,15.489999771118164,15.630000114440918,15.40999984741211,15.430000305175781
2025-09-18 19:00:00+00:00,15.539999961853027,15.789999961853027,15.40999984741211,15.75
2025-09-18 20:00:00+00:00,15.770000457763672,15.770000457763672,15.680000305175781,15.699999809265137
2025-09-19 07:00:00+00:00,15.760000228881836,15.760000228881836,15.579999923706055,15.579999923706055
2025-09-19 08:00:00+00:00,15.65999984741211,15.6899995803833,15.470000267028809,15.510000228881836
2025-09-19 09:00:00+00:00,15.489999771118164,15.5600004196167,15.470000267028809,15.539999961853027
2025-09-19 10:00:00+00:00,15.529999732971191,15.609999656677246,15.5,15.5600004196167
2025-09-19 11:00:00+00:00,15.539999961853027,15.609999656677246,15.5,15.510000228881836
2025-09-19 12:00:00+00:00,15.539999961853027,15.5600004196167,15.380000114440918,15.420000076293945
2025-09-19 13:00:00+00:00,15.390000343322754,15.680000305175781,15.289999961853027,15.680000305175781
2025-09-19 14:00:00+00:00,15.449999809265137,15.979999542236328,15.350000381469727,15.84000015258789
2025-09-19 15:00:00+00:00,15.770000457763672,16.1299991607666,15.729999542236328,15.869999885559082
2025-09-19 16:00:00+00:00,16.049999237060547,16.1299991607666,15.699999809265137,15.800000190734863
2025-09-19 17:00:00+00:00,15.789999961853027,15.869999885559082,15.699999809265137,15.720000267028809
2025-09-19 18:00:00+00:00,15.760000228881836,15.770000457763672,15.600000381469727,15.600000381469727
2025-09-19 19:00:00+00:00,15.739999771118164,15.75,15.479999542236328,15.489999771118164
2025-09-19 20:00:00+00:00,15.489999771118164,15.489999771118164,15.430000305175781,15.449999809265137
2025-09-22 07:00:00+00:00,16.139999389648438,16.350000381469727,16.139999389648438,16.25
2025-09-22 08:00:00+00:00,16.34000015258789,16.34000015258789,16.110000610351562,16.209999084472656
2025-09-22 09:00:00+00:00,16.139999389648438,16.299999237060547,16.110000610351562,16.209999084472656
2025-09-22 10:00:00+00:00,16.229999542236328,16.25,16.09000015258789,16.149999618530273
2025-09-22 11:00:00+00:00,16.100000381469727,16.15999984741211,16.09000015258789,16.110000610351562
2025-09-22 12:00:00+00:00,16.1299991607666,16.18000030517578,16.100000381469727,16.110000610351562
2025-09-22 13:00:00+00:00,16.15999984741211,16.170000076293945,15.880000114440918,15.90999984741211
2025-09-22 14:00:00+00:00,16.020000457763672,16.06999969482422,15.800000190734863,15.8100004196167
2025-09-22 15:00:00+00:00,15.899999618530273,15.930000305175781,15.800000190734863,15.880000114440918
2025-09-22 16:00:00+00:00,15.859999656677246,15.899999618530273,15.779999732971191,15.850000381469727
2025-09-22 17:00:00+00:00,15.789999961853027,15.970000267028809,15.779999732971191,15.9399995803833
2025-09-22 18:00:00+00:00,15.920000076293945,15.970000267028809,15.84000015258789,15.880000114440918
2025-09-22 19:00:00+00:00,15.859999656677246,16.059999465942383,15.859999656677246,16.030000686645508
2025-09-22 20:00:00+00:00,16.040000915527344,16.1200008392334,16.040000915527344,16.110000610351562
2025-09-23 07:00:00+00:00,16.100000381469727,16.149999618530273,16.030000686645508,16.149999618530273
2025-09-23 08:00:00+00:00,16.06999969482422,16.170000076293945,16.030000686645508,16.079999923706055
2025-09-23 09:00:00+00:00,16.049999237060547,16.09000015258789,16.030000686645508,16.040000915527344
2025-09-23 10:00:00+00:00,16.06999969482422,16.06999969482422,16.0,16.030000686645508
2025-09-23 11:00:00+00:00,16.040000915527344,16.139999389648438,16.010000228881836,16.010000228881836
2025-09-23 12:00:00+00:00,16.06999969482422,16.06999969482422,15.949999809265137,15.960000038146973
2025-09-23 13:00:00+00:00,16.0,16.18000030517578,15.949999809265137,16.15999984741211
2025-09-23 14:00:00+00:00,16.0,16.280000686645508,15.989999771118164,16.1200008392334
2025-09-23 15:00:00+00:00,16.260000228881836,16.309999465942383,16.079999923706055,16.309999465942383
2025-09-23 16:00:00+00:00,16.1200008392334,16.399999618530273,16.110000610351562,16.329999923706055
2025-09-23 17:00:00+00:00,16.360000610351562,17.06999969482422,16.229999542236328,16.790000915527344
2025-09-23 18:00:00+00:00,16.639999389648438,17.06999969482422,16.639999389648438,17.049999237060547
2025-09-23 19:00:00+00:00,16.959999084472656,17.059999465942383,16.719999313354492,16.719999313354492
2025-09-23 20:00:00+00:00,16.709999084472656,16.760000228881836,16.6299991607666,16.649999618530273
2025-09-24 07:00:00+00:00,16.56999969482422,16.59000015258789,16.43000030517578,16.440000534057617
2025-09-24 08:00:00+00:00,16.59000015258789,16.59000015258789,16.40999984741211,16.5
2025-09-24 09:00:00+00:00,16.510000228881836,16.520000457763672,16.40999984741211,16.40999984741211
2025-09-24 10:00:00+00:00,16.43000030517578,16.440000534057617,16.34000015258789,16.350000381469727
2025-09-24 11:00:00+00:00,16.399999618530273,16.399999618530273,16.290000915527344,16.309999465942383
2025-09-24 12:00:00+00:00,16.31999969482422,16.3700008392334,16.270000457763672,16.31999969482422
2025-09-24 13:00:00+00:00,16.34000015258789,16.8700008392334,16.290000915527344,16.760000228881836
2025-09-24 14:00:00+00:00,16.389999389648438,16.8700008392334,16.360000610351562,16.600000381469727
2025-09-24 15:00:00+00:00,16.6299991607666,17.18000030517578,16.5,17.18000030517578
2025-09-24 16:00:00+00:00,16.649999618530273,17.209999084472656,16.649999618530273,17.020000457763672
2025-09-24 17:00:00+00:00,16.959999084472656,17.030000686645508,16.56999969482422,16.860000610351562
2025-09-24 18:00:00+00:00,16.670000076293945,16.959999084472656,16.459999084472656,16.459999084472656
2025-09-24 19:00:00+00:00,16.860000610351562,16.8700008392334,16.309999465942383,16.329999923706055
2025-09-24 20:00:00+00:00,16.360000610351562,16.360000610351562,16.18000030517578,16.18000030517578
2025-09-25 07:00:00+00:00,16.549999237060547,16.549999237060547,16.360000610351562,16.420000076293945
2025-09-25 08:00:00+00:00,16.40999984741211,16.459999084472656,16.31999969482422,16.43000030517578
2025-09-25 09:00:00+00:00,16.31999969482422,16.540000915527344,16.31999969482422,16.510000228881836
2025-09-25 10:00:00+00:00,16.450000762939453,16.709999084472656,16.440000534057617,16.649999618530273
2025-09-25 11:00:00+00:00,16.59000015258789,17.149999618530273,16.520000457763672,17.1299991607666
2025-09-25 12:00:00+00:00,16.84000015258789,17.440000534057617,16.81999969482422,17.309999465942383
2025-09-25 13:00:00+00:00,17.020000457763672,17.739999771118164,17.010000228881836,17.450000762939453
2025-09-25 14:00:00+00:00,17.260000228881836,17.739999771118164,16.649999618530273,16.690000534057617
2025-09-25 15:00:00+00:00,16.729999542236328,16.90999984741211,16.489999771118164,16.549999237060547
2025-09-25 16:00:00+00:00,16.8799991607666,16.8799991607666,16.479999542236328,16.670000076293945
2025-09-25 17:00:00+00:00,16.649999618530273,17.299999237060547,16.489999771118164,17.299999237060547
2025-09-25 18:00:00+00:00,16.84000015258789,17.6200008392334,16.760000228881836,16.8700008392334
2025-09-25 19:00:00+00:00,16.969999313354492,17.049999237060547,16.690000534057617,16.739999771118164
2025-09-25 20:00:00+00:00,16.719999313354492,16.760000228881836,16.700000762939453,16.739999771118164
2025-09-26 07:00:00+00:00,16.889999389648438,16.979999542236328,16.809999465942383,16.81999969482422
2025-09-26 08:00:00+00:00,16.84000015258789,16.950000762939453,16.670000076293945,16.950000762939453
2025-09-26 09:00:00+00:00,16.719999313354492,17.049999237060547,16.690000534057617,16.899999618530273
2025-09-26 10:00:00+00:00,16.959999084472656,17.0,16.8799991607666,16.969999313354492
2025-09-26 11:00:00+00:00,16.950000762939453,17.010000228881836,16.84000015258789,16.90999984741211
2025-09-26 12:00:00+00:00,16.969999313354492,16.989999771118164,16.3799991607666,16.450000762939453
2025-09-26 13:00:00+00:00,16.829999923706055,16.829999923706055,16.1200008392334,16.170000076293945
2025-09-26 14:00:00+00:00,16.639999389648438,16.950000762939453,16.079999923706055,16.600000381469727
2025-09-26 15:00:00+00:00,16.700000762939453,16.790000915527344,16.260000228881836,16.40999984741211
2025-09-26 16:00:00+00:00,16.270000457763672,16.450000762939453,15.670000076293945,15.670000076293945
2025-09-26 17:00:00+00:00,15.920000076293945,16.010000228881836,15.59000015258789,15.680000305175781
2025-09-26 18:00:00+00:00,15.619999885559082,15.789999961853027,15.529999732971191,15.5600004196167
2025-09-26 19:00:00+00:00,15.640000343322754,15.649999618530273,15.319999694824219,15.319999694824219
2025-09-26 20:00:00+00:00,15.359999656677246,15.359999656677246,15.289999961853027,15.289999961853027
2025-09-29 07:00:00+00:00,15.84000015258789,15.859999656677246,15.739999771118164,15.789999961853027
2025-09-29 08:00:00+00:00,15.789999961853027,15.819999694824219,15.739999771118164,15.760000228881836
2025-09-29 09:00:00+00:00,15.8100004196167,15.890000343322754,15.75,15.890000343322754
2025-09-29 10:00:00+00:00,15.829999923706055,15.920000076293945,15.760000228881836,15.850000381469727
2025-09-29 11:00:00+00:00,15.779999732971191,16.0,15.779999732971191,15.9399995803833
2025-09-29 12:00:00+00:00,15.960000038146973,16.0,15.829999923706055,15.850000381469727
2025-09-29 13:00:00+00:00,15.920000076293945,16.010000228881836,15.8100004196167,15.949999809265137
2025-09-29 14:00:00+00:00,15.970000267028809,16.049999237060547,15.8100004196167,15.859999656677246
2025-09-29 15:00:00+00:00,15.930000305175781,16.1200008392334,15.8100004196167,16.0
2025-09-29 16:00:00+00:00,15.930000305175781,16.059999465942383,15.880000114440918,16.030000686645508
2025-09-29 17:00:00+00:00,15.949999809265137,16.229999542236328,15.90999984741211,16.1200008392334
2025-09-29 18:00:00+00:00,16.15999984741211,16.229999542236328,15.890000343322754,15.979999542236328
2025-09-29 19:00:00+00:00,15.899999618530273,16.290000915527344,15.899999618530273,16.059999465942383
2025-09-29 20:00:00+00:00,16.030000686645508,16.139999389648438,16.030000686645508,16.1299991607666
2025-09-30 07:00:00+00:00,16.489999771118164,16.700000762939453,16.43000030517578,16.559999465942383
2025-09-30 08:00:00+00:00,16.440000534057617,16.700000762939453,16.43000030517578,16.520000457763672
2025-09-30 09:00:00+00:00,16.579999923706055,16.610000610351562,16.479999542236328,16.56999969482422
2025-09-30 10:00:00+00:00,16.530000686645508,16.639999389648438,16.479999542236328,16.520000457763672
2025-09-30 11:00:00+00:00,16.59000015258789,16.639999389648438,16.5,16.59000015258789
2025-09-30 12:00:00+00:00,16.540000915527344,16.649999618530273,16.420000076293945,16.440000534057617
2025-09-30 13:00:00+00:00,16.530000686645508,16.549999237060547,16.219999313354492,16.290000915527344
2025-09-30 14:00:00+00:00,16.389999389648438,16.549999237060547,16.1299991607666,16.190000534057617
2025-09-30 15:00:00+00:00,16.239999771118164,16.530000686645508,16.149999618530273,16.299999237060547
2025-09-30 16:00:00+00:00,16.360000610351562,16.530000686645508,16.209999084472656,16.3700008392334
2025-09-30 17:00:00+00:00,16.31999969482422,16.549999237060547,16.25,16.389999389648438
2025-09-30 18:00:00+00:00,16.520000457763672,16.549999237060547,16.09000015258789,16.110000610351562
2025-09-30 19:00:00+00:00,16.18000030517578,16.229999542236328,16.020000457763672,16.079999923706055
2025-09-30 20:00:00+00:00,16.110000610351562,16.280000686645508,16.110000610351562,16.280000686645508
2025-10-01 07:00:00+00:00,17.280000686645508,17.280000686645508,17.079999923706055,17.149999618530273
2025-10-01 08:00:00+00:00,17.190000534057617,17.25,16.950000762939453,16.959999084472656
2025-10-01 09:00:00+00:00,17.170000076293945,17.170000076293945,16.739999771118164,16.81999969482422
2025-10-01 10:00:00+00:00,16.770000457763672,16.899999618530273,16.760000228881836,16.850000381469727
2025-10-01 11:00:00+00:00,16.850000381469727,16.899999618530273,16.6299991607666,16.6299991607666
2025-10-01 12:00:00+00:00,16.739999771118164,16.790000915527344,16.6299991607666,16.690000534057617
2025-10-01 13:00:00+00:00,16.709999084472656,16.81999969482422,16.399999618530273,16.780000686645508
2025-10-01 14:00:00+00:00,16.649999618530273,16.81999969482422,16.31999969482422,16.3799991607666
2025-10-01 15:00:00+00:00,16.40999984741211,16.43000030517578,16.170000076293945,16.190000534057617
2025-10-01 16:00:00+00:00,16.299999237060547,16.299999237060547,16.170000076293945,16.190000534057617
2025-10-01 17:00:00+00:00,16.25,16.280000686645508,16.059999465942383,16.170000076293945
2025-10-01 18:00:00+00:00,16.110000610351562,16.200000762939453,16.040000915527344,16.079999923706055
2025-10-01 19:00:00+00:00,16.06999969482422,16.149999618530273,15.979999542236328,16.149999618530273
2025-10-01 20:00:00+00:00,16.15999984741211,16.31999969482422,16.15999984741211,16.280000686645508
2025-10-02 07:00:00+00:00,16.1200008392334,16.200000762939453,16.1200008392334,16.139999389648438
2025-10-02 08:00:00+00:00,16.15999984741211,16.200000762939453,15.979999542236328,15.989999771118164
2025-10-02 09:00:00+00:00,16.0,16.1299991607666,15.989999771118164,16.100000381469727
2025-10-02 10:00:00+00:00,16.049999237060547,16.149999618530273,16.049999237060547,16.079999923706055
2025-10-02 11:00:00+00:00,16.079999923706055,16.100000381469727,15.979999542236328,15.989999771118164
2025-10-02 12:00:00+00:00,16.010000228881836,16.030000686645508,15.949999809265137,16.010000228881836
2025-10-02 13:00:00+00:00,16.010000228881836,16.290000915527344,15.930000305175781,16.190000534057617
2025-10-02 14:00:00+00:00,16.040000915527344,16.68000030517578,15.960000038146973,16.68000030517578
2025-10-02 15:00:00+00:00,16.399999618530273,16.920000076293945,16.34000015258789,16.610000610351562
2025-10-02 16:00:00+00:00,16.700000762939453,16.920000076293945,16.520000457763672,16.559999465942383
2025-10-02 17:00:00+00:00,16.670000076293945,16.780000686645508,16.479999542236328,16.540000915527344
2025-10-02 18:00:00+00:00,16.610000610351562,16.6299991607666,16.450000762939453,16.489999771118164
2025-10-02 19:00:00+00:00,16.479999542236328,16.75,16.450000762939453,16.600000381469727
2025-10-02 20:00:00+00:00,16.610000610351562,16.68000030517578,16.600000381469727,16.6299991607666
2025-10-03 07:00:00+00:00,16.350000381469727,16.3700008392334,16.31999969482422,16.31999969482422
2025-10-03 08:00:00+00:00,16.360000610351562,16.3700008392334,16.25,16.25
2025-10-03 09:00:00+00:00,16.260000228881836,16.290000915527344,16.200000762939453,16.200000762939453
2025-10-03 10:00:00+00:00,16.280000686645508,16.31999969482422,16.200000762939453,16.309999465942383
2025-10-03 11:00:00+00:00,16.25,16.43000030517578,16.25,16.40999984741211
2025-10-03 12:00:00+00:00,16.3700008392334,16.56999969482422,16.290000915527344,16.469999313354492
2025-10-03 13:00:00+00:00,16.440000534057617,16.56999969482422,16.280000686645508,16.489999771118164
2025-10-03 14:00:00+00:00,16.43000030517578,16.610000610351562,16.280000686645508,16.389999389648438
2025-10-03 15:00:00+00:00,16.40999984741211,16.450000762939453,16.200000762939453,16.239999771118164
2025-10-03 16:00:00+00:00,16.31999969482422,16.3700008392334,16.200000762939453,16.34000015258789
2025-10-03 17:00:00+00:00,16.299999237060547,17.059999465942383,16.299999237060547,16.81999969482422
2025-10-03 18:00:00+00:00,16.670000076293945,17.059999465942383,16.389999389648438,16.540000915527344
2025-10-03 19:00:00+00:00,16.440000534057617,16.65999984741211,16.290000915527344,16.56999969482422
2025-10-03 20:00:00+00:00,16.530000686645508,16.670000076293945,16.530000686645508,16.65999984741211
2025-10-06 07:00:00+00:00,16.739999771118164,17.0,16.729999542236328,16.8799991607666
2025-10-06 08:00:00+00:00,16.760000228881836,17.0,16.760000228881836,16.850000381469727
2025-10-06 09:00:00+00:00,16.8799991607666,16.889999389648438,16.719999313354492,16.729999542236328
2025-10-06 10:00:00+00:00,16.780000686645508,16.81999969482422,16.719999313354492,16.81999969482422
2025-10-06 11:00:00+00:00,16.75,16.969999313354492,16.729999542236328,16.84000015258789
2025-10-06 12:00:00+00:00,16.899999618530273,16.920000076293945,16.760000228881836,16.8799991607666
2025-10-06 13:00:00+00:00,16.809999465942383,16.989999771118164,16.719999313354492,16.979999542236328
2025-10-06 14:00:00+00:00,16.75,17.09000015258789,16.719999313354492,16.75
2025-10-06 15:00:00+00:00,16.81999969482422,16.8700008392334,16.56999969482422,16.59000015258789
2025-10-06 16:00:00+00:00,16.65999984741211,16.68000030517578,16.56999969482422,16.610000610351562
2025-10-06 17:00:00+00:00,16.610000610351562,16.700000762939453,16.510000228881836,16.520000457763672
2025-10-06 18:00:00+00:00,16.56999969482422,16.579999923706055,16.450000762939453,16.479999542236328
2025-10-06 19:00:00+00:00,16.489999771118164,16.520000457763672,16.290000915527344,16.360000610351562
2025-10-06 20:00:00+00:00,16.360000610351562,16.389999389648438,16.360000610351562,16.3700008392334
2025-10-07 07:00:00+00:00,16.579999923706055,16.65999984741211,16.56999969482422,16.6299991607666
2025-10-07 08:00:00+00:00,16.600000381469727,16.719999313354492,16.579999923706055,16.59000015258789
2025-10-07 09:00:00+00:00,16.700000762939453,16.719999313354492,16.540000915527344,16.540000915527344
2025-10-07 10:00:00+00:00,16.549999237060547,16.559999465942383,16.469999313354492,16.510000228881836
2025-10-07 11:00:00+00:00,16.5,16.530000686645508,16.40999984741211,16.40999984741211
2025-10-07 12:00:00+00:00,16.530000686645508,16.530000686645508,16.25,16.260000228881836
2025-10-07 13:00:00+00:00,16.40999984741211,16.420000076293945,16.190000534057617,16.309999465942383
2025-10-07 14:00:00+00:00,16.290000915527344,16.510000228881836,16.229999542236328,16.34000015258789
2025-10-07 15:00:00+00:00,16.469999313354492,17.350000381469727,16.329999923706055,17.299999237060547
2025-10-07 16:00:00+00:00,16.829999923706055,17.549999237060547,16.81999969482422,17.280000686645508
2025-10-07 17:00:00+00:00,17.3799991607666,17.450000762939453,17.010000228881836,17.440000534057617
2025-10-07 18:00:00+00:00,17.15999984741211,17.540000915527344,17.15999984741211,17.280000686645508
2025-10-07 19:00:00+00:00,17.459999084472656,17.459999084472656,17.139999389648438,17.219999313354492
2025-10-07 20:00:00+00:00,17.190000534057617,17.290000915527344,17.18000030517578,17.25
2025-10-08 07:00:00+00:00,17.170000076293945,17.170000076293945,16.920000076293945,16.940000534057617
2025-10-08 08:00:00+00:00,17.100000381469727,17.110000610351562,16.889999389648438,16.989999771118164
2025-10-08 09:00:00+00:00,16.959999084472656,17.049999237060547,16.889999389648438,16.969999313354492
2025-10-08 10:00:00+00:00,16.979999542236328,17.100000381469727,16.860000610351562,16.8700008392334
2025-10-08 11:00:00+00:00,17.020000457763672,17.030000686645508,16.809999465942383,16.989999771118164
2025-10-08 12:00:00+00:00,16.979999542236328,17.170000076293945,16.920000076293945,17.100000381469727
2025-10-08 13:00:00+00:00,17.110000610351562,17.200000762939453,16.959999084472656,17.049999237060547
2025-10-08 14:00:00+00:00,17.059999465942383,17.200000762939453,16.6200008392334,16.6200008392334
2025-10-08 15:00:00+00:00,16.709999084472656,16.739999771118164,16.459999084472656,16.520000457763672
2025-10-08 16:00:00+00:00,16.489999771118164,16.600000381469727,16.469999313354492,16.510000228881836
2025-10-08 17:00:00+00:00,16.59000015258789,16.600000381469727,16.43000030517578,16.450000762939453
2025-10-08 18:00:00+00:00,16.469999313354492,16.559999465942383,16.350000381469727,16.5
2025-10-08 19:00:00+00:00,16.450000762939453,16.559999465942383,16.229999542236328,16.25
2025-10-08 20:00:00+00:00,16.25,16.309999465942383,16.25,16.299999237060547
2025-10-09 07:00:00+00:00,16.309999465942383,16.360000610351562,16.260000228881836,16.329999923706055
2025-10-09 08:00:00+00:00,16.329999923706055,16.440000534057617,16.260000228881836,16.420000076293945
2025-10-09 09:00:00+00:00,16.360000610351562,16.450000762939453,16.350000381469727,16.43000030517578
2025-10-09 10:00:00+00:00,16.399999618530273,16.520000457763672,16.350000381469727,16.5
2025-10-09 11:00:00+00:00,16.5,16.520000457763672,16.450000762939453,16.520000457763672
2025-10-09 12:00:00+00:00,16.459999084472656,16.540000915527344,16.350000381469727,16.350000381469727
2025-10-09 13:00:00+00:00,16.450000762939453,16.770000457763672,16.299999237060547,16.719999313354492
2025-10-09 14:00:00+00:00,16.3700008392334,17.06999969482422,16.31999969482422,16.770000457763672
2025-10-09 15:00:00+00:00,16.770000457763672,17.06999969482422,16.639999389648438,16.709999084472656
2025-10-09 16:00:00+00:00,16.81999969482422,16.989999771118164,16.65999984741211,16.959999084472656
2025-10-09 17:00:00+00:00,16.709999084472656,17.270000457763672,16.65999984741211,16.920000076293945
2025-10-09 18:00:00+00:00,17.170000076293945,17.209999084472656,16.65999984741211,16.670000076293945
2025-10-09 19:00:00+00:00,16.81999969482422,16.8799991607666,16.40999984741211,16.450000762939453
2025-10-09 20:00:00+00:00,16.420000076293945,16.469999313354492,16.389999389648438,16.43000030517578
2025-10-10 07:00:00+00:00,16.360000610351562,16.399999618530273,16.309999465942383,16.3700008392334
2025-10-10 08:00:00+00:00,16.31999969482422,16.399999618530273,16.309999465942383,16.350000381469727
2025-10-10 09:00:00+00:00,16.360000610351562,16.790000915527344,16.329999923706055,16.790000915527344
2025-10-10 10:00:00+00:00,16.489999771118164,16.790000915527344,16.489999771118164,16.540000915527344
2025-10-10 11:00:00+00:00,16.6200008392334,16.65999984741211,16.459999084472656,16.459999084472656
2025-10-10 12:00:00+00:00,16.5,16.6200008392334,16.450000762939453,16.549999237060547
2025-10-10 13:00:00+00:00,16.530000686645508,16.6200008392334,16.31999969482422,16.31999969482422
2025-10-10 14:00:00+00:00,16.530000686645508,17.0,16.229999542236328,16.8799991607666
2025-10-10 15:00:00+00:00,16.399999618530273,22.18000030517578,16.229999542236328,20.3700008392334
2025-10-10 16:00:00+00:00,20.809999465942383,22.18000030517578,19.459999084472656,21.139999389648438
2025-10-10 17:00:00+00:00,20.459999084472656,21.829999923706055,20.06999969482422,20.969999313354492
2025-10-10 18:00:00+00:00,20.5,21.68000030517578,20.209999084472656,21.3799991607666
2025-10-10 19:00:00+00:00,20.489999771118164,22.440000534057617,20.360000610351562,22.049999237060547
2025-10-10 20:00:00+00:00,21.989999771118164,22.100000381469727,21.6299991607666,21.6299991607666
2025-10-13 07:00:00+00:00,19.450000762939453,19.469999313354492,19.18000030517578,19.3700008392334
2025-10-13 08:00:00+00:00,19.229999542236328,19.6299991607666,19.18000030517578,19.450000762939453
2025-10-13 09:00:00+00:00,19.559999465942383,19.649999618530273,19.43000030517578,19.649999618530273
2025-10-13 10:00:00+00:00,19.520000457763672,19.93000030517578,19.510000228881836,19.809999465942383
2025-10-13 11:00:00+00:00,19.719999313354492,20.770000457763672,19.670000076293945,20.579999923706055
2025-10-13 12:00:00+00:00,20.59000015258789,20.770000457763672,20.3799991607666,20.5
2025-10-13 13:00:00+00:00,20.540000915527344,20.549999237060547,19.56999969482422,19.56999969482422
2025-10-13 14:00:00+00:00,20.09000015258789,20.530000686645508,19.510000228881836,20.360000610351562
2025-10-13 15:00:00+00:00,20.149999618530273,20.469999313354492,19.549999237060547,19.559999465942383
2025-10-13 16:00:00+00:00,19.75,19.81999969482422,19.100000381469727,19.1200008392334
2025-10-13 17:00:00+00:00,19.3700008392334,19.489999771118164,19.049999237060547,19.190000534057617
2025-10-13 18:00:00+00:00,19.350000381469727,19.489999771118164,18.610000610351562,19.079999923706055
2025-10-13 19:00:00+00:00,18.65999984741211,19.200000762939453,18.610000610351562,18.93000030517578
2025-10-13 20:00:00+00:00,18.940000534057617,19.100000381469727,18.93000030517578,19.040000915527344
2025-10-14 07:00:00+00:00,21.459999084472656,22.579999923706055,21.229999542236328,22.170000076293945
2025-10-14 08:00:00+00:00,21.479999542236328,22.579999923706055,21.43000030517578,21.43000030517578
2025-10-14 09:00:00+00:00,21.719999313354492,21.860000610351562,21.270000457763672,21.649999618530273
2025-10-14 10:00:00+00:00,21.469999313354492,22.760000228881836,21.40999984741211,22.25
2025-10-14 11:00:00+00:00,22.260000228881836,22.760000228881836,21.3700008392334,21.440000534057617
2025-10-14 12:00:00+00:00,21.75,22.18000030517578,21.3700008392334,21.780000686645508
2025-10-14 13:00:00+00:00,21.420000076293945,22.940000534057617,21.420000076293945,21.700000762939453
2025-10-14 14:00:00+00:00,21.700000762939453,22.940000534057617,20.84000015258789,20.969999313354492
2025-10-14 15:00:00+00:00,21.06999969482422,21.219999313354492,19.850000381469727,19.979999542236328
2025-10-14 16:00:00+00:00,20.809999465942383,20.81999969482422,19.540000915527344,19.690000534057617
2025-10-14 17:00:00+00:00,19.760000228881836,19.850000381469727,19.18000030517578,19.360000610351562
2025-10-14 18:00:00+00:00,19.3700008392334,19.700000762939453,19.18000030517578,19.559999465942383
2025-10-14 19:00:00+00:00,19.479999542236328,20.889999389648438,19.440000534057617,20.420000076293945
2025-10-14 20:00:00+00:00,20.350000381469727,20.84000015258789,20.309999465942383,20.799999237060547
2025-10-15 07:00:00+00:00,20.020000457763672,20.100000381469727,19.90999984741211,19.93000030517578
2025-10-15 08:00:00+00:00,20.040000915527344,20.100000381469727,19.770000457763672,19.770000457763672
2025-10-15 09:00:00+00:00,19.799999237060547,19.860000610351562,19.530000686645508,19.579999923706055
2025-10-15 10:00:00+00:00,19.700000762939453,19.709999084472656,19.440000534057617,19.489999771118164
2025-10-15 11:00:00+00:00,19.559999465942383,19.6299991607666,19.440000534057617,19.459999084472656
2025-10-15 12:00:00+00:00,19.5,19.56999969482422,19.280000686645508,19.3799991607666
2025-10-15 13:00:00+00:00,19.399999618530273,19.889999389648438,19.3700008392334,19.479999542236328
2025-10-15 14:00:00+00:00,19.440000534057617,19.889999389648438,19.110000610351562,19.239999771118164
2025-10-15 15:00:00+00:00,19.200000762939453,20.420000076293945,19.1200008392334,20.1299991607666
2025-10-15 16:00:00+00:00,19.510000228881836,20.420000076293945,19.489999771118164,20.350000381469727
2025-10-15 17:00:00+00:00,20.020000457763672,22.440000534057617,20.010000228881836,20.670000076293945
2025-10-15 18:00:00+00:00,21.739999771118164,21.780000686645508,20.260000228881836,20.270000457763672
2025-10-15 19:00:00+00:00,20.729999542236328,20.979999542236328,20.260000228881836,20.479999542236328
2025-10-15 20:00:00+00:00,20.459999084472656,20.639999389648438,20.299999237060547,20.639999389648438
2025-10-16 07:00:00+00:00,20.489999771118164,20.719999313354492,20.299999237060547,20.34000015258789
2025-10-16 08:00:00+00:00,20.559999465942383,20.719999313354492,20.209999084472656,20.40999984741211
2025-10-16 09:00:00+00:00,20.399999618530273,20.459999084472656,20.110000610351562,20.110000610351562
2025-10-16 10:00:00+00:00,20.280000686645508,20.360000610351562,19.90999984741211,20.010000228881836
2025-10-16 11:00:00+00:00,19.950000762939453,20.020000457763672,19.850000381469727,19.979999542236328
2025-10-16 12:00:00+00:00,19.8700008392334,20.190000534057617,19.860000610351562,20.010000228881836
2025-10-16 13:00:00+00:00,20.1299991607666,20.690000534057617,19.8799991607666,20.559999465942383
2025-10-16 14:00:00+00:00,20.280000686645508,21.1200008392334,20.139999389648438,20.760000228881836
2025-10-16 15:00:00+00:00,20.709999084472656,21.809999465942383,20.290000915527344,21.739999771118164
2025-10-16 16:00:00+00:00,21.18000030517578,24.200000762939453,20.989999771118164,22.440000534057617
2025-10-16 17:00:00+00:00,22.780000686645508,24.200000762939453,22.34000015258789,23.360000610351562
2025-10-16 18:00:00+00:00,22.670000076293945,25.139999389648438,22.530000686645508,23.84000015258789
2025-10-16 19:00:00+00:00,24.670000076293945,25.43000030517578,23.770000457763672,24.59000015258789
2025-10-16 20:00:00+00:00,24.670000076293945,25.329999923706055,24.549999237060547,25.299999237060547
2025-10-17 07:00:00+00:00,28.40999984741211,28.989999771118164,27.809999465942383,28.020000457763672
2025-10-17 08:00:00+00:00,28.229999542236328,28.8799991607666,27.440000534057617,27.559999465942383
2025-10-17 09:00:00+00:00,27.8700008392334,27.950000762939453,26.799999237060547,27.229999542236328
2025-10-17 10:00:00+00:00,26.979999542236328,27.360000610351562,26.43000030517578,26.43000030517578
2025-10-17 11:00:00+00:00,27.299999237060547,27.299999237060547,24.459999084472656,24.59000015258789
2025-10-17 12:00:00+00:00,24.65999984741211,25.049999237060547,23.43000030517578,23.950000762939453
2025-10-17 13:00:00+00:00,23.670000076293945,25.09000015258789,23.43000030517578,24.229999542236328
2025-10-17 14:00:00+00:00,24.510000228881836,25.09000015258789,23.139999389648438,24.43000030517578
2025-10-17 15:00:00+00:00,23.15999984741211,25.0,23.15999984741211,23.649999618530273
2025-10-17 16:00:00+00:00,24.59000015258789,25.0,23.15999984741211,23.649999618530273
2025-10-17 17:00:00+00:00,23.260000228881836,24.200000762939453,23.15999984741211,23.43000030517578
2025-10-17 18:00:00+00:00,23.979999542236328,24.079999923706055,22.09000015258789,22.1200008392334
2025-10-17 19:00:00+00:00,22.559999465942383,22.579999923706055,21.049999237060547,21.059999465942383
2025-10-17 20:00:00+00:00,21.020000457763672,21.09000015258789,20.729999542236328,20.760000228881836
2025-10-20 07:00:00+00:00,20.530000686645508,20.530000686645508,20.34000015258789,20.479999542236328
2025-10-20 08:00:00+00:00,20.399999618530273,20.799999237060547,20.34000015258789,20.770000457763672
2025-10-20 09:00:00+00:00,20.59000015258789,20.8700008392334,20.549999237060547,20.809999465942383
2025-10-20 10:00:00+00:00,20.700000762939453,21.020000457763672,20.68000030517578,21.010000228881836
2025-10-20 11:00:00+00:00,20.829999923706055,21.020000457763672,20.520000457763672,20.530000686645508
2025-10-20 12:00:00+00:00,20.790000915527344,20.81999969482422,20.270000457763672,20.270000457763672
2025-10-20 13:00:00+00:00,20.489999771118164,20.489999771118164,19.40999984741211,19.530000686645508
2025-10-20 14:00:00+00:00,19.959999084472656,19.959999084472656,18.639999389648438,18.68000030517578
2025-10-20 15:00:00+00:00,18.989999771118164,19.100000381469727,18.639999389648438,19.030000686645508
2025-10-20 16:00:00+00:00,18.860000610351562,19.100000381469727,18.760000228881836,18.760000228881836
2025-10-20 17:00:00+00:00,18.84000015258789,18.93000030517578,18.469999313354492,18.56999969482422
2025-10-20 18:00:00+00:00,18.549999237060547,18.65999984741211,18.459999084472656,18.479999542236328
2025-10-20 19:00:00+00:00,18.549999237060547,18.65999984741211,18.229999542236328,18.309999465942383
2025-10-20 20:00:00+00:00,18.31999969482422,18.3799991607666,18.229999542236328,18.229999542236328
2025-10-21 07:00:00+00:00,18.649999618530273,18.690000534057617,18.56999969482422,18.639999389648438
2025-10-21 08:00:00+00:00,18.579999923706055,18.739999771118164,18.56999969482422,18.739999771118164
2025-10-21 09:00:00+00:00,18.709999084472656,18.75,18.639999389648438,18.68000030517578
2025-10-21 10:00:00+00:00,18.68000030517578,18.719999313354492,18.579999923706055,18.600000381469727
2025-10-21 11:00:00+00:00,18.670000076293945,18.670000076293945,18.489999771118164,18.520000457763672
2025-10-21 12:00:00+00:00,18.5,18.6200008392334,18.489999771118164,18.600000381469727
2025-10-21 13:00:00+00:00,18.530000686645508,18.8700008392334,18.530000686645508,18.81999969482422
2025-10-21 14:00:00+00:00,18.59000015258789,18.889999389648438,17.75,17.770000457763672
2025-10-21 15:00:00+00:00,18.469999313354492,18.540000915527344,17.6299991607666,17.760000228881836
2025-10-21 16:00:00+00:00,17.950000762939453,18.139999389648438,17.6200008392334,18.1299991607666
2025-10-21 17:00:00+00:00,17.709999084472656,18.329999923706055,17.6200008392334,17.700000762939453
2025-10-21 18:00:00+00:00,17.93000030517578,18.0,17.399999618530273,17.459999084472656
2025-10-21 19:00:00+00:00,17.510000228881836,17.670000076293945,17.399999618530273,17.670000076293945
2025-10-21 20:00:00+00:00,17.760000228881836,18.030000686645508,17.719999313354492,17.8700008392334
2025-10-22 07:00:00+00:00,17.84000015258789,17.8799991607666,17.729999542236328,17.770000457763672
2025-10-22 08:00:00+00:00,17.739999771118164,17.989999771118164,17.729999542236328,17.90999984741211
2025-10-22 09:00:00+00:00,17.93000030517578,18.079999923706055,17.8700008392334,17.8700008392334
2025-10-22 10:00:00+00:00,17.950000762939453,17.979999542236328,17.780000686645508,17.860000610351562
2025-10-22 11:00:00+00:00,17.81999969482422,18.260000228881836,17.780000686645508,18.139999389648438
2025-10-22 12:00:00+00:00,18.15999984741211,18.260000228881836,17.8700008392334,18.010000228881836
2025-10-22 13:00:00+00:00,17.93000030517578,19.0,17.889999389648438,18.489999771118164
2025-10-22 14:00:00+00:00,18.969999313354492,19.3700008392334,18.399999618530273,18.6200008392334
2025-10-22 15:00:00+00:00,19.09000015258789,19.3700008392334,18.399999618530273,18.56999969482422
2025-10-22 16:00:00+00:00,19.1299991607666,20.1200008392334,18.399999618530273,19.1200008392334
2025-10-22 17:00:00+00:00,18.940000534057617,21.010000228881836,18.829999923706055,20.770000457763672
2025-10-22 18:00:00+00:00,20.09000015258789,21.010000228881836,19.290000915527344,19.290000915527344
2025-10-22 19:00:00+00:00,19.68000030517578,19.790000915527344,18.520000457763672,18.6200008392334
2025-10-22 20:00:00+00:00,18.6200008392334,18.639999389648438,18.559999465942383,18.59000015258789
2025-10-23 07:00:00+00:00,18.360000610351562,18.68000030517578,18.34000015258789,18.489999771118164
2025-10-23 08:00:00+00:00,18.56999969482422,18.600000381469727,18.420000076293945,18.559999465942383
2025-10-23 09:00:00+00:00,18.5,18.93000030517578,18.440000534057617,18.799999237060547
2025-10-23 10:00:00+00:00,18.829999923706055,18.93000030517578,18.68000030517578,18.75
2025-10-23 11:00:00+00:00,18.739999771118164,19.309999465942383,18.68000030517578,19.260000228881836
2025-10-23 12:00:00+00:00,18.969999313354492,19.350000381469727,18.899999618530273,18.899999618530273
2025-10-23 13:00:00+00:00,19.200000762939453,19.350000381469727,18.209999084472656,18.350000381469727
2025-10-23 14:00:00+00:00,18.829999923706055,18.90999984741211,18.040000915527344,18.049999237060547
2025-10-23 15:00:00+00:00,18.399999618530273,18.450000762939453,17.760000228881836,17.8700008392334
2025-10-23 16:00:00+00:00,18.079999923706055,18.25,17.420000076293945,17.440000534057617
2025-10-23 17:00:00+00:00,17.739999771118164,17.739999771118164,17.170000076293945,17.18000030517578
2025-10-23 18:00:00+00:00,17.510000228881836,17.510000228881836,17.079999923706055,17.1200008392334
2025-10-23 19:00:00+00:00,17.1200008392334,17.360000610351562,17.079999923706055,17.299999237060547
2025-10-23 20:00:00+00:00,17.31999969482422,17.34000015258789,17.260000228881836,17.280000686645508
2025-10-24 07:00:00+00:00,17.020000457763672,17.110000610351562,17.010000228881836,17.100000381469727
2025-10-24 08:00:00+00:00,17.079999923706055,17.209999084472656,17.010000228881836,17.170000076293945
2025-10-24 09:00:00+00:00,17.190000534057617,17.200000762939453,17.079999923706055,17.139999389648438
2025-10-24 10:00:00+00:00,17.1299991607666,17.209999084472656,17.079999923706055,17.200000762939453
2025-10-24 11:00:00+00:00,17.18000030517578,17.219999313354492,17.079999923706055,17.110000610351562
2025-10-24 12:00:00+00:00,17.170000076293945,17.18000030517578,16.389999389648438,16.700000762939453
2025-10-24 13:00:00+00:00,16.739999771118164,16.739999771118164,16.020000457763672,16.469999313354492
2025-10-24 14:00:00+00:00,16.540000915527344,16.68000030517578,16.020000457763672,16.559999465942383
2025-10-24 15:00:00+00:00,16.549999237060547,16.68000030517578,16.3700008392334,16.610000610351562
2025-10-24 16:00:00+00:00,16.459999084472656,16.81999969482422,16.440000534057617,16.549999237060547
2025-10-24 17:00:00+00:00,16.739999771118164,16.81999969482422,16.329999923706055,16.399999618530273
2025-10-24 18:00:00+00:00,16.440000534057617,16.459999084472656,16.309999465942383,16.329999923706055
2025-10-24 19:00:00+00:00,16.3700008392334,16.450000762939453,16.260000228881836,16.40999984741211
2025-10-24 20:00:00+00:00,16.3700008392334,16.440000534057617,16.329999923706055,16.360000610351562
2025-10-27 07:00:00+00:00,15.729999542236328,15.779999732971191,15.699999809265137,15.779999732971191
2025-10-27 08:00:00+00:00,15.710000038146973,15.819999694824219,15.699999809265137,15.720000267028809
2025-10-27 09:00:00+00:00,15.770000457763672,15.789999961853027,15.670000076293945,15.680000305175781
2025-10-27 10:00:00+00:00,15.770000457763672,15.770000457763672,15.640000343322754,15.720000267028809
2025-10-27 11:00:00+00:00,15.640000343322754,15.739999771118164,15.619999885559082,15.670000076293945
2025-10-27 12:00:00+00:00,15.65999984741211,15.720000267028809,15.619999885559082,15.680000305175781
2025-10-27 13:00:00+00:00,15.6899995803833,15.90999984741211,15.619999885559082,15.720000267028809
2025-10-27 14:00:00+00:00,15.649999618530273,16.030000686645508,15.619999885559082,16.030000686645508
2025-10-27 15:00:00+00:00,15.9399995803833,16.06999969482422,15.899999618530273,15.979999542236328
2025-10-27 16:00:00+00:00,15.970000267028809,16.049999237060547,15.949999809265137,15.989999771118164
2025-10-27 17:00:00+00:00,15.979999542236328,16.049999237060547,15.949999809265137,15.989999771118164
2025-10-27 18:00:00+00:00,16.020000457763672,16.030000686645508,15.930000305175781,15.970000267028809
2025-10-27 19:00:00+00:00,15.970000267028809,16.0,15.779999732971191,15.800000190734863
2025-10-27 20:00:00+00:00,15.8100004196167,15.819999694824219,15.739999771118164,15.789999961853027
2025-10-28 07:00:00+00:00,15.949999809265137,15.960000038146973,15.890000343322754,15.949999809265137
2025-10-28 08:00:00+00:00,15.899999618530273,15.960000038146973,15.84000015258789,15.850000381469727
2025-10-28 09:00:00+00:00,15.9399995803833,15.949999809265137,15.829999923706055,15.869999885559082
2025-10-28 10:00:00+00:00,15.899999618530273,15.90999984741211,15.859999656677246,15.880000114440918
2025-10-28 11:00:00+00:00,15.859999656677246,15.899999618530273,15.819999694824219,15.829999923706055
2025-10-28 12:00:00+00:00,15.850000381469727,15.869999885559082,15.760000228881836,15.84000015258789
2025-10-28 13:00:00+00:00,15.84000015258789,16.239999771118164,15.65999984741211,16.209999084472656
2025-10-28 14:00:00+00:00,15.729999542236328,16.239999771118164,15.699999809265137,16.1200008392334
2025-10-28 15:00:00+00:00,16.06999969482422,16.329999923706055,16.040000915527344,16.25
2025-10-28 16:00:00+00:00,16.209999084472656,16.329999923706055,16.030000686645508,16.06999969482422
2025-10-28 17:00:00+00:00,16.139999389648438,16.219999313354492,15.989999771118164,16.219999313354492
2025-10-28 18:00:00+00:00,16.170000076293945,16.329999923706055,16.1299991607666,16.280000686645508
2025-10-28 19:00:00+00:00,16.309999465942383,16.549999237060547,16.270000457763672,16.420000076293945
2025-10-28 20:00:00+00:00,16.40999984741211,16.459999084472656,16.3700008392334,16.43000030517578
2025-10-29 07:00:00+00:00,16.34000015258789,16.350000381469727,16.299999237060547,16.299999237060547
2025-10-29 08:00:00+00:00,16.31999969482422,16.360000610351562,16.260000228881836,16.329999923706055
2025-10-29 09:00:00+00:00,16.309999465942383,16.360000610351562,16.290000915527344,16.360000610351562
2025-10-29 10:00:00+00:00,16.350000381469727,16.389999389648438,16.290000915527344,16.389999389648438
2025-10-29 11:00:00+00:00,16.350000381469727,16.40999984741211,16.299999237060547,16.329999923706055
2025-10-29 12:00:00+00:00,16.350000381469727,16.450000762939453,16.299999237060547,16.450000762939453
2025-10-29 13:00:00+00:00,16.40999984741211,16.8799991607666,16.399999618530273,16.8799991607666
2025-10-29 14:00:00+00:00,16.530000686645508,17.020000457763672,16.510000228881836,16.829999923706055
2025-10-29 15:00:00+00:00,16.93000030517578,16.969999313354492,16.59000015258789,16.649999618530273
2025-10-29 16:00:00+00:00,16.6299991607666,16.719999313354492,16.56999969482422,16.700000762939453
2025-10-29 17:00:00+00:00,16.59000015258789,16.90999984741211,16.59000015258789,16.790000915527344
2025-10-29 18:00:00+00:00,16.8700008392334,17.579999923706055,16.530000686645508,16.670000076293945
2025-10-29 19:00:00+00:00,16.729999542236328,17.579999923706055,16.520000457763672,17.110000610351562
2025-10-29 20:00:00+00:00,17.040000915527344,17.1299991607666,16.68000030517578,16.93000030517578
2025-10-30 07:00:00+00:00,16.260000228881836,16.34000015258789,16.020000457763672,16.020000457763672
2025-10-30 08:00:00+00:00,16.299999237060547,16.299999237060547,15.880000114440918,15.920000076293945
2025-10-30 09:00:00+00:00,15.970000267028809,16.329999923706055,15.84000015258789,16.309999465942383
2025-10-30 10:00:00+00:00,16.040000915527344,16.329999923706055,16.010000228881836,16.059999465942383
2025-10-30 11:00:00+00:00,16.200000762939453,16.200000762939453,15.729999542236328,15.850000381469727
2025-10-30 12:00:00+00:00,15.850000381469727,16.670000076293945,15.729999542236328,16.670000076293945
2025-10-30 13:00:00+00:00,16.350000381469727,17.110000610351562,16.239999771118164,16.719999313354492
2025-10-30 14:00:00+00:00,16.790000915527344,17.170000076293945,16.399999618530273,16.829999923706055
2025-10-30 15:00:00+00:00,17.170000076293945,17.170000076293945,16.43000030517578,16.889999389648438
2025-10-30 16:00:00+00:00,16.559999465942383,16.940000534057617,16.3799991607666,16.3799991607666
2025-10-30 17:00:00+00:00,16.479999542236328,16.770000457763672,16.190000534057617,16.219999313354492
2025-10-30 18:00:00+00:00,16.31999969482422,16.75,16.190000534057617,16.690000534057617
2025-10-30 19:00:00+00:00,16.530000686645508,17.40999984741211,16.43000030517578,17.350000381469727
2025-10-30 20:00:00+00:00,17.360000610351562,17.389999389648438,16.8799991607666,16.920000076293945
2025-10-31 07:00:00+00:00,16.43000030517578,16.43000030517578,16.1299991607666,16.139999389648438
2025-10-31 08:00:00+00:00,16.3700008392334,16.3700008392334,16.1200008392334,16.149999618530273
2025-10-31 09:00:00+00:00,16.190000534057617,16.209999084472656,16.110000610351562,16.170000076293945
2025-10-31 10:00:00+00:00,16.15999984741211,16.270000457763672,16.110000610351562,16.200000762939453
2025-10-31 11:00:00+00:00,16.239999771118164,16.25,16.010000228881836,16.100000381469727
2025-10-31 12:00:00+00:00,16.09000015258789,16.280000686645508,15.960000038146973,16.239999771118164
2025-10-31 13:00:00+00:00,16.0,16.850000381469727,16.0,16.75
2025-10-31 14:00:00+00:00,16.25,17.059999465942383,16.25,16.93000030517578
2025-10-31 15:00:00+00:00,16.90999984741211,17.690000534057617,16.729999542236328,17.6299991607666
2025-10-31 16:00:00+00:00,17.329999923706055,18.15999984741211,17.270000457763672,18.1200008392334
2025-10-31 17:00:00+00:00,17.6299991607666,18.540000915527344,17.520000457763672,18.030000686645508
2025-10-31 18:00:00+00:00,18.290000915527344,18.3799991607666,17.479999542236328,17.479999542236328
2025-10-31 19:00:00+00:00,17.540000915527344,17.65999984741211,17.18000030517578,17.299999237060547
2025-10-31 20:00:00+00:00,17.31999969482422,17.469999313354492,17.31999969482422,17.440000534057617
2025-11-03 08:00:00+00:00,18.059999465942383,18.100000381469727,17.899999618530273,17.989999771118164
2025-11-03 09:00:00+00:00,18.030000686645508,18.049999237060547,17.709999084472656,17.790000915527344
2025-11-03 10:00:00+00:00,17.729999542236328,17.809999465942383,17.639999389648438,17.690000534057617
2025-11-03 11:00:00+00:00,17.729999542236328,17.75,17.479999542236328,17.479999542236328
2025-11-03 12:00:00+00:00,17.549999237060547,17.559999465942383,17.3700008392334,17.469999313354492
2025-11-03 13:00:00+00:00,17.450000762939453,17.6299991607666,17.3700008392334,17.489999771118164
2025-11-03 14:00:00+00:00,17.559999465942383,18.1299991607666,17.31999969482422,18.1200008392334
2025-11-03 15:00:00+00:00,17.420000076293945,18.829999923706055,17.31999969482422,18.190000534057617
2025-11-03 16:00:00+00:00,18.729999542236328,18.829999923706055,17.59000015258789,17.59000015258789
2025-11-03 17:00:00+00:00,18.18000030517578,18.18000030517578,17.290000915527344,17.290000915527344
2025-11-03 18:00:00+00:00,17.6299991607666,17.6299991607666,17.0,17.149999618530273
2025-11-03 19:00:00+00:00,17.1299991607666,17.389999389648438,17.0,17.15999984741211
2025-11-03 20:00:00+00:00,17.260000228881836,17.389999389648438,17.1299991607666,17.290000915527344
2025-11-03 21:00:00+00:00,17.200000762939453,17.219999313354492,17.1200008392334,17.18000030517578
2025-11-04 08:00:00+00:00,19.729999542236328,19.739999771118164,19.34000015258789,19.489999771118164
2025-11-04 09:00:00+00:00,19.479999542236328,20.219999313354492,19.350000381469727,20.200000762939453
2025-11-04 10:00:00+00:00,19.6299991607666,20.479999542236328,19.530000686645508,19.540000915527344
2025-11-04 11:00:00+00:00,20.09000015258789,20.100000381469727,19.1299991607666,19.209999084472656
2025-11-04 12:00:00+00:00,19.399999618530273,19.489999771118164,19.100000381469727,19.170000076293945
2025-11-04 13:00:00+00:00,19.149999618530273,19.40999984741211,19.100000381469727,19.219999313354492
2025-11-04 14:00:00+00:00,19.299999237060547,19.440000534057617,18.229999542236328,18.229999542236328
2025-11-04 15:00:00+00:00,18.979999542236328,19.440000534057617,17.899999618530273,18.260000228881836
2025-11-04 16:00:00+00:00,18.040000915527344,18.34000015258789,17.899999618530273,18.049999237060547
2025-11-04 17:00:00+00:00,18.18000030517578,18.93000030517578,18.020000457763672,18.8700008392334
2025-11-04 18:00:00+00:00,18.540000915527344,19.260000228881836,18.520000457763672,18.829999923706055
2025-11-04 19:00:00+00:00,19.100000381469727,19.260000228881836,18.489999771118164,18.8799991607666
2025-11-04 20:00:00+00:00,18.520000457763672,18.979999542236328,18.43000030517578,18.940000534057617
2025-11-04 21:00:00+00:00,18.93000030517578,19.049999237060547,18.829999923706055,19.030000686645508
2025-11-05 08:00:00+00:00,19.3700008392334,19.520000457763672,19.290000915527344,19.3700008392334
2025-11-05 09:00:00+00:00,19.43000030517578,19.6200008392334,19.229999542236328,19.440000534057617
2025-11-05 10:00:00+00:00,19.420000076293945,19.969999313354492,19.3700008392334,19.969999313354492
2025-11-05 11:00:00+00:00,19.540000915527344,20.020000457763672,19.489999771118164,19.56999969482422
2025-11-05 12:00:00+00:00,19.709999084472656,19.760000228881836,19.360000610351562,19.389999389648438
2025-11-05 13:00:00+00:00,19.489999771118164,19.520000457763672,18.920000076293945,18.93000030517578
2025-11-05 14:00:00+00:00,19.239999771118164,19.290000915527344,18.15999984741211,18.190000534057617
2025-11-05 15:00:00+00:00,19.059999465942383,19.190000534057617,17.639999389648438,17.84000015258789
2025-11-05 16:00:00+00:00,17.860000610351562,18.149999618530273,17.350000381469727,17.399999618530273
2025-11-05 17:00:00+00:00,17.790000915527344,17.799999237060547,17.309999465942383,17.489999771118164
2025-11-05 18:00:00+00:00,17.360000610351562,17.520000457763672,17.309999465942383,17.440000534057617
2025-11-05 19:00:00+00:00,17.459999084472656,17.59000015258789,17.31999969482422,17.34000015258789
2025-11-05 20:00:00+00:00,17.420000076293945,17.8799991607666,17.309999465942383,17.860000610351562
2025-11-05 21:00:00+00:00,17.829999923706055,18.020000457763672,17.790000915527344,18.0
2025-11-06 08:00:00+00:00,18.360000610351562,18.5,18.299999237060547,18.31999969482422
2025-11-06 09:00:00+00:00,18.440000534057617,18.5,18.049999237060547,18.1200008392334
2025-11-06 10:00:00+00:00,18.100000381469727,18.149999618530273,17.920000076293945,17.979999542236328
2025-11-06 11:00:00+00:00,17.959999084472656,18.020000457763672,17.8799991607666,17.950000762939453
2025-11-06 12:00:00+00:00,17.940000534057617,18.0,17.770000457763672,17.81999969482422
2025-11-06 13:00:00+00:00,17.860000610351562,17.860000610351562,17.639999389648438,17.850000381469727
2025-11-06 14:00:00+00:00,17.68000030517578,18.8799991607666,17.639999389648438,18.8799991607666
2025-11-06 15:00:00+00:00,18.360000610351562,20.040000915527344,18.190000534057617,20.040000915527344
2025-11-06 16:00:00+00:00,18.850000381469727,20.270000457763672,18.850000381469727,20.239999771118164
2025-11-06 17:00:00+00:00,19.59000015258789,20.309999465942383,19.360000610351562,19.489999771118164
2025-11-06 18:00:00+00:00,20.040000915527344,20.079999923706055,19.309999465942383,19.440000534057617
2025-11-06 19:00:00+00:00,19.59000015258789,19.59000015258789,18.84000015258789,19.040000915527344
2025-11-06 20:00:00+00:00,18.889999389648438,19.829999923706055,18.84000015258789,19.799999237060547
2025-11-06 21:00:00+00:00,19.690000534057617,19.690000534057617,19.520000457763672,19.520000457763672
2025-11-07 08:00:00+00:00,19.520000457763672,19.84000015258789,19.5,19.700000762939453
2025-11-07 09:00:00+00:00,19.739999771118164,20.030000686645508,19.649999618530273,19.950000762939453
2025-11-07 10:00:00+00:00,19.8700008392334,20.309999465942383,19.84000015258789,20.1299991607666
2025-11-07 11:00:00+00:00,20.18000030517578,20.81999969482422,20.049999237060547,20.229999542236328
2025-11-07 12:00:00+00:00,20.610000610351562,20.8799991607666,20.209999084472656,20.700000762939453
2025-11-07 13:00:00+00:00,20.450000762939453,20.8799991607666,20.329999923706055,20.420000076293945
2025-11-07 14:00:00+00:00,20.610000610351562,21.579999923706055,20.329999923706055,20.84000015258789
2025-11-07 15:00:00+00:00,20.850000381469727,21.579999923706055,20.549999237060547,21.559999465942383
2025-11-07 16:00:00+00:00,20.8700008392334,22.530000686645508,20.809999465942383,22.399999618530273
2025-11-07 17:00:00+00:00,22.040000915527344,22.719999313354492,21.600000381469727,21.850000381469727
2025-11-07 18:00:00+00:00,21.770000457763672,22.350000381469727,20.780000686645508,20.829999923706055
2025-11-07 19:00:00+00:00,21.110000610351562,21.360000610351562,19.920000076293945,19.920000076293945
2025-11-07 20:00:00+00:00,20.59000015258789,20.59000015258789,19.25,19.25
2025-11-07 21:00:00+00:00,19.219999313354492,19.25,19.100000381469727,19.100000381469727
2025-11-10 08:00:00+00:00,18.579999923706055,18.68000030517578,18.540000915527344,18.639999389648438
2025-11-10 09:00:00+00:00,18.59000015258789,18.700000762939453,18.540000915527344,18.639999389648438
2025-11-10 10:00:00+00:00,18.649999618530273,18.770000457763672,18.6200008392334,18.770000457763672
2025-11-10 11:00:00+00:00,18.729999542236328,18.81999969482422,18.639999389648438,18.639999389648438
2025-11-10 12:00:00+00:00,18.799999237060547,18.799999237060547,18.450000762939453,18.469999313354492
2025-11-10 13:00:00+00:00,18.610000610351562,18.610000610351562,18.31999969482422,18.329999923706055
2025-11-10 14:00:00+00:00,18.40999984741211,18.459999084472656,17.93000030517578,18.030000686645508
2025-11-10 15:00:00+00:00,18.18000030517578,18.530000686645508,17.899999618530273,18.520000457763672
2025-11-10 16:00:00+00:00,17.950000762939453,18.6299991607666,17.93000030517578,18.190000534057617
2025-11-10 17:00:00+00:00,18.549999237060547,18.549999237060547,17.75,17.770000457763672
2025-11-10 18:00:00+00:00,17.979999542236328,17.979999542236328,17.729999542236328,17.809999465942383
2025-11-10 19:00:00+00:00,17.84000015258789,17.84000015258789,17.639999389648438,17.760000228881836
2025-11-10 20:00:00+00:00,17.700000762939453,17.940000534057617,17.639999389648438,17.729999542236328
2025-11-10 21:00:00+00:00,17.719999313354492,17.719999313354492,17.600000381469727,17.600000381469727
2025-11-11 08:00:00+00:00,17.899999618530273,17.959999084472656,17.8700008392334,17.950000762939453
2025-11-11 09:00:00+00:00,17.940000534057617,17.979999542236328,17.90999984741211,17.979999542236328
2025-11-11 10:00:00+00:00,17.920000076293945,18.010000228881836,17.90999984741211,17.959999084472656
2025-11-11 11:00:00+00:00,17.950000762939453,17.979999542236328,17.860000610351562,17.899999618530273
2025-11-11 12:00:00+00:00,17.889999389648438,17.989999771118164,17.860000610351562,17.969999313354492
2025-11-11 13:00:00+00:00,17.90999984741211,18.010000228881836,17.8700008392334,17.889999389648438
2025-11-11 14:00:00+00:00,17.989999771118164,17.989999771118164,17.520000457763672,17.520000457763672
2025-11-11 15:00:00+00:00,17.639999389648438,17.93000030517578,17.520000457763672,17.899999618530273
2025-11-11 16:00:00+00:00,17.75,17.93000030517578,17.579999923706055,17.709999084472656
2025-11-11 17:00:00+00:00,17.790000915527344,17.860000610351562,17.489999771118164,17.6200008392334
2025-11-11 18:00:00+00:00,17.579999923706055,17.68000030517578,17.3700008392334,17.389999389648438
2025-11-11 19:00:00+00:00,17.520000457763672,17.56999969482422,17.270000457763672,17.280000686645508
2025-11-11 20:00:00+00:00,17.389999389648438,17.420000076293945,17.25,17.299999237060547
2025-11-11 21:00:00+00:00,17.260000228881836,17.34000015258789,17.25,17.280000686645508
2025-11-12 08:00:00+00:00,17.209999084472656,17.209999084472656,17.1200008392334,17.170000076293945
2025-11-12 09:00:00+00:00,17.149999618530273,17.209999084472656,17.1200008392334,17.170000076293945
2025-11-12 10:00:00+00:00,17.18000030517578,17.25,17.149999618530273,17.219999313354492
2025-11-12 11:00:00+00:00,17.200000762939453,17.280000686645508,17.18000030517578,17.25
2025-11-12 12:00:00+00:00,17.270000457763672,17.280000686645508,17.100000381469727,17.149999618530273
2025-11-12 13:00:00+00:00,17.110000610351562,17.18000030517578,17.100000381469727,17.110000610351562
2025-11-12 14:00:00+00:00,17.15999984741211,17.65999984741211,17.110000610351562,17.489999771118164
2025-11-12 15:00:00+00:00,17.290000915527344,17.84000015258789,17.219999313354492,17.770000457763672
2025-11-12 16:00:00+00:00,17.510000228881836,18.059999465942383,17.510000228881836,17.940000534057617
2025-11-12 17:00:00+00:00,17.760000228881836,18.059999465942383,17.469999313354492,17.579999923706055
2025-11-12 18:00:00+00:00,17.780000686645508,17.780000686645508,17.3700008392334,17.469999313354492
2025-11-12 19:00:00+00:00,17.610000610351562,17.6200008392334,17.3700008392334,17.479999542236328
2025-11-12 20:00:00+00:00,17.56999969482422,17.65999984741211,17.440000534057617,17.530000686645508
2025-11-12 21:00:00+00:00,17.5,17.540000915527344,17.479999542236328,17.520000457763672
2025-11-13 08:00:00+00:00,17.610000610351562,17.6299991607666,17.510000228881836,17.520000457763672
2025-11-13 09:00:00+00:00,17.56999969482422,18.059999465942383,17.510000228881836,17.8799991607666
2025-11-13 10:00:00+00:00,17.989999771118164,18.059999465942383,17.649999618530273,17.709999084472656
2025-11-13 11:00:00+00:00,17.729999542236328,17.959999084472656,17.6200008392334,17.790000915527344
2025-11-13 12:00:00+00:00,17.829999923706055,17.959999084472656,17.700000762939453,17.799999237060547
2025-11-13 13:00:00+00:00,17.850000381469727,18.079999923706055,17.700000762939453,18.06999969482422
2025-11-13 14:00:00+00:00,17.8799991607666,18.68000030517578,17.8700008392334,18.329999923706055
2025-11-13 15:00:00+00:00,18.190000534057617,19.1299991607666,17.959999084472656,18.920000076293945
2025-11-13 16:00:00+00:00,18.34000015258789,19.450000762939453,18.34000015258789,19.34000015258789
2025-11-13 17:00:00+00:00,19.06999969482422,19.700000762939453,18.940000534057617,19.68000030517578
2025-11-13 18:00:00+00:00,19.100000381469727,21.1299991607666,18.969999313354492,20.670000076293945
2025-11-13 19:00:00+00:00,20.59000015258789,21.260000228881836,20.479999542236328,21.020000457763672
2025-11-13 20:00:00+00:00,20.520000457763672,21.309999465942383,20.479999542236328,20.540000915527344
2025-11-13 21:00:00+00:00,20.489999771118164,20.489999771118164,20.020000457763672,20.020000457763672
2025-11-14 08:00:00+00:00,21.329999923706055,21.600000381469727,21.09000015258789,21.110000610351562
2025-11-14 09:00:00+00:00,21.43000030517578,21.600000381469727,20.8799991607666,21.34000015258789
2025-11-14 10:00:00+00:00,21.170000076293945,21.399999618530273,21.030000686645508,21.15999984741211
2025-11-14 11:00:00+00:00,21.149999618530273,22.149999618530273,21.030000686645508,21.790000915527344
2025-11-14 12:00:00+00:00,21.760000228881836,22.6299991607666,21.719999313354492,22.329999923706055
2025-11-14 13:00:00+00:00,22.040000915527344,22.829999923706055,22.030000686645508,22.420000076293945
2025-11-14 14:00:00+00:00,22.510000228881836,23.030000686645508,21.40999984741211,21.559999465942383
2025-11-14 15:00:00+00:00,22.43000030517578,23.030000686645508,20.350000381469727,20.530000686645508
2025-11-14 16:00:00+00:00,21.239999771118164,21.34000015258789,19.850000381469727,19.860000610351562
2025-11-14 17:00:00+00:00,20.010000228881836,20.270000457763672,19.559999465942383,20.139999389648438
2025-11-14 18:00:00+00:00,19.739999771118164,20.770000457763672,19.559999465942383,20.5
2025-11-14 19:00:00+00:00,20.3799991607666,20.780000686645508,19.6299991607666,19.6299991607666
2025-11-14 20:00:00+00:00,20.110000610351562,20.350000381469727,19.559999465942383,20.15999984741211
2025-11-14 21:00:00+00:00,20.030000686645508,20.139999389648438,19.81999969482422,19.829999923706055
2025-11-17 08:00:00+00:00,19.579999923706055,19.65999984741211,19.540000915527344,19.59000015258789
2025-11-17 09:00:00+00:00,19.649999618530273,19.979999542236328,19.540000915527344,19.899999618530273
2025-11-17 10:00:00+00:00,19.790000915527344,20.549999237060547,19.760000228881836,20.479999542236328
2025-11-17 11:00:00+00:00,20.260000228881836,20.59000015258789,20.219999313354492,20.399999618530273
2025-11-17 12:00:00+00:00,20.420000076293945,20.739999771118164,20.299999237060547,20.690000534057617
2025-11-17 13:00:00+00:00,20.579999923706055,21.190000534057617,20.56999969482422,20.860000610351562
2025-11-17 14:00:00+00:00,20.809999465942383,21.209999084472656,20.09000015258789,20.389999389648438
2025-11-17 15:00:00+00:00,21.209999084472656,21.209999084472656,20.09000015258789,20.920000076293945
2025-11-17 16:00:00+00:00,20.6200008392334,21.690000534057617,20.43000030517578,20.43000030517578
2025-11-17 17:00:00+00:00,21.020000457763672,21.510000228881836,20.43000030517578,21.510000228881836
2025-11-17 18:00:00+00:00,20.700000762939453,22.280000686645508,20.670000076293945,22.239999771118164
2025-11-17 19:00:00+00:00,21.6200008392334,23.170000076293945,21.40999984741211,23.170000076293945
2025-11-17 20:00:00+00:00,22.190000534057617,23.440000534057617,22.100000381469727,22.5
2025-11-17 21:00:00+00:00,22.450000762939453,22.450000762939453,22.329999923706055,22.3799991607666
2025-11-18 08:00:00+00:00,23.540000915527344,23.649999618530273,22.979999542236328,23.229999542236328
2025-11-18 09:00:00+00:00,23.5,23.5,22.979999542236328,23.030000686645508
2025-11-18 10:00:00+00:00,23.280000686645508,23.420000076293945,23.0,23.030000686645508
2025-11-18 11:00:00+00:00,23.270000457763672,23.3700008392334,23.0,23.09000015258789
2025-11-18 12:00:00+00:00,23.229999542236328,23.90999984741211,23.079999923706055,23.760000228881836
2025-11-18 13:00:00+00:00,23.530000686645508,23.90999984741211,23.350000381469727,23.719999313354492
2025-11-18 14:00:00+00:00,23.690000534057617,25.09000015258789,23.40999984741211,25.09000015258789
2025-11-18 15:00:00+00:00,23.739999771118164,25.709999084472656,23.40999984741211,25.350000381469727
2025-11-18 16:00:00+00:00,24.899999618530273,25.84000015258789,23.530000686645508,23.81999969482422
2025-11-18 17:00:00+00:00,23.690000534057617,24.969999313354492,23.209999084472656,23.34000015258789
2025-11-18 18:00:00+00:00,24.719999313354492,24.969999313354492,22.90999984741211,23.459999084472656
2025-11-18 19:00:00+00:00,23.479999542236328,23.59000015258789,22.90999984741211,23.049999237060547
2025-11-18 20:00:00+00:00,23.450000762939453,24.31999969482422,22.959999084472656,24.239999771118164
2025-11-18 21:00:00+00:00,24.290000915527344,24.729999542236328,24.290000915527344,24.670000076293945
2025-11-19 08:00:00+00:00,24.520000457763672,24.559999465942383,24.209999084472656,24.559999465942383
2025-11-19 09:00:00+00:00,24.219999313354492,24.610000610351562,23.950000762939453,23.959999084472656
2025-11-19 10:00:00+00:00,24.329999923706055,24.3799991607666,23.780000686645508,23.809999465942383
2025-11-19 11:00:00+00:00,23.84000015258789,23.940000534057617,23.719999313354492,23.920000076293945
2025-11-19 12:00:00+00:00,23.770000457763672,24.020000457763672,23.719999313354492,23.829999923706055
2025-11-19 13:00:00+00:00,23.860000610351562,24.049999237060547,23.719999313354492,23.950000762939453
2025-11-19 14:00:00+00:00,23.84000015258789,24.190000534057617,22.43000030517578,22.43000030517578
2025-11-19 15:00:00+00:00,23.950000762939453,24.040000915527344,21.93000030517578,23.809999465942383
2025-11-19 16:00:00+00:00,22.3700008392334,24.15999984741211,22.329999923706055,23.729999542236328
2025-11-19 17:00:00+00:00,23.770000457763672,24.790000915527344,23.530000686645508,23.8799991607666
2025-11-19 18:00:00+00:00,24.149999618530273,24.790000915527344,23.200000762939453,23.399999618530273
2025-11-19 19:00:00+00:00,23.780000686645508,24.329999923706055,23.200000762939453,23.81999969482422
2025-11-19 20:00:00+00:00,24.209999084472656,24.329999923706055,23.030000686645508,23.510000228881836
2025-11-19 21:00:00+00:00,23.559999465942383,23.860000610351562,23.549999237060547,23.690000534057617
2025-11-20 08:00:00+00:00,20.780000686645508,20.81999969482422,20.579999923706055,20.760000228881836
2025-11-20 09:00:00+00:00,20.75,21.15999984741211,20.579999923706055,21.110000610351562
2025-11-20 10:00:00+00:00,21.030000686645508,21.209999084472656,20.68000030517578,20.690000534057617
2025-11-20 11:00:00+00:00,20.860000610351562,21.049999237060547,20.68000030517578,20.8700008392334
2025-11-20 12:00:00+00:00,21.030000686645508,21.030000686645508,20.579999923706055,20.600000381469727
2025-11-20 13:00:00+00:00,20.920000076293945,20.920000076293945,19.649999618530273,19.729999542236328
2025-11-20 14:00:00+00:00,20.469999313354492,20.469999313354492,19.280000686645508,19.540000915527344
2025-11-20 15:00:00+00:00,19.5,20.459999084472656,19.280000686645508,20.459999084472656
2025-11-20 16:00:00+00:00,19.700000762939453,25.719999313354492,19.65999984741211,25.709999084472656
2025-11-20 17:00:00+00:00,21.84000015258789,28.270000457763672,21.84000015258789,26.09000015258789
2025-11-20 18:00:00+00:00,26.520000457763672,27.84000015258789,23.84000015258789,26.920000076293945
2025-11-20 19:00:00+00:00,25.020000457763672,27.5,24.850000381469727,24.850000381469727
2025-11-20 20:00:00+00:00,25.56999969482422,27.100000381469727,24.84000015258789,26.360000610351562
2025-11-20 21:00:00+00:00,26.360000610351562,26.530000686645508,26.260000228881836,26.389999389648438
2025-11-21 08:00:00+00:00,25.969999313354492,26.299999237060547,25.479999542236328,25.489999771118164
2025-11-21 09:00:00+00:00,25.969999313354492,26.520000457763672,25.34000015258789,26.520000457763672
2025-11-21 10:00:00+00:00,25.739999771118164,27.84000015258789,25.690000534057617,26.68000030517578
2025-11-21 11:00:00+00:00,27.829999923706055,27.829999923706055,26.31999969482422,26.959999084472656
2025-11-21 12:00:00+00:00,26.579999923706055,27.6200008392334,25.56999969482422,25.780000686645508
2025-11-21 13:00:00+00:00,27.559999465942383,27.559999465942383,25.110000610351562,25.200000762939453
2025-11-21 14:00:00+00:00,25.59000015258789,26.15999984741211,25.059999465942383,25.90999984741211
2025-11-21 15:00:00+00:00,25.209999084472656,27.540000915527344,25.059999465942383,26.579999923706055
2025-11-21 16:00:00+00:00,26.790000915527344,27.540000915527344,24.229999542236328,24.270000457763672
2025-11-21 17:00:00+00:00,25.309999465942383,25.520000457763672,23.75,23.979999542236328
2025-11-21 18:00:00+00:00,24.260000228881836,24.81999969482422,22.790000915527344,23.09000015258789
2025-11-21 19:00:00+00:00,24.239999771118164,24.239999771118164,22.540000915527344,23.270000457763672
2025-11-21 20:00:00+00:00,22.59000015258789,23.829999923706055,22.549999237060547,23.739999771118164
2025-11-21 21:00:00+00:00,23.6299991607666,23.6299991607666,23.360000610351562,23.469999313354492
2025-11-24 08:00:00+00:00,22.690000534057617,22.690000534057617,22.43000030517578,22.579999923706055
2025-11-24 09:00:00+00:00,22.489999771118164,23.68000030517578,22.450000762939453,23.34000015258789
2025-11-24 10:00:00+00:00,23.68000030517578,23.68000030517578,23.209999084472656,23.43000030517578
2025-11-24 11:00:00+00:00,23.520000457763672,23.639999389648438,23.149999618530273,23.149999618530273
2025-11-24 12:00:00+00:00,23.479999542236328,23.5,22.729999542236328,22.75
2025-11-24 13:00:00+00:00,22.940000534057617,22.979999542236328,22.440000534057617,22.790000915527344
2025-11-24 14:00:00+00:00,22.469999313354492,22.809999465942383,21.700000762939453,22.200000762939453
2025-11-24 15:00:00+00:00,22.450000762939453,22.700000762939453,21.020000457763672,21.329999923706055
2025-11-24 16:00:00+00:00,21.309999465942383,21.440000534057617,20.93000030517578,21.239999771118164
2025-11-24 17:00:00+00:00,21.190000534057617,21.34000015258789,20.770000457763672,20.8799991607666
2025-11-24 18:00:00+00:00,20.969999313354492,21.0,20.68000030517578,20.760000228881836
2025-11-24 19:00:00+00:00,20.809999465942383,20.90999984741211,20.549999237060547,20.889999389648438
2025-11-24 20:00:00+00:00,20.690000534057617,20.90999984741211,20.40999984741211,20.59000015258789
2025-11-24 21:00:00+00:00,20.6299991607666,20.65999984741211,20.479999542236328,20.510000228881836
2025-11-25 08:00:00+00:00,20.549999237060547,20.68000030517578,20.420000076293945,20.6299991607666
2025-11-25 09:00:00+00:00,20.450000762939453,20.809999465942383,20.440000534057617,20.690000534057617
2025-11-25 10:00:00+00:00,20.75,20.809999465942383,20.520000457763672,20.540000915527344
2025-11-25 11:00:00+00:00,20.68000030517578,20.780000686645508,20.520000457763672,20.549999237060547
2025-11-25 12:00:00+00:00,20.610000610351562,20.670000076293945,19.950000762939453,20.260000228881836
2025-11-25 13:00:00+00:00,20.31999969482422,20.459999084472656,19.950000762939453,20.100000381469727
2025-11-25 14:00:00+00:00,19.969999313354492,21.770000457763672,19.950000762939453,20.43000030517578
2025-11-25 15:00:00+00:00,20.290000915527344,21.770000457763672,19.729999542236328,19.989999771118164
2025-11-25 16:00:00+00:00,20.43000030517578,20.43000030517578,19.25,19.309999465942383
2025-11-25 17:00:00+00:00,19.540000915527344,19.559999465942383,19.010000228881836,19.25
2025-11-25 18:00:00+00:00,19.09000015258789,19.25,18.8700008392334,18.940000534057617
2025-11-25 19:00:00+00:00,19.040000915527344,19.149999618530273,18.75,18.760000228881836
2025-11-25 20:00:00+00:00,19.030000686645508,19.139999389648438,18.389999389648438,18.56999969482422
2025-11-25 21:00:00+00:00,18.610000610351562,18.6200008392334,18.540000915527344,18.549999237060547
2025-11-26 08:00:00+00:00,18.25,18.260000228881836,18.149999618530273,18.25
2025-11-26 09:00:00+00:00,18.209999084472656,18.389999389648438,18.149999618530273,18.3799991607666
2025-11-26 10:00:00+00:00,18.3700008392334,18.420000076293945,18.280000686645508,18.34000015258789
2025-11-26 11:00:00+00:00,18.3700008392334,18.469999313354492,18.280000686645508,18.459999084472656
2025-11-26 12:00:00+00:00,18.360000610351562,18.700000762939453,18.229999542236328,18.229999542236328
2025-11-26 13:00:00+00:00,18.540000915527344,18.56999969482422,18.040000915527344,18.059999465942383
2025-11-26 14:00:00+00:00,18.229999542236328,18.229999542236328,17.65999984741211,18.030000686645508
2025-11-26 15:00:00+00:00,17.860000610351562,18.110000610351562,17.56999969482422,17.56999969482422
2025-11-26 16:00:00+00:00,17.84000015258789,17.84000015258789,17.360000610351562,17.440000534057617
2025-11-26 17:00:00+00:00,17.520000457763672,17.540000915527344,17.299999237060547,17.389999389648438
2025-11-26 18:00:00+00:00,17.389999389648438,17.68000030517578,17.219999313354492,17.290000915527344
2025-11-26 19:00:00+00:00,17.260000228881836,17.5,16.93000030517578,17.09000015258789
2025-11-26 20:00:00+00:00,16.989999771118164,17.25,16.93000030517578,17.25
2025-11-26 21:00:00+00:00,17.290000915527344,17.290000915527344,17.1200008392334,17.200000762939453
2025-11-27 08:00:00+00:00,17.219999313354492,17.219999313354492,17.1299991607666,17.15999984741211
2025-11-27 09:00:00+00:00,17.18000030517578,17.200000762939453,17.079999923706055,17.110000610351562
2025-11-27 10:00:00+00:00,17.100000381469727,17.170000076293945,17.079999923706055,17.100000381469727
2025-11-27 11:00:00+00:00,17.1200008392334,17.139999389648438,17.079999923706055,17.100000381469727
2025-11-27 12:00:00+00:00,17.110000610351562,17.139999389648438,17.049999237060547,17.1299991607666
2025-11-27 13:00:00+00:00,17.110000610351562,17.190000534057617,17.100000381469727,17.18000030517578
2025-11-27 14:00:00+00:00,17.15999984741211,17.350000381469727,17.110000610351562,17.34000015258789
2025-11-27 15:00:00+00:00,17.239999771118164,17.360000610351562,17.219999313354492,17.309999465942383
2025-11-27 16:00:00+00:00,17.309999465942383,17.360000610351562,17.209999084472656,17.209999084472656
2025-11-28 08:00:00+00:00,17.40999984741211,17.420000076293945,17.40999984741211,17.420000076293945
2025-11-28 09:00:00+00:00,17.420000076293945,17.440000534057617,17.420000076293945,17.440000534057617
2025-11-28 10:00:00+00:00,17.43000030517578,17.450000762939453,17.43000030517578,17.450000762939453
2025-11-28 11:00:00+00:00,17.440000534057617,17.459999084472656,17.440000534057617,17.459999084472656
2025-11-28 12:00:00+00:00,17.450000762939453,17.469999313354492,17.450000762939453,17.469999313354492
2025-11-28 13:00:00+00:00,17.469999313354492,17.489999771118164,17.469999313354492,17.489999771118164
2025-11-28 14:00:00+00:00,17.479999542236328,18.520000457763672,15.779999732971191,16.90999984741211
2025-11-28 15:00:00+00:00,18.520000457763672,18.520000457763672,15.779999732971191,16.979999542236328
2025-11-28 16:00:00+00:00,16.790000915527344,17.049999237060547,16.709999084472656,16.709999084472656
2025-11-28 17:00:00+00:00,17.010000228881836,17.049999237060547,16.190000534057617,16.219999313354492
2025-11-28 18:00:00+00:00,16.600000381469727,16.610000610351562,16.190000534057617,16.350000381469727
2025-12-01 08:00:00+00:00,18.049999237060547,18.110000610351562,17.889999389648438,18.06999969482422
2025-12-01 09:00:00+00:00,17.93000030517578,18.149999618530273,17.8700008392334,18.110000610351562
2025-12-01 10:00:00+00:00,17.950000762939453,18.149999618530273,17.93000030517578,18.020000457763672
2025-12-01 11:00:00+00:00,17.969999313354492,18.1299991607666,17.950000762939453,18.079999923706055
2025-12-01 12:00:00+00:00,18.06999969482422,18.329999923706055,18.059999465942383,18.270000457763672
2025-12-01 13:00:00+00:00,18.219999313354492,18.329999923706055,18.030000686645508,18.100000381469727
2025-12-01 14:00:00+00:00,18.059999465942383,18.18000030517578,17.209999084472656,17.260000228881836
2025-12-01 15:00:00+00:00,17.920000076293945,17.920000076293945,16.989999771118164,17.010000228881836
2025-12-01 16:00:00+00:00,17.520000457763672,17.760000228881836,16.770000457763672,16.899999618530273
2025-12-01 17:00:00+00:00,17.010000228881836,17.010000228881836,16.709999084472656,16.790000915527344
2025-12-01 18:00:00+00:00,16.81999969482422,16.84000015258789,16.579999923706055,16.600000381469727
2025-12-01 19:00:00+00:00,16.690000534057617,17.229999542236328,16.579999923706055,17.209999084472656
2025-12-01 20:00:00+00:00,17.049999237060547,17.389999389648438,16.969999313354492,17.309999465942383
2025-12-01 21:00:00+00:00,17.15999984741211,17.25,17.15999984741211,17.229999542236328
2025-12-02 08:00:00+00:00,17.280000686645508,17.290000915527344,17.010000228881836,17.020000457763672
2025-12-02 09:00:00+00:00,17.239999771118164,17.239999771118164,16.860000610351562,16.899999618530273
2025-12-02 10:00:00+00:00,16.899999618530273,17.0,16.690000534057617,16.709999084472656
2025-12-02 11:00:00+00:00,16.860000610351562,16.860000610351562,16.65999984741211,16.780000686645508
2025-12-02 12:00:00+00:00,16.690000534057617,16.8799991607666,16.65999984741211,16.729999542236328
2025-12-02 13:00:00+00:00,16.780000686645508,16.8799991607666,16.670000076293945,16.670000076293945
2025-12-02 14:00:00+00:00,16.739999771118164,16.850000381469727,16.579999923706055,16.68000030517578
2025-12-02 15:00:00+00:00,16.780000686645508,16.940000534057617,16.389999389648438,16.489999771118164
2025-12-02 16:00:00+00:00,16.81999969482422,17.309999465942383,16.389999389648438,17.079999923706055
2025-12-02 17:00:00+00:00,17.1200008392334,17.309999465942383,16.459999084472656,17.110000610351562
2025-12-02 18:00:00+00:00,16.520000457763672,17.139999389648438,16.459999084472656,16.790000915527344
2025-12-02 19:00:00+00:00,16.8799991607666,17.010000228881836,16.540000915527344,16.579999923706055
2025-12-02 20:00:00+00:00,16.709999084472656,16.75,16.420000076293945,16.5
2025-12-02 21:00:00+00:00,16.600000381469727,16.610000610351562,16.559999465942383,16.59000015258789
2025-12-03 08:00:00+00:00,16.43000030517578,16.559999465942383,16.420000076293945,16.43000030517578
2025-12-03 09:00:00+00:00,16.520000457763672,16.600000381469727,16.420000076293945,16.540000915527344
2025-12-03 10:00:00+00:00,16.59000015258789,16.6299991607666,16.489999771118164,16.56999969482422
2025-12-03 11:00:00+00:00,16.510000228881836,16.6299991607666,16.469999313354492,16.510000228881836
2025-12-03 12:00:00+00:00,16.489999771118164,16.56999969482422,16.280000686645508,16.299999237060547
2025-12-03 13:00:00+00:00,16.420000076293945,16.420000076293945,16.25,16.350000381469727
2025-12-03 14:00:00+00:00,16.290000915527344,17.280000686645508,16.280000686645508,16.81999969482422
2025-12-03 15:00:00+00:00,16.989999771118164,17.030000686645508,16.329999923706055,16.399999618530273
2025-12-03 16:00:00+00:00,16.530000686645508,16.59000015258789,16.15999984741211,16.3799991607666
2025-12-03 17:00:00+00:00,16.43000030517578,16.459999084472656,16.09000015258789,16.15999984741211
2025-12-03 18:00:00+00:00,16.110000610351562,16.170000076293945,15.989999771118164,16.06999969482422
2025-12-03 19:00:00+00:00,16.09000015258789,16.110000610351562,15.930000305175781,15.949999809265137
2025-12-03 20:00:00+00:00,16.010000228881836,16.139999389648438,15.930000305175781,16.1299991607666
2025-12-03 21:00:00+00:00,16.1299991607666,16.1299991607666,16.079999923706055,16.079999923706055
2025-12-04 08:00:00+00:00,16.229999542236328,16.350000381469727,16.200000762939453,16.270000457763672
2025-12-04 09:00:00+00:00,16.299999237060547,16.31999969482422,16.100000381469727,16.139999389648438
2025-12-04 10:00:00+00:00,16.209999084472656,16.270000457763672,16.100000381469727,16.260000228881836
2025-12-04 11:00:00+00:00,16.15999984741211,16.31999969482422,16.15999984741211,16.25
2025-12-04 12:00:00+00:00,16.299999237060547,16.309999465942383,16.049999237060547,16.079999923706055
2025-12-04 13:00:00+00:00,16.09000015258789,16.170000076293945,16.049999237060547,16.1299991607666
2025-12-04 14:00:00+00:00,16.149999618530273,16.5,15.899999618530273,16.479999542236328
2025-12-04 15:00:00+00:00,16.030000686645508,16.6299991607666,15.960000038146973,16.309999465942383
2025-12-04 16:00:00+00:00,16.34000015258789,16.59000015258789,15.979999542236328,15.979999542236328
2025-12-04 17:00:00+00:00,16.299999237060547,16.3700008392334,15.960000038146973,16.030000686645508
2025-12-04 18:00:00+00:00,16.079999923706055,16.18000030517578,15.899999618530273,15.90999984741211
2025-12-04 19:00:00+00:00,15.90999984741211,16.530000686645508,15.880000114440918,16.0
2025-12-04 20:00:00+00:00,16.290000915527344,16.299999237060547,15.75,15.75
2025-12-04 21:00:00+00:00,15.680000305175781,15.819999694824219,15.680000305175781,15.779999732971191
2025-12-05 08:00:00+00:00,15.579999923706055,15.6899995803833,15.550000190734863,15.6899995803833
2025-12-05 09:00:00+00:00,15.619999885559082,15.760000228881836,15.600000381469727,15.75
2025-12-05 10:00:00+00:00,15.680000305175781,15.8100004196167,15.680000305175781,15.8100004196167
2025-12-05 11:00:00+00:00,15.760000228881836,15.859999656677246,15.75,15.8100004196167
2025-12-05 12:00:00+00:00,15.800000190734863,15.829999923706055,15.739999771118164,15.739999771118164
2025-12-05 13:00:00+00:00,15.789999961853027,16.18000030517578,15.720000267028809,16.040000915527344
2025-12-05 14:00:00+00:00,15.789999961853027,16.18000030517578,15.670000076293945,15.850000381469727
2025-12-05 15:00:00+00:00,15.739999771118164,15.850000381469727,15.600000381469727,15.789999961853027
2025-12-05 16:00:00+00:00,15.6899995803833,16.1200008392334,15.600000381469727,15.819999694824219
2025-12-05 17:00:00+00:00,15.930000305175781,16.1200008392334,15.59000015258789,15.609999656677246
2025-12-05 18:00:00+00:00,15.819999694824219,16.0,15.430000305175781,15.479999542236328
2025-12-05 19:00:00+00:00,15.479999542236328,15.59000015258789,15.380000114440918,15.390000343322754
2025-12-05 20:00:00+00:00,15.550000190734863,15.579999923706055,15.279999732971191,15.279999732971191
2025-12-05 21:00:00+00:00,15.350000381469727,15.399999618530273,15.319999694824219,15.399999618530273
2025-12-08 08:00:00+00:00,16.149999618530273,16.229999542236328,16.100000381469727,16.219999313354492
2025-12-08 09:00:00+00:00,16.1299991607666,16.229999542236328,16.1299991607666,16.229999542236328
2025-12-08 10:00:00+00:00,16.149999618530273,16.260000228881836,16.139999389648438,16.239999771118164
2025-12-08 11:00:00+00:00,16.219999313354492,16.389999389648438,16.200000762939453,16.3799991607666
2025-12-08 12:00:00+00:00,16.3799991607666,16.389999389648438,16.239999771118164,16.239999771118164
2025-12-08 13:00:00+00:00,16.299999237060547,16.350000381469727,16.190000534057617,16.280000686645508
2025-12-08 14:00:00+00:00,16.280000686645508,16.559999465942383,16.219999313354492,16.540000915527344
2025-12-08 15:00:00+00:00,16.3799991607666,16.780000686645508,16.350000381469727,16.690000534057617
2025-12-08 16:00:00+00:00,16.649999618530273,16.899999618530273,16.489999771118164,16.8700008392334
2025-12-08 17:00:00+00:00,16.59000015258789,17.030000686645508,16.56999969482422,16.579999923706055
2025-12-08 18:00:00+00:00,16.959999084472656,17.09000015258789,16.530000686645508,16.989999771118164
2025-12-08 19:00:00+00:00,16.790000915527344,17.09000015258789,16.709999084472656,16.8799991607666
2025-12-08 20:00:00+00:00,16.850000381469727,16.979999542236328,16.649999618530273,16.649999618530273
2025-12-08 21:00:00+00:00,16.639999389648438,16.690000534057617,16.6299991607666,16.65999984741211
2025-12-09 08:00:00+00:00,16.65999984741211,16.719999313354492,16.610000610351562,16.68000030517578
2025-12-09 09:00:00+00:00,16.68000030517578,16.84000015258789,16.65999984741211,16.829999923706055
2025-12-09 10:00:00+00:00,16.770000457763672,17.079999923706055,16.739999771118164,16.770000457763672
2025-12-09 11:00:00+00:00,16.739999771118164,17.079999923706055,16.739999771118164,16.790000915527344
2025-12-09 12:00:00+00:00,16.799999237060547,16.899999618530273,16.75,16.84000015258789
2025-12-09 13:00:00+00:00,16.799999237060547,17.079999923706055,16.790000915527344,17.06999969482422
2025-12-09 14:00:00+00:00,16.899999618530273,17.200000762939453,16.81999969482422,16.84000015258789
2025-12-09 15:00:00+00:00,17.09000015258789,17.200000762939453,16.700000762939453,16.700000762939453
2025-12-09 16:00:00+00:00,16.850000381469727,16.899999618530273,16.450000762939453,16.56999969482422
2025-12-09 17:00:00+00:00,16.559999465942383,16.770000457763672,16.450000762939453,16.6200008392334
2025-12-09 18:00:00+00:00,16.59000015258789,16.799999237060547,16.559999465942383,16.579999923706055
2025-12-09 19:00:00+00:00,16.6200008392334,16.799999237060547,16.559999465942383,16.649999618530273
2025-12-09 20:00:00+00:00,16.639999389648438,16.940000534057617,16.610000610351562,16.8799991607666
2025-12-09 21:00:00+00:00,16.860000610351562,16.950000762939453,16.860000610351562,16.93000030517578
2025-12-10 08:00:00+00:00,16.940000534057617,17.110000610351562,16.920000076293945,17.059999465942383
2025-12-10 09:00:00+00:00,17.0,17.15999984741211,16.969999313354492,17.139999389648438
2025-12-10 10:00:00+00:00,17.1200008392334,17.56999969482422,17.040000915527344,17.360000610351562
2025-12-10 11:00:00+00:00,17.5,17.56999969482422,17.239999771118164,17.280000686645508
2025-12-10 12:00:00+00:00,17.309999465942383,17.469999313354492,17.280000686645508,17.399999618530273
2025-12-10 13:00:00+00:00,17.40999984741211,17.469999313354492,17.200000762939453,17.3799991607666
2025-12-10 14:00:00+00:00,17.219999313354492,17.65999984741211,17.110000610351562,17.110000610351562
2025-12-10 15:00:00+00:00,17.459999084472656,17.65999984741211,16.969999313354492,17.149999618530273
2025-12-10 16:00:00+00:00,17.1200008392334,17.3799991607666,16.84000015258789,16.93000030517578
2025-12-10 17:00:00+00:00,16.889999389648438,17.06999969482422,16.8799991607666,16.979999542236328
2025-12-10 18:00:00+00:00,17.030000686645508,17.209999084472656,16.920000076293945,17.100000381469727
2025-12-10 19:00:00+00:00,17.09000015258789,17.209999084472656,15.65999984741211,15.729999542236328
2025-12-10 20:00:00+00:00,16.670000076293945,16.719999313354492,15.5600004196167,15.859999656677246
2025-12-10 21:00:00+00:00,15.8100004196167,15.90999984741211,15.770000457763672,15.770000457763672
2025-12-11 08:00:00+00:00,16.84000015258789,16.8799991607666,16.40999984741211,16.40999984741211
2025-12-11 09:00:00+00:00,16.770000457763672,16.809999465942383,16.079999923706055,16.1200008392334
2025-12-11 10:00:00+00:00,16.280000686645508,16.280000686645508,16.059999465942383,16.139999389648438
2025-12-11 11:00:00+00:00,16.09000015258789,16.170000076293945,15.949999809265137,15.970000267028809
2025-12-11 12:00:00+00:00,16.09000015258789,16.1200008392334,15.8100004196167,15.819999694824219
2025-12-11 13:00:00+00:00,15.880000114440918,15.989999771118164,15.8100004196167,15.979999542236328
2025-12-11 14:00:00+00:00,15.880000114440918,16.649999618530273,15.850000381469727,16.6200008392334
2025-12-11 15:00:00+00:00,16.100000381469727,16.68000030517578,15.699999809265137,15.869999885559082
2025-12-11 16:00:00+00:00,15.779999732971191,16.25,15.539999961853027,15.819999694824219
2025-12-11 17:00:00+00:00,15.9399995803833,15.9399995803833,15.260000228881836,15.359999656677246
2025-12-11 18:00:00+00:00,15.4399995803833,15.4399995803833,15.260000228881836,15.40999984741211
2025-12-11 19:00:00+00:00,15.350000381469727,15.430000305175781,15.069999694824219,15.149999618530273
2025-12-11 20:00:00+00:00,15.1899995803833,15.25,14.979999542236328,15.0
2025-12-11 21:00:00+00:00,14.949999809265137,14.979999542236328,14.880000114440918,14.949999809265137
2025-12-12 08:00:00+00:00,14.989999771118164,15.010000228881836,14.920000076293945,14.970000267028809
2025-12-12 09:00:00+00:00,14.970000267028809,15.289999961853027,14.920000076293945,15.1899995803833
2025-12-12 10:00:00+00:00,15.1899995803833,15.289999961853027,15.09000015258789,15.149999618530273
2025-12-12 11:00:00+00:00,15.1899995803833,15.260000228881836,15.109999656677246,15.229999542236328
2025-12-12 12:00:00+00:00,15.15999984741211,15.279999732971191,15.069999694824219,15.130000114440918
2025-12-12 13:00:00+00:00,15.15999984741211,15.210000038146973,14.890000343322754,14.890000343322754
2025-12-12 14:00:00+00:00,15.010000228881836,15.140000343322754,14.850000381469727,15.0600004196167
2025-12-12 15:00:00+00:00,15.09000015258789,16.56999969482422,14.880000114440918,16.450000762939453
2025-12-12 16:00:00+00:00,16.030000686645508,17.850000381469727,15.470000267028809,17.139999389648438
2025-12-12 17:00:00+00:00,17.010000228881836,17.850000381469727,16.15999984741211,16.239999771118164
2025-12-12 18:00:00+00:00,16.8799991607666,16.969999313354492,15.640000343322754,16.059999465942383
2025-12-12 19:00:00+00:00,15.75,16.559999465942383,15.720000267028809,15.989999771118164
2025-12-12 20:00:00+00:00,16.40999984741211,16.40999984741211,15.800000190734863,15.880000114440918
2025-12-12 21:00:00+00:00,15.859999656677246,15.859999656677246,15.75,15.75
2025-12-15 08:00:00+00:00,16.510000228881836,16.520000457763672,16.360000610351562,16.420000076293945
2025-12-15 09:00:00+00:00,16.440000534057617,16.469999313354492,16.360000610351562,16.3799991607666
2025-12-15 10:00:00+00:00,16.389999389648438,16.459999084472656,16.34000015258789,16.420000076293945
2025-12-15 11:00:00+00:00,16.360000610351562,16.459999084472656,16.360000610351562,16.43000030517578
2025-12-15 12:00:00+00:00,16.43000030517578,16.469999313354492,16.200000762939453,16.219999313354492
2025-12-15 13:00:00+00:00,16.43000030517578,16.43000030517578,16.049999237060547,16.049999237060547
2025-12-15 14:00:00+00:00,16.15999984741211,16.540000915527344,15.989999771118164,16.510000228881836
2025-12-15 15:00:00+00:00,16.09000015258789,17.350000381469727,15.989999771118164,16.84000015258789
2025-12-15 16:00:00+00:00,17.239999771118164,17.239999771118164,16.209999084472656,16.65999984741211
2025-12-15 17:00:00+00:00,16.260000228881836,16.920000076293945,16.25,16.68000030517578
2025-12-15 18:00:00+00:00,16.649999618530273,16.920000076293945,16.43000030517578,16.479999542236328
2025-12-15 19:00:00+00:00,16.790000915527344,16.860000610351562,16.389999389648438,16.389999389648438
2025-12-15 20:00:00+00:00,16.510000228881836,16.6299991607666,16.350000381469727,16.479999542236328
2025-12-15 21:00:00+00:00,16.59000015258789,16.6200008392334,16.510000228881836,16.510000228881836
2025-12-16 08:00:00+00:00,17.280000686645508,17.290000915527344,17.09000015258789,17.149999618530273
2025-12-16 09:00:00+00:00,17.170000076293945,17.350000381469727,17.049999237060547,17.290000915527344
2025-12-16 10:00:00+00:00,17.09000015258789,17.350000381469727,16.93000030517578,17.049999237060547
2025-12-16 11:00:00+00:00,17.020000457763672,17.110000610351562,16.850000381469727,16.850000381469727
2025-12-16 12:00:00+00:00,17.09000015258789,17.09000015258789,16.68000030517578,16.790000915527344
2025-12-16 13:00:00+00:00,16.75,17.040000915527344,16.309999465942383,16.760000228881836
2025-12-16 14:00:00+00:00,16.739999771118164,17.420000076293945,16.309999465942383,16.59000015258789
2025-12-16 15:00:00+00:00,16.809999465942383,17.510000228881836,16.469999313354492,16.65999984741211
2025-12-16 16:00:00+00:00,17.1200008392334,17.229999542236328,16.59000015258789,16.610000610351562
2025-12-16 17:00:00+00:00,17.040000915527344,17.350000381469727,16.479999542236328,17.31999969482422
2025-12-16 18:00:00+00:00,16.959999084472656,17.610000610351562,16.600000381469727,16.790000915527344
2025-12-16 19:00:00+00:00,17.290000915527344,17.290000915527344,16.549999237060547,16.649999618530273
2025-12-16 20:00:00+00:00,16.969999313354492,16.969999313354492,16.190000534057617,16.420000076293945
2025-12-16 21:00:00+00:00,16.450000762939453,16.510000228881836,16.43000030517578,16.5
2025-12-17 08:00:00+00:00,16.450000762939453,16.469999313354492,16.31999969482422,16.3799991607666
2025-12-17 09:00:00+00:00,16.399999618530273,16.420000076293945,16.209999084472656,16.229999542236328
2025-12-17 10:00:00+00:00,16.3700008392334,16.3700008392334,16.1200008392334,16.149999618530273
2025-12-17 11:00:00+00:00,16.170000076293945,16.25,16.1200008392334,16.15999984741211
2025-12-17 12:00:00+00:00,16.239999771118164,16.239999771118164,16.1299991607666,16.190000534057617
2025-12-17 13:00:00+00:00,16.209999084472656,16.520000457763672,16.1299991607666,16.270000457763672
2025-12-17 14:00:00+00:00,16.350000381469727,16.760000228881836,15.819999694824219,16.219999313354492
2025-12-17 15:00:00+00:00,16.18000030517578,17.510000228881836,16.010000228881836,17.3700008392334
2025-12-17 16:00:00+00:00,16.309999465942383,17.65999984741211,16.270000457763672,17.329999923706055
2025-12-17 17:00:00+00:00,17.200000762939453,17.579999923706055,17.049999237060547,17.280000686645508
2025-12-17 18:00:00+00:00,17.299999237060547,17.639999389648438,16.969999313354492,17.549999237060547
2025-12-17 19:00:00+00:00,17.350000381469727,17.639999389648438,17.239999771118164,17.260000228881836
2025-12-17 20:00:00+00:00,17.450000762939453,17.979999542236328,17.209999084472656,17.920000076293945
2025-12-17 21:00:00+00:00,18.0,18.0,17.6200008392334,17.6200008392334
2025-12-18 08:00:00+00:00,17.610000610351562,17.68000030517578,17.5,17.59000015258789
2025-12-18 09:00:00+00:00,17.65999984741211,17.670000076293945,17.350000381469727,17.350000381469727
2025-12-18 10:00:00+00:00,17.540000915527344,17.540000915527344,17.31999969482422,17.389999389648438
2025-12-18 11:00:00+00:00,17.3799991607666,17.40999984741211,17.25,17.25
2025-12-18 12:00:00+00:00,17.309999465942383,17.399999618530273,16.93000030517578,17.3799991607666
2025-12-18 13:00:00+00:00,17.31999969482422,17.440000534057617,16.59000015258789,16.729999542236328
2025-12-18 14:00:00+00:00,17.239999771118164,17.239999771118164,16.31999969482422,16.559999465942383
2025-12-18 15:00:00+00:00,16.459999084472656,17.040000915527344,16.010000228881836,16.139999389648438
2025-12-18 16:00:00+00:00,16.309999465942383,16.329999923706055,15.930000305175781,16.239999771118164
2025-12-18 17:00:00+00:00,16.110000610351562,17.329999923706055,15.949999809265137,16.549999237060547
2025-12-18 18:00:00+00:00,17.110000610351562,17.139999389648438,16.239999771118164,16.5
2025-12-18 19:00:00+00:00,16.3799991607666,17.190000534057617,16.239999771118164,17.079999923706055
2025-12-18 20:00:00+00:00,16.690000534057617,17.190000534057617,16.270000457763672,16.760000228881836
2025-12-18 21:00:00+00:00,16.809999465942383,16.850000381469727,16.739999771118164,16.850000381469727
2025-12-19 08:00:00+00:00,16.309999465942383,16.3799991607666,16.15999984741211,16.190000534057617
2025-12-19 09:00:00+00:00,16.3799991607666,16.3799991607666,16.1200008392334,16.149999618530273
2025-12-19 10:00:00+00:00,16.139999389648438,16.299999237060547,16.1200008392334,16.280000686645508
2025-12-19 11:00:00+00:00,16.190000534057617,16.440000534057617,16.18000030517578,16.360000610351562
2025-12-19 12:00:00+00:00,16.309999465942383,16.530000686645508,16.270000457763672,16.510000228881836
2025-12-19 13:00:00+00:00,16.3700008392334,16.530000686645508,16.25,16.360000610351562
2025-12-19 14:00:00+00:00,16.3799991607666,16.43000030517578,15.470000267028809,15.479999542236328
2025-12-19 15:00:00+00:00,16.010000228881836,16.010000228881836,15.3100004196167,15.539999961853027
2025-12-19 16:00:00+00:00,15.460000038146973,15.630000114440918,15.289999961853027,15.420000076293945
2025-12-19 17:00:00+00:00,15.34000015258789,15.460000038146973,15.260000228881836,15.3100004196167
2025-12-19 18:00:00+00:00,15.359999656677246,15.40999984741211,15.220000267028809,15.359999656677246
2025-12-19 19:00:00+00:00,15.3100004196167,15.40999984741211,15.119999885559082,15.149999618530273
2025-12-19 20:00:00+00:00,15.229999542236328,15.25,15.0,15.050000190734863
2025-12-19 21:00:00+00:00,15.050000190734863,15.050000190734863,14.90999984741211,14.90999984741211
2025-12-22 08:00:00+00:00,15.15999984741211,15.260000228881836,15.15999984741211,15.239999771118164
2025-12-22 09:00:00+00:00,15.15999984741211,15.260000228881836,15.029999732971191,15.069999694824219
2025-12-22 10:00:00+00:00,15.140000343322754,15.140000343322754,15.029999732971191,15.050000190734863
2025-12-22 11:00:00+00:00,15.0600004196167,15.069999694824219,14.979999542236328,15.020000457763672
2025-12-22 12:00:00+00:00,15.010000228881836,15.050000190734863,14.920000076293945,14.970000267028809
2025-12-22 13:00:00+00:00,14.960000038146973,15.010000228881836,14.880000114440918,14.880000114440918
2025-12-22 14:00:00+00:00,14.90999984741211,14.949999809265137,14.550000190734863,14.5600004196167
2025-12-22 15:00:00+00:00,14.859999656677246,14.880000114440918,14.470000267028809,14.569999694824219
2025-12-22 16:00:00+00:00,14.489999771118164,14.760000228881836,14.399999618530273,14.40999984741211
2025-12-22 17:00:00+00:00,14.40999984741211,14.510000228881836,14.350000381469727,14.350000381469727
2025-12-22 18:00:00+00:00,14.5,14.520000457763672,14.329999923706055,14.420000076293945
2025-12-22 19:00:00+00:00,14.460000038146973,14.479999542236328,14.199999809265137,14.199999809265137
2025-12-22 20:00:00+00:00,14.289999961853027,14.289999961853027,14.039999961853027,14.0600004196167
2025-12-22 21:00:00+00:00,14.029999732971191,14.119999885559082,14.029999732971191,14.079999923706055
2025-12-23 08:00:00+00:00,14.09000015258789,14.140000343322754,14.069999694824219,14.130000114440918
2025-12-23 09:00:00+00:00,14.100000381469727,14.140000343322754,14.0,14.010000228881836
2025-12-23 10:00:00+00:00,14.039999961853027,14.079999923706055,14.0,14.069999694824219
2025-12-23 11:00:00+00:00,14.039999961853027,14.140000343322754,14.039999961853027,14.119999885559082
2025-12-23 12:00:00+00:00,14.109999656677246,14.1899995803833,14.09000015258789,14.130000114440918
2025-12-23 13:00:00+00:00,14.15999984741211,14.420000076293945,14.119999885559082,14.399999618530273
2025-12-23 14:00:00+00:00,14.220000267028809,14.449999809265137,13.989999771118164,14.069999694824219
2025-12-23 15:00:00+00:00,14.15999984741211,14.1899995803833,13.699999809265137,13.710000038146973
2025-12-23 16:00:00+00:00,13.930000305175781,13.930000305175781,13.640000343322754,13.789999961853027
2025-12-23 17:00:00+00:00,13.6899995803833,13.880000114440918,13.640000343322754,13.850000381469727
2025-12-23 18:00:00+00:00,13.829999923706055,13.880000114440918,13.760000228881836,13.800000190734863
2025-12-23 19:00:00+00:00,13.819999694824219,13.869999885559082,13.75,13.869999885559082
2025-12-23 20:00:00+00:00,13.760000228881836,13.90999984741211,13.760000228881836,13.84000015258789
2025-12-23 21:00:00+00:00,13.859999656677246,14.0,13.850000381469727,14.0
2025-12-24 08:00:00+00:00,14.09000015258789,14.119999885559082,14.09000015258789,14.109999656677246
2025-12-24 09:00:00+00:00,14.100000381469727,14.119999885559082,14.0600004196167,14.119999885559082
2025-12-24 10:00:00+00:00,14.09000015258789,14.149999618530273,14.09000015258789,14.140000343322754
2025-12-24 11:00:00+00:00,14.130000114440918,14.15999984741211,14.119999885559082,14.149999618530273
2025-12-24 12:00:00+00:00,14.149999618530273,14.149999618530273,14.039999961853027,14.039999961853027
2025-12-24 13:00:00+00:00,14.109999656677246,14.109999656677246,13.949999809265137,13.949999809265137
2025-12-24 14:00:00+00:00,14.069999694824219,14.069999694824219,13.760000228881836,13.819999694824219
2025-12-24 15:00:00+00:00,13.9399995803833,13.960000038146973,13.600000381469727,13.600000381469727
2025-12-24 16:00:00+00:00,13.699999809265137,13.710000038146973,13.489999771118164,13.489999771118164
2025-12-24 17:00:00+00:00,13.529999732971191,13.550000190734863,13.390000343322754,13.430000305175781
2025-12-24 18:00:00+00:00,13.470000267028809,13.5,13.380000114440918,13.470000267028809
2025-12-26 08:00:00+00:00,14.119999885559082,14.1899995803833,14.119999885559082,14.130000114440918
2025-12-26 09:00:00+00:00,14.15999984741211,14.1899995803833,14.050000190734863,14.130000114440918
2025-12-26 10:00:00+00:00,14.149999618530273,14.15999984741211,14.050000190734863,14.149999618530273
2025-12-26 11:00:00+00:00,14.130000114440918,14.220000267028809,14.130000114440918,14.210000038146973
2025-12-26 12:00:00+00:00,14.170000076293945,14.220000267028809,14.119999885559082,14.170000076293945
2025-12-26 13:00:00+00:00,14.180000305175781,14.1899995803833,14.079999923706055,14.109999656677246
2025-12-26 14:00:00+00:00,14.149999618530273,14.229999542236328,13.970000267028809,14.170000076293945
2025-12-26 15:00:00+00:00,14.1899995803833,14.289999961853027,13.869999885559082,13.869999885559082
2025-12-26 16:00:00+00:00,13.979999542236328,14.020000457763672,13.850000381469727,13.90999984741211
2025-12-26 17:00:00+00:00,13.90999984741211,13.989999771118164,13.819999694824219,13.829999923706055
2025-12-26 18:00:00+00:00,13.829999923706055,13.899999618530273,13.75,13.770000457763672
2025-12-26 19:00:00+00:00,13.829999923706055,13.829999923706055,13.710000038146973,13.720000267028809
2025-12-26 20:00:00+00:00,13.760000228881836,13.760000228881836,13.520000457763672,13.609999656677246
2025-12-26 21:00:00+00:00,13.579999923706055,13.619999885559082,13.569999694824219,13.600000381469727
2025-12-29 08:00:00+00:00,14.6899995803833,14.859999656677246,14.65999984741211,14.850000381469727
2025-12-29 09:00:00+00:00,14.6899995803833,14.890000343322754,14.670000076293945,14.84000015258789
2025-12-29 10:00:00+00:00,14.779999732971191,14.890000343322754,14.779999732971191,14.859999656677246
2025-12-29 11:00:00+00:00,14.8100004196167,14.899999618530273,14.760000228881836,14.770000457763672
2025-12-29 12:00:00+00:00,14.859999656677246,14.890000343322754,14.710000038146973,14.829999923706055
2025-12-29 13:00:00+00:00,14.729999542236328,15.069999694824219,14.729999542236328,14.920000076293945
2025-12-29 14:00:00+00:00,14.819999694824219,15.079999923706055,14.729999542236328,14.770000457763672
2025-12-29 15:00:00+00:00,14.869999885559082,14.920000076293945,14.529999732971191,14.670000076293945
2025-12-29 16:00:00+00:00,14.649999618530273,14.729999542236328,14.5,14.529999732971191
2025-12-29 17:00:00+00:00,14.600000381469727,14.65999984741211,14.430000305175781,14.430000305175781
2025-12-29 18:00:00+00:00,14.630000114440918,14.649999618530273,14.239999771118164,14.260000228881836
2025-12-29 19:00:00+00:00,14.289999961853027,14.289999961853027,14.069999694824219,14.079999923706055
2025-12-29 20:00:00+00:00,14.15999984741211,14.15999984741211,13.989999771118164,14.149999618530273
2025-12-29 21:00:00+00:00,14.130000114440918,14.199999809265137,14.130000114440918,14.1899995803833
2025-12-30 08:00:00+00:00,14.430000305175781,14.449999809265137,14.40999984741211,14.420000076293945
2025-12-30 09:00:00+00:00,14.449999809265137,14.479999542236328,14.40999984741211,14.460000038146973
2025-12-30 10:00:00+00:00,14.420000076293945,14.5600004196167,14.420000076293945,14.5600004196167
2025-12-30 11:00:00+00:00,14.489999771118164,14.619999885559082,14.489999771118164,14.520000457763672
2025-12-30 12:00:00+00:00,14.609999656677246,14.619999885559082,14.489999771118164,14.5
2025-12-30 13:00:00+00:00,14.529999732971191,14.569999694824219,14.40999984741211,14.460000038146973
2025-12-30 14:00:00+00:00,14.449999809265137,14.520000457763672,14.149999618530273,14.180000305175781
2025-12-30 15:00:00+00:00,14.399999618530273,14.399999618530273,14.149999618530273,14.170000076293945
2025-12-30 16:00:00+00:00,14.25,14.350000381469727,14.039999961853027,14.229999542236328
2025-12-30 17:00:00+00:00,14.069999694824219,14.3100004196167,14.069999694824219,14.210000038146973
2025-12-30 18:00:00+00:00,14.239999771118164,14.369999885559082,14.1899995803833,14.350000381469727
2025-12-30 19:00:00+00:00,14.270000457763672,14.380000114440918,14.199999809265137,14.25
2025-12-30 20:00:00+00:00,14.25,14.319999694824219,14.100000381469727,14.319999694824219
2025-12-30 21:00:00+00:00,14.300000190734863,14.369999885559082,14.300000190734863,14.329999923706055
2025-12-31 08:00:00+00:00,14.770000457763672,14.899999618530273,14.770000457763672,14.899999618530273
2025-12-31 09:00:00+00:00,14.8100004196167,14.899999618530273,14.8100004196167,14.899999618530273
2025-12-31 10:00:00+00:00,14.890000343322754,14.920000076293945,14.829999923706055,14.829999923706055
2025-12-31 11:00:00+00:00,14.859999656677246,14.869999885559082,14.779999732971191,14.779999732971191
2025-12-31 12:00:00+00:00,14.789999961853027,14.850000381469727,14.699999809265137,14.699999809265137
2025-12-31 13:00:00+00:00,14.710000038146973,14.720000267028809,14.479999542236328,14.579999923706055
2025-12-31 14:00:00+00:00,14.670000076293945,14.84000015258789,14.479999542236328,14.670000076293945
2025-12-31 15:00:00+00:00,14.529999732971191,14.850000381469727,14.520000457763672,14.829999923706055
2025-12-31 16:00:00+00:00,14.6899995803833,14.850000381469727,14.5,14.510000228881836
2025-12-31 17:00:00+00:00,14.630000114440918,14.720000267028809,14.5,14.6899995803833
2025-12-31 18:00:00+00:00,14.6899995803833,14.720000267028809,14.430000305175781,14.460000038146973
2025-12-31 19:00:00+00:00,14.529999732971191,14.729999542236328,14.380000114440918,14.720000267028809
2025-12-31 20:00:00+00:00,14.510000228881836,15.170000076293945,14.5,15.010000228881836
2025-12-31 21:00:00+00:00,15.039999961853027,15.039999961853027,14.9399995803833,14.9399995803833
2026-01-02 08:00:00+00:00,14.850000381469727,14.859999656677246,14.779999732971191,14.8100004196167
2026-01-02 09:00:00+00:00,14.84000015258789,14.859999656677246,14.760000228881836,14.779999732971191
2026-01-02 10:00:00+00:00,14.779999732971191,14.859999656677246,14.760000228881836,14.779999732971191
2026-01-02 11:00:00+00:00,14.829999923706055,14.859999656677246,14.760000228881836,14.819999694824219
2026-01-02 12:00:00+00:00,14.84000015258789,14.890000343322754,14.800000190734863,14.8100004196167
2026-01-02 13:00:00+00:00,14.829999923706055,14.850000381469727,14.779999732971191,14.779999732971191
2026-01-02 14:00:00+00:00,14.829999923706055,15.0600004196167,14.630000114440918,14.680000305175781
2026-01-02 15:00:00+00:00,14.710000038146973,15.40999984741211,14.600000381469727,15.329999923706055
2026-01-02 16:00:00+00:00,15.170000076293945,15.420000076293945,14.729999542236328,14.979999542236328
2026-01-02 17:00:00+00:00,15.029999732971191,15.170000076293945,14.569999694824219,14.880000114440918
2026-01-02 18:00:00+00:00,14.630000114440918,15.199999809265137,14.569999694824219,15.09000015258789
2026-01-02 19:00:00+00:00,14.8100004196167,15.199999809265137,14.5,14.670000076293945
2026-01-02 20:00:00+00:00,14.609999656677246,14.699999809265137,14.5,14.550000190734863
2026-01-02 21:00:00+00:00,14.59000015258789,14.59000015258789,14.460000038146973,14.510000228881836
2026-01-05 08:00:00+00:00,15.140000343322754,15.170000076293945,15.079999923706055,15.149999618530273
2026-01-05 09:00:00+00:00,15.130000114440918,15.260000228881836,15.09000015258789,15.229999542236328
2026-01-05 10:00:00+00:00,15.25,15.260000228881836,15.130000114440918,15.15999984741211
2026-01-05 11:00:00+00:00,15.170000076293945,15.199999809265137,15.140000343322754,15.15999984741211
2026-01-05 12:00:00+00:00,15.199999809265137,15.210000038146973,15.119999885559082,15.15999984741211
2026-01-05 13:00:00+00:00,15.180000305175781,15.270000457763672,15.0600004196167,15.109999656677246
2026-01-05 14:00:00+00:00,15.239999771118164,15.239999771118164,14.880000114440918,14.949999809265137
2026-01-05 15:00:00+00:00,14.930000305175781,15.039999961853027,14.760000228881836,14.850000381469727
2026-01-05 16:00:00+00:00,14.770000457763672,14.890000343322754,14.649999618530273,14.710000038146973
2026-01-05 17:00:00+00:00,14.8100004196167,14.829999923706055,14.649999618530273,14.8100004196167
2026-01-05 18:00:00+00:00,14.739999771118164,14.890000343322754,14.710000038146973,14.779999732971191
2026-01-05 19:00:00+00:00,14.800000190734863,15.0,14.739999771118164,14.949999809265137
2026-01-05 20:00:00+00:00,14.829999923706055,15.020000457763672,14.819999694824219,14.9399995803833
2026-01-05 21:00:00+00:00,14.90999984741211,14.949999809265137,14.899999618530273,14.899999618530273
2026-01-06 08:00:00+00:00,15.0,15.210000038146973,15.0,15.119999885559082
2026-01-06 09:00:00+00:00,15.130000114440918,15.210000038146973,15.0600004196167,15.130000114440918
2026-01-06 10:00:00+00:00,15.119999885559082,15.15999984741211,15.079999923706055,15.149999618530273
2026-01-06 11:00:00+00:00,15.149999618530273,15.15999984741211,15.119999885559082,15.140000343322754
2026-01-06 12:00:00+00:00,15.149999618530273,15.15999984741211,15.0,15.010000228881836
2026-01-06 13:00:00+00:00,15.069999694824219,15.069999694824219,14.979999542236328,14.989999771118164
2026-01-06 14:00:00+00:00,15.029999732971191,15.050000190734863,14.630000114440918,14.649999618530273
2026-01-06 15:00:00+00:00,14.949999809265137,15.050000190734863,14.630000114440918,15.0
2026-01-06 16:00:00+00:00,14.770000457763672,15.0600004196167,14.770000457763672,14.899999618530273
2026-01-06 17:00:00+00:00,14.9399995803833,14.970000267028809,14.770000457763672,14.829999923706055
2026-01-06 18:00:00+00:00,14.779999732971191,14.859999656677246,14.75,14.770000457763672
2026-01-06 19:00:00+00:00,14.8100004196167,14.829999923706055,14.739999771118164,14.75
2026-01-06 20:00:00+00:00,14.800000190734863,14.800000190734863,14.65999984741211,14.6899995803833
2026-01-06 21:00:00+00:00,14.729999542236328,14.770000457763672,14.729999542236328,14.739999771118164
2026-01-07 08:00:00+00:00,14.949999809265137,15.020000457763672,14.930000305175781,15.020000457763672
2026-01-07 09:00:00+00:00,14.970000267028809,15.119999885559082,14.960000038146973,15.100000381469727
2026-01-07 10:00:00+00:00,15.09000015258789,15.170000076293945,15.079999923706055,15.15999984741211
2026-01-07 11:00:00+00:00,15.149999618530273,15.170000076293945,15.130000114440918,15.130000114440918
2026-01-07 12:00:00+00:00,15.170000076293945,15.170000076293945,15.069999694824219,15.079999923706055
2026-01-07 13:00:00+00:00,15.069999694824219,15.119999885559082,14.970000267028809,14.979999542236328
2026-01-07 14:00:00+00:00,15.020000457763672,15.109999656677246,14.970000267028809,15.069999694824219
2026-01-07 15:00:00+00:00,14.979999542236328,15.279999732971191,14.970000267028809,15.0
2026-01-07 16:00:00+00:00,15.119999885559082,15.25,14.829999923706055,14.84000015258789
2026-01-07 17:00:00+00:00,15.050000190734863,15.050000190734863,14.829999923706055,14.979999542236328
2026-01-07 18:00:00+00:00,14.90999984741211,15.109999656677246,14.850000381469727,14.890000343322754
2026-01-07 19:00:00+00:00,15.100000381469727,15.100000381469727,14.850000381469727,14.989999771118164
2026-01-07 20:00:00+00:00,15.0,15.479999542236328,14.970000267028809,15.329999923706055
2026-01-07 21:00:00+00:00,15.359999656677246,15.420000076293945,15.350000381469727,15.380000114440918
2026-01-08 08:00:00+00:00,15.6899995803833,15.720000267028809,15.65999984741211,15.680000305175781
2026-01-08 09:00:00+00:00,15.6899995803833,15.75,15.630000114440918,15.720000267028809
2026-01-08 10:00:00+00:00,15.699999809265137,15.789999961853027,15.670000076293945,15.720000267028809
2026-01-08 11:00:00+00:00,15.779999732971191,15.789999961853027,15.6899995803833,15.779999732971191
2026-01-08 12:00:00+00:00,15.699999809265137,15.8100004196167,15.699999809265137,15.789999961853027
2026-01-08 13:00:00+00:00,15.699999809265137,15.8100004196167,15.609999656677246,15.680000305175781
2026-01-08 14:00:00+00:00,15.710000038146973,15.850000381469727,15.539999961853027,15.619999885559082
2026-01-08 15:00:00+00:00,15.680000305175781,15.850000381469727,15.260000228881836,15.270000457763672
2026-01-08 16:00:00+00:00,15.319999694824219,15.460000038146973,15.229999542236328,15.270000457763672
2026-01-08 17:00:00+00:00,15.359999656677246,15.460000038146973,15.149999618530273,15.210000038146973
2026-01-08 18:00:00+00:00,15.329999923706055,15.579999923706055,15.149999618530273,15.579999923706055
2026-01-08 19:00:00+00:00,15.460000038146973,15.6899995803833,15.40999984741211,15.600000381469727
2026-01-08 20:00:00+00:00,15.579999923706055,15.65999984741211,15.359999656677246,15.470000267028809
2026-01-08 21:00:00+00:00,15.569999694824219,15.569999694824219,15.420000076293945,15.449999809265137
2026-01-09 08:00:00+00:00,15.680000305175781,15.789999961853027,15.65999984741211,15.779999732971191
2026-01-09 09:00:00+00:00,15.710000038146973,15.8100004196167,15.649999618530273,15.649999618530273
2026-01-09 10:00:00+00:00,15.710000038146973,15.710000038146973,15.640000343322754,15.670000076293945
2026-01-09 11:00:00+00:00,15.649999618530273,15.699999809265137,15.640000343322754,15.699999809265137
2026-01-09 12:00:00+00:00,15.65999984741211,15.729999542236328,15.5600004196167,15.5600004196167
2026-01-09 13:00:00+00:00,15.670000076293945,15.6899995803833,15.09000015258789,15.100000381469727
2026-01-09 14:00:00+00:00,15.34000015258789,15.670000076293945,15.0600004196167,15.470000267028809
2026-01-09 15:00:00+00:00,15.380000114440918,15.670000076293945,14.880000114440918,14.930000305175781
2026-01-09 16:00:00+00:00,14.899999618530273,15.199999809265137,14.630000114440918,14.6899995803833
2026-01-09 17:00:00+00:00,14.8100004196167,14.8100004196167,14.579999923706055,14.59000015258789
2026-01-09 18:00:00+00:00,14.630000114440918,14.640000343322754,14.430000305175781,14.5600004196167
2026-01-09 19:00:00+00:00,14.5,14.65999984741211,14.430000305175781,14.600000381469727
2026-01-09 20:00:00+00:00,14.640000343322754,14.640000343322754,14.470000267028809,14.5
2026-01-09 21:00:00+00:00,14.520000457763672,14.539999961853027,14.479999542236328,14.5
2026-01-12 08:00:00+00:00,16.059999465942383,16.65999984741211,16.059999465942383,16.600000381469727
2026-01-12 09:00:00+00:00,16.360000610351562,16.65999984741211,16.360000610351562,16.479999542236328
2026-01-12 10:00:00+00:00,16.549999237060547,16.579999923706055,16.329999923706055,16.399999618530273
2026-01-12 11:00:00+00:00,16.440000534057617,16.440000534057617,16.270000457763672,16.299999237060547
2026-01-12 12:00:00+00:00,16.31999969482422,16.329999923706055,15.930000305175781,15.930000305175781
2026-01-12 13:00:00+00:00,16.06999969482422,16.079999923706055,15.850000381469727,15.880000114440918
2026-01-12 14:00:00+00:00,15.869999885559082,15.979999542236328,15.40999984741211,15.420000076293945
2026-01-12 15:00:00+00:00,15.75,15.789999961853027,15.270000457763672,15.289999961853027
2026-01-12 16:00:00+00:00,15.380000114440918,15.479999542236328,15.15999984741211,15.199999809265137
2026-01-12 17:00:00+00:00,15.279999732971191,15.3100004196167,15.119999885559082,15.140000343322754
2026-01-12 18:00:00+00:00,15.15999984741211,15.199999809265137,15.069999694824219,15.069999694824219
2026-01-12 19:00:00+00:00,15.079999923706055,15.109999656677246,15.029999732971191,15.0600004196167
2026-01-12 20:00:00+00:00,15.069999694824219,15.130000114440918,15.029999732971191,15.069999694824219
2026-01-12 21:00:00+00:00,15.09000015258789,15.119999885559082,15.069999694824219,15.119999885559082
2026-01-13 08:00:00+00:00,15.359999656677246,15.390000343322754,15.34000015258789,15.350000381469727
2026-01-13 09:00:00+00:00,15.350000381469727,15.390000343322754,15.300000190734863,15.369999885559082
2026-01-13 10:00:00+00:00,15.319999694824219,15.470000267028809,15.319999694824219,15.390000343322754
2026-01-13 11:00:00+00:00,15.4399995803833,15.4399995803833,15.279999732971191,15.279999732971191
2026-01-13 12:00:00+00:00,15.34000015258789,15.359999656677246,15.210000038146973,15.270000457763672
2026-01-13 13:00:00+00:00,15.260000228881836,15.289999961853027,14.75,14.989999771118164
2026-01-13 14:00:00+00:00,15.100000381469727,15.539999961853027,14.75,15.449999809265137
2026-01-13 15:00:00+00:00,14.979999542236328,15.920000076293945,14.979999542236328,15.510000228881836
2026-01-13 16:00:00+00:00,15.8100004196167,16.020000457763672,15.25,15.319999694824219
2026-01-13 17:00:00+00:00,15.600000381469727,15.90999984741211,15.25,15.899999618530273
2026-01-13 18:00:00+00:00,15.4399995803833,16.139999389648438,15.399999618530273,16.1200008392334
2026-01-13 19:00:00+00:00,15.970000267028809,16.31999969482422,15.829999923706055,16.049999237060547
2026-01-13 20:00:00+00:00,16.100000381469727,16.5,15.960000038146973,15.960000038146973
2026-01-13 21:00:00+00:00,15.970000267028809,15.989999771118164,15.899999618530273,15.979999542236328
2026-01-14 08:00:00+00:00,16.329999923706055,16.440000534057617,16.329999923706055,16.3799991607666
2026-01-14 09:00:00+00:00,16.350000381469727,16.440000534057617,16.219999313354492,16.260000228881836
2026-01-14 10:00:00+00:00,16.239999771118164,17.270000457763672,16.229999542236328,17.139999389648438
2026-01-14 11:00:00+00:00,16.729999542236328,17.270000457763672,16.729999542236328,17.059999465942383
2026-01-14 12:00:00+00:00,16.81999969482422,17.309999465942383,16.809999465942383,17.059999465942383
2026-01-14 13:00:00+00:00,16.950000762939453,17.34000015258789,16.899999618530273,17.219999313354492
2026-01-14 14:00:00+00:00,17.09000015258789,17.790000915527344,16.969999313354492,17.790000915527344
2026-01-14 15:00:00+00:00,17.280000686645508,18.100000381469727,16.809999465942383,17.860000610351562
2026-01-14 16:00:00+00:00,17.530000686645508,18.100000381469727,17.170000076293945,17.90999984741211
2026-01-14 17:00:00+00:00,17.229999542236328,17.979999542236328,17.170000076293945,17.75
2026-01-14 18:00:00+00:00,17.549999237060547,17.850000381469727,17.31999969482422,17.329999923706055
2026-01-14 19:00:00+00:00,17.510000228881836,17.850000381469727,17.190000534057617,17.299999237060547
2026-01-14 20:00:00+00:00,17.350000381469727,17.5,16.510000228881836,16.670000076293945
2026-01-14 21:00:00+00:00,16.68000030517578,16.81999969482422,16.59000015258789,16.760000228881836
2026-01-15 08:00:00+00:00,16.520000457763672,16.540000915527344,16.40999984741211,16.40999984741211
2026-01-15 09:00:00+00:00,16.530000686645508,16.530000686645508,16.110000610351562,16.190000534057617
2026-01-15 10:00:00+00:00,16.190000534057617,16.229999542236328,16.110000610351562,16.18000030517578
2026-01-15 11:00:00+00:00,16.209999084472656,16.219999313354492,16.139999389648438,16.18000030517578
2026-01-15 12:00:00+00:00,16.18000030517578,16.260000228881836,16.079999923706055,16.079999923706055
2026-01-15 13:00:00+00:00,16.229999542236328,16.239999771118164,15.869999885559082,15.930000305175781
2026-01-15 14:00:00+00:00,15.869999885559082,16.059999465942383,15.600000381469727,15.6899995803833
2026-01-15 15:00:00+00:00,15.760000228881836,15.850000381469727,15.489999771118164,15.520000457763672
2026-01-15 16:00:00+00:00,15.640000343322754,15.8100004196167,15.34000015258789,15.390000343322754
2026-01-15 17:00:00+00:00,15.460000038146973,15.5,15.319999694824219,15.489999771118164
2026-01-15 18:00:00+00:00,15.4399995803833,15.5,15.300000190734863,15.40999984741211
2026-01-15 19:00:00+00:00,15.359999656677246,15.699999809265137,15.319999694824219,15.609999656677246
2026-01-15 20:00:00+00:00,15.550000190734863,16.020000457763672,15.460000038146973,15.84000015258789
2026-01-15 21:00:00+00:00,15.800000190734863,15.829999923706055,15.710000038146973,15.829999923706055
2026-01-16 08:00:00+00:00,15.4399995803833,15.550000190734863,15.420000076293945,15.5
2026-01-16 09:00:00+00:00,15.470000267028809,15.550000190734863,15.4399995803833,15.550000190734863
2026-01-16 10:00:00+00:00,15.449999809265137,15.59000015258789,15.4399995803833,15.510000228881836
2026-01-16 11:00:00+00:00,15.520000457763672,15.739999771118164,15.470000267028809,15.729999542236328
2026-01-16 12:00:00+00:00,15.479999542236328,15.789999961853027,15.479999542236328,15.75
2026-01-16 13:00:00+00:00,15.729999542236328,15.789999961853027,15.619999885559082,15.729999542236328
2026-01-16 14:00:00+00:00,15.720000267028809,15.899999618530273,15.359999656677246,15.899999618530273
2026-01-16 15:00:00+00:00,15.449999809265137,16.290000915527344,15.359999656677246,15.819999694824219
2026-01-16 16:00:00+00:00,15.899999618530273,16.290000915527344,15.489999771118164,15.640000343322754
2026-01-16 17:00:00+00:00,15.609999656677246,15.75,15.489999771118164,15.720000267028809
2026-01-16 18:00:00+00:00,15.640000343322754,15.789999961853027,15.420000076293945,15.520000457763672
2026-01-16 19:00:00+00:00,15.489999771118164,15.619999885559082,15.300000190734863,15.529999732971191
2026-01-16 20:00:00+00:00,15.619999885559082,15.859999656677246,15.40999984741211,15.859999656677246
2026-01-16 21:00:00+00:00,15.880000114440918,15.90999984741211,15.84000015258789,15.859999656677246
2026-01-19 08:00:00+00:00,18.6299991607666,18.65999984741211,18.299999237060547,18.31999969482422
2026-01-19 09:00:00+00:00,18.479999542236328,19.3799991607666,18.280000686645508,19.06999969482422
2026-01-19 10:00:00+00:00,18.920000076293945,19.3799991607666,18.700000762939453,19.190000534057617
2026-01-19 11:00:00+00:00,18.729999542236328,19.329999923706055,18.729999542236328,19.139999389648438
2026-01-19 12:00:00+00:00,19.170000076293945,19.219999313354492,18.850000381469727,18.889999389648438
2026-01-19 13:00:00+00:00,19.110000610351562,19.1299991607666,18.84000015258789,18.950000762939453
2026-01-19 14:00:00+00:00,19.06999969482422,19.59000015258789,18.850000381469727,19.020000457763672
2026-01-19 15:00:00+00:00,19.329999923706055,19.59000015258789,18.84000015258789,18.850000381469727
2026-01-19 16:00:00+00:00,18.90999984741211,18.93000030517578,18.610000610351562,18.84000015258789
2026-01-20 08:00:00+00:00,19.940000534057617,20.600000381469727,19.940000534057617,20.139999389648438
2026-01-20 09:00:00+00:00,20.09000015258789,20.649999618530273,20.040000915527344,20.600000381469727
2026-01-20 10:00:00+00:00,20.34000015258789,20.690000534057617,19.989999771118164,20.190000534057617
2026-01-20 11:00:00+00:00,20.020000457763672,20.290000915527344,19.889999389648438,19.959999084472656
2026-01-20 12:00:00+00:00,20.1200008392334,20.229999542236328,19.329999923706055,19.639999389648438
2026-01-20 13:00:00+00:00,19.84000015258789,20.469999313354492,19.329999923706055,20.299999237060547
2026-01-20 14:00:00+00:00,19.760000228881836,20.469999313354492,19.25,19.68000030517578
2026-01-20 15:00:00+00:00,19.65999984741211,20.149999618530273,18.760000228881836,19.0
2026-01-20 16:00:00+00:00,19.139999389648438,19.239999771118164,18.639999389648438,18.780000686645508
2026-01-20 17:00:00+00:00,18.829999923706055,19.860000610351562,18.639999389648438,19.700000762939453
2026-01-20 18:00:00+00:00,19.260000228881836,20.75,19.260000228881836,20.389999389648438
2026-01-20 19:00:00+00:00,19.829999923706055,20.989999771118164,19.829999923706055,20.700000762939453
2026-01-20 20:00:00+00:00,20.760000228881836,20.989999771118164,20.459999084472656,20.459999084472656
2026-01-20 21:00:00+00:00,20.440000534057617,20.5,20.100000381469727,20.100000381469727
2026-01-21 08:00:00+00:00,19.309999465942383,19.34000015258789,19.110000610351562,19.190000534057617
2026-01-21 09:00:00+00:00,19.190000534057617,19.850000381469727,19.110000610351562,19.850000381469727
2026-01-21 10:00:00+00:00,19.31999969482422,19.90999984741211,19.31999969482422,19.790000915527344
2026-01-21 11:00:00+00:00,19.600000381469727,20.549999237060547,19.579999923706055,20.540000915527344
2026-01-21 12:00:00+00:00,19.860000610351562,20.760000228881836,19.809999465942383,20.520000457763672
2026-01-21 13:00:00+00:00,20.3799991607666,20.809999465942383,19.8700008392334,19.969999313354492
2026-01-21 14:00:00+00:00,20.6299991607666,20.809999465942383,17.989999771118164,18.020000457763672
2026-01-21 15:00:00+00:00,18.979999542236328,19.09000015258789,17.309999465942383,17.389999389648438
2026-01-21 16:00:00+00:00,17.709999084472656,18.829999923706055,17.309999465942383,18.829999923706055
2026-01-21 17:00:00+00:00,17.59000015258789,19.459999084472656,17.59000015258789,18.790000915527344
2026-01-21 18:00:00+00:00,18.950000762939453,19.540000915527344,18.3799991607666,18.420000076293945
2026-01-21 19:00:00+00:00,18.780000686645508,18.899999618530273,16.709999084472656,16.709999084472656
2026-01-21 20:00:00+00:00,17.469999313354492,17.489999771118164,16.670000076293945,17.040000915527344
2026-01-21 21:00:00+00:00,17.020000457763672,17.020000457763672,16.899999618530273,16.920000076293945
2026-01-22 08:00:00+00:00,16.649999618530273,16.670000076293945,16.149999618530273,16.260000228881836
2026-01-22 09:00:00+00:00,16.43000030517578,16.450000762939453,16.0,16.09000015258789
2026-01-22 10:00:00+00:00,16.1200008392334,16.18000030517578,16.030000686645508,16.030000686645508
2026-01-22 11:00:00+00:00,16.110000610351562,16.18000030517578,15.960000038146973,16.149999618530273
2026-01-22 12:00:00+00:00,16.079999923706055,16.190000534057617,15.960000038146973,16.110000610351562
2026-01-22 13:00:00+00:00,16.100000381469727,16.170000076293945,15.850000381469727,15.859999656677246
2026-01-22 14:00:00+00:00,15.949999809265137,16.280000686645508,15.6899995803833,16.190000534057617
2026-01-22 15:00:00+00:00,15.920000076293945,16.389999389648438,15.6899995803833,15.850000381469727
2026-01-22 16:00:00+00:00,15.930000305175781,15.960000038146973,15.460000038146973,15.609999656677246
2026-01-22 17:00:00+00:00,15.579999923706055,15.649999618530273,15.350000381469727,15.369999885559082
2026-01-22 18:00:00+00:00,15.5,15.550000190734863,15.350000381469727,15.510000228881836
2026-01-22 19:00:00+00:00,15.470000267028809,15.609999656677246,15.270000457763672,15.609999656677246
2026-01-22 20:00:00+00:00,15.329999923706055,15.899999618530273,15.319999694824219,15.619999885559082
2026-01-22 21:00:00+00:00,15.609999656677246,15.6899995803833,15.609999656677246,15.649999618530273
2026-01-23 08:00:00+00:00,15.680000305175781,15.899999618530273,15.630000114440918,15.859999656677246
2026-01-23 09:00:00+00:00,15.760000228881836,16.209999084472656,15.760000228881836,16.170000076293945
2026-01-23 10:00:00+00:00,15.880000114440918,16.209999084472656,15.880000114440918,16.079999923706055
2026-01-23 11:00:00+00:00,16.139999389648438,16.15999984741211,15.789999961853027,16.010000228881836
2026-01-23 12:00:00+00:00,15.8100004196167,16.079999923706055,15.720000267028809,15.739999771118164
2026-01-23 13:00:00+00:00,15.989999771118164,16.09000015258789,15.720000267028809,16.06999969482422
2026-01-23 14:00:00+00:00,15.989999771118164,16.149999618530273,15.729999542236328,15.850000381469727
2026-01-23 15:00:00+00:00,15.920000076293945,16.149999618530273,15.380000114440918,15.40999984741211
2026-01-23 16:00:00+00:00,15.670000076293945,15.680000305175781,15.300000190734863,15.460000038146973
2026-01-23 17:00:00+00:00,15.40999984741211,15.979999542236328,15.319999694824219,15.960000038146973
2026-01-23 18:00:00+00:00,15.420000076293945,15.979999542236328,15.40999984741211,15.640000343322754
2026-01-23 19:00:00+00:00,15.670000076293945,15.75,15.399999618530273,15.5
2026-01-23 20:00:00+00:00,15.539999961853027,15.890000343322754,15.479999542236328,15.770000457763672
2026-01-23 21:00:00+00:00,15.779999732971191,16.09000015258789,15.779999732971191,16.09000015258789
2026-01-26 08:00:00+00:00,16.899999618530273,16.920000076293945,16.700000762939453,16.700000762939453
2026-01-26 09:00:00+00:00,16.729999542236328,17.389999389648438,16.65999984741211,17.280000686645508
2026-01-26 10:00:00+00:00,16.770000457763672,17.389999389648438,16.770000457763672,17.030000686645508
2026-01-26 11:00:00+00:00,17.079999923706055,17.110000610351562,16.8799991607666,16.889999389648438
2026-01-26 12:00:00+00:00,17.079999923706055,17.079999923706055,16.709999084472656,16.75
2026-01-26 13:00:00+00:00,16.770000457763672,16.809999465942383,16.5,16.510000228881836
2026-01-26 14:00:00+00:00,16.639999389648438,16.760000228881836,16.049999237060547,16.149999618530273
2026-01-26 15:00:00+00:00,16.420000076293945,16.420000076293945,15.970000267028809,16.049999237060547
2026-01-26 16:00:00+00:00,16.06999969482422,16.190000534057617,15.970000267028809,16.0
2026-01-26 17:00:00+00:00,16.010000228881836,16.049999237060547,15.890000343322754,15.970000267028809
2026-01-26 18:00:00+00:00,15.930000305175781,16.049999237060547,15.890000343322754,15.9399995803833
2026-01-26 19:00:00+00:00,15.9399995803833,16.0,15.800000190734863,15.84000015258789
2026-01-26 20:00:00+00:00,15.850000381469727,16.110000610351562,15.800000190734863,16.049999237060547
2026-01-26 21:00:00+00:00,16.079999923706055,16.190000534057617,16.079999923706055,16.149999618530273
2026-01-27 08:00:00+00:00,16.020000457763672,16.059999465942383,15.989999771118164,16.020000457763672
2026-01-27 09:00:00+00:00,16.010000228881836,16.079999923706055,15.989999771118164,16.079999923706055
2026-01-27 10:00:00+00:00,16.020000457763672,16.079999923706055,15.979999542236328,16.0
2026-01-27 11:00:00+00:00,15.989999771118164,16.100000381469727,15.979999542236328,16.030000686645508
2026-01-27 12:00:00+00:00,16.09000015258789,16.1299991607666,16.010000228881836,16.09000015258789
2026-01-27 13:00:00+00:00,16.1200008392334,16.1299991607666,16.059999465942383,16.110000610351562
2026-01-27 14:00:00+00:00,16.100000381469727,16.270000457763672,15.899999618530273,15.9399995803833
2026-01-27 15:00:00+00:00,16.1299991607666,16.270000457763672,15.739999771118164,15.760000228881836
2026-01-27 16:00:00+00:00,15.989999771118164,15.989999771118164,15.739999771118164,15.90999984741211
2026-01-27 17:00:00+00:00,15.800000190734863,16.18000030517578,15.789999961853027,16.170000076293945
2026-01-27 18:00:00+00:00,16.059999465942383,16.270000457763672,15.9399995803833,15.979999542236328
2026-01-27 19:00:00+00:00,16.020000457763672,16.1299991607666,15.9399995803833,16.059999465942383
2026-01-27 20:00:00+00:00,16.059999465942383,16.280000686645508,16.030000686645508,16.209999084472656
2026-01-27 21:00:00+00:00,16.200000762939453,16.3700008392334,16.200000762939453,16.350000381469727
2026-01-28 08:00:00+00:00,16.09000015258789,16.219999313354492,16.049999237060547,16.209999084472656
2026-01-28 09:00:00+00:00,16.059999465942383,16.290000915527344,16.049999237060547,16.270000457763672
2026-01-28 10:00:00+00:00,16.260000228881836,16.299999237060547,16.18000030517578,16.200000762939453
2026-01-28 11:00:00+00:00,16.239999771118164,16.290000915527344,16.18000030517578,16.239999771118164
2026-01-28 12:00:00+00:00,16.239999771118164,16.520000457763672,16.209999084472656,16.440000534057617
2026-01-28 13:00:00+00:00,16.469999313354492,16.520000457763672,16.3799991607666,16.420000076293945
2026-01-28 14:00:00+00:00,16.469999313354492,16.6299991607666,16.350000381469727,16.6200008392334
2026-01-28 15:00:00+00:00,16.3700008392334,16.899999618530273,16.350000381469727,16.899999618530273
2026-01-28 16:00:00+00:00,16.65999984741211,17.18000030517578,16.610000610351562,17.15999984741211
2026-01-28 17:00:00+00:00,16.850000381469727,17.18000030517578,16.850000381469727,16.950000762939453
2026-01-28 18:00:00+00:00,17.040000915527344,17.1200008392334,16.6299991607666,16.639999389648438
2026-01-28 19:00:00+00:00,16.729999542236328,16.799999237060547,16.239999771118164,16.309999465942383
2026-01-28 20:00:00+00:00,16.719999313354492,16.739999771118164,16.139999389648438,16.479999542236328
2026-01-28 21:00:00+00:00,16.549999237060547,16.959999084472656,16.3799991607666,16.3799991607666
2026-01-29 08:00:00+00:00,16.040000915527344,16.149999618530273,16.020000457763672,16.110000610351562
2026-01-29 09:00:00+00:00,16.049999237060547,16.309999465942383,16.040000915527344,16.309999465942383
2026-01-29 10:00:00+00:00,16.110000610351562,16.719999313354492,16.06999969482422,16.719999313354492
2026-01-29 11:00:00+00:00,16.450000762939453,16.799999237060547,16.450000762939453,16.739999771118164
2026-01-29 12:00:00+00:00,16.68000030517578,16.799999237060547,16.540000915527344,16.68000030517578
2026-01-29 13:00:00+00:00,16.56999969482422,16.8700008392334,16.56999969482422,16.790000915527344
2026-01-29 14:00:00+00:00,16.75,18.5,16.649999618530273,18.5
2026-01-29 15:00:00+00:00,16.989999771118164,19.739999771118164,16.920000076293945,19.280000686645508
2026-01-29 16:00:00+00:00,18.579999923706055,19.739999771118164,18.1200008392334,18.239999771118164
2026-01-29 17:00:00+00:00,18.610000610351562,18.610000610351562,17.360000610351562,18.229999542236328
2026-01-29 18:00:00+00:00,17.559999465942383,18.229999542236328,17.329999923706055,17.530000686645508
2026-01-29 19:00:00+00:00,17.56999969482422,17.729999542236328,17.1200008392334,17.309999465942383
2026-01-29 20:00:00+00:00,17.149999618530273,17.350000381469727,16.719999313354492,16.790000915527344
2026-01-29 21:00:00+00:00,16.8700008392334,16.899999618530273,16.790000915527344,16.8799991607666
2026-01-30 08:00:00+00:00,18.719999313354492,19.010000228881836,18.520000457763672,18.579999923706055
2026-01-30 09:00:00+00:00,18.709999084472656,19.270000457763672,18.459999084472656,19.1200008392334
2026-01-30 10:00:00+00:00,18.790000915527344,19.270000457763672,18.739999771118164,18.899999618530273
2026-01-30 11:00:00+00:00,19.020000457763672,19.020000457763672,17.8799991607666,17.920000076293945
2026-01-30 12:00:00+00:00,18.350000381469727,18.360000610351562,17.709999084472656,17.899999618530273
2026-01-30 13:00:00+00:00,17.8799991607666,18.18000030517578,17.709999084472656,17.950000762939453
2026-01-30 14:00:00+00:00,17.729999542236328,18.18000030517578,17.09000015258789,17.489999771118164
2026-01-30 15:00:00+00:00,17.450000762939453,17.729999542236328,16.670000076293945,17.06999969482422
2026-01-30 16:00:00+00:00,17.399999618530273,17.65999984741211,16.670000076293945,17.65999984741211
2026-01-30 17:00:00+00:00,17.40999984741211,18.290000915527344,17.1200008392334,17.850000381469727
2026-01-30 18:00:00+00:00,17.530000686645508,18.520000457763672,17.350000381469727,17.40999984741211
2026-01-30 19:00:00+00:00,17.90999984741211,18.479999542236328,17.260000228881836,17.850000381469727
2026-01-30 20:00:00+00:00,17.780000686645508,18.18000030517578,17.25,17.549999237060547
2026-01-30 21:00:00+00:00,17.559999465942383,17.65999984741211,17.399999618530273,17.43000030517578
2026-02-02 08:00:00+00:00,19.950000762939453,19.959999084472656,19.31999969482422,19.350000381469727
2026-02-02 09:00:00+00:00,19.75,19.75,19.040000915527344,19.059999465942383
2026-02-02 10:00:00+00:00,19.18000030517578,19.3799991607666,19.0,19.270000457763672
2026-02-02 11:00:00+00:00,19.079999923706055,19.3799991607666,18.6299991607666,18.700000762939453
2026-02-02 12:00:00+00:00,18.760000228881836,18.809999465942383,18.25,18.559999465942383
2026-02-02 13:00:00+00:00,18.34000015258789,18.8799991607666,18.25,18.469999313354492
2026-02-02 14:00:00+00:00,18.770000457763672,18.8799991607666,17.18000030517578,17.540000915527344
2026-02-02 15:00:00+00:00,18.059999465942383,18.139999389648438,16.6299991607666,16.790000915527344
2026-02-02 16:00:00+00:00,16.8799991607666,16.920000076293945,16.270000457763672,16.290000915527344
2026-02-02 17:00:00+00:00,16.459999084472656,16.559999465942383,16.110000610351562,16.239999771118164
2026-02-02 18:00:00+00:00,16.290000915527344,16.389999389648438,16.139999389648438,16.170000076293945
2026-02-02 19:00:00+00:00,16.309999465942383,16.329999923706055,16.079999923706055,16.329999923706055
2026-02-02 20:00:00+00:00,16.1200008392334,16.6299991607666,16.1200008392334,16.459999084472656
2026-02-02 21:00:00+00:00,16.440000534057617,16.530000686645508,16.31999969482422,16.34000015258789
2026-02-03 08:00:00+00:00,16.15999984741211,16.280000686645508,16.149999618530273,16.229999542236328
2026-02-03 09:00:00+00:00,16.209999084472656,16.280000686645508,16.100000381469727,16.25
2026-02-03 10:00:00+00:00,16.260000228881836,16.280000686645508,16.139999389648438,16.229999542236328
2026-02-03 11:00:00+00:00,16.190000534057617,16.3799991607666,16.190000534057617,16.309999465942383
2026-02-03 12:00:00+00:00,16.290000915527344,16.3799991607666,16.049999237060547,16.100000381469727
2026-02-03 13:00:00+00:00,16.139999389648438,16.200000762939453,16.049999237060547,16.190000534057617
2026-02-03 14:00:00+00:00,16.1299991607666,16.969999313354492,16.110000610351562,16.969999313354492
2026-02-03 15:00:00+00:00,16.190000534057617,17.43000030517578,16.149999618530273,16.84000015258789
2026-02-03 16:00:00+00:00,17.059999465942383,17.709999084472656,16.75,17.540000915527344
2026-02-03 17:00:00+00:00,17.520000457763672,18.950000762939453,17.399999618530273,18.729999542236328
2026-02-03 18:00:00+00:00,18.309999465942383,19.739999771118164,18.309999465942383,19.739999771118164
2026-02-03 19:00:00+00:00,19.280000686645508,20.3700008392334,19.030000686645508,19.079999923706055
2026-02-03 20:00:00+00:00,19.469999313354492,19.610000610351562,17.93000030517578,17.969999313354492
2026-02-03 21:00:00+00:00,18.1200008392334,18.1200008392334,17.889999389648438,18.0
2026-02-04 08:00:00+00:00,17.6299991607666,18.079999923706055,17.6200008392334,17.889999389648438
2026-02-04 09:00:00+00:00,18.030000686645508,18.270000457763672,17.829999923706055,18.09000015258789
2026-02-04 10:00:00+00:00,18.219999313354492,18.270000457763672,17.739999771118164,17.809999465942383
2026-02-04 11:00:00+00:00,17.8700008392334,17.959999084472656,17.469999313354492,17.56999969482422
2026-02-04 12:00:00+00:00,17.93000030517578,17.950000762939453,17.469999313354492,17.739999771118164
2026-02-04 13:00:00+00:00,17.65999984741211,17.989999771118164,17.59000015258789,17.959999084472656
2026-02-04 14:00:00+00:00,17.760000228881836,18.729999542236328,17.719999313354492,18.709999084472656
2026-02-04 15:00:00+00:00,18.049999237060547,19.18000030517578,17.760000228881836,18.75
2026-02-04 16:00:00+00:00,18.190000534057617,19.770000457763672,18.18000030517578,19.079999923706055
2026-02-04 17:00:00+00:00,18.739999771118164,21.239999771118164,18.739999771118164,20.690000534057617
2026-02-04 18:00:00+00:00,20.40999984741211,21.239999771118164,19.729999542236328,19.969999313354492
2026-02-04 19:00:00+00:00,20.270000457763672,20.8700008392334,18.600000381469727,18.649999618530273
2026-02-04 20:00:00+00:00,19.540000915527344,19.540000915527344,18.530000686645508,19.290000915527344
2026-02-04 21:00:00+00:00,19.18000030517578,19.459999084472656,18.6299991607666,18.6299991607666
2026-02-05 08:00:00+00:00,19.239999771118164,19.739999771118164,19.059999465942383,19.6200008392334
2026-02-05 09:00:00+00:00,19.25,19.8700008392334,19.149999618530273,19.579999923706055
2026-02-05 10:00:00+00:00,19.3799991607666,19.729999542236328,19.25,19.450000762939453
2026-02-05 11:00:00+00:00,19.270000457763672,19.59000015258789,19.239999771118164,19.360000610351562
2026-02-05 12:00:00+00:00,19.43000030517578,21.18000030517578,19.209999084472656,20.6299991607666
2026-02-05 13:00:00+00:00,20.219999313354492,21.31999969482422,20.209999084472656,21.229999542236328
2026-02-05 14:00:00+00:00,20.709999084472656,22.110000610351562,20.450000762939453,21.34000015258789
2026-02-05 15:00:00+00:00,21.770000457763672,23.100000381469727,20.450000762939453,22.479999542236328
2026-02-05 16:00:00+00:00,22.93000030517578,23.100000381469727,20.010000228881836,20.049999237060547
2026-02-05 17:00:00+00:00,21.110000610351562,21.110000610351562,19.850000381469727,20.479999542236328
2026-02-05 18:00:00+00:00,20.079999923706055,21.219999313354492,19.850000381469727,21.1200008392334
2026-02-05 19:00:00+00:00,20.969999313354492,21.219999313354492,20.049999237060547,20.760000228881836
2026-02-05 20:00:00+00:00,20.34000015258789,22.030000686645508,20.18000030517578,21.56999969482422
2026-02-05 21:00:00+00:00,21.75,22.200000762939453,21.530000686645508,21.770000457763672
2026-02-06 08:00:00+00:00,21.239999771118164,21.489999771118164,21.15999984741211,21.270000457763672
2026-02-06 09:00:00+00:00,21.40999984741211,21.489999771118164,20.360000610351562,20.389999389648438
2026-02-06 10:00:00+00:00,20.75,20.75,20.360000610351562,20.389999389648438
2026-02-06 11:00:00+00:00,20.56999969482422,20.6299991607666,19.989999771118164,20.1200008392334
2026-02-06 12:00:00+00:00,20.139999389648438,20.469999313354492,19.989999771118164,20.3700008392334
2026-02-06 13:00:00+00:00,20.270000457763672,20.469999313354492,19.979999542236328,20.190000534057617
2026-02-06 14:00:00+00:00,20.100000381469727,20.260000228881836,18.780000686645508,19.139999389648438
2026-02-06 15:00:00+00:00,20.170000076293945,20.170000076293945,18.559999465942383,18.899999618530273
2026-02-06 16:00:00+00:00,19.030000686645508,19.280000686645508,18.0,18.100000381469727
2026-02-06 17:00:00+00:00,18.469999313354492,18.469999313354492,17.68000030517578,17.81999969482422
2026-02-06 18:00:00+00:00,17.940000534057617,18.010000228881836,17.68000030517578,18.010000228881836
2026-02-06 19:00:00+00:00,17.899999618530273,18.09000015258789,17.860000610351562,17.860000610351562
2026-02-06 20:00:00+00:00,17.959999084472656,18.06999969482422,17.270000457763672,17.6200008392334
2026-02-06 21:00:00+00:00,17.8700008392334,17.8700008392334,17.700000762939453,17.760000228881836
2026-02-09 08:00:00+00:00,17.950000762939453,18.1299991607666,17.940000534057617,18.110000610351562
2026-02-09 09:00:00+00:00,18.030000686645508,18.559999465942383,18.0,18.530000686645508
2026-02-09 10:00:00+00:00,18.190000534057617,19.200000762939453,18.18000030517578,18.84000015258789
2026-02-09 11:00:00+00:00,18.790000915527344,19.200000762939453,18.690000534057617,18.729999542236328
2026-02-09 12:00:00+00:00,18.790000915527344,18.8799991607666,18.479999542236328,18.479999542236328
2026-02-09 13:00:00+00:00,18.559999465942383,18.610000610351562,18.139999389648438,18.56999969482422
2026-02-09 14:00:00+00:00,18.25,18.860000610351562,17.969999313354492,18.170000076293945
2026-02-09 15:00:00+00:00,18.81999969482422,18.860000610351562,17.18000030517578,17.280000686645508
2026-02-09 16:00:00+00:00,17.559999465942383,17.559999465942383,17.049999237060547,17.09000015258789
2026-02-09 17:00:00+00:00,17.170000076293945,17.239999771118164,17.040000915527344,17.1299991607666
2026-02-09 18:00:00+00:00,17.1200008392334,17.270000457763672,17.0,17.100000381469727
2026-02-09 19:00:00+00:00,17.190000534057617,17.200000762939453,16.899999618530273,17.06999969482422
2026-02-09 20:00:00+00:00,16.959999084472656,17.489999771118164,16.950000762939453,17.3700008392334
2026-02-09 21:00:00+00:00,17.59000015258789,17.59000015258789,17.34000015258789,17.3700008392334
2026-02-10 08:00:00+00:00,17.469999313354492,17.549999237060547,17.420000076293945,17.459999084472656
2026-02-10 09:00:00+00:00,17.489999771118164,17.540000915527344,17.270000457763672,17.420000076293945
2026-02-10 10:00:00+00:00,17.309999465942383,17.510000228881836,17.299999237060547,17.43000030517578
2026-02-10 11:00:00+00:00,17.459999084472656,17.510000228881836,17.3700008392334,17.3799991607666
2026-02-10 12:00:00+00:00,17.450000762939453,17.719999313354492,17.31999969482422,17.709999084472656
2026-02-10 13:00:00+00:00,17.34000015258789,17.850000381469727,17.31999969482422,17.479999542236328
2026-02-10 14:00:00+00:00,17.719999313354492,17.75,17.219999313354492,17.280000686645508
2026-02-10 15:00:00+00:00,17.309999465942383,17.719999313354492,17.139999389648438,17.350000381469727
2026-02-10 16:00:00+00:00,17.34000015258789,17.639999389648438,17.219999313354492,17.469999313354492
2026-02-10 17:00:00+00:00,17.479999542236328,17.549999237060547,17.149999618530273,17.209999084472656
2026-02-10 18:00:00+00:00,17.280000686645508,17.93000030517578,17.149999618530273,17.68000030517578
2026-02-10 19:00:00+00:00,17.75,17.93000030517578,17.530000686645508,17.549999237060547
2026-02-10 20:00:00+00:00,17.610000610351562,17.969999313354492,17.469999313354492,17.809999465942383
2026-02-10 21:00:00+00:00,17.81999969482422,17.8700008392334,17.75,17.790000915527344
2026-02-11 08:00:00+00:00,17.8700008392334,17.940000534057617,17.729999542236328,17.799999237060547
2026-02-11 09:00:00+00:00,17.8700008392334,17.979999542236328,17.709999084472656,17.979999542236328
2026-02-11 10:00:00+00:00,17.770000457763672,18.350000381469727,17.760000228881836,18.18000030517578
2026-02-11 11:00:00+00:00,18.190000534057617,18.299999237060547,18.0,18.149999618530273
2026-02-11 12:00:00+00:00,18.0,18.200000762939453,17.940000534057617,17.940000534057617
2026-02-11 13:00:00+00:00,18.0,18.049999237060547,16.8700008392334,16.90999984741211
2026-02-11 14:00:00+00:00,17.739999771118164,17.739999771118164,16.75,17.389999389648438
2026-02-11 15:00:00+00:00,16.760000228881836,18.959999084472656,16.75,17.860000610351562
2026-02-11 16:00:00+00:00,18.799999237060547,18.799999237060547,17.43000030517578,17.829999923706055
2026-02-11 17:00:00+00:00,17.920000076293945,18.010000228881836,17.25,17.56999969482422
2026-02-11 18:00:00+00:00,17.350000381469727,17.93000030517578,17.25,17.559999465942383
2026-02-11 19:00:00+00:00,17.56999969482422,17.65999984741211,17.1200008392334,17.40999984741211
2026-02-11 20:00:00+00:00,17.18000030517578,17.68000030517578,17.170000076293945,17.649999618530273
2026-02-11 21:00:00+00:00,17.520000457763672,17.760000228881836,17.520000457763672,17.649999618530273
2026-02-12 08:00:00+00:00,17.440000534057617,17.559999465942383,17.350000381469727,17.3700008392334
2026-02-12 09:00:00+00:00,17.5,17.559999465942383,17.239999771118164,17.280000686645508
2026-02-12 10:00:00+00:00,17.280000686645508,17.450000762939453,17.239999771118164,17.40999984741211
2026-02-12 11:00:00+00:00,17.440000534057617,17.489999771118164,17.31999969482422,17.3799991607666
2026-02-12 12:00:00+00:00,17.3700008392334,17.489999771118164,17.299999237060547,17.440000534057617
2026-02-12 13:00:00+00:00,17.3799991607666,17.540000915527344,17.15999984741211,17.239999771118164
2026-02-12 14:00:00+00:00,17.40999984741211,17.75,17.079999923706055,17.739999771118164
2026-02-12 15:00:00+00:00,17.350000381469727,18.829999923706055,17.079999923706055,18.829999923706055
2026-02-12 16:00:00+00:00,17.459999084472656,20.600000381469727,17.389999389648438,20.030000686645508
2026-02-12 17:00:00+00:00,20.600000381469727,20.600000381469727,19.559999465942383,20.479999542236328
2026-02-12 18:00:00+00:00,20.190000534057617,20.719999313354492,19.68000030517578,19.899999618530273
2026-02-12 19:00:00+00:00,20.5,20.600000381469727,19.469999313354492,19.670000076293945
2026-02-12 20:00:00+00:00,19.969999313354492,21.209999084472656,19.469999313354492,20.739999771118164
2026-02-12 21:00:00+00:00,20.760000228881836,20.989999771118164,20.760000228881836,20.829999923706055
2026-02-13 08:00:00+00:00,21.479999542236328,21.920000076293945,21.06999969482422,21.190000534057617
2026-02-13 09:00:00+00:00,21.420000076293945,21.540000915527344,20.469999313354492,20.68000030517578
2026-02-13 10:00:00+00:00,20.639999389648438,21.010000228881836,20.469999313354492,21.010000228881836
2026-02-13 11:00:00+00:00,20.540000915527344,21.65999984741211,20.520000457763672,21.190000534057617
2026-02-13 12:00:00+00:00,21.40999984741211,21.65999984741211,21.020000457763672,21.3700008392334
2026-02-13 13:00:00+00:00,21.149999618530273,21.8700008392334,20.549999237060547,20.700000762939453
2026-02-13 14:00:00+00:00,21.15999984741211,22.399999618530273,20.489999771118164,21.950000762939453
2026-02-13 15:00:00+00:00,20.920000076293945,22.399999618530273,20.059999465942383,20.329999923706055
2026-02-13 16:00:00+00:00,20.670000076293945,21.1299991607666,19.329999923706055,19.459999084472656
2026-02-13 17:00:00+00:00,20.010000228881836,20.15999984741211,19.18000030517578,19.350000381469727
2026-02-13 18:00:00+00:00,19.450000762939453,19.59000015258789,18.920000076293945,19.469999313354492
2026-02-13 19:00:00+00:00,19.209999084472656,20.25,19.040000915527344,20.25
2026-02-13 20:00:00+00:00,19.739999771118164,21.5,19.6200008392334,20.6200008392334
2026-02-13 21:00:00+00:00,20.610000610351562,20.770000457763672,20.469999313354492,20.6200008392334
2026-02-16 08:00:00+00:00,20.729999542236328,20.850000381469727,20.56999969482422,20.6200008392334
2026-02-16 09:00:00+00:00,20.760000228881836,20.850000381469727,20.3799991607666,20.389999389648438
2026-02-16 10:00:00+00:00,20.440000534057617,20.579999923706055,20.3700008392334,20.459999084472656
2026-02-16 11:00:00+00:00,20.510000228881836,20.6200008392334,20.3700008392334,20.540000915527344
2026-02-16 12:00:00+00:00,20.489999771118164,20.610000610351562,20.399999618530273,20.56999969482422
2026-02-16 13:00:00+00:00,20.43000030517578,20.65999984741211,20.43000030517578,20.6299991607666
2026-02-16 14:00:00+00:00,20.59000015258789,21.5,20.510000228881836,21.049999237060547
2026-02-16 15:00:00+00:00,21.100000381469727,21.59000015258789,20.93000030517578,21.530000686645508
2026-02-16 16:00:00+00:00,21.389999389648438,21.6200008392334,21.100000381469727,21.200000762939453
2026-02-17 08:00:00+00:00,21.739999771118164,22.1299991607666,21.739999771118164,22.049999237060547
2026-02-17 09:00:00+00:00,21.8799991607666,22.1299991607666,21.700000762939453,21.739999771118164
2026-02-17 10:00:00+00:00,21.889999389648438,22.190000534057617,21.68000030517578,22.1200008392334
2026-02-17 11:00:00+00:00,21.84000015258789,22.229999542236328,21.770000457763672,21.829999923706055
2026-02-17 12:00:00+00:00,21.959999084472656,22.270000457763672,21.639999389648438,22.25
2026-02-17 13:00:00+00:00,21.979999542236328,22.709999084472656,21.729999542236328,22.149999618530273
2026-02-17 14:00:00+00:00,22.209999084472656,22.68000030517578,21.010000228881836,22.68000030517578
2026-02-17 15:00:00+00:00,21.700000762939453,22.959999084472656,21.010000228881836,22.030000686645508
2026-02-17 16:00:00+00:00,22.579999923706055,22.959999084472656,20.489999771118164,20.649999618530273
2026-02-17 17:00:00+00:00,21.06999969482422,21.3799991607666,20.489999771118164,20.8799991607666
2026-02-17 18:00:00+00:00,20.6299991607666,21.3799991607666,19.8799991607666,20.049999237060547
2026-02-17 19:00:00+00:00,20.399999618530273,20.450000762939453,19.760000228881836,19.969999313354492
2026-02-17 20:00:00+00:00,20.0,20.479999542236328,19.760000228881836,20.3700008392334
2026-02-17 21:00:00+00:00,20.299999237060547,20.3700008392334,20.270000457763672,20.290000915527344
2026-02-18 08:00:00+00:00,19.780000686645508,19.780000686645508,19.469999313354492,19.579999923706055
2026-02-18 09:00:00+00:00,19.610000610351562,19.649999618530273,19.329999923706055,19.489999771118164
2026-02-18 10:00:00+00:00,19.459999084472656,19.5,19.329999923706055,19.469999313354492
2026-02-18 11:00:00+00:00,19.3799991607666,19.93000030517578,19.3700008392334,19.93000030517578
2026-02-18 12:00:00+00:00,19.799999237060547,20.34000015258789,19.639999389648438,19.979999542236328
2026-02-18 13:00:00+00:00,19.979999542236328,20.34000015258789,19.719999313354492,20.010000228881836
2026-02-18 14:00:00+00:00,19.850000381469727,20.229999542236328,19.34000015258789,19.3799991607666
2026-02-18 15:00:00+00:00,20.040000915527344,20.200000762939453,18.639999389648438,18.65999984741211
2026-02-18 16:00:00+00:00,18.940000534057617,19.059999465942383,18.479999542236328,19.030000686645508
2026-02-18 17:00:00+00:00,18.850000381469727,19.06999969482422,18.549999237060547,18.639999389648438
2026-02-18 18:00:00+00:00,18.75,19.549999237060547,18.489999771118164,19.31999969482422
2026-02-18 19:00:00+00:00,18.90999984741211,20.209999084472656,18.8700008392334,20.100000381469727
2026-02-18 20:00:00+00:00,19.5,20.209999084472656,19.270000457763672,19.559999465942383
2026-02-18 21:00:00+00:00,19.530000686645508,19.649999618530273,19.510000228881836,19.6200008392334
2026-02-19 08:00:00+00:00,19.34000015258789,20.1200008392334,19.229999542236328,20.049999237060547
2026-02-19 09:00:00+00:00,19.280000686645508,20.65999984741211,19.25,20.3799991607666
2026-02-19 10:00:00+00:00,20.100000381469727,20.780000686645508,20.040000915527344,20.540000915527344
2026-02-19 11:00:00+00:00,20.65999984741211,20.719999313354492,20.139999389648438,20.18000030517578
2026-02-19 12:00:00+00:00,20.200000762939453,20.459999084472656,19.959999084472656,20.149999618530273
2026-02-19 13:00:00+00:00,20.020000457763672,20.549999237060547,20.0,20.420000076293945
2026-02-19 14:00:00+00:00,20.450000762939453,21.079999923706055,20.149999618530273,20.43000030517578
2026-02-19 15:00:00+00:00,20.450000762939453,21.079999923706055,19.969999313354492,20.09000015258789
2026-02-19 16:00:00+00:00,20.559999465942383,20.709999084472656,19.81999969482422,20.43000030517578
2026-02-19 17:00:00+00:00,20.280000686645508,20.84000015258789,19.93000030517578,20.799999237060547
2026-02-19 18:00:00+00:00,20.290000915527344,21.110000610351562,20.200000762939453,20.440000534057617
2026-02-19 19:00:00+00:00,20.8700008392334,21.059999465942383,20.350000381469727,20.829999923706055
2026-02-19 20:00:00+00:00,20.690000534057617,21.059999465942383,20.260000228881836,20.280000686645508
2026-02-19 21:00:00+00:00,20.260000228881836,20.309999465942383,20.219999313354492,20.219999313354492
2026-02-20 08:00:00+00:00,20.040000915527344,20.15999984741211,19.90999984741211,19.920000076293945
2026-02-20 09:00:00+00:00,20.010000228881836,20.15999984741211,19.6299991607666,20.0
2026-02-20 10:00:00+00:00,19.700000762939453,20.280000686645508,19.690000534057617,20.280000686645508
2026-02-20 11:00:00+00:00,20.079999923706055,20.75,20.059999465942383,20.68000030517578
2026-02-20 12:00:00+00:00,20.479999542236328,20.770000457763672,20.43000030517578,20.530000686645508
2026-02-20 13:00:00+00:00,20.65999984741211,21.09000015258789,20.329999923706055,20.84000015258789
2026-02-20 14:00:00+00:00,20.360000610351562,21.209999084472656,20.200000762939453,20.200000762939453
2026-02-20 15:00:00+00:00,21.209999084472656,21.209999084472656,18.850000381469727,18.8700008392334
2026-02-20 16:00:00+00:00,19.600000381469727,20.059999465942383,18.770000457763672,19.110000610351562
2026-02-20 17:00:00+00:00,19.56999969482422,20.3700008392334,18.860000610351562,19.559999465942383
2026-02-20 18:00:00+00:00,20.110000610351562,20.270000457763672,18.809999465942383,18.950000762939453
2026-02-20 19:00:00+00:00,19.81999969482422,19.899999618530273,18.760000228881836,19.1299991607666
2026-02-20 20:00:00+00:00,19.030000686645508,19.3700008392334,18.899999618530273,19.209999084472656
2026-02-20 21:00:00+00:00,19.110000610351562,19.149999618530273,19.040000915527344,19.079999923706055
2026-02-23 08:00:00+00:00,20.489999771118164,20.639999389648438,20.399999618530273,20.40999984741211
2026-02-23 09:00:00+00:00,20.520000457763672,20.639999389648438,19.8799991607666,19.90999984741211
2026-02-23 10:00:00+00:00,20.09000015258789,20.100000381469727,19.799999237060547,19.920000076293945
2026-02-23 11:00:00+00:00,19.899999618530273,20.3700008392334,19.829999923706055,20.219999313354492
2026-02-23 12:00:00+00:00,19.969999313354492,20.579999923706055,19.969999313354492,20.579999923706055
2026-02-23 13:00:00+00:00,20.360000610351562,20.610000610351562,20.190000534057617,20.270000457763672
2026-02-23 14:00:00+00:00,20.459999084472656,20.5,19.5,20.329999923706055
2026-02-23 15:00:00+00:00,19.649999618530273,21.469999313354492,19.5,21.469999313354492
2026-02-23 16:00:00+00:00,20.780000686645508,22.040000915527344,20.65999984741211,21.270000457763672
2026-02-23 17:00:00+00:00,20.959999084472656,21.760000228881836,20.950000762939453,21.219999313354492
2026-02-23 18:00:00+00:00,21.3700008392334,21.760000228881836,20.56999969482422,21.15999984741211
2026-02-23 19:00:00+00:00,20.600000381469727,21.56999969482422,20.600000381469727,21.530000686645508
2026-02-23 20:00:00+00:00,21.31999969482422,21.709999084472656,21.200000762939453,21.350000381469727
2026-02-23 21:00:00+00:00,21.290000915527344,21.329999923706055,21.010000228881836,21.010000228881836
2026-02-24 08:00:00+00:00,21.239999771118164,21.479999542236328,21.100000381469727,21.31999969482422
2026-02-24 09:00:00+00:00,21.18000030517578,21.479999542236328,20.93000030517578,20.940000534057617
2026-02-24 10:00:00+00:00,21.040000915527344,21.219999313354492,20.850000381469727,21.059999465942383
2026-02-24 11:00:00+00:00,20.959999084472656,21.1200008392334,20.940000534057617,20.979999542236328
2026-02-24 12:00:00+00:00,21.100000381469727,21.530000686645508,20.780000686645508,21.43000030517578
2026-02-24 13:00:00+00:00,21.139999389648438,21.530000686645508,20.959999084472656,21.040000915527344
2026-02-24 14:00:00+00:00,21.229999542236328,22.079999923706055,20.399999618530273,20.989999771118164
2026-02-24 15:00:00+00:00,21.530000686645508,22.079999923706055,19.780000686645508,20.1200008392334
2026-02-24 16:00:00+00:00,19.81999969482422,20.1299991607666,19.59000015258789,19.75
2026-02-24 17:00:00+00:00,19.81999969482422,20.059999465942383,19.389999389648438,19.459999084472656
2026-02-24 18:00:00+00:00,19.469999313354492,19.649999618530273,19.280000686645508,19.43000030517578
2026-02-24 19:00:00+00:00,19.610000610351562,19.770000457763672,19.329999923706055,19.549999237060547
2026-02-24 20:00:00+00:00,19.709999084472656,19.739999771118164,19.229999542236328,19.489999771118164
2026-02-24 21:00:00+00:00,19.469999313354492,19.6299991607666,19.469999313354492,19.549999237060547
2026-02-25 08:00:00+00:00,19.59000015258789,19.6200008392334,19.440000534057617,19.510000228881836
2026-02-25 09:00:00+00:00,19.5,19.56999969482422,19.43000030517578,19.450000762939453
2026-02-25 10:00:00+00:00,19.510000228881836,19.579999923706055,19.420000076293945,19.56999969482422
2026-02-25 11:00:00+00:00,19.5,19.579999923706055,19.270000457763672,19.270000457763672
2026-02-25 12:00:00+00:00,19.5,19.5,18.989999771118164,19.010000228881836
2026-02-25 13:00:00+00:00,19.15999984741211,19.200000762939453,18.889999389648438,18.940000534057617
2026-02-25 14:00:00+00:00,19.010000228881836,19.110000610351562,18.549999237060547,18.649999618530273
2026-02-25 15:00:00+00:00,18.739999771118164,18.829999923706055,18.540000915527344,18.65999984741211
2026-02-25 16:00:00+00:00,18.579999923706055,18.829999923706055,18.34000015258789,18.420000076293945
2026-02-25 17:00:00+00:00,18.520000457763672,18.530000686645508,18.34000015258789,18.389999389648438
2026-02-25 18:00:00+00:00,18.459999084472656,18.479999542236328,18.329999923706055,18.34000015258789
2026-02-25 19:00:00+00:00,18.440000534057617,18.440000534057617,18.100000381469727,18.1200008392334
2026-02-25 20:00:00+00:00,18.280000686645508,18.280000686645508,17.93000030517578,17.940000534057617
2026-02-25 21:00:00+00:00,17.959999084472656,17.969999313354492,17.860000610351562,17.93000030517578
2026-02-26 08:00:00+00:00,18.06999969482422,18.1299991607666,17.90999984741211,18.09000015258789
2026-02-26 09:00:00+00:00,18.030000686645508,18.1299991607666,17.860000610351562,17.950000762939453
2026-02-26 10:00:00+00:00,18.0,18.059999465942383,17.860000610351562,18.030000686645508
2026-02-26 11:00:00+00:00,18.020000457763672,18.059999465942383,17.90999984741211,17.93000030517578
2026-02-26 12:00:00+00:00,17.959999084472656,18.010000228881836,17.729999542236328,17.790000915527344
2026-02-26 13:00:00+00:00,17.760000228881836,17.829999923706055,17.5,17.520000457763672
2026-02-26 14:00:00+00:00,17.639999389648438,18.600000381469727,17.5,18.510000228881836
2026-02-26 15:00:00+00:00,17.950000762939453,20.540000915527344,17.8700008392334,19.43000030517578
2026-02-26 16:00:00+00:00,20.200000762939453,20.510000228881836,19.049999237060547,19.889999389648438
2026-02-26 17:00:00+00:00,19.09000015258789,20.219999313354492,19.049999237060547,20.059999465942383
2026-02-26 18:00:00+00:00,19.790000915527344,20.290000915527344,19.049999237060547,19.280000686645508
2026-02-26 19:00:00+00:00,20.0,20.010000228881836,18.600000381469727,18.729999542236328
2026-02-26 20:00:00+00:00,18.90999984741211,18.90999984741211,18.43000030517578,18.6299991607666
2026-02-26 21:00:00+00:00,18.600000381469727,18.739999771118164,18.56999969482422,18.639999389648438
2026-02-27 08:00:00+00:00,19.280000686645508,19.329999923706055,19.06999969482422,19.079999923706055
2026-02-27 09:00:00+00:00,19.15999984741211,19.479999542236328,18.770000457763672,19.479999542236328
2026-02-27 10:00:00+00:00,18.950000762939453,20.09000015258789,18.950000762939453,19.940000534057617
2026-02-27 11:00:00+00:00,19.75,20.34000015258789,19.639999389648438,20.200000762939453
2026-02-27 12:00:00+00:00,19.950000762939453,20.649999618530273,19.8700008392334,20.579999923706055
2026-02-27 13:00:00+00:00,19.989999771118164,21.639999389648438,19.969999313354492,21.06999969482422
2026-02-27 14:00:00+00:00,20.940000534057617,21.739999771118164,20.920000076293945,21.3700008392334
2026-02-27 15:00:00+00:00,21.290000915527344,21.739999771118164,19.950000762939453,20.219999313354492
2026-02-27 16:00:00+00:00,20.56999969482422,20.739999771118164,19.709999084472656,20.15999984741211
2026-02-27 17:00:00+00:00,19.969999313354492,20.75,19.709999084472656,20.450000762939453
2026-02-27 18:00:00+00:00,20.469999313354492,20.950000762939453,20.190000534057617,20.719999313354492
2026-02-27 19:00:00+00:00,20.75,20.989999771118164,20.469999313354492,20.809999465942383
2026-02-27 20:00:00+00:00,20.850000381469727,20.989999771118164,19.790000915527344,19.799999237060547
2026-02-27 21:00:00+00:00,19.899999618530273,20.030000686645508,19.81999969482422,19.850000381469727
2026-03-02 08:00:00+00:00,24.65999984741211,25.239999771118164,24.09000015258789,24.3700008392334
2026-03-02 09:00:00+00:00,25.18000030517578,25.18000030517578,23.350000381469727,23.549999237060547
2026-03-02 10:00:00+00:00,23.469999313354492,23.799999237060547,22.940000534057617,23.190000534057617
2026-03-02 11:00:00+00:00,23.270000457763672,23.309999465942383,22.68000030517578,23.06999969482422
2026-03-02 12:00:00+00:00,23.170000076293945,23.770000457763672,22.68000030517578,23.600000381469727
2026-03-02 13:00:00+00:00,23.530000686645508,23.770000457763672,22.6200008392334,23.549999237060547
2026-03-02 14:00:00+00:00,22.989999771118164,23.709999084472656,21.799999237060547,21.84000015258789
2026-03-02 15:00:00+00:00,23.209999084472656,23.209999084472656,21.1299991607666,21.520000457763672
2026-03-02 16:00:00+00:00,21.84000015258789,22.190000534057617,20.75,21.020000457763672
2026-03-02 17:00:00+00:00,21.90999984741211,22.0,20.75,20.799999237060547
2026-03-02 18:00:00+00:00,20.93000030517578,21.450000762939453,20.75,21.450000762939453
2026-03-02 19:00:00+00:00,21.059999465942383,21.459999084472656,20.3700008392334,20.43000030517578
2026-03-02 20:00:00+00:00,20.520000457763672,21.790000915527344,20.3700008392334,21.31999969482422
2026-03-02 21:00:00+00:00,21.3799991607666,21.56999969482422,21.31999969482422,21.450000762939453
2026-03-03 08:00:00+00:00,24.56999969482422,25.559999465942383,24.34000015258789,25.559999465942383
2026-03-03 09:00:00+00:00,24.8700008392334,26.06999969482422,24.649999618530273,26.030000686645508
2026-03-03 10:00:00+00:00,25.190000534057617,26.989999771118164,25.049999237060547,26.649999618530273
2026-03-03 11:00:00+00:00,26.489999771118164,27.299999237060547,25.610000610351562,25.989999771118164
2026-03-03 12:00:00+00:00,26.3799991607666,26.450000762939453,24.850000381469727,24.950000762939453
2026-03-03 13:00:00+00:00,25.1299991607666,26.209999084472656,24.850000381469727,25.979999542236328
2026-03-03 14:00:00+00:00,25.450000762939453,26.639999389648438,24.56999969482422,26.520000457763672
2026-03-03 15:00:00+00:00,24.989999771118164,28.149999618530273,24.56999969482422,26.899999618530273
2026-03-03 16:00:00+00:00,28.100000381469727,28.100000381469727,23.90999984741211,24.280000686645508
2026-03-03 17:00:00+00:00,24.969999313354492,25.6200008392334,23.8799991607666,24.209999084472656
2026-03-03 18:00:00+00:00,23.989999771118164,24.790000915527344,22.6200008392334,22.799999237060547
2026-03-03 19:00:00+00:00,23.450000762939453,23.479999542236328,22.18000030517578,22.530000686645508
2026-03-03 20:00:00+00:00,23.0,23.719999313354492,22.18000030517578,23.530000686645508
2026-03-03 21:00:00+00:00,23.65999984741211,23.690000534057617,23.579999923706055,23.579999923706055
2026-03-04 08:00:00+00:00,24.389999389648438,24.8700008392334,24.299999237060547,24.670000076293945
2026-03-04 09:00:00+00:00,24.75,24.850000381469727,23.6200008392334,23.649999618530273
2026-03-04 10:00:00+00:00,24.18000030517578,24.239999771118164,22.59000015258789,22.90999984741211
2026-03-04 11:00:00+00:00,23.079999923706055,23.1200008392334,22.469999313354492,23.100000381469727
2026-03-04 12:00:00+00:00,22.68000030517578,23.729999542236328,22.649999618530273,23.079999923706055
2026-03-04 13:00:00+00:00,23.690000534057617,23.729999542236328,22.15999984741211,22.280000686645508
2026-03-04 14:00:00+00:00,22.5,23.149999618530273,22.100000381469727,22.56999969482422
2026-03-04 15:00:00+00:00,22.309999465942383,23.149999618530273,20.530000686645508,20.610000610351562
2026-03-04 16:00:00+00:00,20.559999465942383,21.31999969482422,20.399999618530273,20.860000610351562
2026-03-04 17:00:00+00:00,21.010000228881836,21.40999984741211,20.639999389648438,20.799999237060547
2026-03-04 18:00:00+00:00,21.170000076293945,21.40999984741211,20.540000915527344,20.6200008392334
2026-03-04 19:00:00+00:00,20.75,20.75,20.479999542236328,20.56999969482422
2026-03-04 20:00:00+00:00,20.610000610351562,21.329999923706055,20.510000228881836,21.229999542236328
2026-03-04 21:00:00+00:00,21.34000015258789,21.579999923706055,21.18000030517578,21.18000030517578
2026-03-05 08:00:00+00:00,22.110000610351562,22.309999465942383,21.780000686645508,21.809999465942383
2026-03-05 09:00:00+00:00,22.139999389648438,22.309999465942383,20.549999237060547,21.440000534057617
2026-03-05 10:00:00+00:00,21.170000076293945,21.68000030517578,21.139999389648438,21.389999389648438
2026-03-05 11:00:00+00:00,21.219999313354492,21.5,21.010000228881836,21.420000076293945
2026-03-05 12:00:00+00:00,21.09000015258789,21.829999923706055,20.920000076293945,21.68000030517578
2026-03-05 13:00:00+00:00,21.25,22.389999389648438,21.209999084472656,22.34000015258789
2026-03-05 14:00:00+00:00,21.59000015258789,22.719999313354492,21.3799991607666,21.399999618530273
2026-03-05 15:00:00+00:00,22.260000228881836,23.579999923706055,21.18000030517578,22.469999313354492
2026-03-05 16:00:00+00:00,22.989999771118164,23.700000762939453,22.1200008392334,22.940000534057617
2026-03-05 17:00:00+00:00,23.489999771118164,25.059999465942383,22.440000534057617,24.969999313354492
2026-03-05 18:00:00+00:00,23.979999542236328,25.280000686645508,23.899999618530273,25.0
2026-03-05 19:00:00+00:00,25.059999465942383,25.84000015258789,24.420000076293945,25.200000762939453
2026-03-05 20:00:00+00:00,25.290000915527344,25.84000015258789,23.219999313354492,23.3700008392334
2026-03-05 21:00:00+00:00,23.329999923706055,23.760000228881836,23.329999923706055,23.75
2026-03-06 08:00:00+00:00,23.200000762939453,23.610000610351562,22.920000076293945,23.209999084472656
2026-03-06 09:00:00+00:00,23.600000381469727,24.8700008392334,22.920000076293945,24.690000534057617
2026-03-06 10:00:00+00:00,24.239999771118164,24.8700008392334,24.059999465942383,24.219999313354492
2026-03-06 11:00:00+00:00,24.059999465942383,25.6299991607666,24.059999465942383,25.600000381469727
2026-03-06 12:00:00+00:00,24.3799991607666,26.18000030517578,24.360000610351562,25.989999771118164
2026-03-06 13:00:00+00:00,25.510000228881836,27.889999389648438,25.09000015258789,27.639999389648438
2026-03-06 14:00:00+00:00,25.09000015258789,28.56999969482422,25.09000015258789,27.899999618530273
2026-03-06 15:00:00+00:00,27.579999923706055,28.56999969482422,25.309999465942383,25.829999923706055
2026-03-06 16:00:00+00:00,26.020000457763672,26.809999465942383,25.309999465942383,25.899999618530273
2026-03-06 17:00:00+00:00,25.920000076293945,27.56999969482422,25.399999618530273,27.049999237060547
2026-03-06 18:00:00+00:00,26.540000915527344,27.56999969482422,25.850000381469727,27.010000228881836
2026-03-06 19:00:00+00:00,26.649999618530273,27.110000610351562,26.350000381469727,26.729999542236328
2026-03-06 20:00:00+00:00,26.610000610351562,29.700000762939453,26.350000381469727,29.65999984741211
2026-03-06 21:00:00+00:00,29.690000534057617,29.93000030517578,29.510000228881836,29.510000228881836
2026-03-09 07:00:00+00:00,35.119998931884766,35.29999923706055,34.5,34.72999954223633
2026-03-09 08:00:00+00:00,34.70000076293945,34.9900016784668,33.22999954223633,33.36000061035156
2026-03-09 09:00:00+00:00,34.06999969482422,34.06999969482422,30.549999237060547,31.530000686645508
2026-03-09 10:00:00+00:00,31.610000610351562,32.59000015258789,30.549999237060547,32.18000030517578
2026-03-09 11:00:00+00:00,32.279998779296875,32.59000015258789,31.420000076293945,31.829999923706055
2026-03-09 12:00:00+00:00,32.439998626708984,32.439998626708984,30.489999771118164,31.579999923706055
2026-03-09 13:00:00+00:00,30.5,31.8700008392334,30.3700008392334,30.829999923706055
2026-03-09 14:00:00+00:00,30.3700008392334,31.84000015258789,28.450000762939453,28.739999771118164
2026-03-09 15:00:00+00:00,30.950000762939453,30.950000762939453,27.43000030517578,27.56999969482422
2026-03-09 16:00:00+00:00,27.790000915527344,28.18000030517578,26.389999389648438,26.639999389648438
2026-03-09 17:00:00+00:00,27.09000015258789,28.09000015258789,26.389999389648438,27.760000228881836
2026-03-09 18:00:00+00:00,27.889999389648438,28.09000015258789,26.719999313354492,27.219999313354492
2026-03-09 19:00:00+00:00,27.049999237060547,27.3700008392334,24.760000228881836,25.079999923706055
2026-03-09 20:00:00+00:00,25.030000686645508,25.739999771118164,24.8799991607666,25.5
2026-03-10 07:00:00+00:00,24.389999389648438,24.420000076293945,23.399999618530273,23.420000076293945
2026-03-10 08:00:00+00:00,23.75,23.90999984741211,22.93000030517578,23.739999771118164
2026-03-10 09:00:00+00:00,23.200000762939453,23.809999465942383,22.93000030517578,23.780000686645508
2026-03-10 10:00:00+00:00,23.56999969482422,24.510000228881836,23.389999389648438,24.139999389648438
2026-03-10 11:00:00+00:00,24.020000457763672,25.1200008392334,23.649999618530273,25.06999969482422
2026-03-10 12:00:00+00:00,24.530000686645508,26.010000228881836,24.510000228881836,25.09000015258789
2026-03-10 13:00:00+00:00,25.6299991607666,25.899999618530273,24.020000457763672,24.8700008392334
2026-03-10 14:00:00+00:00,24.25,25.100000381469727,22.719999313354492,22.739999771118164
2026-03-10 15:00:00+00:00,23.860000610351562,23.860000610351562,22.600000381469727,22.799999237060547
2026-03-10 16:00:00+00:00,22.8799991607666,23.350000381469727,22.68000030517578,22.760000228881836
2026-03-10 17:00:00+00:00,23.040000915527344,23.079999923706055,22.190000534057617,22.68000030517578
2026-03-10 18:00:00+00:00,22.219999313354492,25.18000030517578,22.219999313354492,24.200000762939453
2026-03-10 19:00:00+00:00,24.040000915527344,25.739999771118164,23.780000686645508,25.549999237060547
2026-03-10 20:00:00+00:00,25.520000457763672,25.520000457763672,24.90999984741211,24.90999984741211
2026-03-11 07:00:00+00:00,24.899999618530273,25.6299991607666,24.899999618530273,25.209999084472656
2026-03-11 08:00:00+00:00,25.100000381469727,25.940000534057617,24.969999313354492,25.6299991607666
2026-03-11 09:00:00+00:00,25.25,26.229999542236328,25.020000457763672,26.190000534057617
2026-03-11 10:00:00+00:00,26.0,26.229999542236328,24.809999465942383,24.84000015258789
2026-03-11 11:00:00+00:00,25.40999984741211,25.860000610351562,24.549999237060547,25.6200008392334
2026-03-11 12:00:00+00:00,25.219999313354492,25.93000030517578,24.8799991607666,25.68000030517578
2026-03-11 13:00:00+00:00,24.940000534057617,25.93000030517578,24.479999542236328,24.649999618530273
2026-03-11 14:00:00+00:00,24.479999542236328,25.360000610351562,23.75,24.170000076293945
2026-03-11 15:00:00+00:00,25.030000686645508,25.809999465942383,23.940000534057617,25.43000030517578
2026-03-11 16:00:00+00:00,25.420000076293945,25.889999389648438,24.809999465942383,24.850000381469727
2026-03-11 17:00:00+00:00,25.639999389648438,25.790000915527344,24.520000457763672,25.25
2026-03-11 18:00:00+00:00,24.59000015258789,25.790000915527344,24.530000686645508,24.770000457763672
2026-03-11 19:00:00+00:00,24.920000076293945,25.25,24.31999969482422,24.31999969482422
2026-03-11 20:00:00+00:00,24.260000228881836,24.420000076293945,24.209999084472656,24.219999313354492
2026-03-12 07:00:00+00:00,25.479999542236328,25.510000228881836,25.010000228881836,25.049999237060547
2026-03-12 08:00:00+00:00,25.280000686645508,25.549999237060547,24.770000457763672,25.18000030517578
2026-03-12 09:00:00+00:00,25.25,25.729999542236328,24.959999084472656,24.959999084472656
2026-03-12 10:00:00+00:00,25.469999313354492,25.469999313354492,24.90999984741211,25.209999084472656
2026-03-12 11:00:00+00:00,25.219999313354492,25.559999465942383,24.600000381469727,25.450000762939453
2026-03-12 12:00:00+00:00,25.170000076293945,26.030000686645508,24.600000381469727,25.709999084472656
2026-03-12 13:00:00+00:00,25.520000457763672,26.93000030517578,25.520000457763672,26.65999984741211
2026-03-12 14:00:00+00:00,26.260000228881836,26.950000762939453,25.520000457763672,26.479999542236328
2026-03-12 15:00:00+00:00,26.719999313354492,27.219999313354492,25.520000457763672,26.100000381469727
2026-03-12 16:00:00+00:00,26.719999313354492,27.0,25.520000457763672,26.030000686645508
2026-03-12 17:00:00+00:00,26.270000457763672,26.510000228881836,25.40999984741211,26.200000762939453
2026-03-12 18:00:00+00:00,26.0,26.799999237060547,25.559999465942383,26.780000686645508
2026-03-12 19:00:00+00:00,26.25,27.170000076293945,26.030000686645508,27.1299991607666
2026-03-12 20:00:00+00:00,27.18000030517578,27.329999923706055,26.93000030517578,27.270000457763672
2026-03-13 07:00:00+00:00,27.850000381469727,28.09000015258789,27.6200008392334,27.8799991607666
2026-03-13 08:00:00+00:00,27.75,28.469999313354492,27.389999389648438,27.43000030517578
2026-03-13 09:00:00+00:00,28.389999389648438,28.389999389648438,26.81999969482422,26.979999542236328
2026-03-13 10:00:00+00:00,27.030000686645508,27.139999389648438,26.170000076293945,26.190000534057617
2026-03-13 11:00:00+00:00,26.389999389648438,26.56999969482422,25.700000762939453,25.75
2026-03-13 12:00:00+00:00,26.020000457763672,26.09000015258789,25.1200008392334,25.540000915527344
2026-03-13 13:00:00+00:00,25.81999969482422,25.969999313354492,24.670000076293945,25.280000686645508
2026-03-13 14:00:00+00:00,25.489999771118164,26.950000762939453,24.670000076293945,26.8700008392334
2026-03-13 15:00:00+00:00,25.68000030517578,27.540000915527344,25.219999313354492,27.450000762939453
2026-03-13 16:00:00+00:00,27.190000534057617,27.540000915527344,26.8700008392334,27.389999389648438
2026-03-13 17:00:00+00:00,27.1200008392334,27.760000228881836,26.84000015258789,27.6200008392334
2026-03-13 18:00:00+00:00,26.989999771118164,27.760000228881836,26.780000686645508,26.959999084472656
2026-03-13 19:00:00+00:00,27.31999969482422,27.520000457763672,26.780000686645508,27.239999771118164
2026-03-13 20:00:00+00:00,27.18000030517578,27.309999465942383,27.170000076293945,27.209999084472656
2026-03-16 07:00:00+00:00,25.8799991607666,26.209999084472656,25.850000381469727,26.139999389648438
2026-03-16 08:00:00+00:00,25.950000762939453,26.25,25.690000534057617,26.020000457763672
2026-03-16 09:00:00+00:00,25.889999389648438,26.420000076293945,25.829999923706055,26.389999389648438
2026-03-16 10:00:00+00:00,26.110000610351562,26.420000076293945,25.40999984741211,25.440000534057617
2026-03-16 11:00:00+00:00,25.6299991607666,25.81999969482422,25.18000030517578,25.18000030517578
2026-03-16 12:00:00+00:00,25.56999969482422,25.579999923706055,24.81999969482422,25.190000534057617
2026-03-16 13:00:00+00:00,25.1299991607666,25.209999084472656,24.0,24.040000915527344
2026-03-16 14:00:00+00:00,25.059999465942383,25.059999465942383,23.56999969482422,24.049999237060547
2026-03-16 15:00:00+00:00,23.93000030517578,24.68000030517578,23.440000534057617,24.260000228881836
2026-03-16 16:00:00+00:00,23.729999542236328,24.899999618530273,23.440000534057617,24.420000076293945
2026-03-16 17:00:00+00:00,24.850000381469727,24.889999389648438,23.959999084472656,24.079999923706055
2026-03-16 18:00:00+00:00,24.09000015258789,24.34000015258789,23.520000457763672,23.770000457763672
2026-03-16 19:00:00+00:00,23.579999923706055,24.09000015258789,23.229999542236328,23.690000534057617
2026-03-16 20:00:00+00:00,23.75,23.75,23.510000228881836,23.510000228881836
2026-03-17 07:00:00+00:00,24.559999465942383,24.579999923706055,24.110000610351562,24.360000610351562
2026-03-17 08:00:00+00:00,24.239999771118164,24.549999237060547,24.110000610351562,24.280000686645508
2026-03-17 09:00:00+00:00,24.420000076293945,24.549999237060547,23.540000915527344,23.540000915527344
2026-03-17 10:00:00+00:00,23.59000015258789,23.899999618530273,23.520000457763672,23.600000381469727
2026-03-17 11:00:00+00:00,23.790000915527344,23.809999465942383,23.34000015258789,23.559999465942383
2026-03-17 12:00:00+00:00,23.43000030517578,23.559999465942383,22.639999389648438,22.709999084472656
2026-03-17 13:00:00+00:00,22.860000610351562,22.860000610351562,22.0,22.190000534057617
2026-03-17 14:00:00+00:00,22.360000610351562,22.709999084472656,21.8700008392334,22.010000228881836
2026-03-17 15:00:00+00:00,22.389999389648438,23.110000610351562,21.8700008392334,22.809999465942383
2026-03-17 16:00:00+00:00,22.56999969482422,23.110000610351562,22.5,22.639999389648438
2026-03-17 17:00:00+00:00,22.719999313354492,22.81999969482422,22.209999084472656,22.239999771118164
2026-03-17 18:00:00+00:00,22.3799991607666,22.530000686645508,22.06999969482422,22.34000015258789
2026-03-17 19:00:00+00:00,22.489999771118164,22.530000686645508,22.229999542236328,22.450000762939453
2026-03-17 20:00:00+00:00,22.459999084472656,22.469999313354492,22.3700008392334,22.3700008392334
2026-03-18 07:00:00+00:00,21.510000228881836,21.690000534057617,21.469999313354492,21.690000534057617
2026-03-18 08:00:00+00:00,21.540000915527344,21.809999465942383,21.510000228881836,21.68000030517578
2026-03-18 09:00:00+00:00,21.770000457763672,21.809999465942383,21.59000015258789,21.639999389648438
2026-03-18 10:00:00+00:00,21.65999984741211,21.770000457763672,21.5,21.75
2026-03-18 11:00:00+00:00,21.59000015258789,22.170000076293945,21.540000915527344,22.06999969482422
2026-03-18 12:00:00+00:00,22.110000610351562,23.8700008392334,21.81999969482422,23.790000915527344
2026-03-18 13:00:00+00:00,22.639999389648438,23.8700008392334,22.639999389648438,22.739999771118164
2026-03-18 14:00:00+00:00,22.93000030517578,23.84000015258789,22.579999923706055,23.260000228881836
2026-03-18 15:00:00+00:00,23.600000381469727,23.84000015258789,22.979999542236328,23.260000228881836
2026-03-18 16:00:00+00:00,23.350000381469727,23.65999984741211,23.15999984741211,23.440000534057617
2026-03-18 17:00:00+00:00,23.270000457763672,23.790000915527344,23.260000228881836,23.270000457763672
2026-03-18 18:00:00+00:00,23.639999389648438,24.139999389648438,23.010000228881836,24.059999465942383
2026-03-18 19:00:00+00:00,23.350000381469727,24.6299991607666,23.34000015258789,24.59000015258789
2026-03-18 20:00:00+00:00,24.649999618530273,25.1299991607666,24.56999969482422,25.09000015258789
2026-03-19 07:00:00+00:00,25.600000381469727,25.850000381469727,25.270000457763672,25.790000915527344
2026-03-19 08:00:00+00:00,25.43000030517578,26.299999237060547,25.43000030517578,25.959999084472656
2026-03-19 09:00:00+00:00,25.809999465942383,26.3799991607666,25.260000228881836,25.40999984741211
2026-03-19 10:00:00+00:00,26.350000381469727,26.350000381469727,25.260000228881836,25.530000686645508
2026-03-19 11:00:00+00:00,25.450000762939453,26.06999969482422,25.3799991607666,25.8700008392334
2026-03-19 12:00:00+00:00,25.770000457763672,27.200000762939453,25.709999084472656,27.110000610351562
2026-03-19 13:00:00+00:00,26.579999923706055,27.520000457763672,25.760000228881836,25.8700008392334
2026-03-19 14:00:00+00:00,27.229999542236328,27.360000610351562,25.3700008392334,25.459999084472656
2026-03-19 15:00:00+00:00,26.43000030517578,26.43000030517578,24.850000381469727,25.5
2026-03-19 16:00:00+00:00,25.420000076293945,25.93000030517578,24.889999389648438,25.229999542236328
2026-03-19 17:00:00+00:00,25.139999389648438,25.68000030517578,24.889999389648438,24.979999542236328
2026-03-19 18:00:00+00:00,25.309999465942383,25.510000228881836,24.479999542236328,24.489999771118164
2026-03-19 19:00:00+00:00,24.809999465942383,25.100000381469727,23.540000915527344,24.290000915527344
2026-03-19 20:00:00+00:00,24.309999465942383,24.389999389648438,24.06999969482422,24.06999969482422
2026-03-20 07:00:00+00:00,24.459999084472656,24.459999084472656,23.760000228881836,23.809999465942383
2026-03-20 08:00:00+00:00,24.0,24.059999465942383,23.68000030517578,24.030000686645508
2026-03-20 09:00:00+00:00,23.899999618530273,25.25,23.690000534057617,25.110000610351562
2026-03-20 10:00:00+00:00,24.59000015258789,25.8799991607666,24.399999618530273,25.219999313354492
2026-03-20 11:00:00+00:00,25.579999923706055,25.579999923706055,24.75,24.790000915527344
2026-03-20 12:00:00+00:00,24.81999969482422,25.0,24.520000457763672,24.649999618530273
2026-03-20 13:00:00+00:00,24.6200008392334,25.829999923706055,24.600000381469727,25.809999465942383
2026-03-20 14:00:00+00:00,24.889999389648438,26.600000381469727,24.700000762939453,26.1200008392334
2026-03-20 15:00:00+00:00,26.540000915527344,26.540000915527344,25.329999923706055,25.350000381469727
2026-03-20 16:00:00+00:00,25.8799991607666,25.899999618530273,25.149999618530273,25.469999313354492
2026-03-20 17:00:00+00:00,25.459999084472656,26.40999984741211,25.299999237060547,26.15999984741211
2026-03-20 18:00:00+00:00,25.790000915527344,27.93000030517578,25.770000457763672,27.799999237060547
2026-03-20 19:00:00+00:00,27.1299991607666,29.280000686645508,27.079999923706055,27.459999084472656
2026-03-20 20:00:00+00:00,27.3700008392334,27.43000030517578,26.760000228881836,26.760000228881836
2026-03-23 07:00:00+00:00,30.040000915527344,31.040000915527344,30.040000915527344,30.770000457763672
2026-03-23 08:00:00+00:00,30.920000076293945,31.040000915527344,29.670000076293945,29.739999771118164
2026-03-23 09:00:00+00:00,30.190000534057617,30.3700008392334,29.559999465942383,30.190000534057617
2026-03-23 10:00:00+00:00,29.829999923706055,30.540000915527344,29.81999969482422,30.059999465942383
2026-03-23 11:00:00+00:00,30.350000381469727,30.540000915527344,20.280000686645508,27.200000762939453
2026-03-23 12:00:00+00:00,25.31999969482422,27.65999984741211,23.81999969482422,23.81999969482422
2026-03-23 13:00:00+00:00,25.34000015258789,25.59000015258789,23.6200008392334,24.260000228881836
2026-03-23 14:00:00+00:00,24.979999542236328,25.1299991607666,23.8700008392334,24.459999084472656
2026-03-23 15:00:00+00:00,24.15999984741211,26.360000610351562,23.989999771118164,26.329999923706055
2026-03-23 16:00:00+00:00,24.40999984741211,26.829999923706055,24.350000381469727,25.979999542236328
2026-03-23 17:00:00+00:00,26.829999923706055,26.829999923706055,24.989999771118164,25.020000457763672
2026-03-23 18:00:00+00:00,26.040000915527344,26.040000915527344,24.809999465942383,25.270000457763672
2026-03-23 19:00:00+00:00,25.34000015258789,26.18000030517578,24.809999465942383,26.170000076293945
2026-03-23 20:00:00+00:00,26.31999969482422,26.489999771118164,26.110000610351562,26.149999618530273
2026-03-24 07:00:00+00:00,25.90999984741211,26.18000030517578,25.850000381469727,25.93000030517578
2026-03-24 08:00:00+00:00,26.0,26.719999313354492,25.700000762939453,26.59000015258789
2026-03-24 09:00:00+00:00,26.440000534057617,27.190000534057617,26.239999771118164,26.290000915527344
2026-03-24 10:00:00+00:00,26.780000686645508,26.860000610351562,26.229999542236328,26.399999618530273
2026-03-24 11:00:00+00:00,26.5,26.93000030517578,26.09000015258789,26.200000762939453
2026-03-24 12:00:00+00:00,26.40999984741211,27.219999313354492,26.09000015258789,27.059999465942383
2026-03-24 13:00:00+00:00,26.520000457763672,27.940000534057617,26.520000457763672,27.260000228881836
2026-03-24 14:00:00+00:00,27.299999237060547,27.940000534057617,26.030000686645508,26.520000457763672
2026-03-24 15:00:00+00:00,26.770000457763672,26.770000457763672,25.639999389648438,26.25
2026-03-24 16:00:00+00:00,25.799999237060547,26.6200008392334,25.639999389648438,26.40999984741211
2026-03-24 17:00:00+00:00,26.09000015258789,27.389999389648438,26.06999969482422,26.65999984741211
2026-03-24 18:00:00+00:00,26.989999771118164,27.389999389648438,26.280000686645508,26.649999618530273
2026-03-24 19:00:00+00:00,26.780000686645508,27.040000915527344,26.280000686645508,26.940000534057617
2026-03-24 20:00:00+00:00,26.889999389648438,27.049999237060547,26.790000915527344,26.940000534057617
2026-03-25 07:00:00+00:00,25.790000915527344,26.030000686645508,25.510000228881836,25.649999618530273
2026-03-25 08:00:00+00:00,25.959999084472656,25.969999313354492,24.850000381469727,25.799999237060547
2026-03-25 09:00:00+00:00,25.079999923706055,26.049999237060547,24.959999084472656,25.780000686645508
2026-03-25 10:00:00+00:00,25.81999969482422,26.049999237060547,25.469999313354492,25.700000762939453
2026-03-25 11:00:00+00:00,25.81999969482422,25.889999389648438,25.030000686645508,25.299999237060547
2026-03-25 12:00:00+00:00,25.280000686645508,26.329999923706055,24.989999771118164,25.65999984741211
2026-03-25 13:00:00+00:00,25.940000534057617,26.329999923706055,24.81999969482422,26.219999313354492
2026-03-25 14:00:00+00:00,25.18000030517578,26.469999313354492,24.81999969482422,25.079999923706055
2026-03-25 15:00:00+00:00,25.31999969482422,26.670000076293945,24.940000534057617,25.75
2026-03-25 16:00:00+00:00,25.34000015258789,26.100000381469727,25.25,25.479999542236328
2026-03-25 17:00:00+00:00,25.670000076293945,25.799999237060547,24.950000762939453,25.309999465942383
2026-03-25 18:00:00+00:00,25.309999465942383,25.75,24.950000762939453,25.5
2026-03-25 19:00:00+00:00,25.299999237060547,25.969999313354492,25.170000076293945,25.34000015258789
2026-03-25 20:00:00+00:00,25.299999237060547,25.43000030517578,25.239999771118164,25.350000381469727
2026-03-26 07:00:00+00:00,26.489999771118164,26.829999923706055,26.309999465942383,26.549999237060547
2026-03-26 08:00:00+00:00,26.510000228881836,27.399999618530273,26.299999237060547,27.06999969482422
2026-03-26 09:00:00+00:00,27.030000686645508,27.59000015258789,26.920000076293945,27.31999969482422
2026-03-26 10:00:00+00:00,27.290000915527344,27.59000015258789,26.989999771118164,27.25
2026-03-26 11:00:00+00:00,27.030000686645508,27.65999984741211,26.989999771118164,27.649999618530273
2026-03-26 12:00:00+00:00,27.469999313354492,27.84000015258789,27.190000534057617,27.239999771118164
2026-03-26 13:00:00+00:00,27.290000915527344,27.700000762939453,26.31999969482422,26.360000610351562
2026-03-26 14:00:00+00:00,27.010000228881836,27.5,26.1200008392334,26.940000534057617
2026-03-26 15:00:00+00:00,26.399999618530273,27.139999389648438,26.170000076293945,26.809999465942383
2026-03-26 16:00:00+00:00,26.899999618530273,27.610000610351562,26.700000762939453,27.299999237060547
2026-03-26 17:00:00+00:00,27.450000762939453,28.459999084472656,27.18000030517578,28.459999084472656
2026-03-26 18:00:00+00:00,27.719999313354492,28.459999084472656,27.5,27.579999923706055
2026-03-26 19:00:00+00:00,28.110000610351562,28.350000381469727,27.5,28.18000030517578
2026-03-26 20:00:00+00:00,28.25,28.489999771118164,27.25,27.399999618530273
2026-03-27 07:00:00+00:00,27.540000915527344,27.739999771118164,27.540000915527344,27.6299991607666
2026-03-27 08:00:00+00:00,27.700000762939453,28.450000762939453,27.559999465942383,28.40999984741211
2026-03-27 09:00:00+00:00,28.280000686645508,28.979999542236328,28.079999923706055,28.799999237060547
2026-03-27 10:00:00+00:00,28.549999237060547,29.549999237060547,28.399999618530273,29.530000686645508
2026-03-27 11:00:00+00:00,28.799999237060547,29.84000015258789,28.770000457763672,29.43000030517578
2026-03-27 12:00:00+00:00,29.530000686645508,29.8799991607666,29.219999313354492,29.799999237060547
2026-03-27 13:00:00+00:00,29.549999237060547,30.329999923706055,29.15999984741211,30.010000228881836
2026-03-27 14:00:00+00:00,29.729999542236328,30.329999923706055,29.15999984741211,29.3700008392334
2026-03-27 15:00:00+00:00,30.06999969482422,30.06999969482422,28.709999084472656,29.15999984741211
2026-03-27 16:00:00+00:00,29.010000228881836,29.84000015258789,28.709999084472656,29.610000610351562
2026-03-27 17:00:00+00:00,29.68000030517578,30.770000457763672,29.399999618530273,30.690000534057617
2026-03-27 18:00:00+00:00,30.260000228881836,31.450000762939453,30.059999465942383,31.1299991607666
2026-03-27 19:00:00+00:00,30.940000534057617,31.649999618530273,30.700000762939453,30.75
2026-03-27 20:00:00+00:00,30.889999389648438,31.139999389648438,30.8799991607666,31.059999465942383
2026-03-30 07:00:00+00:00,30.790000915527344,31.020000457763672,30.709999084472656,30.75
2026-03-30 08:00:00+00:00,30.8700008392334,31.020000457763672,30.540000915527344,30.600000381469727
2026-03-30 09:00:00+00:00,30.59000015258789,31.049999237060547,30.540000915527344,30.969999313354492
2026-03-30 10:00:00+00:00,30.809999465942383,31.31999969482422,30.75,31.149999618530273
2026-03-30 11:00:00+00:00,31.09000015258789,31.31999969482422,30.3700008392334,30.56999969482422
2026-03-30 12:00:00+00:00,30.40999984741211,30.68000030517578,29.90999984741211,29.93000030517578
2026-03-30 13:00:00+00:00,30.110000610351562,30.790000915527344,29.329999923706055,30.670000076293945
2026-03-30 14:00:00+00:00,29.639999389648438,30.790000915527344,29.329999923706055,29.739999771118164
2026-03-30 15:00:00+00:00,30.0,30.25,29.459999084472656,29.829999923706055
2026-03-30 16:00:00+00:00,30.059999465942383,30.469999313354492,29.56999969482422,30.270000457763672
2026-03-30 17:00:00+00:00,30.450000762939453,30.989999771118164,30.15999984741211,30.68000030517578
2026-03-30 18:00:00+00:00,30.799999237060547,30.989999771118164,30.389999389648438,30.700000762939453
2026-03-30 19:00:00+00:00,30.719999313354492,31.520000457763672,30.209999084472656,30.3700008392334
2026-03-30 20:00:00+00:00,30.34000015258789,30.65999984741211,30.34000015258789,30.610000610351562
2026-03-31 07:00:00+00:00,29.530000686645508,29.639999389648438,28.75,28.75
2026-03-31 08:00:00+00:00,29.450000762939453,29.450000762939453,28.709999084472656,28.979999542236328
2026-03-31 09:00:00+00:00,28.889999389648438,29.030000686645508,28.760000228881836,28.979999542236328
2026-03-31 10:00:00+00:00,28.899999618530273,29.309999465942383,28.829999923706055,28.989999771118164
2026-03-31 11:00:00+00:00,28.920000076293945,29.309999465942383,28.3700008392334,28.639999389648438
2026-03-31 12:00:00+00:00,28.639999389648438,28.770000457763672,28.030000686645508,28.270000457763672
2026-03-31 13:00:00+00:00,28.329999923706055,28.3700008392334,27.3700008392334,27.3700008392334
2026-03-31 14:00:00+00:00,27.950000762939453,28.34000015258789,27.209999084472656,28.190000534057617
2026-03-31 15:00:00+00:00,27.209999084472656,28.34000015258789,27.209999084472656,27.799999237060547
2026-03-31 16:00:00+00:00,27.690000534057617,27.829999923706055,26.079999923706055,26.360000610351562
2026-03-31 17:00:00+00:00,27.209999084472656,27.34000015258789,25.93000030517578,26.5
2026-03-31 18:00:00+00:00,26.239999771118164,26.510000228881836,25.809999465942383,25.829999923706055
2026-03-31 19:00:00+00:00,26.25,26.3700008392334,25.079999923706055,25.440000534057617
2026-03-31 20:00:00+00:00,25.510000228881836,25.510000228881836,25.219999313354492,25.270000457763672
2026-04-01 07:00:00+00:00,24.299999237060547,24.719999313354492,24.209999084472656,24.649999618530273
2026-04-01 08:00:00+00:00,24.270000457763672,24.90999984741211,24.209999084472656,24.770000457763672
2026-04-01 09:00:00+00:00,24.760000228881836,25.1299991607666,24.6299991607666,24.780000686645508
2026-04-01 10:00:00+00:00,25.020000457763672,25.020000457763672,24.520000457763672,24.530000686645508
2026-04-01 11:00:00+00:00,24.81999969482422,24.850000381469727,24.1200008392334,24.170000076293945
2026-04-01 12:00:00+00:00,24.399999618530273,25.219999313354492,24.1200008392334,25.18000030517578
2026-04-01 13:00:00+00:00,24.540000915527344,25.299999237060547,24.469999313354492,25.059999465942383
2026-04-01 14:00:00+00:00,24.8700008392334,25.299999237060547,23.90999984741211,23.959999084472656
2026-04-01 15:00:00+00:00,24.450000762939453,24.68000030517578,23.5,23.540000915527344
2026-04-01 16:00:00+00:00,23.969999313354492,24.079999923706055,23.5,23.670000076293945
2026-04-01 17:00:00+00:00,23.8700008392334,24.020000457763672,23.540000915527344,24.020000457763672
2026-04-01 18:00:00+00:00,23.56999969482422,25.350000381469727,23.549999237060547,24.989999771118164
2026-04-01 19:00:00+00:00,25.09000015258789,25.350000381469727,24.309999465942383,24.610000610351562
2026-04-01 20:00:00+00:00,24.530000686645508,24.639999389648438,24.510000228881836,24.530000686645508
2026-04-02 07:00:00+00:00,26.780000686645508,26.790000915527344,26.25,26.25
2026-04-02 08:00:00+00:00,26.639999389648438,26.639999389648438,26.229999542236328,26.459999084472656
2026-04-02 09:00:00+00:00,26.459999084472656,26.639999389648438,26.299999237060547,26.540000915527344
2026-04-02 10:00:00+00:00,26.469999313354492,26.889999389648438,26.469999313354492,26.719999313354492
2026-04-02 11:00:00+00:00,26.850000381469727,27.709999084472656,26.6200008392334,27.709999084472656
2026-04-02 12:00:00+00:00,27.43000030517578,27.889999389648438,27.360000610351562,27.709999084472656
2026-04-02 13:00:00+00:00,27.56999969482422,27.770000457763672,26.139999389648438,26.139999389648438
2026-04-02 14:00:00+00:00,27.219999313354492,27.479999542236328,24.549999237060547,24.8700008392334
2026-04-02 15:00:00+00:00,25.989999771118164,26.440000534057617,24.549999237060547,25.639999389648438
2026-04-02 16:00:00+00:00,25.200000762939453,25.979999542236328,25.079999923706055,25.600000381469727
2026-04-02 17:00:00+00:00,25.93000030517578,25.979999542236328,25.309999465942383,25.639999389648438
2026-04-02 18:00:00+00:00,25.43000030517578,25.829999923706055,24.969999313354492,25.09000015258789
2026-04-02 19:00:00+00:00,25.31999969482422,25.360000610351562,24.1299991607666,24.149999618530273
2026-04-02 20:00:00+00:00,24.149999618530273,24.200000762939453,23.899999618530273,23.899999618530273
2026-04-06 07:00:00+00:00,24.93000030517578,25.0,24.549999237060547,24.75
2026-04-06 08:00:00+00:00,24.920000076293945,25.0,24.389999389648438,24.530000686645508
2026-04-06 09:00:00+00:00,24.56999969482422,24.809999465942383,24.360000610351562,24.809999465942383
2026-04-06 10:00:00+00:00,24.520000457763672,25.100000381469727,24.479999542236328,24.969999313354492
2026-04-06 11:00:00+00:00,24.84000015258789,25.100000381469727,24.760000228881836,25.06999969482422
2026-04-06 12:00:00+00:00,25.010000228881836,25.139999389648438,24.860000610351562,25.020000457763672
2026-04-06 13:00:00+00:00,25.049999237060547,25.299999237060547,24.209999084472656,24.209999084472656
2026-04-06 14:00:00+00:00,24.90999984741211,25.299999237060547,23.780000686645508,24.219999313354492
2026-04-06 15:00:00+00:00,23.940000534057617,24.510000228881836,23.780000686645508,24.049999237060547
2026-04-06 16:00:00+00:00,24.290000915527344,24.440000534057617,23.959999084472656,24.239999771118164
2026-04-06 17:00:00+00:00,24.079999923706055,24.770000457763672,24.020000457763672,24.5
2026-04-06 18:00:00+00:00,24.290000915527344,24.559999465942383,24.100000381469727,24.3700008392334
2026-04-06 19:00:00+00:00,24.209999084472656,24.549999237060547,24.1200008392334,24.170000076293945
2026-04-06 20:00:00+00:00,24.139999389648438,24.25,24.139999389648438,24.149999618530273
2026-04-07 07:00:00+00:00,25.09000015258789,25.190000534057617,25.049999237060547,25.049999237060547
2026-04-07 08:00:00+00:00,25.15999984741211,25.190000534057617,24.34000015258789,24.540000915527344
2026-04-07 09:00:00+00:00,24.549999237060547,24.6299991607666,24.34000015258789,24.450000762939453
2026-04-07 10:00:00+00:00,24.399999618530273,25.799999237060547,24.3799991607666,25.739999771118164
2026-04-07 11:00:00+00:00,24.68000030517578,25.850000381469727,24.65999984741211,25.469999313354492
2026-04-07 12:00:00+00:00,25.469999313354492,26.270000457763672,25.040000915527344,25.3799991607666
2026-04-07 13:00:00+00:00,25.290000915527344,26.450000762939453,25.040000915527344,26.450000762939453
2026-04-07 14:00:00+00:00,25.3700008392334,27.200000762939453,25.3700008392334,26.75
2026-04-07 15:00:00+00:00,26.219999313354492,27.270000457763672,26.100000381469727,26.389999389648438
2026-04-07 16:00:00+00:00,26.59000015258789,27.110000610351562,25.739999771118164,26.299999237060547
2026-04-07 17:00:00+00:00,26.31999969482422,26.770000457763672,26.030000686645508,26.600000381469727
2026-04-07 18:00:00+00:00,26.670000076293945,28.0,26.030000686645508,27.780000686645508
2026-04-07 19:00:00+00:00,27.06999969482422,28.0,26.010000228881836,26.010000228881836
2026-04-07 20:00:00+00:00,26.06999969482422,26.139999389648438,25.709999084472656,25.739999771118164
2026-04-08 07:00:00+00:00,20.969999313354492,21.020000457763672,20.65999984741211,20.829999923706055
2026-04-08 08:00:00+00:00,20.850000381469727,20.950000762939453,20.389999389648438,20.389999389648438
2026-04-08 09:00:00+00:00,20.540000915527344,20.739999771118164,20.18000030517578,20.459999084472656
2026-04-08 10:00:00+00:00,20.280000686645508,20.600000381469727,20.25,20.530000686645508
2026-04-08 11:00:00+00:00,20.459999084472656,20.610000610351562,20.110000610351562,20.360000610351562
2026-04-08 12:00:00+00:00,20.139999389648438,21.010000228881836,20.139999389648438,20.25
2026-04-08 13:00:00+00:00,20.649999618530273,21.43000030517578,19.90999984741211,20.81999969482422
2026-04-08 14:00:00+00:00,20.260000228881836,22.170000076293945,19.90999984741211,21.860000610351562
2026-04-08 15:00:00+00:00,21.229999542236328,22.170000076293945,21.0,21.040000915527344
2026-04-08 16:00:00+00:00,21.350000381469727,21.350000381469727,20.6299991607666,20.709999084472656
2026-04-08 17:00:00+00:00,20.950000762939453,21.34000015258789,20.59000015258789,21.18000030517578
2026-04-08 18:00:00+00:00,21.290000915527344,21.8799991607666,20.84000015258789,21.850000381469727
2026-04-08 19:00:00+00:00,21.43000030517578,21.8799991607666,21.020000457763672,21.030000686645508
2026-04-08 20:00:00+00:00,21.030000686645508,21.170000076293945,20.989999771118164,21.040000915527344
2026-04-09 07:00:00+00:00,21.25,21.579999923706055,21.25,21.479999542236328
2026-04-09 08:00:00+00:00,21.309999465942383,21.610000610351562,21.280000686645508,21.56999969482422
2026-04-09 09:00:00+00:00,21.59000015258789,21.6299991607666,21.350000381469727,21.389999389648438
2026-04-09 10:00:00+00:00,21.350000381469727,21.610000610351562,21.350000381469727,21.610000610351562
2026-04-09 11:00:00+00:00,21.450000762939453,21.6200008392334,21.239999771118164,21.25
2026-04-09 12:00:00+00:00,21.540000915527344,21.579999923706055,21.1200008392334,21.299999237060547
2026-04-09 13:00:00+00:00,21.309999465942383,21.3700008392334,20.809999465942383,20.940000534057617
2026-04-09 14:00:00+00:00,21.1200008392334,21.209999084472656,20.670000076293945,20.700000762939453
2026-04-09 15:00:00+00:00,20.989999771118164,21.110000610351562,20.030000686645508,20.049999237060547
2026-04-09 16:00:00+00:00,20.559999465942383,20.610000610351562,19.690000534057617,19.920000076293945
2026-04-09 17:00:00+00:00,19.979999542236328,20.1200008392334,19.670000076293945,19.760000228881836
2026-04-09 18:00:00+00:00,19.809999465942383,20.219999313354492,19.670000076293945,19.889999389648438
2026-04-09 19:00:00+00:00,20.149999618530273,20.219999313354492,19.450000762939453,19.5
2026-04-09 20:00:00+00:00,19.510000228881836,19.6200008392334,19.479999542236328,19.479999542236328
2026-04-10 07:00:00+00:00,19.709999084472656,19.729999542236328,19.40999984741211,19.440000534057617
2026-04-10 08:00:00+00:00,19.600000381469727,19.790000915527344,19.40999984741211,19.790000915527344
2026-04-10 09:00:00+00:00,19.600000381469727,19.790000915527344,19.360000610351562,19.399999618530273
2026-04-10 10:00:00+00:00,19.389999389648438,19.510000228881836,19.309999465942383,19.350000381469727
2026-04-10 11:00:00+00:00,19.3700008392334,19.440000534057617,19.25,19.40999984741211
2026-04-10 12:00:00+00:00,19.309999465942383,19.489999771118164,19.020000457763672,19.229999542236328
2026-04-10 13:00:00+00:00,19.020000457763672,19.260000228881836,18.90999984741211,18.989999771118164
2026-04-10 14:00:00+00:00,18.969999313354492,19.25,18.829999923706055,19.18000030517578
2026-04-10 15:00:00+00:00,18.8799991607666,20.110000610351562,18.829999923706055,20.040000915527344
2026-04-10 16:00:00+00:00,19.200000762939453,20.190000534057617,19.170000076293945,19.920000076293945
2026-04-10 17:00:00+00:00,19.809999465942383,20.280000686645508,19.790000915527344,19.950000762939453
2026-04-10 18:00:00+00:00,20.209999084472656,20.280000686645508,19.770000457763672,19.780000686645508
2026-04-10 19:00:00+00:00,19.829999923706055,19.989999771118164,19.270000457763672,19.329999923706055
2026-04-10 20:00:00+00:00,19.260000228881836,19.350000381469727,19.229999542236328,19.229999542236328
2026-04-13 07:00:00+00:00,21.170000076293945,21.280000686645508,21.100000381469727,21.270000457763672
2026-04-13 08:00:00+00:00,21.139999389648438,21.360000610351562,21.110000610351562,21.329999923706055
2026-04-13 09:00:00+00:00,21.139999389648438,21.360000610351562,21.1299991607666,21.290000915527344
2026-04-13 10:00:00+00:00,21.170000076293945,21.31999969482422,21.1299991607666,21.15999984741211
2026-04-13 11:00:00+00:00,21.280000686645508,21.489999771118164,21.010000228881836,21.469999313354492
2026-04-13 12:00:00+00:00,21.239999771118164,21.579999923706055,20.920000076293945,20.920000076293945
2026-04-13 13:00:00+00:00,21.309999465942383,21.309999465942383,20.100000381469727,20.100000381469727
2026-04-13 14:00:00+00:00,20.389999389648438,20.770000457763672,19.709999084472656,19.719999313354492
2026-04-13 15:00:00+00:00,19.850000381469727,20.020000457763672,19.709999084472656,19.950000762939453
2026-04-13 16:00:00+00:00,19.950000762939453,20.030000686645508,19.40999984741211,19.469999313354492
2026-04-13 17:00:00+00:00,19.469999313354492,19.709999084472656,19.40999984741211,19.59000015258789
2026-04-13 18:00:00+00:00,19.610000610351562,19.700000762939453,19.34000015258789,19.389999389648438
2026-04-13 19:00:00+00:00,19.540000915527344,19.540000915527344,18.959999084472656,19.030000686645508
2026-04-13 20:00:00+00:00,19.059999465942383,19.190000534057617,19.059999465942383,19.1299991607666
2026-04-14 07:00:00+00:00,18.729999542236328,18.760000228881836,18.649999618530273,18.709999084472656
2026-04-14 08:00:00+00:00,18.719999313354492,18.760000228881836,18.549999237060547,18.559999465942383
2026-04-14 09:00:00+00:00,18.65999984741211,18.670000076293945,18.530000686645508,18.579999923706055
2026-04-14 10:00:00+00:00,18.639999389648438,18.670000076293945,18.200000762939453,18.40999984741211
2026-04-14 11:00:00+00:00,18.34000015258789,18.440000534057617,18.06999969482422,18.139999389648438
2026-04-14 12:00:00+00:00,18.31999969482422,18.329999923706055,17.889999389648438,18.280000686645508
2026-04-14 13:00:00+00:00,17.889999389648438,18.350000381469727,17.889999389648438,18.149999618530273
2026-04-14 14:00:00+00:00,18.25,18.309999465942383,17.979999542236328,18.299999237060547
2026-04-14 15:00:00+00:00,18.010000228881836,18.469999313354492,17.989999771118164,18.239999771118164
2026-04-14 16:00:00+00:00,18.170000076293945,18.510000228881836,18.100000381469727,18.450000762939453
2026-04-14 17:00:00+00:00,18.350000381469727,18.510000228881836,18.299999237060547,18.440000534057617
2026-04-14 18:00:00+00:00,18.389999389648438,18.6299991607666,18.350000381469727,18.3799991607666
2026-04-14 19:00:00+00:00,18.459999084472656,18.6299991607666,18.31999969482422,18.360000610351562
2026-04-14 20:00:00+00:00,18.329999923706055,18.389999389648438,18.329999923706055,18.360000610351562
2026-04-15 07:00:00+00:00,18.18000030517578,18.190000534057617,18.010000228881836,18.049999237060547
2026-04-15 08:00:00+00:00,18.139999389648438,18.139999389648438,17.979999542236328,17.989999771118164
2026-04-15 09:00:00+00:00,18.040000915527344,18.34000015258789,17.93000030517578,18.299999237060547
2026-04-15 10:00:00+00:00,18.290000915527344,18.5,18.229999542236328,18.329999923706055
2026-04-15 11:00:00+00:00,18.469999313354492,18.5,18.110000610351562,18.1200008392334
2026-04-15 12:00:00+00:00,18.200000762939453,18.280000686645508,17.809999465942383,17.81999969482422
2026-04-15 13:00:00+00:00,18.260000228881836,18.270000457763672,17.520000457763672,17.639999389648438
2026-04-15 14:00:00+00:00,17.690000534057617,17.959999084472656,17.399999618530273,17.950000762939453
2026-04-15 15:00:00+00:00,17.469999313354492,18.110000610351562,17.469999313354492,18.100000381469727
2026-04-15 16:00:00+00:00,18.030000686645508,18.360000610351562,17.93000030517578,18.219999313354492
2026-04-15 17:00:00+00:00,18.010000228881836,18.360000610351562,18.010000228881836,18.239999771118164
2026-04-15 18:00:00+00:00,18.229999542236328,18.270000457763672,17.84000015258789,17.8700008392334
2026-04-15 19:00:00+00:00,18.0,18.139999389648438,17.84000015258789,18.059999465942383
2026-04-15 20:00:00+00:00,18.049999237060547,18.170000076293945,18.049999237060547,18.170000076293945
2026-04-16 07:00:00+00:00,18.040000915527344,18.059999465942383,17.989999771118164,18.040000915527344
2026-04-16 08:00:00+00:00,18.049999237060547,18.149999618530273,17.989999771118164,18.059999465942383
2026-04-16 09:00:00+00:00,18.100000381469727,18.149999618530273,18.0,18.1200008392334
2026-04-16 10:00:00+00:00,18.1200008392334,18.280000686645508,18.079999923706055,18.260000228881836
2026-04-16 11:00:00+00:00,18.110000610351562,18.280000686645508,18.110000610351562,18.25
2026-04-16 12:00:00+00:00,18.280000686645508,18.280000686645508,18.100000381469727,18.229999542236328
2026-04-16 13:00:00+00:00,18.100000381469727,19.040000915527344,18.100000381469727,18.860000610351562
2026-04-16 14:00:00+00:00,18.31999969482422,19.09000015258789,18.290000915527344,18.850000381469727
2026-04-16 15:00:00+00:00,19.06999969482422,19.079999923706055,18.540000915527344,18.68000030517578
2026-04-16 16:00:00+00:00,18.780000686645508,18.959999084472656,18.559999465942383,18.75
2026-04-16 17:00:00+00:00,18.6200008392334,18.959999084472656,18.299999237060547,18.43000030517578
2026-04-16 18:00:00+00:00,18.579999923706055,18.59000015258789,18.1299991607666,18.139999389648438
2026-04-16 19:00:00+00:00,18.389999389648438,18.389999389648438,17.760000228881836,17.84000015258789
2026-04-16 20:00:00+00:00,17.84000015258789,17.940000534057617,17.829999923706055,17.940000534057617
2026-04-17 07:00:00+00:00,18.18000030517578,18.229999542236328,18.18000030517578,18.18000030517578
2026-04-17 08:00:00+00:00,18.219999313354492,18.239999771118164,18.170000076293945,18.200000762939453
2026-04-17 09:00:00+00:00,18.219999313354492,18.239999771118164,18.049999237060547,18.049999237060547
2026-04-17 10:00:00+00:00,18.139999389648438,18.170000076293945,18.030000686645508,18.040000915527344
2026-04-17 11:00:00+00:00,18.100000381469727,18.1200008392334,17.780000686645508,17.799999237060547
2026-04-17 12:00:00+00:00,17.899999618530273,17.899999618530273,17.350000381469727,17.350000381469727
2026-04-17 13:00:00+00:00,17.68000030517578,17.889999389648438,17.110000610351562,17.639999389648438
2026-04-17 14:00:00+00:00,17.450000762939453,17.920000076293945,17.40999984741211,17.5
2026-04-17 15:00:00+00:00,17.700000762939453,17.920000076293945,16.8700008392334,17.479999542236328
2026-04-17 16:00:00+00:00,16.8799991607666,17.5,16.8700008392334,17.399999618530273
2026-04-17 17:00:00+00:00,17.43000030517578,17.65999984741211,17.350000381469727,17.5
2026-04-17 18:00:00+00:00,17.530000686645508,17.639999389648438,17.389999389648438,17.530000686645508
2026-04-17 19:00:00+00:00,17.59000015258789,17.81999969482422,17.3700008392334,17.510000228881836
2026-04-17 20:00:00+00:00,17.510000228881836,17.510000228881836,17.420000076293945,17.469999313354492
2026-04-20 09:00:00+00:00,19.610000610351562,19.6200008392334,19.510000228881836,19.520000457763672
2026-04-20 10:00:00+00:00,19.520000457763672,19.540000915527344,19.360000610351562,19.459999084472656
2026-04-20 11:00:00+00:00,19.459999084472656,19.540000915527344,19.329999923706055,19.329999923706055
2026-04-20 12:00:00+00:00,19.31999969482422,19.329999923706055,18.920000076293945,18.920000076293945
2026-04-20 13:00:00+00:00,18.93000030517578,19.200000762939453,18.770000457763672,18.829999923706055
2026-04-20 14:00:00+00:00,18.829999923706055,19.559999465942383,18.799999237060547,19.530000686645508
2026-04-20 15:00:00+00:00,19.530000686645508,19.780000686645508,19.270000457763672,19.3700008392334
2026-04-20 16:00:00+00:00,19.3700008392334,19.420000076293945,19.09000015258789,19.149999618530273
2026-04-20 17:00:00+00:00,19.139999389648438,19.200000762939453,18.979999542236328,19.079999923706055
2026-04-20 18:00:00+00:00,19.079999923706055,19.15999984741211,18.959999084472656,19.020000457763672
2026-04-20 19:00:00+00:00,19.020000457763672,19.139999389648438,18.899999618530273,18.899999618530273
2026-04-20 20:00:00+00:00,18.889999389648438,18.920000076293945,18.84000015258789,18.8799991607666
2026-04-21 07:00:00+00:00,19.18000030517578,19.190000534057617,19.059999465942383,19.09000015258789
2026-04-21 08:00:00+00:00,19.15999984741211,19.170000076293945,19.020000457763672,19.049999237060547
2026-04-21 09:00:00+00:00,19.09000015258789,19.110000610351562,18.940000534057617,18.979999542236328
2026-04-21 10:00:00+00:00,19.079999923706055,19.079999923706055,18.850000381469727,18.850000381469727
2026-04-21 11:00:00+00:00,18.950000762939453,18.950000762939453,18.760000228881836,18.860000610351562
2026-04-21 12:00:00+00:00,18.829999923706055,18.989999771118164,18.75,18.989999771118164
2026-04-21 13:00:00+00:00,18.75,19.389999389648438,18.75,19.1299991607666
2026-04-21 14:00:00+00:00,19.170000076293945,19.510000228881836,18.920000076293945,19.510000228881836
2026-04-21 15:00:00+00:00,19.059999465942383,19.940000534057617,19.020000457763672,19.860000610351562
2026-04-21 16:00:00+00:00,19.770000457763672,20.149999618530273,19.639999389648438,20.149999618530273
2026-04-21 17:00:00+00:00,19.950000762939453,20.700000762939453,19.809999465942383,19.920000076293945
2026-04-21 18:00:00+00:00,20.469999313354492,20.469999313354492,19.649999618530273,19.700000762939453
2026-04-21 19:00:00+00:00,20.149999618530273,20.850000381469727,19.450000762939453,20.290000915527344
2026-04-21 20:00:00+00:00,20.329999923706055,20.600000381469727,19.31999969482422,19.489999771118164
2026-04-22 07:00:00+00:00,19.030000686645508,19.139999389648438,19.010000228881836,19.06999969482422
2026-04-22 08:00:00+00:00,19.059999465942383,19.360000610351562,19.010000228881836,19.18000030517578
2026-04-22 09:00:00+00:00,19.219999313354492,19.360000610351562,19.0,19.1299991607666
2026-04-22 10:00:00+00:00,19.010000228881836,19.260000228881836,19.0,19.110000610351562
2026-04-22 11:00:00+00:00,19.149999618530273,19.219999313354492,19.079999923706055,19.110000610351562
2026-04-22 12:00:00+00:00,19.18000030517578,19.219999313354492,18.81999969482422,19.190000534057617
2026-04-22 13:00:00+00:00,18.969999313354492,19.209999084472656,18.920000076293945,19.110000610351562
2026-04-22 14:00:00+00:00,18.989999771118164,19.219999313354492,18.93000030517578,19.1299991607666
2026-04-22 15:00:00+00:00,18.959999084472656,19.540000915527344,18.959999084472656,19.43000030517578
2026-04-22 16:00:00+00:00,19.280000686645508,19.540000915527344,19.25,19.5
2026-04-22 17:00:00+00:00,19.40999984741211,19.5,19.18000030517578,19.280000686645508
2026-04-22 18:00:00+00:00,19.299999237060547,19.31999969482422,19.040000915527344,19.06999969482422
2026-04-22 19:00:00+00:00,19.219999313354492,19.219999313354492,18.68000030517578,18.739999771118164
2026-04-22 20:00:00+00:00,18.780000686645508,18.90999984741211,18.780000686645508,18.90999984741211
2026-04-23 07:00:00+00:00,19.420000076293945,19.510000228881836,19.34000015258789,19.389999389648438
2026-04-23 08:00:00+00:00,19.459999084472656,19.729999542236328,19.34000015258789,19.700000762939453
2026-04-23 09:00:00+00:00,19.450000762939453,20.0,19.450000762939453,19.700000762939453
2026-04-23 10:00:00+00:00,19.780000686645508,19.809999465942383,19.579999923706055,19.600000381469727
2026-04-23 11:00:00+00:00,19.709999084472656,19.760000228881836,19.280000686645508,19.34000015258789
2026-04-23 12:00:00+00:00,19.68000030517578,19.760000228881836,19.040000915527344,19.350000381469727
2026-04-23 13:00:00+00:00,19.190000534057617,20.280000686645508,19.110000610351562,19.31999969482422
2026-04-23 14:00:00+00:00,19.329999923706055,19.8700008392334,18.700000762939453,18.790000915527344
2026-04-23 15:00:00+00:00,19.149999618530273,19.25,18.700000762939453,19.200000762939453
2026-04-23 16:00:00+00:00,18.8700008392334,19.329999923706055,18.84000015258789,18.920000076293945
2026-04-23 17:00:00+00:00,19.100000381469727,21.559999465942383,18.860000610351562,19.84000015258789
2026-04-23 18:00:00+00:00,20.329999923706055,21.559999465942383,19.1299991607666,19.75
2026-04-23 19:00:00+00:00,19.329999923706055,19.899999618530273,18.979999542236328,18.979999542236328
2026-04-23 20:00:00+00:00,19.059999465942383,19.329999923706055,18.969999313354492,19.309999465942383
2026-04-24 07:00:00+00:00,18.889999389648438,19.010000228881836,18.860000610351562,18.889999389648438
2026-04-24 08:00:00+00:00,18.8700008392334,19.219999313354492,18.81999969482422,19.200000762939453
2026-04-24 09:00:00+00:00,19.030000686645508,19.329999923706055,19.020000457763672,19.290000915527344
2026-04-24 10:00:00+00:00,19.270000457763672,19.329999923706055,19.139999389648438,19.170000076293945
2026-04-24 11:00:00+00:00,19.170000076293945,19.200000762939453,18.459999084472656,18.790000915527344
2026-04-24 12:00:00+00:00,18.5,19.1200008392334,18.479999542236328,18.979999542236328
2026-04-24 13:00:00+00:00,18.700000762939453,19.350000381469727,18.700000762939453,19.15999984741211
2026-04-24 14:00:00+00:00,19.100000381469727,19.350000381469727,18.649999618530273,18.690000534057617
2026-04-24 15:00:00+00:00,18.90999984741211,18.959999084472656,18.459999084472656,18.600000381469727
2026-04-24 16:00:00+00:00,18.670000076293945,18.84000015258789,18.459999084472656,18.65999984741211
2026-04-24 17:00:00+00:00,18.770000457763672,18.84000015258789,18.56999969482422,18.579999923706055
2026-04-24 18:00:00+00:00,18.75,18.790000915527344,18.530000686645508,18.530000686645508
2026-04-24 19:00:00+00:00,18.610000610351562,18.700000762939453,18.489999771118164,18.639999389648438
2026-04-24 20:00:00+00:00,18.649999618530273,18.739999771118164,18.610000610351562,18.690000534057617
2026-04-27 07:00:00+00:00,19.209999084472656,19.229999542236328,19.139999389648438,19.149999618530273
2026-04-27 08:00:00+00:00,19.209999084472656,19.260000228881836,19.079999923706055,19.09000015258789
2026-04-27 09:00:00+00:00,19.15999984741211,19.170000076293945,19.020000457763672,19.059999465942383
2026-04-27 10:00:00+00:00,19.049999237060547,19.09000015258789,18.969999313354492,18.979999542236328
2026-04-27 11:00:00+00:00,19.040000915527344,19.049999237060547,18.920000076293945,18.959999084472656
2026-04-27 12:00:00+00:00,18.940000534057617,19.09000015258789,18.920000076293945,19.020000457763672
2026-04-27 13:00:00+00:00,19.040000915527344,19.270000457763672,18.8799991607666,18.889999389648438
2026-04-27 14:00:00+00:00,19.1299991607666,19.270000457763672,18.59000015258789,18.600000381469727
2026-04-27 15:00:00+00:00,18.790000915527344,18.850000381469727,18.56999969482422,18.6200008392334
2026-04-27 16:00:00+00:00,18.729999542236328,18.790000915527344,18.479999542236328,18.540000915527344
2026-04-27 17:00:00+00:00,18.549999237060547,18.56999969482422,18.43000030517578,18.520000457763672
2026-04-27 18:00:00+00:00,18.479999542236328,18.56999969482422,18.43000030517578,18.520000457763672
2026-04-27 19:00:00+00:00,18.549999237060547,18.56999969482422,18.1200008392334,18.170000076293945
2026-04-27 20:00:00+00:00,18.139999389648438,18.15999984741211,18.030000686645508,18.030000686645508
2026-04-28 07:00:00+00:00,18.299999237060547,18.3700008392334,18.260000228881836,18.299999237060547
2026-04-28 08:00:00+00:00,18.350000381469727,18.450000762939453,18.200000762939453,18.209999084472656
2026-04-28 09:00:00+00:00,18.239999771118164,18.389999389648438,18.200000762939453,18.31999969482422
2026-04-28 10:00:00+00:00,18.260000228881836,18.459999084472656,18.260000228881836,18.420000076293945
2026-04-28 11:00:00+00:00,18.3799991607666,19.270000457763672,18.3799991607666,19.209999084472656
2026-04-28 12:00:00+00:00,18.860000610351562,19.43000030517578,18.860000610351562,18.979999542236328
2026-04-28 13:00:00+00:00,19.360000610351562,19.43000030517578,18.530000686645508,18.68000030517578
2026-04-28 14:00:00+00:00,18.920000076293945,18.920000076293945,18.469999313354492,18.530000686645508
2026-04-28 15:00:00+00:00,18.540000915527344,18.780000686645508,18.3700008392334,18.610000610351562
2026-04-28 16:00:00+00:00,18.56999969482422,18.75,18.459999084472656,18.520000457763672
2026-04-28 17:00:00+00:00,18.5,18.670000076293945,18.209999084472656,18.270000457763672
2026-04-28 18:00:00+00:00,18.440000534057617,18.440000534057617,18.149999618530273,18.15999984741211
2026-04-28 19:00:00+00:00,18.170000076293945,18.280000686645508,17.780000686645508,17.809999465942383
2026-04-28 20:00:00+00:00,17.790000915527344,17.920000076293945,17.780000686645508,17.829999923706055
2026-04-29 07:00:00+00:00,17.829999923706055,18.0,17.809999465942383,17.920000076293945
2026-04-29 08:00:00+00:00,17.850000381469727,18.110000610351562,17.81999969482422,18.059999465942383
2026-04-29 09:00:00+00:00,17.93000030517578,18.110000610351562,17.90999984741211,18.06999969482422
2026-04-29 10:00:00+00:00,17.969999313354492,18.1200008392334,17.899999618530273,17.940000534057617
2026-04-29 11:00:00+00:00,17.940000534057617,18.020000457763672,17.8700008392334,17.979999542236328
2026-04-29 12:00:00+00:00,17.950000762939453,18.18000030517578,17.8799991607666,18.059999465942383
2026-04-29 13:00:00+00:00,18.030000686645508,18.450000762939453,18.010000228881836,18.139999389648438
2026-04-29 14:00:00+00:00,18.3700008392334,18.450000762939453,17.90999984741211,18.06999969482422
2026-04-29 15:00:00+00:00,17.989999771118164,18.670000076293945,17.90999984741211,18.5
2026-04-29 16:00:00+00:00,18.18000030517578,19.0,18.15999984741211,18.81999969482422
2026-04-29 17:00:00+00:00,18.68000030517578,19.0,18.389999389648438,18.479999542236328
2026-04-29 18:00:00+00:00,18.649999618530273,18.950000762939453,18.389999389648438,18.5
2026-04-29 19:00:00+00:00,18.739999771118164,18.920000076293945,18.239999771118164,18.360000610351562
2026-04-29 20:00:00+00:00,18.34000015258789,18.780000686645508,17.90999984741211,18.780000686645508
2026-04-30 07:00:00+00:00,18.68000030517578,18.729999542236328,18.540000915527344,18.610000610351562
2026-04-30 08:00:00+00:00,18.579999923706055,18.65999984741211,18.3700008392334,18.459999084472656
2026-04-30 09:00:00+00:00,18.520000457763672,18.6200008392334,18.270000457763672,18.360000610351562
2026-04-30 10:00:00+00:00,18.3799991607666,18.43000030517578,18.09000015258789,18.190000534057617
2026-04-30 11:00:00+00:00,18.15999984741211,18.290000915527344,17.920000076293945,18.040000915527344
2026-04-30 12:00:00+00:00,17.93000030517578,18.049999237060547,17.75,17.780000686645508
2026-04-30 13:00:00+00:00,17.829999923706055,18.299999237060547,17.649999618530273,18.079999923706055
2026-04-30 14:00:00+00:00,17.940000534057617,18.299999237060547,17.389999389648438,17.43000030517578
2026-04-30 15:00:00+00:00,17.719999313354492,17.860000610351562,17.280000686645508,17.3799991607666
2026-04-30 16:00:00+00:00,17.34000015258789,17.549999237060547,17.280000686645508,17.459999084472656
2026-04-30 17:00:00+00:00,17.420000076293945,17.549999237060547,17.209999084472656,17.25
2026-04-30 18:00:00+00:00,17.3700008392334,17.3700008392334,17.18000030517578,17.219999313354492
2026-04-30 19:00:00+00:00,17.280000686645508,17.329999923706055,16.889999389648438,16.93000030517578
2026-04-30 20:00:00+00:00,17.030000686645508,17.030000686645508,16.8700008392334,16.889999389648438
2026-05-01 07:00:00+00:00,17.010000228881836,17.100000381469727,17.0,17.09000015258789
2026-05-01 08:00:00+00:00,17.049999237060547,17.100000381469727,17.030000686645508,17.079999923706055
2026-05-01 09:00:00+00:00,17.06999969482422,17.1200008392334,17.059999465942383,17.06999969482422
2026-05-01 10:00:00+00:00,17.06999969482422,17.110000610351562,17.040000915527344,17.06999969482422
2026-05-01 11:00:00+00:00,17.059999465942383,17.1200008392334,16.860000610351562,16.860000610351562
2026-05-01 12:00:00+00:00,16.989999771118164,16.989999771118164,16.709999084472656,16.860000610351562
2026-05-01 13:00:00+00:00,16.770000457763672,16.899999618530273,16.510000228881836,16.579999923706055
2026-05-01 14:00:00+00:00,16.75,16.799999237060547,16.440000534057617,16.68000030517578
2026-05-01 15:00:00+00:00,16.600000381469727,17.389999389648438,16.59000015258789,16.829999923706055
2026-05-01 16:00:00+00:00,16.709999084472656,17.389999389648438,16.600000381469727,16.719999313354492
2026-05-01 17:00:00+00:00,16.969999313354492,17.020000457763672,16.68000030517578,16.889999389648438
2026-05-01 18:00:00+00:00,16.68000030517578,17.049999237060547,16.68000030517578,16.8700008392334
2026-05-01 19:00:00+00:00,16.940000534057617,17.040000915527344,16.6299991607666,17.0
2026-05-01 20:00:00+00:00,16.979999542236328,17.030000686645508,16.950000762939453,16.979999542236328
2026-05-04 07:00:00+00:00,17.3799991607666,17.450000762939453,17.31999969482422,17.450000762939453
2026-05-04 08:00:00+00:00,17.3700008392334,17.690000534057617,17.34000015258789,17.5
2026-05-04 09:00:00+00:00,17.479999542236328,17.520000457763672,17.440000534057617,17.520000457763672
2026-05-04 10:00:00+00:00,17.489999771118164,18.940000534057617,17.450000762939453,18.170000076293945
2026-05-04 11:00:00+00:00,18.5,18.540000915527344,17.989999771118164,18.030000686645508
2026-05-04 12:00:00+00:00,18.040000915527344,18.219999313354492,17.670000076293945,17.690000534057617
2026-05-04 13:00:00+00:00,17.809999465942383,17.93000030517578,17.43000030517578,17.43000030517578
2026-05-04 14:00:00+00:00,17.729999542236328,17.780000686645508,17.149999618530273,17.5
2026-05-04 15:00:00+00:00,17.229999542236328,18.6200008392334,17.15999984741211,18.440000534057617
2026-05-04 16:00:00+00:00,18.170000076293945,19.079999923706055,18.170000076293945,18.84000015258789
2026-05-04 17:00:00+00:00,18.719999313354492,18.889999389648438,18.06999969482422,18.149999618530273
2026-05-04 18:00:00+00:00,18.100000381469727,18.520000457763672,17.969999313354492,18.360000610351562
2026-05-04 19:00:00+00:00,18.329999923706055,18.520000457763672,18.18000030517578,18.18000030517578
2026-05-04 20:00:00+00:00,18.139999389648438,18.309999465942383,18.139999389648438,18.280000686645508
2026-05-05 07:00:00+00:00,17.950000762939453,18.020000457763672,17.829999923706055,18.0
2026-05-05 08:00:00+00:00,17.989999771118164,18.020000457763672,17.700000762939453,17.719999313354492
2026-05-05 09:00:00+00:00,17.770000457763672,17.790000915527344,17.65999984741211,17.68000030517578
2026-05-05 10:00:00+00:00,17.75,17.75,17.549999237060547,17.670000076293945
2026-05-05 11:00:00+00:00,17.65999984741211,17.809999465942383,17.549999237060547,17.68000030517578
2026-05-05 12:00:00+00:00,17.68000030517578,17.700000762939453,17.549999237060547,17.559999465942383
2026-05-05 13:00:00+00:00,17.59000015258789,17.6299991607666,17.31999969482422,17.440000534057617
2026-05-05 14:00:00+00:00,17.399999618530273,17.610000610351562,17.309999465942383,17.399999618530273
2026-05-05 15:00:00+00:00,17.3799991607666,17.56999969482422,17.360000610351562,17.540000915527344
2026-05-05 16:00:00+00:00,17.479999542236328,17.56999969482422,17.389999389648438,17.40999984741211
2026-05-05 17:00:00+00:00,17.440000534057617,17.469999313354492,17.209999084472656,17.25
2026-05-05 18:00:00+00:00,17.290000915527344,17.31999969482422,17.200000762939453,17.239999771118164
2026-05-05 19:00:00+00:00,17.299999237060547,17.489999771118164,17.200000762939453,17.43000030517578
2026-05-05 20:00:00+00:00,17.440000534057617,17.459999084472656,17.399999618530273,17.399999618530273
2026-05-06 07:00:00+00:00,17.149999618530273,17.149999618530273,17.049999237060547,17.049999237060547
2026-05-06 08:00:00+00:00,17.100000381469727,17.1200008392334,16.700000762939453,16.799999237060547
2026-05-06 09:00:00+00:00,16.969999313354492,16.979999542236328,16.649999618530273,16.719999313354492
2026-05-06 10:00:00+00:00,16.719999313354492,16.780000686645508,16.440000534057617,16.489999771118164
2026-05-06 11:00:00+00:00,16.579999923706055,16.6200008392334,16.18000030517578,16.440000534057617
2026-05-06 12:00:00+00:00,16.260000228881836,16.790000915527344,16.18000030517578,16.729999542236328
2026-05-06 13:00:00+00:00,16.520000457763672,17.31999969482422,16.520000457763672,17.149999618530273
2026-05-06 14:00:00+00:00,16.940000534057617,17.31999969482422,16.8700008392334,17.020000457763672
2026-05-06 15:00:00+00:00,16.989999771118164,17.350000381469727,16.920000076293945,17.229999542236328
2026-05-06 16:00:00+00:00,17.260000228881836,17.350000381469727,17.1200008392334,17.149999618530273
2026-05-06 17:00:00+00:00,17.219999313354492,17.280000686645508,17.0,17.0
2026-05-06 18:00:00+00:00,17.110000610351562,17.170000076293945,16.989999771118164,17.15999984741211
2026-05-06 19:00:00+00:00,17.040000915527344,17.360000610351562,17.030000686645508,17.25
2026-05-06 20:00:00+00:00,17.299999237060547,17.459999084472656,17.299999237060547,17.389999389648438
2026-05-07 07:00:00+00:00,17.530000686645508,17.579999923706055,17.5,17.520000457763672
2026-05-07 08:00:00+00:00,17.559999465942383,17.600000381469727,17.469999313354492,17.489999771118164
2026-05-07 09:00:00+00:00,17.579999923706055,17.579999923706055,17.450000762939453,17.530000686645508
2026-05-07 10:00:00+00:00,17.479999542236328,17.549999237060547,17.450000762939453,17.479999542236328
2026-05-07 11:00:00+00:00,17.479999542236328,17.530000686645508,17.420000076293945,17.420000076293945
2026-05-07 12:00:00+00:00,17.489999771118164,17.489999771118164,17.329999923706055,17.329999923706055
2026-05-07 13:00:00+00:00,17.420000076293945,17.420000076293945,17.190000534057617,17.239999771118164
2026-05-07 14:00:00+00:00,17.34000015258789,17.34000015258789,17.079999923706055,17.1299991607666
2026-05-07 15:00:00+00:00,17.170000076293945,17.31999969482422,17.079999923706055,17.31999969482422
2026-05-07 16:00:00+00:00,17.209999084472656,17.579999923706055,17.18000030517578,17.40999984741211
2026-05-07 17:00:00+00:00,17.31999969482422,17.559999465942383,17.190000534057617,17.239999771118164
2026-05-07 18:00:00+00:00,17.5,17.540000915527344,17.059999465942383,17.190000534057617
2026-05-07 19:00:00+00:00,17.170000076293945,17.3799991607666,17.059999465942383,17.059999465942383
2026-05-07 20:00:00+00:00,17.06999969482422,17.18000030517578,16.850000381469727,17.079999923706055
2026-05-08 07:00:00+00:00,17.3700008392334,17.399999618530273,17.18000030517578,17.190000534057617
2026-05-08 08:00:00+00:00,17.34000015258789,17.350000381469727,17.1200008392334,17.1299991607666
2026-05-08 09:00:00+00:00,17.15999984741211,17.170000076293945,17.020000457763672,17.1200008392334
2026-05-08 10:00:00+00:00,17.059999465942383,17.170000076293945,17.030000686645508,17.110000610351562
2026-05-08 11:00:00+00:00,17.1200008392334,17.139999389648438,17.049999237060547,17.100000381469727
2026-05-08 12:00:00+00:00,17.059999465942383,17.110000610351562,16.81999969482422,17.0
2026-05-08 13:00:00+00:00,16.93000030517578,17.170000076293945,16.81999969482422,17.040000915527344
2026-05-08 14:00:00+00:00,17.079999923706055,17.450000762939453,16.8700008392334,17.3799991607666
2026-05-08 15:00:00+00:00,17.420000076293945,17.43000030517578,17.229999542236328,17.290000915527344
2026-05-08 16:00:00+00:00,17.229999542236328,17.329999923706055,17.200000762939453,17.280000686645508
2026-05-08 17:00:00+00:00,17.219999313354492,17.530000686645508,17.200000762939453,17.479999542236328
2026-05-08 18:00:00+00:00,17.3700008392334,17.530000686645508,17.360000610351562,17.479999542236328
2026-05-08 19:00:00+00:00,17.450000762939453,17.510000228881836,17.040000915527344,17.18000030517578
2026-05-08 20:00:00+00:00,17.15999984741211,17.190000534057617,17.1200008392334,17.18000030517578
2026-05-11 07:00:00+00:00,18.209999084472656,18.229999542236328,18.18000030517578,18.200000762939453
2026-05-11 08:00:00+00:00,18.219999313354492,18.239999771118164,18.1299991607666,18.170000076293945
2026-05-11 09:00:00+00:00,18.200000762939453,18.200000762939453,18.06999969482422,18.139999389648438
2026-05-11 10:00:00+00:00,18.1200008392334,18.190000534057617,18.06999969482422,18.190000534057617
2026-05-11 11:00:00+00:00,18.15999984741211,18.190000534057617,18.100000381469727,18.149999618530273
2026-05-11 12:00:00+00:00,18.1299991607666,18.280000686645508,18.100000381469727,18.280000686645508
2026-05-11 13:00:00+00:00,18.170000076293945,18.3799991607666,18.139999389648438,18.190000534057617
2026-05-11 14:00:00+00:00,18.229999542236328,18.3799991607666,18.030000686645508,18.059999465942383
2026-05-11 15:00:00+00:00,18.260000228881836,18.360000610351562,17.899999618530273,17.940000534057617
2026-05-11 16:00:00+00:00,17.899999618530273,18.190000534057617,17.899999618530273,18.110000610351562
2026-05-11 17:00:00+00:00,18.0,18.190000534057617,17.969999313354492,18.15999984741211
2026-05-11 18:00:00+00:00,18.059999465942383,18.280000686645508,18.030000686645508,18.280000686645508
2026-05-11 19:00:00+00:00,18.149999618530273,18.469999313354492,18.139999389648438,18.360000610351562
2026-05-11 20:00:00+00:00,18.360000610351562,18.450000762939453,18.34000015258789,18.3700008392334
2026-05-12 07:00:00+00:00,18.770000457763672,18.780000686645508,18.65999984741211,18.739999771118164
2026-05-12 08:00:00+00:00,18.770000457763672,18.950000762939453,18.65999984741211,18.8799991607666
2026-05-12 09:00:00+00:00,18.850000381469727,18.969999313354492,18.790000915527344,18.950000762939453
2026-05-12 10:00:00+00:00,18.8700008392334,18.969999313354492,18.790000915527344,18.8700008392334
2026-05-12 11:00:00+00:00,18.90999984741211,19.010000228881836,18.739999771118164,18.75
2026-05-12 12:00:00+00:00,18.809999465942383,18.889999389648438,18.6200008392334,18.65999984741211
2026-05-12 13:00:00+00:00,18.700000762939453,18.8799991607666,18.600000381469727,18.84000015258789
2026-05-12 14:00:00+00:00,18.670000076293945,18.940000534057617,18.600000381469727,18.889999389648438
2026-05-12 15:00:00+00:00,18.75,19.100000381469727,18.700000762939453,18.950000762939453
2026-05-12 16:00:00+00:00,19.049999237060547,19.079999923706055,18.56999969482422,18.639999389648438
2026-05-12 17:00:00+00:00,18.690000534057617,18.739999771118164,18.209999084472656,18.209999084472656
2026-05-12 18:00:00+00:00,18.360000610351562,18.389999389648438,18.030000686645508,18.110000610351562
2026-05-12 19:00:00+00:00,18.09000015258789,18.139999389648438,17.93000030517578,17.940000534057617
2026-05-12 20:00:00+00:00,17.920000076293945,18.030000686645508,17.920000076293945,17.989999771118164
2026-05-13 07:00:00+00:00,17.979999542236328,17.989999771118164,17.899999618530273,17.93000030517578
2026-05-13 08:00:00+00:00,17.989999771118164,17.989999771118164,17.829999923706055,17.899999618530273
2026-05-13 09:00:00+00:00,17.850000381469727,17.959999084472656,17.829999923706055,17.8700008392334
2026-05-13 10:00:00+00:00,17.950000762939453,17.989999771118164,17.8700008392334,17.950000762939453
2026-05-13 11:00:00+00:00,17.959999084472656,17.989999771118164,17.829999923706055,17.8700008392334
2026-05-13 12:00:00+00:00,17.899999618530273,18.219999313354492,17.81999969482422,18.15999984741211
2026-05-13 13:00:00+00:00,17.8799991607666,18.399999618530273,17.8799991607666,18.09000015258789
2026-05-13 14:00:00+00:00,18.18000030517578,18.399999618530273,17.940000534057617,18.0
2026-05-13 15:00:00+00:00,18.040000915527344,18.1200008392334,17.940000534057617,18.100000381469727
2026-05-13 16:00:00+00:00,18.040000915527344,18.1200008392334,17.950000762939453,17.979999542236328
2026-05-13 17:00:00+00:00,18.06999969482422,18.100000381469727,17.8700008392334,17.889999389648438
2026-05-13 18:00:00+00:00,17.979999542236328,17.979999542236328,17.780000686645508,17.81999969482422
2026-05-13 19:00:00+00:00,17.809999465942383,17.889999389648438,17.760000228881836,17.8700008392334
2026-05-13 20:00:00+00:00,17.8799991607666,17.940000534057617,17.860000610351562,17.8700008392334
2026-05-14 07:00:00+00:00,17.860000610351562,17.860000610351562,17.780000686645508,17.850000381469727
2026-05-14 08:00:00+00:00,17.829999923706055,17.8799991607666,17.780000686645508,17.790000915527344
2026-05-14 09:00:00+00:00,17.799999237060547,17.93000030517578,17.770000457763672,17.8700008392334
2026-05-14 10:00:00+00:00,17.84000015258789,17.93000030517578,17.790000915527344,17.8700008392334
2026-05-14 11:00:00+00:00,17.860000610351562,17.920000076293945,17.81999969482422,17.860000610351562
2026-05-14 12:00:00+00:00,17.899999618530273,17.920000076293945,17.81999969482422,17.8799991607666
2026-05-14 13:00:00+00:00,17.829999923706055,18.049999237060547,17.829999923706055,17.940000534057617
2026-05-14 14:00:00+00:00,17.899999618530273,18.079999923706055,17.850000381469727,18.0
2026-05-14 15:00:00+00:00,18.059999465942383,18.059999465942383,17.799999237060547,17.81999969482422
2026-05-14 16:00:00+00:00,17.899999618530273,17.920000076293945,17.600000381469727,17.600000381469727
2026-05-14 17:00:00+00:00,17.729999542236328,17.75,17.329999923706055,17.399999618530273
2026-05-14 18:00:00+00:00,17.530000686645508,17.559999465942383,17.200000762939453,17.239999771118164
2026-05-14 19:00:00+00:00,17.549999237060547,17.549999237060547,17.200000762939453,17.329999923706055
2026-05-14 20:00:00+00:00,17.31999969482422,17.31999969482422,17.260000228881836,17.260000228881836
2026-05-15 07:00:00+00:00,18.06999969482422,18.15999984741211,18.0,18.149999618530273
2026-05-15 08:00:00+00:00,18.010000228881836,18.8700008392334,18.0,18.700000762939453
2026-05-15 09:00:00+00:00,18.75,18.899999618530273,18.549999237060547,18.850000381469727
2026-05-15 10:00:00+00:00,18.719999313354492,18.899999618530273,18.520000457763672,18.579999923706055
2026-05-15 11:00:00+00:00,18.709999084472656,18.979999542236328,18.5,18.979999542236328
2026-05-15 12:00:00+00:00,18.600000381469727,19.270000457763672,18.59000015258789,19.110000610351562
2026-05-15 13:00:00+00:00,19.1200008392334,19.270000457763672,18.40999984741211,18.700000762939453
2026-05-15 14:00:00+00:00,18.700000762939453,18.860000610351562,18.280000686645508,18.350000381469727
2026-05-15 15:00:00+00:00,18.690000534057617,18.690000534057617,17.989999771118164,18.40999984741211
2026-05-15 16:00:00+00:00,18.049999237060547,18.59000015258789,18.010000228881836,18.149999618530273
2026-05-15 17:00:00+00:00,18.190000534057617,18.209999084472656,17.799999237060547,17.920000076293945
2026-05-15 18:00:00+00:00,17.84000015258789,18.329999923706055,17.84000015258789,17.940000534057617
2026-05-15 19:00:00+00:00,18.149999618530273,18.329999923706055,17.93000030517578,18.260000228881836
2026-05-15 20:00:00+00:00,18.239999771118164,18.56999969482422,18.239999771118164,18.420000076293945
2026-05-18 07:00:00+00:00,19.25,19.3700008392334,19.049999237060547,19.170000076293945
2026-05-18 08:00:00+00:00,19.09000015258789,19.31999969482422,18.850000381469727,18.90999984741211
2026-05-18 09:00:00+00:00,18.899999618530273,19.059999465942383,18.850000381469727,19.030000686645508
2026-05-18 10:00:00+00:00,19.0,19.260000228881836,18.959999084472656,19.15999984741211
2026-05-18 11:00:00+00:00,19.18000030517578,19.440000534057617,18.56999969482422,18.690000534057617
2026-05-18 12:00:00+00:00,19.219999313354492,19.219999313354492,18.329999923706055,18.420000076293945
2026-05-18 13:00:00+00:00,18.59000015258789,18.860000610351562,18.309999465942383,18.389999389648438
2026-05-18 14:00:00+00:00,18.530000686645508,18.860000610351562,18.270000457763672,18.450000762939453
2026-05-18 15:00:00+00:00,18.389999389648438,18.899999618530273,18.360000610351562,18.649999618530273
2026-05-18 16:00:00+00:00,18.829999923706055,18.899999618530273,18.260000228881836,18.399999618530273
2026-05-18 17:00:00+00:00,18.709999084472656,18.799999237060547,18.18000030517578,18.18000030517578
2026-05-18 18:00:00+00:00,18.260000228881836,18.780000686645508,18.18000030517578,18.739999771118164
2026-05-18 19:00:00+00:00,18.639999389648438,18.780000686645508,17.700000762939453,17.700000762939453
2026-05-18 20:00:00+00:00,17.719999313354492,17.8799991607666,17.719999313354492,17.809999465942383
2026-05-19 07:00:00+00:00,18.010000228881836,18.049999237060547,17.8799991607666,17.899999618530273
2026-05-19 08:00:00+00:00,18.030000686645508,18.170000076293945,17.8799991607666,18.049999237060547
2026-05-19 09:00:00+00:00,18.110000610351562,18.350000381469727,18.010000228881836,18.149999618530273
2026-05-19 10:00:00+00:00,18.229999542236328,18.350000381469727,17.989999771118164,18.040000915527344
2026-05-19 11:00:00+00:00,18.15999984741211,18.25,17.950000762939453,18.06999969482422
2026-05-19 12:00:00+00:00,18.030000686645508,18.110000610351562,17.90999984741211,17.90999984741211
2026-05-19 13:00:00+00:00,18.010000228881836,18.270000457763672,17.65999984741211,17.790000915527344
2026-05-19 14:00:00+00:00,18.149999618530273,18.360000610351562,17.709999084472656,18.200000762939453
2026-05-19 15:00:00+00:00,18.059999465942383,18.360000610351562,17.84000015258789,18.06999969482422
2026-05-19 16:00:00+00:00,18.209999084472656,18.239999771118164,17.760000228881836,17.780000686645508
2026-05-19 17:00:00+00:00,17.899999618530273,18.049999237060547,17.760000228881836,17.950000762939453
2026-05-19 18:00:00+00:00,17.950000762939453,18.110000610351562,17.889999389648438,18.079999923706055
2026-05-19 19:00:00+00:00,18.010000228881836,18.209999084472656,17.84000015258789,18.06999969482422
2026-05-19 20:00:00+00:00,18.079999923706055,18.170000076293945,18.049999237060547,18.06999969482422
2026-05-20 07:00:00+00:00,18.170000076293945,18.18000030517578,18.09000015258789,18.139999389648438
2026-05-20 08:00:00+00:00,18.09000015258789,18.170000076293945,17.959999084472656,18.0
2026-05-20 09:00:00+00:00,18.040000915527344,18.040000915527344,17.940000534057617,17.969999313354492
2026-05-20 10:00:00+00:00,18.010000228881836,18.020000457763672,17.850000381469727,17.950000762939453
2026-05-20 11:00:00+00:00,17.950000762939453,18.059999465942383,17.850000381469727,18.010000228881836
2026-05-20 12:00:00+00:00,17.93000030517578,18.059999465942383,17.8700008392334,17.979999542236328
2026-05-20 13:00:00+00:00,17.8799991607666,18.170000076293945,17.729999542236328,17.829999923706055
2026-05-20 14:00:00+00:00,18.059999465942383,18.170000076293945,17.59000015258789,17.729999542236328
2026-05-20 15:00:00+00:00,17.639999389648438,17.850000381469727,17.530000686645508,17.700000762939453
2026-05-20 16:00:00+00:00,17.690000534057617,17.8799991607666,17.600000381469727,17.700000762939453
2026-05-20 17:00:00+00:00,17.850000381469727,17.8799991607666,17.510000228881836,17.549999237060547
2026-05-20 18:00:00+00:00,17.579999923706055,17.600000381469727,17.1299991607666,17.440000534057617
2026-05-20 19:00:00+00:00,17.540000915527344,17.540000915527344,17.31999969482422,17.3799991607666
2026-05-20 20:00:00+00:00,17.360000610351562,17.469999313354492,17.34000015258789,17.450000762939453
2026-05-21 07:00:00+00:00,17.579999923706055,17.610000610351562,17.43000030517578,17.43000030517578
2026-05-21 08:00:00+00:00,17.549999237060547,17.549999237060547,17.229999542236328,17.290000915527344
2026-05-21 09:00:00+00:00,17.260000228881836,17.34000015258789,17.15999984741211,17.200000762939453
2026-05-21 10:00:00+00:00,17.170000076293945,17.8700008392334,17.149999618530273,17.760000228881836
2026-05-21 11:00:00+00:00,17.549999237060547,17.8700008392334,17.520000457763672,17.649999618530273
2026-05-21 12:00:00+00:00,17.639999389648438,17.760000228881836,17.600000381469727,17.75
2026-05-21 13:00:00+00:00,17.690000534057617,17.84000015258789,17.360000610351562,17.399999618530273
2026-05-21 14:00:00+00:00,17.829999923706055,17.84000015258789,17.329999923706055,17.5
2026-05-21 15:00:00+00:00,17.6299991607666,17.68000030517578,17.219999313354492,17.290000915527344
2026-05-21 16:00:00+00:00,17.350000381469727,17.43000030517578,17.1200008392334,17.1200008392334
2026-05-21 17:00:00+00:00,17.25,17.270000457763672,16.799999237060547,16.969999313354492
2026-05-21 18:00:00+00:00,16.920000076293945,17.350000381469727,16.84000015258789,17.170000076293945
2026-05-21 19:00:00+00:00,16.93000030517578,17.350000381469727,16.600000381469727,16.68000030517578
2026-05-21 20:00:00+00:00,16.729999542236328,16.770000457763672,16.719999313354492,16.760000228881836
2026-05-22 07:00:00+00:00,16.829999923706055,16.829999923706055,16.760000228881836,16.770000457763672
2026-05-22 08:00:00+00:00,16.760000228881836,16.829999923706055,16.700000762939453,16.829999923706055
2026-05-22 09:00:00+00:00,16.739999771118164,17.06999969482422,16.739999771118164,17.030000686645508
2026-05-22 10:00:00+00:00,17.0,17.149999618530273,16.989999771118164,17.06999969482422
2026-05-22 11:00:00+00:00,17.110000610351562,17.149999618530273,16.93000030517578,16.959999084472656
2026-05-22 12:00:00+00:00,17.010000228881836,17.040000915527344,16.700000762939453,16.739999771118164
2026-05-22 13:00:00+00:00,16.81999969482422,16.959999084472656,16.639999389648438,16.84000015258789
2026-05-22 14:00:00+00:00,16.700000762939453,16.959999084472656,16.59000015258789,16.610000610351562
2026-05-22 15:00:00+00:00,16.760000228881836,16.780000686645508,16.549999237060547,16.610000610351562
2026-05-22 16:00:00+00:00,16.559999465942383,16.639999389648438,16.5,16.510000228881836
2026-05-22 17:00:00+00:00,16.549999237060547,17.389999389648438,16.459999084472656,16.59000015258789
2026-05-22 18:00:00+00:00,17.389999389648438,17.389999389648438,16.520000457763672,16.520000457763672
2026-05-22 19:00:00+00:00,16.600000381469727,16.959999084472656,16.510000228881836,16.809999465942383
2026-05-22 20:00:00+00:00,16.799999237060547,16.84000015258789,16.700000762939453,16.700000762939453
2026-05-25 07:00:00+00:00,16.809999465942383,16.8700008392334,16.65999984741211,16.719999313354492
2026-05-25 08:00:00+00:00,16.760000228881836,16.760000228881836,16.65999984741211,16.68000030517578
2026-05-25 09:00:00+00:00,16.700000762939453,16.709999084472656,16.670000076293945,16.700000762939453
2026-05-25 10:00:00+00:00,16.690000534057617,16.709999084472656,16.6299991607666,16.639999389648438
2026-05-25 11:00:00+00:00,16.65999984741211,16.65999984741211,16.600000381469727,16.639999389648438
2026-05-25 12:00:00+00:00,16.610000610351562,16.65999984741211,16.579999923706055,16.6200008392334
2026-05-25 13:00:00+00:00,16.59000015258789,16.649999618530273,16.59000015258789,16.6299991607666
2026-05-25 14:00:00+00:00,16.639999389648438,16.700000762939453,16.610000610351562,16.690000534057617
2026-05-25 15:00:00+00:00,16.670000076293945,16.700000762939453,16.530000686645508,16.59000015258789
2026-05-26 07:00:00+00:00,16.920000076293945,16.940000534057617,16.809999465942383,16.84000015258789
2026-05-26 08:00:00+00:00,16.8799991607666,16.93000030517578,16.770000457763672,16.790000915527344
2026-05-26 09:00:00+00:00,16.799999237060547,16.809999465942383,16.68000030517578,16.690000534057617
2026-05-26 10:00:00+00:00,16.75,16.760000228881836,16.559999465942383,16.6200008392334
2026-05-26 11:00:00+00:00,16.670000076293945,16.739999771118164,16.600000381469727,16.739999771118164
2026-05-26 12:00:00+00:00,16.6200008392334,16.760000228881836,16.610000610351562,16.760000228881836
2026-05-26 13:00:00+00:00,16.700000762939453,17.020000457763672,16.670000076293945,16.860000610351562
2026-05-26 14:00:00+00:00,16.81999969482422,17.020000457763672,16.75,16.809999465942383
2026-05-26 15:00:00+00:00,16.93000030517578,17.229999542236328,16.780000686645508,17.149999618530273
2026-05-26 16:00:00+00:00,16.850000381469727,17.229999542236328,16.799999237060547,17.1299991607666
2026-05-26 17:00:00+00:00,16.989999771118164,17.209999084472656,16.979999542236328,17.059999465942383
2026-05-26 18:00:00+00:00,17.190000534057617,17.190000534057617,16.93000030517578,17.110000610351562
2026-05-26 19:00:00+00:00,16.959999084472656,17.139999389648438,16.899999618530273,16.940000534057617
2026-05-26 20:00:00+00:00,16.93000030517578,17.010000228881836,16.93000030517578,17.010000228881836
2026-05-27 07:00:00+00:00,17.010000228881836,17.020000457763672,17.0,17.0
2026-05-27 08:00:00+00:00,17.010000228881836,17.020000457763672,16.950000762939453,16.959999084472656
2026-05-27 09:00:00+00:00,16.969999313354492,17.010000228881836,16.920000076293945,16.920000076293945
2026-05-27 10:00:00+00:00,16.979999542236328,16.979999542236328,16.8799991607666,16.8799991607666
2026-05-27 11:00:00+00:00,16.920000076293945,16.93000030517578,16.829999923706055,16.93000030517578
2026-05-27 12:00:00+00:00,16.8700008392334,16.959999084472656,16.770000457763672,16.809999465942383
2026-05-27 13:00:00+00:00,16.799999237060547,17.06999969482422,16.770000457763672,16.950000762939453
2026-05-27 14:00:00+00:00,16.979999542236328,17.18000030517578,16.84000015258789,16.979999542236328
2026-05-27 15:00:00+00:00,16.989999771118164,17.040000915527344,16.850000381469727,16.950000762939453
2026-05-27 16:00:00+00:00,16.93000030517578,17.020000457763672,16.639999389648438,16.729999542236328
2026-05-27 17:00:00+00:00,16.809999465942383,16.920000076293945,16.639999389648438,16.649999618530273
2026-05-27 18:00:00+00:00,16.780000686645508,16.780000686645508,16.479999542236328,16.489999771118164
2026-05-27 19:00:00+00:00,16.56999969482422,16.59000015258789,16.329999923706055,16.329999923706055
2026-05-27 20:00:00+00:00,16.31999969482422,16.329999923706055,16.290000915527344,16.290000915527344
2026-05-28 07:00:00+00:00,16.760000228881836,16.770000457763672,16.729999542236328,16.729999542236328
2026-05-28 08:00:00+00:00,16.75,16.770000457763672,16.65999984741211,16.690000534057617
2026-05-28 09:00:00+00:00,16.68000030517578,16.729999542236328,16.65999984741211,16.670000076293945
2026-05-28 10:00:00+00:00,16.700000762939453,16.850000381469727,16.65999984741211,16.799999237060547
2026-05-28 11:00:00+00:00,16.739999771118164,16.850000381469727,16.65999984741211,16.719999313354492
2026-05-28 12:00:00+00:00,16.719999313354492,16.780000686645508,16.469999313354492,16.469999313354492
2026-05-28 13:00:00+00:00,16.68000030517578,16.68000030517578,16.149999618530273,16.18000030517578
2026-05-28 14:00:00+00:00,16.450000762939453,16.5,15.729999542236328,16.0
2026-05-28 15:00:00+00:00,15.979999542236328,16.040000915527344,15.729999542236328,15.930000305175781
2026-05-28 16:00:00+00:00,15.9399995803833,15.970000267028809,15.8100004196167,15.819999694824219
2026-05-28 17:00:00+00:00,15.880000114440918,15.880000114440918,15.729999542236328,15.739999771118164
2026-05-28 18:00:00+00:00,15.819999694824219,15.829999923706055,15.619999885559082,15.670000076293945
2026-05-28 19:00:00+00:00,15.640000343322754,15.710000038146973,15.609999656677246,15.640000343322754
2026-05-28 20:00:00+00:00,15.649999618530273,15.760000228881836,15.649999618530273,15.760000228881836
2026-05-29 07:00:00+00:00,15.8100004196167,15.880000114440918,15.8100004196167,15.829999923706055
2026-05-29 08:00:00+00:00,15.84000015258789,15.880000114440918,15.770000457763672,15.779999732971191
2026-05-29 09:00:00+00:00,15.800000190734863,15.850000381469727,15.770000457763672,15.84000015258789
2026-05-29 10:00:00+00:00,15.829999923706055,15.869999885559082,15.829999923706055,15.84000015258789
2026-05-29 11:00:00+00:00,15.84000015258789,15.859999656677246,15.770000457763672,15.800000190734863
2026-05-29 12:00:00+00:00,15.84000015258789,15.859999656677246,15.710000038146973,15.710000038146973
2026-05-29 13:00:00+00:00,15.779999732971191,15.8100004196167,15.539999961853027,15.600000381469727
2026-05-29 14:00:00+00:00,15.699999809265137,15.770000457763672,15.539999961853027,15.59000015258789
2026-05-29 15:00:00+00:00,15.680000305175781,15.770000457763672,15.350000381469727,15.40999984741211
2026-05-29 16:00:00+00:00,15.449999809265137,15.449999809265137,15.239999771118164,15.289999961853027
2026-05-29 17:00:00+00:00,15.380000114440918,15.460000038146973,15.220000267028809,15.460000038146973
2026-05-29 18:00:00+00:00,15.279999732971191,15.550000190734863,15.220000267028809,15.449999809265137
2026-05-29 19:00:00+00:00,15.300000190734863,15.550000190734863,15.229999542236328,15.329999923706055
2026-05-29 20:00:00+00:00,15.34000015258789,15.359999656677246,15.3100004196167,15.34000015258789
2026-06-01 07:00:00+00:00,15.880000114440918,15.989999771118164,15.859999656677246,15.920000076293945
2026-06-01 08:00:00+00:00,15.90999984741211,15.989999771118164,15.869999885559082,15.869999885559082
2026-06-01 09:00:00+00:00,15.9399995803833,15.960000038146973,15.819999694824219,15.829999923706055
2026-06-01 10:00:00+00:00,15.829999923706055,15.850000381469727,15.760000228881836,15.760000228881836
2026-06-01 11:00:00+00:00,15.800000190734863,15.800000190734863,15.739999771118164,15.789999961853027
2026-06-01 12:00:00+00:00,15.770000457763672,15.880000114440918,15.739999771118164,15.819999694824219
2026-06-01 13:00:00+00:00,15.829999923706055,16.34000015258789,15.779999732971191,16.219999313354492
2026-06-01 14:00:00+00:00,16.34000015258789,16.34000015258789,15.960000038146973,16.15999984741211
2026-06-01 15:00:00+00:00,16.06999969482422,16.170000076293945,15.880000114440918,16.020000457763672
2026-06-01 16:00:00+00:00,16.040000915527344,16.170000076293945,15.880000114440918,15.920000076293945
2026-06-01 17:00:00+00:00,16.020000457763672,16.030000686645508,15.720000267028809,15.729999542236328
2026-06-01 18:00:00+00:00,15.880000114440918,15.9399995803833,15.710000038146973,15.710000038146973
2026-06-01 19:00:00+00:00,15.739999771118164,16.040000915527344,15.710000038146973,16.0
2026-06-01 20:00:00+00:00,15.989999771118164,16.06999969482422,15.989999771118164,16.049999237060547
2026-06-02 07:00:00+00:00,16.280000686645508,16.280000686645508,16.229999542236328,16.229999542236328
2026-06-02 08:00:00+00:00,16.25,16.260000228881836,16.170000076293945,16.190000534057617
2026-06-02 09:00:00+00:00,16.229999542236328,16.229999542236328,16.1200008392334,16.149999618530273
2026-06-02 10:00:00+00:00,16.200000762939453,16.200000762939453,16.110000610351562,16.1299991607666
2026-06-02 11:00:00+00:00,16.1200008392334,16.170000076293945,16.100000381469727,16.170000076293945
2026-06-02 12:00:00+00:00,16.139999389648438,16.200000762939453,16.100000381469727,16.170000076293945
2026-06-02 13:00:00+00:00,16.149999618530273,16.290000915527344,16.06999969482422,16.06999969482422
2026-06-02 14:00:00+00:00,16.139999389648438,16.200000762939453,15.960000038146973,16.010000228881836
2026-06-02 15:00:00+00:00,16.1200008392334,16.1200008392334,15.960000038146973,16.030000686645508
2026-06-02 16:00:00+00:00,16.010000228881836,16.059999465942383,15.90999984741211,15.920000076293945
2026-06-02 17:00:00+00:00,16.040000915527344,16.079999923706055,15.899999618530273,15.970000267028809
2026-06-02 18:00:00+00:00,16.049999237060547,16.079999923706055,15.779999732971191,15.779999732971191
2026-06-02 19:00:00+00:00,15.850000381469727,15.880000114440918,15.729999542236328,15.789999961853027
2026-06-02 20:00:00+00:00,15.800000190734863,15.800000190734863,15.710000038146973,15.779999732971191
2026-06-03 07:00:00+00:00,15.970000267028809,16.100000381469727,15.970000267028809,16.079999923706055
2026-06-03 08:00:00+00:00,16.020000457763672,16.149999618530273,16.010000228881836,16.09000015258789
2026-06-03 09:00:00+00:00,16.09000015258789,16.110000610351562,16.030000686645508,16.110000610351562
2026-06-03 10:00:00+00:00,16.049999237060547,16.1200008392334,16.010000228881836,16.06999969482422
2026-06-03 11:00:00+00:00,16.030000686645508,16.1200008392334,16.020000457763672,16.049999237060547
2026-06-03 12:00:00+00:00,16.040000915527344,16.260000228881836,16.020000457763672,16.229999542236328
2026-06-03 13:00:00+00:00,16.1200008392334,16.6299991607666,16.1200008392334,16.3799991607666
2026-06-03 14:00:00+00:00,16.229999542236328,16.6299991607666,15.9399995803833,16.079999923706055
2026-06-03 15:00:00+00:00,15.979999542236328,16.31999969482422,15.9399995803833,16.239999771118164
2026-06-03 16:00:00+00:00,16.059999465942383,16.489999771118164,16.040000915527344,16.260000228881836
2026-06-03 17:00:00+00:00,16.389999389648438,16.489999771118164,16.030000686645508,16.059999465942383
2026-06-03 18:00:00+00:00,16.25,16.329999923706055,15.989999771118164,16.059999465942383
2026-06-03 19:00:00+00:00,16.0,16.18000030517578,15.960000038146973,16.049999237060547
2026-06-03 20:00:00+00:00,16.049999237060547,16.100000381469727,16.040000915527344,16.100000381469727
2026-06-04 07:00:00+00:00,16.329999923706055,16.350000381469727,16.280000686645508,16.309999465942383
2026-06-04 08:00:00+00:00,16.309999465942383,16.510000228881836,16.280000686645508,16.450000762939453
2026-06-04 09:00:00+00:00,16.389999389648438,16.579999923706055,16.329999923706055,16.360000610351562
2026-06-04 10:00:00+00:00,16.459999084472656,16.709999084472656,16.329999923706055,16.670000076293945
2026-06-04 11:00:00+00:00,16.59000015258789,16.799999237060547,16.479999542236328,16.510000228881836
2026-06-04 12:00:00+00:00,16.559999465942383,16.799999237060547,16.360000610351562,16.3700008392334
2026-06-04 13:00:00+00:00,16.479999542236328,16.530000686645508,15.899999618530273,15.970000267028809
2026-06-04 14:00:00+00:00,16.440000534057617,16.440000534057617,15.649999618530273,15.739999771118164
2026-06-04 15:00:00+00:00,15.6899995803833,15.850000381469727,15.59000015258789,15.609999656677246
2026-06-04 16:00:00+00:00,15.649999618530273,15.710000038146973,15.4399995803833,15.449999809265137
2026-06-04 17:00:00+00:00,15.550000190734863,15.569999694824219,15.34000015258789,15.34000015258789
2026-06-04 18:00:00+00:00,15.399999618530273,15.40999984741211,15.319999694824219,15.369999885559082
2026-06-04 19:00:00+00:00,15.380000114440918,15.40999984741211,15.180000305175781,15.1899995803833
2026-06-04 20:00:00+00:00,15.25,15.390000343322754,15.239999771118164,15.390000343322754
2026-06-05 07:00:00+00:00,15.869999885559082,15.890000343322754,15.739999771118164,15.760000228881836
2026-06-05 08:00:00+00:00,15.8100004196167,15.8100004196167,15.649999618530273,15.729999542236328
2026-06-05 09:00:00+00:00,15.670000076293945,15.739999771118164,15.5600004196167,15.699999809265137
2026-06-05 10:00:00+00:00,15.6899995803833,15.720000267028809,15.619999885559082,15.649999618530273
2026-06-05 11:00:00+00:00,15.649999618530273,15.75,15.59000015258789,15.710000038146973
2026-06-05 12:00:00+00:00,15.619999885559082,15.90999984741211,15.59000015258789,15.890000343322754
2026-06-05 13:00:00+00:00,15.65999984741211,16.690000534057617,15.65999984741211,16.690000534057617
2026-06-05 14:00:00+00:00,16.040000915527344,16.8700008392334,15.930000305175781,16.229999542236328
2026-06-05 15:00:00+00:00,16.559999465942383,17.219999313354492,16.190000534057617,17.209999084472656
2026-06-05 16:00:00+00:00,16.600000381469727,19.18000030517578,16.579999923706055,18.549999237060547
2026-06-05 17:00:00+00:00,18.1200008392334,19.18000030517578,17.8799991607666,17.920000076293945
2026-06-05 18:00:00+00:00,18.389999389648438,20.100000381469727,17.8799991607666,19.790000915527344
2026-06-05 19:00:00+00:00,19.049999237060547,21.15999984741211,19.030000686645508,20.18000030517578
2026-06-05 20:00:00+00:00,20.200000762939453,21.56999969482422,20.190000534057617,21.56999969482422
2026-06-08 07:00:00+00:00,20.290000915527344,20.350000381469727,19.739999771118164,19.84000015258789
2026-06-08 08:00:00+00:00,20.0,20.049999237060547,19.739999771118164,19.93000030517578
2026-06-08 09:00:00+00:00,19.899999618530273,20.110000610351562,19.579999923706055,19.579999923706055
2026-06-08 10:00:00+00:00,19.90999984741211,19.989999771118164,19.420000076293945,19.450000762939453
2026-06-08 11:00:00+00:00,19.700000762939453,19.700000762939453,18.770000457763672,18.920000076293945
2026-06-08 12:00:00+00:00,18.920000076293945,18.959999084472656,18.709999084472656,18.75
2026-06-08 13:00:00+00:00,18.780000686645508,19.149999618530273,18.40999984741211,18.989999771118164
2026-06-08 14:00:00+00:00,18.5,19.149999618530273,18.010000228881836,18.010000228881836
2026-06-08 15:00:00+00:00,18.540000915527344,18.729999542236328,17.940000534057617,18.469999313354492
2026-06-08 16:00:00+00:00,18.56999969482422,18.729999542236328,18.15999984741211,18.43000030517578
2026-06-08 17:00:00+00:00,18.559999465942383,18.850000381469727,18.260000228881836,18.59000015258789
2026-06-08 18:00:00+00:00,18.389999389648438,18.729999542236328,18.329999923706055,18.639999389648438
2026-06-08 19:00:00+00:00,18.420000076293945,19.219999313354492,18.34000015258789,18.690000534057617
2026-06-08 20:00:00+00:00,18.719999313354492,18.920000076293945,18.719999313354492,18.920000076293945
2026-06-09 07:00:00+00:00,18.190000534057617,18.31999969482422,18.15999984741211,18.290000915527344
2026-06-09 08:00:00+00:00,18.280000686645508,18.350000381469727,18.06999969482422,18.18000030517578
2026-06-09 09:00:00+00:00,18.110000610351562,18.190000534057617,18.0,18.020000457763672
2026-06-09 10:00:00+00:00,18.020000457763672,18.25,17.969999313354492,18.010000228881836
2026-06-09 11:00:00+00:00,18.06999969482422,18.1299991607666,17.959999084472656,18.09000015258789
2026-06-09 12:00:00+00:00,18.06999969482422,18.170000076293945,17.920000076293945,18.059999465942383
2026-06-09 13:00:00+00:00,18.139999389648438,18.139999389648438,17.520000457763672,17.770000457763672
2026-06-09 14:00:00+00:00,17.829999923706055,20.010000228881836,17.520000457763672,18.989999771118164
2026-06-09 15:00:00+00:00,18.329999923706055,20.920000076293945,18.25,20.8799991607666
2026-06-09 16:00:00+00:00,20.540000915527344,23.34000015258789,19.8700008392334,22.280000686645508
2026-06-09 17:00:00+00:00,21.780000686645508,23.34000015258789,20.200000762939453,20.440000534057617
2026-06-09 18:00:00+00:00,20.93000030517578,21.049999237060547,19.399999618530273,19.440000534057617
2026-06-09 19:00:00+00:00,19.729999542236328,20.469999313354492,19.270000457763672,19.770000457763672
2026-06-09 20:00:00+00:00,19.729999542236328,19.93000030517578,19.59000015258789,19.8700008392334
2026-06-10 07:00:00+00:00,20.100000381469727,20.25,20.059999465942383,20.09000015258789
2026-06-10 08:00:00+00:00,20.229999542236328,21.059999465942383,20.079999923706055,20.979999542236328
2026-06-10 09:00:00+00:00,20.469999313354492,21.459999084472656,20.420000076293945,20.979999542236328
2026-06-10 10:00:00+00:00,20.979999542236328,21.309999465942383,20.829999923706055,20.8799991607666
2026-06-10 11:00:00+00:00,21.09000015258789,22.530000686645508,20.829999923706055,21.829999923706055
2026-06-10 12:00:00+00:00,21.8799991607666,22.31999969482422,20.670000076293945,21.020000457763672
2026-06-10 13:00:00+00:00,21.5,21.530000686645508,20.219999313354492,20.440000534057617
2026-06-10 14:00:00+00:00,20.969999313354492,21.459999084472656,20.06999969482422,21.389999389648438
2026-06-10 15:00:00+00:00,20.31999969482422,22.65999984741211,20.31999969482422,21.8700008392334
2026-06-10 16:00:00+00:00,21.6200008392334,22.65999984741211,21.43000030517578,21.760000228881836
2026-06-10 17:00:00+00:00,21.969999313354492,22.06999969482422,21.260000228881836,21.260000228881836
2026-06-10 18:00:00+00:00,21.59000015258789,21.989999771118164,20.950000762939453,21.770000457763672
2026-06-10 19:00:00+00:00,21.290000915527344,22.280000686645508,21.290000915527344,22.079999923706055
2026-06-10 20:00:00+00:00,22.190000534057617,22.479999542236328,22.18000030517578,22.219999313354492
2026-06-11 07:00:00+00:00,21.25,21.25,20.84000015258789,20.90999984741211
2026-06-11 08:00:00+00:00,20.920000076293945,20.969999313354492,20.549999237060547,20.56999969482422
2026-06-11 09:00:00+00:00,20.68000030517578,20.68000030517578,20.530000686645508,20.639999389648438
2026-06-11 10:00:00+00:00,20.649999618530273,20.850000381469727,20.59000015258789,20.850000381469727
2026-06-11 11:00:00+00:00,20.81999969482422,21.149999618530273,20.719999313354492,20.729999542236328
2026-06-11 12:00:00+00:00,21.06999969482422,21.850000381469727,20.6299991607666,21.1299991607666
2026-06-11 13:00:00+00:00,21.40999984741211,21.850000381469727,20.75,21.09000015258789
2026-06-11 14:00:00+00:00,21.399999618530273,22.34000015258789,20.719999313354492,22.31999969482422
2026-06-11 15:00:00+00:00,21.290000915527344,22.59000015258789,21.100000381469727,21.780000686645508
2026-06-11 16:00:00+00:00,21.959999084472656,22.110000610351562,21.139999389648438,21.479999542236328
2026-06-11 17:00:00+00:00,21.6299991607666,21.780000686645508,19.639999389648438,19.760000228881836
2026-06-11 18:00:00+00:00,20.3700008392334,20.889999389648438,19.530000686645508,19.6299991607666
2026-06-11 19:00:00+00:00,19.90999984741211,19.90999984741211,19.360000610351562,19.540000915527344
2026-06-11 20:00:00+00:00,19.549999237060547,19.579999923706055,19.420000076293945,19.450000762939453
2026-06-12 07:00:00+00:00,19.510000228881836,19.559999465942383,19.030000686645508,19.059999465942383
2026-06-12 08:00:00+00:00,19.469999313354492,19.489999771118164,18.6200008392334,18.829999923706055
2026-06-12 09:00:00+00:00,18.649999618530273,18.8799991607666,18.510000228881836,18.579999923706055
2026-06-12 10:00:00+00:00,18.600000381469727,19.200000762939453,18.510000228881836,19.149999618530273
2026-06-12 11:00:00+00:00,19.139999389648438,19.200000762939453,18.780000686645508,18.84000015258789
2026-06-12 12:00:00+00:00,18.899999618530273,19.540000915527344,18.780000686645508,19.43000030517578
2026-06-12 13:00:00+00:00,19.15999984741211,19.850000381469727,18.899999618530273,19.31999969482422
2026-06-12 14:00:00+00:00,19.290000915527344,19.850000381469727,18.709999084472656,18.770000457763672
2026-06-12 15:00:00+00:00,19.030000686645508,19.610000610351562,18.489999771118164,19.479999542236328
2026-06-12 16:00:00+00:00,18.559999465942383,19.610000610351562,18.559999465942383,18.610000610351562
2026-06-12 17:00:00+00:00,18.93000030517578,18.93000030517578,18.209999084472656,18.260000228881836
2026-06-12 18:00:00+00:00,18.350000381469727,18.450000762939453,18.110000610351562,18.190000534057617
2026-06-12 19:00:00+00:00,18.329999923706055,18.420000076293945,17.739999771118164,17.75
2026-06-12 20:00:00+00:00,17.75,17.75,17.59000015258789,17.690000534057617
2026-06-15 07:00:00+00:00,16.780000686645508,16.829999923706055,16.670000076293945,16.829999923706055
2026-06-15 08:00:00+00:00,16.719999313354492,16.829999923706055,16.639999389648438,16.690000534057617
2026-06-15 09:00:00+00:00,16.649999618530273,16.850000381469727,16.639999389648438,16.770000457763672
2026-06-15 10:00:00+00:00,16.809999465942383,16.850000381469727,16.739999771118164,16.780000686645508
2026-06-15 11:00:00+00:00,16.760000228881836,16.809999465942383,16.600000381469727,16.6200008392334
2026-06-15 12:00:00+00:00,16.649999618530273,16.729999542236328,16.420000076293945,16.43000030517578
2026-06-15 13:00:00+00:00,16.639999389648438,16.639999389648438,16.06999969482422,16.420000076293945
2026-06-15 14:00:00+00:00,16.209999084472656,16.450000762939453,16.06999969482422,16.239999771118164
2026-06-15 15:00:00+00:00,16.299999237060547,16.510000228881836,16.190000534057617,16.309999465942383
2026-06-15 16:00:00+00:00,16.350000381469727,16.510000228881836,15.979999542236328,16.0
2026-06-15 17:00:00+00:00,16.1200008392334,16.239999771118164,15.979999542236328,16.229999542236328
2026-06-15 18:00:00+00:00,16.09000015258789,16.270000457763672,16.079999923706055,16.1200008392334
2026-06-15 19:00:00+00:00,16.239999771118164,16.260000228881836,16.040000915527344,16.049999237060547
2026-06-15 20:00:00+00:00,16.010000228881836,16.200000762939453,16.0,16.200000762939453
2026-06-16 07:00:00+00:00,16.200000762939453,16.209999084472656,16.149999618530273,16.18000030517578
2026-06-16 08:00:00+00:00,16.15999984741211,16.209999084472656,16.059999465942383,16.079999923706055
2026-06-16 09:00:00+00:00,16.110000610351562,16.170000076293945,16.049999237060547,16.15999984741211
2026-06-16 10:00:00+00:00,16.110000610351562,16.190000534057617,16.100000381469727,16.170000076293945
2026-06-16 11:00:00+00:00,16.18000030517578,16.190000534057617,16.1299991607666,16.139999389648438
2026-06-16 12:00:00+00:00,16.149999618530273,16.170000076293945,16.06999969482422,16.079999923706055
2026-06-16 13:00:00+00:00,16.139999389648438,16.149999618530273,15.880000114440918,15.970000267028809
2026-06-16 14:00:00+00:00,16.1299991607666,16.200000762939453,15.770000457763672,15.989999771118164
2026-06-16 15:00:00+00:00,16.100000381469727,16.200000762939453,15.8100004196167,15.949999809265137
2026-06-16 16:00:00+00:00,15.970000267028809,16.149999618530273,15.819999694824219,15.989999771118164
2026-06-16 17:00:00+00:00,15.890000343322754,16.020000457763672,15.770000457763672,15.859999656677246
2026-06-16 18:00:00+00:00,15.899999618530273,15.989999771118164,15.770000457763672,15.949999809265137
2026-06-16 19:00:00+00:00,15.829999923706055,16.309999465942383,15.829999923706055,16.309999465942383
2026-06-16 20:00:00+00:00,16.260000228881836,16.440000534057617,16.260000228881836,16.40999984741211
2026-06-17 07:00:00+00:00,16.079999923706055,16.239999771118164,16.06999969482422,16.229999542236328
2026-06-17 08:00:00+00:00,16.209999084472656,16.479999542236328,16.18000030517578,16.31999969482422
2026-06-17 09:00:00+00:00,16.309999465942383,16.479999542236328,16.260000228881836,16.399999618530273
2026-06-17 10:00:00+00:00,16.280000686645508,16.510000228881836,16.260000228881836,16.43000030517578
2026-06-17 11:00:00+00:00,16.420000076293945,16.479999542236328,16.329999923706055,16.450000762939453
2026-06-17 12:00:00+00:00,16.3700008392334,16.479999542236328,16.020000457763672,16.049999237060547
2026-06-17 13:00:00+00:00,16.309999465942383,16.600000381469727,16.020000457763672,16.600000381469727
2026-06-17 14:00:00+00:00,16.31999969482422,17.079999923706055,16.239999771118164,16.84000015258789
2026-06-17 15:00:00+00:00,16.43000030517578,17.079999923706055,16.43000030517578,16.829999923706055
2026-06-17 16:00:00+00:00,16.899999618530273,16.93000030517578,16.780000686645508,16.899999618530273
2026-06-17 17:00:00+00:00,16.829999923706055,17.0,16.549999237060547,16.549999237060547
2026-06-17 18:00:00+00:00,16.850000381469727,18.110000610351562,16.549999237060547,17.43000030517578
2026-06-17 19:00:00+00:00,17.780000686645508,18.84000015258789,16.709999084472656,18.43000030517578
2026-06-17 20:00:00+00:00,18.420000076293945,18.469999313354492,18.229999542236328,18.43000030517578
2026-06-18 07:00:00+00:00,17.229999542236328,17.25,17.059999465942383,17.079999923706055
2026-06-18 08:00:00+00:00,17.110000610351562,17.190000534057617,16.889999389648438,17.190000534057617
2026-06-18 09:00:00+00:00,17.079999923706055,17.209999084472656,17.0,17.010000228881836
2026-06-18 10:00:00+00:00,17.09000015258789,17.209999084472656,17.0,17.200000762939453
2026-06-18 11:00:00+00:00,17.059999465942383,17.600000381469727,17.030000686645508,17.43000030517578
2026-06-18 12:00:00+00:00,17.389999389648438,17.600000381469727,16.969999313354492,17.0
2026-06-18 13:00:00+00:00,17.110000610351562,17.440000534057617,16.670000076293945,17.280000686645508
2026-06-18 14:00:00+00:00,16.670000076293945,17.440000534057617,16.670000076293945,16.950000762939453
2026-06-18 15:00:00+00:00,17.25,17.3799991607666,16.899999618530273,16.93000030517578
2026-06-18 16:00:00+00:00,17.1200008392334,17.25,16.639999389648438,16.780000686645508
2026-06-18 17:00:00+00:00,16.799999237060547,16.829999923706055,16.56999969482422,16.739999771118164
2026-06-18 18:00:00+00:00,16.690000534057617,16.799999237060547,16.639999389648438,16.719999313354492
2026-06-18 19:00:00+00:00,16.770000457763672,17.0,16.350000381469727,16.450000762939453
2026-06-18 20:00:00+00:00,16.579999923706055,16.600000381469727,16.399999618530273,16.399999618530273
2026-06-19 07:00:00+00:00,17.040000915527344,17.040000915527344,16.889999389648438,16.889999389648438
2026-06-19 08:00:00+00:00,16.959999084472656,16.959999084472656,16.81999969482422,16.850000381469727
2026-06-19 09:00:00+00:00,16.860000610351562,16.920000076293945,16.81999969482422,16.899999618530273
2026-06-19 10:00:00+00:00,16.90999984741211,17.270000457763672,16.850000381469727,17.18000030517578
2026-06-19 11:00:00+00:00,17.1200008392334,17.270000457763672,17.09000015258789,17.1299991607666
2026-06-19 12:00:00+00:00,17.18000030517578,17.270000457763672,16.809999465942383,16.850000381469727
2026-06-19 13:00:00+00:00,17.15999984741211,17.270000457763672,16.809999465942383,16.829999923706055
2026-06-19 14:00:00+00:00,16.8700008392334,16.90999984741211,16.760000228881836,16.780000686645508
2026-06-19 15:00:00+00:00,16.84000015258789,16.860000610351562,16.719999313354492,16.780000686645508
2026-06-22 07:00:00+00:00,17.479999542236328,17.520000457763672,17.420000076293945,17.510000228881836
2026-06-22 08:00:00+00:00,17.440000534057617,17.670000076293945,17.43000030517578,17.510000228881836
2026-06-22 09:00:00+00:00,17.6299991607666,17.649999618530273,17.440000534057617,17.520000457763672
2026-06-22 10:00:00+00:00,17.479999542236328,17.530000686645508,17.389999389648438,17.450000762939453
2026-06-22 11:00:00+00:00,17.399999618530273,17.459999084472656,17.190000534057617,17.290000915527344
2026-06-22 12:00:00+00:00,17.3700008392334,17.3799991607666,17.040000915527344,17.06999969482422
2026-06-22 13:00:00+00:00,17.110000610351562,17.1200008392334,16.489999771118164,16.489999771118164
2026-06-22 14:00:00+00:00,16.670000076293945,17.920000076293945,16.489999771118164,17.610000610351562
2026-06-22 15:00:00+00:00,17.139999389648438,17.920000076293945,17.139999389648438,17.540000915527344
2026-06-22 16:00:00+00:00,17.59000015258789,17.860000610351562,17.170000076293945,17.219999313354492
2026-06-22 17:00:00+00:00,17.3700008392334,17.469999313354492,17.15999984741211,17.219999313354492
2026-06-22 18:00:00+00:00,17.239999771118164,17.479999542236328,17.049999237060547,17.479999542236328
2026-06-22 19:00:00+00:00,17.200000762939453,17.56999969482422,17.1200008392334,17.3700008392334
2026-06-22 20:00:00+00:00,17.31999969482422,17.350000381469727,17.280000686645508,17.280000686645508
2026-06-23 07:00:00+00:00,19.670000076293945,20.420000076293945,19.670000076293945,20.329999923706055
2026-06-23 08:00:00+00:00,19.940000534057617,20.540000915527344,19.809999465942383,20.200000762939453
2026-06-23 09:00:00+00:00,20.440000534057617,20.440000534057617,19.719999313354492,19.75
2026-06-23 10:00:00+00:00,19.75,20.100000381469727,19.579999923706055,19.90999984741211
2026-06-23 11:00:00+00:00,19.75,20.100000381469727,19.5,19.520000457763672
2026-06-23 12:00:00+00:00,19.809999465942383,20.219999313354492,19.489999771118164,20.18000030517578
2026-06-23 13:00:00+00:00,19.969999313354492,20.520000457763672,19.399999618530273,19.520000457763672
2026-06-23 14:00:00+00:00,20.459999084472656,20.520000457763672,19.0,19.350000381469727
2026-06-23 15:00:00+00:00,19.110000610351562,19.850000381469727,19.09000015258789,19.440000534057617
2026-06-23 16:00:00+00:00,19.739999771118164,19.760000228881836,18.790000915527344,18.829999923706055
2026-06-23 17:00:00+00:00,18.989999771118164,19.049999237060547,18.610000610351562,19.010000228881836
2026-06-23 18:00:00+00:00,18.719999313354492,19.770000457763672,18.610000610351562,19.549999237060547
2026-06-23 19:00:00+00:00,19.149999618530273,19.770000457763672,19.149999618530273,19.5
2026-06-23 20:00:00+00:00,19.59000015258789,19.610000610351562,19.459999084472656,19.479999542236328
2026-06-24 07:00:00+00:00,19.1299991607666,19.31999969482422,19.06999969482422,19.270000457763672
2026-06-24 08:00:00+00:00,19.170000076293945,19.31999969482422,19.06999969482422,19.229999542236328
2026-06-24 09:00:00+00:00,19.200000762939453,19.40999984741211,19.1200008392334,19.239999771118164
2026-06-24 10:00:00+00:00,19.229999542236328,19.40999984741211,19.020000457763672,19.209999084472656
2026-06-24 11:00:00+00:00,19.18000030517578,19.309999465942383,18.799999237060547,18.84000015258789
2026-06-24 12:00:00+00:00,19.209999084472656,19.209999084472656,18.739999771118164,19.079999923706055
2026-06-24 13:00:00+00:00,18.75,19.540000915527344,18.739999771118164,19.079999923706055
2026-06-24 14:00:00+00:00,19.420000076293945,19.540000915527344,18.06999969482422,18.06999969482422
2026-06-24 15:00:00+00:00,18.770000457763672,18.770000457763672,18.040000915527344,18.329999923706055
2026-06-24 16:00:00+00:00,18.09000015258789,18.979999542236328,18.06999969482422,18.959999084472656
2026-06-24 17:00:00+00:00,18.389999389648438,20.34000015258789,18.389999389648438,19.959999084472656
2026-06-24 18:00:00+00:00,20.040000915527344,20.34000015258789,19.200000762939453,19.950000762939453
2026-06-24 19:00:00+00:00,19.25,20.209999084472656,19.200000762939453,19.510000228881836
2026-06-24 20:00:00+00:00,19.5,19.579999923706055,18.579999923706055,18.649999618530273
2026-06-25 07:00:00+00:00,18.110000610351562,18.110000610351562,17.979999542236328,18.0
2026-06-25 08:00:00+00:00,18.020000457763672,18.15999984741211,17.950000762939453,18.149999618530273
2026-06-25 09:00:00+00:00,18.010000228881836,18.15999984741211,17.979999542236328,18.030000686645508
2026-06-25 10:00:00+00:00,18.079999923706055,18.079999923706055,17.8700008392334,17.959999084472656
2026-06-25 11:00:00+00:00,17.889999389648438,18.170000076293945,17.8700008392334,18.09000015258789
2026-06-25 12:00:00+00:00,18.149999618530273,18.170000076293945,17.719999313354492,17.829999923706055
2026-06-25 13:00:00+00:00,18.149999618530273,19.950000762939453,17.719999313354492,19.8799991607666
2026-06-25 14:00:00+00:00,17.770000457763672,19.950000762939453,17.770000457763672,18.8700008392334
2026-06-25 15:00:00+00:00,18.950000762939453,19.56999969482422,18.399999618530273,18.950000762939453
2026-06-25 16:00:00+00:00,19.100000381469727,19.440000534057617,18.579999923706055,19.239999771118164
2026-06-25 17:00:00+00:00,18.920000076293945,19.440000534057617,18.809999465942383,18.950000762939453
2026-06-25 18:00:00+00:00,18.969999313354492,19.420000076293945,18.540000915527344,18.889999389648438
2026-06-25 19:00:00+00:00,18.549999237060547,19.260000228881836,18.549999237060547,19.059999465942383
2026-06-25 20:00:00+00:00,18.979999542236328,18.979999542236328,18.690000534057617,18.899999618530273
2026-06-26 07:00:00+00:00,19.700000762939453,19.729999542236328,19.530000686645508,19.600000381469727
2026-06-26 08:00:00+00:00,19.600000381469727,20.190000534057617,19.520000457763672,20.079999923706055
2026-06-26 09:00:00+00:00,19.700000762939453,20.31999969482422,19.700000762939453,20.209999084472656
2026-06-26 10:00:00+00:00,20.260000228881836,20.3799991607666,20.030000686645508,20.200000762939453
2026-06-26 11:00:00+00:00,20.190000534057617,20.270000457763672,19.950000762939453,20.139999389648438
2026-06-26 12:00:00+00:00,20.059999465942383,20.270000457763672,19.760000228881836,20.139999389648438
2026-06-26 13:00:00+00:00,19.899999618530273,20.719999313354492,19.639999389648438,19.770000457763672
2026-06-26 14:00:00+00:00,20.34000015258789,20.719999313354492,19.0,19.31999969482422
2026-06-26 15:00:00+00:00,19.200000762939453,19.459999084472656,18.6299991607666,18.780000686645508
2026-06-26 16:00:00+00:00,18.940000534057617,20.200000762939453,18.6299991607666,18.8700008392334
2026-06-26 17:00:00+00:00,19.170000076293945,19.170000076293945,18.600000381469727,18.860000610351562
2026-06-26 18:00:00+00:00,18.739999771118164,19.15999984741211,18.639999389648438,19.1299991607666
2026-06-26 19:00:00+00:00,18.8700008392334,19.15999984741211,18.200000762939453,18.530000686645508
2026-06-26 20:00:00+00:00,19.290000915527344,19.290000915527344,18.3799991607666,18.3799991607666
2026-06-29 07:00:00+00:00,18.600000381469727,18.600000381469727,18.440000534057617,18.450000762939453
2026-06-29 08:00:00+00:00,18.489999771118164,18.530000686645508,18.25,18.450000762939453
2026-06-29 09:00:00+00:00,18.360000610351562,18.549999237060547,18.290000915527344,18.440000534057617
2026-06-29 10:00:00+00:00,18.3799991607666,18.549999237060547,18.280000686645508,18.280000686645508
2026-06-29 11:00:00+00:00,18.3700008392334,18.420000076293945,18.190000534057617,18.31999969482422
2026-06-29 12:00:00+00:00,18.309999465942383,18.43000030517578,18.229999542236328,18.25
2026-06-29 13:00:00+00:00,18.260000228881836,18.5,17.979999542236328,18.420000076293945
2026-06-29 14:00:00+00:00,18.459999084472656,19.450000762939453,17.979999542236328,18.290000915527344
2026-06-29 15:00:00+00:00,18.610000610351562,18.649999618530273,17.860000610351562,17.8700008392334
2026-06-29 16:00:00+00:00,18.170000076293945,18.229999542236328,17.790000915527344,17.860000610351562
2026-06-29 17:00:00+00:00,17.850000381469727,17.959999084472656,17.709999084472656,17.739999771118164
2026-06-29 18:00:00+00:00,17.799999237060547,17.809999465942383,17.59000015258789,17.610000610351562
2026-06-29 19:00:00+00:00,17.719999313354492,17.719999313354492,17.489999771118164,17.540000915527344
2026-06-29 20:00:00+00:00,17.610000610351562,17.690000534057617,17.610000610351562,17.649999618530273
2026-06-30 07:00:00+00:00,17.540000915527344,17.6200008392334,17.469999313354492,17.610000610351562
2026-06-30 08:00:00+00:00,17.510000228881836,17.75,17.469999313354492,17.639999389648438
2026-06-30 09:00:00+00:00,17.520000457763672,17.75,17.510000228881836,17.59000015258789
2026-06-30 10:00:00+00:00,17.6299991607666,17.68000030517578,17.450000762939453,17.459999084472656
2026-06-30 11:00:00+00:00,17.559999465942383,17.59000015258789,17.3799991607666,17.440000534057617
2026-06-30 12:00:00+00:00,17.479999542236328,17.739999771118164,17.3799991607666,17.639999389648438
2026-06-30 13:00:00+00:00,17.670000076293945,17.75,17.229999542236328,17.229999542236328
2026-06-30 14:00:00+00:00,17.68000030517578,17.75,16.920000076293945,17.1299991607666
2026-06-30 15:00:00+00:00,17.030000686645508,17.15999984741211,16.770000457763672,16.799999237060547
2026-06-30 16:00:00+00:00,16.860000610351562,16.93000030517578,16.6299991607666,16.65999984741211
2026-06-30 17:00:00+00:00,16.739999771118164,16.75,16.600000381469727,16.600000381469727
2026-06-30 18:00:00+00:00,16.670000076293945,16.709999084472656,16.479999542236328,16.510000228881836
2026-06-30 19:00:00+00:00,16.6200008392334,16.709999084472656,16.270000457763672,16.459999084472656
2026-06-30 20:00:00+00:00,16.510000228881836,16.520000457763672,16.40999984741211,16.450000762939453
2026-07-01 07:00:00+00:00,17.110000610351562,17.190000534057617,17.040000915527344,17.049999237060547
2026-07-01 08:00:00+00:00,17.1200008392334,17.1299991607666,16.899999618530273,16.899999618530273
2026-07-01 09:00:00+00:00,16.979999542236328,16.989999771118164,16.860000610351562,16.860000610351562
2026-07-01 10:00:00+00:00,16.940000534057617,16.940000534057617,16.690000534057617,16.700000762939453
2026-07-01 11:00:00+00:00,16.790000915527344,16.790000915527344,16.639999389648438,16.75
2026-07-01 12:00:00+00:00,16.65999984741211,16.889999389648438,16.65999984741211,16.860000610351562
2026-07-01 13:00:00+00:00,16.68000030517578,17.299999237060547,16.549999237060547,16.549999237060547
2026-07-01 14:00:00+00:00,17.049999237060547,17.299999237060547,16.280000686645508,16.399999618530273
2026-07-01 15:00:00+00:00,16.309999465942383,16.520000457763672,16.06999969482422,16.079999923706055
2026-07-01 16:00:00+00:00,16.110000610351562,16.43000030517578,15.970000267028809,16.43000030517578
2026-07-01 17:00:00+00:00,15.989999771118164,16.469999313354492,15.970000267028809,16.3700008392334
2026-07-01 18:00:00+00:00,16.200000762939453,16.520000457763672,16.170000076293945,16.43000030517578
2026-07-01 19:00:00+00:00,16.440000534057617,16.520000457763672,16.209999084472656,16.3799991607666
2026-07-01 20:00:00+00:00,16.389999389648438,16.649999618530273,16.389999389648438,16.56999969482422
2026-07-02 07:00:00+00:00,17.049999237060547,17.049999237060547,16.790000915527344,16.860000610351562
2026-07-02 08:00:00+00:00,16.969999313354492,16.979999542236328,16.68000030517578,16.719999313354492
2026-07-02 09:00:00+00:00,16.760000228881836,16.81999969482422,16.639999389648438,16.739999771118164
2026-07-02 10:00:00+00:00,16.780000686645508,16.799999237060547,16.639999389648438,16.649999618530273
2026-07-02 11:00:00+00:00,16.760000228881836,16.760000228881836,16.510000228881836,16.600000381469727
2026-07-02 12:00:00+00:00,16.600000381469727,16.639999389648438,15.979999542236328,16.190000534057617
2026-07-02 13:00:00+00:00,16.389999389648438,16.389999389648438,15.789999961853027,15.880000114440918
2026-07-02 14:00:00+00:00,16.239999771118164,16.469999313354492,15.789999961853027,16.200000762939453
2026-07-02 15:00:00+00:00,16.219999313354492,16.860000610351562,16.020000457763672,16.670000076293945
2026-07-02 16:00:00+00:00,16.770000457763672,16.829999923706055,16.43000030517578,16.799999237060547
2026-07-02 17:00:00+00:00,16.65999984741211,17.190000534057617,16.6200008392334,17.190000534057617
2026-07-02 18:00:00+00:00,16.799999237060547,17.209999084472656,16.510000228881836,16.600000381469727
2026-07-02 19:00:00+00:00,16.729999542236328,16.899999618530273,15.989999771118164,16.059999465942383
2026-07-02 20:00:00+00:00,16.1200008392334,16.229999542236328,16.100000381469727,16.139999389648438
2026-07-03 07:00:00+00:00,15.779999732971191,15.859999656677246,15.75,15.859999656677246
2026-07-03 08:00:00+00:00,15.760000228881836,15.979999542236328,15.760000228881836,15.970000267028809
2026-07-03 09:00:00+00:00,15.930000305175781,15.989999771118164,15.899999618530273,15.960000038146973
2026-07-03 10:00:00+00:00,15.930000305175781,15.979999542236328,15.899999618530273,15.930000305175781
2026-07-03 11:00:00+00:00,15.930000305175781,16.010000228881836,15.899999618530273,15.9399995803833
2026-07-03 12:00:00+00:00,16.0,16.010000228881836,15.880000114440918,15.9399995803833
2026-07-03 13:00:00+00:00,15.970000267028809,16.0,15.850000381469727,15.930000305175781
2026-07-03 14:00:00+00:00,15.930000305175781,16.0,15.779999732971191,15.800000190734863
2026-07-03 15:00:00+00:00,15.890000343322754,15.899999618530273,15.760000228881836,15.8100004196167
2026-07-06 07:00:00+00:00,16.399999618530273,16.399999618530273,16.290000915527344,16.290000915527344
2026-07-06 08:00:00+00:00,16.389999389648438,16.389999389648438,16.239999771118164,16.329999923706055
2026-07-06 09:00:00+00:00,16.309999465942383,16.3799991607666,16.280000686645508,16.280000686645508
2026-07-06 10:00:00+00:00,16.309999465942383,16.3799991607666,16.270000457763672,16.350000381469727
2026-07-06 11:00:00+00:00,16.329999923706055,16.40999984741211,16.290000915527344,16.399999618530273
2026-07-06 12:00:00+00:00,16.329999923706055,16.43000030517578,16.299999237060547,16.360000610351562
2026-07-06 13:00:00+00:00,16.420000076293945,16.5,16.15999984741211,16.290000915527344
2026-07-06 14:00:00+00:00,16.25,16.459999084472656,15.970000267028809,15.970000267028809
2026-07-06 15:00:00+00:00,16.0,16.110000610351562,15.880000114440918,15.90999984741211
2026-07-06 16:00:00+00:00,15.899999618530273,15.930000305175781,15.850000381469727,15.90999984741211
2026-07-06 17:00:00+00:00,15.90999984741211,16.030000686645508,15.8100004196167,15.930000305175781
2026-07-06 18:00:00+00:00,15.890000343322754,16.030000686645508,15.640000343322754,15.640000343322754
2026-07-06 19:00:00+00:00,15.770000457763672,15.789999961853027,15.579999923706055,15.670000076293945
2026-07-06 20:00:00+00:00,15.680000305175781,15.680000305175781,15.5600004196167,15.5600004196167
2026-07-07 07:00:00+00:00,15.869999885559082,15.949999809265137,15.829999923706055,15.9399995803833
2026-07-07 08:00:00+00:00,15.84000015258789,15.970000267028809,15.8100004196167,15.859999656677246
2026-07-07 09:00:00+00:00,15.819999694824219,15.899999618530273,15.8100004196167,15.84000015258789
2026-07-07 10:00:00+00:00,15.880000114440918,16.0,15.819999694824219,15.949999809265137
2026-07-07 11:00:00+00:00,15.880000114440918,16.020000457763672,15.880000114440918,15.890000343322754
2026-07-07 12:00:00+00:00,15.920000076293945,15.979999542236328,15.800000190734863,15.890000343322754
2026-07-07 13:00:00+00:00,15.819999694824219,16.100000381469727,15.800000190734863,16.030000686645508
2026-07-07 14:00:00+00:00,15.890000343322754,16.639999389648438,15.819999694824219,16.350000381469727
2026-07-07 15:00:00+00:00,16.389999389648438,16.639999389648438,16.100000381469727,16.100000381469727
2026-07-07 16:00:00+00:00,16.350000381469727,16.479999542236328,15.75,15.75
2026-07-07 17:00:00+00:00,15.819999694824219,15.890000343322754,15.59000015258789,15.609999656677246
2026-07-07 18:00:00+00:00,15.65999984741211,16.0,15.529999732971191,16.0
2026-07-07 19:00:00+00:00,15.550000190734863,16.440000534057617,15.550000190734863,16.209999084472656
2026-07-07 20:00:00+00:00,16.139999389648438,16.190000534057617,16.100000381469727,16.1299991607666
2026-07-08 07:00:00+00:00,16.549999237060547,16.56999969482422,16.350000381469727,16.459999084472656
2026-07-08 08:00:00+00:00,16.440000534057617,18.469999313354492,16.350000381469727,18.34000015258789
2026-07-08 09:00:00+00:00,17.809999465942383,18.90999984741211,17.809999465942383,18.6299991607666
2026-07-08 10:00:00+00:00,18.84000015258789,18.84000015258789,18.049999237060547,18.1200008392334
2026-07-08 11:00:00+00:00,18.399999618530273,18.420000076293945,17.649999618530273,17.75
2026-07-08 12:00:00+00:00,18.31999969482422,18.350000381469727,17.329999923706055,17.579999923706055
2026-07-08 13:00:00+00:00,17.479999542236328,17.600000381469727,17.030000686645508,17.200000762939453
2026-07-08 14:00:00+00:00,17.459999084472656,18.25,17.030000686645508,18.020000457763672
2026-07-08 15:00:00+00:00,17.6299991607666,18.559999465942383,17.600000381469727,18.229999542236328
2026-07-08 16:00:00+00:00,18.459999084472656,18.559999465942383,16.899999618530273,16.899999618530273
2026-07-08 17:00:00+00:00,17.520000457763672,17.6200008392334,16.610000610351562,16.90999984741211
2026-07-08 18:00:00+00:00,16.690000534057617,16.979999542236328,16.610000610351562,16.770000457763672
2026-07-08 19:00:00+00:00,16.860000610351562,16.959999084472656,16.56999969482422,16.68000030517578
2026-07-08 20:00:00+00:00,16.760000228881836,16.950000762939453,16.760000228881836,16.8799991607666
2026-07-09 07:00:00+00:00,16.579999923706055,16.65999984741211,16.530000686645508,16.610000610351562
2026-07-09 08:00:00+00:00,16.6299991607666,16.790000915527344,16.530000686645508,16.729999542236328
2026-07-09 09:00:00+00:00,16.6200008392334,17.020000457763672,16.6200008392334,16.860000610351562
2026-07-09 10:00:00+00:00,16.81999969482422,17.270000457763672,16.809999465942383,17.1299991607666
2026-07-09 11:00:00+00:00,16.940000534057617,17.270000457763672,16.860000610351562,16.889999389648438
2026-07-09 12:00:00+00:00,17.049999237060547,17.079999923706055,16.639999389648438,16.799999237060547
2026-07-09 13:00:00+00:00,16.770000457763672,17.049999237060547,16.420000076293945,16.479999542236328
2026-07-09 14:00:00+00:00,16.920000076293945,17.09000015258789,16.3799991607666,16.3799991607666
2026-07-09 15:00:00+00:00,16.6299991607666,16.739999771118164,16.09000015258789,16.15999984741211
2026-07-09 16:00:00+00:00,16.229999542236328,16.260000228881836,16.010000228881836,16.010000228881836
2026-07-09 17:00:00+00:00,16.049999237060547,16.079999923706055,15.930000305175781,16.020000457763672
2026-07-09 18:00:00+00:00,16.020000457763672,16.110000610351562,15.970000267028809,16.049999237060547
2026-07-09 19:00:00+00:00,16.049999237060547,16.110000610351562,15.760000228881836,15.8100004196167
2026-07-09 20:00:00+00:00,15.829999923706055,15.890000343322754,15.829999923706055,15.84000015258789
2026-07-10 07:00:00+00:00,16.059999465942383,16.15999984741211,16.040000915527344,16.1299991607666
2026-07-10 08:00:00+00:00,16.049999237060547,16.15999984741211,16.040000915527344,16.079999923706055
2026-07-10 09:00:00+00:00,16.079999923706055,16.149999618530273,15.979999542236328,15.989999771118164
2026-07-10 10:00:00+00:00,16.0,16.030000686645508,15.869999885559082,15.869999885559082
2026-07-10 11:00:00+00:00,15.9399995803833,15.960000038146973,15.819999694824219,15.920000076293945
2026-07-10 12:00:00+00:00,15.899999618530273,16.0,15.75,15.800000190734863
2026-07-10 13:00:00+00:00,15.819999694824219,15.84000015258789,15.479999542236328,15.510000228881836
2026-07-10 14:00:00+00:00,15.6899995803833,16.040000915527344,15.479999542236328,15.789999961853027
2026-07-10 15:00:00+00:00,15.569999694824219,16.040000915527344,15.380000114440918,15.399999618530273
2026-07-10 16:00:00+00:00,15.470000267028809,15.670000076293945,15.199999809265137,15.289999961853027
2026-07-10 17:00:00+00:00,15.399999618530273,15.399999618530273,15.199999809265137,15.390000343322754
2026-07-10 18:00:00+00:00,15.380000114440918,15.390000343322754,15.25,15.260000228881836
2026-07-10 19:00:00+00:00,15.279999732971191,15.289999961853027,15.0,15.050000190734863
2026-07-10 20:00:00+00:00,15.029999732971191,15.039999961853027,14.960000038146973,15.039999961853027
2026-07-13 07:00:00+00:00,16.31999969482422,16.469999313354492,16.31999969482422,16.43000030517578
2026-07-13 08:00:00+00:00,16.389999389648438,16.469999313354492,16.239999771118164,16.260000228881836
2026-07-13 09:00:00+00:00,16.280000686645508,16.31999969482422,16.1200008392334,16.15999984741211
2026-07-13 10:00:00+00:00,16.139999389648438,16.309999465942383,16.1200008392334,16.299999237060547
2026-07-13 11:00:00+00:00,16.299999237060547,16.40999984741211,16.209999084472656,16.389999389648438
2026-07-13 12:00:00+00:00,16.290000915527344,16.530000686645508,16.260000228881836,16.360000610351562
2026-07-13 13:00:00+00:00,16.479999542236328,16.530000686645508,16.059999465942383,16.059999465942383
2026-07-13 14:00:00+00:00,16.290000915527344,16.510000228881836,16.030000686645508,16.229999542236328
2026-07-13 15:00:00+00:00,16.25,16.510000228881836,16.149999618530273,16.309999465942383
2026-07-13 16:00:00+00:00,16.170000076293945,16.940000534057617,16.15999984741211,16.690000534057617
2026-07-13 17:00:00+00:00,16.530000686645508,16.940000534057617,16.489999771118164,16.920000076293945
2026-07-13 18:00:00+00:00,16.68000030517578,17.260000228881836,16.610000610351562,17.0
2026-07-13 19:00:00+00:00,17.200000762939453,17.40999984741211,16.90999984741211,17.049999237060547
2026-07-13 20:00:00+00:00,17.040000915527344,17.190000534057617,17.040000915527344,17.149999618530273
2026-07-14 07:00:00+00:00,17.209999084472656,17.43000030517578,17.209999084472656,17.309999465942383
2026-07-14 08:00:00+00:00,17.260000228881836,17.43000030517578,17.200000762939453,17.389999389648438
2026-07-14 09:00:00+00:00,17.219999313354492,17.450000762939453,17.209999084472656,17.309999465942383
2026-07-14 10:00:00+00:00,17.399999618530273,17.399999618530273,17.170000076293945,17.350000381469727
2026-07-14 11:00:00+00:00,17.309999465942383,17.549999237060547,17.170000076293945,17.350000381469727
2026-07-14 12:00:00+00:00,17.299999237060547,17.559999465942383,16.530000686645508,16.81999969482422
2026-07-14 13:00:00+00:00,17.1299991607666,17.1299991607666,16.350000381469727,16.40999984741211
2026-07-14 14:00:00+00:00,16.81999969482422,16.950000762939453,16.290000915527344,16.3700008392334
2026-07-14 15:00:00+00:00,16.579999923706055,16.6299991607666,16.149999618530273,16.600000381469727
2026-07-14 16:00:00+00:00,16.25,16.790000915527344,16.219999313354492,16.440000534057617
2026-07-14 17:00:00+00:00,16.68000030517578,16.68000030517578,16.3700008392334,16.459999084472656
2026-07-14 18:00:00+00:00,16.399999618530273,16.520000457763672,16.31999969482422,16.399999618530273
2026-07-14 19:00:00+00:00,16.3700008392334,16.549999237060547,16.31999969482422,16.3799991607666
2026-07-14 20:00:00+00:00,16.420000076293945,16.530000686645508,16.40999984741211,16.5
2026-07-15 07:00:00+00:00,16.200000762939453,16.43000030517578,16.200000762939453,16.270000457763672
2026-07-15 08:00:00+00:00,16.31999969482422,16.399999618530273,16.229999542236328,16.229999542236328
2026-07-15 09:00:00+00:00,16.309999465942383,16.31999969482422,16.190000534057617,16.309999465942383
2026-07-15 10:00:00+00:00,16.25,16.420000076293945,16.229999542236328,16.360000610351562
2026-07-15 11:00:00+00:00,16.40999984741211,16.420000076293945,16.309999465942383,16.31999969482422
2026-07-15 12:00:00+00:00,16.3799991607666,16.469999313354492,16.1200008392334,16.149999618530273
2026-07-15 13:00:00+00:00,16.450000762939453,16.450000762939453,15.970000267028809,16.09000015258789
2026-07-15 14:00:00+00:00,16.09000015258789,16.309999465942383,15.880000114440918,16.15999984741211
2026-07-15 15:00:00+00:00,16.020000457763672,16.360000610351562,16.010000228881836,16.1200008392334
2026-07-15 16:00:00+00:00,16.06999969482422,16.56999969482422,16.040000915527344,16.239999771118164
2026-07-15 17:00:00+00:00,16.489999771118164,16.56999969482422,15.710000038146973,15.800000190734863
2026-07-15 18:00:00+00:00,15.960000038146973,15.979999542236328,15.640000343322754,15.90999984741211
2026-07-15 19:00:00+00:00,15.6899995803833,15.979999542236328,15.640000343322754,15.6899995803833
2026-07-15 20:00:00+00:00,15.649999618530273,15.729999542236328,15.649999618530273,15.670000076293945
2026-07-16 07:00:00+00:00,15.819999694824219,15.979999542236328,15.770000457763672,15.9399995803833
2026-07-16 08:00:00+00:00,15.800000190734863,16.1200008392334,15.779999732971191,15.84000015258789
2026-07-16 09:00:00+00:00,15.979999542236328,15.989999771118164,15.789999961853027,15.9399995803833
2026-07-16 10:00:00+00:00,15.850000381469727,16.040000915527344,15.829999923706055,16.030000686645508
2026-07-16 11:00:00+00:00,16.0,16.360000610351562,15.949999809265137,16.170000076293945
2026-07-16 12:00:00+00:00,16.049999237060547,16.450000762939453,16.049999237060547,16.309999465942383
2026-07-16 13:00:00+00:00,16.229999542236328,16.540000915527344,16.040000915527344,16.280000686645508
2026-07-16 14:00:00+00:00,16.040000915527344,16.540000915527344,15.770000457763672,15.850000381469727
2026-07-16 15:00:00+00:00,15.779999732971191,16.139999389648438,15.770000457763672,16.010000228881836
2026-07-16 16:00:00+00:00,15.949999809265137,16.469999313354492,15.869999885559082,16.139999389648438
2026-07-16 17:00:00+00:00,16.3700008392334,16.5,16.110000610351562,16.459999084472656
2026-07-16 18:00:00+00:00,16.15999984741211,16.739999771118164,16.139999389648438,16.690000534057617
2026-07-16 19:00:00+00:00,16.459999084472656,17.229999542236328,16.459999084472656,16.579999923706055
2026-07-16 20:00:00+00:00,16.639999389648438,16.739999771118164,16.559999465942383,16.709999084472656
2026-07-17 07:00:00+00:00,18.010000228881836,18.030000686645508,17.8799991607666,17.979999542236328
2026-07-17 08:00:00+00:00,17.940000534057617,18.690000534057617,17.8799991607666,18.440000534057617
2026-07-17 09:00:00+00:00,18.440000534057617,18.690000534057617,18.229999542236328,18.309999465942383
2026-07-17 10:00:00+00:00,18.229999542236328,18.479999542236328,18.020000457763672,18.049999237060547
2026-07-17 11:00:00+00:00,18.18000030517578,18.239999771118164,18.0,18.06999969482422
2026-07-17 12:00:00+00:00,18.09000015258789,18.65999984741211,18.020000457763672,18.65999984741211
2026-07-17 13:00:00+00:00,18.40999984741211,19.5,18.31999969482422,18.329999923706055
2026-07-17 14:00:00+00:00,19.020000457763672,19.5,17.8799991607666,18.3700008392334
2026-07-17 15:00:00+00:00,18.1200008392334,18.56999969482422,17.700000762939453,17.709999084472656
2026-07-17 16:00:00+00:00,18.010000228881836,18.260000228881836,17.68000030517578,17.979999542236328
2026-07-17 17:00:00+00:00,18.09000015258789,18.34000015258789,17.719999313354492,18.329999923706055
2026-07-17 18:00:00+00:00,17.739999771118164,18.829999923706055,17.729999542236328,18.31999969482422
2026-07-17 19:00:00+00:00,18.68000030517578,18.979999542236328,18.299999237060547,18.520000457763672
2026-07-17 20:00:00+00:00,18.6299991607666,18.809999465942383,18.6299991607666,18.739999771118164
2026-07-20 07:00:00+00:00,18.899999618530273,18.940000534057617,18.420000076293945,18.489999771118164
2026-07-20 08:00:00+00:00,18.65999984741211,18.65999984741211,18.399999618530273,18.530000686645508
2026-07-20 09:00:00+00:00,18.459999084472656,18.59000015258789,18.190000534057617,18.34000015258789
2026-07-20 10:00:00+00:00,18.450000762939453,18.469999313354492,18.190000534057617,18.329999923706055
2026-07-20 11:00:00+00:00,18.360000610351562,18.40999984741211,17.770000457763672,17.950000762939453
2026-07-20 12:00:00+00:00,18.229999542236328,18.290000915527344,17.770000457763672,18.139999389648438
2026-07-20 13:00:00+00:00,18.110000610351562,18.260000228881836,17.6200008392334,18.239999771118164
2026-07-20 14:00:00+00:00,17.719999313354492,18.459999084472656,17.6200008392334,18.40999984741211
2026-07-20 15:00:00+00:00,18.1299991607666,18.469999313354492,17.639999389648438,17.700000762939453
2026-07-20 16:00:00+00:00,17.899999618530273,18.0,17.40999984741211,17.920000076293945
2026-07-20 17:00:00+00:00,17.540000915527344,18.280000686645508,17.5,18.030000686645508
2026-07-20 18:00:00+00:00,18.049999237060547,18.450000762939453,17.729999542236328,18.389999389648438
2026-07-20 19:00:00+00:00,17.8799991607666,18.690000534057617,17.8799991607666,18.559999465942383
2026-07-20 20:00:00+00:00,18.5,18.68000030517578,18.40999984741211,18.649999618530273
2026-07-21 07:00:00+00:00,17.479999542236328,17.65999984741211,17.479999542236328,17.59000015258789
2026-07-21 08:00:00+00:00,17.610000610351562,17.65999984741211,17.469999313354492,17.5
2026-07-21 09:00:00+00:00,17.5,17.59000015258789,17.420000076293945,17.579999923706055
2026-07-21 10:00:00+00:00,17.559999465942383,17.670000076293945,17.489999771118164,17.6299991607666
2026-07-21 11:00:00+00:00,17.579999923706055,17.809999465942383,17.5,17.809999465942383
2026-07-21 12:00:00+00:00,17.799999237060547,17.969999313354492,17.68000030517578,17.809999465942383
2026-07-21 13:00:00+00:00,17.8799991607666,17.989999771118164,17.540000915527344,17.760000228881836
2026-07-21 14:00:00+00:00,17.610000610351562,17.989999771118164,17.290000915527344,17.360000610351562
2026-07-21 15:00:00+00:00,17.3799991607666,17.549999237060547,17.110000610351562,17.260000228881836
2026-07-21 16:00:00+00:00,17.110000610351562,17.260000228881836,17.030000686645508,17.100000381469727
2026-07-21 17:00:00+00:00,17.06999969482422,17.139999389648438,17.0,17.020000457763672
2026-07-21 18:00:00+00:00,17.09000015258789,17.149999618530273,17.0,17.0
2026-07-21 19:00:00+00:00,17.100000381469727,17.1299991607666,16.860000610351562,16.90999984741211
2026-07-21 20:00:00+00:00,16.93000030517578,17.059999465942383,16.93000030517578,17.049999237060547
2026-07-22 07:00:00+00:00,17.420000076293945,17.639999389648438,17.360000610351562,17.579999923706055
2026-07-22 08:00:00+00:00,17.3700008392334,17.639999389648438,17.3700008392334,17.43000030517578
2026-07-22 09:00:00+00:00,17.450000762939453,17.559999465942383,17.31999969482422,17.469999313354492
2026-07-22 10:00:00+00:00,17.3799991607666,17.559999465942383,17.299999237060547,17.3799991607666
2026-07-22 11:00:00+00:00,17.350000381469727,17.75,17.34000015258789,17.6299991607666
2026-07-22 12:00:00+00:00,17.479999542236328,17.75,17.399999618530273,17.43000030517578
2026-07-22 13:00:00+00:00,17.649999618530273,17.649999618530273,16.8700008392334,16.8700008392334
2026-07-22 14:00:00+00:00,17.299999237060547,17.31999969482422,16.760000228881836,17.079999923706055
2026-07-22 15:00:00+00:00,17.200000762939453,17.309999465942383,16.760000228881836,16.760000228881836
2026-07-22 16:00:00+00:00,16.829999923706055,16.93000030517578,16.719999313354492,16.729999542236328
2026-07-22 17:00:00+00:00,16.809999465942383,16.940000534057617,16.719999313354492,16.90999984741211
2026-07-22 18:00:00+00:00,16.809999465942383,17.020000457763672,16.770000457763672,16.850000381469727
2026-07-22 19:00:00+00:00,16.93000030517578,17.010000228881836,16.799999237060547,16.850000381469727
2026-07-22 20:00:00+00:00,17.0,19.489999771118164,16.700000762939453,16.700000762939453
2026-07-23 07:00:00+00:00,17.670000076293945,17.940000534057617,17.489999771118164,17.790000915527344
2026-07-23 08:00:00+00:00,17.59000015258789,17.940000534057617,17.43000030517578,17.43000030517578
2026-07-23 09:00:00+00:00,17.549999237060547,17.700000762939453,17.31999969482422,17.690000534057617
2026-07-23 10:00:00+00:00,17.610000610351562,17.780000686645508,17.510000228881836,17.56999969482422
2026-07-23 11:00:00+00:00,17.719999313354492,18.31999969482422,17.510000228881836,18.1200008392334
2026-07-23 12:00:00+00:00,17.93000030517578,19.100000381469727,17.920000076293945,18.959999084472656
2026-07-23 13:00:00+00:00,18.559999465942383,19.450000762939453,18.510000228881836,19.219999313354492
2026-07-23 14:00:00+00:00,19.420000076293945,19.469999313354492,18.510000228881836,19.399999618530273
2026-07-23 15:00:00+00:00,18.950000762939453,20.309999465942383,18.739999771118164,19.56999969482422
2026-07-23 16:00:00+00:00,20.149999618530273,20.309999465942383,18.899999618530273,19.3700008392334
2026-07-23 17:00:00+00:00,18.989999771118164,19.610000610351562,18.899999618530273,19.600000381469727
2026-07-23 18:00:00+00:00,19.239999771118164,19.68000030517578,19.239999771118164,19.479999542236328
2026-07-23 19:00:00+00:00,19.510000228881836,19.6299991607666,18.860000610351562,18.860000610351562
2026-07-23 20:00:00+00:00,18.989999771118164,18.989999771118164,18.68000030517578,18.700000762939453
2026-07-24 07:00:00+00:00,18.959999084472656,18.969999313354492,18.719999313354492,18.889999389648438
2026-07-24 08:00:00+00:00,18.739999771118164,19.049999237060547,18.719999313354492,18.81999969482422
2026-07-24 09:00:00+00:00,18.799999237060547,18.829999923706055,18.600000381469727,18.610000610351562
2026-07-24 10:00:00+00:00,18.670000076293945,18.889999389648438,18.600000381469727,18.860000610351562
2026-07-24 11:00:00+00:00,18.829999923706055,18.920000076293945,18.579999923706055,18.610000610351562
2026-07-24 12:00:00+00:00,18.780000686645508,18.920000076293945,18.520000457763672,18.899999618530273
2026-07-24 13:00:00+00:00,18.549999237060547,19.040000915527344,18.530000686645508,18.979999542236328
2026-07-24 14:00:00+00:00,18.93000030517578,19.040000915527344,18.079999923706055,18.079999923706055
2026-07-24 15:00:00+00:00,18.360000610351562,18.780000686645508,17.43000030517578,17.5
2026-07-24 16:00:00+00:00,17.610000610351562,17.989999771118164,17.40999984741211,17.84000015258789
2026-07-24 17:00:00+00:00,17.520000457763672,18.25,17.520000457763672,18.040000915527344
2026-07-24 18:00:00+00:00,17.959999084472656,18.940000534057617,17.8799991607666,18.6299991607666
2026-07-24 19:00:00+00:00,18.5,19.020000457763672,18.5,18.510000228881836
2026-07-24 20:00:00+00:00,18.489999771118164,18.6299991607666,18.489999771118164,18.56999969482422
2026-07-27 07:00:00+00:00,17.6200008392334,17.829999923706055,17.6200008392334,17.829999923706055
2026-07-27 08:00:00+00:00,17.690000534057617,17.84000015258789,17.59000015258789,17.59000015258789
2026-07-27 09:00:00+00:00,17.670000076293945,17.700000762939453,17.530000686645508,17.579999923706055
2026-07-27 10:00:00+00:00,17.65999984741211,17.65999984741211,17.530000686645508,17.600000381469727
2026-07-27 11:00:00+00:00,17.59000015258789,17.799999237060547,17.559999465942383,17.739999771118164
2026-07-27 12:00:00+00:00,17.799999237060547,17.899999618530273,17.68000030517578,17.709999084472656
2026-07-27 13:00:00+00:00,17.829999923706055,18.670000076293945,17.670000076293945,18.670000076293945
2026-07-27 14:00:00+00:00,17.799999237060547,19.93000030517578,17.68000030517578,18.84000015258789
2026-07-27 15:00:00+00:00,19.290000915527344,19.93000030517578,18.739999771118164,19.34000015258789
2026-07-27 16:00:00+00:00,19.229999542236328,19.719999313354492,18.93000030517578,19.479999542236328
2026-07-27 17:00:00+00:00,19.139999389648438,19.739999771118164,19.010000228881836,19.200000762939453
2026-07-27 18:00:00+00:00,19.610000610351562,19.610000610351562,18.889999389648438,18.969999313354492
2026-07-27 19:00:00+00:00,19.260000228881836,19.469999313354492,18.719999313354492,18.729999542236328
2026-07-27 20:00:00+00:00,18.739999771118164,18.799999237060547,18.639999389648438,18.670000076293945
2026-07-28 07:00:00+00:00,19.049999237060547,19.149999618530273,18.989999771118164,19.049999237060547
2026-07-28 08:00:00+00:00,19.049999237060547,19.219999313354492,18.75,18.889999389648438
2026-07-28 09:00:00+00:00,18.860000610351562,18.959999084472656,18.75,18.93000030517578
2026-07-28 10:00:00+00:00,18.790000915527344,19.06999969482422,18.790000915527344,18.969999313354492
2026-07-28 11:00:00+00:00,18.899999618530273,19.149999618530273,18.780000686645508,18.790000915527344
2026-07-28 12:00:00+00:00,19.049999237060547,19.1299991607666,18.299999237060547,18.639999389648438
2026-07-28 13:00:00+00:00,18.670000076293945,19.520000457763672,18.299999237060547,19.329999923706055
2026-07-28 14:00:00+00:00,18.829999923706055,19.520000457763672,18.219999313354492,18.510000228881836
2026-07-28 15:00:00+00:00,18.700000762939453,18.780000686645508,17.8799991607666,17.959999084472656
2026-07-28 16:00:00+00:00,18.079999923706055,18.219999313354492,17.8799991607666,17.940000534057617
2026-07-28 17:00:00+00:00,18.15999984741211,18.40999984741211,17.90999984741211,18.280000686645508
2026-07-28 18:00:00+00:00,18.170000076293945,18.459999084472656,18.09000015258789,18.170000076293945
2026-07-28 19:00:00+00:00,18.43000030517578,18.440000534057617,18.110000610351562,18.270000457763672
2026-07-28 20:00:00+00:00,18.229999542236328,18.40999984741211,18.190000534057617,18.200000762939453
2026-07-29 07:00:00+00:00,18.270000457763672,18.309999465942383,18.149999618530273,18.229999542236328
2026-07-29 08:00:00+00:00,18.219999313354492,18.450000762939453,18.139999389648438,18.239999771118164
2026-07-29 09:00:00+00:00,18.40999984741211,18.43000030517578,18.049999237060547,18.149999618530273
2026-07-29 10:00:00+00:00,18.25,18.389999389648438,18.049999237060547,18.389999389648438
2026-07-29 11:00:00+00:00,18.209999084472656,18.389999389648438,18.200000762939453,18.350000381469727
2026-07-29 12:00:00+00:00,18.290000915527344,18.920000076293945,18.280000686645508,18.719999313354492
2026-07-29 13:00:00+00:00,18.790000915527344,19.450000762939453,18.6299991607666,19.290000915527344
2026-07-29 14:00:00+00:00,19.06999969482422,20.100000381469727,18.649999618530273,19.84000015258789
2026-07-29 15:00:00+00:00,19.760000228881836,20.110000610351562,19.450000762939453,19.90999984741211
2026-07-29 16:00:00+00:00,19.899999618530273,20.34000015258789,19.719999313354492,19.719999313354492
2026-07-29 17:00:00+00:00,19.860000610351562,20.110000610351562,19.190000534057617,19.34000015258789
2026-07-29 18:00:00+00:00,19.479999542236328,19.6200008392334,17.450000762939453,17.690000534057617
2026-07-29 19:00:00+00:00,18.670000076293945,20.440000534057617,17.450000762939453,20.299999237060547
2026-07-29 20:00:00+00:00,20.489999771118164,20.8799991607666,20.190000534057617,20.6299991607666
2026-07-30 07:00:00+00:00,19.559999465942383,20.010000228881836,19.559999465942383,19.899999618530273
2026-07-30 08:00:00+00:00,19.790000915527344,20.079999923706055,19.59000015258789,19.790000915527344
2026-07-30 09:00:00+00:00,19.649999618530273,19.860000610351562,19.43000030517578,19.739999771118164
2026-07-30 10:00:00+00:00,19.549999237060547,19.790000915527344,19.3799991607666,19.510000228881836
2026-07-30 11:00:00+00:00,19.489999771118164,19.530000686645508,19.059999465942383,19.079999923706055
2026-07-30 12:00:00+00:00,19.190000534057617,19.25,18.920000076293945,19.010000228881836
2026-07-30 13:00:00+00:00,19.030000686645508,19.15999984741211,18.229999542236328,18.25
2026-07-30 14:00:00+00:00,18.6299991607666,18.93000030517578,18.110000610351562,18.770000457763672
2026-07-30 15:00:00+00:00,18.229999542236328,19.15999984741211,18.18000030517578,18.469999313354492
2026-07-30 16:00:00+00:00,19.139999389648438,19.15999984741211,18.079999923706055,18.100000381469727
2026-07-30 17:00:00+00:00,18.229999542236328,18.350000381469727,17.8799991607666,17.959999084472656
2026-07-30 18:00:00+00:00,18.020000457763672,18.100000381469727,17.649999618530273,17.649999618530273
2026-07-30 19:00:00+00:00,17.84000015258789,17.860000610351562,17.329999923706055,17.34000015258789
2026-07-30 20:00:00+00:00,17.5,17.5,17.0,17.079999923706055
2026-07-31 07:00:00+00:00,16.81999969482422,16.899999618530273,16.780000686645508,16.84000015258789
2026-07-31 08:00:00+00:00,16.84000015258789,16.920000076293945,16.709999084472656,16.719999313354492
2026-07-31 09:00:00+00:00,16.75,16.899999618530273,16.649999618530273,16.850000381469727
2026-07-31 10:00:00+00:00,16.729999542236328,16.899999618530273,16.729999542236328,16.81999969482422
2026-07-31 11:00:00+00:00,16.760000228881836,17.040000915527344,16.719999313354492,16.940000534057617
2026-07-31 12:00:00+00:00,16.90999984741211,17.290000915527344,16.90999984741211,17.270000457763672
2026-07-31 13:00:00+00:00,17.110000610351562,17.809999465942383,16.639999389648438,17.780000686645508
2026-07-31 14:00:00+00:00,16.780000686645508,18.700000762939453,16.639999389648438,17.450000762939453
2026-07-31 15:00:00+00:00,17.809999465942383,17.93000030517578,17.200000762939453,17.290000915527344
2026-07-31 16:00:00+00:00,17.889999389648438,17.920000076293945,16.829999923706055,16.860000610351562
2026-07-31 17:00:00+00:00,16.959999084472656,17.020000457763672,16.469999313354492,16.68000030517578
2026-07-31 18:00:00+00:00,16.520000457763672,16.700000762939453,16.420000076293945,16.459999084472656
2026-07-31 19:00:00+00:00,16.600000381469727,16.6200008392334,15.819999694824219,16.049999237060547
2026-07-31 20:00:00+00:00,16.229999542236328,16.229999542236328,15.979999542236328,15.989999771118164
2026-08-03 07:00:00+00:00,16.030000686645508,16.139999389648438,16.0,16.030000686645508
2026-08-03 08:00:00+00:00,16.110000610351562,16.219999313354492,16.030000686645508,16.040000915527344
2026-08-03 09:00:00+00:00,16.18000030517578,16.209999084472656,16.010000228881836,16.040000915527344
2026-08-03 10:00:00+00:00,16.049999237060547,16.079999923706055,15.920000076293945,15.949999809265137
2026-08-03 11:00:00+00:00,15.970000267028809,16.09000015258789,15.899999618530273,16.06999969482422
2026-08-03 12:00:00+00:00,15.970000267028809,16.139999389648438,15.899999618530273,15.970000267028809
2026-08-03 13:00:00+00:00,16.059999465942383,16.299999237060547,15.9399995803833,16.049999237060547
2026-08-03 14:00:00+00:00,16.260000228881836,16.299999237060547,15.6899995803833,15.699999809265137
2026-08-03 15:00:00+00:00,15.770000457763672,15.800000190734863,15.550000190734863,15.630000114440918
2026-08-03 16:00:00+00:00,15.609999656677246,15.670000076293945,15.539999961853027,15.600000381469727
2026-08-03 17:00:00+00:00,15.5600004196167,15.84000015258789,15.539999961853027,15.829999923706055
2026-08-03 18:00:00+00:00,15.630000114440918,15.859999656677246,15.630000114440918,15.779999732971191
2026-08-03 19:00:00+00:00,15.75,15.84000015258789,15.670000076293945,15.760000228881836
2026-08-03 20:00:00+00:00,15.729999542236328,15.869999885559082,15.729999542236328,15.859999656677246
2026-08-04 07:00:00+00:00,15.760000228881836,15.760000228881836,15.670000076293945,15.710000038146973
2026-08-04 08:00:00+00:00,15.710000038146973,15.84000015258789,15.670000076293945,15.819999694824219
2026-08-04 09:00:00+00:00,15.760000228881836,15.84000015258789,15.699999809265137,15.720000267028809
2026-08-04 10:00:00+00:00,15.800000190734863,15.800000190734863,15.5600004196167,15.609999656677246
2026-08-04 11:00:00+00:00,15.710000038146973,15.710000038146973,15.5600004196167,15.6899995803833
2026-08-04 12:00:00+00:00,15.630000114440918,15.710000038146973,15.569999694824219,15.59000015258789
2026-08-04 13:00:00+00:00,15.640000343322754,16.06999969482422,15.510000228881836,15.979999542236328
2026-08-04 14:00:00+00:00,15.569999694824219,16.260000228881836,15.569999694824219,15.90999984741211
2026-08-04 15:00:00+00:00,15.800000190734863,16.3799991607666,15.75,16.3799991607666
2026-08-04 16:00:00+00:00,16.270000457763672,16.3799991607666,16.100000381469727,16.270000457763672
2026-08-04 17:00:00+00:00,16.170000076293945,16.649999618530273,16.170000076293945,16.540000915527344
2026-08-04 18:00:00+00:00,16.549999237060547,16.649999618530273,16.299999237060547,16.329999923706055
2026-08-04 19:00:00+00:00,16.530000686645508,16.540000915527344,16.299999237060547,16.420000076293945
2026-08-04 20:00:00+00:00,16.360000610351562,16.510000228881836,16.34000015258789,16.5
2026-08-05 07:00:00+00:00,16.149999618530273,16.149999618530273,15.899999618530273,15.90999984741211
2026-08-05 08:00:00+00:00,16.1200008392334,16.15999984741211,15.890000343322754,16.1299991607666
2026-08-05 09:00:00+00:00,15.989999771118164,16.34000015258789,15.989999771118164,16.34000015258789
2026-08-05 10:00:00+00:00,16.209999084472656,16.59000015258789,16.200000762939453,16.59000015258789
2026-08-05 11:00:00+00:00,16.3700008392334,16.68000030517578,16.3700008392334,16.65999984741211
2026-08-05 12:00:00+00:00,16.68000030517578,16.860000610351562,16.65999984741211,16.860000610351562
2026-08-05 13:00:00+00:00,16.719999313354492,17.5,16.719999313354492,17.079999923706055
2026-08-05 14:00:00+00:00,17.209999084472656,18.43000030517578,16.239999771118164,16.360000610351562
2026-08-05 15:00:00+00:00,16.790000915527344,18.43000030517578,16.149999618530273,16.239999771118164
2026-08-05 16:00:00+00:00,16.299999237060547,16.34000015258789,15.949999809265137,15.949999809265137
2026-08-05 17:00:00+00:00,16.020000457763672,16.049999237060547,15.829999923706055,15.829999923706055
2026-08-05 18:00:00+00:00,15.90999984741211,15.920000076293945,15.5600004196167,15.569999694824219
2026-08-05 19:00:00+00:00,15.630000114440918,15.710000038146973,15.479999542236328,15.710000038146973
2026-08-05 20:00:00+00:00,15.710000038146973,15.84000015258789,15.699999809265137,15.819999694824219
2026-08-06 07:00:00+00:00,15.829999923706055,15.899999618530273,15.819999694824219,15.880000114440918
2026-08-06 08:00:00+00:00,15.859999656677246,15.930000305175781,15.859999656677246,15.890000343322754
2026-08-06 09:00:00+00:00,15.890000343322754,15.9399995803833,15.869999885559082,15.90999984741211
2026-08-06 10:00:00+00:00,15.930000305175781,15.960000038146973,15.899999618530273,15.949999809265137
2026-08-06 11:00:00+00:00,15.930000305175781,16.0,15.930000305175781,15.979999542236328
2026-08-06 12:00:00+00:00,15.949999809265137,16.030000686645508,15.90999984741211,15.970000267028809
2026-08-06 13:00:00+00:00,15.970000267028809,16.020000457763672,15.710000038146973,15.739999771118164
2026-08-06 14:00:00+00:00,15.9399995803833,16.010000228881836,15.329999923706055,15.329999923706055
2026-08-06 15:00:00+00:00,15.539999961853027,15.59000015258789,15.300000190734863,15.569999694824219
2026-08-06 16:00:00+00:00,15.40999984741211,15.630000114440918,15.3100004196167,15.390000343322754
2026-08-06 17:00:00+00:00,15.40999984741211,15.4399995803833,15.3100004196167,15.319999694824219
2026-08-06 18:00:00+00:00,15.420000076293945,15.430000305175781,15.140000343322754,15.239999771118164
2026-08-06 19:00:00+00:00,15.25,15.359999656677246,15.140000343322754,15.289999961853027
2026-08-06 20:00:00+00:00,15.260000228881836,15.260000228881836,15.109999656677246,15.140000343322754
2026-08-07 07:00:00+00:00,15.300000190734863,15.3100004196167,15.270000457763672,15.270000457763672
2026-08-07 08:00:00+00:00,15.289999961853027,15.3100004196167,15.239999771118164,15.270000457763672
2026-08-07 09:00:00+00:00,15.279999732971191,15.3100004196167,15.25,15.279999732971191
2026-08-07 10:00:00+00:00,15.279999732971191,15.300000190734863,15.25,15.270000457763672
2026-08-07 11:00:00+00:00,15.270000457763672,15.270000457763672,15.170000076293945,15.180000305175781
2026-08-07 12:00:00+00:00,15.210000038146973,15.34000015258789,14.829999923706055,15.34000015258789
2026-08-07 13:00:00+00:00,14.829999923706055,15.359999656677246,14.829999923706055,15.039999961853027
2026-08-07 14:00:00+00:00,15.260000228881836,15.279999732971191,14.859999656677246,14.9399995803833
2026-08-07 15:00:00+00:00,14.970000267028809,15.010000228881836,14.920000076293945,14.930000305175781
2026-08-07 16:00:00+00:00,14.949999809265137,15.09000015258789,14.920000076293945,14.989999771118164
2026-08-07 17:00:00+00:00,15.039999961853027,15.069999694824219,14.90999984741211,14.90999984741211
2026-08-07 18:00:00+00:00,14.960000038146973,14.979999542236328,14.84000015258789,14.850000381469727
2026-08-07 19:00:00+00:00,14.930000305175781,14.979999542236328,14.770000457763672,14.869999885559082
2026-08-07 20:00:00+00:00,14.869999885559082,14.930000305175781,14.859999656677246,14.890000343322754
2026-08-10 07:00:00+00:00,15.399999618530273,15.460000038146973,15.390000343322754,15.460000038146973
2026-08-10 08:00:00+00:00,15.420000076293945,15.489999771118164,15.40999984741211,15.460000038146973
2026-08-10 09:00:00+00:00,15.479999542236328,15.479999542236328,15.420000076293945,15.430000305175781
2026-08-10 10:00:00+00:00,15.430000305175781,15.479999542236328,15.420000076293945,15.449999809265137
2026-08-10 11:00:00+00:00,15.449999809265137,15.479999542236328,15.430000305175781,15.4399995803833
2026-08-10 12:00:00+00:00,15.4399995803833,15.470000267028809,15.390000343322754,15.430000305175781
2026-08-10 13:00:00+00:00,15.390000343322754,15.449999809265137,15.140000343322754,15.170000076293945
2026-08-10 14:00:00+00:00,15.399999618530273,15.399999618530273,15.140000343322754,15.210000038146973
2026-08-10 15:00:00+00:00,15.25,15.270000457763672,15.109999656677246,15.109999656677246
2026-08-10 16:00:00+00:00,15.239999771118164,15.720000267028809,15.100000381469727,15.289999961853027
2026-08-10 17:00:00+00:00,15.130000114440918,15.720000267028809,15.109999656677246,15.319999694824219
2026-08-10 18:00:00+00:00,15.270000457763672,15.420000076293945,15.25,15.350000381469727
2026-08-10 19:00:00+00:00,15.399999618530273,15.460000038146973,15.319999694824219,15.40999984741211
2026-08-10 20:00:00+00:00,15.399999618530273,15.470000267028809,15.399999618530273,15.460000038146973
2026-08-11 07:00:00+00:00,15.420000076293945,15.4399995803833,15.399999618530273,15.420000076293945
2026-08-11 08:00:00+00:00,15.430000305175781,15.520000457763672,15.399999618530273,15.510000228881836
2026-08-11 09:00:00+00:00,15.479999542236328,15.539999961853027,15.470000267028809,15.529999732971191
2026-08-11 10:00:00+00:00,15.520000457763672,15.539999961853027,15.479999542236328,15.5
2026-08-11 11:00:00+00:00,15.5,15.520000457763672,15.40999984741211,15.449999809265137
2026-08-11 12:00:00+00:00,15.479999542236328,15.569999694824219,15.4399995803833,15.539999961853027
2026-08-11 13:00:00+00:00,15.539999961853027,15.609999656677246,15.479999542236328,15.479999542236328
2026-08-11 14:00:00+00:00,15.479999542236328,15.609999656677246,15.229999542236328,15.25
2026-08-11 15:00:00+00:00,15.380000114440918,15.40999984741211,15.229999542236328,15.329999923706055
2026-08-11 16:00:00+00:00,15.279999732971191,15.479999542236328,15.279999732971191,15.470000267028809
2026-08-11 17:00:00+00:00,15.430000305175781,15.479999542236328,15.25,15.25
2026-08-11 18:00:00+00:00,15.380000114440918,15.380000114440918,15.25,15.270000457763672
2026-08-11 19:00:00+00:00,15.380000114440918,15.380000114440918,15.239999771118164,15.329999923706055
2026-08-11 20:00:00+00:00,15.3100004196167,15.3100004196167,15.260000228881836,15.279999732971191
2026-08-12 07:00:00+00:00,15.279999732971191,15.350000381469727,15.279999732971191,15.329999923706055
2026-08-12 08:00:00+00:00,15.319999694824219,15.350000381469727,15.289999961853027,15.319999694824219
2026-08-12 09:00:00+00:00,15.289999961853027,15.420000076293945,15.289999961853027,15.380000114440918
2026-08-12 10:00:00+00:00,15.369999885559082,15.420000076293945,15.350000381469727,15.380000114440918
2026-08-12 11:00:00+00:00,15.399999618530273,15.420000076293945,15.359999656677246,15.380000114440918
2026-08-12 12:00:00+00:00,15.380000114440918,15.390000343322754,15.029999732971191,15.029999732971191
2026-08-12 13:00:00+00:00,15.220000267028809,15.279999732971191,14.770000457763672,14.770000457763672
2026-08-12 14:00:00+00:00,14.920000076293945,14.960000038146973,14.739999771118164,14.880000114440918
2026-08-12 15:00:00+00:00,14.779999732971191,14.899999618530273,14.770000457763672,14.789999961853027
2026-08-12 16:00:00+00:00,14.800000190734863,14.84000015258789,14.65999984741211,14.680000305175781
2026-08-12 17:00:00+00:00,14.800000190734863,14.800000190734863,14.569999694824219,14.569999694824219
2026-08-12 18:00:00+00:00,14.65999984741211,14.65999984741211,14.489999771118164,14.520000457763672
2026-08-12 19:00:00+00:00,14.539999961853027,14.539999961853027,14.390000343322754,14.4399995803833
2026-08-12 20:00:00+00:00,14.449999809265137,14.550000190734863,14.40999984741211,14.550000190734863
2026-08-13 07:00:00+00:00,14.680000305175781,14.680000305175781,14.65999984741211,14.680000305175781
2026-08-13 08:00:00+00:00,14.670000076293945,14.699999809265137,14.65999984741211,14.6899995803833
2026-08-13 09:00:00+00:00,14.680000305175781,14.699999809265137,14.649999618530273,14.649999618530273
2026-08-13 10:00:00+00:00,14.649999618530273,14.670000076293945,14.59000015258789,14.600000381469727
2026-08-13 11:00:00+00:00,14.609999656677246,14.609999656677246,14.529999732971191,14.569999694824219
2026-08-13 12:00:00+00:00,14.569999694824219,14.59000015258789,14.449999809265137,14.449999809265137
2026-08-13 13:00:00+00:00,14.529999732971191,14.630000114440918,14.390000343322754,14.630000114440918
2026-08-13 14:00:00+00:00,14.4399995803833,14.800000190734863,14.390000343322754,14.430000305175781
2026-08-13 15:00:00+00:00,14.770000457763672,14.779999732971191,14.430000305175781,14.670000076293945
2026-08-13 16:00:00+00:00,14.65999984741211,14.779999732971191,14.640000343322754,14.65999984741211
2026-08-13 17:00:00+00:00,14.699999809265137,14.75,14.649999618530273,14.6899995803833
2026-08-13 18:00:00+00:00,14.739999771118164,14.739999771118164,14.619999885559082,14.729999542236328
2026-08-13 19:00:00+00:00,14.6899995803833,14.770000457763672,14.569999694824219,14.569999694824219
2026-08-13 20:00:00+00:00,14.5600004196167,14.630000114440918,14.550000190734863,14.630000114440918
2026-08-14 07:00:00+00:00,14.640000343322754,14.649999618530273,14.630000114440918,14.640000343322754
2026-08-14 08:00:00+00:00,14.640000343322754,14.649999618530273,14.579999923706055,14.579999923706055
2026-08-14 09:00:00+00:00,14.630000114440918,14.630000114440918,14.550000190734863,14.5600004196167
2026-08-14 10:00:00+00:00,14.59000015258789,14.59000015258789,14.5,14.5
2026-08-14 11:00:00+00:00,14.5600004196167,14.5600004196167,14.489999771118164,14.529999732971191
2026-08-14 12:00:00+00:00,14.529999732971191,14.5600004196167,14.479999542236328,14.520000457763672
2026-08-14 13:00:00+00:00,14.5,14.609999656677246,14.460000038146973,14.600000381469727
2026-08-14 14:00:00+00:00,14.520000457763672,14.65999984741211,14.460000038146973,14.489999771118164
2026-08-14 15:00:00+00:00,14.600000381469727,14.720000267028809,14.460000038146973,14.5600004196167
2026-08-14 16:00:00+00:00,14.539999961853027,14.720000267028809,14.430000305175781,14.449999809265137
2026-08-14 17:00:00+00:00,14.460000038146973,14.5,14.3100004196167,14.3100004196167
2026-08-14 18:00:00+00:00,14.329999923706055,14.369999885559082,14.279999732971191,14.350000381469727
2026-08-14 19:00:00+00:00,14.3100004196167,14.420000076293945,14.180000305175781,14.270000457763672
2026-08-14 20:00:00+00:00,14.260000228881836,14.270000457763672,14.229999542236328,14.25
2026-08-17 07:00:00+00:00,14.979999542236328,15.0,14.930000305175781,14.9399995803833
2026-08-17 08:00:00+00:00,14.979999542236328,14.979999542236328,14.930000305175781,14.970000267028809
2026-08-17 09:00:00+00:00,14.949999809265137,14.979999542236328,14.90999984741211,14.979999542236328
2026-08-17 10:00:00+00:00,14.90999984741211,14.979999542236328,14.90999984741211,14.920000076293945
2026-08-17 11:00:00+00:00,14.949999809265137,14.970000267028809,14.890000343322754,14.920000076293945
2026-08-17 12:00:00+00:00,14.90999984741211,15.079999923706055,14.899999618530273,15.079999923706055
2026-08-17 13:00:00+00:00,15.020000457763672,15.109999656677246,14.960000038146973,14.989999771118164
2026-08-17 14:00:00+00:00,15.010000228881836,15.109999656677246,14.930000305175781,14.960000038146973
2026-08-17 15:00:00+00:00,15.029999732971191,15.0600004196167,14.930000305175781,15.020000457763672
2026-08-17 16:00:00+00:00,14.9399995803833,15.199999809265137,14.9399995803833,15.1899995803833
2026-08-17 17:00:00+00:00,15.020000457763672,15.470000267028809,15.020000457763672,15.15999984741211
2026-08-17 18:00:00+00:00,15.460000038146973,15.470000267028809,15.0600004196167,15.1899995803833
2026-08-17 19:00:00+00:00,15.09000015258789,15.300000190734863,15.09000015258789,15.170000076293945
2026-08-17 20:00:00+00:00,15.180000305175781,15.210000038146973,15.180000305175781,15.1899995803833
2026-08-18 07:00:00+00:00,15.8100004196167,15.970000267028809,15.800000190734863,15.970000267028809
2026-08-18 08:00:00+00:00,15.850000381469727,16.09000015258789,15.84000015258789,15.850000381469727
2026-08-18 09:00:00+00:00,16.0,16.040000915527344,15.84000015258789,15.9399995803833
2026-08-18 10:00:00+00:00,15.960000038146973,16.040000915527344,15.760000228881836,15.779999732971191
2026-08-18 11:00:00+00:00,15.90999984741211,15.90999984741211,15.680000305175781,15.6899995803833
2026-08-18 12:00:00+00:00,15.729999542236328,15.789999961853027,15.640000343322754,15.75
2026-08-18 13:00:00+00:00,15.6899995803833,15.859999656677246,15.680000305175781,15.800000190734863
2026-08-18 14:00:00+00:00,15.800000190734863,15.890000343322754,15.609999656677246,15.84000015258789
2026-08-18 15:00:00+00:00,15.760000228881836,15.930000305175781,15.609999656677246,15.75
2026-08-18 16:00:00+00:00,15.890000343322754,15.920000076293945,15.619999885559082,15.649999618530273
2026-08-18 17:00:00+00:00,15.710000038146973,15.75,15.630000114440918,15.75
2026-08-18 18:00:00+00:00,15.699999809265137,15.779999732971191,15.630000114440918,15.680000305175781
2026-08-18 19:00:00+00:00,15.649999618530273,15.84000015258789,15.600000381469727,15.84000015258789
2026-08-18 20:00:00+00:00,15.819999694824219,15.869999885559082,15.8100004196167,15.84000015258789
2026-08-19 07:00:00+00:00,15.920000076293945,15.949999809265137,15.8100004196167,15.850000381469727
2026-08-19 08:00:00+00:00,15.899999618530273,15.90999984741211,15.800000190734863,15.829999923706055
2026-08-19 09:00:00+00:00,15.800000190734863,15.869999885559082,15.800000190734863,15.869999885559082
2026-08-19 10:00:00+00:00,15.859999656677246,15.890000343322754,15.8100004196167,15.819999694824219
2026-08-19 11:00:00+00:00,15.869999885559082,15.869999885559082,15.729999542236328,15.729999542236328
2026-08-19 12:00:00+00:00,15.760000228881836,15.800000190734863,15.350000381469727,15.470000267028809
2026-08-19 13:00:00+00:00,15.649999618530273,15.649999618530273,15.109999656677246,15.289999961853027
2026-08-19 14:00:00+00:00,15.270000457763672,15.569999694824219,15.119999885559082,15.130000114440918
2026-08-19 15:00:00+00:00,15.260000228881836,15.279999732971191,15.119999885559082,15.15999984741211
2026-08-19 16:00:00+00:00,15.180000305175781,15.279999732971191,15.069999694824219,15.239999771118164
2026-08-19 17:00:00+00:00,15.15999984741211,15.279999732971191,15.149999618530273,15.210000038146973
2026-08-19 18:00:00+00:00,15.229999542236328,15.279999732971191,15.020000457763672,15.029999732971191
2026-08-19 19:00:00+00:00,15.100000381469727,15.100000381469727,14.859999656677246,14.90999984741211
2026-08-19 20:00:00+00:00,14.770000457763672,14.890000343322754,14.770000457763672,14.890000343322754
2026-08-20 07:00:00+00:00,14.90999984741211,15.079999923706055,14.90999984741211,15.079999923706055
2026-08-20 08:00:00+00:00,14.949999809265137,15.300000190734863,14.949999809265137,15.229999542236328
2026-08-20 09:00:00+00:00,15.220000267028809,15.300000190734863,15.119999885559082,15.199999809265137
2026-08-20 10:00:00+00:00,15.140000343322754,15.229999542236328,15.109999656677246,15.109999656677246
2026-08-20 11:00:00+00:00,15.130000114440918,15.5600004196167,15.100000381469727,15.5600004196167
2026-08-20 12:00:00+00:00,15.34000015258789,16.079999923706055,15.289999961853027,15.829999923706055
2026-08-20 13:00:00+00:00,15.979999542236328,16.079999923706055,15.489999771118164,15.859999656677246
2026-08-20 14:00:00+00:00,15.8100004196167,16.059999465942383,15.489999771118164,15.680000305175781
2026-08-20 15:00:00+00:00,15.829999923706055,15.949999809265137,15.579999923706055,15.899999618530273
2026-08-20 16:00:00+00:00,15.739999771118164,15.949999809265137,15.579999923706055,15.579999923706055
2026-08-20 17:00:00+00:00,15.829999923706055,15.920000076293945,15.569999694824219,15.8100004196167
2026-08-20 18:00:00+00:00,15.850000381469727,16.100000381469727,15.779999732971191,16.100000381469727
2026-08-20 19:00:00+00:00,15.989999771118164,16.139999389648438,15.9399995803833,16.049999237060547
2026-08-20 20:00:00+00:00,15.989999771118164,16.049999237060547,15.960000038146973,16.010000228881836
2026-08-21 07:00:00+00:00,15.819999694824219,15.850000381469727,15.770000457763672,15.850000381469727
2026-08-21 08:00:00+00:00,15.819999694824219,15.880000114440918,15.720000267028809,15.720000267028809
2026-08-21 09:00:00+00:00,15.789999961853027,15.800000190734863,15.680000305175781,15.680000305175781
2026-08-21 10:00:00+00:00,15.729999542236328,15.75,15.630000114440918,15.670000076293945
2026-08-21 11:00:00+00:00,15.6899995803833,15.699999809265137,15.4399995803833,15.460000038146973
2026-08-21 12:00:00+00:00,15.489999771118164,15.520000457763672,15.40999984741211,15.420000076293945
2026-08-21 13:00:00+00:00,15.420000076293945,15.569999694824219,15.390000343322754,15.489999771118164
2026-08-21 14:00:00+00:00,15.420000076293945,15.569999694824219,15.260000228881836,15.270000457763672
2026-08-21 15:00:00+00:00,15.420000076293945,15.5,15.229999542236328,15.380000114440918
2026-08-21 16:00:00+00:00,15.25,15.399999618530273,15.239999771118164,15.3100004196167
2026-08-21 17:00:00+00:00,15.3100004196167,15.34000015258789,15.210000038146973,15.239999771118164
2026-08-21 18:00:00+00:00,15.300000190734863,15.329999923706055,15.210000038146973,15.25
2026-08-21 19:00:00+00:00,15.3100004196167,15.329999923706055,15.079999923706055,15.170000076293945
2026-08-21 20:00:00+00:00,15.15999984741211,15.170000076293945,15.130000114440918,15.130000114440918
2026-08-24 07:00:00+00:00,15.899999618530273,15.949999809265137,15.869999885559082,15.949999809265137
2026-08-24 08:00:00+00:00,15.90999984741211,15.960000038146973,15.859999656677246,15.880000114440918
2026-08-24 09:00:00+00:00,15.920000076293945,15.920000076293945,15.859999656677246,15.890000343322754
2026-08-24 10:00:00+00:00,15.920000076293945,15.970000267028809,15.880000114440918,15.949999809265137
2026-08-24 11:00:00+00:00,15.930000305175781,16.049999237060547,15.850000381469727,15.899999618530273
2026-08-24 12:00:00+00:00,16.030000686645508,16.030000686645508,15.850000381469727,15.890000343322754
2026-08-24 13:00:00+00:00,15.869999885559082,16.059999465942383,15.75,15.869999885559082
2026-08-24 14:00:00+00:00,15.84000015258789,16.059999465942383,15.75,15.779999732971191
2026-08-24 15:00:00+00:00,15.90999984741211,15.90999984741211,15.720000267028809,15.720000267028809
2026-08-24 16:00:00+00:00,15.770000457763672,15.789999961853027,15.619999885559082,15.670000076293945
2026-08-24 17:00:00+00:00,15.680000305175781,15.819999694824219,15.609999656677246,15.8100004196167
2026-08-24 18:00:00+00:00,15.770000457763672,15.819999694824219,15.670000076293945,15.770000457763672
2026-08-24 19:00:00+00:00,15.680000305175781,15.890000343322754,15.670000076293945,15.850000381469727
2026-08-24 20:00:00+00:00,15.869999885559082,15.880000114440918,15.84000015258789,15.84000015258789
2026-08-25 07:00:00+00:00,15.710000038146973,15.8100004196167,15.6899995803833,15.800000190734863
2026-08-25 08:00:00+00:00,15.75,15.829999923706055,15.699999809265137,15.779999732971191
2026-08-25 09:00:00+00:00,15.760000228881836,15.850000381469727,15.710000038146973,15.829999923706055
2026-08-25 10:00:00+00:00,15.770000457763672,15.880000114440918,15.710000038146973,15.8100004196167
2026-08-25 11:00:00+00:00,15.84000015258789,15.869999885559082,15.729999542236328,15.770000457763672
2026-08-25 12:00:00+00:00,15.789999961853027,15.869999885559082,15.729999542236328,15.829999923706055
2026-08-25 13:00:00+00:00,15.770000457763672,15.869999885559082,15.130000114440918,15.859999656677246
2026-08-25 14:00:00+00:00,15.130000114440918,16.299999237060547,15.130000114440918,15.729999542236328
2026-08-25 15:00:00+00:00,15.800000190734863,16.299999237060547,15.5,15.510000228881836
2026-08-25 16:00:00+00:00,15.600000381469727,15.609999656677246,15.460000038146973,15.460000038146973
2026-08-25 17:00:00+00:00,15.489999771118164,15.579999923706055,15.460000038146973,15.550000190734863
2026-08-25 18:00:00+00:00,15.569999694824219,15.579999923706055,15.4399995803833,15.449999809265137
2026-08-25 19:00:00+00:00,15.5,15.510000228881836,15.40999984741211,15.449999809265137
2026-08-25 20:00:00+00:00,15.430000305175781,15.489999771118164,15.430000305175781,15.449999809265137
2026-08-26 07:00:00+00:00,15.649999618530273,15.710000038146973,15.640000343322754,15.670000076293945
2026-08-26 08:00:00+00:00,15.6899995803833,15.720000267028809,15.65999984741211,15.6899995803833
2026-08-26 09:00:00+00:00,15.670000076293945,15.729999542236328,15.670000076293945,15.6899995803833
2026-08-26 10:00:00+00:00,15.720000267028809,15.739999771118164,15.670000076293945,15.670000076293945
2026-08-26 11:00:00+00:00,15.720000267028809,15.739999771118164,15.600000381469727,15.670000076293945
2026-08-26 12:00:00+00:00,15.640000343322754,15.739999771118164,15.569999694824219,15.720000267028809
2026-08-26 13:00:00+00:00,15.569999694824219,15.739999771118164,15.430000305175781,15.449999809265137
2026-08-26 14:00:00+00:00,15.640000343322754,15.640000343322754,15.420000076293945,15.430000305175781
2026-08-26 15:00:00+00:00,15.529999732971191,15.569999694824219,15.40999984741211,15.550000190734863
2026-08-26 16:00:00+00:00,15.489999771118164,15.710000038146973,15.4399995803833,15.609999656677246
2026-08-26 17:00:00+00:00,15.619999885559082,15.710000038146973,15.390000343322754,15.40999984741211
2026-08-26 18:00:00+00:00,15.4399995803833,15.449999809265137,15.350000381469727,15.350000381469727
2026-08-26 19:00:00+00:00,15.4399995803833,15.449999809265137,15.270000457763672,15.390000343322754
2026-08-26 20:00:00+00:00,15.34000015258789,15.34000015258789,15.210000038146973,15.210000038146973
2026-08-27 07:00:00+00:00,14.920000076293945,14.960000038146973,14.890000343322754,14.90999984741211
2026-08-27 08:00:00+00:00,14.899999618530273,14.960000038146973,14.800000190734863,14.880000114440918
2026-08-27 09:00:00+00:00,14.800000190734863,14.979999542236328,14.800000190734863,14.899999618530273
2026-08-27 10:00:00+00:00,14.899999618530273,14.979999542236328,14.859999656677246,14.930000305175781
2026-08-27 11:00:00+00:00,14.960000038146973,15.0600004196167,14.869999885559082,14.970000267028809
2026-08-27 12:00:00+00:00,14.970000267028809,15.100000381469727,14.930000305175781,15.079999923706055
2026-08-27 13:00:00+00:00,14.930000305175781,15.130000114440918,14.8100004196167,14.890000343322754
2026-08-27 14:00:00+00:00,15.020000457763672,15.130000114440918,14.489999771118164,14.5
2026-08-27 15:00:00+00:00,14.569999694824219,14.609999656677246,14.4399995803833,14.5
2026-08-27 16:00:00+00:00,14.479999542236328,14.59000015258789,14.420000076293945,14.449999809265137
2026-08-27 17:00:00+00:00,14.449999809265137,14.6899995803833,14.420000076293945,14.619999885559082
2026-08-27 18:00:00+00:00,14.630000114440918,14.760000228881836,14.609999656677246,14.649999618530273
2026-08-27 19:00:00+00:00,14.739999771118164,14.760000228881836,14.4399995803833,14.489999771118164
2026-08-27 20:00:00+00:00,14.5,14.550000190734863,14.5,14.510000228881836
2026-08-28 07:00:00+00:00,14.569999694824219,14.579999923706055,14.520000457763672,14.550000190734863
2026-08-28 08:00:00+00:00,14.5600004196167,14.579999923706055,14.470000267028809,14.5
2026-08-28 09:00:00+00:00,14.520000457763672,14.520000457763672,14.470000267028809,14.470000267028809
2026-08-28 10:00:00+00:00,14.489999771118164,14.5,14.460000038146973,14.479999542236328
2026-08-28 11:00:00+00:00,14.470000267028809,14.5,14.449999809265137,14.489999771118164
2026-08-28 12:00:00+00:00,14.460000038146973,14.5,14.40999984741211,14.449999809265137
2026-08-28 13:00:00+00:00,14.40999984741211,14.600000381469727,14.40999984741211,14.529999732971191
2026-08-28 14:00:00+00:00,14.449999809265137,14.6899995803833,14.170000076293945,14.229999542236328
2026-08-28 15:00:00+00:00,14.289999961853027,14.600000381469727,14.130000114440918,14.579999923706055
2026-08-28 16:00:00+00:00,14.149999618530273,14.8100004196167,14.130000114440918,14.489999771118164
2026-08-28 17:00:00+00:00,14.770000457763672,14.84000015258789,14.4399995803833,14.520000457763672
2026-08-28 18:00:00+00:00,14.680000305175781,14.6899995803833,14.470000267028809,14.569999694824219
2026-08-28 19:00:00+00:00,14.59000015258789,14.649999618530273,14.350000381469727,14.390000343322754
2026-08-28 20:00:00+00:00,14.359999656677246,14.420000076293945,14.359999656677246,14.420000076293945
2026-08-31 07:00:00+00:00,15.239999771118164,15.279999732971191,15.239999771118164,15.270000457763672
2026-08-31 08:00:00+00:00,15.279999732971191,15.279999732971191,15.1899995803833,15.220000267028809
2026-08-31 09:00:00+00:00,15.220000267028809,15.239999771118164,15.15999984741211,15.210000038146973
2026-08-31 10:00:00+00:00,15.170000076293945,15.239999771118164,15.15999984741211,15.210000038146973
2026-08-31 11:00:00+00:00,15.220000267028809,15.300000190734863,15.180000305175781,15.300000190734863
2026-08-31 12:00:00+00:00,15.180000305175781,15.40999984741211,14.890000343322754,15.380000114440918
2026-08-31 13:00:00+00:00,15.329999923706055,15.479999542236328,15.239999771118164,15.270000457763672
2026-08-31 14:00:00+00:00,15.239999771118164,15.479999542236328,15.119999885559082,15.170000076293945
2026-08-31 15:00:00+00:00,15.380000114440918,15.399999618530273,15.109999656677246,15.260000228881836
2026-08-31 16:00:00+00:00,15.15999984741211,15.279999732971191,15.109999656677246,15.149999618530273
2026-08-31 17:00:00+00:00,15.170000076293945,15.229999542236328,15.039999961853027,15.09000015258789
2026-08-31 18:00:00+00:00,15.1899995803833,15.220000267028809,15.029999732971191,15.069999694824219
2026-08-31 19:00:00+00:00,15.039999961853027,15.199999809265137,14.859999656677246,14.890000343322754
2026-08-31 20:00:00+00:00,15.100000381469727,15.100000381469727,14.869999885559082,14.920000076293945
2026-09-01 07:00:00+00:00,14.949999809265137,15.170000076293945,14.949999809265137,15.140000343322754
2026-09-01 08:00:00+00:00,14.970000267028809,15.75,14.970000267028809,15.75
2026-09-01 09:00:00+00:00,15.550000190734863,15.960000038146973,15.489999771118164,15.880000114440918
2026-09-01 10:00:00+00:00,15.890000343322754,15.960000038146973,15.699999809265137,15.819999694824219
2026-09-01 11:00:00+00:00,15.75,15.899999618530273,15.670000076293945,15.869999885559082
2026-09-01 12:00:00+00:00,15.8100004196167,15.970000267028809,15.670000076293945,15.880000114440918
2026-09-01 13:00:00+00:00,15.819999694824219,16.059999465942383,15.729999542236328,15.789999961853027
2026-09-01 14:00:00+00:00,16.059999465942383,16.059999465942383,15.289999961853027,15.430000305175781
2026-09-01 15:00:00+00:00,15.420000076293945,15.529999732971191,15.199999809265137,15.25
2026-09-01 16:00:00+00:00,15.329999923706055,16.1299991607666,15.199999809265137,15.779999732971191
2026-09-01 17:00:00+00:00,15.800000190734863,16.149999618530273,15.779999732971191,15.970000267028809
2026-09-01 18:00:00+00:00,16.059999465942383,16.799999237060547,15.880000114440918,16.3799991607666
2026-09-01 19:00:00+00:00,16.200000762939453,16.799999237060547,16.15999984741211,16.309999465942383
2026-09-01 20:00:00+00:00,16.25,16.440000534057617,16.200000762939453,16.329999923706055
2026-09-02 07:00:00+00:00,16.389999389648438,16.510000228881836,16.34000015258789,16.459999084472656
2026-09-02 08:00:00+00:00,16.3799991607666,16.790000915527344,16.360000610351562,16.729999542236328
2026-09-02 09:00:00+00:00,16.479999542236328,16.809999465942383,16.43000030517578,16.75
2026-09-02 10:00:00+00:00,16.690000534057617,16.81999969482422,16.649999618530273,16.670000076293945
2026-09-02 11:00:00+00:00,16.65999984741211,16.81999969482422,16.209999084472656,16.209999084472656
2026-09-02 12:00:00+00:00,16.43000030517578,16.440000534057617,15.9399995803833,16.31999969482422
2026-09-02 13:00:00+00:00,16.100000381469727,16.31999969482422,15.800000190734863,15.800000190734863
2026-09-02 14:00:00+00:00,16.110000610351562,16.139999389648438,15.329999923706055,15.539999961853027
2026-09-02 15:00:00+00:00,15.449999809265137,15.569999694824219,15.329999923706055,15.350000381469727
2026-09-02 16:00:00+00:00,15.40999984741211,15.489999771118164,15.34000015258789,15.380000114440918
2026-09-02 17:00:00+00:00,15.449999809265137,15.449999809265137,15.239999771118164,15.25
2026-09-02 18:00:00+00:00,15.369999885559082,15.399999618530273,15.15999984741211,15.220000267028809
2026-09-02 19:00:00+00:00,15.229999542236328,15.329999923706055,15.119999885559082,15.3100004196167
2026-09-02 20:00:00+00:00,15.279999732971191,15.279999732971191,15.199999809265137,15.229999542236328
2026-09-03 07:00:00+00:00,15.25,15.319999694824219,15.149999618530273,15.1899995803833
2026-09-03 08:00:00+00:00,15.25,15.300000190734863,15.079999923706055,15.210000038146973
2026-09-03 09:00:00+00:00,15.15999984741211,15.420000076293945,15.15999984741211,15.399999618530273
2026-09-03 10:00:00+00:00,15.210000038146973,15.4399995803833,15.210000038146973,15.40999984741211
2026-09-03 11:00:00+00:00,15.420000076293945,15.4399995803833,15.210000038146973,15.399999618530273
2026-09-03 12:00:00+00:00,15.260000228881836,15.430000305175781,15.0,15.029999732971191
2026-09-03 13:00:00+00:00,15.279999732971191,15.279999732971191,14.920000076293945,15.029999732971191
2026-09-03 14:00:00+00:00,14.960000038146973,15.100000381469727,14.890000343322754,14.890000343322754
2026-09-03 15:00:00+00:00,14.9399995803833,15.010000228881836,14.649999618530273,14.649999618530273
2026-09-03 16:00:00+00:00,14.989999771118164,15.0,14.550000190734863,14.600000381469727
2026-09-03 17:00:00+00:00,14.600000381469727,14.609999656677246,14.470000267028809,14.5
2026-09-03 18:00:00+00:00,14.489999771118164,14.569999694824219,14.4399995803833,14.4399995803833
2026-09-03 19:00:00+00:00,14.529999732971191,14.529999732971191,14.279999732971191,14.279999732971191
2026-09-03 20:00:00+00:00,14.229999542236328,14.319999694824219,14.229999542236328,14.3100004196167
2026-09-04 07:00:00+00:00,14.149999618530273,14.170000076293945,14.130000114440918,14.15999984741211
2026-09-04 08:00:00+00:00,14.130000114440918,14.199999809265137,14.130000114440918,14.199999809265137
2026-09-04 09:00:00+00:00,14.170000076293945,14.25,14.15999984741211,14.229999542236328
2026-09-04 10:00:00+00:00,14.25,14.25,14.140000343322754,14.15999984741211
2026-09-04 11:00:00+00:00,14.1899995803833,14.199999809265137,14.079999923706055,14.119999885559082
2026-09-04 12:00:00+00:00,14.130000114440918,14.329999923706055,13.800000190734863,14.15999984741211
2026-09-04 13:00:00+00:00,13.800000190734863,14.329999923706055,13.800000190734863,14.039999961853027
2026-09-04 14:00:00+00:00,14.079999923706055,14.319999694824219,14.029999732971191,14.319999694824219
2026-09-04 15:00:00+00:00,14.069999694824219,14.359999656677246,14.069999694824219,14.079999923706055
2026-09-04 16:00:00+00:00,14.180000305175781,14.239999771118164,13.930000305175781,14.079999923706055
2026-09-04 17:00:00+00:00,14.020000457763672,14.260000228881836,13.930000305175781,14.199999809265137
2026-09-04 18:00:00+00:00,14.130000114440918,14.260000228881836,14.0,14.010000228881836
2026-09-04 19:00:00+00:00,14.020000457763672,14.5,14.0,14.489999771118164
2026-09-04 20:00:00+00:00,14.5,14.579999923706055,14.5,14.520000457763672
2026-09-07 07:00:00+00:00,15.020000457763672,15.09000015258789,14.989999771118164,15.010000228881836
2026-09-07 08:00:00+00:00,15.050000190734863,15.09000015258789,14.989999771118164,15.029999732971191
2026-09-07 09:00:00+00:00,15.020000457763672,15.069999694824219,15.010000228881836,15.0600004196167
2026-09-07 10:00:00+00:00,15.0600004196167,15.130000114440918,15.020000457763672,15.130000114440918
2026-09-07 11:00:00+00:00,15.039999961853027,15.260000228881836,15.029999732971191,15.260000228881836
2026-09-07 12:00:00+00:00,15.220000267028809,15.270000457763672,15.149999618530273,15.180000305175781
2026-09-07 13:00:00+00:00,15.260000228881836,15.260000228881836,15.069999694824219,15.130000114440918
2026-09-07 14:00:00+00:00,15.09000015258789,15.260000228881836,15.069999694824219,15.260000228881836
2026-09-07 15:00:00+00:00,15.210000038146973,15.319999694824219,15.1899995803833,15.300000190734863
2026-09-08 07:00:00+00:00,15.5600004196167,15.819999694824219,15.550000190734863,15.800000190734863
2026-09-08 08:00:00+00:00,15.579999923706055,15.9399995803833,15.579999923706055,15.90999984741211
2026-09-08 09:00:00+00:00,15.84000015258789,15.9399995803833,15.510000228881836,15.510000228881836
2026-09-08 10:00:00+00:00,15.720000267028809,15.800000190734863,15.5,15.789999961853027
2026-09-08 11:00:00+00:00,15.619999885559082,15.869999885559082,15.609999656677246,15.649999618530273
2026-09-08 12:00:00+00:00,15.75,15.770000457763672,15.420000076293945,15.420000076293945
2026-09-08 13:00:00+00:00,15.619999885559082,15.729999542236328,15.300000190734863,15.539999961853027
2026-09-08 14:00:00+00:00,15.300000190734863,15.760000228881836,15.300000190734863,15.430000305175781
2026-09-08 15:00:00+00:00,15.539999961853027,15.550000190734863,15.289999961853027,15.329999923706055
2026-09-08 16:00:00+00:00,15.40999984741211,15.420000076293945,15.220000267028809,15.3100004196167
2026-09-08 17:00:00+00:00,15.289999961853027,15.350000381469727,15.220000267028809,15.279999732971191
2026-09-08 18:00:00+00:00,15.300000190734863,15.609999656677246,15.25,15.520000457763672
2026-09-08 19:00:00+00:00,15.289999961853027,15.710000038146973,15.289999961853027,15.630000114440918
2026-09-08 20:00:00+00:00,15.609999656677246,15.779999732971191,15.600000381469727,15.729999542236328
2026-09-09 07:00:00+00:00,15.649999618530273,15.710000038146973,15.569999694824219,15.670000076293945
2026-09-09 08:00:00+00:00,15.569999694824219,15.869999885559082,15.569999694824219,15.829999923706055
2026-09-09 09:00:00+00:00,15.75,16.239999771118164,15.739999771118164,16.209999084472656
2026-09-09 10:00:00+00:00,15.880000114440918,16.520000457763672,15.84000015258789,16.489999771118164
2026-09-09 11:00:00+00:00,16.139999389648438,16.549999237060547,16.139999389648438,16.3700008392334
2026-09-09 12:00:00+00:00,16.309999465942383,16.559999465942383,16.15999984741211,16.239999771118164
2026-09-09 13:00:00+00:00,16.510000228881836,16.520000457763672,16.06999969482422,16.06999969482422
2026-09-09 14:00:00+00:00,16.149999618530273,16.270000457763672,15.960000038146973,16.059999465942383
2026-09-09 15:00:00+00:00,16.010000228881836,16.68000030517578,15.979999542236328,16.34000015258789
2026-09-09 16:00:00+00:00,16.540000915527344,16.600000381469727,16.239999771118164,16.299999237060547
2026-09-09 17:00:00+00:00,16.520000457763672,16.520000457763672,16.149999618530273,16.18000030517578
2026-09-09 18:00:00+00:00,16.270000457763672,16.360000610351562,16.149999618530273,16.200000762939453
2026-09-09 19:00:00+00:00,16.209999084472656,16.479999542236328,16.149999618530273,16.450000762939453
2026-09-09 20:00:00+00:00,16.420000076293945,16.559999465942383,16.420000076293945,16.459999084472656
2026-09-10 07:00:00+00:00,16.309999465942383,16.43000030517578,16.290000915527344,16.350000381469727
2026-09-10 08:00:00+00:00,16.3700008392334,16.520000457763672,16.31999969482422,16.469999313354492
2026-09-10 09:00:00+00:00,16.3700008392334,16.59000015258789,16.3700008392334,16.489999771118164
2026-09-10 10:00:00+00:00,16.489999771118164,16.600000381469727,16.450000762939453,16.56999969482422
2026-09-10 11:00:00+00:00,16.520000457763672,16.920000076293945,16.479999542236328,16.920000076293945
2026-09-10 12:00:00+00:00,16.690000534057617,17.770000457763672,16.59000015258789,17.760000228881836
2026-09-10 13:00:00+00:00,17.059999465942383,18.049999237060547,17.059999465942383,18.049999237060547
2026-09-10 14:00:00+00:00,17.690000534057617,18.049999237060547,17.200000762939453,17.270000457763672
2026-09-10 15:00:00+00:00,17.43000030517578,17.6200008392334,17.110000610351562,17.520000457763672
2026-09-10 16:00:00+00:00,17.270000457763672,17.790000915527344,17.110000610351562,17.239999771118164
2026-09-10 17:00:00+00:00,17.68000030517578,17.790000915527344,17.170000076293945,17.479999542236328
2026-09-10 18:00:00+00:00,17.43000030517578,17.889999389648438,17.399999618530273,17.799999237060547
2026-09-10 19:00:00+00:00,17.760000228881836,18.170000076293945,17.6299991607666,18.010000228881836
2026-09-10 20:00:00+00:00,18.0,18.079999923706055,17.84000015258789,17.84000015258789
2026-09-11 07:00:00+00:00,17.510000228881836,17.709999084472656,17.5,17.68000030517578
2026-09-11 08:00:00+00:00,17.56999969482422,17.709999084472656,17.200000762939453,17.200000762939453
2026-09-11 09:00:00+00:00,17.530000686645508,17.530000686645508,17.1200008392334,17.15999984741211
2026-09-11 10:00:00+00:00,17.260000228881836,17.260000228881836,17.06999969482422,17.239999771118164
2026-09-11 11:00:00+00:00,17.18000030517578,17.260000228881836,17.059999465942383,17.09000015258789
2026-09-11 12:00:00+00:00,17.09000015258789,17.18000030517578,15.949999809265137,15.949999809265137
2026-09-11 13:00:00+00:00,16.489999771118164,17.170000076293945,15.729999542236328,15.880000114440918
2026-09-11 14:00:00+00:00,16.1200008392334,16.200000762939453,15.680000305175781,16.100000381469727
2026-09-11 15:00:00+00:00,15.710000038146973,16.200000762939453,15.699999809265137,15.729999542236328
2026-09-11 16:00:00+00:00,15.779999732971191,15.869999885559082,15.670000076293945,15.729999542236328
2026-09-11 17:00:00+00:00,15.869999885559082,15.869999885559082,15.609999656677246,15.630000114440918
2026-09-11 18:00:00+00:00,15.670000076293945,15.829999923706055,15.59000015258789,15.829999923706055
2026-09-11 19:00:00+00:00,15.65999984741211,15.930000305175781,15.630000114440918,15.899999618530273
2026-09-11 20:00:00+00:00,15.829999923706055,15.890000343322754,15.829999923706055,15.84000015258789
2026-09-14 07:00:00+00:00,17.5,17.809999465942383,17.479999542236328,17.739999771118164
2026-09-14 08:00:00+00:00,17.59000015258789,18.0,17.559999465942383,17.90999984741211
2026-09-14 09:00:00+00:00,17.860000610351562,18.170000076293945,17.760000228881836,18.079999923706055
2026-09-14 10:00:00+00:00,18.049999237060547,18.139999389648438,17.600000381469727,17.610000610351562
2026-09-14 11:00:00+00:00,17.850000381469727,17.850000381469727,17.459999084472656,17.59000015258789
2026-09-14 12:00:00+00:00,17.459999084472656,17.90999984741211,17.459999084472656,17.719999313354492
2026-09-14 13:00:00+00:00,17.579999923706055,17.940000534057617,17.270000457763672,17.389999389648438
2026-09-14 14:00:00+00:00,17.719999313354492,17.719999313354492,17.170000076293945,17.510000228881836
2026-09-14 15:00:00+00:00,17.56999969482422,17.6299991607666,16.709999084472656,16.770000457763672
2026-09-14 16:00:00+00:00,17.170000076293945,17.18000030517578,16.579999923706055,16.670000076293945
2026-09-14 17:00:00+00:00,16.760000228881836,16.829999923706055,16.579999923706055,16.700000762939453
2026-09-14 18:00:00+00:00,16.729999542236328,16.790000915527344,16.65999984741211,16.790000915527344
2026-09-14 19:00:00+00:00,16.75,17.09000015258789,16.690000534057617,17.09000015258789
2026-09-14 20:00:00+00:00,17.09000015258789,17.139999389648438,17.06999969482422,17.100000381469727
2026-09-15 07:00:00+00:00,17.56999969482422,17.780000686645508,17.399999618530273,17.690000534057617
2026-09-15 08:00:00+00:00,17.479999542236328,18.030000686645508,17.459999084472656,17.81999969482422
2026-09-15 09:00:00+00:00,17.809999465942383,17.950000762939453,17.5,17.520000457763672
2026-09-15 10:00:00+00:00,17.860000610351562,17.860000610351562,17.110000610351562,17.139999389648438
2026-09-15 11:00:00+00:00,17.399999618530273,17.420000076293945,17.020000457763672,17.040000915527344
2026-09-15 12:00:00+00:00,17.06999969482422,17.1200008392334,16.790000915527344,16.889999389648438
2026-09-15 13:00:00+00:00,17.040000915527344,17.170000076293945,16.790000915527344,16.959999084472656
2026-09-15 14:00:00+00:00,16.989999771118164,17.84000015258789,16.889999389648438,17.799999237060547
2026-09-15 15:00:00+00:00,17.459999084472656,17.84000015258789,17.450000762939453,17.579999923706055
2026-09-15 16:00:00+00:00,17.639999389648438,17.75,17.450000762939453,17.5
2026-09-15 17:00:00+00:00,17.540000915527344,17.700000762939453,17.450000762939453,17.559999465942383
2026-09-15 18:00:00+00:00,17.65999984741211,17.65999984741211,17.389999389648438,17.440000534057617
2026-09-15 19:00:00+00:00,17.43000030517578,17.579999923706055,17.360000610351562,17.3799991607666
2026-09-15 20:00:00+00:00,17.360000610351562,17.360000610351562,17.200000762939453,17.209999084472656
2026-09-16 07:00:00+00:00,16.90999984741211,16.989999771118164,16.899999618530273,16.979999542236328
2026-09-16 08:00:00+00:00,16.93000030517578,17.149999618530273,16.899999618530273,17.0
2026-09-16 09:00:00+00:00,17.010000228881836,17.1299991607666,16.959999084472656,16.969999313354492
2026-09-16 10:00:00+00:00,17.079999923706055,17.09000015258789,16.959999084472656,16.979999542236328
2026-09-16 11:00:00+00:00,16.979999542236328,16.989999771118164,16.75,16.770000457763672
2026-09-16 12:00:00+00:00,16.889999389648438,16.899999618530273,16.559999465942383,16.739999771118164
2026-09-16 13:00:00+00:00,16.700000762939453,16.989999771118164,16.559999465942383,16.729999542236328
2026-09-16 14:00:00+00:00,16.809999465942383,16.989999771118164,16.700000762939453,16.760000228881836
2026-09-16 15:00:00+00:00,16.950000762939453,16.959999084472656,16.549999237060547,16.729999542236328
2026-09-16 16:00:00+00:00,16.719999313354492,16.8799991607666,16.549999237060547,16.790000915527344
2026-09-16 17:00:00+00:00,16.850000381469727,16.889999389648438,16.75,16.860000610351562
2026-09-16 18:00:00+00:00,16.799999237060547,17.780000686645508,16.399999618530273,17.729999542236328
2026-09-16 19:00:00+00:00,16.81999969482422,18.940000534057617,16.559999465942383,17.530000686645508
2026-09-16 20:00:00+00:00,17.56999969482422,17.719999313354492,17.559999465942383,17.709999084472656
2026-09-17 07:00:00+00:00,16.030000686645508,16.110000610351562,15.90999984741211,16.100000381469727
2026-09-17 08:00:00+00:00,15.930000305175781,16.290000915527344,15.90999984741211,16.059999465942383
2026-09-17 09:00:00+00:00,16.18000030517578,16.200000762939453,15.970000267028809,16.06999969482422
2026-09-17 10:00:00+00:00,16.06999969482422,16.110000610351562,15.930000305175781,15.930000305175781
2026-09-17 11:00:00+00:00,15.970000267028809,16.020000457763672,15.789999961853027,15.789999961853027
2026-09-17 12:00:00+00:00,15.9399995803833,16.0,15.430000305175781,15.449999809265137
2026-09-17 13:00:00+00:00,15.539999961853027,15.829999923706055,15.380000114440918,15.75
2026-09-17 14:00:00+00:00,15.399999618530273,16.020000457763672,15.380000114440918,15.880000114440918
2026-09-17 15:00:00+00:00,15.720000267028809,15.9399995803833,15.649999618530273,15.65999984741211
2026-09-17 16:00:00+00:00,15.800000190734863,15.800000190734863,15.539999961853027,15.630000114440918
2026-09-17 17:00:00+00:00,15.609999656677246,15.739999771118164,15.539999961853027,15.5600004196167
2026-09-17 18:00:00+00:00,15.65999984741211,15.65999984741211,15.520000457763672,15.579999923706055
2026-09-17 19:00:00+00:00,15.529999732971191,15.600000381469727,15.40999984741211,15.430000305175781
2026-09-17 20:00:00+00:00,15.449999809265137,15.460000038146973,15.399999618530273,15.4399995803833
2026-09-18 07:00:00+00:00,15.069999694824219,15.119999885559082,14.989999771118164,15.119999885559082
2026-09-18 08:00:00+00:00,15.010000228881836,15.289999961853027,14.989999771118164,15.220000267028809
2026-09-18 09:00:00+00:00,15.279999732971191,15.350000381469727,15.170000076293945,15.350000381469727
2026-09-18 10:00:00+00:00,15.229999542236328,15.369999885559082,15.229999542236328,15.300000190734863
2026-09-18 11:00:00+00:00,15.359999656677246,15.4399995803833,15.25,15.399999618530273
2026-09-18 12:00:00+00:00,15.430000305175781,15.609999656677246,15.319999694824219,15.529999732971191
2026-09-18 13:00:00+00:00,15.579999923706055,15.59000015258789,15.1899995803833,15.380000114440918
2026-09-18 14:00:00+00:00,15.260000228881836,15.569999694824219,15.1899995803833,15.289999961853027
2026-09-18 15:00:00+00:00,15.449999809265137,15.489999771118164,15.199999809265137,15.430000305175781
2026-09-18 16:00:00+00:00,15.210000038146973,15.630000114440918,15.210000038146973,15.40999984741211
2026-09-18 17:00:00+00:00,15.470000267028809,15.510000228881836,15.239999771118164,15.239999771118164
2026-09-18 18:00:00+00:00,15.380000114440918,15.390000343322754,14.930000305175781,14.989999771118164
2026-09-18 19:00:00+00:00,15.130000114440918,15.149999618530273,14.8100004196167,14.890000343322754
2026-09-18 20:00:00+00:00,14.899999618530273,14.899999618530273,14.800000190734863,14.8100004196167
2026-09-21 07:00:00+00:00,14.960000038146973,14.989999771118164,14.920000076293945,14.9399995803833
2026-09-21 08:00:00+00:00,14.960000038146973,14.989999771118164,14.899999618530273,14.970000267028809
2026-09-21 09:00:00+00:00,14.949999809265137,14.989999771118164,14.899999618530273,14.920000076293945
2026-09-21 10:00:00+00:00,14.970000267028809,14.979999542236328,14.850000381469727,14.890000343322754
2026-09-21 11:00:00+00:00,14.880000114440918,14.899999618530273,14.779999732971191,14.8100004196167
2026-09-21 12:00:00+00:00,14.869999885559082,14.880000114440918,14.760000228881836,14.880000114440918
2026-09-21 13:00:00+00:00,14.880000114440918,14.930000305175781,14.8100004196167,14.869999885559082
2026-09-21 14:00:00+00:00,14.84000015258789,14.930000305175781,14.600000381469727,14.600000381469727
2026-09-21 15:00:00+00:00,14.8100004196167,14.970000267028809,14.600000381469727,14.880000114440918
2026-09-21 16:00:00+00:00,14.789999961853027,15.130000114440918,14.770000457763672,15.010000228881836
2026-09-21 17:00:00+00:00,15.020000457763672,15.130000114440918,14.949999809265137,15.0600004196167
2026-09-21 18:00:00+00:00,15.010000228881836,15.069999694824219,14.989999771118164,15.020000457763672
2026-09-21 19:00:00+00:00,15.039999961853027,15.050000190734863,14.770000457763672,14.789999961853027
2026-09-21 20:00:00+00:00,14.800000190734863,14.869999885559082,14.779999732971191,14.859999656677246
2026-09-22 07:00:00+00:00,14.640000343322754,14.8100004196167,14.640000343322754,14.800000190734863
2026-09-22 08:00:00+00:00,14.670000076293945,14.949999809265137,14.670000076293945,14.859999656677246
2026-09-22 09:00:00+00:00,14.930000305175781,14.949999809265137,14.760000228881836,14.800000190734863
2026-09-22 10:00:00+00:00,14.890000343322754,14.890000343322754,14.760000228881836,14.8100004196167
2026-09-22 11:00:00+00:00,14.84000015258789,14.850000381469727,14.680000305175781,14.699999809265137
2026-09-22 12:00:00+00:00,14.739999771118164,14.739999771118164,14.630000114440918,14.649999618530273
2026-09-22 13:00:00+00:00,14.649999618530273,14.729999542236328,14.609999656677246,14.619999885559082
2026-09-22 14:00:00+00:00,14.649999618530273,14.729999542236328,14.380000114440918,14.40999984741211
2026-09-22 15:00:00+00:00,14.449999809265137,14.489999771118164,14.289999961853027,14.369999885559082
2026-09-22 16:00:00+00:00,14.300000190734863,14.399999618530273,14.220000267028809,14.279999732971191
2026-09-22 17:00:00+00:00,14.260000228881836,14.300000190734863,14.1899995803833,14.270000457763672
2026-09-22 18:00:00+00:00,14.279999732971191,14.300000190734863,14.1899995803833,14.229999542236328
2026-09-22 19:00:00+00:00,14.279999732971191,14.3100004196167,14.1899995803833,14.279999732971191
2026-09-22 20:00:00+00:00,14.289999961853027,14.289999961853027,14.199999809265137,14.210000038146973
2026-09-23 07:00:00+00:00,14.15999984741211,14.199999809265137,14.149999618530273,14.170000076293945
2026-09-23 08:00:00+00:00,14.170000076293945,14.1899995803833,14.119999885559082,14.140000343322754
2026-09-23 09:00:00+00:00,14.15999984741211,14.1899995803833,14.119999885559082,14.180000305175781
2026-09-23 10:00:00+00:00,14.140000343322754,14.1899995803833,14.140000343322754,14.170000076293945
2026-09-23 11:00:00+00:00,14.180000305175781,14.380000114440918,14.149999618530273,14.289999961853027
2026-09-23 12:00:00+00:00,14.25,14.380000114440918,14.25,14.289999961853027
2026-09-23 13:00:00+00:00,14.300000190734863,14.420000076293945,14.170000076293945,14.420000076293945
2026-09-23 14:00:00+00:00,14.210000038146973,14.859999656677246,14.170000076293945,14.489999771118164
2026-09-23 15:00:00+00:00,14.760000228881836,14.850000381469727,14.430000305175781,14.779999732971191
2026-09-23 16:00:00+00:00,14.710000038146973,15.1899995803833,14.680000305175781,15.109999656677246
2026-09-23 17:00:00+00:00,14.829999923706055,15.449999809265137,14.789999961853027,15.010000228881836
2026-09-23 18:00:00+00:00,15.34000015258789,15.399999618530273,14.920000076293945,14.960000038146973
2026-09-23 19:00:00+00:00,14.949999809265137,15.380000114440918,14.930000305175781,15.220000267028809
2026-09-23 20:00:00+00:00,15.199999809265137,15.210000038146973,15.15999984741211,15.170000076293945
2026-09-24 07:00:00+00:00,15.829999923706055,15.979999542236328,15.770000457763672,15.979999542236328
2026-09-24 08:00:00+00:00,15.819999694824219,16.360000610351562,15.770000457763672,16.290000915527344
2026-09-24 09:00:00+00:00,16.329999923706055,16.56999969482422,16.1299991607666,16.350000381469727
2026-09-24 10:00:00+00:00,16.270000457763672,16.56999969482422,16.049999237060547,16.09000015258789
2026-09-24 11:00:00+00:00,16.389999389648438,16.389999389648438,16.020000457763672,16.030000686645508
2026-09-24 12:00:00+00:00,16.079999923706055,16.219999313354492,15.930000305175781,15.970000267028809
2026-09-24 13:00:00+00:00,15.989999771118164,16.100000381469727,15.670000076293945,15.6899995803833
2026-09-24 14:00:00+00:00,15.869999885559082,16.010000228881836,15.550000190734863,15.989999771118164
2026-09-24 15:00:00+00:00,15.630000114440918,16.31999969482422,15.630000114440918,16.020000457763672
2026-09-24 16:00:00+00:00,16.149999618530273,16.31999969482422,15.34000015258789,15.40999984741211
2026-09-24 17:00:00+00:00,15.649999618530273,15.84000015258789,15.34000015258789,15.720000267028809
2026-09-24 18:00:00+00:00,15.680000305175781,15.960000038146973,15.460000038146973,15.489999771118164
2026-09-24 19:00:00+00:00,15.579999923706055,15.65999984741211,15.430000305175781,15.550000190734863
2026-09-24 20:00:00+00:00,15.579999923706055,15.670000076293945,15.579999923706055,15.670000076293945
2026-09-25 07:00:00+00:00,15.609999656677246,15.630000114440918,15.539999961853027,15.59000015258789
2026-09-25 08:00:00+00:00,15.5600004196167,15.640000343322754,15.329999923706055,15.350000381469727
2026-09-25 09:00:00+00:00,15.470000267028809,15.470000267028809,15.289999961853027,15.34000015258789
2026-09-25 10:00:00+00:00,15.380000114440918,15.399999618530273,15.300000190734863,15.3100004196167
2026-09-25 11:00:00+00:00,15.319999694824219,15.359999656677246,15.020000457763672,15.050000190734863
2026-09-25 12:00:00+00:00,15.079999923706055,15.239999771118164,15.020000457763672,15.210000038146973
2026-09-25 13:00:00+00:00,15.100000381469727,15.319999694824219,15.079999923706055,15.15999984741211
2026-09-25 14:00:00+00:00,15.319999694824219,15.9399995803833,15.079999923706055,15.420000076293945
2026-09-25 15:00:00+00:00,15.6899995803833,15.729999542236328,15.140000343322754,15.140000343322754
2026-09-25 16:00:00+00:00,15.369999885559082,15.529999732971191,14.859999656677246,15.039999961853027
2026-09-25 17:00:00+00:00,14.970000267028809,15.079999923706055,14.859999656677246,14.989999771118164
2026-09-25 18:00:00+00:00,14.979999542236328,15.079999923706055,14.920000076293945,14.920000076293945
2026-09-25 19:00:00+00:00,15.039999961853027,15.039999961853027,14.680000305175781,14.84000015258789
2026-09-25 20:00:00+00:00,14.84000015258789,14.90999984741211,14.829999923706055,14.869999885559082
2026-09-28 07:00:00+00:00,16.15999984741211,16.229999542236328,16.1299991607666,16.15999984741211
2026-09-28 08:00:00+00:00,16.170000076293945,16.260000228881836,16.100000381469727,16.239999771118164
2026-09-28 09:00:00+00:00,16.239999771118164,16.389999389648438,16.200000762939453,16.309999465942383
2026-09-28 10:00:00+00:00,16.309999465942383,16.43000030517578,16.290000915527344,16.350000381469727
2026-09-28 11:00:00+00:00,16.3700008392334,16.3700008392334,16.239999771118164,16.290000915527344
2026-09-28 12:00:00+00:00,16.290000915527344,16.360000610351562,15.979999542236328,15.989999771118164
2026-09-28 13:00:00+00:00,15.989999771118164,16.229999542236328,15.829999923706055,15.829999923706055
2026-09-28 14:00:00+00:00,15.8100004196167,16.6200008392334,15.779999732971191,16.510000228881836
2026-09-28 15:00:00+00:00,16.510000228881836,16.510000228881836,16.18000030517578,16.219999313354492
2026-09-28 16:00:00+00:00,16.219999313354492,16.270000457763672,15.680000305175781,15.9399995803833
2026-09-28 17:00:00+00:00,15.930000305175781,16.040000915527344,15.729999542236328,15.90999984741211
2026-09-28 18:00:00+00:00,15.90999984741211,16.020000457763672,15.819999694824219,15.899999618530273
2026-09-28 19:00:00+00:00,15.899999618530273,16.18000030517578,15.899999618530273,16.100000381469727
