timestamp,close
2003-12-05 00:00:00+00:00,101.8499984741211
2003-12-08 00:00:00+00:00,101.76000213623047
2003-12-09 00:00:00+00:00,101.5
2003-12-10 00:00:00+00:00,101.7699966430664
2003-12-11 00:00:00+00:00,102.16999816894531
2003-12-12 00:00:00+00:00,102.08999633789062
2003-12-15 00:00:00+00:00,101.87000274658203
2003-12-16 00:00:00+00:00,101.76000213623047
2003-12-17 00:00:00+00:00,101.7300033569336
2003-12-18 00:00:00+00:00,102.16999816894531
2003-12-19 00:00:00+00:00,102.12000274658203
2003-12-22 00:00:00+00:00,102.01000213623047
2003-12-23 00:00:00+00:00,101.5
2003-12-24 00:00:00+00:00,102.06999969482422
2003-12-26 00:00:00+00:00,102.25
2003-12-29 00:00:00+00:00,101.94999694824219
2003-12-30 00:00:00+00:00,101.68000030517578
2003-12-31 00:00:00+00:00,101.70999908447266
2004-01-02 00:00:00+00:00,101.48999786376953
2004-01-05 00:00:00+00:00,101.3499984741211
2004-01-06 00:00:00+00:00,102.0
2004-01-07 00:00:00+00:00,102.08000183105469
2004-01-08 00:00:00+00:00,101.69000244140625
2004-01-09 00:00:00+00:00,102.45999908447266
2004-01-12 00:00:00+00:00,102.37999725341797
2004-01-13 00:00:00+00:00,102.87999725341797
2004-01-14 00:00:00+00:00,102.9000015258789
2004-01-15 00:00:00+00:00,103.02999877929688
2004-01-16 00:00:00+00:00,103.08000183105469
2004-01-20 00:00:00+00:00,102.98999786376953
2004-01-21 00:00:00+00:00,103.41000366210938
2004-01-22 00:00:00+00:00,103.58000183105469
2004-01-23 00:00:00+00:00,102.8499984741211
2004-01-26 00:00:00+00:00,102.47000122070312
2004-01-27 00:00:00+00:00,102.87999725341797
2004-01-28 00:00:00+00:00,102.45999908447266
2004-01-29 00:00:00+00:00,102.41000366210938
2004-01-30 00:00:00+00:00,102.94999694824219
2004-02-02 00:00:00+00:00,103.12999725341797
2004-02-03 00:00:00+00:00,103.31999969482422
2004-02-04 00:00:00+00:00,103.31999969482422
2004-02-05 00:00:00+00:00,103.01000213623047
2004-02-06 00:00:00+00:00,103.43000030517578
2004-02-09 00:00:00+00:00,103.63999938964844
2004-02-10 00:00:00+00:00,103.36000061035156
2004-02-11 00:00:00+00:00,103.77999877929688
2004-02-12 00:00:00+00:00,103.48999786376953
2004-02-13 00:00:00+00:00,104.29000091552734
2004-02-17 00:00:00+00:00,103.77999877929688
2004-02-18 00:00:00+00:00,103.80000305175781
2004-02-19 00:00:00+00:00,103.83999633789062
2004-02-20 00:00:00+00:00,103.55000305175781
2004-02-23 00:00:00+00:00,103.87999725341797
2004-02-24 00:00:00+00:00,104.0999984741211
2004-02-25 00:00:00+00:00,104.37000274658203
2004-02-26 00:00:00+00:00,104.55999755859375
2004-02-27 00:00:00+00:00,105.16000366210938
2004-03-01 00:00:00+00:00,105.7699966430664
2004-03-02 00:00:00+00:00,105.43000030517578
2004-03-03 00:00:00+00:00,105.3499984741211
2004-03-04 00:00:00+00:00,105.37999725341797
2004-03-05 00:00:00+00:00,106.37999725341797
2004-03-08 00:00:00+00:00,106.73999786376953
2004-03-09 00:00:00+00:00,107.08000183105469
2004-03-10 00:00:00+00:00,106.73999786376953
2004-03-11 00:00:00+00:00,106.47000122070312
2004-03-12 00:00:00+00:00,106.30000305175781
2004-03-15 00:00:00+00:00,106.55000305175781
2004-03-16 00:00:00+00:00,107.1500015258789
2004-03-17 00:00:00+00:00,107.58999633789062
2004-03-18 00:00:00+00:00,107.41000366210938
2004-03-19 00:00:00+00:00,106.83999633789062
2004-03-22 00:00:00+00:00,107.0999984741211
2004-03-23 00:00:00+00:00,107.26000213623047
2004-03-24 00:00:00+00:00,107.54000091552734
2004-03-25 00:00:00+00:00,107.38999938964844
2004-03-26 00:00:00+00:00,106.93000030517578
2004-03-29 00:00:00+00:00,106.58000183105469
2004-03-30 00:00:00+00:00,106.62999725341797
2004-03-31 00:00:00+00:00,106.91000366210938
2004-04-01 00:00:00+00:00,106.3499984741211
2004-04-02 00:00:00+00:00,104.80000305175781
2004-04-05 00:00:00+00:00,104.22000122070312
2004-04-06 00:00:00+00:00,104.37999725341797
2004-04-07 00:00:00+00:00,103.76000213623047
2004-04-08 00:00:00+00:00,103.83999633789062
2004-04-12 00:00:00+00:00,103.83999633789062
2004-04-13 00:00:00+00:00,103.30000305175781
2004-04-14 00:00:00+00:00,103.02999877929688
2004-04-15 00:00:00+00:00,102.80000305175781
2004-04-16 00:00:00+00:00,103.43000030517578
2004-04-19 00:00:00+00:00,103.43000030517578
2004-04-20 00:00:00+00:00,102.62999725341797
2004-04-21 00:00:00+00:00,102.62999725341797
2004-04-22 00:00:00+00:00,102.5
2004-04-23 00:00:00+00:00,101.45999908447266
2004-04-26 00:00:00+00:00,101.94999694824219
2004-04-27 00:00:00+00:00,102.30999755859375
2004-04-28 00:00:00+00:00,101.44000244140625
2004-04-29 00:00:00+00:00,100.9000015258789
2004-04-30 00:00:00+00:00,101.26000213623047
2004-05-03 00:00:00+00:00,100.75
2004-05-04 00:00:00+00:00,100.80000305175781
2004-05-05 00:00:00+00:00,100.76000213623047
2004-05-06 00:00:00+00:00,100.4000015258789
2004-05-07 00:00:00+00:00,99.8499984741211
2004-05-10 00:00:00+00:00,99.77999877929688
2004-05-11 00:00:00+00:00,100.22000122070312
2004-05-12 00:00:00+00:00,100.36000061035156
2004-05-13 00:00:00+00:00,100.58000183105469
2004-05-14 00:00:00+00:00,100.83000183105469
2004-05-17 00:00:00+00:00,101.58999633789062
2004-05-18 00:00:00+00:00,101.76000213623047
2004-05-19 00:00:00+00:00,101.94999694824219
2004-05-20 00:00:00+00:00,102.44000244140625
2004-05-21 00:00:00+00:00,101.87999725341797
2004-05-24 00:00:00+00:00,102.25
2004-05-25 00:00:00+00:00,102.13999938964844
2004-05-26 00:00:00+00:00,102.52999877929688
2004-05-27 00:00:00+00:00,102.8499984741211
2004-05-28 00:00:00+00:00,102.75
2004-06-01 00:00:00+00:00,102.16999816894531
2004-06-02 00:00:00+00:00,101.6500015258789
2004-06-03 00:00:00+00:00,101.38999938964844
2004-06-04 00:00:00+00:00,101.1500015258789
2004-06-07 00:00:00+00:00,101.23999786376953
2004-06-08 00:00:00+00:00,100.79000091552734
2004-06-09 00:00:00+00:00,100.5
2004-06-10 00:00:00+00:00,100.61000061035156
2004-06-14 00:00:00+00:00,100.16999816894531
2004-06-15 00:00:00+00:00,101.02999877929688
2004-06-16 00:00:00+00:00,100.95999908447266
2004-06-17 00:00:00+00:00,101.1500015258789
2004-06-18 00:00:00+00:00,101.30000305175781
2004-06-21 00:00:00+00:00,101.44000244140625
2004-06-22 00:00:00+00:00,101.26000213623047
2004-06-23 00:00:00+00:00,101.30000305175781
2004-06-24 00:00:00+00:00,101.4000015258789
2004-06-25 00:00:00+00:00,101.33999633789062
2004-06-28 00:00:00+00:00,100.63999938964844
2004-06-29 00:00:00+00:00,101.0199966430664
2004-06-30 00:00:00+00:00,101.91999816894531
2004-07-01 00:00:00+00:00,102.0
2004-07-02 00:00:00+00:00,102.91999816894531
2004-07-06 00:00:00+00:00,102.6500015258789
2004-07-07 00:00:00+00:00,102.44999694824219
2004-07-08 00:00:00+00:00,102.5
2004-07-09 00:00:00+00:00,102.41000366210938
2004-07-12 00:00:00+00:00,102.29000091552734
2004-07-13 00:00:00+00:00,102.13999938964844
2004-07-14 00:00:00+00:00,102.13999938964844
2004-07-15 00:00:00+00:00,102.3499984741211
2004-07-16 00:00:00+00:00,102.8499984741211
2004-07-19 00:00:00+00:00,102.80000305175781
2004-07-20 00:00:00+00:00,102.05999755859375
2004-07-21 00:00:00+00:00,102.18000030517578
2004-07-22 00:00:00+00:00,102.25
2004-07-23 00:00:00+00:00,102.4800033569336
2004-07-26 00:00:00+00:00,102.13999938964844
2004-07-27 00:00:00+00:00,101.18000030517578
2004-07-28 00:00:00+00:00,101.48999786376953
2004-07-29 00:00:00+00:00,101.7699966430664
2004-07-30 00:00:00+00:00,102.33000183105469
2004-08-02 00:00:00+00:00,101.9000015258789
2004-08-03 00:00:00+00:00,102.11000061035156
2004-08-04 00:00:00+00:00,102.05000305175781
2004-08-05 00:00:00+00:00,102.36000061035156
2004-08-06 00:00:00+00:00,103.44999694824219
2004-08-09 00:00:00+00:00,103.38999938964844
2004-08-10 00:00:00+00:00,102.98999786376953
2004-08-11 00:00:00+00:00,103.4000015258789
2004-08-12 00:00:00+00:00,103.98999786376953
2004-08-13 00:00:00+00:00,104.38999938964844
2004-08-16 00:00:00+00:00,103.87000274658203
2004-08-17 00:00:00+00:00,103.9800033569336
2004-08-18 00:00:00+00:00,103.56999969482422
2004-08-19 00:00:00+00:00,104.19999694824219
2004-08-20 00:00:00+00:00,104.08000183105469
2004-08-23 00:00:00+00:00,103.62000274658203
2004-08-24 00:00:00+00:00,103.43000030517578
2004-08-25 00:00:00+00:00,103.44000244140625
2004-08-26 00:00:00+00:00,103.61000061035156
2004-08-27 00:00:00+00:00,103.66000366210938
2004-08-30 00:00:00+00:00,103.91999816894531
2004-08-31 00:00:00+00:00,104.52999877929688
2004-09-01 00:00:00+00:00,104.12000274658203
2004-09-02 00:00:00+00:00,103.62000274658203
2004-09-03 00:00:00+00:00,103.44999694824219
2004-09-07 00:00:00+00:00,103.16999816894531
2004-09-08 00:00:00+00:00,103.66999816894531
2004-09-09 00:00:00+00:00,103.47000122070312
2004-09-10 00:00:00+00:00,103.48999786376953
2004-09-13 00:00:00+00:00,103.75
2004-09-14 00:00:00+00:00,103.7699966430664
2004-09-15 00:00:00+00:00,103.4000015258789
2004-09-16 00:00:00+00:00,103.69999694824219
2004-09-17 00:00:00+00:00,103.4800033569336
2004-09-20 00:00:00+00:00,103.8499984741211
2004-09-21 00:00:00+00:00,103.77999877929688
2004-09-22 00:00:00+00:00,104.37000274658203
2004-09-23 00:00:00+00:00,104.0
2004-09-24 00:00:00+00:00,103.88999938964844
2004-09-27 00:00:00+00:00,104.4000015258789
2004-09-28 00:00:00+00:00,104.63999938964844
2004-09-29 00:00:00+00:00,104.19999694824219
2004-09-30 00:00:00+00:00,104.19000244140625
2004-10-01 00:00:00+00:00,103.69999694824219
2004-10-04 00:00:00+00:00,103.44999694824219
2004-10-05 00:00:00+00:00,103.72000122070312
2004-10-06 00:00:00+00:00,103.05000305175781
2004-10-07 00:00:00+00:00,103.19999694824219
2004-10-08 00:00:00+00:00,104.05000305175781
2004-10-11 00:00:00+00:00,104.31999969482422
2004-10-12 00:00:00+00:00,104.30000305175781
2004-10-13 00:00:00+00:00,104.5199966430664
2004-10-14 00:00:00+00:00,104.72000122070312
2004-10-15 00:00:00+00:00,104.72000122070312
2004-10-18 00:00:00+00:00,104.69999694824219
2004-10-19 00:00:00+00:00,104.72000122070312
2004-10-20 00:00:00+00:00,105.18000030517578
2004-10-21 00:00:00+00:00,105.48999786376953
2004-10-22 00:00:00+00:00,105.5
2004-10-25 00:00:00+00:00,105.4800033569336
2004-10-26 00:00:00+00:00,105.41999816894531
2004-10-27 00:00:00+00:00,104.5999984741211
2004-10-28 00:00:00+00:00,105.08000183105469
2004-10-29 00:00:00+00:00,105.33000183105469
2004-11-01 00:00:00+00:00,104.79000091552734
2004-11-02 00:00:00+00:00,105.37000274658203
2004-11-03 00:00:00+00:00,105.44999694824219
2004-11-04 00:00:00+00:00,105.19999694824219
2004-11-05 00:00:00+00:00,104.70999908447266
2004-11-08 00:00:00+00:00,104.58000183105469
2004-11-09 00:00:00+00:00,104.44000244140625
2004-11-10 00:00:00+00:00,104.2699966430664
2004-11-11 00:00:00+00:00,104.52999877929688
2004-11-12 00:00:00+00:00,104.7300033569336
2004-11-15 00:00:00+00:00,105.12000274658203
2004-11-16 00:00:00+00:00,105.06999969482422
2004-11-17 00:00:00+00:00,105.44000244140625
2004-11-18 00:00:00+00:00,105.58999633789062
2004-11-19 00:00:00+00:00,105.30000305175781
2004-11-22 00:00:00+00:00,105.7699966430664
2004-11-23 00:00:00+00:00,105.56999969482422
2004-11-24 00:00:00+00:00,105.8499984741211
2004-11-26 00:00:00+00:00,105.43000030517578
2004-11-29 00:00:00+00:00,104.94999694824219
2004-11-30 00:00:00+00:00,104.81999969482422
2004-12-01 00:00:00+00:00,104.37000274658203
2004-12-02 00:00:00+00:00,104.12000274658203
2004-12-03 00:00:00+00:00,105.0
2004-12-06 00:00:00+00:00,105.25
2004-12-07 00:00:00+00:00,105.29000091552734
2004-12-08 00:00:00+00:00,106.01000213623047
2004-12-09 00:00:00+00:00,105.76000213623047
2004-12-10 00:00:00+00:00,105.5999984741211
2004-12-13 00:00:00+00:00,105.79000091552734
2004-12-14 00:00:00+00:00,106.0
2004-12-15 00:00:00+00:00,106.72000122070312
2004-12-16 00:00:00+00:00,106.05000305175781
2004-12-17 00:00:00+00:00,106.1500015258789
2004-12-20 00:00:00+00:00,106.38999938964844
2004-12-21 00:00:00+00:00,107.01000213623047
2004-12-22 00:00:00+00:00,106.55000305175781
2004-12-23 00:00:00+00:00,106.72000122070312
2004-12-27 00:00:00+00:00,106.37999725341797
2004-12-28 00:00:00+00:00,106.19000244140625
2004-12-29 00:00:00+00:00,105.93000030517578
2004-12-30 00:00:00+00:00,106.20999908447266
2004-12-31 00:00:00+00:00,105.80999755859375
2005-01-03 00:00:00+00:00,105.77999877929688
2005-01-04 00:00:00+00:00,105.05000305175781
2005-01-05 00:00:00+00:00,104.93000030517578
2005-01-06 00:00:00+00:00,105.0999984741211
2005-01-07 00:00:00+00:00,104.83000183105469
2005-01-10 00:00:00+00:00,104.9000015258789
2005-01-11 00:00:00+00:00,105.0
2005-01-12 00:00:00+00:00,105.37000274658203
2005-01-13 00:00:00+00:00,105.63999938964844
2005-01-14 00:00:00+00:00,105.6500015258789
2005-01-18 00:00:00+00:00,105.6500015258789
2005-01-19 00:00:00+00:00,105.55000305175781
2005-01-20 00:00:00+00:00,105.5999984741211
2005-01-21 00:00:00+00:00,105.75
2005-01-24 00:00:00+00:00,105.93000030517578
2005-01-25 00:00:00+00:00,105.25
2005-01-26 00:00:00+00:00,105.37999725341797
2005-01-27 00:00:00+00:00,105.3499984741211
2005-01-28 00:00:00+00:00,105.76000213623047
2005-01-31 00:00:00+00:00,105.81999969482422
2005-02-01 00:00:00+00:00,105.4800033569336
2005-02-02 00:00:00+00:00,105.30000305175781
2005-02-03 00:00:00+00:00,105.12000274658203
2005-02-04 00:00:00+00:00,105.80000305175781
2005-02-07 00:00:00+00:00,106.1500015258789
2005-02-08 00:00:00+00:00,106.66999816894531
2005-02-09 00:00:00+00:00,107.25
2005-02-10 00:00:00+00:00,106.62999725341797
2005-02-11 00:00:00+00:00,106.68000030517578
2005-02-14 00:00:00+00:00,107.08000183105469
2005-02-15 00:00:00+00:00,106.5199966430664
2005-02-16 00:00:00+00:00,106.23999786376953
2005-02-17 00:00:00+00:00,106.11000061035156
2005-02-18 00:00:00+00:00,106.0
2005-02-22 00:00:00+00:00,105.69999694824219
2005-02-23 00:00:00+00:00,105.93000030517578
2005-02-24 00:00:00+00:00,105.69999694824219
2005-02-25 00:00:00+00:00,105.6500015258789
2005-02-28 00:00:00+00:00,105.0999984741211
2005-03-01 00:00:00+00:00,105.1500015258789
2005-03-02 00:00:00+00:00,105.2699966430664
2005-03-03 00:00:00+00:00,105.41999816894531
2005-03-04 00:00:00+00:00,105.8499984741211
2005-03-07 00:00:00+00:00,106.1500015258789
2005-03-08 00:00:00+00:00,105.87000274658203
2005-03-09 00:00:00+00:00,105.16000366210938
2005-03-10 00:00:00+00:00,104.94999694824219
2005-03-11 00:00:00+00:00,104.5
2005-03-14 00:00:00+00:00,104.69999694824219
2005-03-15 00:00:00+00:00,104.55999755859375
2005-03-16 00:00:00+00:00,104.94999694824219
2005-03-17 00:00:00+00:00,105.31999969482422
2005-03-18 00:00:00+00:00,105.16000366210938
2005-03-21 00:00:00+00:00,104.97000122070312
2005-03-22 00:00:00+00:00,104.2699966430664
2005-03-23 00:00:00+00:00,103.94999694824219
2005-03-24 00:00:00+00:00,104.30000305175781
2005-03-28 00:00:00+00:00,103.86000061035156
2005-03-29 00:00:00+00:00,104.13999938964844
2005-03-30 00:00:00+00:00,104.55999755859375
2005-03-31 00:00:00+00:00,105.33000183105469
2005-04-01 00:00:00+00:00,105.16999816894531
2005-04-04 00:00:00+00:00,105.27999877929688
2005-04-05 00:00:00+00:00,105.0
2005-04-06 00:00:00+00:00,105.05999755859375
2005-04-07 00:00:00+00:00,104.6500015258789
2005-04-08 00:00:00+00:00,104.75
2005-04-11 00:00:00+00:00,105.02999877929688
2005-04-12 00:00:00+00:00,105.5999984741211
2005-04-13 00:00:00+00:00,105.5
2005-04-14 00:00:00+00:00,105.69999694824219
2005-04-15 00:00:00+00:00,106.30000305175781
2005-04-18 00:00:00+00:00,106.30000305175781
2005-04-19 00:00:00+00:00,106.9000015258789
2005-04-20 00:00:00+00:00,107.08000183105469
2005-04-21 00:00:00+00:00,106.26000213623047
2005-04-22 00:00:00+00:00,106.95999908447266
2005-04-25 00:00:00+00:00,106.80000305175781
2005-04-26 00:00:00+00:00,106.44999694824219
2005-04-27 00:00:00+00:00,106.44999694824219
2005-04-28 00:00:00+00:00,107.2699966430664
2005-04-29 00:00:00+00:00,106.9000015258789
2005-05-02 00:00:00+00:00,106.54000091552734
2005-05-03 00:00:00+00:00,106.5
2005-05-04 00:00:00+00:00,106.25
2005-05-05 00:00:00+00:00,106.36000061035156
2005-05-06 00:00:00+00:00,105.98999786376953
2005-05-09 00:00:00+00:00,106.04000091552734
2005-05-10 00:00:00+00:00,106.4000015258789
2005-05-11 00:00:00+00:00,106.51000213623047
2005-05-12 00:00:00+00:00,106.48999786376953
2005-05-13 00:00:00+00:00,106.5199966430664
2005-05-16 00:00:00+00:00,106.4800033569336
2005-05-17 00:00:00+00:00,106.70999908447266
2005-05-18 00:00:00+00:00,106.55000305175781
2005-05-19 00:00:00+00:00,106.44000244140625
2005-05-20 00:00:00+00:00,106.83000183105469
2005-05-23 00:00:00+00:00,106.95999908447266
2005-05-24 00:00:00+00:00,107.29000091552734
2005-05-25 00:00:00+00:00,106.9000015258789
2005-05-26 00:00:00+00:00,106.55000305175781
2005-05-27 00:00:00+00:00,106.81999969482422
2005-05-31 00:00:00+00:00,107.29000091552734
2005-06-01 00:00:00+00:00,107.72000122070312
2005-06-02 00:00:00+00:00,107.4000015258789
2005-06-03 00:00:00+00:00,107.05000305175781
2005-06-06 00:00:00+00:00,107.05000305175781
2005-06-07 00:00:00+00:00,107.25
2005-06-08 00:00:00+00:00,106.94999694824219
2005-06-09 00:00:00+00:00,106.87000274658203
2005-06-10 00:00:00+00:00,106.22000122070312
2005-06-13 00:00:00+00:00,105.9000015258789
2005-06-14 00:00:00+00:00,105.69000244140625
2005-06-15 00:00:00+00:00,105.72000122070312
2005-06-16 00:00:00+00:00,106.0999984741211
2005-06-17 00:00:00+00:00,106.16000366210938
2005-06-20 00:00:00+00:00,106.16999816894531
2005-06-21 00:00:00+00:00,106.30000305175781
2005-06-22 00:00:00+00:00,106.6500015258789
2005-06-23 00:00:00+00:00,106.80000305175781
2005-06-24 00:00:00+00:00,107.0
2005-06-27 00:00:00+00:00,107.30000305175781
2005-06-28 00:00:00+00:00,107.05999755859375
2005-06-29 00:00:00+00:00,106.77999877929688
2005-06-30 00:00:00+00:00,107.2300033569336
2005-07-01 00:00:00+00:00,105.83999633789062
2005-07-05 00:00:00+00:00,105.25
2005-07-06 00:00:00+00:00,105.45999908447266
2005-07-07 00:00:00+00:00,105.52999877929688
2005-07-08 00:00:00+00:00,105.04000091552734
2005-07-11 00:00:00+00:00,105.25
2005-07-12 00:00:00+00:00,105.04000091552734
2005-07-13 00:00:00+00:00,104.77999877929688
2005-07-14 00:00:00+00:00,104.11000061035156
2005-07-15 00:00:00+00:00,103.94999694824219
2005-07-18 00:00:00+00:00,103.58999633789062
2005-07-19 00:00:00+00:00,104.02999877929688
2005-07-20 00:00:00+00:00,104.33000183105469
2005-07-21 00:00:00+00:00,103.83999633789062
2005-07-22 00:00:00+00:00,104.25
2005-07-25 00:00:00+00:00,103.93000030517578
2005-07-26 00:00:00+00:00,104.02999877929688
2005-07-27 00:00:00+00:00,103.98999786376953
2005-07-28 00:00:00+00:00,104.22000122070312
2005-07-29 00:00:00+00:00,103.91000366210938
2005-08-01 00:00:00+00:00,103.08000183105469
2005-08-02 00:00:00+00:00,102.88999938964844
2005-08-03 00:00:00+00:00,103.36000061035156
2005-08-04 00:00:00+00:00,103.37999725341797
2005-08-05 00:00:00+00:00,102.80000305175781
2005-08-08 00:00:00+00:00,102.77999877929688
2005-08-09 00:00:00+00:00,102.69999694824219
2005-08-10 00:00:00+00:00,102.63999938964844
2005-08-11 00:00:00+00:00,103.16999816894531
2005-08-12 00:00:00+00:00,103.58999633789062
2005-08-15 00:00:00+00:00,103.58999633789062
2005-08-16 00:00:00+00:00,103.87999725341797
2005-08-17 00:00:00+00:00,103.6500015258789
2005-08-18 00:00:00+00:00,103.95999908447266
2005-08-19 00:00:00+00:00,104.1500015258789
2005-08-22 00:00:00+00:00,104.0
2005-08-23 00:00:00+00:00,104.27999877929688
2005-08-24 00:00:00+00:00,104.44999694824219
2005-08-25 00:00:00+00:00,104.61000061035156
2005-08-26 00:00:00+00:00,104.55999755859375
2005-08-29 00:00:00+00:00,104.7300033569336
2005-08-30 00:00:00+00:00,105.2699966430664
2005-08-31 00:00:00+00:00,105.8499984741211
2005-09-01 00:00:00+00:00,105.70999908447266
2005-09-02 00:00:00+00:00,105.75
2005-09-06 00:00:00+00:00,105.16000366210938
2005-09-07 00:00:00+00:00,105.0199966430664
2005-09-08 00:00:00+00:00,105.19000244140625
2005-09-09 00:00:00+00:00,105.47000122070312
2005-09-12 00:00:00+00:00,105.08999633789062
2005-09-13 00:00:00+00:00,105.44999694824219
2005-09-14 00:00:00+00:00,105.37999725341797
2005-09-15 00:00:00+00:00,105.16999816894531
2005-09-16 00:00:00+00:00,105.0
2005-09-19 00:00:00+00:00,105.3499984741211
2005-09-20 00:00:00+00:00,105.05999755859375
2005-09-21 00:00:00+00:00,105.6500015258789
2005-09-22 00:00:00+00:00,105.68000030517578
2005-09-23 00:00:00+00:00,105.16000366210938
2005-09-26 00:00:00+00:00,104.91999816894531
2005-09-27 00:00:00+00:00,105.12999725341797
2005-09-28 00:00:00+00:00,105.54000091552734
2005-09-29 00:00:00+00:00,105.44000244140625
2005-09-30 00:00:00+00:00,105.2699966430664
2005-10-03 00:00:00+00:00,104.26000213623047
2005-10-04 00:00:00+00:00,104.18000030517578
2005-10-05 00:00:00+00:00,104.16000366210938
2005-10-06 00:00:00+00:00,103.87999725341797
2005-10-07 00:00:00+00:00,104.05000305175781
2005-10-10 00:00:00+00:00,104.16999816894531
2005-10-11 00:00:00+00:00,103.8499984741211
2005-10-12 00:00:00+00:00,103.51000213623047
2005-10-13 00:00:00+00:00,103.45999908447266
2005-10-14 00:00:00+00:00,103.68000030517578
2005-10-17 00:00:00+00:00,103.87999725341797
2005-10-18 00:00:00+00:00,103.94999694824219
2005-10-19 00:00:00+00:00,103.95999908447266
2005-10-20 00:00:00+00:00,103.88999938964844
2005-10-21 00:00:00+00:00,104.22000122070312
2005-10-24 00:00:00+00:00,103.7699966430664
2005-10-25 00:00:00+00:00,103.2300033569336
2005-10-26 00:00:00+00:00,102.91999816894531
2005-10-27 00:00:00+00:00,103.33999633789062
2005-10-28 00:00:00+00:00,103.30000305175781
2005-10-31 00:00:00+00:00,103.58000183105469
2005-11-01 00:00:00+00:00,103.13999938964844
2005-11-02 00:00:00+00:00,102.94000244140625
2005-11-03 00:00:00+00:00,102.77999877929688
2005-11-04 00:00:00+00:00,102.69999694824219
2005-11-07 00:00:00+00:00,103.02999877929688
2005-11-08 00:00:00+00:00,103.22000122070312
2005-11-09 00:00:00+00:00,102.69000244140625
2005-11-10 00:00:00+00:00,102.91999816894531
2005-11-11 00:00:00+00:00,103.05999755859375
2005-11-14 00:00:00+00:00,102.3499984741211
2005-11-15 00:00:00+00:00,102.6500015258789
2005-11-16 00:00:00+00:00,103.25
2005-11-17 00:00:00+00:00,103.37000274658203
2005-11-18 00:00:00+00:00,103.18000030517578
2005-11-21 00:00:00+00:00,103.29000091552734
2005-11-22 00:00:00+00:00,103.69999694824219
2005-11-23 00:00:00+00:00,103.30000305175781
2005-11-25 00:00:00+00:00,103.6500015258789
2005-11-28 00:00:00+00:00,103.87000274658203
2005-11-29 00:00:00+00:00,103.3499984741211
2005-11-30 00:00:00+00:00,103.33000183105469
2005-12-01 00:00:00+00:00,101.9000015258789
2005-12-02 00:00:00+00:00,101.94000244140625
2005-12-05 00:00:00+00:00,101.87999725341797
2005-12-06 00:00:00+00:00,102.18000030517578
2005-12-07 00:00:00+00:00,101.79000091552734
2005-12-08 00:00:00+00:00,102.22000122070312
2005-12-09 00:00:00+00:00,101.86000061035156
2005-12-12 00:00:00+00:00,101.9000015258789
2005-12-13 00:00:00+00:00,102.08999633789062
2005-12-14 00:00:00+00:00,102.5
2005-12-15 00:00:00+00:00,102.5
2005-12-16 00:00:00+00:00,102.56999969482422
2005-12-19 00:00:00+00:00,102.6500015258789
2005-12-20 00:00:00+00:00,102.5999984741211
2005-12-21 00:00:00+00:00,102.5
2005-12-22 00:00:00+00:00,102.72000122070312
2005-12-23 00:00:00+00:00,103.1500015258789
2005-12-27 00:00:00+00:00,103.2699966430664
2005-12-28 00:00:00+00:00,102.66999816894531
2005-12-29 00:00:00+00:00,102.8499984741211
2005-12-30 00:00:00+00:00,102.81999969482422
2006-01-03 00:00:00+00:00,103.04000091552734
2006-01-04 00:00:00+00:00,103.05000305175781
2006-01-05 00:00:00+00:00,102.75
2006-01-06 00:00:00+00:00,102.69999694824219
2006-01-09 00:00:00+00:00,102.81999969482422
2006-01-10 00:00:00+00:00,102.58999633789062
2006-01-11 00:00:00+00:00,102.43000030517578
2006-01-12 00:00:00+00:00,102.83000183105469
2006-01-13 00:00:00+00:00,103.11000061035156
2006-01-17 00:00:00+00:00,103.3499984741211
2006-01-18 00:00:00+00:00,103.30000305175781
2006-01-19 00:00:00+00:00,103.22000122070312
2006-01-20 00:00:00+00:00,103.41000366210938
2006-01-23 00:00:00+00:00,103.25
2006-01-24 00:00:00+00:00,103.0
2006-01-25 00:00:00+00:00,102.3499984741211
2006-01-26 00:00:00+00:00,102.25
2006-01-27 00:00:00+00:00,102.5199966430664
2006-01-30 00:00:00+00:00,102.5
2006-01-31 00:00:00+00:00,102.8499984741211
2006-02-01 00:00:00+00:00,102.54000091552734
2006-02-02 00:00:00+00:00,102.55000305175781
2006-02-03 00:00:00+00:00,103.05000305175781
2006-02-06 00:00:00+00:00,103.12000274658203
2006-02-07 00:00:00+00:00,102.63999938964844
2006-02-08 00:00:00+00:00,102.44999694824219
2006-02-09 00:00:00+00:00,102.68000030517578
2006-02-10 00:00:00+00:00,102.26000213623047
2006-02-13 00:00:00+00:00,102.20999908447266
2006-02-14 00:00:00+00:00,101.75
2006-02-15 00:00:00+00:00,101.8499984741211
2006-02-16 00:00:00+00:00,102.16000366210938
2006-02-17 00:00:00+00:00,102.72000122070312
2006-02-21 00:00:00+00:00,102.5
2006-02-22 00:00:00+00:00,102.79000091552734
2006-02-23 00:00:00+00:00,102.55000305175781
2006-02-24 00:00:00+00:00,102.6500015258789
2006-02-27 00:00:00+00:00,102.47000122070312
2006-02-28 00:00:00+00:00,102.8499984741211
2006-03-01 00:00:00+00:00,102.63999938964844
2006-03-02 00:00:00+00:00,102.56999969482422
2006-03-03 00:00:00+00:00,102.48999786376953
2006-03-06 00:00:00+00:00,101.77999877929688
2006-03-07 00:00:00+00:00,101.77999877929688
2006-03-08 00:00:00+00:00,101.38999938964844
2006-03-09 00:00:00+00:00,101.22000122070312
2006-03-10 00:00:00+00:00,101.0999984741211
2006-03-13 00:00:00+00:00,101.1500015258789
2006-03-14 00:00:00+00:00,101.63999938964844
2006-03-15 00:00:00+00:00,101.44999694824219
2006-03-16 00:00:00+00:00,102.0
2006-03-17 00:00:00+00:00,101.88999938964844
2006-03-20 00:00:00+00:00,101.83000183105469
2006-03-21 00:00:00+00:00,101.33000183105469
2006-03-22 00:00:00+00:00,101.4800033569336
2006-03-23 00:00:00+00:00,101.37000274658203
2006-03-24 00:00:00+00:00,101.86000061035156
2006-03-27 00:00:00+00:00,101.52999877929688
2006-03-28 00:00:00+00:00,101.04000091552734
2006-03-29 00:00:00+00:00,100.8499984741211
2006-03-30 00:00:00+00:00,100.62999725341797
2006-03-31 00:00:00+00:00,100.6500015258789
2006-04-03 00:00:00+00:00,100.0
2006-04-04 00:00:00+00:00,99.91999816894531
2006-04-05 00:00:00+00:00,100.26000213623047
2006-04-06 00:00:00+00:00,99.9800033569336
2006-04-07 00:00:00+00:00,99.58000183105469
2006-04-10 00:00:00+00:00,99.6500015258789
2006-04-11 00:00:00+00:00,100.05000305175781
2006-04-12 00:00:00+00:00,99.69999694824219
2006-04-13 00:00:00+00:00,99.08000183105469
2006-04-17 00:00:00+00:00,99.5999984741211
2006-04-18 00:00:00+00:00,99.93000030517578
2006-04-19 00:00:00+00:00,100.02999877929688
2006-04-20 00:00:00+00:00,99.69000244140625
2006-04-21 00:00:00+00:00,100.05000305175781
2006-04-24 00:00:00+00:00,99.94999694824219
2006-04-25 00:00:00+00:00,99.20999908447266
2006-04-26 00:00:00+00:00,99.0999984741211
2006-04-27 00:00:00+00:00,99.54000091552734
2006-04-28 00:00:00+00:00,99.9000015258789
2006-05-01 00:00:00+00:00,99.08000183105469
2006-05-02 00:00:00+00:00,99.30000305175781
2006-05-03 00:00:00+00:00,99.0199966430664
2006-05-04 00:00:00+00:00,98.63999938964844
2006-05-05 00:00:00+00:00,99.19999694824219
2006-05-08 00:00:00+00:00,99.19999694824219
2006-05-09 00:00:00+00:00,99.3499984741211
2006-05-10 00:00:00+00:00,99.58999633789062
2006-05-11 00:00:00+00:00,99.63999938964844
2006-05-12 00:00:00+00:00,99.30000305175781
2006-05-15 00:00:00+00:00,99.25
2006-05-16 00:00:00+00:00,99.62999725341797
2006-05-17 00:00:00+00:00,99.30000305175781
2006-05-18 00:00:00+00:00,99.91000366210938
2006-05-19 00:00:00+00:00,99.83000183105469
2006-05-22 00:00:00+00:00,99.9800033569336
2006-05-23 00:00:00+00:00,99.88999938964844
2006-05-24 00:00:00+00:00,99.8499984741211
2006-05-25 00:00:00+00:00,99.83999633789062
2006-05-26 00:00:00+00:00,100.0999984741211
2006-05-30 00:00:00+00:00,99.83999633789062
2006-05-31 00:00:00+00:00,99.69999694824219
2006-06-01 00:00:00+00:00,99.22000122070312
2006-06-02 00:00:00+00:00,99.9800033569336
2006-06-05 00:00:00+00:00,99.7300033569336
2006-06-06 00:00:00+00:00,99.58999633789062
2006-06-07 00:00:00+00:00,99.25
2006-06-08 00:00:00+00:00,99.31999969482422
2006-06-09 00:00:00+00:00,99.72000122070312
2006-06-12 00:00:00+00:00,99.69999694824219
2006-06-13 00:00:00+00:00,99.7699966430664
2006-06-14 00:00:00+00:00,99.38999938964844
2006-06-15 00:00:00+00:00,99.18000030517578
2006-06-16 00:00:00+00:00,99.20999908447266
2006-06-19 00:00:00+00:00,99.0
2006-06-20 00:00:00+00:00,98.91000366210938
2006-06-21 00:00:00+00:00,98.94999694824219
2006-06-22 00:00:00+00:00,98.73999786376953
2006-06-23 00:00:00+00:00,98.61000061035156
2006-06-26 00:00:00+00:00,98.5
2006-06-27 00:00:00+00:00,98.66000366210938
2006-06-28 00:00:00+00:00,98.44000244140625
2006-06-29 00:00:00+00:00,99.04000091552734
2006-06-30 00:00:00+00:00,99.56999969482422
2006-07-03 00:00:00+00:00,98.80999755859375
2006-07-05 00:00:00+00:00,98.43000030517578
2006-07-06 00:00:00+00:00,98.7699966430664
2006-07-07 00:00:00+00:00,99.05999755859375
2006-07-10 00:00:00+00:00,99.06999969482422
2006-07-11 00:00:00+00:00,99.13999938964844
2006-07-12 00:00:00+00:00,99.12000274658203
2006-07-13 00:00:00+00:00,99.51000213623047
2006-07-14 00:00:00+00:00,99.58000183105469
2006-07-17 00:00:00+00:00,99.6500015258789
2006-07-18 00:00:00+00:00,99.1500015258789
2006-07-19 00:00:00+00:00,99.77999877929688
2006-07-20 00:00:00+00:00,100.08999633789062
2006-07-21 00:00:00+00:00,99.79000091552734
2006-07-24 00:00:00+00:00,99.70999908447266
2006-07-25 00:00:00+00:00,99.9000015258789
2006-07-26 00:00:00+00:00,100.2300033569336
2006-07-27 00:00:00+00:00,100.25
2006-07-28 00:00:00+00:00,100.55000305175781
2006-07-31 00:00:00+00:00,100.51000213623047
2006-08-01 00:00:00+00:00,100.12000274658203
2006-08-02 00:00:00+00:00,100.3499984741211
2006-08-03 00:00:00+00:00,100.30000305175781
2006-08-04 00:00:00+00:00,100.9800033569336
2006-08-07 00:00:00+00:00,100.94999694824219
2006-08-08 00:00:00+00:00,101.11000061035156
2006-08-09 00:00:00+00:00,101.1500015258789
2006-08-10 00:00:00+00:00,100.9800033569336
2006-08-11 00:00:00+00:00,100.73999786376953
2006-08-14 00:00:00+00:00,100.5
2006-08-15 00:00:00+00:00,100.8499984741211
2006-08-16 00:00:00+00:00,101.04000091552734
2006-08-17 00:00:00+00:00,100.91999816894531
2006-08-18 00:00:00+00:00,101.2699966430664
2006-08-21 00:00:00+00:00,101.52999877929688
2006-08-22 00:00:00+00:00,101.68000030517578
2006-08-23 00:00:00+00:00,101.52999877929688
2006-08-24 00:00:00+00:00,101.3499984741211
2006-08-25 00:00:00+00:00,101.58000183105469
2006-08-28 00:00:00+00:00,101.2699966430664
2006-08-29 00:00:00+00:00,101.30000305175781
2006-08-30 00:00:00+00:00,101.38999938964844
2006-08-31 00:00:00+00:00,101.61000061035156
2006-09-01 00:00:00+00:00,101.0
2006-09-05 00:00:00+00:00,100.56999969482422
2006-09-06 00:00:00+00:00,100.5199966430664
2006-09-07 00:00:00+00:00,100.36000061035156
2006-09-08 00:00:00+00:00,100.30000305175781
2006-09-11 00:00:00+00:00,100.04000091552734
2006-09-12 00:00:00+00:00,100.2300033569336
2006-09-13 00:00:00+00:00,100.44999694824219
2006-09-14 00:00:00+00:00,100.47000122070312
2006-09-15 00:00:00+00:00,100.1500015258789
2006-09-18 00:00:00+00:00,100.08000183105469
2006-09-19 00:00:00+00:00,100.30999755859375
2006-09-20 00:00:00+00:00,100.16999816894531
2006-09-21 00:00:00+00:00,100.75
2006-09-22 00:00:00+00:00,101.06999969482422
2006-09-25 00:00:00+00:00,101.3499984741211
2006-09-26 00:00:00+00:00,101.19000244140625
2006-09-27 00:00:00+00:00,101.16999816894531
2006-09-28 00:00:00+00:00,101.19000244140625
2006-09-29 00:00:00+00:00,101.1500015258789
2006-10-02 00:00:00+00:00,100.80000305175781
2006-10-03 00:00:00+00:00,100.44999694824219
2006-10-04 00:00:00+00:00,100.83999633789062
2006-10-05 00:00:00+00:00,100.68000030517578
2006-10-06 00:00:00+00:00,100.38999938964844
2006-10-09 00:00:00+00:00,100.19000244140625
2006-10-10 00:00:00+00:00,99.79000091552734
2006-10-11 00:00:00+00:00,99.5
2006-10-12 00:00:00+00:00,99.51000213623047
2006-10-13 00:00:00+00:00,99.33999633789062
2006-10-16 00:00:00+00:00,99.41999816894531
2006-10-17 00:00:00+00:00,99.41000366210938
2006-10-18 00:00:00+00:00,99.19999694824219
2006-10-19 00:00:00+00:00,99.2300033569336
2006-10-20 00:00:00+00:00,99.22000122070312
2006-10-23 00:00:00+00:00,98.93000030517578
2006-10-24 00:00:00+00:00,99.08000183105469
2006-10-25 00:00:00+00:00,99.54000091552734
2006-10-26 00:00:00+00:00,100.02999877929688
2006-10-27 00:00:00+00:00,100.25
2006-10-30 00:00:00+00:00,100.06999969482422
2006-10-31 00:00:00+00:00,100.62000274658203
2006-11-01 00:00:00+00:00,100.4000015258789
2006-11-02 00:00:00+00:00,100.13999938964844
2006-11-03 00:00:00+00:00,99.58000183105469
2006-11-06 00:00:00+00:00,99.87000274658203
2006-11-07 00:00:00+00:00,100.2300033569336
2006-11-08 00:00:00+00:00,100.41000366210938
2006-11-09 00:00:00+00:00,100.5999984741211
2006-11-10 00:00:00+00:00,100.55999755859375
2006-11-13 00:00:00+00:00,100.33000183105469
2006-11-14 00:00:00+00:00,100.44999694824219
2006-11-15 00:00:00+00:00,100.1500015258789
2006-11-16 00:00:00+00:00,99.58999633789062
2006-11-17 00:00:00+00:00,99.79000091552734
2006-11-20 00:00:00+00:00,99.81999969482422
2006-11-21 00:00:00+00:00,99.9800033569336
2006-11-22 00:00:00+00:00,100.11000061035156
2006-11-24 00:00:00+00:00,100.3499984741211
2006-11-27 00:00:00+00:00,100.51000213623047
2006-11-28 00:00:00+00:00,100.86000061035156
2006-11-29 00:00:00+00:00,100.7300033569336
2006-11-30 00:00:00+00:00,101.12999725341797
2006-12-01 00:00:00+00:00,101.44999694824219
2006-12-04 00:00:00+00:00,101.4800033569336
2006-12-05 00:00:00+00:00,101.41000366210938
2006-12-06 00:00:00+00:00,101.05999755859375
2006-12-07 00:00:00+00:00,100.91999816894531
2006-12-08 00:00:00+00:00,100.61000061035156
2006-12-11 00:00:00+00:00,100.83999633789062
2006-12-12 00:00:00+00:00,100.8499984741211
2006-12-13 00:00:00+00:00,100.44999694824219
2006-12-14 00:00:00+00:00,100.3499984741211
2006-12-15 00:00:00+00:00,99.8499984741211
2006-12-18 00:00:00+00:00,99.66999816894531
2006-12-19 00:00:00+00:00,99.5999984741211
2006-12-20 00:00:00+00:00,99.54000091552734
2006-12-21 00:00:00+00:00,99.76000213623047
2006-12-22 00:00:00+00:00,99.3499984741211
2006-12-26 00:00:00+00:00,99.29000091552734
2006-12-27 00:00:00+00:00,98.93000030517578
2006-12-28 00:00:00+00:00,98.75
2006-12-29 00:00:00+00:00,98.80000305175781
2007-01-03 00:00:00+00:00,99.2300033569336
2007-01-04 00:00:00+00:00,99.30000305175781
2007-01-05 00:00:00+00:00,99.0199966430664
2007-01-08 00:00:00+00:00,99.08999633789062
2007-01-09 00:00:00+00:00,99.0199966430664
2007-01-10 00:00:00+00:00,98.7699966430664
2007-01-11 00:00:00+00:00,98.44000244140625
2007-01-12 00:00:00+00:00,98.04000091552734
2007-01-16 00:00:00+00:00,98.20999908447266
2007-01-17 00:00:00+00:00,98.19999694824219
2007-01-18 00:00:00+00:00,98.2699966430664
2007-01-19 00:00:00+00:00,98.44000244140625
2007-01-22 00:00:00+00:00,98.5999984741211
2007-01-23 00:00:00+00:00,98.58999633789062
2007-01-24 00:00:00+00:00,98.72000122070312
2007-01-25 00:00:00+00:00,98.41999816894531
2007-01-26 00:00:00+00:00,98.33999633789062
2007-01-29 00:00:00+00:00,98.23999786376953
2007-01-30 00:00:00+00:00,98.5199966430664
2007-01-31 00:00:00+00:00,99.02999877929688
2007-02-01 00:00:00+00:00,98.69999694824219
2007-02-02 00:00:00+00:00,98.87999725341797
2007-02-05 00:00:00+00:00,98.93000030517578
2007-02-06 00:00:00+00:00,98.93000030517578
2007-02-07 00:00:00+00:00,99.0999984741211
2007-02-08 00:00:00+00:00,99.0
2007-02-09 00:00:00+00:00,98.75
2007-02-12 00:00:00+00:00,98.5
2007-02-13 00:00:00+00:00,98.51000213623047
2007-02-14 00:00:00+00:00,99.16000366210938
2007-02-15 00:00:00+00:00,99.12999725341797
2007-02-16 00:00:00+00:00,99.45999908447266
2007-02-20 00:00:00+00:00,99.47000122070312
2007-02-21 00:00:00+00:00,99.61000061035156
2007-02-22 00:00:00+00:00,99.55000305175781
2007-02-23 00:00:00+00:00,99.83999633789062
2007-02-26 00:00:00+00:00,100.26000213623047
2007-02-27 00:00:00+00:00,101.1500015258789
2007-02-28 00:00:00+00:00,100.98999786376953
2007-03-01 00:00:00+00:00,100.86000061035156
2007-03-02 00:00:00+00:00,101.05999755859375
2007-03-05 00:00:00+00:00,100.98999786376953
2007-03-06 00:00:00+00:00,100.8499984741211
2007-03-07 00:00:00+00:00,101.0
2007-03-08 00:00:00+00:00,100.91000366210938
2007-03-09 00:00:00+00:00,100.44999694824219
2007-03-12 00:00:00+00:00,100.54000091552734
2007-03-13 00:00:00+00:00,100.94000244140625
2007-03-14 00:00:00+00:00,100.94999694824219
2007-03-15 00:00:00+00:00,100.91999816894531
2007-03-16 00:00:00+00:00,100.9800033569336
2007-03-19 00:00:00+00:00,100.97000122070312
2007-03-20 00:00:00+00:00,100.98999786376953
2007-03-21 00:00:00+00:00,101.37000274658203
2007-03-22 00:00:00+00:00,101.06999969482422
2007-03-23 00:00:00+00:00,101.0
2007-03-26 00:00:00+00:00,101.36000061035156
2007-03-27 00:00:00+00:00,101.33000183105469
2007-03-28 00:00:00+00:00,101.19000244140625
2007-03-29 00:00:00+00:00,101.05999755859375
2007-03-30 00:00:00+00:00,101.04000091552734
2007-04-02 00:00:00+00:00,100.70999908447266
2007-04-03 00:00:00+00:00,100.2699966430664
2007-04-04 00:00:00+00:00,100.58999633789062
2007-04-05 00:00:00+00:00,100.56999969482422
2007-04-09 00:00:00+00:00,100.12000274658203
2007-04-10 00:00:00+00:00,100.36000061035156
2007-04-11 00:00:00+00:00,100.19999694824219
2007-04-12 00:00:00+00:00,100.19999694824219
2007-04-13 00:00:00+00:00,99.94999694824219
2007-04-16 00:00:00+00:00,100.2699966430664
2007-04-17 00:00:00+00:00,100.33000183105469
2007-04-18 00:00:00+00:00,100.66000366210938
2007-04-19 00:00:00+00:00,100.61000061035156
2007-04-20 00:00:00+00:00,100.6500015258789
2007-04-23 00:00:00+00:00,100.87999725341797
2007-04-24 00:00:00+00:00,101.05000305175781
2007-04-25 00:00:00+00:00,101.05999755859375
2007-04-26 00:00:00+00:00,100.77999877929688
2007-04-27 00:00:00+00:00,100.80000305175781
2007-04-30 00:00:00+00:00,101.33999633789062
2007-05-01 00:00:00+00:00,100.94000244140625
2007-05-02 00:00:00+00:00,100.93000030517578
2007-05-03 00:00:00+00:00,100.68000030517578
2007-05-04 00:00:00+00:00,100.7300033569336
2007-05-07 00:00:00+00:00,100.66000366210938
2007-05-08 00:00:00+00:00,100.77999877929688
2007-05-09 00:00:00+00:00,100.45999908447266
2007-05-10 00:00:00+00:00,100.68000030517578
2007-05-11 00:00:00+00:00,100.5
2007-05-14 00:00:00+00:00,100.33999633789062
2007-05-15 00:00:00+00:00,100.06999969482422
2007-05-16 00:00:00+00:00,99.97000122070312
2007-05-17 00:00:00+00:00,99.93000030517578
2007-05-18 00:00:00+00:00,99.66999816894531
2007-05-21 00:00:00+00:00,99.91999816894531
2007-05-22 00:00:00+00:00,99.52999877929688
2007-05-23 00:00:00+00:00,99.5199966430664
2007-05-24 00:00:00+00:00,99.63999938964844
2007-05-25 00:00:00+00:00,99.77999877929688
2007-05-29 00:00:00+00:00,99.4800033569336
2007-05-30 00:00:00+00:00,99.56999969482422
2007-05-31 00:00:00+00:00,99.62999725341797
2007-06-01 00:00:00+00:00,98.8499984741211
2007-06-04 00:00:00+00:00,99.11000061035156
2007-06-05 00:00:00+00:00,98.75
2007-06-06 00:00:00+00:00,98.83000183105469
2007-06-07 00:00:00+00:00,97.97000122070312
2007-06-08 00:00:00+00:00,98.1500015258789
2007-06-11 00:00:00+00:00,97.94000244140625
2007-06-12 00:00:00+00:00,97.33000183105469
2007-06-13 00:00:00+00:00,97.69000244140625
2007-06-14 00:00:00+00:00,97.75
2007-06-15 00:00:00+00:00,98.04000091552734
2007-06-18 00:00:00+00:00,97.95999908447266
2007-06-19 00:00:00+00:00,98.4800033569336
2007-06-20 00:00:00+00:00,98.11000061035156
2007-06-21 00:00:00+00:00,98.06999969482422
2007-06-22 00:00:00+00:00,98.47000122070312
2007-06-25 00:00:00+00:00,98.69999694824219
2007-06-26 00:00:00+00:00,98.5
2007-06-27 00:00:00+00:00,98.55000305175781
2007-06-28 00:00:00+00:00,98.38999938964844
2007-06-29 00:00:00+00:00,98.97000122070312
2007-07-02 00:00:00+00:00,98.83000183105469
2007-07-03 00:00:00+00:00,98.43000030517578
2007-07-05 00:00:00+00:00,98.0199966430664
2007-07-06 00:00:00+00:00,97.80999755859375
2007-07-09 00:00:00+00:00,98.12000274658203
2007-07-10 00:00:00+00:00,98.9000015258789
2007-07-11 00:00:00+00:00,98.47000122070312
2007-07-12 00:00:00+00:00,98.13999938964844
2007-07-13 00:00:00+00:00,98.29000091552734
2007-07-16 00:00:00+00:00,98.58999633789062
2007-07-17 00:00:00+00:00,98.51000213623047
2007-07-18 00:00:00+00:00,98.88999938964844
2007-07-19 00:00:00+00:00,99.01000213623047
2007-07-20 00:00:00+00:00,99.38999938964844
2007-07-23 00:00:00+00:00,99.18000030517578
2007-07-24 00:00:00+00:00,99.48999786376953
2007-07-25 00:00:00+00:00,99.79000091552734
2007-07-26 00:00:00+00:00,100.26000213623047
2007-07-27 00:00:00+00:00,100.41000366210938
2007-07-30 00:00:00+00:00,100.30000305175781
2007-07-31 00:00:00+00:00,100.80000305175781
2007-08-01 00:00:00+00:00,99.94000244140625
2007-08-02 00:00:00+00:00,99.98999786376953
2007-08-03 00:00:00+00:00,100.30000305175781
2007-08-06 00:00:00+00:00,99.63999938964844
2007-08-07 00:00:00+00:00,99.6500015258789
2007-08-08 00:00:00+00:00,99.27999877929688
2007-08-09 00:00:00+00:00,99.5999984741211
2007-08-10 00:00:00+00:00,99.37999725341797
2007-08-13 00:00:00+00:00,99.81999969482422
2007-08-14 00:00:00+00:00,99.94000244140625
2007-08-15 00:00:00+00:00,99.94000244140625
2007-08-16 00:00:00+00:00,100.16000366210938
2007-08-17 00:00:00+00:00,100.48999786376953
2007-08-20 00:00:00+00:00,100.4800033569336
2007-08-21 00:00:00+00:00,100.83000183105469
2007-08-22 00:00:00+00:00,100.5999984741211
2007-08-23 00:00:00+00:00,100.6500015258789
2007-08-24 00:00:00+00:00,100.77999877929688
2007-08-27 00:00:00+00:00,100.9000015258789
2007-08-28 00:00:00+00:00,101.19999694824219
2007-08-29 00:00:00+00:00,100.77999877929688
2007-08-30 00:00:00+00:00,101.22000122070312
2007-08-31 00:00:00+00:00,101.18000030517578
2007-09-04 00:00:00+00:00,100.81999969482422
2007-09-05 00:00:00+00:00,101.29000091552734
2007-09-06 00:00:00+00:00,101.06999969482422
2007-09-07 00:00:00+00:00,102.2300033569336
2007-09-10 00:00:00+00:00,102.61000061035156
2007-09-11 00:00:00+00:00,102.61000061035156
2007-09-12 00:00:00+00:00,102.56999969482422
2007-09-13 00:00:00+00:00,102.02999877929688
2007-09-14 00:00:00+00:00,102.19999694824219
2007-09-17 00:00:00+00:00,102.56999969482422
2007-09-18 00:00:00+00:00,102.63999938964844
2007-09-19 00:00:00+00:00,102.3499984741211
2007-09-20 00:00:00+00:00,101.19999694824219
2007-09-21 00:00:00+00:00,101.5999984741211
2007-09-24 00:00:00+00:00,101.44000244140625
2007-09-25 00:00:00+00:00,101.25
2007-09-26 00:00:00+00:00,101.3499984741211
2007-09-27 00:00:00+00:00,101.94999694824219
2007-09-28 00:00:00+00:00,102.02999877929688
2007-10-01 00:00:00+00:00,101.83999633789062
2007-10-02 00:00:00+00:00,101.94000244140625
2007-10-03 00:00:00+00:00,101.75
2007-10-04 00:00:00+00:00,101.9000015258789
2007-10-05 00:00:00+00:00,101.30000305175781
2007-10-08 00:00:00+00:00,101.4800033569336
2007-10-09 00:00:00+00:00,101.12999725341797
2007-10-10 00:00:00+00:00,101.19999694824219
2007-10-11 00:00:00+00:00,101.02999877929688
2007-10-12 00:00:00+00:00,100.9000015258789
2007-10-15 00:00:00+00:00,100.9000015258789
2007-10-16 00:00:00+00:00,101.19000244140625
2007-10-17 00:00:00+00:00,101.80000305175781
2007-10-18 00:00:00+00:00,102.0999984741211
2007-10-19 00:00:00+00:00,102.97000122070312
2007-10-22 00:00:00+00:00,102.72000122070312
2007-10-23 00:00:00+00:00,102.76000213623047
2007-10-24 00:00:00+00:00,103.1500015258789
2007-10-25 00:00:00+00:00,103.44000244140625
2007-10-26 00:00:00+00:00,103.3499984741211
2007-10-29 00:00:00+00:00,103.80000305175781
2007-10-30 00:00:00+00:00,103.29000091552734
2007-10-31 00:00:00+00:00,102.80000305175781
2007-11-01 00:00:00+00:00,103.41999816894531
2007-11-02 00:00:00+00:00,104.0
2007-11-05 00:00:00+00:00,104.05000305175781
2007-11-06 00:00:00+00:00,104.05999755859375
2007-11-07 00:00:00+00:00,104.12000274658203
2007-11-08 00:00:00+00:00,104.44000244140625
2007-11-09 00:00:00+00:00,105.3499984741211
2007-11-12 00:00:00+00:00,105.69000244140625
2007-11-13 00:00:00+00:00,104.68000030517578
2007-11-14 00:00:00+00:00,104.69000244140625
2007-11-15 00:00:00+00:00,104.91000366210938
2007-11-16 00:00:00+00:00,105.12000274658203
2007-11-19 00:00:00+00:00,105.9800033569336
2007-11-20 00:00:00+00:00,105.87000274658203
2007-11-21 00:00:00+00:00,106.76000213623047
2007-11-23 00:00:00+00:00,106.69000244140625
2007-11-26 00:00:00+00:00,107.9000015258789
2007-11-27 00:00:00+00:00,106.93000030517578
2007-11-28 00:00:00+00:00,106.12999725341797
2007-11-29 00:00:00+00:00,106.77999877929688
2007-11-30 00:00:00+00:00,106.69999694824219
2007-12-03 00:00:00+00:00,106.62999725341797
2007-12-04 00:00:00+00:00,106.44000244140625
2007-12-05 00:00:00+00:00,105.30999755859375
2007-12-06 00:00:00+00:00,104.98999786376953
2007-12-07 00:00:00+00:00,104.44999694824219
2007-12-10 00:00:00+00:00,104.30999755859375
2007-12-11 00:00:00+00:00,105.44999694824219
2007-12-12 00:00:00+00:00,105.04000091552734
2007-12-13 00:00:00+00:00,104.4000015258789
2007-12-14 00:00:00+00:00,104.33000183105469
2007-12-17 00:00:00+00:00,105.08999633789062
2007-12-18 00:00:00+00:00,105.19999694824219
2007-12-19 00:00:00+00:00,105.86000061035156
2007-12-20 00:00:00+00:00,105.73999786376953
2007-12-21 00:00:00+00:00,105.0999984741211
2007-12-24 00:00:00+00:00,104.77999877929688
2007-12-26 00:00:00+00:00,104.31999969482422
2007-12-27 00:00:00+00:00,104.4800033569336
2007-12-28 00:00:00+00:00,105.11000061035156
2007-12-31 00:00:00+00:00,105.80000305175781
2008-01-02 00:00:00+00:00,106.63999938964844
2008-01-03 00:00:00+00:00,107.0
2008-01-04 00:00:00+00:00,106.97000122070312
2008-01-07 00:00:00+00:00,106.94999694824219
2008-01-08 00:00:00+00:00,107.02999877929688
2008-01-09 00:00:00+00:00,106.94999694824219
2008-01-10 00:00:00+00:00,106.47000122070312
2008-01-11 00:00:00+00:00,107.26000213623047
2008-01-14 00:00:00+00:00,107.70999908447266
2008-01-15 00:00:00+00:00,108.26000213623047
2008-01-16 00:00:00+00:00,107.62000274658203
2008-01-17 00:00:00+00:00,108.4000015258789
2008-01-18 00:00:00+00:00,108.5
2008-01-22 00:00:00+00:00,109.31999969482422
2008-01-23 00:00:00+00:00,109.05999755859375
2008-01-24 00:00:00+00:00,108.31999969482422
2008-01-25 00:00:00+00:00,109.19999694824219
2008-01-28 00:00:00+00:00,109.06999969482422
2008-01-29 00:00:00+00:00,109.02999877929688
2008-01-30 00:00:00+00:00,109.05000305175781
2008-01-31 00:00:00+00:00,109.58000183105469
2008-02-01 00:00:00+00:00,109.08000183105469
2008-02-04 00:00:00+00:00,108.44999694824219
2008-02-05 00:00:00+00:00,108.97000122070312
2008-02-06 00:00:00+00:00,108.83999633789062
2008-02-07 00:00:00+00:00,107.54000091552734
2008-02-08 00:00:00+00:00,108.62000274658203
2008-02-11 00:00:00+00:00,108.9000015258789
2008-02-12 00:00:00+00:00,108.69999694824219
2008-02-13 00:00:00+00:00,107.70999908447266
2008-02-14 00:00:00+00:00,106.98999786376953
2008-02-15 00:00:00+00:00,107.52999877929688
2008-02-19 00:00:00+00:00,106.91000366210938
2008-02-20 00:00:00+00:00,107.2699966430664
2008-02-21 00:00:00+00:00,107.94000244140625
2008-02-22 00:00:00+00:00,107.63999938964844
2008-02-25 00:00:00+00:00,107.0999984741211
2008-02-26 00:00:00+00:00,107.80999755859375
2008-02-27 00:00:00+00:00,107.98999786376953
2008-02-28 00:00:00+00:00,109.41999816894531
2008-02-29 00:00:00+00:00,110.56999969482422
2008-03-03 00:00:00+00:00,110.01000213623047
2008-03-04 00:00:00+00:00,109.76000213623047
2008-03-05 00:00:00+00:00,109.69000244140625
2008-03-06 00:00:00+00:00,110.27999877929688
2008-03-07 00:00:00+00:00,110.69000244140625
2008-03-10 00:00:00+00:00,111.5199966430664
2008-03-11 00:00:00+00:00,110.44000244140625
2008-03-12 00:00:00+00:00,111.5
2008-03-13 00:00:00+00:00,110.77999877929688
2008-03-14 00:00:00+00:00,111.02999877929688
2008-03-17 00:00:00+00:00,109.83999633789062
2008-03-18 00:00:00+00:00,109.72000122070312
2008-03-19 00:00:00+00:00,110.18000030517578
2008-03-20 00:00:00+00:00,110.41999816894531
2008-03-24 00:00:00+00:00,108.47000122070312
2008-03-25 00:00:00+00:00,108.29000091552734
2008-03-26 00:00:00+00:00,108.61000061035156
2008-03-27 00:00:00+00:00,108.83000183105469
2008-03-28 00:00:00+00:00,109.63999938964844
2008-03-31 00:00:00+00:00,109.9000015258789
2008-04-01 00:00:00+00:00,108.31999969482422
2008-04-02 00:00:00+00:00,108.31999969482422
2008-04-03 00:00:00+00:00,108.27999877929688
2008-04-04 00:00:00+00:00,108.9000015258789
2008-04-07 00:00:00+00:00,108.6500015258789
2008-04-08 00:00:00+00:00,108.45999908447266
2008-04-09 00:00:00+00:00,109.18000030517578
2008-04-10 00:00:00+00:00,108.70999908447266
2008-04-11 00:00:00+00:00,109.5199966430664
2008-04-14 00:00:00+00:00,109.18000030517578
2008-04-15 00:00:00+00:00,108.77999877929688
2008-04-16 00:00:00+00:00,108.11000061035156
2008-04-17 00:00:00+00:00,107.66000366210938
2008-04-18 00:00:00+00:00,107.55999755859375
2008-04-21 00:00:00+00:00,107.5999984741211
2008-04-22 00:00:00+00:00,107.87000274658203
2008-04-23 00:00:00+00:00,107.54000091552734
2008-04-24 00:00:00+00:00,106.56999969482422
2008-04-25 00:00:00+00:00,106.41999816894531
2008-04-28 00:00:00+00:00,106.5999984741211
2008-04-29 00:00:00+00:00,106.61000061035156
2008-04-30 00:00:00+00:00,107.11000061035156
2008-05-01 00:00:00+00:00,106.58999633789062
2008-05-02 00:00:00+00:00,106.31999969482422
2008-05-05 00:00:00+00:00,106.56999969482422
2008-05-06 00:00:00+00:00,106.48999786376953
2008-05-07 00:00:00+00:00,106.75
2008-05-08 00:00:00+00:00,107.54000091552734
2008-05-09 00:00:00+00:00,107.83000183105469
2008-05-12 00:00:00+00:00,107.66000366210938
2008-05-13 00:00:00+00:00,106.8499984741211
2008-05-14 00:00:00+00:00,106.94999694824219
2008-05-15 00:00:00+00:00,107.72000122070312
2008-05-16 00:00:00+00:00,107.72000122070312
2008-05-19 00:00:00+00:00,108.05999755859375
2008-05-20 00:00:00+00:00,108.70999908447266
2008-05-21 00:00:00+00:00,108.83000183105469
2008-05-22 00:00:00+00:00,108.06999969482422
2008-05-23 00:00:00+00:00,108.48999786376953
2008-05-27 00:00:00+00:00,107.73999786376953
2008-05-28 00:00:00+00:00,106.7699966430664
2008-05-29 00:00:00+00:00,106.36000061035156
2008-05-30 00:00:00+00:00,106.77999877929688
2008-06-02 00:00:00+00:00,106.30999755859375
2008-06-03 00:00:00+00:00,106.30999755859375
2008-06-04 00:00:00+00:00,105.76000213623047
2008-06-05 00:00:00+00:00,105.43000030517578
2008-06-06 00:00:00+00:00,106.72000122070312
2008-06-09 00:00:00+00:00,106.16000366210938
2008-06-10 00:00:00+00:00,105.58999633789062
2008-06-11 00:00:00+00:00,105.79000091552734
2008-06-12 00:00:00+00:00,104.80000305175781
2008-06-13 00:00:00+00:00,104.79000091552734
2008-06-16 00:00:00+00:00,105.05000305175781
2008-06-17 00:00:00+00:00,105.3499984741211
2008-06-18 00:00:00+00:00,105.91999816894531
2008-06-19 00:00:00+00:00,105.26000213623047
2008-06-20 00:00:00+00:00,105.5999984741211
2008-06-23 00:00:00+00:00,105.5999984741211
2008-06-24 00:00:00+00:00,106.23999786376953
2008-06-25 00:00:00+00:00,106.31999969482422
2008-06-26 00:00:00+00:00,107.23999786376953
2008-06-27 00:00:00+00:00,107.75
2008-06-30 00:00:00+00:00,107.8499984741211
2008-07-01 00:00:00+00:00,107.1500015258789
2008-07-02 00:00:00+00:00,107.81999969482422
2008-07-03 00:00:00+00:00,108.0999984741211
2008-07-07 00:00:00+00:00,108.05000305175781
2008-07-08 00:00:00+00:00,107.97000122070312
2008-07-09 00:00:00+00:00,108.5999984741211
2008-07-10 00:00:00+00:00,108.58999633789062
2008-07-11 00:00:00+00:00,107.61000061035156
2008-07-14 00:00:00+00:00,108.41000366210938
2008-07-15 00:00:00+00:00,108.33999633789062
2008-07-16 00:00:00+00:00,107.79000091552734
2008-07-17 00:00:00+00:00,107.08999633789062
2008-07-18 00:00:00+00:00,106.5999984741211
2008-07-21 00:00:00+00:00,106.62000274658203
2008-07-22 00:00:00+00:00,106.11000061035156
2008-07-23 00:00:00+00:00,105.38999938964844
2008-07-24 00:00:00+00:00,106.13999938964844
2008-07-25 00:00:00+00:00,105.41000366210938
2008-07-28 00:00:00+00:00,106.30999755859375
2008-07-29 00:00:00+00:00,105.58999633789062
2008-07-30 00:00:00+00:00,106.02999877929688
2008-07-31 00:00:00+00:00,106.47000122070312
2008-08-01 00:00:00+00:00,105.94999694824219
2008-08-04 00:00:00+00:00,105.6500015258789
2008-08-05 00:00:00+00:00,105.08000183105469
2008-08-06 00:00:00+00:00,104.80999755859375
2008-08-07 00:00:00+00:00,105.88999938964844
2008-08-08 00:00:00+00:00,105.75
2008-08-11 00:00:00+00:00,104.80000305175781
2008-08-12 00:00:00+00:00,105.29000091552734
2008-08-13 00:00:00+00:00,105.27999877929688
2008-08-14 00:00:00+00:00,105.81999969482422
2008-08-15 00:00:00+00:00,106.08000183105469
2008-08-18 00:00:00+00:00,106.18000030517578
2008-08-19 00:00:00+00:00,106.06999969482422
2008-08-20 00:00:00+00:00,106.51000213623047
2008-08-21 00:00:00+00:00,106.69000244140625
2008-08-22 00:00:00+00:00,106.27999877929688
2008-08-25 00:00:00+00:00,106.68000030517578
2008-08-26 00:00:00+00:00,106.72000122070312
2008-08-27 00:00:00+00:00,107.0
2008-08-28 00:00:00+00:00,106.66999816894531
2008-08-29 00:00:00+00:00,106.36000061035156
2008-09-02 00:00:00+00:00,105.48999786376953
2008-09-03 00:00:00+00:00,105.30999755859375
2008-09-04 00:00:00+00:00,105.1500015258789
2008-09-05 00:00:00+00:00,105.18000030517578
2008-09-08 00:00:00+00:00,105.58999633789062
2008-09-09 00:00:00+00:00,105.7699966430664
2008-09-10 00:00:00+00:00,105.72000122070312
2008-09-11 00:00:00+00:00,105.80000305175781
2008-09-12 00:00:00+00:00,105.05000305175781
2008-09-15 00:00:00+00:00,105.66999816894531
2008-09-16 00:00:00+00:00,104.62000274658203
2008-09-17 00:00:00+00:00,105.0
2008-09-18 00:00:00+00:00,103.61000061035156
2008-09-19 00:00:00+00:00,104.13999938964844
2008-09-22 00:00:00+00:00,104.5
2008-09-23 00:00:00+00:00,103.43000030517578
2008-09-24 00:00:00+00:00,102.91999816894531
2008-09-25 00:00:00+00:00,102.87999725341797
2008-09-26 00:00:00+00:00,102.66000366210938
2008-09-29 00:00:00+00:00,103.06999969482422
2008-09-30 00:00:00+00:00,101.30000305175781
2008-10-01 00:00:00+00:00,101.83000183105469
2008-10-02 00:00:00+00:00,101.62000274658203
2008-10-03 00:00:00+00:00,101.86000061035156
2008-10-06 00:00:00+00:00,101.77999877929688
2008-10-07 00:00:00+00:00,100.91000366210938
2008-10-08 00:00:00+00:00,97.93000030517578
2008-10-09 00:00:00+00:00,97.33999633789062
2008-10-10 00:00:00+00:00,95.37999725341797
2008-10-13 00:00:00+00:00,94.0
2008-10-14 00:00:00+00:00,96.1500015258789
2008-10-15 00:00:00+00:00,96.4800033569336
2008-10-16 00:00:00+00:00,95.86000061035156
2008-10-17 00:00:00+00:00,95.47000122070312
2008-10-20 00:00:00+00:00,96.77999877929688
2008-10-21 00:00:00+00:00,96.93000030517578
2008-10-22 00:00:00+00:00,97.6500015258789
2008-10-23 00:00:00+00:00,96.66000366210938
2008-10-24 00:00:00+00:00,94.3499984741211
2008-10-27 00:00:00+00:00,93.3499984741211
2008-10-28 00:00:00+00:00,92.79000091552734
2008-10-29 00:00:00+00:00,93.4000015258789
2008-10-30 00:00:00+00:00,92.87999725341797
2008-10-31 00:00:00+00:00,92.37000274658203
2008-11-03 00:00:00+00:00,93.1500015258789
2008-11-04 00:00:00+00:00,94.58999633789062
2008-11-05 00:00:00+00:00,95.26000213623047
2008-11-06 00:00:00+00:00,94.86000061035156
2008-11-07 00:00:00+00:00,94.44999694824219
2008-11-10 00:00:00+00:00,94.77999877929688
2008-11-11 00:00:00+00:00,95.0
2008-11-12 00:00:00+00:00,95.1500015258789
2008-11-13 00:00:00+00:00,94.55999755859375
2008-11-14 00:00:00+00:00,95.5199966430664
2008-11-17 00:00:00+00:00,95.61000061035156
2008-11-18 00:00:00+00:00,94.63999938964844
2008-11-19 00:00:00+00:00,94.62000274658203
2008-11-20 00:00:00+00:00,93.4800033569336
2008-11-21 00:00:00+00:00,92.52999877929688
2008-11-24 00:00:00+00:00,90.7300033569336
2008-11-25 00:00:00+00:00,92.38999938964844
2008-11-26 00:00:00+00:00,92.88999938964844
2008-11-28 00:00:00+00:00,93.18000030517578
2008-12-01 00:00:00+00:00,95.05000305175781
2008-12-02 00:00:00+00:00,95.88999938964844
2008-12-03 00:00:00+00:00,97.16000366210938
2008-12-04 00:00:00+00:00,97.93000030517578
2008-12-05 00:00:00+00:00,97.25
2008-12-08 00:00:00+00:00,96.0
2008-12-09 00:00:00+00:00,96.56999969482422
2008-12-10 00:00:00+00:00,95.94000244140625
2008-12-11 00:00:00+00:00,97.0
2008-12-12 00:00:00+00:00,96.61000061035156
2008-12-15 00:00:00+00:00,96.19999694824219
2008-12-16 00:00:00+00:00,99.29000091552734
2008-12-17 00:00:00+00:00,101.19000244140625
2008-12-18 00:00:00+00:00,101.75
2008-12-19 00:00:00+00:00,100.01000213623047
2008-12-22 00:00:00+00:00,100.7300033569336
2008-12-23 00:00:00+00:00,100.4800033569336
2008-12-24 00:00:00+00:00,100.5
2008-12-26 00:00:00+00:00,100.7300033569336
2008-12-29 00:00:00+00:00,100.4000015258789
2008-12-30 00:00:00+00:00,98.94000244140625
2008-12-31 00:00:00+00:00,99.23999786376953
2009-01-02 00:00:00+00:00,97.37999725341797
2009-01-05 00:00:00+00:00,97.0199966430664
2009-01-06 00:00:00+00:00,97.73999786376953
2009-01-07 00:00:00+00:00,97.86000061035156
2009-01-08 00:00:00+00:00,98.63999938964844
2009-01-09 00:00:00+00:00,99.51000213623047
2009-01-12 00:00:00+00:00,100.01000213623047
2009-01-13 00:00:00+00:00,99.98999786376953
2009-01-14 00:00:00+00:00,100.11000061035156
2009-01-15 00:00:00+00:00,100.11000061035156
2009-01-16 00:00:00+00:00,99.69999694824219
2009-01-20 00:00:00+00:00,99.63999938964844
2009-01-21 00:00:00+00:00,98.12000274658203
2009-01-22 00:00:00+00:00,98.29000091552734
2009-01-23 00:00:00+00:00,98.6500015258789
2009-01-26 00:00:00+00:00,98.31999969482422
2009-01-27 00:00:00+00:00,99.16999816894531
2009-01-28 00:00:00+00:00,99.2300033569336
2009-01-29 00:00:00+00:00,98.73999786376953
2009-01-30 00:00:00+00:00,99.19999694824219
2009-02-02 00:00:00+00:00,99.55999755859375
2009-02-03 00:00:00+00:00,99.19999694824219
2009-02-04 00:00:00+00:00,99.0
2009-02-05 00:00:00+00:00,98.88999938964844
2009-02-06 00:00:00+00:00,99.45999908447266
2009-02-09 00:00:00+00:00,100.5
2009-02-10 00:00:00+00:00,100.95999908447266
2009-02-11 00:00:00+00:00,100.69000244140625
2009-02-12 00:00:00+00:00,100.33000183105469
2009-02-13 00:00:00+00:00,99.91000366210938
2009-02-17 00:00:00+00:00,100.5199966430664
2009-02-18 00:00:00+00:00,99.88999938964844
2009-02-19 00:00:00+00:00,99.61000061035156
2009-02-20 00:00:00+00:00,99.95999908447266
2009-02-23 00:00:00+00:00,99.86000061035156
2009-02-24 00:00:00+00:00,99.0
2009-02-25 00:00:00+00:00,98.41000366210938
2009-02-26 00:00:00+00:00,97.62000274658203
2009-02-27 00:00:00+00:00,97.0199966430664
2009-03-02 00:00:00+00:00,97.62999725341797
2009-03-03 00:00:00+00:00,97.41000366210938
2009-03-04 00:00:00+00:00,97.22000122070312
2009-03-05 00:00:00+00:00,98.12000274658203
2009-03-06 00:00:00+00:00,97.47000122070312
2009-03-09 00:00:00+00:00,97.0999984741211
2009-03-10 00:00:00+00:00,96.4800033569336
2009-03-11 00:00:00+00:00,96.95999908447266
2009-03-12 00:00:00+00:00,98.43000030517578
2009-03-13 00:00:00+00:00,98.4000015258789
2009-03-16 00:00:00+00:00,98.30000305175781
2009-03-17 00:00:00+00:00,98.19999694824219
2009-03-18 00:00:00+00:00,101.83000183105469
2009-03-19 00:00:00+00:00,102.30000305175781
2009-03-20 00:00:00+00:00,101.79000091552734
2009-03-23 00:00:00+00:00,101.7699966430664
2009-03-24 00:00:00+00:00,102.3499984741211
2009-03-25 00:00:00+00:00,102.19999694824219
2009-03-26 00:00:00+00:00,103.33999633789062
2009-03-27 00:00:00+00:00,103.08000183105469
2009-03-30 00:00:00+00:00,103.2699966430664
2009-03-31 00:00:00+00:00,102.75
2009-04-01 00:00:00+00:00,102.63999938964844
2009-04-02 00:00:00+00:00,102.01000213623047
2009-04-03 00:00:00+00:00,101.33999633789062
2009-04-06 00:00:00+00:00,101.26000213623047
2009-04-07 00:00:00+00:00,101.12000274658203
2009-04-08 00:00:00+00:00,101.62000274658203
2009-04-09 00:00:00+00:00,101.30999755859375
2009-04-13 00:00:00+00:00,101.7699966430664
2009-04-14 00:00:00+00:00,101.81999969482422
2009-04-15 00:00:00+00:00,101.87999725341797
2009-04-16 00:00:00+00:00,101.5
2009-04-17 00:00:00+00:00,100.5
2009-04-20 00:00:00+00:00,100.58999633789062
2009-04-21 00:00:00+00:00,100.25
2009-04-22 00:00:00+00:00,100.5
2009-04-23 00:00:00+00:00,101.02999877929688
2009-04-24 00:00:00+00:00,101.25
2009-04-27 00:00:00+00:00,101.3499984741211
2009-04-28 00:00:00+00:00,101.3499984741211
2009-04-29 00:00:00+00:00,100.93000030517578
2009-04-30 00:00:00+00:00,100.44000244140625
2009-05-01 00:00:00+00:00,98.8499984741211
2009-05-04 00:00:00+00:00,99.02999877929688
2009-05-05 00:00:00+00:00,99.05999755859375
2009-05-06 00:00:00+00:00,99.45999908447266
2009-05-07 00:00:00+00:00,99.55999755859375
2009-05-08 00:00:00+00:00,99.5999984741211
2009-05-11 00:00:00+00:00,100.0999984741211
2009-05-12 00:00:00+00:00,100.41000366210938
2009-05-13 00:00:00+00:00,100.38999938964844
2009-05-14 00:00:00+00:00,100.94999694824219
2009-05-15 00:00:00+00:00,101.16000366210938
2009-05-18 00:00:00+00:00,101.12999725341797
2009-05-19 00:00:00+00:00,101.33000183105469
2009-05-20 00:00:00+00:00,101.87000274658203
2009-05-21 00:00:00+00:00,100.87000274658203
2009-05-22 00:00:00+00:00,101.05000305175781
2009-05-26 00:00:00+00:00,100.62000274658203
2009-05-27 00:00:00+00:00,100.38999938964844
2009-05-28 00:00:00+00:00,100.5
2009-05-29 00:00:00+00:00,101.80999755859375
2009-06-01 00:00:00+00:00,100.62999725341797
2009-06-02 00:00:00+00:00,101.3499984741211
2009-06-03 00:00:00+00:00,101.30999755859375
2009-06-04 00:00:00+00:00,100.29000091552734
2009-06-05 00:00:00+00:00,99.9000015258789
2009-06-08 00:00:00+00:00,99.51000213623047
2009-06-09 00:00:00+00:00,100.18000030517578
2009-06-10 00:00:00+00:00,100.2300033569336
2009-06-11 00:00:00+00:00,100.41999816894531
2009-06-12 00:00:00+00:00,100.2300033569336
2009-06-15 00:00:00+00:00,100.12000274658203
2009-06-16 00:00:00+00:00,100.44999694824219
2009-06-17 00:00:00+00:00,99.79000091552734
2009-06-18 00:00:00+00:00,99.54000091552734
2009-06-19 00:00:00+00:00,100.16999816894531
2009-06-22 00:00:00+00:00,100.33999633789062
2009-06-23 00:00:00+00:00,100.83000183105469
2009-06-24 00:00:00+00:00,100.30999755859375
2009-06-25 00:00:00+00:00,100.88999938964844
2009-06-26 00:00:00+00:00,100.88999938964844
2009-06-29 00:00:00+00:00,100.95999908447266
2009-06-30 00:00:00+00:00,101.63999938964844
2009-07-01 00:00:00+00:00,101.04000091552734
2009-07-02 00:00:00+00:00,100.79000091552734
2009-07-06 00:00:00+00:00,100.55000305175781
2009-07-07 00:00:00+00:00,100.70999908447266
2009-07-08 00:00:00+00:00,101.06999969482422
2009-07-09 00:00:00+00:00,100.25
2009-07-10 00:00:00+00:00,100.6500015258789
2009-07-13 00:00:00+00:00,100.23999786376953
2009-07-14 00:00:00+00:00,100.16000366210938
2009-07-15 00:00:00+00:00,99.88999938964844
2009-07-16 00:00:00+00:00,100.51000213623047
2009-07-17 00:00:00+00:00,100.47000122070312
2009-07-20 00:00:00+00:00,101.05000305175781
2009-07-21 00:00:00+00:00,101.27999877929688
2009-07-22 00:00:00+00:00,101.01000213623047
2009-07-23 00:00:00+00:00,100.5199966430664
2009-07-24 00:00:00+00:00,100.56999969482422
2009-07-27 00:00:00+00:00,100.37999725341797
2009-07-28 00:00:00+00:00,100.29000091552734
2009-07-29 00:00:00+00:00,100.23999786376953
2009-07-30 00:00:00+00:00,100.80999755859375
2009-07-31 00:00:00+00:00,101.33999633789062
2009-08-03 00:00:00+00:00,100.38999938964844
2009-08-04 00:00:00+00:00,100.02999877929688
2009-08-05 00:00:00+00:00,100.11000061035156
2009-08-06 00:00:00+00:00,99.94999694824219
2009-08-07 00:00:00+00:00,100.08000183105469
2009-08-10 00:00:00+00:00,100.2699966430664
2009-08-11 00:00:00+00:00,100.70999908447266
2009-08-12 00:00:00+00:00,100.31999969482422
2009-08-13 00:00:00+00:00,100.6500015258789
2009-08-14 00:00:00+00:00,100.54000091552734
2009-08-17 00:00:00+00:00,100.9000015258789
2009-08-18 00:00:00+00:00,101.12000274658203
2009-08-19 00:00:00+00:00,101.62999725341797
2009-08-20 00:00:00+00:00,102.23999786376953
2009-08-21 00:00:00+00:00,101.83000183105469
2009-08-24 00:00:00+00:00,102.19000244140625
2009-08-25 00:00:00+00:00,101.88999938964844
2009-08-26 00:00:00+00:00,102.18000030517578
2009-08-27 00:00:00+00:00,101.80999755859375
2009-08-28 00:00:00+00:00,101.8499984741211
2009-08-31 00:00:00+00:00,101.76000213623047
2009-09-01 00:00:00+00:00,100.9800033569336
2009-09-02 00:00:00+00:00,101.13999938964844
2009-09-03 00:00:00+00:00,101.2699966430664
2009-09-04 00:00:00+00:00,101.25
2009-09-08 00:00:00+00:00,101.45999908447266
2009-09-09 00:00:00+00:00,101.77999877929688
2009-09-10 00:00:00+00:00,102.0199966430664
2009-09-11 00:00:00+00:00,102.25
2009-09-14 00:00:00+00:00,102.0199966430664
2009-09-15 00:00:00+00:00,102.08000183105469
2009-09-16 00:00:00+00:00,102.27999877929688
2009-09-17 00:00:00+00:00,102.41000366210938
2009-09-18 00:00:00+00:00,101.94000244140625
2009-09-21 00:00:00+00:00,101.83000183105469
2009-09-22 00:00:00+00:00,102.06999969482422
2009-09-23 00:00:00+00:00,102.29000091552734
2009-09-24 00:00:00+00:00,102.19000244140625
2009-09-25 00:00:00+00:00,102.33999633789062
2009-09-28 00:00:00+00:00,102.55000305175781
2009-09-29 00:00:00+00:00,102.51000213623047
2009-09-30 00:00:00+00:00,102.87999725341797
2009-10-01 00:00:00+00:00,103.12000274658203
2009-10-02 00:00:00+00:00,102.91999816894531
2009-10-05 00:00:00+00:00,102.9800033569336
2009-10-06 00:00:00+00:00,102.97000122070312
2009-10-07 00:00:00+00:00,103.41999816894531
2009-10-08 00:00:00+00:00,103.31999969482422
2009-10-09 00:00:00+00:00,102.79000091552734
2009-10-12 00:00:00+00:00,103.04000091552734
2009-10-13 00:00:00+00:00,103.62000274658203
2009-10-14 00:00:00+00:00,103.16999816894531
2009-10-15 00:00:00+00:00,103.25
2009-10-16 00:00:00+00:00,103.58000183105469
2009-10-19 00:00:00+00:00,104.23999786376953
2009-10-20 00:00:00+00:00,104.33000183105469
2009-10-21 00:00:00+00:00,103.91999816894531
2009-10-22 00:00:00+00:00,103.41000366210938
2009-10-23 00:00:00+00:00,103.19000244140625
2009-10-26 00:00:00+00:00,102.72000122070312
2009-10-27 00:00:00+00:00,103.54000091552734
2009-10-28 00:00:00+00:00,103.62000274658203
2009-10-29 00:00:00+00:00,103.62999725341797
2009-10-30 00:00:00+00:00,104.01000213623047
2009-11-02 00:00:00+00:00,103.87000274658203
2009-11-03 00:00:00+00:00,103.66000366210938
2009-11-04 00:00:00+00:00,103.86000061035156
2009-11-05 00:00:00+00:00,104.05999755859375
2009-11-06 00:00:00+00:00,104.31999969482422
2009-11-09 00:00:00+00:00,104.86000061035156
2009-11-10 00:00:00+00:00,104.68000030517578
2009-11-11 00:00:00+00:00,105.05999755859375
2009-11-12 00:00:00+00:00,104.56999969482422
2009-11-13 00:00:00+00:00,104.61000061035156
2009-11-16 00:00:00+00:00,105.4000015258789
2009-11-17 00:00:00+00:00,105.68000030517578
2009-11-18 00:00:00+00:00,105.6500015258789
2009-11-19 00:00:00+00:00,105.66000366210938
2009-11-20 00:00:00+00:00,105.66000366210938
2009-11-23 00:00:00+00:00,105.75
2009-11-24 00:00:00+00:00,105.86000061035156
2009-11-25 00:00:00+00:00,106.27999877929688
2009-11-27 00:00:00+00:00,106.51000213623047
2009-11-30 00:00:00+00:00,106.56999969482422
2009-12-01 00:00:00+00:00,106.18000030517578
2009-12-02 00:00:00+00:00,106.06999969482422
2009-12-03 00:00:00+00:00,105.72000122070312
2009-12-04 00:00:00+00:00,104.86000061035156
2009-12-07 00:00:00+00:00,105.02999877929688
2009-12-08 00:00:00+00:00,104.9800033569336
2009-12-09 00:00:00+00:00,104.5199966430664
2009-12-10 00:00:00+00:00,104.18000030517578
2009-12-11 00:00:00+00:00,104.22000122070312
2009-12-14 00:00:00+00:00,104.58000183105469
2009-12-15 00:00:00+00:00,104.56999969482422
2009-12-16 00:00:00+00:00,104.75
2009-12-17 00:00:00+00:00,105.19999694824219
2009-12-18 00:00:00+00:00,105.04000091552734
2009-12-21 00:00:00+00:00,104.55000305175781
2009-12-22 00:00:00+00:00,104.20999908447266
2009-12-23 00:00:00+00:00,104.05999755859375
2009-12-24 00:00:00+00:00,103.77999877929688
2009-12-28 00:00:00+00:00,103.75
2009-12-29 00:00:00+00:00,103.83000183105469
2009-12-30 00:00:00+00:00,103.98999786376953
2009-12-31 00:00:00+00:00,103.9000015258789
2010-01-04 00:00:00+00:00,104.16999816894531
2010-01-05 00:00:00+00:00,104.51000213623047
2010-01-06 00:00:00+00:00,104.23999786376953
2010-01-07 00:00:00+00:00,104.4000015258789
2010-01-08 00:00:00+00:00,104.62000274658203
2010-01-11 00:00:00+00:00,104.38999938964844
2010-01-12 00:00:00+00:00,104.87000274658203
2010-01-13 00:00:00+00:00,104.4000015258789
2010-01-14 00:00:00+00:00,104.66999816894531
2010-01-15 00:00:00+00:00,105.01000213623047
2010-01-19 00:00:00+00:00,104.93000030517578
2010-01-20 00:00:00+00:00,105.08999633789062
2010-01-21 00:00:00+00:00,105.29000091552734
2010-01-22 00:00:00+00:00,105.19000244140625
2010-01-25 00:00:00+00:00,104.91999816894531
2010-01-26 00:00:00+00:00,105.23999786376953
2010-01-27 00:00:00+00:00,104.95999908447266
2010-01-28 00:00:00+00:00,105.0999984741211
2010-01-29 00:00:00+00:00,105.48999786376953
2010-02-01 00:00:00+00:00,105.23999786376953
2010-02-02 00:00:00+00:00,105.43000030517578
2010-02-03 00:00:00+00:00,105.0
2010-02-04 00:00:00+00:00,105.27999877929688
2010-02-05 00:00:00+00:00,105.08999633789062
2010-02-08 00:00:00+00:00,104.93000030517578
2010-02-09 00:00:00+00:00,104.56999969482422
2010-02-10 00:00:00+00:00,104.26000213623047
2010-02-11 00:00:00+00:00,104.01000213623047
2010-02-12 00:00:00+00:00,104.01000213623047
2010-02-16 00:00:00+00:00,104.30999755859375
2010-02-17 00:00:00+00:00,104.11000061035156
2010-02-18 00:00:00+00:00,104.0199966430664
2010-02-19 00:00:00+00:00,103.83999633789062
2010-02-22 00:00:00+00:00,103.58000183105469
2010-02-23 00:00:00+00:00,103.9000015258789
2010-02-24 00:00:00+00:00,103.69999694824219
2010-02-25 00:00:00+00:00,103.69999694824219
2010-02-26 00:00:00+00:00,103.91000366210938
2010-03-01 00:00:00+00:00,103.91999816894531
2010-03-02 00:00:00+00:00,104.0
2010-03-03 00:00:00+00:00,103.95999908447266
2010-03-04 00:00:00+00:00,104.06999969482422
2010-03-05 00:00:00+00:00,103.83999633789062
2010-03-08 00:00:00+00:00,103.75
2010-03-09 00:00:00+00:00,103.93000030517578
2010-03-10 00:00:00+00:00,103.81999969482422
2010-03-11 00:00:00+00:00,103.94000244140625
2010-03-12 00:00:00+00:00,104.20999908447266
2010-03-15 00:00:00+00:00,104.19000244140625
2010-03-16 00:00:00+00:00,104.58000183105469
2010-03-17 00:00:00+00:00,104.80000305175781
2010-03-18 00:00:00+00:00,104.37999725341797
2010-03-19 00:00:00+00:00,104.18000030517578
2010-03-22 00:00:00+00:00,104.41999816894531
2010-03-23 00:00:00+00:00,104.33999633789062
2010-03-24 00:00:00+00:00,103.5
2010-03-25 00:00:00+00:00,103.36000061035156
2010-03-26 00:00:00+00:00,103.48999786376953
2010-03-29 00:00:00+00:00,103.36000061035156
2010-03-30 00:00:00+00:00,103.44999694824219
2010-03-31 00:00:00+00:00,103.9000015258789
2010-04-01 00:00:00+00:00,103.44000244140625
2010-04-05 00:00:00+00:00,102.70999908447266
2010-04-06 00:00:00+00:00,103.12000274658203
2010-04-07 00:00:00+00:00,103.8499984741211
2010-04-08 00:00:00+00:00,103.75
2010-04-09 00:00:00+00:00,103.86000061035156
2010-04-12 00:00:00+00:00,104.1500015258789
2010-04-13 00:00:00+00:00,104.23999786376953
2010-04-14 00:00:00+00:00,104.11000061035156
2010-04-15 00:00:00+00:00,104.41000366210938
2010-04-16 00:00:00+00:00,104.6500015258789
2010-04-19 00:00:00+00:00,104.4000015258789
2010-04-20 00:00:00+00:00,104.6500015258789
2010-04-21 00:00:00+00:00,104.97000122070312
2010-04-22 00:00:00+00:00,104.66999816894531
2010-04-23 00:00:00+00:00,104.68000030517578
2010-04-26 00:00:00+00:00,104.7699966430664
2010-04-27 00:00:00+00:00,105.37999725341797
2010-04-28 00:00:00+00:00,105.16999816894531
2010-04-29 00:00:00+00:00,105.72000122070312
2010-04-30 00:00:00+00:00,106.05999755859375
2010-05-03 00:00:00+00:00,105.70999908447266
2010-05-04 00:00:00+00:00,105.87000274658203
2010-05-05 00:00:00+00:00,105.91999816894531
2010-05-06 00:00:00+00:00,106.4000015258789
2010-05-07 00:00:00+00:00,106.16999816894531
2010-05-10 00:00:00+00:00,105.87000274658203
2010-05-11 00:00:00+00:00,106.06999969482422
2010-05-12 00:00:00+00:00,106.19999694824219
2010-05-13 00:00:00+00:00,106.29000091552734
2010-05-14 00:00:00+00:00,106.5999984741211
2010-05-17 00:00:00+00:00,106.2300033569336
2010-05-18 00:00:00+00:00,106.77999877929688
2010-05-19 00:00:00+00:00,106.0999984741211
2010-05-20 00:00:00+00:00,106.08999633789062
2010-05-21 00:00:00+00:00,106.16000366210938
2010-05-24 00:00:00+00:00,106.05000305175781
2010-05-25 00:00:00+00:00,105.69999694824219
2010-05-26 00:00:00+00:00,105.9000015258789
2010-05-27 00:00:00+00:00,105.51000213623047
2010-05-28 00:00:00+00:00,106.0999984741211
2010-06-01 00:00:00+00:00,105.36000061035156
2010-06-02 00:00:00+00:00,105.25
2010-06-03 00:00:00+00:00,105.30000305175781
2010-06-04 00:00:00+00:00,105.97000122070312
2010-06-07 00:00:00+00:00,106.05999755859375
2010-06-08 00:00:00+00:00,105.79000091552734
2010-06-09 00:00:00+00:00,105.9000015258789
2010-06-10 00:00:00+00:00,105.12000274658203
2010-06-11 00:00:00+00:00,105.7300033569336
2010-06-14 00:00:00+00:00,105.7300033569336
2010-06-15 00:00:00+00:00,105.58999633789062
2010-06-16 00:00:00+00:00,105.91999816894531
2010-06-17 00:00:00+00:00,106.43000030517578
2010-06-18 00:00:00+00:00,106.25
2010-06-21 00:00:00+00:00,106.30999755859375
2010-06-22 00:00:00+00:00,106.55999755859375
2010-06-23 00:00:00+00:00,106.58000183105469
2010-06-24 00:00:00+00:00,106.27999877929688
2010-06-25 00:00:00+00:00,106.6500015258789
2010-06-28 00:00:00+00:00,106.9000015258789
2010-06-29 00:00:00+00:00,106.98999786376953
2010-06-30 00:00:00+00:00,106.91000366210938
2010-07-01 00:00:00+00:00,106.0199966430664
2010-07-02 00:00:00+00:00,105.81999969482422
2010-07-06 00:00:00+00:00,105.94000244140625
2010-07-07 00:00:00+00:00,105.5
2010-07-08 00:00:00+00:00,105.66000366210938
2010-07-09 00:00:00+00:00,105.73999786376953
2010-07-12 00:00:00+00:00,105.66999816894531
2010-07-13 00:00:00+00:00,105.55000305175781
2010-07-14 00:00:00+00:00,105.8499984741211
2010-07-15 00:00:00+00:00,105.9800033569336
2010-07-16 00:00:00+00:00,105.7300033569336
2010-07-19 00:00:00+00:00,105.31999969482422
2010-07-20 00:00:00+00:00,105.44000244140625
2010-07-21 00:00:00+00:00,105.98999786376953
2010-07-22 00:00:00+00:00,105.88999938964844
2010-07-23 00:00:00+00:00,105.62000274658203
2010-07-26 00:00:00+00:00,105.66000366210938
2010-07-27 00:00:00+00:00,105.51000213623047
2010-07-28 00:00:00+00:00,105.86000061035156
2010-07-29 00:00:00+00:00,105.98999786376953
2010-07-30 00:00:00+00:00,106.37000274658203
2010-08-02 00:00:00+00:00,106.37000274658203
2010-08-03 00:00:00+00:00,106.93000030517578
2010-08-04 00:00:00+00:00,106.56999969482422
2010-08-05 00:00:00+00:00,106.95999908447266
2010-08-06 00:00:00+00:00,107.05999755859375
2010-08-09 00:00:00+00:00,107.01000213623047
2010-08-10 00:00:00+00:00,107.66999816894531
2010-08-11 00:00:00+00:00,107.66000366210938
2010-08-12 00:00:00+00:00,106.94999694824219
2010-08-13 00:00:00+00:00,107.2300033569336
2010-08-16 00:00:00+00:00,107.58000183105469
2010-08-17 00:00:00+00:00,107.33999633789062
2010-08-18 00:00:00+00:00,107.27999877929688
2010-08-19 00:00:00+00:00,107.29000091552734
2010-08-20 00:00:00+00:00,107.16000366210938
2010-08-23 00:00:00+00:00,107.16000366210938
2010-08-24 00:00:00+00:00,107.5199966430664
2010-08-25 00:00:00+00:00,107.5199966430664
2010-08-26 00:00:00+00:00,108.0999984741211
2010-08-27 00:00:00+00:00,107.45999908447266
2010-08-30 00:00:00+00:00,107.94000244140625
2010-08-31 00:00:00+00:00,108.23999786376953
2010-09-01 00:00:00+00:00,107.75
2010-09-02 00:00:00+00:00,107.55000305175781
2010-09-03 00:00:00+00:00,107.37999725341797
2010-09-07 00:00:00+00:00,107.9800033569336
2010-09-08 00:00:00+00:00,107.66000366210938
2010-09-09 00:00:00+00:00,107.41999816894531
2010-09-10 00:00:00+00:00,107.52999877929688
2010-09-13 00:00:00+00:00,108.26000213623047
2010-09-14 00:00:00+00:00,108.1500015258789
2010-09-15 00:00:00+00:00,107.91999816894531
2010-09-16 00:00:00+00:00,107.69999694824219
2010-09-17 00:00:00+00:00,107.38999938964844
2010-09-20 00:00:00+00:00,107.80999755859375
2010-09-21 00:00:00+00:00,109.19000244140625
2010-09-22 00:00:00+00:00,109.33999633789062
2010-09-23 00:00:00+00:00,109.26000213623047
2010-09-24 00:00:00+00:00,108.70999908447266
2010-09-27 00:00:00+00:00,109.02999877929688
2010-09-28 00:00:00+00:00,109.79000091552734
2010-09-29 00:00:00+00:00,109.30000305175781
2010-09-30 00:00:00+00:00,109.05999755859375
2010-10-01 00:00:00+00:00,109.22000122070312
2010-10-04 00:00:00+00:00,109.38999938964844
2010-10-05 00:00:00+00:00,110.08999633789062
2010-10-06 00:00:00+00:00,111.05999755859375
2010-10-07 00:00:00+00:00,110.80999755859375
2010-10-08 00:00:00+00:00,111.54000091552734
2010-10-11 00:00:00+00:00,111.54000091552734
2010-10-12 00:00:00+00:00,111.19999694824219
2010-10-13 00:00:00+00:00,111.87000274658203
2010-10-14 00:00:00+00:00,112.22000122070312
2010-10-15 00:00:00+00:00,111.5
2010-10-18 00:00:00+00:00,111.75
2010-10-19 00:00:00+00:00,111.80999755859375
2010-10-20 00:00:00+00:00,111.77999877929688
2010-10-21 00:00:00+00:00,111.77999877929688
2010-10-22 00:00:00+00:00,111.80999755859375
2010-10-25 00:00:00+00:00,112.1500015258789
2010-10-26 00:00:00+00:00,111.54000091552734
2010-10-27 00:00:00+00:00,110.8499984741211
2010-10-28 00:00:00+00:00,111.25
2010-10-29 00:00:00+00:00,111.62000274658203
2010-11-01 00:00:00+00:00,111.54000091552734
2010-11-02 00:00:00+00:00,111.80999755859375
2010-11-03 00:00:00+00:00,111.61000061035156
2010-11-04 00:00:00+00:00,111.87999725341797
2010-11-05 00:00:00+00:00,111.5
2010-11-08 00:00:00+00:00,111.6500015258789
2010-11-09 00:00:00+00:00,110.63999938964844
2010-11-10 00:00:00+00:00,110.91000366210938
2010-11-11 00:00:00+00:00,110.91999816894531
2010-11-12 00:00:00+00:00,110.01000213623047
2010-11-15 00:00:00+00:00,108.62999725341797
2010-11-16 00:00:00+00:00,108.83000183105469
2010-11-17 00:00:00+00:00,108.8499984741211
2010-11-18 00:00:00+00:00,109.02999877929688
2010-11-19 00:00:00+00:00,109.33999633789062
2010-11-22 00:00:00+00:00,109.72000122070312
2010-11-23 00:00:00+00:00,109.76000213623047
2010-11-24 00:00:00+00:00,109.18000030517578
2010-11-26 00:00:00+00:00,109.5
2010-11-29 00:00:00+00:00,109.62000274658203
2010-11-30 00:00:00+00:00,109.4800033569336
2010-12-01 00:00:00+00:00,108.58999633789062
2010-12-02 00:00:00+00:00,108.55000305175781
2010-12-03 00:00:00+00:00,108.54000091552734
2010-12-06 00:00:00+00:00,108.97000122070312
2010-12-07 00:00:00+00:00,107.88999938964844
2010-12-08 00:00:00+00:00,106.83999633789062
2010-12-09 00:00:00+00:00,106.70999908447266
2010-12-10 00:00:00+00:00,106.19000244140625
2010-12-13 00:00:00+00:00,106.83000183105469
2010-12-14 00:00:00+00:00,105.80999755859375
2010-12-15 00:00:00+00:00,106.13999938964844
2010-12-16 00:00:00+00:00,106.61000061035156
2010-12-17 00:00:00+00:00,107.33000183105469
2010-12-20 00:00:00+00:00,107.31999969482422
2010-12-21 00:00:00+00:00,107.5
2010-12-22 00:00:00+00:00,107.41999816894531
2010-12-23 00:00:00+00:00,107.0199966430664
2010-12-27 00:00:00+00:00,107.25
2010-12-28 00:00:00+00:00,106.19000244140625
2010-12-29 00:00:00+00:00,106.87999725341797
2010-12-30 00:00:00+00:00,106.77999877929688
2010-12-31 00:00:00+00:00,107.5199966430664
2011-01-03 00:00:00+00:00,107.06999969482422
2011-01-04 00:00:00+00:00,107.33999633789062
2011-01-05 00:00:00+00:00,106.93000030517578
2011-01-06 00:00:00+00:00,107.23999786376953
2011-01-07 00:00:00+00:00,107.58000183105469
2011-01-10 00:00:00+00:00,107.88999938964844
2011-01-11 00:00:00+00:00,107.93000030517578
2011-01-12 00:00:00+00:00,107.9000015258789
2011-01-13 00:00:00+00:00,108.2300033569336
2011-01-14 00:00:00+00:00,107.76000213623047
2011-01-18 00:00:00+00:00,107.77999877929688
2011-01-19 00:00:00+00:00,107.81999969482422
2011-01-20 00:00:00+00:00,106.80000305175781
2011-01-21 00:00:00+00:00,107.0
2011-01-24 00:00:00+00:00,106.93000030517578
2011-01-25 00:00:00+00:00,107.3499984741211
2011-01-26 00:00:00+00:00,107.16999816894531
2011-01-27 00:00:00+00:00,107.0999984741211
2011-01-28 00:00:00+00:00,107.51000213623047
2011-01-31 00:00:00+00:00,107.54000091552734
2011-02-01 00:00:00+00:00,107.27999877929688
2011-02-02 00:00:00+00:00,106.98999786376953
2011-02-03 00:00:00+00:00,106.43000030517578
2011-02-04 00:00:00+00:00,105.83000183105469
2011-02-07 00:00:00+00:00,105.80999755859375
2011-02-08 00:00:00+00:00,105.26000213623047
2011-02-09 00:00:00+00:00,105.55999755859375
2011-02-10 00:00:00+00:00,104.91000366210938
2011-02-11 00:00:00+00:00,105.44999694824219
2011-02-14 00:00:00+00:00,105.52999877929688
2011-02-15 00:00:00+00:00,105.66000366210938
2011-02-16 00:00:00+00:00,105.51000213623047
2011-02-17 00:00:00+00:00,105.91000366210938
2011-02-18 00:00:00+00:00,106.45999908447266
2011-02-22 00:00:00+00:00,107.30000305175781
2011-02-23 00:00:00+00:00,107.69000244140625
2011-02-24 00:00:00+00:00,108.08000183105469
2011-02-25 00:00:00+00:00,108.44000244140625
2011-02-28 00:00:00+00:00,108.1500015258789
2011-03-01 00:00:00+00:00,108.5
2011-03-02 00:00:00+00:00,108.18000030517578
2011-03-03 00:00:00+00:00,107.88999938964844
2011-03-04 00:00:00+00:00,108.61000061035156
2011-03-07 00:00:00+00:00,108.5199966430664
2011-03-08 00:00:00+00:00,108.58999633789062
2011-03-09 00:00:00+00:00,108.73999786376953
2011-03-10 00:00:00+00:00,109.36000061035156
2011-03-11 00:00:00+00:00,109.18000030517578
2011-03-14 00:00:00+00:00,109.33999633789062
2011-03-15 00:00:00+00:00,109.30999755859375
2011-03-16 00:00:00+00:00,110.08999633789062
2011-03-17 00:00:00+00:00,110.30999755859375
2011-03-18 00:00:00+00:00,110.2300033569336
2011-03-21 00:00:00+00:00,109.76000213623047
2011-03-22 00:00:00+00:00,109.48999786376953
2011-03-23 00:00:00+00:00,109.30999755859375
2011-03-24 00:00:00+00:00,109.41000366210938
2011-03-25 00:00:00+00:00,108.9000015258789
2011-03-28 00:00:00+00:00,108.95999908447266
2011-03-29 00:00:00+00:00,108.73999786376953
2011-03-30 00:00:00+00:00,109.12000274658203
2011-03-31 00:00:00+00:00,109.16000366210938
2011-04-01 00:00:00+00:00,108.86000061035156
2011-04-04 00:00:00+00:00,109.3499984741211
2011-04-05 00:00:00+00:00,109.1500015258789
2011-04-06 00:00:00+00:00,108.55999755859375
2011-04-07 00:00:00+00:00,108.75
2011-04-08 00:00:00+00:00,108.9800033569336
2011-04-11 00:00:00+00:00,108.9000015258789
2011-04-12 00:00:00+00:00,109.44999694824219
2011-04-13 00:00:00+00:00,109.69000244140625
2011-04-14 00:00:00+00:00,109.55000305175781
2011-04-15 00:00:00+00:00,110.3499984741211
2011-04-18 00:00:00+00:00,110.37999725341797
2011-04-19 00:00:00+00:00,110.7699966430664
2011-04-20 00:00:00+00:00,110.38999938964844
2011-04-21 00:00:00+00:00,110.19000244140625
2011-04-25 00:00:00+00:00,110.48999786376953
2011-04-26 00:00:00+00:00,110.87000274658203
2011-04-27 00:00:00+00:00,110.5999984741211
2011-04-28 00:00:00+00:00,110.93000030517578
2011-04-29 00:00:00+00:00,111.16000366210938
2011-05-02 00:00:00+00:00,110.75
2011-05-03 00:00:00+00:00,110.93000030517578
2011-05-04 00:00:00+00:00,111.02999877929688
2011-05-05 00:00:00+00:00,110.9000015258789
2011-05-06 00:00:00+00:00,110.94000244140625
2011-05-09 00:00:00+00:00,111.16999816894531
2011-05-10 00:00:00+00:00,110.87000274658203
2011-05-11 00:00:00+00:00,110.5199966430664
2011-05-12 00:00:00+00:00,110.38999938964844
2011-05-13 00:00:00+00:00,110.37000274658203
2011-05-16 00:00:00+00:00,110.4000015258789
2011-05-17 00:00:00+00:00,110.48999786376953
2011-05-18 00:00:00+00:00,110.43000030517578
2011-05-19 00:00:00+00:00,110.13999938964844
2011-05-20 00:00:00+00:00,110.0999984741211
2011-05-23 00:00:00+00:00,110.11000061035156
2011-05-24 00:00:00+00:00,110.66999816894531
2011-05-25 00:00:00+00:00,110.69999694824219
2011-05-26 00:00:00+00:00,110.97000122070312
2011-05-27 00:00:00+00:00,111.1500015258789
2011-05-31 00:00:00+00:00,110.86000061035156
2011-06-01 00:00:00+00:00,110.5999984741211
2011-06-02 00:00:00+00:00,110.19999694824219
2011-06-03 00:00:00+00:00,110.37000274658203
2011-06-06 00:00:00+00:00,110.41999816894531
2011-06-07 00:00:00+00:00,110.58000183105469
2011-06-08 00:00:00+00:00,110.56999969482422
2011-06-09 00:00:00+00:00,110.44000244140625
2011-06-10 00:00:00+00:00,110.4000015258789
2011-06-13 00:00:00+00:00,110.38999938964844
2011-06-14 00:00:00+00:00,110.08999633789062
2011-06-15 00:00:00+00:00,110.66000366210938
2011-06-16 00:00:00+00:00,110.58000183105469
2011-06-17 00:00:00+00:00,110.5199966430664
2011-06-20 00:00:00+00:00,110.22000122070312
2011-06-21 00:00:00+00:00,110.48999786376953
2011-06-22 00:00:00+00:00,110.23999786376953
2011-06-23 00:00:00+00:00,111.04000091552734
2011-06-24 00:00:00+00:00,111.47000122070312
2011-06-27 00:00:00+00:00,111.29000091552734
2011-06-28 00:00:00+00:00,110.8499984741211
2011-06-29 00:00:00+00:00,110.88999938964844
2011-06-30 00:00:00+00:00,110.63999938964844
2011-07-01 00:00:00+00:00,110.01000213623047
2011-07-05 00:00:00+00:00,110.12999725341797
2011-07-06 00:00:00+00:00,110.44999694824219
2011-07-07 00:00:00+00:00,110.41000366210938
2011-07-08 00:00:00+00:00,110.91000366210938
2011-07-11 00:00:00+00:00,111.52999877929688
2011-07-12 00:00:00+00:00,111.9800033569336
2011-07-13 00:00:00+00:00,112.19000244140625
2011-07-14 00:00:00+00:00,111.5199966430664
2011-07-15 00:00:00+00:00,111.87000274658203
2011-07-18 00:00:00+00:00,111.97000122070312
2011-07-19 00:00:00+00:00,112.52999877929688
2011-07-20 00:00:00+00:00,111.88999938964844
2011-07-21 00:00:00+00:00,111.66000366210938
2011-07-22 00:00:00+00:00,112.02999877929688
2011-07-25 00:00:00+00:00,112.1500015258789
2011-07-26 00:00:00+00:00,112.19000244140625
2011-07-27 00:00:00+00:00,112.4000015258789
2011-07-28 00:00:00+00:00,112.86000061035156
2011-07-29 00:00:00+00:00,114.16999816894531
2011-08-01 00:00:00+00:00,113.9000015258789
2011-08-02 00:00:00+00:00,114.6500015258789
2011-08-03 00:00:00+00:00,113.94000244140625
2011-08-04 00:00:00+00:00,114.94000244140625
2011-08-05 00:00:00+00:00,113.62999725341797
2011-08-08 00:00:00+00:00,115.0
2011-08-09 00:00:00+00:00,115.95999908447266
2011-08-10 00:00:00+00:00,118.0999984741211
2011-08-11 00:00:00+00:00,115.63999938964844
2011-08-12 00:00:00+00:00,116.30000305175781
2011-08-15 00:00:00+00:00,115.70999908447266
2011-08-16 00:00:00+00:00,115.97000122070312
2011-08-17 00:00:00+00:00,116.56999969482422
2011-08-18 00:00:00+00:00,115.68000030517578
2011-08-19 00:00:00+00:00,116.06999969482422
2011-08-22 00:00:00+00:00,116.04000091552734
2011-08-23 00:00:00+00:00,115.31999969482422
2011-08-24 00:00:00+00:00,113.62000274658203
2011-08-25 00:00:00+00:00,114.51000213623047
2011-08-26 00:00:00+00:00,114.8499984741211
2011-08-29 00:00:00+00:00,114.16999816894531
2011-08-30 00:00:00+00:00,114.83999633789062
2011-08-31 00:00:00+00:00,114.31999969482422
2011-09-01 00:00:00+00:00,115.3499984741211
2011-09-02 00:00:00+00:00,116.61000061035156
2011-09-06 00:00:00+00:00,115.91999816894531
2011-09-07 00:00:00+00:00,115.61000061035156
2011-09-08 00:00:00+00:00,116.30000305175781
2011-09-09 00:00:00+00:00,116.44000244140625
2011-09-12 00:00:00+00:00,116.04000091552734
2011-09-13 00:00:00+00:00,115.54000091552734
2011-09-14 00:00:00+00:00,115.4000015258789
2011-09-15 00:00:00+00:00,115.16999816894531
2011-09-16 00:00:00+00:00,115.20999908447266
2011-09-19 00:00:00+00:00,115.5
2011-09-20 00:00:00+00:00,116.0
2011-09-21 00:00:00+00:00,116.19999694824219
2011-09-22 00:00:00+00:00,115.93000030517578
2011-09-23 00:00:00+00:00,115.26000213623047
2011-09-26 00:00:00+00:00,114.70999908447266
2011-09-27 00:00:00+00:00,114.91999816894531
2011-09-28 00:00:00+00:00,114.87000274658203
2011-09-29 00:00:00+00:00,114.51000213623047
2011-09-30 00:00:00+00:00,114.30000305175781
2011-10-03 00:00:00+00:00,115.25
2011-10-04 00:00:00+00:00,115.33000183105469
2011-10-05 00:00:00+00:00,115.25
2011-10-06 00:00:00+00:00,115.23999786376953
2011-10-07 00:00:00+00:00,114.8499984741211
2011-10-10 00:00:00+00:00,114.05999755859375
2011-10-11 00:00:00+00:00,114.33000183105469
2011-10-12 00:00:00+00:00,113.8499984741211
2011-10-13 00:00:00+00:00,113.91999816894531
2011-10-14 00:00:00+00:00,113.75
2011-10-17 00:00:00+00:00,114.18000030517578
2011-10-18 00:00:00+00:00,114.7300033569336
2011-10-19 00:00:00+00:00,114.55000305175781
2011-10-20 00:00:00+00:00,114.56999969482422
2011-10-21 00:00:00+00:00,114.44999694824219
2011-10-24 00:00:00+00:00,114.79000091552734
2011-10-25 00:00:00+00:00,115.81999969482422
2011-10-26 00:00:00+00:00,115.72000122070312
2011-10-27 00:00:00+00:00,115.05999755859375
2011-10-28 00:00:00+00:00,115.45999908447266
2011-10-31 00:00:00+00:00,116.48999786376953
2011-11-01 00:00:00+00:00,117.55000305175781
2011-11-02 00:00:00+00:00,117.58999633789062
2011-11-03 00:00:00+00:00,116.7699966430664
2011-11-04 00:00:00+00:00,117.4000015258789
2011-11-07 00:00:00+00:00,117.98999786376953
2011-11-08 00:00:00+00:00,117.20999908447266
2011-11-09 00:00:00+00:00,117.19000244140625
2011-11-10 00:00:00+00:00,117.41999816894531
2011-11-11 00:00:00+00:00,117.05999755859375
2011-11-14 00:00:00+00:00,117.22000122070312
2011-11-15 00:00:00+00:00,116.7699966430664
2011-11-16 00:00:00+00:00,116.44000244140625
2011-11-17 00:00:00+00:00,116.43000030517578
2011-11-18 00:00:00+00:00,116.45999908447266
2011-11-21 00:00:00+00:00,116.25
2011-11-22 00:00:00+00:00,116.61000061035156
2011-11-23 00:00:00+00:00,117.0999984741211
2011-11-25 00:00:00+00:00,116.7300033569336
2011-11-28 00:00:00+00:00,117.11000061035156
2011-11-29 00:00:00+00:00,117.08000183105469
2011-11-30 00:00:00+00:00,116.73999786376953
2011-12-01 00:00:00+00:00,116.45999908447266
2011-12-02 00:00:00+00:00,116.98999786376953
2011-12-05 00:00:00+00:00,116.97000122070312
2011-12-06 00:00:00+00:00,116.68000030517578
2011-12-07 00:00:00+00:00,116.4800033569336
2011-12-08 00:00:00+00:00,116.52999877929688
2011-12-09 00:00:00+00:00,115.91000366210938
2011-12-12 00:00:00+00:00,116.44999694824219
2011-12-13 00:00:00+00:00,116.7699966430664
2011-12-14 00:00:00+00:00,117.0
2011-12-15 00:00:00+00:00,116.70999908447266
2011-12-16 00:00:00+00:00,116.97000122070312
2011-12-19 00:00:00+00:00,117.44000244140625
2011-12-20 00:00:00+00:00,117.51000213623047
2011-12-21 00:00:00+00:00,117.05000305175781
2011-12-22 00:00:00+00:00,116.98999786376953
2011-12-23 00:00:00+00:00,116.8499984741211
2011-12-27 00:00:00+00:00,116.52999877929688
2011-12-28 00:00:00+00:00,116.83000183105469
2011-12-29 00:00:00+00:00,116.7300033569336
2011-12-30 00:00:00+00:00,116.69000244140625
2012-01-03 00:00:00+00:00,116.6500015258789
2012-01-04 00:00:00+00:00,116.76000213623047
2012-01-05 00:00:00+00:00,116.9800033569336
2012-01-06 00:00:00+00:00,117.37000274658203
2012-01-09 00:00:00+00:00,117.48999786376953
2012-01-10 00:00:00+00:00,117.12999725341797
2012-01-11 00:00:00+00:00,117.43000030517578
2012-01-12 00:00:00+00:00,117.25
2012-01-13 00:00:00+00:00,117.58000183105469
2012-01-17 00:00:00+00:00,117.69999694824219
2012-01-18 00:00:00+00:00,117.61000061035156
2012-01-19 00:00:00+00:00,117.18000030517578
2012-01-20 00:00:00+00:00,116.94000244140625
2012-01-23 00:00:00+00:00,116.69999694824219
2012-01-24 00:00:00+00:00,116.70999908447266
2012-01-25 00:00:00+00:00,117.61000061035156
2012-01-26 00:00:00+00:00,118.1500015258789
2012-01-27 00:00:00+00:00,118.4000015258789
2012-01-30 00:00:00+00:00,118.79000091552734
2012-01-31 00:00:00+00:00,119.36000061035156
2012-02-01 00:00:00+00:00,119.29000091552734
2012-02-02 00:00:00+00:00,119.29000091552734
2012-02-03 00:00:00+00:00,118.29000091552734
2012-02-06 00:00:00+00:00,118.81999969482422
2012-02-07 00:00:00+00:00,118.37999725341797
2012-02-08 00:00:00+00:00,118.3499984741211
2012-02-09 00:00:00+00:00,117.9000015258789
2012-02-10 00:00:00+00:00,118.44999694824219
2012-02-13 00:00:00+00:00,118.69000244140625
2012-02-14 00:00:00+00:00,118.69000244140625
2012-02-15 00:00:00+00:00,118.91000366210938
2012-02-16 00:00:00+00:00,118.61000061035156
2012-02-17 00:00:00+00:00,118.33000183105469
2012-02-21 00:00:00+00:00,118.26000213623047
2012-02-22 00:00:00+00:00,118.93000030517578
2012-02-23 00:00:00+00:00,118.97000122070312
2012-02-24 00:00:00+00:00,119.0
2012-02-27 00:00:00+00:00,119.19000244140625
2012-02-28 00:00:00+00:00,119.20999908447266
2012-02-29 00:00:00+00:00,118.66999816894531
2012-03-01 00:00:00+00:00,118.37999725341797
2012-03-02 00:00:00+00:00,118.38999938964844
2012-03-05 00:00:00+00:00,117.8499984741211
2012-03-06 00:00:00+00:00,118.19000244140625
2012-03-07 00:00:00+00:00,118.44999694824219
2012-03-08 00:00:00+00:00,118.4000015258789
2012-03-09 00:00:00+00:00,118.61000061035156
2012-03-12 00:00:00+00:00,118.76000213623047
2012-03-13 00:00:00+00:00,118.47000122070312
2012-03-14 00:00:00+00:00,117.37000274658203
2012-03-15 00:00:00+00:00,117.52999877929688
2012-03-16 00:00:00+00:00,117.5999984741211
2012-03-19 00:00:00+00:00,117.29000091552734
2012-03-20 00:00:00+00:00,117.18000030517578
2012-03-21 00:00:00+00:00,117.4000015258789
2012-03-22 00:00:00+00:00,117.52999877929688
2012-03-23 00:00:00+00:00,117.91000366210938
2012-03-26 00:00:00+00:00,117.56999969482422
2012-03-27 00:00:00+00:00,117.98999786376953
2012-03-28 00:00:00+00:00,117.83999633789062
2012-03-29 00:00:00+00:00,118.04000091552734
2012-03-30 00:00:00+00:00,117.6500015258789
2012-04-02 00:00:00+00:00,117.91999816894531
2012-04-03 00:00:00+00:00,117.05000305175781
2012-04-04 00:00:00+00:00,117.06999969482422
2012-04-05 00:00:00+00:00,117.37999725341797
2012-04-09 00:00:00+00:00,117.91999816894531
2012-04-10 00:00:00+00:00,118.5999984741211
2012-04-11 00:00:00+00:00,118.79000091552734
2012-04-12 00:00:00+00:00,118.56999969482422
2012-04-13 00:00:00+00:00,119.06999969482422
2012-04-16 00:00:00+00:00,119.0
2012-04-17 00:00:00+00:00,119.26000213623047
2012-04-18 00:00:00+00:00,119.12000274658203
2012-04-19 00:00:00+00:00,118.80999755859375
2012-04-20 00:00:00+00:00,119.11000061035156
2012-04-23 00:00:00+00:00,119.23999786376953
2012-04-24 00:00:00+00:00,119.2699966430664
2012-04-25 00:00:00+00:00,119.22000122070312
2012-04-26 00:00:00+00:00,119.66999816894531
2012-04-27 00:00:00+00:00,119.55000305175781
2012-04-30 00:00:00+00:00,119.41999816894531
2012-05-01 00:00:00+00:00,119.04000091552734
2012-05-02 00:00:00+00:00,119.16999816894531
2012-05-03 00:00:00+00:00,119.0199966430664
2012-05-04 00:00:00+00:00,119.2699966430664
2012-05-07 00:00:00+00:00,119.26000213623047
2012-05-08 00:00:00+00:00,119.4800033569336
2012-05-09 00:00:00+00:00,119.33999633789062
2012-05-10 00:00:00+00:00,119.31999969482422
2012-05-11 00:00:00+00:00,119.37999725341797
2012-05-14 00:00:00+00:00,119.94000244140625
2012-05-15 00:00:00+00:00,120.08000183105469
2012-05-16 00:00:00+00:00,119.83999633789062
2012-05-17 00:00:00+00:00,120.2300033569336
2012-05-18 00:00:00+00:00,120.51000213623047
2012-05-21 00:00:00+00:00,120.66999816894531
2012-05-22 00:00:00+00:00,120.41999816894531
2012-05-23 00:00:00+00:00,120.43000030517578
2012-05-24 00:00:00+00:00,120.26000213623047
2012-05-25 00:00:00+00:00,120.37999725341797
2012-05-29 00:00:00+00:00,120.02999877929688
2012-05-30 00:00:00+00:00,120.7300033569336
2012-05-31 00:00:00+00:00,121.30999755859375
2012-06-01 00:00:00+00:00,121.01000213623047
2012-06-04 00:00:00+00:00,120.77999877929688
2012-06-05 00:00:00+00:00,120.68000030517578
2012-06-06 00:00:00+00:00,120.11000061035156
2012-06-07 00:00:00+00:00,120.08999633789062
2012-06-08 00:00:00+00:00,120.18000030517578
2012-06-11 00:00:00+00:00,120.16999816894531
2012-06-12 00:00:00+00:00,119.91000366210938
2012-06-13 00:00:00+00:00,120.18000030517578
2012-06-14 00:00:00+00:00,120.0199966430664
2012-06-15 00:00:00+00:00,120.77999877929688
2012-06-18 00:00:00+00:00,120.72000122070312
2012-06-19 00:00:00+00:00,120.58999633789062
2012-06-20 00:00:00+00:00,120.43000030517578
2012-06-21 00:00:00+00:00,119.91999816894531
2012-06-22 00:00:00+00:00,119.33999633789062
2012-06-25 00:00:00+00:00,119.88999938964844
2012-06-26 00:00:00+00:00,119.80999755859375
2012-06-27 00:00:00+00:00,119.93000030517578
2012-06-28 00:00:00+00:00,119.9800033569336
2012-06-29 00:00:00+00:00,119.69999694824219
2012-07-02 00:00:00+00:00,119.5999984741211
2012-07-03 00:00:00+00:00,119.80999755859375
2012-07-05 00:00:00+00:00,120.06999969482422
2012-07-06 00:00:00+00:00,120.25
2012-07-09 00:00:00+00:00,120.4800033569336
2012-07-10 00:00:00+00:00,120.79000091552734
2012-07-11 00:00:00+00:00,120.66999816894531
2012-07-12 00:00:00+00:00,120.91000366210938
2012-07-13 00:00:00+00:00,120.97000122070312
2012-07-16 00:00:00+00:00,121.11000061035156
2012-07-17 00:00:00+00:00,120.94999694824219
2012-07-18 00:00:00+00:00,120.9800033569336
2012-07-19 00:00:00+00:00,121.08999633789062
2012-07-20 00:00:00+00:00,121.47000122070312
2012-07-23 00:00:00+00:00,121.37000274658203
2012-07-24 00:00:00+00:00,121.44000244140625
2012-07-25 00:00:00+00:00,121.30999755859375
2012-07-26 00:00:00+00:00,121.13999938964844
2012-07-27 00:00:00+00:00,120.79000091552734
2012-07-30 00:00:00+00:00,121.12999725341797
2012-07-31 00:00:00+00:00,121.44000244140625
2012-08-01 00:00:00+00:00,121.48999786376953
2012-08-02 00:00:00+00:00,121.47000122070312
2012-08-03 00:00:00+00:00,121.25
2012-08-06 00:00:00+00:00,121.33000183105469
2012-08-07 00:00:00+00:00,121.06999969482422
2012-08-08 00:00:00+00:00,120.70999908447266
2012-08-09 00:00:00+00:00,120.4800033569336
2012-08-10 00:00:00+00:00,120.55999755859375
2012-08-13 00:00:00+00:00,120.4000015258789
2012-08-14 00:00:00+00:00,119.87000274658203
2012-08-15 00:00:00+00:00,118.9800033569336
2012-08-16 00:00:00+00:00,118.69000244140625
2012-08-17 00:00:00+00:00,118.8499984741211
2012-08-20 00:00:00+00:00,118.79000091552734
2012-08-21 00:00:00+00:00,118.87000274658203
2012-08-22 00:00:00+00:00,119.83999633789062
2012-08-23 00:00:00+00:00,120.4000015258789
2012-08-24 00:00:00+00:00,120.37999725341797
2012-08-27 00:00:00+00:00,120.7699966430664
2012-08-28 00:00:00+00:00,121.08000183105469
2012-08-29 00:00:00+00:00,120.66999816894531
2012-08-30 00:00:00+00:00,120.58000183105469
2012-08-31 00:00:00+00:00,121.13999938964844
2012-09-04 00:00:00+00:00,120.9800033569336
2012-09-05 00:00:00+00:00,121.18000030517578
2012-09-06 00:00:00+00:00,120.5199966430664
2012-09-07 00:00:00+00:00,120.91000366210938
2012-09-10 00:00:00+00:00,121.22000122070312
2012-09-11 00:00:00+00:00,121.0999984741211
2012-09-12 00:00:00+00:00,120.51000213623047
2012-09-13 00:00:00+00:00,121.5199966430664
2012-09-14 00:00:00+00:00,121.93000030517578
2012-09-17 00:00:00+00:00,121.81999969482422
2012-09-18 00:00:00+00:00,121.66000366210938
2012-09-19 00:00:00+00:00,121.80999755859375
2012-09-20 00:00:00+00:00,121.4000015258789
2012-09-21 00:00:00+00:00,121.5
2012-09-24 00:00:00+00:00,121.41999816894531
2012-09-25 00:00:00+00:00,121.58000183105469
2012-09-26 00:00:00+00:00,121.86000061035156
2012-09-27 00:00:00+00:00,121.83999633789062
2012-09-28 00:00:00+00:00,121.76000213623047
2012-10-01 00:00:00+00:00,122.0
2012-10-02 00:00:00+00:00,122.5
2012-10-03 00:00:00+00:00,122.62999725341797
2012-10-04 00:00:00+00:00,122.80999755859375
2012-10-05 00:00:00+00:00,122.55999755859375
2012-10-08 00:00:00+00:00,122.8499984741211
2012-10-09 00:00:00+00:00,122.54000091552734
2012-10-10 00:00:00+00:00,122.41000366210938
2012-10-11 00:00:00+00:00,122.30000305175781
2012-10-12 00:00:00+00:00,122.19999694824219
2012-10-15 00:00:00+00:00,122.19000244140625
2012-10-16 00:00:00+00:00,121.66999816894531
2012-10-17 00:00:00+00:00,121.30999755859375
2012-10-18 00:00:00+00:00,121.30000305175781
2012-10-19 00:00:00+00:00,121.70999908447266
2012-10-22 00:00:00+00:00,121.51000213623047
2012-10-23 00:00:00+00:00,121.7699966430664
2012-10-24 00:00:00+00:00,121.58000183105469
2012-10-25 00:00:00+00:00,121.22000122070312
2012-10-26 00:00:00+00:00,121.81999969482422
2012-10-31 00:00:00+00:00,122.5199966430664
2012-11-01 00:00:00+00:00,122.08999633789062
2012-11-02 00:00:00+00:00,122.0199966430664
2012-11-05 00:00:00+00:00,122.18000030517578
2012-11-06 00:00:00+00:00,121.86000061035156
2012-11-07 00:00:00+00:00,122.55999755859375
2012-11-08 00:00:00+00:00,123.22000122070312
2012-11-09 00:00:00+00:00,122.7699966430664
2012-11-12 00:00:00+00:00,123.0999984741211
2012-11-13 00:00:00+00:00,122.95999908447266
2012-11-14 00:00:00+00:00,122.83999633789062
2012-11-15 00:00:00+00:00,122.75
2012-11-16 00:00:00+00:00,122.83000183105469
2012-11-19 00:00:00+00:00,122.5999984741211
2012-11-20 00:00:00+00:00,122.25
2012-11-21 00:00:00+00:00,121.95999908447266
2012-11-23 00:00:00+00:00,121.87000274658203
2012-11-26 00:00:00+00:00,122.20999908447266
2012-11-27 00:00:00+00:00,122.20999908447266
2012-11-28 00:00:00+00:00,122.5
2012-11-29 00:00:00+00:00,122.72000122070312
2012-11-30 00:00:00+00:00,122.91000366210938
2012-12-03 00:00:00+00:00,122.79000091552734
2012-12-04 00:00:00+00:00,122.83000183105469
2012-12-05 00:00:00+00:00,123.05000305175781
2012-12-06 00:00:00+00:00,123.30000305175781
2012-12-07 00:00:00+00:00,123.1500015258789
2012-12-10 00:00:00+00:00,123.30000305175781
2012-12-11 00:00:00+00:00,122.94000244140625
2012-12-12 00:00:00+00:00,122.55999755859375
2012-12-13 00:00:00+00:00,122.22000122070312
2012-12-14 00:00:00+00:00,122.3499984741211
2012-12-17 00:00:00+00:00,121.88999938964844
2012-12-18 00:00:00+00:00,121.54000091552734
2012-12-19 00:00:00+00:00,121.63999938964844
2012-12-20 00:00:00+00:00,121.69999694824219
2012-12-21 00:00:00+00:00,122.04000091552734
2012-12-24 00:00:00+00:00,121.9000015258789
2012-12-26 00:00:00+00:00,122.05000305175781
2012-12-27 00:00:00+00:00,122.19000244140625
2012-12-28 00:00:00+00:00,122.1500015258789
2012-12-31 00:00:00+00:00,121.41000366210938
2013-01-02 00:00:00+00:00,121.33999633789062
2013-01-03 00:00:00+00:00,120.51000213623047
2013-01-04 00:00:00+00:00,120.45999908447266
2013-01-07 00:00:00+00:00,120.87000274658203
2013-01-08 00:00:00+00:00,121.04000091552734
2013-01-09 00:00:00+00:00,121.26000213623047
2013-01-10 00:00:00+00:00,121.1500015258789
2013-01-11 00:00:00+00:00,121.26000213623047
2013-01-14 00:00:00+00:00,121.30000305175781
2013-01-15 00:00:00+00:00,121.37999725341797
2013-01-16 00:00:00+00:00,121.3499984741211
2013-01-17 00:00:00+00:00,121.13999938964844
2013-01-18 00:00:00+00:00,121.33999633789062
2013-01-22 00:00:00+00:00,121.31999969482422
2013-01-23 00:00:00+00:00,121.33999633789062
2013-01-24 00:00:00+00:00,121.2699966430664
2013-01-25 00:00:00+00:00,120.76000213623047
2013-01-28 00:00:00+00:00,120.5999984741211
2013-01-29 00:00:00+00:00,120.37999725341797
2013-01-30 00:00:00+00:00,120.41999816894531
2013-01-31 00:00:00+00:00,120.77999877929688
2013-02-01 00:00:00+00:00,120.19000244140625
2013-02-04 00:00:00+00:00,120.97000122070312
2013-02-05 00:00:00+00:00,120.62000274658203
2013-02-06 00:00:00+00:00,120.76000213623047
2013-02-07 00:00:00+00:00,120.6500015258789
2013-02-08 00:00:00+00:00,120.61000061035156
2013-02-11 00:00:00+00:00,120.5199966430664
2013-02-12 00:00:00+00:00,120.51000213623047
2013-02-13 00:00:00+00:00,120.16999816894531
2013-02-14 00:00:00+00:00,120.37999725341797
2013-02-15 00:00:00+00:00,120.05000305175781
2013-02-19 00:00:00+00:00,119.98999786376953
2013-02-20 00:00:00+00:00,120.0199966430664
2013-02-21 00:00:00+00:00,120.16999816894531
2013-02-22 00:00:00+00:00,120.43000030517578
2013-02-25 00:00:00+00:00,121.02999877929688
2013-02-26 00:00:00+00:00,120.73999786376953
2013-02-27 00:00:00+00:00,120.73999786376953
2013-02-28 00:00:00+00:00,121.01000213623047
2013-03-01 00:00:00+00:00,121.5199966430664
2013-03-04 00:00:00+00:00,121.13999938964844
2013-03-05 00:00:00+00:00,121.11000061035156
2013-03-06 00:00:00+00:00,120.83999633789062
2013-03-07 00:00:00+00:00,120.38999938964844
2013-03-08 00:00:00+00:00,120.0
2013-03-11 00:00:00+00:00,119.94000244140625
2013-03-12 00:00:00+00:00,120.16000366210938
2013-03-13 00:00:00+00:00,120.19000244140625
2013-03-14 00:00:00+00:00,120.4000015258789
2013-03-15 00:00:00+00:00,120.55999755859375
2013-03-18 00:00:00+00:00,120.81999969482422
2013-03-19 00:00:00+00:00,120.94000244140625
2013-03-20 00:00:00+00:00,120.5999984741211
2013-03-21 00:00:00+00:00,120.66000366210938
2013-03-22 00:00:00+00:00,120.87000274658203
2013-03-25 00:00:00+00:00,120.87999725341797
2013-03-26 00:00:00+00:00,120.94999694824219
2013-03-27 00:00:00+00:00,121.31999969482422
2013-03-28 00:00:00+00:00,121.2699966430664
2013-04-01 00:00:00+00:00,121.23999786376953
2013-04-02 00:00:00+00:00,121.18000030517578
2013-04-03 00:00:00+00:00,121.48999786376953
2013-04-04 00:00:00+00:00,122.05999755859375
2013-04-05 00:00:00+00:00,122.56999969482422
2013-04-08 00:00:00+00:00,122.02999877929688
2013-04-09 00:00:00+00:00,121.91999816894531
2013-04-10 00:00:00+00:00,121.23999786376953
2013-04-11 00:00:00+00:00,121.58000183105469
2013-04-12 00:00:00+00:00,122.08000183105469
2013-04-15 00:00:00+00:00,122.05999755859375
2013-04-16 00:00:00+00:00,121.8499984741211
2013-04-17 00:00:00+00:00,121.83000183105469
2013-04-18 00:00:00+00:00,120.9800033569336
2013-04-19 00:00:00+00:00,121.44999694824219
2013-04-22 00:00:00+00:00,121.7699966430664
2013-04-23 00:00:00+00:00,121.83000183105469
2013-04-24 00:00:00+00:00,122.01000213623047
2013-04-25 00:00:00+00:00,122.0999984741211
2013-04-26 00:00:00+00:00,122.55000305175781
2013-04-29 00:00:00+00:00,122.22000122070312
2013-04-30 00:00:00+00:00,122.1500015258789
2013-05-01 00:00:00+00:00,121.80999755859375
2013-05-02 00:00:00+00:00,121.68000030517578
2013-05-03 00:00:00+00:00,120.8499984741211
2013-05-06 00:00:00+00:00,120.66999816894531
2013-05-07 00:00:00+00:00,120.66000366210938
2013-05-08 00:00:00+00:00,120.4000015258789
2013-05-09 00:00:00+00:00,120.3499984741211
2013-05-10 00:00:00+00:00,120.01000213623047
2013-05-13 00:00:00+00:00,119.6500015258789
2013-05-14 00:00:00+00:00,119.13999938964844
2013-05-15 00:00:00+00:00,119.18000030517578
2013-05-16 00:00:00+00:00,119.5199966430664
2013-05-17 00:00:00+00:00,118.91999816894531
2013-05-20 00:00:00+00:00,118.88999938964844
2013-05-21 00:00:00+00:00,119.13999938964844
2013-05-22 00:00:00+00:00,118.06999969482422
2013-05-23 00:00:00+00:00,118.0999984741211
2013-05-24 00:00:00+00:00,118.19999694824219
2013-05-28 00:00:00+00:00,117.12999725341797
2013-05-29 00:00:00+00:00,117.05000305175781
2013-05-30 00:00:00+00:00,116.62000274658203
2013-05-31 00:00:00+00:00,116.7300033569336
2013-06-03 00:00:00+00:00,116.33000183105469
2013-06-04 00:00:00+00:00,116.11000061035156
2013-06-05 00:00:00+00:00,116.25
2013-06-06 00:00:00+00:00,116.12000274658203
2013-06-07 00:00:00+00:00,115.44000244140625
2013-06-10 00:00:00+00:00,114.63999938964844
2013-06-11 00:00:00+00:00,114.58000183105469
2013-06-12 00:00:00+00:00,113.69999694824219
2013-06-13 00:00:00+00:00,114.56999969482422
2013-06-14 00:00:00+00:00,114.47000122070312
2013-06-17 00:00:00+00:00,114.0999984741211
2013-06-18 00:00:00+00:00,114.41000366210938
2013-06-19 00:00:00+00:00,112.88999938964844
2013-06-20 00:00:00+00:00,111.75
2013-06-21 00:00:00+00:00,110.44000244140625
2013-06-24 00:00:00+00:00,110.0199966430664
2013-06-25 00:00:00+00:00,110.20999908447266
2013-06-26 00:00:00+00:00,110.70999908447266
2013-06-27 00:00:00+00:00,111.62999725341797
2013-06-28 00:00:00+00:00,112.01000213623047
2013-07-01 00:00:00+00:00,112.0199966430664
2013-07-02 00:00:00+00:00,112.37999725341797
2013-07-03 00:00:00+00:00,112.16999816894531
2013-07-05 00:00:00+00:00,110.63999938964844
2013-07-08 00:00:00+00:00,111.33999633789062
2013-07-09 00:00:00+00:00,111.29000091552734
2013-07-10 00:00:00+00:00,110.91000366210938
2013-07-11 00:00:00+00:00,111.68000030517578
2013-07-12 00:00:00+00:00,111.72000122070312
2013-07-15 00:00:00+00:00,112.26000213623047
2013-07-16 00:00:00+00:00,112.70999908447266
2013-07-17 00:00:00+00:00,113.0199966430664
2013-07-18 00:00:00+00:00,112.61000061035156
2013-07-19 00:00:00+00:00,113.41999816894531
2013-07-22 00:00:00+00:00,113.37999725341797
2013-07-23 00:00:00+00:00,113.12000274658203
2013-07-24 00:00:00+00:00,112.19999694824219
2013-07-25 00:00:00+00:00,112.26000213623047
2013-07-26 00:00:00+00:00,112.29000091552734
2013-07-29 00:00:00+00:00,112.20999908447266
2013-07-30 00:00:00+00:00,112.16000366210938
2013-07-31 00:00:00+00:00,112.87000274658203
2013-08-01 00:00:00+00:00,112.01000213623047
2013-08-02 00:00:00+00:00,112.58000183105469
2013-08-05 00:00:00+00:00,112.58999633789062
2013-08-06 00:00:00+00:00,112.86000061035156
2013-08-07 00:00:00+00:00,113.12999725341797
2013-08-08 00:00:00+00:00,113.25
2013-08-09 00:00:00+00:00,113.36000061035156
2013-08-12 00:00:00+00:00,113.05999755859375
2013-08-13 00:00:00+00:00,112.06999969482422
2013-08-14 00:00:00+00:00,111.83000183105469
2013-08-15 00:00:00+00:00,111.02999877929688
2013-08-16 00:00:00+00:00,110.51000213623047
2013-08-19 00:00:00+00:00,109.8499984741211
2013-08-20 00:00:00+00:00,110.52999877929688
2013-08-21 00:00:00+00:00,109.75
2013-08-22 00:00:00+00:00,109.80000305175781
2013-08-23 00:00:00+00:00,110.56999969482422
2013-08-26 00:00:00+00:00,110.95999908447266
2013-08-27 00:00:00+00:00,111.63999938964844
2013-08-28 00:00:00+00:00,111.2300033569336
2013-08-29 00:00:00+00:00,111.08000183105469
2013-08-30 00:00:00+00:00,110.73999786376953
2013-09-03 00:00:00+00:00,110.05999755859375
2013-09-04 00:00:00+00:00,109.5
2013-09-05 00:00:00+00:00,108.70999908447266
2013-09-06 00:00:00+00:00,109.16000366210938
2013-09-09 00:00:00+00:00,109.36000061035156
2013-09-10 00:00:00+00:00,109.18000030517578
2013-09-11 00:00:00+00:00,109.80000305175781
2013-09-12 00:00:00+00:00,109.8499984741211
2013-09-13 00:00:00+00:00,109.83999633789062
2013-09-16 00:00:00+00:00,110.13999938964844
2013-09-17 00:00:00+00:00,110.56999969482422
2013-09-18 00:00:00+00:00,112.04000091552734
2013-09-19 00:00:00+00:00,111.68000030517578
2013-09-20 00:00:00+00:00,111.98999786376953
2013-09-23 00:00:00+00:00,112.37999725341797
2013-09-24 00:00:00+00:00,112.4000015258789
2013-09-25 00:00:00+00:00,112.5
2013-09-26 00:00:00+00:00,112.33999633789062
2013-09-27 00:00:00+00:00,112.37000274658203
2013-09-30 00:00:00+00:00,112.58000183105469
2013-10-01 00:00:00+00:00,112.38999938964844
2013-10-02 00:00:00+00:00,112.56999969482422
2013-10-03 00:00:00+00:00,112.6500015258789
2013-10-04 00:00:00+00:00,112.41000366210938
2013-10-07 00:00:00+00:00,112.52999877929688
2013-10-08 00:00:00+00:00,112.2300033569336
2013-10-09 00:00:00+00:00,112.23999786376953
2013-10-10 00:00:00+00:00,112.1500015258789
2013-10-11 00:00:00+00:00,112.12999725341797
2013-10-14 00:00:00+00:00,111.63999938964844
2013-10-15 00:00:00+00:00,111.86000061035156
2013-10-16 00:00:00+00:00,112.08999633789062
2013-10-17 00:00:00+00:00,112.52999877929688
2013-10-18 00:00:00+00:00,112.69000244140625
2013-10-21 00:00:00+00:00,112.5999984741211
2013-10-22 00:00:00+00:00,113.16999816894531
2013-10-23 00:00:00+00:00,113.12000274658203
2013-10-24 00:00:00+00:00,113.16000366210938
2013-10-25 00:00:00+00:00,113.41000366210938
2013-10-28 00:00:00+00:00,113.36000061035156
2013-10-29 00:00:00+00:00,113.29000091552734
2013-10-30 00:00:00+00:00,113.13999938964844
2013-10-31 00:00:00+00:00,112.91999816894531
2013-11-01 00:00:00+00:00,112.04000091552734
2013-11-04 00:00:00+00:00,112.0999984741211
2013-11-05 00:00:00+00:00,111.66000366210938
2013-11-06 00:00:00+00:00,112.30000305175781
2013-11-07 00:00:00+00:00,112.44999694824219
2013-11-08 00:00:00+00:00,111.48999786376953
2013-11-11 00:00:00+00:00,111.27999877929688
2013-11-12 00:00:00+00:00,111.33999633789062
2013-11-13 00:00:00+00:00,111.52999877929688
2013-11-14 00:00:00+00:00,112.13999938964844
2013-11-15 00:00:00+00:00,112.19000244140625
2013-11-18 00:00:00+00:00,112.48999786376953
2013-11-19 00:00:00+00:00,112.05000305175781
2013-11-20 00:00:00+00:00,111.36000061035156
2013-11-21 00:00:00+00:00,111.55000305175781
2013-11-22 00:00:00+00:00,111.86000061035156
2013-11-25 00:00:00+00:00,111.93000030517578
2013-11-26 00:00:00+00:00,111.91999816894531
2013-11-27 00:00:00+00:00,111.69999694824219
2013-11-29 00:00:00+00:00,111.61000061035156
2013-12-02 00:00:00+00:00,111.02999877929688
2013-12-03 00:00:00+00:00,111.08999633789062
2013-12-04 00:00:00+00:00,110.47000122070312
2013-12-05 00:00:00+00:00,110.33999633789062
2013-12-06 00:00:00+00:00,110.33000183105469
2013-12-09 00:00:00+00:00,110.41999816894531
2013-12-10 00:00:00+00:00,110.70999908447266
2013-12-11 00:00:00+00:00,110.52999877929688
2013-12-12 00:00:00+00:00,110.22000122070312
2013-12-13 00:00:00+00:00,110.54000091552734
2013-12-16 00:00:00+00:00,110.62000274658203
2013-12-17 00:00:00+00:00,110.94999694824219
2013-12-18 00:00:00+00:00,110.45999908447266
2013-12-19 00:00:00+00:00,110.05000305175781
2013-12-20 00:00:00+00:00,110.41999816894531
2013-12-23 00:00:00+00:00,110.2300033569336
2013-12-24 00:00:00+00:00,109.86000061035156
2013-12-26 00:00:00+00:00,109.80999755859375
2013-12-27 00:00:00+00:00,109.75
2013-12-30 00:00:00+00:00,110.05999755859375
2013-12-31 00:00:00+00:00,109.9000015258789
2014-01-02 00:00:00+00:00,110.26000213623047
2014-01-03 00:00:00+00:00,110.20999908447266
2014-01-06 00:00:00+00:00,110.58000183105469
2014-01-07 00:00:00+00:00,110.5999984741211
2014-01-08 00:00:00+00:00,110.52999877929688
2014-01-09 00:00:00+00:00,110.94999694824219
2014-01-10 00:00:00+00:00,111.54000091552734
2014-01-13 00:00:00+00:00,111.58999633789062
2014-01-14 00:00:00+00:00,111.20999908447266
2014-01-15 00:00:00+00:00,111.11000061035156
2014-01-16 00:00:00+00:00,111.19999694824219
2014-01-17 00:00:00+00:00,111.41000366210938
2014-01-21 00:00:00+00:00,111.19999694824219
2014-01-22 00:00:00+00:00,111.01000213623047
2014-01-23 00:00:00+00:00,111.48999786376953
2014-01-24 00:00:00+00:00,111.80999755859375
2014-01-27 00:00:00+00:00,111.41999816894531
2014-01-28 00:00:00+00:00,111.63999938964844
2014-01-29 00:00:00+00:00,112.05999755859375
2014-01-30 00:00:00+00:00,111.98999786376953
2014-01-31 00:00:00+00:00,112.20999908447266
2014-02-03 00:00:00+00:00,112.87000274658203
2014-02-04 00:00:00+00:00,112.37999725341797
2014-02-05 00:00:00+00:00,111.88999938964844
2014-02-06 00:00:00+00:00,111.91000366210938
2014-02-07 00:00:00+00:00,112.2300033569336
2014-02-10 00:00:00+00:00,112.33000183105469
2014-02-11 00:00:00+00:00,111.97000122070312
2014-02-12 00:00:00+00:00,111.69000244140625
2014-02-13 00:00:00+00:00,112.06999969482422
2014-02-14 00:00:00+00:00,111.83999633789062
2014-02-18 00:00:00+00:00,112.05000305175781
2014-02-19 00:00:00+00:00,111.83000183105469
2014-02-20 00:00:00+00:00,111.48999786376953
2014-02-21 00:00:00+00:00,111.69000244140625
2014-02-24 00:00:00+00:00,111.69000244140625
2014-02-25 00:00:00+00:00,112.12000274658203
2014-02-26 00:00:00+00:00,112.37999725341797
2014-02-27 00:00:00+00:00,112.54000091552734
2014-02-28 00:00:00+00:00,112.69999694824219
2014-03-03 00:00:00+00:00,113.22000122070312
2014-03-04 00:00:00+00:00,112.48999786376953
2014-03-05 00:00:00+00:00,112.6500015258789
2014-03-06 00:00:00+00:00,112.37000274658203
2014-03-07 00:00:00+00:00,112.12999725341797
2014-03-10 00:00:00+00:00,112.18000030517578
2014-03-11 00:00:00+00:00,112.1500015258789
2014-03-12 00:00:00+00:00,112.38999938964844
2014-03-13 00:00:00+00:00,112.8499984741211
2014-03-14 00:00:00+00:00,112.83000183105469
2014-03-17 00:00:00+00:00,112.56999969482422
2014-03-18 00:00:00+00:00,112.79000091552734
2014-03-19 00:00:00+00:00,111.75
2014-03-20 00:00:00+00:00,111.4000015258789
2014-03-21 00:00:00+00:00,111.81999969482422
2014-03-24 00:00:00+00:00,111.95999908447266
2014-03-25 00:00:00+00:00,111.93000030517578
2014-03-26 00:00:00+00:00,112.31999969482422
2014-03-27 00:00:00+00:00,112.36000061035156
2014-03-28 00:00:00+00:00,112.08000183105469
2014-03-31 00:00:00+00:00,112.0999984741211
2014-04-01 00:00:00+00:00,111.70999908447266
2014-04-02 00:00:00+00:00,111.45999908447266
2014-04-03 00:00:00+00:00,111.58999633789062
2014-04-04 00:00:00+00:00,112.0999984741211
2014-04-07 00:00:00+00:00,112.2699966430664
2014-04-08 00:00:00+00:00,112.33000183105469
2014-04-09 00:00:00+00:00,112.41000366210938
2014-04-10 00:00:00+00:00,112.80000305175781
2014-04-11 00:00:00+00:00,113.08999633789062
2014-04-14 00:00:00+00:00,112.87000274658203
2014-04-15 00:00:00+00:00,113.1500015258789
2014-04-16 00:00:00+00:00,113.22000122070312
2014-04-17 00:00:00+00:00,113.08000183105469
2014-04-21 00:00:00+00:00,113.08000183105469
2014-04-22 00:00:00+00:00,113.08000183105469
2014-04-23 00:00:00+00:00,113.43000030517578
2014-04-24 00:00:00+00:00,113.5
2014-04-25 00:00:00+00:00,113.55000305175781
2014-04-28 00:00:00+00:00,113.20999908447266
2014-04-29 00:00:00+00:00,113.13999938964844
2014-04-30 00:00:00+00:00,113.58000183105469
2014-05-01 00:00:00+00:00,113.7300033569336
2014-05-02 00:00:00+00:00,114.02999877929688
2014-05-05 00:00:00+00:00,113.79000091552734
2014-05-06 00:00:00+00:00,113.75
2014-05-07 00:00:00+00:00,113.81999969482422
2014-05-08 00:00:00+00:00,113.9800033569336
2014-05-09 00:00:00+00:00,113.91000366210938
2014-05-12 00:00:00+00:00,113.5999984741211
2014-05-13 00:00:00+00:00,113.88999938964844
2014-05-14 00:00:00+00:00,114.54000091552734
2014-05-15 00:00:00+00:00,115.06999969482422
2014-05-16 00:00:00+00:00,114.94999694824219
2014-05-19 00:00:00+00:00,114.61000061035156
2014-05-20 00:00:00+00:00,114.83000183105469
2014-05-21 00:00:00+00:00,114.76000213623047
2014-05-22 00:00:00+00:00,114.94000244140625
2014-05-23 00:00:00+00:00,115.20999908447266
2014-05-27 00:00:00+00:00,115.27999877929688
2014-05-28 00:00:00+00:00,115.91000366210938
2014-05-29 00:00:00+00:00,115.86000061035156
2014-05-30 00:00:00+00:00,115.58999633789062
2014-06-02 00:00:00+00:00,114.47000122070312
2014-06-03 00:00:00+00:00,113.80000305175781
2014-06-04 00:00:00+00:00,113.5
2014-06-05 00:00:00+00:00,113.79000091552734
2014-06-06 00:00:00+00:00,113.79000091552734
2014-06-09 00:00:00+00:00,113.77999877929688
2014-06-10 00:00:00+00:00,113.58999633789062
2014-06-11 00:00:00+00:00,113.69999694824219
2014-06-12 00:00:00+00:00,114.04000091552734
2014-06-13 00:00:00+00:00,113.8499984741211
2014-06-16 00:00:00+00:00,113.95999908447266
2014-06-17 00:00:00+00:00,113.80000305175781
2014-06-18 00:00:00+00:00,114.36000061035156
2014-06-19 00:00:00+00:00,114.19999694824219
2014-06-20 00:00:00+00:00,114.62000274658203
2014-06-23 00:00:00+00:00,114.5199966430664
2014-06-24 00:00:00+00:00,115.04000091552734
2014-06-25 00:00:00+00:00,115.08999633789062
2014-06-26 00:00:00+00:00,115.30999755859375
2014-06-27 00:00:00+00:00,115.3499984741211
2014-06-30 00:00:00+00:00,115.36000061035156
2014-07-01 00:00:00+00:00,114.55999755859375
2014-07-02 00:00:00+00:00,114.0199966430664
2014-07-03 00:00:00+00:00,114.11000061035156
2014-07-07 00:00:00+00:00,114.33000183105469
2014-07-08 00:00:00+00:00,114.69999694824219
2014-07-09 00:00:00+00:00,114.9800033569336
2014-07-10 00:00:00+00:00,115.12000274658203
2014-07-11 00:00:00+00:00,115.29000091552734
2014-07-14 00:00:00+00:00,115.05999755859375
2014-07-15 00:00:00+00:00,114.80999755859375
2014-07-16 00:00:00+00:00,114.77999877929688
2014-07-17 00:00:00+00:00,115.5
2014-07-18 00:00:00+00:00,115.27999877929688
2014-07-21 00:00:00+00:00,115.48999786376953
2014-07-22 00:00:00+00:00,115.38999938964844
2014-07-23 00:00:00+00:00,115.37999725341797
2014-07-24 00:00:00+00:00,115.16999816894531
2014-07-25 00:00:00+00:00,115.66999816894531
2014-07-28 00:00:00+00:00,115.54000091552734
2014-07-29 00:00:00+00:00,115.70999908447266
2014-07-30 00:00:00+00:00,114.94999694824219
2014-07-31 00:00:00+00:00,114.91000366210938
2014-08-01 00:00:00+00:00,114.98999786376953
2014-08-04 00:00:00+00:00,114.81999969482422
2014-08-05 00:00:00+00:00,114.94999694824219
2014-08-06 00:00:00+00:00,114.95999908447266
2014-08-07 00:00:00+00:00,115.45999908447266
2014-08-08 00:00:00+00:00,115.36000061035156
2014-08-11 00:00:00+00:00,115.37000274658203
2014-08-12 00:00:00+00:00,115.0199966430664
2014-08-13 00:00:00+00:00,115.3499984741211
2014-08-14 00:00:00+00:00,115.47000122070312
2014-08-15 00:00:00+00:00,115.75
2014-08-18 00:00:00+00:00,115.30000305175781
2014-08-19 00:00:00+00:00,115.08999633789062
2014-08-20 00:00:00+00:00,114.75
2014-08-21 00:00:00+00:00,114.97000122070312
2014-08-22 00:00:00+00:00,114.91999816894531
2014-08-25 00:00:00+00:00,115.05999755859375
2014-08-26 00:00:00+00:00,114.97000122070312
2014-08-27 00:00:00+00:00,115.18000030517578
2014-08-28 00:00:00+00:00,115.36000061035156
2014-08-29 00:00:00+00:00,115.25
2014-09-02 00:00:00+00:00,114.44000244140625
2014-09-03 00:00:00+00:00,114.6500015258789
2014-09-04 00:00:00+00:00,114.22000122070312
2014-09-05 00:00:00+00:00,114.0999984741211
2014-09-08 00:00:00+00:00,113.81999969482422
2014-09-09 00:00:00+00:00,113.48999786376953
2014-09-10 00:00:00+00:00,113.05999755859375
2014-09-11 00:00:00+00:00,113.11000061035156
2014-09-12 00:00:00+00:00,112.66000366210938
2014-09-15 00:00:00+00:00,112.79000091552734
2014-09-16 00:00:00+00:00,112.76000213623047
2014-09-17 00:00:00+00:00,112.0
2014-09-18 00:00:00+00:00,111.70999908447266
2014-09-19 00:00:00+00:00,112.04000091552734
2014-09-22 00:00:00+00:00,111.95999908447266
2014-09-23 00:00:00+00:00,112.37999725341797
2014-09-24 00:00:00+00:00,112.27999877929688
2014-09-25 00:00:00+00:00,112.69000244140625
2014-09-26 00:00:00+00:00,112.11000061035156
2014-09-29 00:00:00+00:00,112.19000244140625
2014-09-30 00:00:00+00:00,112.06999969482422
2014-10-01 00:00:00+00:00,112.87000274658203
2014-10-02 00:00:00+00:00,112.58999633789062
2014-10-03 00:00:00+00:00,112.41000366210938
2014-10-06 00:00:00+00:00,112.51000213623047
2014-10-07 00:00:00+00:00,112.9800033569336
2014-10-08 00:00:00+00:00,113.5999984741211
2014-10-09 00:00:00+00:00,113.4800033569336
2014-10-10 00:00:00+00:00,113.79000091552734
2014-10-13 00:00:00+00:00,114.31999969482422
2014-10-14 00:00:00+00:00,114.05000305175781
2014-10-15 00:00:00+00:00,114.18000030517578
2014-10-16 00:00:00+00:00,114.04000091552734
2014-10-17 00:00:00+00:00,114.0
2014-10-20 00:00:00+00:00,114.04000091552734
2014-10-21 00:00:00+00:00,113.80999755859375
2014-10-22 00:00:00+00:00,113.76000213623047
2014-10-23 00:00:00+00:00,113.3499984741211
2014-10-24 00:00:00+00:00,113.29000091552734
2014-10-27 00:00:00+00:00,113.2300033569336
2014-10-28 00:00:00+00:00,113.18000030517578
2014-10-29 00:00:00+00:00,113.02999877929688
2014-10-30 00:00:00+00:00,112.98999786376953
2014-10-31 00:00:00+00:00,113.08000183105469
2014-11-03 00:00:00+00:00,113.08000183105469
2014-11-04 00:00:00+00:00,113.04000091552734
2014-11-05 00:00:00+00:00,113.1500015258789
2014-11-06 00:00:00+00:00,112.95999908447266
2014-11-07 00:00:00+00:00,113.62000274658203
2014-11-10 00:00:00+00:00,113.22000122070312
2014-11-11 00:00:00+00:00,113.19999694824219
2014-11-12 00:00:00+00:00,113.04000091552734
2014-11-13 00:00:00+00:00,112.91000366210938
2014-11-14 00:00:00+00:00,113.19999694824219
2014-11-17 00:00:00+00:00,112.80999755859375
2014-11-18 00:00:00+00:00,112.91000366210938
2014-11-19 00:00:00+00:00,112.43000030517578
2014-11-20 00:00:00+00:00,112.72000122070312
2014-11-21 00:00:00+00:00,113.05999755859375
2014-11-24 00:00:00+00:00,113.1500015258789
2014-11-25 00:00:00+00:00,113.25
2014-11-26 00:00:00+00:00,113.30999755859375
2014-11-28 00:00:00+00:00,113.26000213623047
2014-12-01 00:00:00+00:00,112.93000030517578
2014-12-02 00:00:00+00:00,112.29000091552734
2014-12-03 00:00:00+00:00,112.43000030517578
2014-12-04 00:00:00+00:00,112.6500015258789
2014-12-05 00:00:00+00:00,112.0
2014-12-08 00:00:00+00:00,112.08999633789062
2014-12-09 00:00:00+00:00,112.56999969482422
2014-12-10 00:00:00+00:00,112.80000305175781
2014-12-11 00:00:00+00:00,112.6500015258789
2014-12-12 00:00:00+00:00,112.77999877929688
2014-12-15 00:00:00+00:00,112.33999633789062
2014-12-16 00:00:00+00:00,113.04000091552734
2014-12-17 00:00:00+00:00,112.51000213623047
2014-12-18 00:00:00+00:00,111.80000305175781
2014-12-19 00:00:00+00:00,112.3499984741211
2014-12-22 00:00:00+00:00,112.45999908447266
2014-12-23 00:00:00+00:00,111.6500015258789
2014-12-24 00:00:00+00:00,111.52999877929688
2014-12-26 00:00:00+00:00,111.56999969482422
2014-12-29 00:00:00+00:00,111.73999786376953
2014-12-30 00:00:00+00:00,111.70999908447266
2014-12-31 00:00:00+00:00,112.01000213623047
2015-01-02 00:00:00+00:00,112.7300033569336
2015-01-05 00:00:00+00:00,112.81999969482422
2015-01-06 00:00:00+00:00,112.83000183105469
2015-01-07 00:00:00+00:00,112.91999816894531
2015-01-08 00:00:00+00:00,112.73999786376953
2015-01-09 00:00:00+00:00,113.08000183105469
2015-01-12 00:00:00+00:00,113.05000305175781
2015-01-13 00:00:00+00:00,112.87000274658203
2015-01-14 00:00:00+00:00,113.54000091552734
2015-01-15 00:00:00+00:00,114.44000244140625
2015-01-16 00:00:00+00:00,113.80000305175781
2015-01-20 00:00:00+00:00,114.06999969482422
2015-01-21 00:00:00+00:00,113.5999984741211
2015-01-22 00:00:00+00:00,113.62999725341797
2015-01-23 00:00:00+00:00,114.31999969482422
2015-01-26 00:00:00+00:00,114.12999725341797
2015-01-27 00:00:00+00:00,114.48999786376953
2015-01-28 00:00:00+00:00,114.93000030517578
2015-01-29 00:00:00+00:00,114.80000305175781
2015-01-30 00:00:00+00:00,115.62999725341797
2015-02-02 00:00:00+00:00,115.55000305175781
2015-02-03 00:00:00+00:00,115.0199966430664
2015-02-04 00:00:00+00:00,115.26000213623047
2015-02-05 00:00:00+00:00,114.76000213623047
2015-02-06 00:00:00+00:00,113.86000061035156
2015-02-09 00:00:00+00:00,113.66000366210938
2015-02-10 00:00:00+00:00,113.27999877929688
2015-02-11 00:00:00+00:00,113.06999969482422
2015-02-12 00:00:00+00:00,112.88999938964844
2015-02-13 00:00:00+00:00,112.66000366210938
2015-02-17 00:00:00+00:00,112.08999633789062
2015-02-18 00:00:00+00:00,112.55999755859375
2015-02-19 00:00:00+00:00,112.47000122070312
2015-02-20 00:00:00+00:00,112.4800033569336
2015-02-23 00:00:00+00:00,112.69000244140625
2015-02-24 00:00:00+00:00,113.37000274658203
2015-02-25 00:00:00+00:00,113.55999755859375
2015-02-26 00:00:00+00:00,113.4800033569336
2015-02-27 00:00:00+00:00,114.13999938964844
2015-03-02 00:00:00+00:00,113.20999908447266
2015-03-03 00:00:00+00:00,113.37000274658203
2015-03-04 00:00:00+00:00,113.4800033569336
2015-03-05 00:00:00+00:00,113.27999877929688
2015-03-06 00:00:00+00:00,111.97000122070312
2015-03-09 00:00:00+00:00,111.80000305175781
2015-03-10 00:00:00+00:00,111.93000030517578
2015-03-11 00:00:00+00:00,112.12000274658203
2015-03-12 00:00:00+00:00,111.87000274658203
2015-03-13 00:00:00+00:00,111.51000213623047
2015-03-16 00:00:00+00:00,111.66999816894531
2015-03-17 00:00:00+00:00,111.77999877929688
2015-03-18 00:00:00+00:00,113.48999786376953
2015-03-19 00:00:00+00:00,113.41999816894531
2015-03-20 00:00:00+00:00,113.76000213623047
2015-03-23 00:00:00+00:00,113.70999908447266
2015-03-24 00:00:00+00:00,114.26000213623047
2015-03-25 00:00:00+00:00,114.2300033569336
2015-03-26 00:00:00+00:00,113.62000274658203
2015-03-27 00:00:00+00:00,113.66999816894531
2015-03-30 00:00:00+00:00,113.33000183105469
2015-03-31 00:00:00+00:00,113.58999633789062
2015-04-01 00:00:00+00:00,114.47000122070312
2015-04-02 00:00:00+00:00,114.05000305175781
2015-04-06 00:00:00+00:00,114.5
2015-04-07 00:00:00+00:00,114.75
2015-04-08 00:00:00+00:00,114.47000122070312
2015-04-09 00:00:00+00:00,114.05999755859375
2015-04-10 00:00:00+00:00,113.94999694824219
2015-04-13 00:00:00+00:00,113.9800033569336
2015-04-14 00:00:00+00:00,114.27999877929688
2015-04-15 00:00:00+00:00,114.62999725341797
2015-04-16 00:00:00+00:00,114.76000213623047
2015-04-17 00:00:00+00:00,115.48999786376953
2015-04-20 00:00:00+00:00,115.18000030517578
2015-04-21 00:00:00+00:00,114.7699966430664
2015-04-22 00:00:00+00:00,114.23999786376953
2015-04-23 00:00:00+00:00,114.52999877929688
2015-04-24 00:00:00+00:00,115.0199966430664
2015-04-27 00:00:00+00:00,115.04000091552734
2015-04-28 00:00:00+00:00,114.37999725341797
2015-04-29 00:00:00+00:00,114.16999816894531
2015-04-30 00:00:00+00:00,114.36000061035156
2015-05-01 00:00:00+00:00,113.88999938964844
2015-05-04 00:00:00+00:00,113.44999694824219
2015-05-05 00:00:00+00:00,113.4000015258789
2015-05-06 00:00:00+00:00,112.48999786376953
2015-05-07 00:00:00+00:00,112.77999877929688
2015-05-08 00:00:00+00:00,113.25
2015-05-11 00:00:00+00:00,112.22000122070312
2015-05-12 00:00:00+00:00,112.33000183105469
2015-05-13 00:00:00+00:00,112.16000366210938
2015-05-14 00:00:00+00:00,112.37000274658203
2015-05-15 00:00:00+00:00,113.1500015258789
2015-05-18 00:00:00+00:00,112.55000305175781
2015-05-19 00:00:00+00:00,112.01000213623047
2015-05-20 00:00:00+00:00,112.30999755859375
2015-05-21 00:00:00+00:00,112.73999786376953
2015-05-22 00:00:00+00:00,112.93000030517578
2015-05-26 00:00:00+00:00,113.0199966430664
2015-05-27 00:00:00+00:00,112.91999816894531
2015-05-28 00:00:00+00:00,112.8499984741211
2015-05-29 00:00:00+00:00,113.20999908447266
2015-06-01 00:00:00+00:00,112.51000213623047
2015-06-02 00:00:00+00:00,112.05000305175781
2015-06-03 00:00:00+00:00,111.36000061035156
2015-06-04 00:00:00+00:00,111.66999816894531
2015-06-05 00:00:00+00:00,111.36000061035156
2015-06-08 00:00:00+00:00,111.51000213623047
2015-06-09 00:00:00+00:00,111.26000213623047
2015-06-10 00:00:00+00:00,110.86000061035156
2015-06-11 00:00:00+00:00,111.41000366210938
2015-06-12 00:00:00+00:00,111.47000122070312
2015-06-15 00:00:00+00:00,111.83000183105469
2015-06-16 00:00:00+00:00,112.48999786376953
2015-06-17 00:00:00+00:00,112.62000274658203
2015-06-18 00:00:00+00:00,112.3499984741211
2015-06-19 00:00:00+00:00,112.61000061035156
2015-06-22 00:00:00+00:00,112.11000061035156
2015-06-23 00:00:00+00:00,111.86000061035156
2015-06-24 00:00:00+00:00,112.05999755859375
2015-06-25 00:00:00+00:00,111.94000244140625
2015-06-26 00:00:00+00:00,111.44000244140625
2015-06-29 00:00:00+00:00,112.26000213623047
2015-06-30 00:00:00+00:00,112.05000305175781
2015-07-01 00:00:00+00:00,111.63999938964844
2015-07-02 00:00:00+00:00,112.12999725341797
2015-07-06 00:00:00+00:00,112.56999969482422
2015-07-07 00:00:00+00:00,112.94000244140625
2015-07-08 00:00:00+00:00,113.08000183105469
2015-07-09 00:00:00+00:00,112.3499984741211
2015-07-10 00:00:00+00:00,111.81999969482422
2015-07-13 00:00:00+00:00,111.43000030517578
2015-07-14 00:00:00+00:00,111.61000061035156
2015-07-15 00:00:00+00:00,111.91999816894531
2015-07-16 00:00:00+00:00,112.05999755859375
2015-07-17 00:00:00+00:00,112.0199966430664
2015-07-20 00:00:00+00:00,111.72000122070312
2015-07-21 00:00:00+00:00,111.9800033569336
2015-07-22 00:00:00+00:00,112.02999877929688
2015-07-23 00:00:00+00:00,112.22000122070312
2015-07-24 00:00:00+00:00,112.0999984741211
2015-07-27 00:00:00+00:00,112.33000183105469
2015-07-28 00:00:00+00:00,112.05999755859375
2015-07-29 00:00:00+00:00,112.05000305175781
2015-07-30 00:00:00+00:00,112.20999908447266
2015-07-31 00:00:00+00:00,112.6500015258789
2015-08-03 00:00:00+00:00,112.55000305175781
2015-08-04 00:00:00+00:00,111.91999816894531
2015-08-05 00:00:00+00:00,111.56999969482422
2015-08-06 00:00:00+00:00,111.7699966430664
2015-08-07 00:00:00+00:00,112.08000183105469
2015-08-10 00:00:00+00:00,111.91999816894531
2015-08-11 00:00:00+00:00,112.37999725341797
2015-08-12 00:00:00+00:00,112.12000274658203
2015-08-13 00:00:00+00:00,111.81999969482422
2015-08-14 00:00:00+00:00,111.69999694824219
2015-08-17 00:00:00+00:00,111.69000244140625
2015-08-18 00:00:00+00:00,111.41999816894531
2015-08-19 00:00:00+00:00,111.80000305175781
2015-08-20 00:00:00+00:00,112.11000061035156
2015-08-21 00:00:00+00:00,112.1500015258789
2015-08-24 00:00:00+00:00,111.76000213623047
2015-08-25 00:00:00+00:00,111.48999786376953
2015-08-26 00:00:00+00:00,110.81999969482422
2015-08-27 00:00:00+00:00,111.36000061035156
2015-08-28 00:00:00+00:00,111.68000030517578
2015-08-31 00:00:00+00:00,111.58000183105469
2015-09-01 00:00:00+00:00,111.06999969482422
2015-09-02 00:00:00+00:00,110.72000122070312
2015-09-03 00:00:00+00:00,110.7300033569336
2015-09-04 00:00:00+00:00,110.91000366210938
2015-09-08 00:00:00+00:00,110.41000366210938
2015-09-09 00:00:00+00:00,110.66000366210938
2015-09-10 00:00:00+00:00,110.69000244140625
2015-09-11 00:00:00+00:00,111.0
2015-09-14 00:00:00+00:00,110.79000091552734
2015-09-15 00:00:00+00:00,110.04000091552734
2015-09-16 00:00:00+00:00,110.01000213623047
2015-09-17 00:00:00+00:00,110.87000274658203
2015-09-18 00:00:00+00:00,111.22000122070312
2015-09-21 00:00:00+00:00,110.5199966430664
2015-09-22 00:00:00+00:00,110.79000091552734
2015-09-23 00:00:00+00:00,110.70999908447266
2015-09-24 00:00:00+00:00,110.72000122070312
2015-09-25 00:00:00+00:00,110.12999725341797
2015-09-28 00:00:00+00:00,110.16000366210938
2015-09-29 00:00:00+00:00,110.47000122070312
2015-09-30 00:00:00+00:00,110.69000244140625
2015-10-01 00:00:00+00:00,111.02999877929688
2015-10-02 00:00:00+00:00,111.66999816894531
2015-10-05 00:00:00+00:00,111.33000183105469
2015-10-06 00:00:00+00:00,111.6500015258789
2015-10-07 00:00:00+00:00,111.62999725341797
2015-10-08 00:00:00+00:00,111.58999633789062
2015-10-09 00:00:00+00:00,111.27999877929688
2015-10-12 00:00:00+00:00,111.4800033569336
2015-10-13 00:00:00+00:00,111.41999816894531
2015-10-14 00:00:00+00:00,111.80000305175781
2015-10-15 00:00:00+00:00,111.58999633789062
2015-10-16 00:00:00+00:00,111.29000091552734
2015-10-19 00:00:00+00:00,111.0999984741211
2015-10-20 00:00:00+00:00,110.97000122070312
2015-10-21 00:00:00+00:00,111.04000091552734
2015-10-22 00:00:00+00:00,111.41999816894531
2015-10-23 00:00:00+00:00,111.26000213623047
2015-10-26 00:00:00+00:00,111.2300033569336
2015-10-27 00:00:00+00:00,111.4800033569336
2015-10-28 00:00:00+00:00,110.91999816894531
2015-10-29 00:00:00+00:00,110.62000274658203
2015-10-30 00:00:00+00:00,110.95999908447266
2015-11-02 00:00:00+00:00,110.91000366210938
2015-11-03 00:00:00+00:00,110.72000122070312
2015-11-04 00:00:00+00:00,110.56999969482422
2015-11-05 00:00:00+00:00,110.22000122070312
2015-11-06 00:00:00+00:00,109.76000213623047
2015-11-09 00:00:00+00:00,109.72000122070312
2015-11-10 00:00:00+00:00,109.68000030517578
2015-11-11 00:00:00+00:00,109.66999816894531
2015-11-12 00:00:00+00:00,109.66999816894531
2015-11-13 00:00:00+00:00,109.81999969482422
2015-11-16 00:00:00+00:00,109.76000213623047
2015-11-17 00:00:00+00:00,109.95999908447266
2015-11-18 00:00:00+00:00,110.12000274658203
2015-11-19 00:00:00+00:00,110.51000213623047
2015-11-20 00:00:00+00:00,110.5999984741211
2015-11-23 00:00:00+00:00,110.7300033569336
2015-11-24 00:00:00+00:00,110.8499984741211
2015-11-25 00:00:00+00:00,110.79000091552734
2015-11-27 00:00:00+00:00,110.8499984741211
2015-11-30 00:00:00+00:00,110.80000305175781
2015-12-01 00:00:00+00:00,111.20999908447266
2015-12-02 00:00:00+00:00,110.83000183105469
2015-12-03 00:00:00+00:00,110.13999938964844
2015-12-04 00:00:00+00:00,110.41999816894531
2015-12-07 00:00:00+00:00,110.37999725341797
2015-12-08 00:00:00+00:00,110.41000366210938
2015-12-09 00:00:00+00:00,110.19999694824219
2015-12-10 00:00:00+00:00,109.95999908447266
2015-12-11 00:00:00+00:00,110.31999969482422
2015-12-14 00:00:00+00:00,109.52999877929688
2015-12-15 00:00:00+00:00,109.47000122070312
2015-12-16 00:00:00+00:00,109.1500015258789
2015-12-17 00:00:00+00:00,109.52999877929688
2015-12-18 00:00:00+00:00,109.83000183105469
2015-12-21 00:00:00+00:00,109.62999725341797
2015-12-22 00:00:00+00:00,109.4800033569336
2015-12-23 00:00:00+00:00,109.58000183105469
2015-12-24 00:00:00+00:00,109.7699966430664
2015-12-28 00:00:00+00:00,109.80000305175781
2015-12-29 00:00:00+00:00,109.37999725341797
2015-12-30 00:00:00+00:00,109.5
2015-12-31 00:00:00+00:00,109.68000030517578
2016-01-04 00:00:00+00:00,110.11000061035156
2016-01-05 00:00:00+00:00,110.04000091552734
2016-01-06 00:00:00+00:00,110.38999938964844
2016-01-07 00:00:00+00:00,110.30000305175781
2016-01-08 00:00:00+00:00,110.38999938964844
2016-01-11 00:00:00+00:00,109.80999755859375
2016-01-12 00:00:00+00:00,110.11000061035156
2016-01-13 00:00:00+00:00,110.33999633789062
2016-01-14 00:00:00+00:00,110.23999786376953
2016-01-15 00:00:00+00:00,110.23999786376953
2016-01-19 00:00:00+00:00,110.12999725341797
2016-01-20 00:00:00+00:00,110.19000244140625
2016-01-21 00:00:00+00:00,109.79000091552734
2016-01-22 00:00:00+00:00,109.94999694824219
2016-01-25 00:00:00+00:00,110.16000366210938
2016-01-26 00:00:00+00:00,110.44000244140625
2016-01-27 00:00:00+00:00,110.72000122070312
2016-01-28 00:00:00+00:00,110.94999694824219
2016-01-29 00:00:00+00:00,111.4000015258789
2016-02-01 00:00:00+00:00,111.19999694824219
2016-02-02 00:00:00+00:00,111.54000091552734
2016-02-03 00:00:00+00:00,111.68000030517578
2016-02-04 00:00:00+00:00,111.69999694824219
2016-02-05 00:00:00+00:00,111.38999938964844
2016-02-08 00:00:00+00:00,111.47000122070312
2016-02-09 00:00:00+00:00,111.22000122070312
2016-02-10 00:00:00+00:00,111.62999725341797
2016-02-11 00:00:00+00:00,112.0199966430664
2016-02-12 00:00:00+00:00,111.5999984741211
2016-02-16 00:00:00+00:00,111.13999938964844
2016-02-17 00:00:00+00:00,110.94999694824219
2016-02-18 00:00:00+00:00,111.26000213623047
2016-02-19 00:00:00+00:00,111.3499984741211
2016-02-22 00:00:00+00:00,111.62000274658203
2016-02-23 00:00:00+00:00,111.95999908447266
2016-02-24 00:00:00+00:00,112.20999908447266
2016-02-25 00:00:00+00:00,112.66999816894531
2016-02-26 00:00:00+00:00,112.37999725341797
2016-02-29 00:00:00+00:00,112.76000213623047
2016-03-01 00:00:00+00:00,112.44999694824219
2016-03-02 00:00:00+00:00,112.69000244140625
2016-03-03 00:00:00+00:00,112.91999816894531
2016-03-04 00:00:00+00:00,112.56999969482422
2016-03-07 00:00:00+00:00,112.12000274658203
2016-03-08 00:00:00+00:00,112.55000305175781
2016-03-09 00:00:00+00:00,112.4800033569336
2016-03-10 00:00:00+00:00,112.08999633789062
2016-03-11 00:00:00+00:00,112.05000305175781
2016-03-14 00:00:00+00:00,111.91999816894531
2016-03-15 00:00:00+00:00,111.69999694824219
2016-03-16 00:00:00+00:00,112.88999938964844
2016-03-17 00:00:00+00:00,113.13999938964844
2016-03-18 00:00:00+00:00,113.5199966430664
2016-03-21 00:00:00+00:00,113.55000305175781
2016-03-22 00:00:00+00:00,113.26000213623047
2016-03-23 00:00:00+00:00,113.37999725341797
2016-03-24 00:00:00+00:00,113.12000274658203
2016-03-28 00:00:00+00:00,113.26000213623047
2016-03-29 00:00:00+00:00,114.44999694824219
2016-03-30 00:00:00+00:00,114.5199966430664
2016-03-31 00:00:00+00:00,114.63999938964844
2016-04-01 00:00:00+00:00,114.7300033569336
2016-04-04 00:00:00+00:00,114.87000274658203
2016-04-05 00:00:00+00:00,114.98999786376953
2016-04-06 00:00:00+00:00,114.69000244140625
2016-04-07 00:00:00+00:00,115.08999633789062
2016-04-08 00:00:00+00:00,114.86000061035156
2016-04-11 00:00:00+00:00,114.56999969482422
2016-04-12 00:00:00+00:00,114.08999633789062
2016-04-13 00:00:00+00:00,114.19000244140625
2016-04-14 00:00:00+00:00,113.91999816894531
2016-04-15 00:00:00+00:00,114.33000183105469
2016-04-18 00:00:00+00:00,114.30999755859375
2016-04-19 00:00:00+00:00,114.51000213623047
2016-04-20 00:00:00+00:00,114.02999877929688
2016-04-21 00:00:00+00:00,113.88999938964844
2016-04-22 00:00:00+00:00,113.81999969482422
2016-04-25 00:00:00+00:00,113.69000244140625
2016-04-26 00:00:00+00:00,113.63999938964844
2016-04-27 00:00:00+00:00,114.33000183105469
2016-04-28 00:00:00+00:00,114.93000030517578
2016-04-29 00:00:00+00:00,114.87999725341797
2016-05-02 00:00:00+00:00,114.5
2016-05-03 00:00:00+00:00,114.55000305175781
2016-05-04 00:00:00+00:00,114.68000030517578
2016-05-05 00:00:00+00:00,115.05000305175781
2016-05-06 00:00:00+00:00,114.6500015258789
2016-05-09 00:00:00+00:00,114.72000122070312
2016-05-10 00:00:00+00:00,115.06999969482422
2016-05-11 00:00:00+00:00,115.05000305175781
2016-05-12 00:00:00+00:00,114.97000122070312
2016-05-13 00:00:00+00:00,115.25
2016-05-16 00:00:00+00:00,115.12000274658203
2016-05-17 00:00:00+00:00,115.19999694824219
2016-05-18 00:00:00+00:00,114.19999694824219
2016-05-19 00:00:00+00:00,114.1500015258789
2016-05-20 00:00:00+00:00,114.08999633789062
2016-05-23 00:00:00+00:00,114.1500015258789
2016-05-24 00:00:00+00:00,114.04000091552734
2016-05-25 00:00:00+00:00,114.12999725341797
2016-05-26 00:00:00+00:00,114.45999908447266
2016-05-27 00:00:00+00:00,114.30999755859375
2016-05-31 00:00:00+00:00,114.13999938964844
2016-06-01 00:00:00+00:00,113.93000030517578
2016-06-02 00:00:00+00:00,114.31999969482422
2016-06-03 00:00:00+00:00,115.05999755859375
2016-06-06 00:00:00+00:00,115.19000244140625
2016-06-07 00:00:00+00:00,115.5
2016-06-08 00:00:00+00:00,115.7699966430664
2016-06-09 00:00:00+00:00,115.80999755859375
2016-06-10 00:00:00+00:00,115.80999755859375
2016-06-13 00:00:00+00:00,115.66000366210938
2016-06-14 00:00:00+00:00,115.37000274658203
2016-06-15 00:00:00+00:00,115.91000366210938
2016-06-16 00:00:00+00:00,115.68000030517578
2016-06-17 00:00:00+00:00,115.38999938964844
2016-06-20 00:00:00+00:00,115.05999755859375
2016-06-21 00:00:00+00:00,114.70999908447266
2016-06-22 00:00:00+00:00,115.0199966430664
2016-06-23 00:00:00+00:00,115.05999755859375
2016-06-24 00:00:00+00:00,115.77999877929688
2016-06-27 00:00:00+00:00,116.12000274658203
2016-06-28 00:00:00+00:00,116.5199966430664
2016-06-29 00:00:00+00:00,116.44999694824219
2016-06-30 00:00:00+00:00,116.66999816894531
2016-07-01 00:00:00+00:00,117.05999755859375
2016-07-05 00:00:00+00:00,117.25
2016-07-06 00:00:00+00:00,117.52999877929688
2016-07-07 00:00:00+00:00,117.29000091552734
2016-07-08 00:00:00+00:00,117.55000305175781
2016-07-11 00:00:00+00:00,116.9800033569336
2016-07-12 00:00:00+00:00,116.58999633789062
2016-07-13 00:00:00+00:00,116.83999633789062
2016-07-14 00:00:00+00:00,116.54000091552734
2016-07-15 00:00:00+00:00,116.41000366210938
2016-07-18 00:00:00+00:00,116.33000183105469
2016-07-19 00:00:00+00:00,116.33999633789062
2016-07-20 00:00:00+00:00,116.12999725341797
2016-07-21 00:00:00+00:00,116.18000030517578
2016-07-22 00:00:00+00:00,116.08000183105469
2016-07-25 00:00:00+00:00,115.83000183105469
2016-07-26 00:00:00+00:00,116.02999877929688
2016-07-27 00:00:00+00:00,116.4800033569336
2016-07-28 00:00:00+00:00,116.63999938964844
2016-07-29 00:00:00+00:00,116.9000015258789
2016-08-01 00:00:00+00:00,115.75
2016-08-02 00:00:00+00:00,115.18000030517578
2016-08-03 00:00:00+00:00,115.51000213623047
2016-08-04 00:00:00+00:00,115.98999786376953
2016-08-05 00:00:00+00:00,115.70999908447266
2016-08-08 00:00:00+00:00,115.79000091552734
2016-08-09 00:00:00+00:00,116.06999969482422
2016-08-10 00:00:00+00:00,116.0999984741211
2016-08-11 00:00:00+00:00,115.79000091552734
2016-08-12 00:00:00+00:00,116.08999633789062
2016-08-15 00:00:00+00:00,115.79000091552734
2016-08-16 00:00:00+00:00,115.62999725341797
2016-08-17 00:00:00+00:00,115.9800033569336
2016-08-18 00:00:00+00:00,116.18000030517578
2016-08-19 00:00:00+00:00,115.98999786376953
2016-08-22 00:00:00+00:00,116.2300033569336
2016-08-23 00:00:00+00:00,116.38999938964844
2016-08-24 00:00:00+00:00,116.20999908447266
2016-08-25 00:00:00+00:00,116.1500015258789
2016-08-26 00:00:00+00:00,115.69999694824219
2016-08-29 00:00:00+00:00,116.12000274658203
2016-08-30 00:00:00+00:00,116.0199966430664
2016-08-31 00:00:00+00:00,116.04000091552734
2016-09-01 00:00:00+00:00,115.72000122070312
2016-09-02 00:00:00+00:00,115.58999633789062
2016-09-06 00:00:00+00:00,116.13999938964844
2016-09-07 00:00:00+00:00,116.29000091552734
2016-09-08 00:00:00+00:00,115.87999725341797
2016-09-09 00:00:00+00:00,115.08000183105469
2016-09-12 00:00:00+00:00,115.12000274658203
2016-09-13 00:00:00+00:00,114.61000061035156
2016-09-14 00:00:00+00:00,114.79000091552734
2016-09-15 00:00:00+00:00,114.76000213623047
2016-09-16 00:00:00+00:00,114.94999694824219
2016-09-19 00:00:00+00:00,114.80999755859375
2016-09-20 00:00:00+00:00,114.79000091552734
2016-09-21 00:00:00+00:00,115.33000183105469
2016-09-22 00:00:00+00:00,115.9000015258789
2016-09-23 00:00:00+00:00,116.22000122070312
2016-09-26 00:00:00+00:00,116.2699966430664
2016-09-27 00:00:00+00:00,116.37000274658203
2016-09-28 00:00:00+00:00,116.51000213623047
2016-09-29 00:00:00+00:00,116.48999786376953
2016-09-30 00:00:00+00:00,116.48999786376953
2016-10-03 00:00:00+00:00,116.37999725341797
2016-10-04 00:00:00+00:00,115.80999755859375
2016-10-05 00:00:00+00:00,115.62000274658203
2016-10-06 00:00:00+00:00,115.68000030517578
2016-10-07 00:00:00+00:00,115.6500015258789
2016-10-10 00:00:00+00:00,115.48999786376953
2016-10-11 00:00:00+00:00,115.4000015258789
2016-10-12 00:00:00+00:00,115.36000061035156
2016-10-13 00:00:00+00:00,115.54000091552734
2016-10-14 00:00:00+00:00,115.43000030517578
2016-10-17 00:00:00+00:00,115.94999694824219
2016-10-18 00:00:00+00:00,116.0199966430664
2016-10-19 00:00:00+00:00,116.18000030517578
2016-10-20 00:00:00+00:00,116.0
2016-10-21 00:00:00+00:00,116.12999725341797
2016-10-24 00:00:00+00:00,115.94999694824219
2016-10-25 00:00:00+00:00,116.12999725341797
2016-10-26 00:00:00+00:00,116.01000213623047
2016-10-27 00:00:00+00:00,115.51000213623047
2016-10-28 00:00:00+00:00,115.63999938964844
2016-10-31 00:00:00+00:00,115.86000061035156
2016-11-01 00:00:00+00:00,115.87000274658203
2016-11-02 00:00:00+00:00,115.91999816894531
2016-11-03 00:00:00+00:00,115.58999633789062
2016-11-04 00:00:00+00:00,115.88999938964844
2016-11-07 00:00:00+00:00,115.83000183105469
2016-11-08 00:00:00+00:00,115.62999725341797
2016-11-09 00:00:00+00:00,114.7699966430664
2016-11-10 00:00:00+00:00,114.56999969482422
2016-11-11 00:00:00+00:00,114.25
2016-11-14 00:00:00+00:00,113.37000274658203
2016-11-15 00:00:00+00:00,113.44000244140625
2016-11-16 00:00:00+00:00,113.68000030517578
2016-11-17 00:00:00+00:00,113.48999786376953
2016-11-18 00:00:00+00:00,113.31999969482422
2016-11-21 00:00:00+00:00,113.58999633789062
2016-11-22 00:00:00+00:00,113.69000244140625
2016-11-23 00:00:00+00:00,113.30999755859375
2016-11-25 00:00:00+00:00,113.12000274658203
2016-11-28 00:00:00+00:00,113.29000091552734
2016-11-29 00:00:00+00:00,113.4000015258789
2016-11-30 00:00:00+00:00,113.45999908447266
2016-12-01 00:00:00+00:00,112.88999938964844
2016-12-02 00:00:00+00:00,112.94999694824219
2016-12-05 00:00:00+00:00,113.11000061035156
2016-12-06 00:00:00+00:00,113.33000183105469
2016-12-07 00:00:00+00:00,113.43000030517578
2016-12-08 00:00:00+00:00,113.31999969482422
2016-12-09 00:00:00+00:00,112.80000305175781
2016-12-12 00:00:00+00:00,112.77999877929688
2016-12-13 00:00:00+00:00,112.73999786376953
2016-12-14 00:00:00+00:00,111.8499984741211
2016-12-15 00:00:00+00:00,111.1500015258789
2016-12-16 00:00:00+00:00,111.08999633789062
2016-12-19 00:00:00+00:00,111.55000305175781
2016-12-20 00:00:00+00:00,111.66000366210938
2016-12-21 00:00:00+00:00,111.94000244140625
2016-12-22 00:00:00+00:00,112.29000091552734
2016-12-23 00:00:00+00:00,112.41999816894531
2016-12-27 00:00:00+00:00,112.37000274658203
2016-12-28 00:00:00+00:00,112.66000366210938
2016-12-29 00:00:00+00:00,112.80000305175781
2016-12-30 00:00:00+00:00,113.16999816894531
2017-01-03 00:00:00+00:00,113.27999877929688
2017-01-04 00:00:00+00:00,113.52999877929688
2017-01-05 00:00:00+00:00,113.91999816894531
2017-01-06 00:00:00+00:00,113.44999694824219
2017-01-09 00:00:00+00:00,113.62999725341797
2017-01-10 00:00:00+00:00,113.72000122070312
2017-01-11 00:00:00+00:00,114.08000183105469
2017-01-12 00:00:00+00:00,114.18000030517578
2017-01-13 00:00:00+00:00,113.9800033569336
2017-01-17 00:00:00+00:00,114.33999633789062
2017-01-18 00:00:00+00:00,113.77999877929688
2017-01-19 00:00:00+00:00,113.69000244140625
2017-01-20 00:00:00+00:00,113.70999908447266
2017-01-23 00:00:00+00:00,114.16999816894531
2017-01-24 00:00:00+00:00,113.9800033569336
2017-01-25 00:00:00+00:00,113.61000061035156
2017-01-26 00:00:00+00:00,113.77999877929688
2017-01-27 00:00:00+00:00,113.97000122070312
2017-01-30 00:00:00+00:00,113.94000244140625
2017-01-31 00:00:00+00:00,114.18000030517578
2017-02-01 00:00:00+00:00,113.94000244140625
2017-02-02 00:00:00+00:00,113.94999694824219
2017-02-03 00:00:00+00:00,113.83000183105469
2017-02-06 00:00:00+00:00,114.11000061035156
2017-02-07 00:00:00+00:00,114.05999755859375
2017-02-08 00:00:00+00:00,114.33000183105469
2017-02-09 00:00:00+00:00,114.11000061035156
2017-02-10 00:00:00+00:00,114.19999694824219
2017-02-13 00:00:00+00:00,114.0199966430664
2017-02-14 00:00:00+00:00,113.75
2017-02-15 00:00:00+00:00,113.9000015258789
2017-02-16 00:00:00+00:00,113.9000015258789
2017-02-17 00:00:00+00:00,114.16000366210938
2017-02-21 00:00:00+00:00,114.1500015258789
2017-02-22 00:00:00+00:00,114.36000061035156
2017-02-23 00:00:00+00:00,114.62999725341797
2017-02-24 00:00:00+00:00,114.95999908447266
2017-02-27 00:00:00+00:00,114.6500015258789
2017-02-28 00:00:00+00:00,114.6500015258789
2017-03-01 00:00:00+00:00,113.95999908447266
2017-03-02 00:00:00+00:00,113.5999984741211
2017-03-03 00:00:00+00:00,113.86000061035156
2017-03-06 00:00:00+00:00,113.73999786376953
2017-03-07 00:00:00+00:00,113.54000091552734
2017-03-08 00:00:00+00:00,113.05000305175781
2017-03-09 00:00:00+00:00,112.75
2017-03-10 00:00:00+00:00,112.95999908447266
2017-03-13 00:00:00+00:00,112.69999694824219
2017-03-14 00:00:00+00:00,112.62000274658203
2017-03-15 00:00:00+00:00,113.63999938964844
2017-03-16 00:00:00+00:00,113.55999755859375
2017-03-17 00:00:00+00:00,113.80999755859375
2017-03-20 00:00:00+00:00,113.9800033569336
2017-03-21 00:00:00+00:00,114.05999755859375
2017-03-22 00:00:00+00:00,114.25
2017-03-23 00:00:00+00:00,114.12000274658203
2017-03-24 00:00:00+00:00,114.44999694824219
2017-03-27 00:00:00+00:00,114.66999816894531
2017-03-28 00:00:00+00:00,114.29000091552734
2017-03-29 00:00:00+00:00,114.58999633789062
2017-03-30 00:00:00+00:00,114.30999755859375
2017-03-31 00:00:00+00:00,114.6500015258789
2017-04-03 00:00:00+00:00,114.7699966430664
2017-04-04 00:00:00+00:00,114.63999938964844
2017-04-05 00:00:00+00:00,114.86000061035156
2017-04-06 00:00:00+00:00,114.80000305175781
2017-04-07 00:00:00+00:00,114.3499984741211
2017-04-10 00:00:00+00:00,114.41000366210938
2017-04-11 00:00:00+00:00,114.62999725341797
2017-04-12 00:00:00+00:00,115.05999755859375
2017-04-13 00:00:00+00:00,115.2300033569336
2017-04-17 00:00:00+00:00,114.95999908447266
2017-04-18 00:00:00+00:00,115.20999908447266
2017-04-19 00:00:00+00:00,115.0
2017-04-20 00:00:00+00:00,114.87999725341797
2017-04-21 00:00:00+00:00,114.72000122070312
2017-04-24 00:00:00+00:00,114.69000244140625
2017-04-25 00:00:00+00:00,114.5
2017-04-26 00:00:00+00:00,114.73999786376953
2017-04-27 00:00:00+00:00,114.83999633789062
2017-04-28 00:00:00+00:00,115.01000213623047
2017-05-01 00:00:00+00:00,114.33999633789062
2017-05-02 00:00:00+00:00,114.33999633789062
2017-05-03 00:00:00+00:00,114.08999633789062
2017-05-04 00:00:00+00:00,113.66000366210938
2017-05-05 00:00:00+00:00,113.75
2017-05-08 00:00:00+00:00,113.30999755859375
2017-05-09 00:00:00+00:00,113.20999908447266
2017-05-10 00:00:00+00:00,113.25
2017-05-11 00:00:00+00:00,113.58999633789062
2017-05-12 00:00:00+00:00,113.7699966430664
2017-05-15 00:00:00+00:00,113.47000122070312
2017-05-16 00:00:00+00:00,113.55000305175781
2017-05-17 00:00:00+00:00,114.20999908447266
2017-05-18 00:00:00+00:00,114.38999938964844
2017-05-19 00:00:00+00:00,114.58999633789062
2017-05-22 00:00:00+00:00,114.41000366210938
2017-05-23 00:00:00+00:00,114.23999786376953
2017-05-24 00:00:00+00:00,114.30999755859375
2017-05-25 00:00:00+00:00,114.12999725341797
2017-05-26 00:00:00+00:00,114.4000015258789
2017-05-30 00:00:00+00:00,114.6500015258789
2017-05-31 00:00:00+00:00,114.68000030517578
2017-06-01 00:00:00+00:00,114.37000274658203
2017-06-02 00:00:00+00:00,114.83000183105469
2017-06-05 00:00:00+00:00,114.52999877929688
2017-06-06 00:00:00+00:00,114.66000366210938
2017-06-07 00:00:00+00:00,114.38999938964844
2017-06-08 00:00:00+00:00,114.2699966430664
2017-06-09 00:00:00+00:00,114.16999816894531
2017-06-12 00:00:00+00:00,113.93000030517578
2017-06-13 00:00:00+00:00,114.12000274658203
2017-06-14 00:00:00+00:00,114.13999938964844
2017-06-15 00:00:00+00:00,113.58000183105469
2017-06-16 00:00:00+00:00,113.68000030517578
2017-06-19 00:00:00+00:00,113.55000305175781
2017-06-20 00:00:00+00:00,113.66999816894531
2017-06-21 00:00:00+00:00,113.8499984741211
2017-06-22 00:00:00+00:00,114.22000122070312
2017-06-23 00:00:00+00:00,114.30999755859375
2017-06-26 00:00:00+00:00,114.48999786376953
2017-06-27 00:00:00+00:00,113.94999694824219
2017-06-28 00:00:00+00:00,114.04000091552734
2017-06-29 00:00:00+00:00,113.58999633789062
2017-06-30 00:00:00+00:00,113.43000030517578
2017-07-03 00:00:00+00:00,112.93000030517578
2017-07-05 00:00:00+00:00,113.0999984741211
2017-07-06 00:00:00+00:00,112.80999755859375
2017-07-07 00:00:00+00:00,112.45999908447266
2017-07-10 00:00:00+00:00,112.41000366210938
2017-07-11 00:00:00+00:00,112.7699966430664
2017-07-12 00:00:00+00:00,113.0999984741211
2017-07-13 00:00:00+00:00,113.05999755859375
2017-07-14 00:00:00+00:00,113.05000305175781
2017-07-17 00:00:00+00:00,113.27999877929688
2017-07-18 00:00:00+00:00,113.5999984741211
2017-07-19 00:00:00+00:00,113.69000244140625
2017-07-20 00:00:00+00:00,113.41000366210938
2017-07-21 00:00:00+00:00,113.58000183105469
2017-07-24 00:00:00+00:00,113.58000183105469
2017-07-25 00:00:00+00:00,113.13999938964844
2017-07-26 00:00:00+00:00,113.47000122070312
2017-07-27 00:00:00+00:00,113.38999938964844
2017-07-28 00:00:00+00:00,113.66000366210938
2017-07-31 00:00:00+00:00,113.66000366210938
2017-08-01 00:00:00+00:00,113.54000091552734
2017-08-02 00:00:00+00:00,113.4800033569336
2017-08-03 00:00:00+00:00,113.79000091552734
2017-08-04 00:00:00+00:00,113.62999725341797
2017-08-07 00:00:00+00:00,113.76000213623047
2017-08-08 00:00:00+00:00,113.83999633789062
2017-08-09 00:00:00+00:00,114.05000305175781
2017-08-10 00:00:00+00:00,114.33999633789062
2017-08-11 00:00:00+00:00,114.2699966430664
2017-08-14 00:00:00+00:00,113.81999969482422
2017-08-15 00:00:00+00:00,113.4800033569336
2017-08-16 00:00:00+00:00,113.68000030517578
2017-08-17 00:00:00+00:00,113.95999908447266
2017-08-18 00:00:00+00:00,113.9800033569336
2017-08-21 00:00:00+00:00,114.0199966430664
2017-08-22 00:00:00+00:00,113.87999725341797
2017-08-23 00:00:00+00:00,114.19000244140625
2017-08-24 00:00:00+00:00,113.9000015258789
2017-08-25 00:00:00+00:00,114.08999633789062
2017-08-28 00:00:00+00:00,114.18000030517578
2017-08-29 00:00:00+00:00,114.36000061035156
2017-08-30 00:00:00+00:00,114.33000183105469
2017-08-31 00:00:00+00:00,114.62000274658203
2017-09-01 00:00:00+00:00,114.12000274658203
2017-09-05 00:00:00+00:00,114.86000061035156
2017-09-06 00:00:00+00:00,114.72000122070312
2017-09-07 00:00:00+00:00,115.19999694824219
2017-09-08 00:00:00+00:00,115.22000122070312
2017-09-11 00:00:00+00:00,114.77999877929688
2017-09-12 00:00:00+00:00,114.58999633789062
2017-09-13 00:00:00+00:00,114.37999725341797
2017-09-14 00:00:00+00:00,114.55999755859375
2017-09-15 00:00:00+00:00,114.5
2017-09-18 00:00:00+00:00,114.44999694824219
2017-09-19 00:00:00+00:00,114.31999969482422
2017-09-20 00:00:00+00:00,114.0
2017-09-21 00:00:00+00:00,113.73999786376953
2017-09-22 00:00:00+00:00,114.02999877929688
2017-09-25 00:00:00+00:00,114.3499984741211
2017-09-26 00:00:00+00:00,114.26000213623047
2017-09-27 00:00:00+00:00,113.91000366210938
2017-09-28 00:00:00+00:00,113.83000183105469
2017-09-29 00:00:00+00:00,113.58000183105469
2017-10-02 00:00:00+00:00,113.37999725341797
2017-10-03 00:00:00+00:00,113.48999786376953
2017-10-04 00:00:00+00:00,113.58999633789062
2017-10-05 00:00:00+00:00,113.47000122070312
2017-10-06 00:00:00+00:00,113.37999725341797
2017-10-09 00:00:00+00:00,113.41999816894531
2017-10-10 00:00:00+00:00,113.62000274658203
2017-10-11 00:00:00+00:00,113.76000213623047
2017-10-12 00:00:00+00:00,113.97000122070312
2017-10-13 00:00:00+00:00,114.12999725341797
2017-10-16 00:00:00+00:00,113.87000274658203
2017-10-17 00:00:00+00:00,113.66000366210938
2017-10-18 00:00:00+00:00,113.5199966430664
2017-10-19 00:00:00+00:00,113.66999816894531
2017-10-20 00:00:00+00:00,113.41000366210938
2017-10-23 00:00:00+00:00,113.41999816894531
2017-10-24 00:00:00+00:00,113.26000213623047
2017-10-25 00:00:00+00:00,113.13999938964844
2017-10-26 00:00:00+00:00,113.08999633789062
2017-10-27 00:00:00+00:00,113.44999694824219
2017-10-30 00:00:00+00:00,113.75
2017-10-31 00:00:00+00:00,113.80000305175781
2017-11-01 00:00:00+00:00,113.69999694824219
2017-11-02 00:00:00+00:00,113.87000274658203
2017-11-03 00:00:00+00:00,113.94999694824219
2017-11-06 00:00:00+00:00,114.13999938964844
2017-11-07 00:00:00+00:00,114.30000305175781
2017-11-08 00:00:00+00:00,114.2300033569336
2017-11-09 00:00:00+00:00,114.20999908447266
2017-11-10 00:00:00+00:00,113.70999908447266
2017-11-13 00:00:00+00:00,113.69999694824219
2017-11-14 00:00:00+00:00,113.83999633789062
2017-11-15 00:00:00+00:00,114.16000366210938
2017-11-16 00:00:00+00:00,113.91999816894531
2017-11-17 00:00:00+00:00,114.12000274658203
2017-11-20 00:00:00+00:00,113.94999694824219
2017-11-21 00:00:00+00:00,113.94000244140625
2017-11-22 00:00:00+00:00,114.27999877929688
2017-11-24 00:00:00+00:00,114.13999938964844
2017-11-27 00:00:00+00:00,114.12000274658203
2017-11-28 00:00:00+00:00,114.11000061035156
2017-11-29 00:00:00+00:00,113.80000305175781
2017-11-30 00:00:00+00:00,113.68000030517578
2017-12-01 00:00:00+00:00,113.61000061035156
2017-12-04 00:00:00+00:00,113.6500015258789
2017-12-05 00:00:00+00:00,113.7699966430664
2017-12-06 00:00:00+00:00,113.88999938964844
2017-12-07 00:00:00+00:00,113.73999786376953
2017-12-08 00:00:00+00:00,113.69000244140625
2017-12-11 00:00:00+00:00,113.5999984741211
2017-12-12 00:00:00+00:00,113.69000244140625
2017-12-13 00:00:00+00:00,113.88999938964844
2017-12-14 00:00:00+00:00,113.88999938964844
2017-12-15 00:00:00+00:00,113.88999938964844
2017-12-18 00:00:00+00:00,113.69000244140625
2017-12-19 00:00:00+00:00,113.3499984741211
2017-12-20 00:00:00+00:00,112.97000122070312
2017-12-21 00:00:00+00:00,113.11000061035156
2017-12-22 00:00:00+00:00,113.18000030517578
2017-12-26 00:00:00+00:00,113.27999877929688
2017-12-27 00:00:00+00:00,113.75
2017-12-28 00:00:00+00:00,113.79000091552734
2017-12-29 00:00:00+00:00,114.08000183105469
2018-01-02 00:00:00+00:00,113.80000305175781
2018-01-03 00:00:00+00:00,113.91000366210938
2018-01-04 00:00:00+00:00,113.94000244140625
2018-01-05 00:00:00+00:00,113.91999816894531
2018-01-08 00:00:00+00:00,113.80000305175781
2018-01-09 00:00:00+00:00,113.43000030517578
2018-01-10 00:00:00+00:00,113.38999938964844
2018-01-11 00:00:00+00:00,113.2699966430664
2018-01-12 00:00:00+00:00,113.37999725341797
2018-01-16 00:00:00+00:00,113.56999969482422
2018-01-17 00:00:00+00:00,113.48999786376953
2018-01-18 00:00:00+00:00,113.38999938964844
2018-01-19 00:00:00+00:00,113.19999694824219
2018-01-22 00:00:00+00:00,113.13999938964844
2018-01-23 00:00:00+00:00,113.30999755859375
2018-01-24 00:00:00+00:00,113.2300033569336
2018-01-25 00:00:00+00:00,113.44000244140625
2018-01-26 00:00:00+00:00,113.37000274658203
2018-01-29 00:00:00+00:00,113.0999984741211
2018-01-30 00:00:00+00:00,112.83000183105469
2018-01-31 00:00:00+00:00,113.11000061035156
2018-02-01 00:00:00+00:00,112.51000213623047
2018-02-02 00:00:00+00:00,112.37000274658203
2018-02-05 00:00:00+00:00,112.79000091552734
2018-02-06 00:00:00+00:00,112.33000183105469
2018-02-07 00:00:00+00:00,112.08000183105469
2018-02-08 00:00:00+00:00,111.8499984741211
2018-02-09 00:00:00+00:00,111.5
2018-02-12 00:00:00+00:00,111.58000183105469
2018-02-13 00:00:00+00:00,111.66000366210938
2018-02-14 00:00:00+00:00,111.55999755859375
2018-02-15 00:00:00+00:00,111.62000274658203
2018-02-16 00:00:00+00:00,111.80000305175781
2018-02-20 00:00:00+00:00,111.70999908447266
2018-02-21 00:00:00+00:00,111.38999938964844
2018-02-22 00:00:00+00:00,111.48999786376953
2018-02-23 00:00:00+00:00,111.9000015258789
2018-02-26 00:00:00+00:00,112.04000091552734
2018-02-27 00:00:00+00:00,111.76000213623047
2018-02-28 00:00:00+00:00,111.91999816894531
2018-03-01 00:00:00+00:00,112.26000213623047
2018-03-02 00:00:00+00:00,112.16999816894531
2018-03-05 00:00:00+00:00,112.0999984741211
2018-03-06 00:00:00+00:00,112.06999969482422
2018-03-07 00:00:00+00:00,112.06999969482422
2018-03-08 00:00:00+00:00,112.18000030517578
2018-03-09 00:00:00+00:00,112.01000213623047
2018-03-12 00:00:00+00:00,112.08999633789062
2018-03-13 00:00:00+00:00,112.18000030517578
2018-03-14 00:00:00+00:00,112.37000274658203
2018-03-15 00:00:00+00:00,112.37999725341797
2018-03-16 00:00:00+00:00,112.19000244140625
2018-03-19 00:00:00+00:00,112.12000274658203
2018-03-20 00:00:00+00:00,111.94999694824219
2018-03-21 00:00:00+00:00,112.19000244140625
2018-03-22 00:00:00+00:00,112.5199966430664
2018-03-23 00:00:00+00:00,112.58000183105469
2018-03-26 00:00:00+00:00,112.37999725341797
2018-03-27 00:00:00+00:00,112.80999755859375
2018-03-28 00:00:00+00:00,112.80999755859375
2018-03-29 00:00:00+00:00,113.05000305175781
2018-04-02 00:00:00+00:00,112.87000274658203
2018-04-03 00:00:00+00:00,112.80000305175781
2018-04-04 00:00:00+00:00,112.73999786376953
2018-04-05 00:00:00+00:00,112.41999816894531
2018-04-06 00:00:00+00:00,112.87000274658203
2018-04-09 00:00:00+00:00,112.8499984741211
2018-04-10 00:00:00+00:00,112.80000305175781
2018-04-11 00:00:00+00:00,113.12999725341797
2018-04-12 00:00:00+00:00,112.94999694824219
2018-04-13 00:00:00+00:00,113.11000061035156
2018-04-16 00:00:00+00:00,113.01000213623047
2018-04-17 00:00:00+00:00,113.18000030517578
2018-04-18 00:00:00+00:00,112.94999694824219
2018-04-19 00:00:00+00:00,112.7699966430664
2018-04-20 00:00:00+00:00,112.37999725341797
2018-04-23 00:00:00+00:00,112.3499984741211
2018-04-24 00:00:00+00:00,112.04000091552734
2018-04-25 00:00:00+00:00,111.87000274658203
2018-04-26 00:00:00+00:00,112.16000366210938
2018-04-27 00:00:00+00:00,112.5199966430664
2018-04-30 00:00:00+00:00,112.61000061035156
2018-05-01 00:00:00+00:00,111.79000091552734
2018-05-02 00:00:00+00:00,111.93000030517578
2018-05-03 00:00:00+00:00,112.06999969482422
2018-05-04 00:00:00+00:00,112.0999984741211
2018-05-07 00:00:00+00:00,112.12000274658203
2018-05-08 00:00:00+00:00,111.91999816894531
2018-05-09 00:00:00+00:00,111.8499984741211
2018-05-10 00:00:00+00:00,112.06999969482422
2018-05-11 00:00:00+00:00,112.06999969482422
2018-05-14 00:00:00+00:00,111.79000091552734
2018-05-15 00:00:00+00:00,111.43000030517578
2018-05-16 00:00:00+00:00,111.2699966430664
2018-05-17 00:00:00+00:00,111.05999755859375
2018-05-18 00:00:00+00:00,111.36000061035156
2018-05-21 00:00:00+00:00,111.4000015258789
2018-05-22 00:00:00+00:00,111.3499984741211
2018-05-23 00:00:00+00:00,111.66999816894531
2018-05-24 00:00:00+00:00,111.80000305175781
2018-05-25 00:00:00+00:00,111.95999908447266
2018-05-29 00:00:00+00:00,112.62000274658203
2018-05-30 00:00:00+00:00,112.41000366210938
2018-05-31 00:00:00+00:00,112.4800033569336
2018-06-01 00:00:00+00:00,111.9800033569336
2018-06-04 00:00:00+00:00,111.75
2018-06-05 00:00:00+00:00,112.0
2018-06-06 00:00:00+00:00,111.76000213623047
2018-06-07 00:00:00+00:00,112.0999984741211
2018-06-08 00:00:00+00:00,111.91000366210938
2018-06-11 00:00:00+00:00,111.91000366210938
2018-06-12 00:00:00+00:00,111.81999969482422
2018-06-13 00:00:00+00:00,111.75
2018-06-14 00:00:00+00:00,112.04000091552734
2018-06-15 00:00:00+00:00,112.08000183105469
2018-06-18 00:00:00+00:00,112.16999816894531
2018-06-19 00:00:00+00:00,112.3499984741211
2018-06-20 00:00:00+00:00,112.04000091552734
2018-06-21 00:00:00+00:00,112.23999786376953
2018-06-22 00:00:00+00:00,112.4000015258789
2018-06-25 00:00:00+00:00,112.44999694824219
2018-06-26 00:00:00+00:00,112.61000061035156
2018-06-27 00:00:00+00:00,112.9800033569336
2018-06-28 00:00:00+00:00,112.83000183105469
2018-06-29 00:00:00+00:00,112.87000274658203
2018-07-02 00:00:00+00:00,112.4800033569336
2018-07-03 00:00:00+00:00,112.72000122070312
2018-07-05 00:00:00+00:00,112.8499984741211
2018-07-06 00:00:00+00:00,113.01000213623047
2018-07-09 00:00:00+00:00,112.77999877929688
2018-07-10 00:00:00+00:00,112.61000061035156
2018-07-11 00:00:00+00:00,112.7300033569336
2018-07-12 00:00:00+00:00,112.63999938964844
2018-07-13 00:00:00+00:00,112.86000061035156
2018-07-16 00:00:00+00:00,112.55999755859375
2018-07-17 00:00:00+00:00,112.41000366210938
2018-07-18 00:00:00+00:00,112.2300033569336
2018-07-19 00:00:00+00:00,112.38999938964844
2018-07-20 00:00:00+00:00,112.12000274658203
2018-07-23 00:00:00+00:00,111.58999633789062
2018-07-24 00:00:00+00:00,111.6500015258789
2018-07-25 00:00:00+00:00,111.66999816894531
2018-07-26 00:00:00+00:00,111.55999755859375
2018-07-27 00:00:00+00:00,111.7300033569336
2018-07-30 00:00:00+00:00,111.66999816894531
2018-07-31 00:00:00+00:00,111.83999633789062
2018-08-01 00:00:00+00:00,111.0999984741211
2018-08-02 00:00:00+00:00,111.16000366210938
2018-08-03 00:00:00+00:00,111.37999725341797
2018-08-06 00:00:00+00:00,111.4000015258789
2018-08-07 00:00:00+00:00,111.25
2018-08-08 00:00:00+00:00,111.26000213623047
2018-08-09 00:00:00+00:00,111.5199966430664
2018-08-10 00:00:00+00:00,111.87999725341797
2018-08-13 00:00:00+00:00,111.86000061035156
2018-08-14 00:00:00+00:00,111.72000122070312
2018-08-15 00:00:00+00:00,111.94000244140625
2018-08-16 00:00:00+00:00,111.87000274658203
2018-08-17 00:00:00+00:00,111.91999816894531
2018-08-20 00:00:00+00:00,112.13999938964844
2018-08-21 00:00:00+00:00,112.06999969482422
2018-08-22 00:00:00+00:00,112.30999755859375
2018-08-23 00:00:00+00:00,112.4000015258789
2018-08-24 00:00:00+00:00,112.51000213623047
2018-08-27 00:00:00+00:00,112.33999633789062
2018-08-28 00:00:00+00:00,112.12000274658203
2018-08-29 00:00:00+00:00,112.12000274658203
2018-08-30 00:00:00+00:00,112.22000122070312
2018-08-31 00:00:00+00:00,112.08999633789062
2018-09-04 00:00:00+00:00,111.55000305175781
2018-09-05 00:00:00+00:00,111.44000244140625
2018-09-06 00:00:00+00:00,111.54000091552734
2018-09-07 00:00:00+00:00,111.22000122070312
2018-09-10 00:00:00+00:00,111.25
2018-09-11 00:00:00+00:00,111.0199966430664
2018-09-12 00:00:00+00:00,111.12000274658203
2018-09-13 00:00:00+00:00,110.95999908447266
2018-09-14 00:00:00+00:00,110.76000213623047
2018-09-17 00:00:00+00:00,110.77999877929688
2018-09-18 00:00:00+00:00,110.55000305175781
2018-09-19 00:00:00+00:00,110.43000030517578
2018-09-20 00:00:00+00:00,110.58000183105469
2018-09-21 00:00:00+00:00,110.58999633789062
2018-09-24 00:00:00+00:00,110.4800033569336
2018-09-25 00:00:00+00:00,110.44000244140625
2018-09-26 00:00:00+00:00,110.62999725341797
2018-09-27 00:00:00+00:00,110.66999816894531
2018-09-28 00:00:00+00:00,110.62000274658203
2018-10-01 00:00:00+00:00,110.19000244140625
2018-10-02 00:00:00+00:00,110.37000274658203
2018-10-03 00:00:00+00:00,109.83999633789062
2018-10-04 00:00:00+00:00,109.56999969482422
2018-10-05 00:00:00+00:00,109.2699966430664
2018-10-08 00:00:00+00:00,109.22000122070312
2018-10-09 00:00:00+00:00,109.52999877929688
2018-10-10 00:00:00+00:00,109.41999816894531
2018-10-11 00:00:00+00:00,109.5999984741211
2018-10-12 00:00:00+00:00,109.43000030517578
2018-10-15 00:00:00+00:00,109.5
2018-10-16 00:00:00+00:00,109.51000213623047
2018-10-17 00:00:00+00:00,109.25
2018-10-18 00:00:00+00:00,109.16999816894531
2018-10-19 00:00:00+00:00,109.06999969482422
2018-10-22 00:00:00+00:00,109.01000213623047
2018-10-23 00:00:00+00:00,109.04000091552734
2018-10-24 00:00:00+00:00,109.4000015258789
2018-10-25 00:00:00+00:00,108.94000244140625
2018-10-26 00:00:00+00:00,109.48999786376953
2018-10-29 00:00:00+00:00,109.37999725341797
2018-10-30 00:00:00+00:00,109.08999633789062
2018-10-31 00:00:00+00:00,108.83999633789062
2018-11-01 00:00:00+00:00,108.61000061035156
2018-11-02 00:00:00+00:00,108.27999877929688
2018-11-05 00:00:00+00:00,108.4800033569336
2018-11-06 00:00:00+00:00,108.44000244140625
2018-11-07 00:00:00+00:00,108.5199966430664
2018-11-08 00:00:00+00:00,108.37000274658203
2018-11-09 00:00:00+00:00,108.62999725341797
2018-11-12 00:00:00+00:00,108.86000061035156
2018-11-13 00:00:00+00:00,108.7699966430664
2018-11-14 00:00:00+00:00,108.77999877929688
2018-11-15 00:00:00+00:00,108.87000274658203
2018-11-16 00:00:00+00:00,109.31999969482422
2018-11-19 00:00:00+00:00,109.2699966430664
2018-11-20 00:00:00+00:00,109.11000061035156
2018-11-21 00:00:00+00:00,109.05999755859375
2018-11-23 00:00:00+00:00,108.88999938964844
2018-11-26 00:00:00+00:00,108.7699966430664
2018-11-27 00:00:00+00:00,108.4800033569336
2018-11-28 00:00:00+00:00,108.61000061035156
2018-11-29 00:00:00+00:00,109.25
2018-11-30 00:00:00+00:00,109.2699966430664
2018-12-03 00:00:00+00:00,109.31999969482422
2018-12-04 00:00:00+00:00,109.6500015258789
2018-12-06 00:00:00+00:00,109.66000366210938
2018-12-07 00:00:00+00:00,109.81999969482422
2018-12-10 00:00:00+00:00,109.55000305175781
2018-12-11 00:00:00+00:00,109.11000061035156
2018-12-12 00:00:00+00:00,108.94999694824219
2018-12-13 00:00:00+00:00,108.97000122070312
2018-12-14 00:00:00+00:00,109.05000305175781
2018-12-17 00:00:00+00:00,109.23999786376953
2018-12-18 00:00:00+00:00,109.33999633789062
2018-12-19 00:00:00+00:00,109.52999877929688
2018-12-20 00:00:00+00:00,109.22000122070312
2018-12-21 00:00:00+00:00,109.16999816894531
2018-12-24 00:00:00+00:00,109.33000183105469
2018-12-26 00:00:00+00:00,109.11000061035156
2018-12-27 00:00:00+00:00,109.11000061035156
2018-12-28 00:00:00+00:00,109.43000030517578
2018-12-31 00:00:00+00:00,109.51000213623047
2019-01-02 00:00:00+00:00,109.68000030517578
2019-01-03 00:00:00+00:00,110.31999969482422
2019-01-04 00:00:00+00:00,110.08999633789062
2019-01-07 00:00:00+00:00,110.0199966430664
2019-01-08 00:00:00+00:00,110.11000061035156
2019-01-09 00:00:00+00:00,110.23999786376953
2019-01-10 00:00:00+00:00,109.9800033569336
2019-01-11 00:00:00+00:00,110.2699966430664
2019-01-14 00:00:00+00:00,110.06999969482422
2019-01-15 00:00:00+00:00,109.97000122070312
2019-01-16 00:00:00+00:00,109.95999908447266
2019-01-17 00:00:00+00:00,109.87000274658203
2019-01-18 00:00:00+00:00,109.73999786376953
2019-01-22 00:00:00+00:00,109.80999755859375
2019-01-23 00:00:00+00:00,109.68000030517578
2019-01-24 00:00:00+00:00,109.8499984741211
2019-01-25 00:00:00+00:00,109.68000030517578
2019-01-28 00:00:00+00:00,109.52999877929688
2019-01-29 00:00:00+00:00,109.8499984741211
2019-01-30 00:00:00+00:00,110.44999694824219
2019-01-31 00:00:00+00:00,111.06999969482422
2019-02-01 00:00:00+00:00,110.68000030517578
2019-02-04 00:00:00+00:00,110.45999908447266
2019-02-05 00:00:00+00:00,110.61000061035156
2019-02-06 00:00:00+00:00,110.54000091552734
2019-02-07 00:00:00+00:00,110.70999908447266
2019-02-08 00:00:00+00:00,110.76000213623047
2019-02-11 00:00:00+00:00,110.52999877929688
2019-02-12 00:00:00+00:00,110.55000305175781
2019-02-13 00:00:00+00:00,110.52999877929688
2019-02-14 00:00:00+00:00,110.83999633789062
2019-02-15 00:00:00+00:00,110.83999633789062
2019-02-19 00:00:00+00:00,111.0999984741211
2019-02-20 00:00:00+00:00,111.13999938964844
2019-02-21 00:00:00+00:00,110.94999694824219
2019-02-22 00:00:00+00:00,111.23999786376953
2019-02-25 00:00:00+00:00,111.16000366210938
2019-02-26 00:00:00+00:00,111.31999969482422
2019-02-27 00:00:00+00:00,111.05999755859375
2019-02-28 00:00:00+00:00,110.87999725341797
2019-03-01 00:00:00+00:00,110.66000366210938
2019-03-04 00:00:00+00:00,110.81999969482422
2019-03-05 00:00:00+00:00,110.77999877929688
2019-03-06 00:00:00+00:00,110.91000366210938
2019-03-07 00:00:00+00:00,111.22000122070312
2019-03-08 00:00:00+00:00,111.31999969482422
2019-03-11 00:00:00+00:00,111.30000305175781
2019-03-12 00:00:00+00:00,111.51000213623047
2019-03-13 00:00:00+00:00,111.63999938964844
2019-03-14 00:00:00+00:00,111.61000061035156
2019-03-15 00:00:00+00:00,112.0
2019-03-18 00:00:00+00:00,111.98999786376953
2019-03-19 00:00:00+00:00,111.88999938964844
2019-03-20 00:00:00+00:00,112.62999725341797
2019-03-21 00:00:00+00:00,112.62000274658203
2019-03-22 00:00:00+00:00,112.95999908447266
2019-03-25 00:00:00+00:00,112.93000030517578
2019-03-26 00:00:00+00:00,112.7300033569336
2019-03-27 00:00:00+00:00,112.77999877929688
2019-03-28 00:00:00+00:00,112.87000274658203
2019-03-29 00:00:00+00:00,113.06999969482422
2019-04-01 00:00:00+00:00,112.6500015258789
2019-04-02 00:00:00+00:00,112.76000213623047
2019-04-03 00:00:00+00:00,112.41000366210938
2019-04-04 00:00:00+00:00,112.48999786376953
2019-04-05 00:00:00+00:00,112.62000274658203
2019-04-08 00:00:00+00:00,112.51000213623047
2019-04-09 00:00:00+00:00,112.62000274658203
2019-04-10 00:00:00+00:00,113.02999877929688
2019-04-11 00:00:00+00:00,112.7699966430664
2019-04-12 00:00:00+00:00,112.55999755859375
2019-04-15 00:00:00+00:00,112.62000274658203
2019-04-16 00:00:00+00:00,112.36000061035156
2019-04-17 00:00:00+00:00,112.33999633789062
2019-04-18 00:00:00+00:00,112.66000366210938
2019-04-22 00:00:00+00:00,112.55000305175781
2019-04-23 00:00:00+00:00,112.80999755859375
2019-04-24 00:00:00+00:00,113.19999694824219
2019-04-25 00:00:00+00:00,113.19999694824219
2019-04-26 00:00:00+00:00,113.44999694824219
2019-04-29 00:00:00+00:00,113.12999725341797
2019-04-30 00:00:00+00:00,113.31999969482422
2019-05-01 00:00:00+00:00,113.04000091552734
2019-05-02 00:00:00+00:00,112.58000183105469
2019-05-03 00:00:00+00:00,112.88999938964844
2019-05-06 00:00:00+00:00,113.05999755859375
2019-05-07 00:00:00+00:00,113.12000274658203
2019-05-08 00:00:00+00:00,112.83000183105469
2019-05-09 00:00:00+00:00,113.0199966430664
2019-05-10 00:00:00+00:00,113.2699966430664
2019-05-13 00:00:00+00:00,113.51000213623047
2019-05-14 00:00:00+00:00,113.58999633789062
2019-05-15 00:00:00+00:00,113.81999969482422
2019-05-16 00:00:00+00:00,113.63999938964844
2019-05-17 00:00:00+00:00,113.52999877929688
2019-05-20 00:00:00+00:00,113.37999725341797
2019-05-21 00:00:00+00:00,113.44000244140625
2019-05-22 00:00:00+00:00,113.4800033569336
2019-05-23 00:00:00+00:00,113.72000122070312
2019-05-24 00:00:00+00:00,113.91000366210938
2019-05-28 00:00:00+00:00,113.97000122070312
2019-05-29 00:00:00+00:00,114.16999816894531
2019-05-30 00:00:00+00:00,114.55000305175781
2019-05-31 00:00:00+00:00,115.2699966430664
2019-06-03 00:00:00+00:00,114.94000244140625
2019-06-04 00:00:00+00:00,114.70999908447266
2019-06-05 00:00:00+00:00,114.77999877929688
2019-06-06 00:00:00+00:00,114.70999908447266
2019-06-07 00:00:00+00:00,115.12999725341797
2019-06-10 00:00:00+00:00,114.51000213623047
2019-06-11 00:00:00+00:00,114.36000061035156
2019-06-12 00:00:00+00:00,114.41999816894531
2019-06-13 00:00:00+00:00,114.45999908447266
2019-06-14 00:00:00+00:00,114.27999877929688
2019-06-17 00:00:00+00:00,114.05999755859375
2019-06-18 00:00:00+00:00,114.52999877929688
2019-06-19 00:00:00+00:00,115.19000244140625
2019-06-20 00:00:00+00:00,115.83999633789062
2019-06-21 00:00:00+00:00,115.31999969482422
2019-06-24 00:00:00+00:00,115.54000091552734
2019-06-25 00:00:00+00:00,115.33999633789062
2019-06-26 00:00:00+00:00,115.2300033569336
2019-06-27 00:00:00+00:00,115.44999694824219
2019-06-28 00:00:00+00:00,115.48999786376953
2019-07-01 00:00:00+00:00,114.63999938964844
2019-07-02 00:00:00+00:00,114.69999694824219
2019-07-03 00:00:00+00:00,115.0
2019-07-05 00:00:00+00:00,114.6500015258789
2019-07-08 00:00:00+00:00,114.66999816894531
2019-07-09 00:00:00+00:00,114.79000091552734
2019-07-10 00:00:00+00:00,114.98999786376953
2019-07-11 00:00:00+00:00,114.62999725341797
2019-07-12 00:00:00+00:00,114.83000183105469
2019-07-15 00:00:00+00:00,115.12000274658203
2019-07-16 00:00:00+00:00,114.93000030517578
2019-07-17 00:00:00+00:00,115.16999816894531
2019-07-18 00:00:00+00:00,115.41000366210938
2019-07-19 00:00:00+00:00,115.2300033569336
2019-07-22 00:00:00+00:00,115.26000213623047
2019-07-23 00:00:00+00:00,115.2300033569336
2019-07-24 00:00:00+00:00,115.26000213623047
2019-07-25 00:00:00+00:00,115.06999969482422
2019-07-26 00:00:00+00:00,114.98999786376953
2019-07-29 00:00:00+00:00,114.88999938964844
2019-07-30 00:00:00+00:00,115.05999755859375
2019-07-31 00:00:00+00:00,115.23999786376953
2019-08-01 00:00:00+00:00,115.38999938964844
2019-08-02 00:00:00+00:00,115.47000122070312
2019-08-05 00:00:00+00:00,115.87000274658203
2019-08-06 00:00:00+00:00,116.30000305175781
2019-08-07 00:00:00+00:00,116.36000061035156
2019-08-08 00:00:00+00:00,116.66000366210938
2019-08-09 00:00:00+00:00,116.54000091552734
2019-08-12 00:00:00+00:00,117.01000213623047
2019-08-13 00:00:00+00:00,116.81999969482422
2019-08-14 00:00:00+00:00,117.04000091552734
2019-08-15 00:00:00+00:00,117.55999755859375
2019-08-16 00:00:00+00:00,117.22000122070312
2019-08-19 00:00:00+00:00,116.77999877929688
2019-08-20 00:00:00+00:00,116.93000030517578
2019-08-21 00:00:00+00:00,116.80999755859375
2019-08-22 00:00:00+00:00,116.70999908447266
2019-08-23 00:00:00+00:00,117.37999725341797
2019-08-26 00:00:00+00:00,117.25
2019-08-27 00:00:00+00:00,117.80000305175781
2019-08-28 00:00:00+00:00,118.02999877929688
2019-08-29 00:00:00+00:00,118.0999984741211
2019-08-30 00:00:00+00:00,117.6500015258789
2019-09-03 00:00:00+00:00,117.44999694824219
2019-09-04 00:00:00+00:00,117.73999786376953
2019-09-05 00:00:00+00:00,117.20999908447266
2019-09-06 00:00:00+00:00,117.30999755859375
2019-09-09 00:00:00+00:00,116.70999908447266
2019-09-10 00:00:00+00:00,116.04000091552734
2019-09-11 00:00:00+00:00,115.91000366210938
2019-09-12 00:00:00+00:00,115.81999969482422
2019-09-13 00:00:00+00:00,115.13999938964844
2019-09-16 00:00:00+00:00,115.83000183105469
2019-09-17 00:00:00+00:00,115.9800033569336
2019-09-18 00:00:00+00:00,115.62000274658203
2019-09-19 00:00:00+00:00,115.8499984741211
2019-09-20 00:00:00+00:00,116.48999786376953
2019-09-23 00:00:00+00:00,116.6500015258789
2019-09-24 00:00:00+00:00,116.91000366210938
2019-09-25 00:00:00+00:00,116.30000305175781
2019-09-26 00:00:00+00:00,116.37000274658203
2019-09-27 00:00:00+00:00,116.19000244140625
2019-09-30 00:00:00+00:00,116.29000091552734
2019-10-01 00:00:00+00:00,116.31999969482422
2019-10-02 00:00:00+00:00,116.31999969482422
2019-10-03 00:00:00+00:00,116.69000244140625
2019-10-04 00:00:00+00:00,117.05000305175781
2019-10-07 00:00:00+00:00,116.7300033569336
2019-10-08 00:00:00+00:00,116.62000274658203
2019-10-09 00:00:00+00:00,116.37999725341797
2019-10-10 00:00:00+00:00,116.01000213623047
2019-10-11 00:00:00+00:00,115.6500015258789
2019-10-14 00:00:00+00:00,115.83999633789062
2019-10-15 00:00:00+00:00,115.44999694824219
2019-10-16 00:00:00+00:00,115.62999725341797
2019-10-17 00:00:00+00:00,115.79000091552734
2019-10-18 00:00:00+00:00,115.97000122070312
2019-10-21 00:00:00+00:00,115.5999984741211
2019-10-22 00:00:00+00:00,115.94999694824219
2019-10-23 00:00:00+00:00,116.02999877929688
2019-10-24 00:00:00+00:00,116.0999984741211
2019-10-25 00:00:00+00:00,116.12000274658203
2019-10-28 00:00:00+00:00,115.55999755859375
2019-10-29 00:00:00+00:00,115.2699966430664
2019-10-30 00:00:00+00:00,115.69999694824219
2019-10-31 00:00:00+00:00,116.05999755859375
2019-11-01 00:00:00+00:00,116.20999908447266
2019-11-04 00:00:00+00:00,116.12999725341797
2019-11-05 00:00:00+00:00,115.91000366210938
2019-11-06 00:00:00+00:00,116.27999877929688
2019-11-07 00:00:00+00:00,115.62999725341797
2019-11-08 00:00:00+00:00,115.55999755859375
2019-11-11 00:00:00+00:00,115.62000274658203
2019-11-12 00:00:00+00:00,115.5999984741211
2019-11-13 00:00:00+00:00,115.69999694824219
2019-11-14 00:00:00+00:00,115.97000122070312
2019-11-15 00:00:00+00:00,115.83000183105469
2019-11-18 00:00:00+00:00,116.05999755859375
2019-11-19 00:00:00+00:00,116.2699966430664
2019-11-20 00:00:00+00:00,116.72000122070312
2019-11-21 00:00:00+00:00,116.45999908447266
2019-11-22 00:00:00+00:00,116.5
2019-11-25 00:00:00+00:00,116.62999725341797
2019-11-26 00:00:00+00:00,116.87999725341797
2019-11-27 00:00:00+00:00,116.6500015258789
2019-11-29 00:00:00+00:00,116.37999725341797
2019-12-02 00:00:00+00:00,116.11000061035156
2019-12-03 00:00:00+00:00,116.83000183105469
2019-12-04 00:00:00+00:00,116.75
2019-12-05 00:00:00+00:00,116.58000183105469
2019-12-06 00:00:00+00:00,116.5
2019-12-09 00:00:00+00:00,116.52999877929688
2019-12-10 00:00:00+00:00,116.5
2019-12-11 00:00:00+00:00,116.91000366210938
2019-12-12 00:00:00+00:00,116.33999633789062
2019-12-13 00:00:00+00:00,116.80999755859375
2019-12-16 00:00:00+00:00,116.54000091552734
2019-12-17 00:00:00+00:00,116.69999694824219
2019-12-18 00:00:00+00:00,116.56999969482422
2019-12-19 00:00:00+00:00,116.6500015258789
2019-12-20 00:00:00+00:00,116.58999633789062
2019-12-23 00:00:00+00:00,116.38999938964844
2019-12-24 00:00:00+00:00,116.52999877929688
2019-12-26 00:00:00+00:00,116.61000061035156
2019-12-27 00:00:00+00:00,116.6500015258789
2019-12-30 00:00:00+00:00,116.69000244140625
2019-12-31 00:00:00+00:00,116.56999969482422
2020-01-02 00:00:00+00:00,117.13999938964844
2020-01-03 00:00:00+00:00,117.68000030517578
2020-01-06 00:00:00+00:00,117.37999725341797
2020-01-07 00:00:00+00:00,117.0199966430664
2020-01-08 00:00:00+00:00,116.91000366210938
2020-01-09 00:00:00+00:00,116.9000015258789
2020-01-10 00:00:00+00:00,117.25
2020-01-13 00:00:00+00:00,117.2300033569336
2020-01-14 00:00:00+00:00,117.38999938964844
2020-01-15 00:00:00+00:00,117.4800033569336
2020-01-16 00:00:00+00:00,117.29000091552734
2020-01-17 00:00:00+00:00,117.0999984741211
2020-01-21 00:00:00+00:00,117.4800033569336
2020-01-22 00:00:00+00:00,117.4000015258789
2020-01-23 00:00:00+00:00,117.63999938964844
2020-01-24 00:00:00+00:00,117.9000015258789
2020-01-27 00:00:00+00:00,118.16999816894531
2020-01-28 00:00:00+00:00,117.98999786376953
2020-01-29 00:00:00+00:00,118.41999816894531
2020-01-30 00:00:00+00:00,118.55000305175781
2020-01-31 00:00:00+00:00,119.05999755859375
2020-02-03 00:00:00+00:00,118.6500015258789
2020-02-04 00:00:00+00:00,118.13999938964844
2020-02-05 00:00:00+00:00,117.79000091552734
2020-02-06 00:00:00+00:00,118.01000213623047
2020-02-07 00:00:00+00:00,118.48999786376953
2020-02-10 00:00:00+00:00,118.66999816894531
2020-02-11 00:00:00+00:00,118.31999969482422
2020-02-12 00:00:00+00:00,118.19999694824219
2020-02-13 00:00:00+00:00,118.44999694824219
2020-02-14 00:00:00+00:00,118.54000091552734
2020-02-18 00:00:00+00:00,118.80000305175781
2020-02-19 00:00:00+00:00,118.75
2020-02-20 00:00:00+00:00,118.9800033569336
2020-02-21 00:00:00+00:00,119.19999694824219
2020-02-24 00:00:00+00:00,119.75
2020-02-25 00:00:00+00:00,119.55000305175781
2020-02-26 00:00:00+00:00,119.48999786376953
2020-02-27 00:00:00+00:00,119.83999633789062
2020-02-28 00:00:00+00:00,120.02999877929688
2020-03-02 00:00:00+00:00,120.30999755859375
2020-03-03 00:00:00+00:00,121.52999877929688
2020-03-04 00:00:00+00:00,121.3499984741211
2020-03-05 00:00:00+00:00,121.7300033569336
2020-03-06 00:00:00+00:00,122.54000091552734
2020-03-09 00:00:00+00:00,120.0199966430664
2020-03-10 00:00:00+00:00,116.58000183105469
2020-03-11 00:00:00+00:00,113.94000244140625
2020-03-12 00:00:00+00:00,113.66999816894531
2020-03-13 00:00:00+00:00,114.12000274658203
2020-03-16 00:00:00+00:00,113.33000183105469
2020-03-17 00:00:00+00:00,110.16000366210938
2020-03-18 00:00:00+00:00,108.80999755859375
2020-03-19 00:00:00+00:00,110.91999816894531
2020-03-20 00:00:00+00:00,115.86000061035156
2020-03-23 00:00:00+00:00,118.04000091552734
2020-03-24 00:00:00+00:00,118.11000061035156
2020-03-25 00:00:00+00:00,119.25
2020-03-26 00:00:00+00:00,119.86000061035156
2020-03-27 00:00:00+00:00,120.25
2020-03-30 00:00:00+00:00,118.33999633789062
2020-03-31 00:00:00+00:00,117.91999816894531
2020-04-01 00:00:00+00:00,118.45999908447266
2020-04-02 00:00:00+00:00,120.2699966430664
2020-04-03 00:00:00+00:00,121.33000183105469
2020-04-06 00:00:00+00:00,121.25
2020-04-07 00:00:00+00:00,121.16999816894531
2020-04-08 00:00:00+00:00,120.33999633789062
2020-04-09 00:00:00+00:00,121.52999877929688
2020-04-13 00:00:00+00:00,121.75
2020-04-14 00:00:00+00:00,122.11000061035156
2020-04-15 00:00:00+00:00,122.23999786376953
2020-04-16 00:00:00+00:00,121.18000030517578
2020-04-17 00:00:00+00:00,120.5999984741211
2020-04-20 00:00:00+00:00,120.2300033569336
2020-04-21 00:00:00+00:00,120.83999633789062
2020-04-22 00:00:00+00:00,121.56999969482422
2020-04-23 00:00:00+00:00,121.5
2020-04-24 00:00:00+00:00,122.19000244140625
2020-04-27 00:00:00+00:00,121.94999694824219
2020-04-28 00:00:00+00:00,122.37000274658203
2020-04-29 00:00:00+00:00,122.22000122070312
2020-04-30 00:00:00+00:00,121.30999755859375
2020-05-01 00:00:00+00:00,121.01000213623047
2020-05-04 00:00:00+00:00,121.12999725341797
2020-05-05 00:00:00+00:00,121.2699966430664
2020-05-06 00:00:00+00:00,120.68000030517578
2020-05-07 00:00:00+00:00,121.44000244140625
2020-05-08 00:00:00+00:00,121.4000015258789
2020-05-11 00:00:00+00:00,120.9800033569336
2020-05-12 00:00:00+00:00,121.08999633789062
2020-05-13 00:00:00+00:00,121.19999694824219
2020-05-14 00:00:00+00:00,121.33999633789062
2020-05-15 00:00:00+00:00,121.55000305175781
2020-05-18 00:00:00+00:00,121.54000091552734
2020-05-19 00:00:00+00:00,121.4000015258789
2020-05-20 00:00:00+00:00,121.76000213623047
2020-05-21 00:00:00+00:00,121.62999725341797
2020-05-22 00:00:00+00:00,121.69999694824219
2020-05-26 00:00:00+00:00,121.25
2020-05-27 00:00:00+00:00,121.37000274658203
2020-05-28 00:00:00+00:00,121.75
2020-05-29 00:00:00+00:00,121.80000305175781
2020-06-01 00:00:00+00:00,121.94999694824219
2020-06-02 00:00:00+00:00,121.68000030517578
2020-06-03 00:00:00+00:00,121.27999877929688
2020-06-04 00:00:00+00:00,120.81999969482422
2020-06-05 00:00:00+00:00,120.80999755859375
2020-06-08 00:00:00+00:00,121.06999969482422
2020-06-09 00:00:00+00:00,121.19000244140625
2020-06-10 00:00:00+00:00,122.12000274658203
2020-06-11 00:00:00+00:00,122.16000366210938
2020-06-12 00:00:00+00:00,121.83000183105469
2020-06-15 00:00:00+00:00,121.87999725341797
2020-06-16 00:00:00+00:00,121.81999969482422
2020-06-17 00:00:00+00:00,121.73999786376953
2020-06-18 00:00:00+00:00,122.29000091552734
2020-06-19 00:00:00+00:00,122.52999877929688
2020-06-22 00:00:00+00:00,122.83999633789062
2020-06-23 00:00:00+00:00,122.91000366210938
2020-06-24 00:00:00+00:00,122.73999786376953
2020-06-25 00:00:00+00:00,122.8499984741211
2020-06-26 00:00:00+00:00,123.05999755859375
2020-06-29 00:00:00+00:00,123.19999694824219
2020-06-30 00:00:00+00:00,123.0
2020-07-01 00:00:00+00:00,123.08000183105469
2020-07-02 00:00:00+00:00,123.41999816894531
2020-07-06 00:00:00+00:00,123.66000366210938
2020-07-07 00:00:00+00:00,123.69000244140625
2020-07-08 00:00:00+00:00,123.47000122070312
2020-07-09 00:00:00+00:00,123.79000091552734
2020-07-10 00:00:00+00:00,123.66000366210938
2020-07-13 00:00:00+00:00,123.93000030517578
2020-07-14 00:00:00+00:00,123.94999694824219
2020-07-15 00:00:00+00:00,123.87999725341797
2020-07-16 00:00:00+00:00,124.12999725341797
2020-07-17 00:00:00+00:00,124.36000061035156
2020-07-20 00:00:00+00:00,124.52999877929688
2020-07-21 00:00:00+00:00,124.80999755859375
2020-07-22 00:00:00+00:00,124.80999755859375
2020-07-23 00:00:00+00:00,124.87000274658203
2020-07-24 00:00:00+00:00,124.83999633789062
2020-07-27 00:00:00+00:00,124.83999633789062
2020-07-28 00:00:00+00:00,125.06999969482422
2020-07-29 00:00:00+00:00,125.36000061035156
2020-07-30 00:00:00+00:00,125.48999786376953
2020-07-31 00:00:00+00:00,125.86000061035156
2020-08-03 00:00:00+00:00,126.02999877929688
2020-08-04 00:00:00+00:00,126.30999755859375
2020-08-05 00:00:00+00:00,126.37000274658203
2020-08-06 00:00:00+00:00,126.51000213623047
2020-08-07 00:00:00+00:00,126.16999816894531
2020-08-10 00:00:00+00:00,126.0199966430664
2020-08-11 00:00:00+00:00,125.73999786376953
2020-08-12 00:00:00+00:00,125.81999969482422
2020-08-13 00:00:00+00:00,125.5
2020-08-14 00:00:00+00:00,125.29000091552734
2020-08-17 00:00:00+00:00,125.55999755859375
2020-08-18 00:00:00+00:00,126.12000274658203
2020-08-19 00:00:00+00:00,125.73999786376953
2020-08-20 00:00:00+00:00,125.62000274658203
2020-08-21 00:00:00+00:00,126.05000305175781
2020-08-24 00:00:00+00:00,126.30000305175781
2020-08-25 00:00:00+00:00,126.26000213623047
2020-08-26 00:00:00+00:00,126.51000213623047
2020-08-27 00:00:00+00:00,126.01000213623047
2020-08-28 00:00:00+00:00,126.41000366210938
2020-08-31 00:00:00+00:00,126.9800033569336
2020-09-01 00:00:00+00:00,127.05000305175781
2020-09-02 00:00:00+00:00,127.0999984741211
2020-09-03 00:00:00+00:00,126.66000366210938
2020-09-04 00:00:00+00:00,126.2699966430664
2020-09-08 00:00:00+00:00,126.38999938964844
2020-09-09 00:00:00+00:00,126.45999908447266
2020-09-10 00:00:00+00:00,126.56999969482422
2020-09-11 00:00:00+00:00,126.5
2020-09-14 00:00:00+00:00,126.41999816894531
2020-09-15 00:00:00+00:00,126.51000213623047
2020-09-16 00:00:00+00:00,126.51000213623047
2020-09-17 00:00:00+00:00,126.58000183105469
2020-09-18 00:00:00+00:00,126.47000122070312
2020-09-21 00:00:00+00:00,126.23999786376953
2020-09-22 00:00:00+00:00,126.27999877929688
2020-09-23 00:00:00+00:00,126.1500015258789
2020-09-24 00:00:00+00:00,126.23999786376953
2020-09-25 00:00:00+00:00,126.41000366210938
2020-09-28 00:00:00+00:00,126.66999816894531
2020-09-29 00:00:00+00:00,126.87999725341797
2020-09-30 00:00:00+00:00,126.5
2020-10-01 00:00:00+00:00,126.05999755859375
2020-10-02 00:00:00+00:00,126.08000183105469
2020-10-05 00:00:00+00:00,125.69999694824219
2020-10-06 00:00:00+00:00,125.72000122070312
2020-10-07 00:00:00+00:00,125.70999908447266
2020-10-08 00:00:00+00:00,126.20999908447266
2020-10-09 00:00:00+00:00,126.25
2020-10-12 00:00:00+00:00,126.33000183105469
2020-10-13 00:00:00+00:00,126.33000183105469
2020-10-14 00:00:00+00:00,126.33000183105469
2020-10-15 00:00:00+00:00,126.29000091552734
2020-10-16 00:00:00+00:00,126.33999633789062
2020-10-19 00:00:00+00:00,126.04000091552734
2020-10-20 00:00:00+00:00,125.93000030517578
2020-10-21 00:00:00+00:00,125.88999938964844
2020-10-22 00:00:00+00:00,125.69999694824219
2020-10-23 00:00:00+00:00,125.8499984741211
2020-10-26 00:00:00+00:00,125.94999694824219
2020-10-27 00:00:00+00:00,126.19999694824219
2020-10-28 00:00:00+00:00,126.04000091552734
2020-10-29 00:00:00+00:00,125.61000061035156
2020-10-30 00:00:00+00:00,125.2300033569336
2020-11-02 00:00:00+00:00,125.37000274658203
2020-11-03 00:00:00+00:00,125.2699966430664
2020-11-04 00:00:00+00:00,125.4800033569336
2020-11-05 00:00:00+00:00,125.58000183105469
2020-11-06 00:00:00+00:00,125.01000213623047
2020-11-09 00:00:00+00:00,124.6500015258789
2020-11-10 00:00:00+00:00,124.7699966430664
2020-11-11 00:00:00+00:00,124.98999786376953
2020-11-12 00:00:00+00:00,125.33999633789062
2020-11-13 00:00:00+00:00,125.33000183105469
2020-11-16 00:00:00+00:00,125.16000366210938
2020-11-17 00:00:00+00:00,125.37000274658203
2020-11-18 00:00:00+00:00,125.41000366210938
2020-11-19 00:00:00+00:00,125.54000091552734
2020-11-20 00:00:00+00:00,125.81999969482422
2020-11-23 00:00:00+00:00,125.72000122070312
2020-11-24 00:00:00+00:00,125.76000213623047
2020-11-25 00:00:00+00:00,125.97000122070312
2020-11-27 00:00:00+00:00,126.27999877929688
2020-11-30 00:00:00+00:00,126.41999816894531
2020-12-01 00:00:00+00:00,126.0
2020-12-02 00:00:00+00:00,126.08999633789062
2020-12-03 00:00:00+00:00,126.44000244140625
2020-12-04 00:00:00+00:00,126.16999816894531
2020-12-07 00:00:00+00:00,126.5
2020-12-08 00:00:00+00:00,126.70999908447266
2020-12-09 00:00:00+00:00,126.55000305175781
2020-12-10 00:00:00+00:00,126.83999633789062
2020-12-11 00:00:00+00:00,126.83000183105469
2020-12-14 00:00:00+00:00,126.83000183105469
2020-12-15 00:00:00+00:00,127.05999755859375
2020-12-16 00:00:00+00:00,127.05000305175781
2020-12-17 00:00:00+00:00,127.0999984741211
2020-12-18 00:00:00+00:00,127.04000091552734
2020-12-21 00:00:00+00:00,127.0199966430664
2020-12-22 00:00:00+00:00,127.13999938964844
2020-12-23 00:00:00+00:00,127.19999694824219
2020-12-24 00:00:00+00:00,127.25
2020-12-28 00:00:00+00:00,127.33999633789062
2020-12-29 00:00:00+00:00,127.27999877929688
2020-12-30 00:00:00+00:00,127.37999725341797
2020-12-31 00:00:00+00:00,127.6500015258789
2021-01-04 00:00:00+00:00,127.79000091552734
2021-01-05 00:00:00+00:00,127.75
2021-01-06 00:00:00+00:00,127.37000274658203
2021-01-07 00:00:00+00:00,127.29000091552734
2021-01-08 00:00:00+00:00,126.79000091552734
2021-01-11 00:00:00+00:00,126.5199966430664
2021-01-12 00:00:00+00:00,126.69000244140625
2021-01-13 00:00:00+00:00,126.97000122070312
2021-01-14 00:00:00+00:00,127.02999877929688
2021-01-15 00:00:00+00:00,127.16999816894531
2021-01-19 00:00:00+00:00,127.47000122070312
2021-01-20 00:00:00+00:00,127.66000366210938
2021-01-21 00:00:00+00:00,127.97000122070312
2021-01-22 00:00:00+00:00,127.7699966430664
2021-01-25 00:00:00+00:00,128.10000610351562
2021-01-26 00:00:00+00:00,127.91000366210938
2021-01-27 00:00:00+00:00,127.87000274658203
2021-01-28 00:00:00+00:00,128.1199951171875
2021-01-29 00:00:00+00:00,127.98999786376953
2021-02-01 00:00:00+00:00,127.70999908447266
2021-02-02 00:00:00+00:00,127.9000015258789
2021-02-03 00:00:00+00:00,127.83000183105469
2021-02-04 00:00:00+00:00,127.73999786376953
2021-02-05 00:00:00+00:00,127.70999908447266
2021-02-08 00:00:00+00:00,127.83000183105469
2021-02-09 00:00:00+00:00,127.9000015258789
2021-02-10 00:00:00+00:00,128.00999450683594
2021-02-11 00:00:00+00:00,127.86000061035156
2021-02-12 00:00:00+00:00,127.6500015258789
2021-02-16 00:00:00+00:00,127.02999877929688
2021-02-17 00:00:00+00:00,126.9800033569336
2021-02-18 00:00:00+00:00,126.44999694824219
2021-02-19 00:00:00+00:00,125.91000366210938
2021-02-22 00:00:00+00:00,125.9000015258789
2021-02-23 00:00:00+00:00,125.93000030517578
2021-02-24 00:00:00+00:00,125.83000183105469
2021-02-25 00:00:00+00:00,124.29000091552734
2021-02-26 00:00:00+00:00,125.83000183105469
2021-03-01 00:00:00+00:00,125.41000366210938
2021-03-02 00:00:00+00:00,125.91999816894531
2021-03-03 00:00:00+00:00,125.5999984741211
2021-03-04 00:00:00+00:00,125.12000274658203
2021-03-05 00:00:00+00:00,125.25
2021-03-08 00:00:00+00:00,124.55999755859375
2021-03-09 00:00:00+00:00,125.33999633789062
2021-03-10 00:00:00+00:00,125.91000366210938
2021-03-11 00:00:00+00:00,126.0199966430664
2021-03-12 00:00:00+00:00,125.02999877929688
2021-03-15 00:00:00+00:00,125.4000015258789
2021-03-16 00:00:00+00:00,125.66000366210938
2021-03-17 00:00:00+00:00,125.55000305175781
2021-03-18 00:00:00+00:00,124.66000366210938
2021-03-19 00:00:00+00:00,124.9000015258789
2021-03-22 00:00:00+00:00,125.5
2021-03-23 00:00:00+00:00,125.76000213623047
2021-03-24 00:00:00+00:00,126.08999633789062
2021-03-25 00:00:00+00:00,126.0
2021-03-26 00:00:00+00:00,126.02999877929688
2021-03-29 00:00:00+00:00,125.69000244140625
2021-03-30 00:00:00+00:00,125.47000122070312
2021-03-31 00:00:00+00:00,125.5
2021-04-01 00:00:00+00:00,125.55999755859375
2021-04-05 00:00:00+00:00,125.19999694824219
2021-04-06 00:00:00+00:00,125.2699966430664
2021-04-07 00:00:00+00:00,125.3499984741211
2021-04-08 00:00:00+00:00,125.62999725341797
2021-04-09 00:00:00+00:00,125.36000061035156
2021-04-12 00:00:00+00:00,125.37999725341797
2021-04-13 00:00:00+00:00,125.83999633789062
2021-04-14 00:00:00+00:00,125.83999633789062
2021-04-15 00:00:00+00:00,126.5199966430664
2021-04-16 00:00:00+00:00,126.4800033569336
2021-04-19 00:00:00+00:00,126.26000213623047
2021-04-20 00:00:00+00:00,126.33999633789062
2021-04-21 00:00:00+00:00,126.45999908447266
2021-04-22 00:00:00+00:00,126.61000061035156
2021-04-23 00:00:00+00:00,126.66999816894531
2021-04-26 00:00:00+00:00,126.73999786376953
2021-04-27 00:00:00+00:00,126.7300033569336
2021-04-28 00:00:00+00:00,127.12999725341797
2021-04-29 00:00:00+00:00,127.06999969482422
2021-04-30 00:00:00+00:00,126.98999786376953
2021-05-03 00:00:00+00:00,126.79000091552734
2021-05-04 00:00:00+00:00,127.08000183105469
2021-05-05 00:00:00+00:00,127.6500015258789
2021-05-06 00:00:00+00:00,127.5
2021-05-07 00:00:00+00:00,127.7699966430664
2021-05-10 00:00:00+00:00,127.83000183105469
2021-05-11 00:00:00+00:00,127.48999786376953
2021-05-12 00:00:00+00:00,127.2699966430664
2021-05-13 00:00:00+00:00,127.30000305175781
2021-05-14 00:00:00+00:00,127.75
2021-05-17 00:00:00+00:00,128.0
2021-05-18 00:00:00+00:00,127.80999755859375
2021-05-19 00:00:00+00:00,126.94000244140625
2021-05-20 00:00:00+00:00,127.08999633789062
2021-05-21 00:00:00+00:00,127.31999969482422
2021-05-24 00:00:00+00:00,127.62999725341797
2021-05-25 00:00:00+00:00,127.98999786376953
2021-05-26 00:00:00+00:00,127.69999694824219
2021-05-27 00:00:00+00:00,127.69000244140625
2021-05-28 00:00:00+00:00,127.7699966430664
2021-06-01 00:00:00+00:00,127.45999908447266
2021-06-02 00:00:00+00:00,127.30000305175781
2021-06-03 00:00:00+00:00,126.87000274658203
2021-06-04 00:00:00+00:00,127.4800033569336
2021-06-07 00:00:00+00:00,127.19999694824219
2021-06-08 00:00:00+00:00,127.33000183105469
2021-06-09 00:00:00+00:00,127.33999633789062
2021-06-10 00:00:00+00:00,128.0
2021-06-11 00:00:00+00:00,127.66999816894531
2021-06-14 00:00:00+00:00,127.5999984741211
2021-06-15 00:00:00+00:00,127.80999755859375
2021-06-16 00:00:00+00:00,126.6500015258789
2021-06-17 00:00:00+00:00,127.12999725341797
2021-06-18 00:00:00+00:00,127.18000030517578
2021-06-21 00:00:00+00:00,126.95999908447266
2021-06-22 00:00:00+00:00,127.66000366210938
2021-06-23 00:00:00+00:00,127.69000244140625
2021-06-24 00:00:00+00:00,127.44999694824219
2021-06-25 00:00:00+00:00,127.58000183105469
2021-06-28 00:00:00+00:00,127.7699966430664
2021-06-29 00:00:00+00:00,127.83999633789062
2021-06-30 00:00:00+00:00,128.00999450683594
2021-07-01 00:00:00+00:00,127.30000305175781
2021-07-02 00:00:00+00:00,127.83999633789062
2021-07-06 00:00:00+00:00,128.1699981689453
2021-07-07 00:00:00+00:00,128.0800018310547
2021-07-08 00:00:00+00:00,127.91000366210938
2021-07-09 00:00:00+00:00,127.93000030517578
2021-07-12 00:00:00+00:00,128.27000427246094
2021-07-13 00:00:00+00:00,128.27000427246094
2021-07-14 00:00:00+00:00,128.61000061035156
2021-07-15 00:00:00+00:00,129.0
2021-07-16 00:00:00+00:00,129.0
2021-07-19 00:00:00+00:00,129.0500030517578
2021-07-20 00:00:00+00:00,129.02999877929688
2021-07-21 00:00:00+00:00,128.6999969482422
2021-07-22 00:00:00+00:00,129.05999755859375
2021-07-23 00:00:00+00:00,129.63999938964844
2021-07-26 00:00:00+00:00,130.1999969482422
2021-07-27 00:00:00+00:00,130.1699981689453
2021-07-28 00:00:00+00:00,130.61000061035156
2021-07-29 00:00:00+00:00,130.3800048828125
2021-07-30 00:00:00+00:00,130.5800018310547
2021-08-02 00:00:00+00:00,129.85000610351562
2021-08-03 00:00:00+00:00,129.97000122070312
2021-08-04 00:00:00+00:00,129.72000122070312
2021-08-05 00:00:00+00:00,129.25999450683594
2021-08-06 00:00:00+00:00,128.97000122070312
2021-08-09 00:00:00+00:00,128.74000549316406
2021-08-10 00:00:00+00:00,128.86000061035156
2021-08-11 00:00:00+00:00,129.07000732421875
2021-08-12 00:00:00+00:00,128.97000122070312
2021-08-13 00:00:00+00:00,129.3000030517578
2021-08-16 00:00:00+00:00,129.42999267578125
2021-08-17 00:00:00+00:00,129.0800018310547
2021-08-18 00:00:00+00:00,129.10000610351562
2021-08-19 00:00:00+00:00,129.14999389648438
2021-08-20 00:00:00+00:00,128.75
2021-08-23 00:00:00+00:00,129.0500030517578
2021-08-24 00:00:00+00:00,129.0500030517578
2021-08-25 00:00:00+00:00,129.0
2021-08-26 00:00:00+00:00,129.02000427246094
2021-08-27 00:00:00+00:00,129.99000549316406
2021-08-30 00:00:00+00:00,129.97000122070312
2021-08-31 00:00:00+00:00,129.58999633789062
2021-09-01 00:00:00+00:00,128.75
2021-09-02 00:00:00+00:00,128.8000030517578
2021-09-03 00:00:00+00:00,128.6199951171875
2021-09-07 00:00:00+00:00,128.3000030517578
2021-09-08 00:00:00+00:00,128.82000732421875
2021-09-09 00:00:00+00:00,129.5
2021-09-10 00:00:00+00:00,129.13999938964844
2021-09-13 00:00:00+00:00,129.13999938964844
2021-09-14 00:00:00+00:00,129.2100067138672
2021-09-15 00:00:00+00:00,129.27999877929688
2021-09-16 00:00:00+00:00,129.07000732421875
2021-09-17 00:00:00+00:00,128.6999969482422
2021-09-20 00:00:00+00:00,128.82000732421875
2021-09-21 00:00:00+00:00,128.72999572753906
2021-09-22 00:00:00+00:00,128.60000610351562
2021-09-23 00:00:00+00:00,128.13999938964844
2021-09-24 00:00:00+00:00,127.81999969482422
2021-09-27 00:00:00+00:00,127.87999725341797
2021-09-28 00:00:00+00:00,127.5999984741211
2021-09-29 00:00:00+00:00,127.66999816894531
2021-09-30 00:00:00+00:00,127.69000244140625
2021-10-01 00:00:00+00:00,127.80999755859375
2021-10-04 00:00:00+00:00,127.80000305175781
2021-10-05 00:00:00+00:00,127.93000030517578
2021-10-06 00:00:00+00:00,127.86000061035156
2021-10-07 00:00:00+00:00,127.75
2021-10-08 00:00:00+00:00,127.77999877929688
2021-10-11 00:00:00+00:00,127.69999694824219
2021-10-12 00:00:00+00:00,127.94000244140625
2021-10-13 00:00:00+00:00,128.52000427246094
2021-10-14 00:00:00+00:00,128.77000427246094
2021-10-15 00:00:00+00:00,128.55999755859375
2021-10-18 00:00:00+00:00,128.2899932861328
2021-10-19 00:00:00+00:00,127.9800033569336
2021-10-20 00:00:00+00:00,128.2100067138672
2021-10-21 00:00:00+00:00,128.5
2021-10-22 00:00:00+00:00,128.75999450683594
2021-10-25 00:00:00+00:00,129.07000732421875
2021-10-26 00:00:00+00:00,129.52000427246094
2021-10-27 00:00:00+00:00,130.1300048828125
2021-10-28 00:00:00+00:00,129.0
2021-10-29 00:00:00+00:00,128.6699981689453
2021-11-01 00:00:00+00:00,128.0399932861328
2021-11-02 00:00:00+00:00,128.5500030517578
2021-11-03 00:00:00+00:00,128.3699951171875
2021-11-04 00:00:00+00:00,129.22000122070312
2021-11-05 00:00:00+00:00,129.6699981689453
2021-11-08 00:00:00+00:00,130.10000610351562
2021-11-09 00:00:00+00:00,130.86000061035156
2021-11-10 00:00:00+00:00,130.4600067138672
2021-11-11 00:00:00+00:00,130.44000244140625
2021-11-12 00:00:00+00:00,130.4199981689453
2021-11-15 00:00:00+00:00,130.44000244140625
2021-11-16 00:00:00+00:00,130.25
2021-11-17 00:00:00+00:00,130.50999450683594
2021-11-18 00:00:00+00:00,130.58999633789062
2021-11-19 00:00:00+00:00,130.35000610351562
2021-11-22 00:00:00+00:00,129.3000030517578
2021-11-23 00:00:00+00:00,128.8000030517578
2021-11-24 00:00:00+00:00,129.1999969482422
2021-11-26 00:00:00+00:00,129.83999633789062
2021-11-29 00:00:00+00:00,129.5399932861328
2021-11-30 00:00:00+00:00,129.66000366210938
2021-12-01 00:00:00+00:00,129.07000732421875
2021-12-02 00:00:00+00:00,129.4499969482422
2021-12-03 00:00:00+00:00,129.72000122070312
2021-12-06 00:00:00+00:00,129.1300048828125
2021-12-07 00:00:00+00:00,129.33999633789062
2021-12-08 00:00:00+00:00,129.1199951171875
2021-12-09 00:00:00+00:00,128.58999633789062
2021-12-10 00:00:00+00:00,128.5800018310547
2021-12-13 00:00:00+00:00,128.7100067138672
2021-12-14 00:00:00+00:00,128.3000030517578
2021-12-15 00:00:00+00:00,128.41000366210938
2021-12-16 00:00:00+00:00,127.88999938964844
2021-12-17 00:00:00+00:00,127.9000015258789
2021-12-20 00:00:00+00:00,127.83000183105469
2021-12-21 00:00:00+00:00,128.11000061035156
2021-12-22 00:00:00+00:00,128.52000427246094
2021-12-23 00:00:00+00:00,128.22999572753906
2021-12-27 00:00:00+00:00,128.66000366210938
2021-12-28 00:00:00+00:00,128.5800018310547
2021-12-29 00:00:00+00:00,128.69000244140625
2021-12-30 00:00:00+00:00,129.36000061035156
2021-12-31 00:00:00+00:00,129.1999969482422
2022-01-03 00:00:00+00:00,128.4600067138672
2022-01-04 00:00:00+00:00,127.97000122070312
2022-01-05 00:00:00+00:00,126.93000030517578
2022-01-06 00:00:00+00:00,126.37999725341797
2022-01-07 00:00:00+00:00,126.2300033569336
2022-01-10 00:00:00+00:00,126.38999938964844
2022-01-11 00:00:00+00:00,127.2699966430664
2022-01-12 00:00:00+00:00,126.44999694824219
2022-01-13 00:00:00+00:00,126.4800033569336
2022-01-14 00:00:00+00:00,125.91000366210938
2022-01-18 00:00:00+00:00,125.30999755859375
2022-01-19 00:00:00+00:00,125.05000305175781
2022-01-20 00:00:00+00:00,125.19999694824219
2022-01-21 00:00:00+00:00,125.9800033569336
2022-01-24 00:00:00+00:00,126.2699966430664
2022-01-25 00:00:00+00:00,126.05000305175781
2022-01-26 00:00:00+00:00,125.25
2022-01-27 00:00:00+00:00,125.76000213623047
2022-01-28 00:00:00+00:00,126.19999694824219
2022-01-31 00:00:00+00:00,126.54000091552734
2022-02-01 00:00:00+00:00,125.27999877929688
2022-02-02 00:00:00+00:00,125.41999816894531
2022-02-03 00:00:00+00:00,124.62999725341797
2022-02-04 00:00:00+00:00,123.91000366210938
2022-02-07 00:00:00+00:00,123.86000061035156
2022-02-08 00:00:00+00:00,123.69999694824219
2022-02-09 00:00:00+00:00,123.94000244140625
2022-02-10 00:00:00+00:00,122.94999694824219
2022-02-11 00:00:00+00:00,124.05000305175781
2022-02-14 00:00:00+00:00,123.72000122070312
2022-02-15 00:00:00+00:00,123.20999908447266
2022-02-16 00:00:00+00:00,123.44999694824219
2022-02-17 00:00:00+00:00,123.7300033569336
2022-02-18 00:00:00+00:00,124.13999938964844
2022-02-22 00:00:00+00:00,124.5199966430664
2022-02-23 00:00:00+00:00,124.61000061035156
2022-02-24 00:00:00+00:00,125.12000274658203
2022-02-25 00:00:00+00:00,125.01000213623047
2022-02-28 00:00:00+00:00,127.18000030517578
2022-03-01 00:00:00+00:00,127.86000061035156
2022-03-02 00:00:00+00:00,127.02999877929688
2022-03-03 00:00:00+00:00,126.87999725341797
2022-03-04 00:00:00+00:00,127.8499984741211
2022-03-07 00:00:00+00:00,128.5399932861328
2022-03-08 00:00:00+00:00,129.16000366210938
2022-03-09 00:00:00+00:00,127.87999725341797
2022-03-10 00:00:00+00:00,127.5999984741211
2022-03-11 00:00:00+00:00,128.5
2022-03-14 00:00:00+00:00,127.08000183105469
2022-03-15 00:00:00+00:00,126.12999725341797
2022-03-16 00:00:00+00:00,125.4000015258789
2022-03-17 00:00:00+00:00,127.11000061035156
2022-03-18 00:00:00+00:00,126.72000122070312
2022-03-21 00:00:00+00:00,125.5999984741211
2022-03-22 00:00:00+00:00,125.0199966430664
2022-03-23 00:00:00+00:00,126.58999633789062
2022-03-24 00:00:00+00:00,125.80999755859375
2022-03-25 00:00:00+00:00,124.94999694824219
2022-03-28 00:00:00+00:00,124.80999755859375
2022-03-29 00:00:00+00:00,124.36000061035156
2022-03-30 00:00:00+00:00,124.97000122070312
2022-03-31 00:00:00+00:00,124.56999969482422
2022-04-01 00:00:00+00:00,123.08999633789062
2022-04-04 00:00:00+00:00,123.0
2022-04-05 00:00:00+00:00,122.11000061035156
2022-04-06 00:00:00+00:00,121.56999969482422
2022-04-07 00:00:00+00:00,121.41000366210938
2022-04-08 00:00:00+00:00,121.62999725341797
2022-04-11 00:00:00+00:00,121.41999816894531
2022-04-12 00:00:00+00:00,121.41000366210938
2022-04-13 00:00:00+00:00,121.18000030517578
2022-04-14 00:00:00+00:00,121.16999816894531
2022-04-18 00:00:00+00:00,121.12999725341797
2022-04-19 00:00:00+00:00,120.52999877929688
2022-04-20 00:00:00+00:00,121.41999816894531
2022-04-21 00:00:00+00:00,121.9000015258789
2022-04-22 00:00:00+00:00,121.41999816894531
2022-04-25 00:00:00+00:00,121.33000183105469
2022-04-26 00:00:00+00:00,121.58999633789062
2022-04-27 00:00:00+00:00,121.38999938964844
2022-04-28 00:00:00+00:00,122.08000183105469
2022-04-29 00:00:00+00:00,121.06999969482422
2022-05-02 00:00:00+00:00,118.38999938964844
2022-05-03 00:00:00+00:00,118.81999969482422
2022-05-04 00:00:00+00:00,119.75
2022-05-05 00:00:00+00:00,118.48999786376953
2022-05-06 00:00:00+00:00,118.18000030517578
2022-05-09 00:00:00+00:00,117.72000122070312
2022-05-10 00:00:00+00:00,117.19000244140625
2022-05-11 00:00:00+00:00,118.61000061035156
2022-05-12 00:00:00+00:00,118.0999984741211
2022-05-13 00:00:00+00:00,118.70999908447266
2022-05-16 00:00:00+00:00,118.75
2022-05-17 00:00:00+00:00,118.1500015258789
2022-05-18 00:00:00+00:00,118.97000122070312
2022-05-19 00:00:00+00:00,118.55000305175781
2022-05-20 00:00:00+00:00,118.5999984741211
2022-05-23 00:00:00+00:00,118.18000030517578
2022-05-24 00:00:00+00:00,118.81999969482422
2022-05-25 00:00:00+00:00,118.91999816894531
2022-05-26 00:00:00+00:00,119.41000366210938
2022-05-27 00:00:00+00:00,119.79000091552734
2022-05-31 00:00:00+00:00,118.94000244140625
2022-06-01 00:00:00+00:00,117.08999633789062
2022-06-02 00:00:00+00:00,117.62999725341797
2022-06-03 00:00:00+00:00,118.30999755859375
2022-06-06 00:00:00+00:00,117.54000091552734
2022-06-07 00:00:00+00:00,117.81999969482422
2022-06-08 00:00:00+00:00,117.52999877929688
2022-06-09 00:00:00+00:00,117.51000213623047
2022-06-10 00:00:00+00:00,116.98999786376953
2022-06-13 00:00:00+00:00,115.0199966430664
2022-06-14 00:00:00+00:00,113.44000244140625
2022-06-15 00:00:00+00:00,115.01000213623047
2022-06-16 00:00:00+00:00,114.66999816894531
2022-06-17 00:00:00+00:00,114.7300033569336
2022-06-21 00:00:00+00:00,114.33000183105469
2022-06-22 00:00:00+00:00,114.98999786376953
2022-06-23 00:00:00+00:00,115.33000183105469
2022-06-24 00:00:00+00:00,115.44000244140625
2022-06-27 00:00:00+00:00,114.61000061035156
2022-06-28 00:00:00+00:00,114.20999908447266
2022-06-29 00:00:00+00:00,114.01000213623047
2022-06-30 00:00:00+00:00,113.91000366210938
2022-07-01 00:00:00+00:00,115.16999816894531
2022-07-05 00:00:00+00:00,114.8499984741211
2022-07-06 00:00:00+00:00,113.80999755859375
2022-07-07 00:00:00+00:00,113.62999725341797
2022-07-08 00:00:00+00:00,113.51000213623047
2022-07-11 00:00:00+00:00,113.69000244140625
2022-07-12 00:00:00+00:00,113.6500015258789
2022-07-13 00:00:00+00:00,114.23999786376953
2022-07-14 00:00:00+00:00,113.95999908447266
2022-07-15 00:00:00+00:00,114.62000274658203
2022-07-18 00:00:00+00:00,114.47000122070312
2022-07-19 00:00:00+00:00,114.3499984741211
2022-07-20 00:00:00+00:00,114.25
2022-07-21 00:00:00+00:00,114.95999908447266
2022-07-22 00:00:00+00:00,115.93000030517578
2022-07-25 00:00:00+00:00,115.70999908447266
2022-07-26 00:00:00+00:00,115.70999908447266
2022-07-27 00:00:00+00:00,116.44999694824219
2022-07-28 00:00:00+00:00,117.63999938964844
2022-07-29 00:00:00+00:00,118.2300033569336
2022-08-01 00:00:00+00:00,117.12999725341797
2022-08-02 00:00:00+00:00,115.75
2022-08-03 00:00:00+00:00,116.36000061035156
2022-08-04 00:00:00+00:00,116.33999633789062
2022-08-05 00:00:00+00:00,115.16999816894531
2022-08-08 00:00:00+00:00,115.95999908447266
2022-08-09 00:00:00+00:00,115.62999725341797
2022-08-10 00:00:00+00:00,115.43000030517578
2022-08-11 00:00:00+00:00,115.04000091552734
2022-08-12 00:00:00+00:00,115.48999786376953
2022-08-15 00:00:00+00:00,115.37000274658203
2022-08-16 00:00:00+00:00,115.4000015258789
2022-08-17 00:00:00+00:00,115.05000305175781
2022-08-18 00:00:00+00:00,115.63999938964844
2022-08-19 00:00:00+00:00,115.44000244140625
2022-08-22 00:00:00+00:00,115.22000122070312
2022-08-23 00:00:00+00:00,115.41000366210938
2022-08-24 00:00:00+00:00,115.38999938964844
2022-08-25 00:00:00+00:00,115.75
2022-08-26 00:00:00+00:00,115.58000183105469
2022-08-29 00:00:00+00:00,115.12999725341797
2022-08-30 00:00:00+00:00,114.93000030517578
2022-08-31 00:00:00+00:00,113.91000366210938
2022-09-01 00:00:00+00:00,111.62000274658203
2022-09-02 00:00:00+00:00,112.27999877929688
2022-09-06 00:00:00+00:00,111.20999908447266
2022-09-07 00:00:00+00:00,111.66999816894531
2022-09-08 00:00:00+00:00,111.05000305175781
2022-09-09 00:00:00+00:00,111.0999984741211
2022-09-12 00:00:00+00:00,110.7699966430664
2022-09-13 00:00:00+00:00,110.44000244140625
2022-09-14 00:00:00+00:00,110.72000122070312
2022-09-15 00:00:00+00:00,110.16000366210938
2022-09-16 00:00:00+00:00,109.69999694824219
2022-09-19 00:00:00+00:00,109.19999694824219
2022-09-20 00:00:00+00:00,109.02999877929688
2022-09-21 00:00:00+00:00,109.23999786376953
2022-09-22 00:00:00+00:00,108.0
2022-09-23 00:00:00+00:00,107.54000091552734
2022-09-26 00:00:00+00:00,105.81999969482422
2022-09-27 00:00:00+00:00,105.26000213623047
2022-09-28 00:00:00+00:00,107.12000274658203
2022-09-29 00:00:00+00:00,105.62000274658203
2022-09-30 00:00:00+00:00,104.9000015258789
2022-10-03 00:00:00+00:00,106.25
2022-10-04 00:00:00+00:00,106.66999816894531
2022-10-05 00:00:00+00:00,105.83000183105469
2022-10-06 00:00:00+00:00,105.4800033569336
2022-10-07 00:00:00+00:00,105.51000213623047
2022-10-10 00:00:00+00:00,104.91000366210938
2022-10-11 00:00:00+00:00,105.51000213623047
2022-10-12 00:00:00+00:00,105.72000122070312
2022-10-13 00:00:00+00:00,105.5999984741211
2022-10-14 00:00:00+00:00,105.69000244140625
2022-10-17 00:00:00+00:00,105.9800033569336
2022-10-18 00:00:00+00:00,105.69999694824219
2022-10-19 00:00:00+00:00,105.16000366210938
2022-10-20 00:00:00+00:00,105.05999755859375
2022-10-21 00:00:00+00:00,105.33000183105469
2022-10-24 00:00:00+00:00,105.58000183105469
2022-10-25 00:00:00+00:00,106.01000213623047
2022-10-26 00:00:00+00:00,105.8499984741211
2022-10-27 00:00:00+00:00,106.66999816894531
2022-10-28 00:00:00+00:00,106.54000091552734
2022-10-31 00:00:00+00:00,106.38999938964844
2022-11-01 00:00:00+00:00,106.37000274658203
2022-11-02 00:00:00+00:00,106.12999725341797
2022-11-03 00:00:00+00:00,104.94999694824219
2022-11-04 00:00:00+00:00,105.33999633789062
2022-11-07 00:00:00+00:00,105.47000122070312
2022-11-08 00:00:00+00:00,105.62000274658203
2022-11-09 00:00:00+00:00,105.4000015258789
2022-11-10 00:00:00+00:00,107.1500015258789
2022-11-11 00:00:00+00:00,107.08999633789062
2022-11-14 00:00:00+00:00,106.30000305175781
2022-11-15 00:00:00+00:00,106.98999786376953
2022-11-16 00:00:00+00:00,107.26000213623047
2022-11-17 00:00:00+00:00,106.52999877929688
2022-11-18 00:00:00+00:00,105.98999786376953
2022-11-21 00:00:00+00:00,106.55000305175781
2022-11-22 00:00:00+00:00,106.9800033569336
2022-11-23 00:00:00+00:00,107.56999969482422
2022-11-25 00:00:00+00:00,107.47000122070312
2022-11-28 00:00:00+00:00,107.22000122070312
2022-11-29 00:00:00+00:00,106.76000213623047
2022-11-30 00:00:00+00:00,108.33999633789062
2022-12-01 00:00:00+00:00,109.37000274658203
2022-12-02 00:00:00+00:00,110.18000030517578
2022-12-05 00:00:00+00:00,109.05000305175781
2022-12-06 00:00:00+00:00,109.02999877929688
2022-12-07 00:00:00+00:00,109.5
2022-12-08 00:00:00+00:00,109.47000122070312
2022-12-09 00:00:00+00:00,108.43000030517578
2022-12-12 00:00:00+00:00,108.44000244140625
2022-12-13 00:00:00+00:00,108.76000213623047
2022-12-14 00:00:00+00:00,108.48999786376953
2022-12-15 00:00:00+00:00,108.16000366210938
2022-12-16 00:00:00+00:00,107.58000183105469
2022-12-19 00:00:00+00:00,107.20999908447266
2022-12-20 00:00:00+00:00,107.18000030517578
2022-12-21 00:00:00+00:00,107.76000213623047
2022-12-22 00:00:00+00:00,107.16999816894531
2022-12-23 00:00:00+00:00,106.93000030517578
2022-12-27 00:00:00+00:00,106.44000244140625
2022-12-28 00:00:00+00:00,106.31999969482422
2022-12-29 00:00:00+00:00,106.76000213623047
2022-12-30 00:00:00+00:00,106.44000244140625
2023-01-03 00:00:00+00:00,106.81999969482422
2023-01-04 00:00:00+00:00,106.88999938964844
2023-01-05 00:00:00+00:00,106.91999816894531
2023-01-06 00:00:00+00:00,107.9000015258789
2023-01-09 00:00:00+00:00,108.1500015258789
2023-01-10 00:00:00+00:00,107.70999908447266
2023-01-11 00:00:00+00:00,108.16999816894531
2023-01-12 00:00:00+00:00,109.0199966430664
2023-01-13 00:00:00+00:00,108.16999816894531
2023-01-17 00:00:00+00:00,107.86000061035156
2023-01-18 00:00:00+00:00,108.5999984741211
2023-01-19 00:00:00+00:00,109.2699966430664
2023-01-20 00:00:00+00:00,108.6500015258789
2023-01-23 00:00:00+00:00,108.55000305175781
2023-01-24 00:00:00+00:00,109.16999816894531
2023-01-25 00:00:00+00:00,109.38999938964844
2023-01-26 00:00:00+00:00,109.37999725341797
2023-01-27 00:00:00+00:00,109.13999938964844
2023-01-30 00:00:00+00:00,108.61000061035156
2023-01-31 00:00:00+00:00,108.6500015258789
2023-02-01 00:00:00+00:00,109.37999725341797
2023-02-02 00:00:00+00:00,109.2300033569336
2023-02-03 00:00:00+00:00,108.20999908447266
2023-02-06 00:00:00+00:00,107.77999877929688
2023-02-07 00:00:00+00:00,108.05999755859375
2023-02-08 00:00:00+00:00,108.62000274658203
2023-02-09 00:00:00+00:00,108.06999969482422
2023-02-10 00:00:00+00:00,107.68000030517578
2023-02-13 00:00:00+00:00,107.86000061035156
2023-02-14 00:00:00+00:00,107.5
2023-02-15 00:00:00+00:00,107.5
2023-02-16 00:00:00+00:00,107.23999786376953
2023-02-17 00:00:00+00:00,107.44999694824219
2023-02-21 00:00:00+00:00,106.97000122070312
2023-02-22 00:00:00+00:00,106.91000366210938
2023-02-23 00:00:00+00:00,107.26000213623047
2023-02-24 00:00:00+00:00,106.55999755859375
2023-02-27 00:00:00+00:00,106.77999877929688
2023-02-28 00:00:00+00:00,107.18000030517578
2023-03-01 00:00:00+00:00,106.77999877929688
2023-03-02 00:00:00+00:00,106.86000061035156
2023-03-03 00:00:00+00:00,108.01000213623047
2023-03-06 00:00:00+00:00,107.43000030517578
2023-03-07 00:00:00+00:00,106.75
2023-03-08 00:00:00+00:00,106.23999786376953
2023-03-09 00:00:00+00:00,106.5199966430664
2023-03-10 00:00:00+00:00,108.08999633789062
2023-03-13 00:00:00+00:00,108.91000366210938
2023-03-14 00:00:00+00:00,108.30999755859375
2023-03-15 00:00:00+00:00,109.62999725341797
2023-03-16 00:00:00+00:00,108.38999938964844
2023-03-17 00:00:00+00:00,108.62000274658203
2023-03-20 00:00:00+00:00,108.72000122070312
2023-03-21 00:00:00+00:00,108.48999786376953
2023-03-22 00:00:00+00:00,109.9800033569336
2023-03-23 00:00:00+00:00,110.18000030517578
2023-03-24 00:00:00+00:00,109.9000015258789
2023-03-27 00:00:00+00:00,109.04000091552734
2023-03-28 00:00:00+00:00,109.37999725341797
2023-03-29 00:00:00+00:00,109.58999633789062
2023-03-30 00:00:00+00:00,109.69999694824219
2023-03-31 00:00:00+00:00,110.25
2023-04-03 00:00:00+00:00,110.31999969482422
2023-04-04 00:00:00+00:00,110.63999938964844
2023-04-05 00:00:00+00:00,110.9000015258789
2023-04-06 00:00:00+00:00,111.1500015258789
2023-04-10 00:00:00+00:00,110.36000061035156
2023-04-11 00:00:00+00:00,110.55000305175781
2023-04-12 00:00:00+00:00,110.58999633789062
2023-04-13 00:00:00+00:00,110.31999969482422
2023-04-14 00:00:00+00:00,109.83999633789062
2023-04-17 00:00:00+00:00,109.33999633789062
2023-04-18 00:00:00+00:00,109.44999694824219
2023-04-19 00:00:00+00:00,109.33999633789062
2023-04-20 00:00:00+00:00,109.69000244140625
2023-04-21 00:00:00+00:00,109.73999786376953
2023-04-24 00:00:00+00:00,110.16000366210938
2023-04-25 00:00:00+00:00,110.80999755859375
2023-04-26 00:00:00+00:00,110.41999816894531
2023-04-27 00:00:00+00:00,110.05000305175781
2023-04-28 00:00:00+00:00,110.18000030517578
2023-05-01 00:00:00+00:00,108.69999694824219
2023-05-02 00:00:00+00:00,109.52999877929688
2023-05-03 00:00:00+00:00,110.02999877929688
2023-05-04 00:00:00+00:00,110.0
2023-05-05 00:00:00+00:00,109.77999877929688
2023-05-08 00:00:00+00:00,109.37000274658203
2023-05-09 00:00:00+00:00,109.20999908447266
2023-05-10 00:00:00+00:00,109.56999969482422
2023-05-11 00:00:00+00:00,109.80999755859375
2023-05-12 00:00:00+00:00,109.41999816894531
2023-05-15 00:00:00+00:00,109.26000213623047
2023-05-16 00:00:00+00:00,108.97000122070312
2023-05-17 00:00:00+00:00,108.91999816894531
2023-05-18 00:00:00+00:00,108.55999755859375
2023-05-19 00:00:00+00:00,108.30000305175781
2023-05-22 00:00:00+00:00,108.0999984741211
2023-05-23 00:00:00+00:00,108.43000030517578
2023-05-24 00:00:00+00:00,108.08999633789062
2023-05-25 00:00:00+00:00,107.5999984741211
2023-05-26 00:00:00+00:00,107.7300033569336
2023-05-30 00:00:00+00:00,108.16000366210938
2023-05-31 00:00:00+00:00,108.30000305175781
2023-06-01 00:00:00+00:00,108.16000366210938
2023-06-02 00:00:00+00:00,107.62999725341797
2023-06-05 00:00:00+00:00,107.7699966430664
2023-06-06 00:00:00+00:00,107.83000183105469
2023-06-07 00:00:00+00:00,107.33000183105469
2023-06-08 00:00:00+00:00,107.86000061035156
2023-06-09 00:00:00+00:00,107.55999755859375
2023-06-12 00:00:00+00:00,107.6500015258789
2023-06-13 00:00:00+00:00,107.0999984741211
2023-06-14 00:00:00+00:00,107.37000274658203
2023-06-15 00:00:00+00:00,108.05000305175781
2023-06-16 00:00:00+00:00,107.7699966430664
2023-06-20 00:00:00+00:00,108.0
2023-06-21 00:00:00+00:00,108.01000213623047
2023-06-22 00:00:00+00:00,107.62999725341797
2023-06-23 00:00:00+00:00,107.88999938964844
2023-06-26 00:00:00+00:00,107.94000244140625
2023-06-27 00:00:00+00:00,107.63999938964844
2023-06-28 00:00:00+00:00,107.86000061035156
2023-06-29 00:00:00+00:00,107.1500015258789
2023-06-30 00:00:00+00:00,107.62000274658203
2023-07-03 00:00:00+00:00,106.98999786376953
2023-07-05 00:00:00+00:00,106.4800033569336
2023-07-06 00:00:00+00:00,105.91999816894531
2023-07-07 00:00:00+00:00,105.8499984741211
2023-07-10 00:00:00+00:00,106.0999984741211
2023-07-11 00:00:00+00:00,105.9800033569336
2023-07-12 00:00:00+00:00,107.1500015258789
2023-07-13 00:00:00+00:00,107.69999694824219
2023-07-14 00:00:00+00:00,107.12999725341797
2023-07-17 00:00:00+00:00,107.33000183105469
2023-07-18 00:00:00+00:00,107.27999877929688
2023-07-19 00:00:00+00:00,107.6500015258789
2023-07-20 00:00:00+00:00,107.61000061035156
2023-07-21 00:00:00+00:00,107.61000061035156
2023-07-24 00:00:00+00:00,107.66000366210938
2023-07-25 00:00:00+00:00,107.47000122070312
2023-07-26 00:00:00+00:00,107.51000213623047
2023-07-27 00:00:00+00:00,106.72000122070312
2023-07-28 00:00:00+00:00,107.12999725341797
2023-07-31 00:00:00+00:00,107.16000366210938
2023-08-01 00:00:00+00:00,106.30000305175781
2023-08-02 00:00:00+00:00,106.11000061035156
2023-08-03 00:00:00+00:00,105.44999694824219
2023-08-04 00:00:00+00:00,106.47000122070312
2023-08-07 00:00:00+00:00,106.55999755859375
2023-08-08 00:00:00+00:00,106.54000091552734
2023-08-09 00:00:00+00:00,106.48999786376953
2023-08-10 00:00:00+00:00,105.94000244140625
2023-08-11 00:00:00+00:00,105.79000091552734
2023-08-14 00:00:00+00:00,105.56999969482422
2023-08-15 00:00:00+00:00,105.23999786376953
2023-08-16 00:00:00+00:00,104.93000030517578
2023-08-17 00:00:00+00:00,104.9000015258789
2023-08-18 00:00:00+00:00,105.08000183105469
2023-08-21 00:00:00+00:00,104.80000305175781
2023-08-22 00:00:00+00:00,104.9800033569336
2023-08-23 00:00:00+00:00,105.93000030517578
2023-08-24 00:00:00+00:00,105.44999694824219
2023-08-25 00:00:00+00:00,105.43000030517578
2023-08-28 00:00:00+00:00,105.48999786376953
2023-08-29 00:00:00+00:00,106.01000213623047
2023-08-30 00:00:00+00:00,105.8499984741211
2023-08-31 00:00:00+00:00,106.06999969482422
2023-09-01 00:00:00+00:00,105.19999694824219
2023-09-05 00:00:00+00:00,104.98999786376953
2023-09-06 00:00:00+00:00,104.83000183105469
2023-09-07 00:00:00+00:00,105.20999908447266
2023-09-08 00:00:00+00:00,105.44999694824219
2023-09-11 00:00:00+00:00,105.3499984741211
2023-09-12 00:00:00+00:00,105.4000015258789
2023-09-13 00:00:00+00:00,105.54000091552734
2023-09-14 00:00:00+00:00,105.37000274658203
2023-09-15 00:00:00+00:00,105.11000061035156
2023-09-18 00:00:00+00:00,105.33000183105469
2023-09-19 00:00:00+00:00,105.02999877929688
2023-09-20 00:00:00+00:00,104.80999755859375
2023-09-21 00:00:00+00:00,104.26000213623047
2023-09-22 00:00:00+00:00,104.62000274658203
2023-09-25 00:00:00+00:00,103.83000183105469
2023-09-26 00:00:00+00:00,103.56999969482422
2023-09-27 00:00:00+00:00,103.4000015258789
2023-09-28 00:00:00+00:00,103.93000030517578
2023-09-29 00:00:00+00:00,103.72000122070312
2023-10-02 00:00:00+00:00,102.91999816894531
2023-10-03 00:00:00+00:00,102.19000244140625
2023-10-04 00:00:00+00:00,102.63999938964844
2023-10-05 00:00:00+00:00,102.48999786376953
2023-10-06 00:00:00+00:00,102.12000274658203
2023-10-09 00:00:00+00:00,103.12999725341797
2023-10-10 00:00:00+00:00,103.16999816894531
2023-10-11 00:00:00+00:00,103.62999725341797
2023-10-12 00:00:00+00:00,102.97000122070312
2023-10-13 00:00:00+00:00,103.63999938964844
2023-10-16 00:00:00+00:00,103.33999633789062
2023-10-17 00:00:00+00:00,102.83999633789062
2023-10-18 00:00:00+00:00,102.62000274658203
2023-10-19 00:00:00+00:00,102.52999877929688
2023-10-20 00:00:00+00:00,102.83999633789062
2023-10-23 00:00:00+00:00,102.86000061035156
2023-10-24 00:00:00+00:00,102.94999694824219
2023-10-25 00:00:00+00:00,102.5199966430664
2023-10-26 00:00:00+00:00,103.06999969482422
2023-10-27 00:00:00+00:00,103.22000122070312
2023-10-30 00:00:00+00:00,103.05999755859375
2023-10-31 00:00:00+00:00,102.80000305175781
2023-11-01 00:00:00+00:00,103.23999786376953
2023-11-02 00:00:00+00:00,103.70999908447266
2023-11-03 00:00:00+00:00,104.23999786376953
2023-11-06 00:00:00+00:00,103.97000122070312
2023-11-07 00:00:00+00:00,104.25
2023-11-08 00:00:00+00:00,104.4800033569336
2023-11-09 00:00:00+00:00,103.5999984741211
2023-11-10 00:00:00+00:00,103.63999938964844
2023-11-13 00:00:00+00:00,103.56999969482422
2023-11-14 00:00:00+00:00,104.41999816894531
2023-11-15 00:00:00+00:00,103.97000122070312
2023-11-16 00:00:00+00:00,104.3499984741211
2023-11-17 00:00:00+00:00,104.45999908447266
2023-11-20 00:00:00+00:00,104.7699966430664
2023-11-21 00:00:00+00:00,104.55000305175781
2023-11-22 00:00:00+00:00,104.6500015258789
2023-11-24 00:00:00+00:00,104.20999908447266
2023-11-27 00:00:00+00:00,104.55000305175781
2023-11-28 00:00:00+00:00,104.95999908447266
2023-11-29 00:00:00+00:00,105.37999725341797
2023-11-30 00:00:00+00:00,105.19000244140625
2023-12-01 00:00:00+00:00,105.47000122070312
2023-12-04 00:00:00+00:00,105.02999877929688
2023-12-05 00:00:00+00:00,105.5999984741211
2023-12-06 00:00:00+00:00,105.70999908447266
2023-12-07 00:00:00+00:00,105.62000274658203
2023-12-08 00:00:00+00:00,105.48999786376953
2023-12-11 00:00:00+00:00,105.2699966430664
2023-12-12 00:00:00+00:00,105.20999908447266
2023-12-13 00:00:00+00:00,106.63999938964844
2023-12-14 00:00:00+00:00,107.80999755859375
2023-12-15 00:00:00+00:00,107.62999725341797
2023-12-18 00:00:00+00:00,107.30999755859375
2023-12-19 00:00:00+00:00,107.37999725341797
2023-12-20 00:00:00+00:00,107.80999755859375
2023-12-21 00:00:00+00:00,107.62999725341797
2023-12-22 00:00:00+00:00,107.41999816894531
2023-12-26 00:00:00+00:00,107.4800033569336
2023-12-27 00:00:00+00:00,107.97000122070312
2023-12-28 00:00:00+00:00,107.62000274658203
2023-12-29 00:00:00+00:00,107.48999786376953
2024-01-02 00:00:00+00:00,107.33999633789062
2024-01-03 00:00:00+00:00,107.51000213623047
2024-01-04 00:00:00+00:00,107.01000213623047
2024-01-05 00:00:00+00:00,106.7699966430664
2024-01-08 00:00:00+00:00,107.05999755859375
2024-01-09 00:00:00+00:00,106.8499984741211
2024-01-10 00:00:00+00:00,106.76000213623047
2024-01-11 00:00:00+00:00,107.33000183105469
2024-01-12 00:00:00+00:00,107.79000091552734
2024-01-16 00:00:00+00:00,107.23999786376953
2024-01-17 00:00:00+00:00,106.91000366210938
2024-01-18 00:00:00+00:00,106.94000244140625
2024-01-19 00:00:00+00:00,107.0199966430664
2024-01-22 00:00:00+00:00,107.06999969482422
2024-01-23 00:00:00+00:00,106.72000122070312
2024-01-24 00:00:00+00:00,106.47000122070312
2024-01-25 00:00:00+00:00,106.83000183105469
2024-01-26 00:00:00+00:00,106.7300033569336
2024-01-29 00:00:00+00:00,107.19999694824219
2024-01-30 00:00:00+00:00,107.1500015258789
2024-01-31 00:00:00+00:00,107.8499984741211
2024-02-01 00:00:00+00:00,108.04000091552734
2024-02-02 00:00:00+00:00,107.0
2024-02-05 00:00:00+00:00,106.4000015258789
2024-02-06 00:00:00+00:00,106.76000213623047
2024-02-07 00:00:00+00:00,106.55999755859375
2024-02-08 00:00:00+00:00,106.4800033569336
2024-02-09 00:00:00+00:00,106.33000183105469
2024-02-12 00:00:00+00:00,106.37000274658203
2024-02-13 00:00:00+00:00,105.69000244140625
2024-02-14 00:00:00+00:00,106.13999938964844
2024-02-15 00:00:00+00:00,106.2699966430664
2024-02-16 00:00:00+00:00,106.16000366210938
2024-02-20 00:00:00+00:00,106.20999908447266
2024-02-21 00:00:00+00:00,106.08999633789062
2024-02-22 00:00:00+00:00,105.94999694824219
2024-02-23 00:00:00+00:00,106.22000122070312
2024-02-26 00:00:00+00:00,106.18000030517578
2024-02-27 00:00:00+00:00,106.05000305175781
2024-02-28 00:00:00+00:00,106.38999938964844
2024-02-29 00:00:00+00:00,106.72000122070312
2024-03-01 00:00:00+00:00,107.12000274658203
2024-03-04 00:00:00+00:00,107.02999877929688
2024-03-05 00:00:00+00:00,107.5199966430664
2024-03-06 00:00:00+00:00,107.55999755859375
2024-03-07 00:00:00+00:00,107.5
2024-03-08 00:00:00+00:00,107.58999633789062
2024-03-11 00:00:00+00:00,107.4000015258789
2024-03-12 00:00:00+00:00,107.19000244140625
2024-03-13 00:00:00+00:00,107.04000091552734
2024-03-14 00:00:00+00:00,106.38999938964844
2024-03-15 00:00:00+00:00,106.31999969482422
2024-03-18 00:00:00+00:00,106.22000122070312
2024-03-19 00:00:00+00:00,106.37000274658203
2024-03-20 00:00:00+00:00,106.79000091552734
2024-03-21 00:00:00+00:00,106.9800033569336
2024-03-22 00:00:00+00:00,107.3499984741211
2024-03-25 00:00:00+00:00,107.01000213623047
2024-03-26 00:00:00+00:00,107.04000091552734
2024-03-27 00:00:00+00:00,107.37000274658203
2024-03-28 00:00:00+00:00,107.41000366210938
2024-04-01 00:00:00+00:00,106.6500015258789
2024-04-02 00:00:00+00:00,106.68000030517578
2024-04-03 00:00:00+00:00,106.68000030517578
2024-04-04 00:00:00+00:00,107.08000183105469
2024-04-05 00:00:00+00:00,106.62999725341797
2024-04-08 00:00:00+00:00,106.58999633789062
2024-04-09 00:00:00+00:00,106.87000274658203
2024-04-10 00:00:00+00:00,105.83999633789062
2024-04-11 00:00:00+00:00,105.75
2024-04-12 00:00:00+00:00,106.12000274658203
2024-04-15 00:00:00+00:00,105.77999877929688
2024-04-16 00:00:00+00:00,105.3499984741211
2024-04-17 00:00:00+00:00,105.76000213623047
2024-04-18 00:00:00+00:00,105.62000274658203
2024-04-19 00:00:00+00:00,105.77999877929688
2024-04-22 00:00:00+00:00,105.79000091552734
2024-04-23 00:00:00+00:00,105.88999938964844
2024-04-24 00:00:00+00:00,105.66999816894531
2024-04-25 00:00:00+00:00,105.51000213623047
2024-04-26 00:00:00+00:00,105.77999877929688
2024-04-29 00:00:00+00:00,106.04000091552734
2024-04-30 00:00:00+00:00,105.52999877929688
2024-05-01 00:00:00+00:00,105.01000213623047
2024-05-02 00:00:00+00:00,105.38999938964844
2024-05-03 00:00:00+00:00,105.93000030517578
2024-05-06 00:00:00+00:00,105.9800033569336
2024-05-07 00:00:00+00:00,105.95999908447266
2024-05-08 00:00:00+00:00,105.83999633789062
2024-05-09 00:00:00+00:00,106.22000122070312
2024-05-10 00:00:00+00:00,106.05000305175781
2024-05-13 00:00:00+00:00,106.08999633789062
2024-05-14 00:00:00+00:00,106.29000091552734
2024-05-15 00:00:00+00:00,106.83000183105469
2024-05-16 00:00:00+00:00,106.68000030517578
2024-05-17 00:00:00+00:00,106.58000183105469
2024-05-20 00:00:00+00:00,106.54000091552734
2024-05-21 00:00:00+00:00,106.73999786376953
2024-05-22 00:00:00+00:00,106.72000122070312
2024-05-23 00:00:00+00:00,106.30999755859375
2024-05-24 00:00:00+00:00,106.44000244140625
2024-05-28 00:00:00+00:00,106.12000274658203
2024-05-29 00:00:00+00:00,105.87000274658203
2024-05-30 00:00:00+00:00,106.27999877929688
2024-05-31 00:00:00+00:00,106.69999694824219
2024-06-03 00:00:00+00:00,106.41999816894531
2024-06-04 00:00:00+00:00,106.75
2024-06-05 00:00:00+00:00,107.0199966430664
2024-06-06 00:00:00+00:00,106.93000030517578
2024-06-07 00:00:00+00:00,106.05000305175781
2024-06-10 00:00:00+00:00,105.9000015258789
2024-06-11 00:00:00+00:00,106.19000244140625
2024-06-12 00:00:00+00:00,106.3499984741211
2024-06-13 00:00:00+00:00,106.7699966430664
2024-06-14 00:00:00+00:00,106.9000015258789
2024-06-17 00:00:00+00:00,106.75
2024-06-18 00:00:00+00:00,107.18000030517578
2024-06-20 00:00:00+00:00,107.19999694824219
2024-06-21 00:00:00+00:00,107.04000091552734
2024-06-24 00:00:00+00:00,107.0999984741211
2024-06-25 00:00:00+00:00,107.2300033569336
2024-06-26 00:00:00+00:00,106.91000366210938
2024-06-27 00:00:00+00:00,107.11000061035156
2024-06-28 00:00:00+00:00,106.77999877929688
2024-07-01 00:00:00+00:00,105.91999816894531
2024-07-02 00:00:00+00:00,106.12000274658203
2024-07-03 00:00:00+00:00,106.54000091552734
2024-07-05 00:00:00+00:00,107.0199966430664
2024-07-08 00:00:00+00:00,106.9800033569336
2024-07-09 00:00:00+00:00,106.81999969482422
2024-07-10 00:00:00+00:00,107.0199966430664
2024-07-11 00:00:00+00:00,107.33999633789062
2024-07-12 00:00:00+00:00,107.51000213623047
2024-07-15 00:00:00+00:00,107.44000244140625
2024-07-16 00:00:00+00:00,107.7699966430664
2024-07-17 00:00:00+00:00,107.80999755859375
2024-07-18 00:00:00+00:00,107.56999969482422
2024-07-19 00:00:00+00:00,107.30999755859375
2024-07-22 00:00:00+00:00,107.18000030517578
2024-07-23 00:00:00+00:00,107.12000274658203
2024-07-24 00:00:00+00:00,106.80000305175781
2024-07-25 00:00:00+00:00,107.05999755859375
2024-07-26 00:00:00+00:00,107.4000015258789
2024-07-29 00:00:00+00:00,107.51000213623047
2024-07-30 00:00:00+00:00,107.58999633789062
2024-07-31 00:00:00+00:00,108.18000030517578
2024-08-01 00:00:00+00:00,108.1500015258789
2024-08-02 00:00:00+00:00,108.66999816894531
2024-08-05 00:00:00+00:00,108.9800033569336
2024-08-06 00:00:00+00:00,108.3499984741211
2024-08-07 00:00:00+00:00,108.0199966430664
2024-08-08 00:00:00+00:00,107.91999816894531
2024-08-09 00:00:00+00:00,108.19999694824219
2024-08-12 00:00:00+00:00,108.48999786376953
2024-08-13 00:00:00+00:00,108.72000122070312
2024-08-14 00:00:00+00:00,108.66000366210938
2024-08-15 00:00:00+00:00,108.43000030517578
2024-08-16 00:00:00+00:00,108.38999938964844
2024-08-19 00:00:00+00:00,108.45999908447266
2024-08-20 00:00:00+00:00,108.88999938964844
2024-08-21 00:00:00+00:00,109.12999725341797
2024-08-22 00:00:00+00:00,108.79000091552734
2024-08-23 00:00:00+00:00,109.37000274658203
2024-08-26 00:00:00+00:00,109.37999725341797
2024-08-27 00:00:00+00:00,109.37999725341797
2024-08-28 00:00:00+00:00,109.37000274658203
2024-08-29 00:00:00+00:00,109.22000122070312
2024-08-30 00:00:00+00:00,108.87000274658203
2024-09-03 00:00:00+00:00,109.05999755859375
2024-09-04 00:00:00+00:00,109.3499984741211
2024-09-05 00:00:00+00:00,109.41999816894531
2024-09-06 00:00:00+00:00,109.48999786376953
2024-09-09 00:00:00+00:00,109.73999786376953
2024-09-10 00:00:00+00:00,109.9800033569336
2024-09-11 00:00:00+00:00,110.05000305175781
2024-09-12 00:00:00+00:00,110.06999969482422
2024-09-13 00:00:00+00:00,110.44000244140625
2024-09-16 00:00:00+00:00,110.81999969482422
2024-09-17 00:00:00+00:00,110.77999877929688
2024-09-18 00:00:00+00:00,110.37000274658203
2024-09-19 00:00:00+00:00,110.69999694824219
2024-09-20 00:00:00+00:00,110.55000305175781
2024-09-23 00:00:00+00:00,110.55999755859375
2024-09-24 00:00:00+00:00,110.83000183105469
2024-09-25 00:00:00+00:00,110.41000366210938
2024-09-26 00:00:00+00:00,110.2699966430664
2024-09-27 00:00:00+00:00,110.54000091552734
2024-09-30 00:00:00+00:00,110.47000122070312
2024-10-01 00:00:00+00:00,110.70999908447266
2024-10-02 00:00:00+00:00,110.61000061035156
2024-10-03 00:00:00+00:00,110.13999938964844
2024-10-04 00:00:00+00:00,109.38999938964844
2024-10-07 00:00:00+00:00,109.2699966430664
2024-10-08 00:00:00+00:00,109.44999694824219
2024-10-09 00:00:00+00:00,109.25
2024-10-10 00:00:00+00:00,109.47000122070312
2024-10-11 00:00:00+00:00,109.4800033569336
2024-10-14 00:00:00+00:00,109.37000274658203
2024-10-15 00:00:00+00:00,109.48999786376953
2024-10-16 00:00:00+00:00,109.51000213623047
2024-10-17 00:00:00+00:00,109.18000030517578
2024-10-18 00:00:00+00:00,109.36000061035156
2024-10-21 00:00:00+00:00,108.56999969482422
2024-10-22 00:00:00+00:00,108.72000122070312
2024-10-23 00:00:00+00:00,108.44999694824219
2024-10-24 00:00:00+00:00,108.55999755859375
2024-10-25 00:00:00+00:00,108.2699966430664
2024-10-28 00:00:00+00:00,108.05999755859375
2024-10-29 00:00:00+00:00,108.22000122070312
2024-10-30 00:00:00+00:00,108.43000030517578
2024-10-31 00:00:00+00:00,108.30999755859375
2024-11-01 00:00:00+00:00,107.76000213623047
2024-11-04 00:00:00+00:00,107.94000244140625
2024-11-05 00:00:00+00:00,108.04000091552734
2024-11-06 00:00:00+00:00,107.87000274658203
2024-11-07 00:00:00+00:00,108.2699966430664
2024-11-08 00:00:00+00:00,108.56999969482422
2024-11-11 00:00:00+00:00,108.20999908447266
2024-11-12 00:00:00+00:00,107.63999938964844
2024-11-13 00:00:00+00:00,107.44000244140625
2024-11-14 00:00:00+00:00,107.41999816894531
2024-11-15 00:00:00+00:00,107.44999694824219
2024-11-18 00:00:00+00:00,107.70999908447266
2024-11-19 00:00:00+00:00,107.87999725341797
2024-11-20 00:00:00+00:00,107.83000183105469
2024-11-21 00:00:00+00:00,107.69000244140625
2024-11-22 00:00:00+00:00,107.7699966430664
2024-11-25 00:00:00+00:00,108.36000061035156
2024-11-26 00:00:00+00:00,108.11000061035156
2024-11-27 00:00:00+00:00,108.44999694824219
2024-11-29 00:00:00+00:00,108.76000213623047
2024-12-02 00:00:00+00:00,108.51000213623047
2024-12-03 00:00:00+00:00,108.55999755859375
2024-12-04 00:00:00+00:00,108.87000274658203
2024-12-05 00:00:00+00:00,108.73999786376953
2024-12-06 00:00:00+00:00,108.83000183105469
2024-12-09 00:00:00+00:00,108.62999725341797
2024-12-10 00:00:00+00:00,108.58999633789062
2024-12-11 00:00:00+00:00,108.43000030517578
2024-12-12 00:00:00+00:00,108.08000183105469
2024-12-13 00:00:00+00:00,107.77999877929688
2024-12-16 00:00:00+00:00,107.66000366210938
2024-12-17 00:00:00+00:00,107.5999984741211
2024-12-18 00:00:00+00:00,106.76000213623047
2024-12-19 00:00:00+00:00,106.33000183105469
2024-12-20 00:00:00+00:00,106.54000091552734
2024-12-23 00:00:00+00:00,106.4000015258789
2024-12-24 00:00:00+00:00,106.63999938964844
2024-12-26 00:00:00+00:00,106.63999938964844
2024-12-27 00:00:00+00:00,106.37000274658203
2024-12-30 00:00:00+00:00,106.68000030517578
2024-12-31 00:00:00+00:00,106.55000305175781
2025-01-02 00:00:00+00:00,106.70999908447266
2025-01-03 00:00:00+00:00,106.48999786376953
2025-01-06 00:00:00+00:00,106.48999786376953
2025-01-07 00:00:00+00:00,106.31999969482422
2025-01-08 00:00:00+00:00,106.5999984741211
2025-01-10 00:00:00+00:00,106.22000122070312
2025-01-13 00:00:00+00:00,106.22000122070312
2025-01-14 00:00:00+00:00,106.26000213623047
2025-01-15 00:00:00+00:00,107.0
2025-01-16 00:00:00+00:00,107.13999938964844
2025-01-17 00:00:00+00:00,107.18000030517578
2025-01-21 00:00:00+00:00,107.26000213623047
2025-01-22 00:00:00+00:00,107.13999938964844
2025-01-23 00:00:00+00:00,107.23999786376953
2025-01-24 00:00:00+00:00,107.43000030517578
2025-01-27 00:00:00+00:00,107.87999725341797
2025-01-28 00:00:00+00:00,107.94999694824219
2025-01-29 00:00:00+00:00,107.81999969482422
2025-01-30 00:00:00+00:00,107.93000030517578
2025-01-31 00:00:00+00:00,108.01000213623047
2025-02-03 00:00:00+00:00,108.26000213623047
2025-02-04 00:00:00+00:00,108.44000244140625
2025-02-05 00:00:00+00:00,108.91999816894531
2025-02-06 00:00:00+00:00,108.7300033569336
2025-02-07 00:00:00+00:00,108.44000244140625
2025-02-10 00:00:00+00:00,108.48999786376953
2025-02-11 00:00:00+00:00,108.45999908447266
2025-02-12 00:00:00+00:00,107.80999755859375
2025-02-13 00:00:00+00:00,108.41000366210938
2025-02-14 00:00:00+00:00,108.61000061035156
2025-02-18 00:00:00+00:00,108.26000213623047
2025-02-19 00:00:00+00:00,108.4800033569336
2025-02-20 00:00:00+00:00,108.69999694824219
2025-02-21 00:00:00+00:00,108.91999816894531
2025-02-24 00:00:00+00:00,109.16000366210938
2025-02-25 00:00:00+00:00,109.62000274658203
2025-02-26 00:00:00+00:00,109.70999908447266
2025-02-27 00:00:00+00:00,109.58000183105469
2025-02-28 00:00:00+00:00,110.33999633789062
2025-03-03 00:00:00+00:00,110.63999938964844
2025-03-04 00:00:00+00:00,110.25
2025-03-05 00:00:00+00:00,109.69000244140625
2025-03-06 00:00:00+00:00,109.63999938964844
2025-03-07 00:00:00+00:00,109.45999908447266
2025-03-10 00:00:00+00:00,109.94999694824219
2025-03-11 00:00:00+00:00,109.6500015258789
2025-03-12 00:00:00+00:00,109.5199966430664
2025-03-13 00:00:00+00:00,109.68000030517578
2025-03-14 00:00:00+00:00,109.41999816894531
2025-03-17 00:00:00+00:00,109.44999694824219
2025-03-18 00:00:00+00:00,109.56999969482422
2025-03-19 00:00:00+00:00,110.12999725341797
2025-03-20 00:00:00+00:00,110.2300033569336
2025-03-21 00:00:00+00:00,110.0999984741211
2025-03-24 00:00:00+00:00,109.81999969482422
2025-03-25 00:00:00+00:00,110.0
2025-03-26 00:00:00+00:00,109.86000061035156
2025-03-27 00:00:00+00:00,110.08999633789062
2025-03-28 00:00:00+00:00,110.6500015258789
2025-03-31 00:00:00+00:00,111.08999633789062
2025-04-01 00:00:00+00:00,110.44999694824219
2025-04-02 00:00:00+00:00,110.27999877929688
2025-04-03 00:00:00+00:00,110.97000122070312
2025-04-04 00:00:00+00:00,110.5999984741211
2025-04-07 00:00:00+00:00,109.2699966430664
2025-04-08 00:00:00+00:00,109.0
2025-04-09 00:00:00+00:00,109.2300033569336
2025-04-10 00:00:00+00:00,107.93000030517578
2025-04-11 00:00:00+00:00,107.97000122070312
2025-04-14 00:00:00+00:00,108.48999786376953
2025-04-15 00:00:00+00:00,108.4800033569336
2025-04-16 00:00:00+00:00,108.77999877929688
2025-04-17 00:00:00+00:00,109.02999877929688
2025-04-21 00:00:00+00:00,108.47000122070312
2025-04-22 00:00:00+00:00,108.87000274658203
2025-04-23 00:00:00+00:00,109.19000244140625
2025-04-24 00:00:00+00:00,109.7699966430664
2025-04-25 00:00:00+00:00,109.81999969482422
2025-04-28 00:00:00+00:00,110.19999694824219
2025-04-29 00:00:00+00:00,110.38999938964844
2025-04-30 00:00:00+00:00,110.5199966430664
2025-05-01 00:00:00+00:00,109.61000061035156
2025-05-02 00:00:00+00:00,109.04000091552734
2025-05-05 00:00:00+00:00,108.93000030517578
2025-05-06 00:00:00+00:00,109.26000213623047
2025-05-07 00:00:00+00:00,109.37000274658203
2025-05-08 00:00:00+00:00,108.9800033569336
2025-05-09 00:00:00+00:00,109.08000183105469
2025-05-12 00:00:00+00:00,108.2300033569336
2025-05-13 00:00:00+00:00,108.48999786376953
2025-05-14 00:00:00+00:00,108.37999725341797
2025-05-15 00:00:00+00:00,108.69000244140625
2025-05-16 00:00:00+00:00,108.87999725341797
2025-05-19 00:00:00+00:00,108.88999938964844
2025-05-20 00:00:00+00:00,108.7300033569336
2025-05-21 00:00:00+00:00,108.13999938964844
2025-05-22 00:00:00+00:00,108.45999908447266
2025-05-23 00:00:00+00:00,108.55999755859375
2025-05-27 00:00:00+00:00,108.87000274658203
2025-05-28 00:00:00+00:00,108.62000274658203
2025-05-29 00:00:00+00:00,108.93000030517578
2025-05-30 00:00:00+00:00,109.29000091552734
2025-06-02 00:00:00+00:00,108.6500015258789
2025-06-03 00:00:00+00:00,108.55000305175781
2025-06-04 00:00:00+00:00,108.97000122070312
2025-06-05 00:00:00+00:00,108.6500015258789
2025-06-06 00:00:00+00:00,108.06999969482422
2025-06-09 00:00:00+00:00,108.22000122070312
2025-06-10 00:00:00+00:00,108.2699966430664
2025-06-11 00:00:00+00:00,108.44999694824219
2025-06-12 00:00:00+00:00,108.76000213623047
2025-06-13 00:00:00+00:00,108.5999984741211
2025-06-16 00:00:00+00:00,108.44999694824219
2025-06-17 00:00:00+00:00,109.0199966430664
2025-06-18 00:00:00+00:00,109.0999984741211
2025-06-20 00:00:00+00:00,109.29000091552734
2025-06-23 00:00:00+00:00,109.37999725341797
2025-06-24 00:00:00+00:00,109.5199966430664
2025-06-25 00:00:00+00:00,109.58000183105469
2025-06-26 00:00:00+00:00,109.9000015258789
2025-06-27 00:00:00+00:00,109.76000213623047
2025-06-30 00:00:00+00:00,110.04000091552734
2025-07-01 00:00:00+00:00,109.5999984741211
2025-07-02 00:00:00+00:00,109.55000305175781
2025-07-03 00:00:00+00:00,109.36000061035156
2025-07-07 00:00:00+00:00,109.22000122070312
2025-07-08 00:00:00+00:00,109.12999725341797
2025-07-09 00:00:00+00:00,109.54000091552734
2025-07-10 00:00:00+00:00,109.51000213623047
2025-07-11 00:00:00+00:00,109.33000183105469
2025-07-14 00:00:00+00:00,109.4000015258789
2025-07-15 00:00:00+00:00,109.11000061035156
2025-07-16 00:00:00+00:00,109.4800033569336
2025-07-17 00:00:00+00:00,109.58000183105469
2025-07-18 00:00:00+00:00,109.69999694824219
2025-07-21 00:00:00+00:00,109.9800033569336
2025-07-22 00:00:00+00:00,110.08000183105469
2025-07-23 00:00:00+00:00,109.6500015258789
2025-07-24 00:00:00+00:00,109.7300033569336
2025-07-25 00:00:00+00:00,109.83000183105469
2025-07-28 00:00:00+00:00,109.69000244140625
2025-07-29 00:00:00+00:00,110.27999877929688
2025-07-30 00:00:00+00:00,109.8499984741211
2025-07-31 00:00:00+00:00,109.66999816894531
2025-08-01 00:00:00+00:00,110.16999816894531
2025-08-04 00:00:00+00:00,110.48999786376953
2025-08-05 00:00:00+00:00,110.38999938964844
2025-08-06 00:00:00+00:00,110.30000305175781
2025-08-07 00:00:00+00:00,110.41999816894531
2025-08-08 00:00:00+00:00,110.3499984741211
2025-08-11 00:00:00+00:00,110.3499984741211
2025-08-12 00:00:00+00:00,110.16000366210938
2025-08-13 00:00:00+00:00,110.58000183105469
2025-08-14 00:00:00+00:00,110.25
2025-08-15 00:00:00+00:00,110.04000091552734
2025-08-18 00:00:00+00:00,109.91999816894531
2025-08-19 00:00:00+00:00,110.02999877929688
2025-08-20 00:00:00+00:00,110.1500015258789
2025-08-21 00:00:00+00:00,110.16999816894531
2025-08-22 00:00:00+00:00,110.91999816894531
2025-08-25 00:00:00+00:00,110.70999908447266
2025-08-26 00:00:00+00:00,110.97000122070312
2025-08-27 00:00:00+00:00,111.22000122070312
2025-08-28 00:00:00+00:00,111.29000091552734
2025-08-29 00:00:00+00:00,111.16999816894531
2025-09-02 00:00:00+00:00,110.55000305175781
2025-09-03 00:00:00+00:00,110.80000305175781
2025-09-04 00:00:00+00:00,110.97000122070312
2025-09-05 00:00:00+00:00,111.45999908447266
2025-09-08 00:00:00+00:00,111.69000244140625
2025-09-09 00:00:00+00:00,111.47000122070312
2025-09-10 00:00:00+00:00,111.63999938964844
2025-09-11 00:00:00+00:00,111.81999969482422
2025-09-12 00:00:00+00:00,111.66999816894531
2025-09-15 00:00:00+00:00,111.77999877929688
2025-09-16 00:00:00+00:00,111.87999725341797
2025-09-17 00:00:00+00:00,111.80999755859375
2025-09-18 00:00:00+00:00,111.5
2025-09-19 00:00:00+00:00,111.44000244140625
2025-09-22 00:00:00+00:00,111.16999816894531
2025-09-23 00:00:00+00:00,111.47000122070312
2025-09-24 00:00:00+00:00,111.2699966430664
2025-09-25 00:00:00+00:00,111.08999633789062
2025-09-26 00:00:00+00:00,111.11000061035156
2025-09-29 00:00:00+00:00,111.25
2025-09-30 00:00:00+00:00,111.22000122070312
2025-10-01 00:00:00+00:00,111.22000122070312
2025-10-02 00:00:00+00:00,111.16999816894531
2025-10-03 00:00:00+00:00,111.05000305175781
2025-10-06 00:00:00+00:00,110.86000061035156
2025-10-07 00:00:00+00:00,111.16999816894531
2025-10-08 00:00:00+00:00,111.25
2025-10-09 00:00:00+00:00,111.12000274658203
2025-10-10 00:00:00+00:00,111.51000213623047
2025-10-13 00:00:00+00:00,111.79000091552734
2025-10-14 00:00:00+00:00,111.66999816894531
2025-10-15 00:00:00+00:00,111.63999938964844
2025-10-16 00:00:00+00:00,111.9000015258789
2025-10-17 00:00:00+00:00,111.68000030517578
2025-10-20 00:00:00+00:00,111.77999877929688
2025-10-21 00:00:00+00:00,112.0199966430664
2025-10-22 00:00:00+00:00,112.19999694824219
2025-10-23 00:00:00+00:00,111.9800033569336
2025-10-24 00:00:00+00:00,111.97000122070312
2025-10-27 00:00:00+00:00,111.94000244140625
2025-10-28 00:00:00+00:00,112.02999877929688
2025-10-29 00:00:00+00:00,111.44000244140625
2025-10-30 00:00:00+00:00,111.19999694824219
2025-10-31 00:00:00+00:00,111.37999725341797
2025-11-03 00:00:00+00:00,110.94000244140625
2025-11-04 00:00:00+00:00,110.98999786376953
2025-11-05 00:00:00+00:00,110.58000183105469
2025-11-06 00:00:00+00:00,110.87999725341797
2025-11-07 00:00:00+00:00,110.9000015258789
2025-11-10 00:00:00+00:00,110.91999816894531
2025-11-11 00:00:00+00:00,111.37000274658203
2025-11-12 00:00:00+00:00,111.12999725341797
2025-11-13 00:00:00+00:00,110.87999725341797
2025-11-14 00:00:00+00:00,110.75
2025-11-17 00:00:00+00:00,110.7699966430664
2025-11-18 00:00:00+00:00,110.8499984741211
2025-11-19 00:00:00+00:00,110.70999908447266
2025-11-20 00:00:00+00:00,110.76000213623047
2025-11-21 00:00:00+00:00,111.0199966430664
2025-11-24 00:00:00+00:00,111.06999969482422
2025-11-25 00:00:00+00:00,111.2699966430664
2025-11-26 00:00:00+00:00,111.51000213623047
2025-11-28 00:00:00+00:00,111.26000213623047
2025-12-01 00:00:00+00:00,110.5
2025-12-02 00:00:00+00:00,110.52999877929688
2025-12-03 00:00:00+00:00,110.77999877929688
2025-12-04 00:00:00+00:00,110.62999725341797
2025-12-05 00:00:00+00:00,110.44999694824219
2025-12-08 00:00:00+00:00,110.2300033569336
2025-12-09 00:00:00+00:00,110.08999633789062
2025-12-10 00:00:00+00:00,110.44999694824219
2025-12-11 00:00:00+00:00,110.4000015258789
2025-12-12 00:00:00+00:00,110.2300033569336
2025-12-15 00:00:00+00:00,110.1500015258789
2025-12-16 00:00:00+00:00,110.16999816894531
2025-12-17 00:00:00+00:00,110.29000091552734
2025-12-18 00:00:00+00:00,110.5
2025-12-19 00:00:00+00:00,109.94000244140625
2025-12-22 00:00:00+00:00,109.77999877929688
2025-12-23 00:00:00+00:00,109.83000183105469
2025-12-24 00:00:00+00:00,110.05999755859375
2025-12-26 00:00:00+00:00,110.05000305175781
2025-12-29 00:00:00+00:00,110.1500015258789
2025-12-30 00:00:00+00:00,110.12999725341797
2025-12-31 00:00:00+00:00,109.91000366210938
2026-01-02 00:00:00+00:00,109.86000061035156
2026-01-05 00:00:00+00:00,110.16000366210938
2026-01-06 00:00:00+00:00,110.08000183105469
2026-01-07 00:00:00+00:00,110.25
2026-01-08 00:00:00+00:00,110.02999877929688
2026-01-09 00:00:00+00:00,110.18000030517578
2026-01-12 00:00:00+00:00,110.18000030517578
2026-01-13 00:00:00+00:00,110.27999877929688
2026-01-14 00:00:00+00:00,110.4000015258789
2026-01-15 00:00:00+00:00,110.2300033569336
2026-01-16 00:00:00+00:00,110.0199966430664
2026-01-20 00:00:00+00:00,109.69000244140625
2026-01-21 00:00:00+00:00,110.12000274658203
2026-01-22 00:00:00+00:00,110.01000213623047
2026-01-23 00:00:00+00:00,110.2300033569336
2026-01-26 00:00:00+00:00,110.37999725341797
2026-01-27 00:00:00+00:00,110.38999938964844
2026-01-28 00:00:00+00:00,110.44000244140625
2026-01-29 00:00:00+00:00,110.5199966430664
2026-01-30 00:00:00+00:00,110.4800033569336
2026-02-02 00:00:00+00:00,110.19000244140625
2026-02-03 00:00:00+00:00,110.37000274658203
2026-02-04 00:00:00+00:00,110.25
2026-02-05 00:00:00+00:00,110.55999755859375
2026-02-06 00:00:00+00:00,110.66999816894531
2026-02-09 00:00:00+00:00,110.76000213623047
2026-02-10 00:00:00+00:00,110.98999786376953
2026-02-11 00:00:00+00:00,110.80999755859375
2026-02-12 00:00:00+00:00,111.25
2026-02-13 00:00:00+00:00,111.38999938964844
2026-02-17 00:00:00+00:00,111.2300033569336
2026-02-18 00:00:00+00:00,111.16000366210938
2026-02-19 00:00:00+00:00,111.25
2026-02-20 00:00:00+00:00,111.19000244140625
2026-02-23 00:00:00+00:00,111.29000091552734
2026-02-24 00:00:00+00:00,111.30999755859375
2026-02-25 00:00:00+00:00,111.41000366210938
2026-02-26 00:00:00+00:00,111.70999908447266
2026-02-27 00:00:00+00:00,111.87999725341797
2026-03-02 00:00:00+00:00,111.56999969482422
2026-03-03 00:00:00+00:00,111.5
2026-03-04 00:00:00+00:00,111.25
2026-03-05 00:00:00+00:00,111.22000122070312
2026-03-06 00:00:00+00:00,111.43000030517578
2026-03-09 00:00:00+00:00,111.61000061035156
2026-03-10 00:00:00+00:00,111.23999786376953
2026-03-11 00:00:00+00:00,111.06999969482422
2026-03-12 00:00:00+00:00,110.93000030517578
2026-03-13 00:00:00+00:00,110.70999908447266
2026-03-16 00:00:00+00:00,111.05999755859375
2026-03-17 00:00:00+00:00,111.44999694824219
2026-03-18 00:00:00+00:00,111.23999786376953
2026-03-19 00:00:00+00:00,111.11000061035156
2026-03-20 00:00:00+00:00,110.22000122070312
2026-03-23 00:00:00+00:00,110.19000244140625
2026-03-24 00:00:00+00:00,109.83000183105469
2026-03-25 00:00:00+00:00,110.16000366210938
2026-03-26 00:00:00+00:00,109.76000213623047
2026-03-27 00:00:00+00:00,109.66999816894531
2026-03-30 00:00:00+00:00,110.3499984741211
2026-03-31 00:00:00+00:00,110.36000061035156
2026-04-01 00:00:00+00:00,110.36000061035156
2026-04-02 00:00:00+00:00,110.80999755859375
2026-04-06 00:00:00+00:00,110.76000213623047
2026-04-07 00:00:00+00:00,110.88999938964844
2026-04-08 00:00:00+00:00,110.91000366210938
2026-04-09 00:00:00+00:00,110.95999908447266
2026-04-10 00:00:00+00:00,111.0199966430664
2026-04-13 00:00:00+00:00,111.27999877929688
2026-04-14 00:00:00+00:00,111.52999877929688
2026-04-15 00:00:00+00:00,111.43000030517578
2026-04-16 00:00:00+00:00,111.19000244140625
2026-04-17 00:00:00+00:00,111.4800033569336
2026-04-20 00:00:00+00:00,111.41000366210938
2026-04-21 00:00:00+00:00,111.22000122070312
2026-04-22 00:00:00+00:00,111.38999938964844
2026-04-23 00:00:00+00:00,111.56999969482422
2026-04-24 00:00:00+00:00,111.80000305175781
2026-04-27 00:00:00+00:00,111.7699966430664
2026-04-28 00:00:00+00:00,111.7300033569336
2026-04-29 00:00:00+00:00,111.38999938964844
2026-04-30 00:00:00+00:00,111.55999755859375
2026-05-01 00:00:00+00:00,111.3499984741211
2026-05-04 00:00:00+00:00,111.1500015258789
2026-05-05 00:00:00+00:00,111.06999969482422
2026-05-06 00:00:00+00:00,111.1500015258789
2026-05-07 00:00:00+00:00,111.02999877929688
2026-05-08 00:00:00+00:00,111.4000015258789
2026-05-11 00:00:00+00:00,111.30999755859375
2026-05-12 00:00:00+00:00,111.12000274658203
2026-05-13 00:00:00+00:00,111.12000274658203
2026-05-14 00:00:00+00:00,111.01000213623047
2026-05-15 00:00:00+00:00,110.61000061035156
2026-05-18 00:00:00+00:00,110.4800033569336
2026-05-19 00:00:00+00:00,110.11000061035156
2026-05-20 00:00:00+00:00,110.37000274658203
2026-05-21 00:00:00+00:00,110.37000274658203
2026-05-22 00:00:00+00:00,110.37999725341797
2026-05-26 00:00:00+00:00,110.81999969482422
2026-05-27 00:00:00+00:00,110.87999725341797
2026-05-28 00:00:00+00:00,111.18000030517578
2026-05-29 00:00:00+00:00,111.20999908447266
2026-06-01 00:00:00+00:00,109.9800033569336
2026-06-02 00:00:00+00:00,109.97000122070312
2026-06-03 00:00:00+00:00,109.7699966430664
2026-06-04 00:00:00+00:00,109.77999877929688
2026-06-05 00:00:00+00:00,109.25
2026-06-08 00:00:00+00:00,109.12999725341797
2026-06-09 00:00:00+00:00,109.31999969482422
2026-06-10 00:00:00+00:00,109.20999908447266
2026-06-11 00:00:00+00:00,109.5999984741211
2026-06-12 00:00:00+00:00,109.61000061035156
2026-06-15 00:00:00+00:00,109.76000213623047
2026-06-16 00:00:00+00:00,109.76000213623047
2026-06-17 00:00:00+00:00,109.02999877929688
2026-06-18 00:00:00+00:00,109.38999938964844
2026-06-22 00:00:00+00:00,108.94000244140625
2026-06-23 00:00:00+00:00,108.9000015258789
2026-06-24 00:00:00+00:00,109.31999969482422
2026-06-25 00:00:00+00:00,109.5
2026-06-26 00:00:00+00:00,109.69999694824219
2026-06-29 00:00:00+00:00,109.9000015258789
2026-06-30 00:00:00+00:00,109.43000030517578
2026-07-01 00:00:00+00:00,108.16999816894531
2026-07-02 00:00:00+00:00,108.33000183105469
2026-07-06 00:00:00+00:00,108.48999786376953
2026-07-07 00:00:00+00:00,108.16999816894531
2026-07-08 00:00:00+00:00,108.05000305175781
2026-07-09 00:00:00+00:00,108.12000274658203
2026-07-10 00:00:00+00:00,108.12999725341797
2026-07-13 00:00:00+00:00,107.91000366210938
2026-07-14 00:00:00+00:00,108.01000213623047
2026-07-15 00:00:00+00:00,108.06999969482422
2026-07-16 00:00:00+00:00,107.97000122070312
2026-07-17 00:00:00+00:00,108.2699966430664
2026-07-20 00:00:00+00:00,108.05000305175781
2026-07-21 00:00:00+00:00,107.87999725341797
2026-07-22 00:00:00+00:00,107.7699966430664
2026-07-23 00:00:00+00:00,107.48999786376953
2026-07-24 00:00:00+00:00,107.5
2026-07-27 00:00:00+00:00,107.38999938964844
2026-07-28 00:00:00+00:00,107.66000366210938
2026-07-29 00:00:00+00:00,107.7699966430664
2026-07-30 00:00:00+00:00,107.73999786376953
2026-07-31 00:00:00+00:00,107.62999725341797
2026-08-03 00:00:00+00:00,106.86000061035156
2026-08-04 00:00:00+00:00,107.05000305175781
2026-08-05 00:00:00+00:00,107.0
2026-08-06 00:00:00+00:00,106.87000274658203
2026-08-07 00:00:00+00:00,107.08000183105469
2026-08-10 00:00:00+00:00,106.86000061035156
2026-08-11 00:00:00+00:00,106.88999938964844
2026-08-12 00:00:00+00:00,106.91999816894531
2026-08-13 00:00:00+00:00,107.16000366210938
2026-08-14 00:00:00+00:00,106.98999786376953
2026-08-17 00:00:00+00:00,106.7699966430664
2026-08-18 00:00:00+00:00,107.0199966430664
2026-08-19 00:00:00+00:00,107.51000213623047
2026-08-20 00:00:00+00:00,107.5199966430664
2026-08-21 00:00:00+00:00,107.12999725341797
2026-08-24 00:00:00+00:00,107.25
2026-08-25 00:00:00+00:00,107.63999938964844
2026-08-26 00:00:00+00:00,107.51000213623047
2026-08-27 00:00:00+00:00,107.44000244140625
2026-08-28 00:00:00+00:00,106.94000244140625
2026-08-31 00:00:00+00:00,106.81999969482422
2026-09-01 00:00:00+00:00,106.80999755859375
2026-09-02 00:00:00+00:00,106.86000061035156
2026-09-03 00:00:00+00:00,107.0
2026-09-04 00:00:00+00:00,106.97000122070312
2026-09-08 00:00:00+00:00,107.05000305175781
2026-09-09 00:00:00+00:00,106.80000305175781
2026-09-10 00:00:00+00:00,106.33000183105469
2026-09-11 00:00:00+00:00,105.83999633789062
2026-09-14 00:00:00+00:00,105.81999969482422
2026-09-15 00:00:00+00:00,105.79000091552734
2026-09-16 00:00:00+00:00,105.38999938964844
2026-09-17 00:00:00+00:00,105.70999908447266
2026-09-18 00:00:00+00:00,105.2699966430664
2026-09-21 00:00:00+00:00,105.68000030517578
2026-09-22 00:00:00+00:00,105.55999755859375
2026-09-23 00:00:00+00:00,104.80999755859375
2026-09-24 00:00:00+00:00,104.30000305175781
2026-09-25 00:00:00+00:00,104.54000091552734
2026-09-28 00:00:00+00:00,104.11000061035156
