timestamp,open,high,low,close
2024-09-30 13:30:00+00:00,5726.52001953125,5737.5,5724.35009765625,5730.52978515625
2024-09-30 14:30:00+00:00,5730.419921875,5738.8701171875,5730.3798828125,5737.3798828125
2024-09-30 15:30:00+00:00,5738.7900390625,5743.85986328125,5729.22021484375,5740.89990234375
2024-09-30 16:30:00+00:00,5740.8701171875,5741.259765625,5731.080078125,5732.06982421875
2024-09-30 17:30:00+00:00,5732.009765625,5738.27978515625,5703.52978515625,5714.22998046875
2024-09-30 18:30:00+00:00,5714.18017578125,5732.990234375,5709.52001953125,5730.35009765625
2024-09-30 19:30:00+00:00,5730.3701171875,5765.14013671875,5729.72021484375,5760.919921875
2024-10-01 13:30:00+00:00,5757.72998046875,5757.72998046875,5689.68994140625,5695.5498046875
2024-10-01 14:30:00+00:00,5695.6201171875,5708.2998046875,5682.35986328125,5700.759765625
2024-10-01 15:30:00+00:00,5700.5400390625,5716.8701171875,5698.47998046875,5708.91015625
2024-10-01 16:30:00+00:00,5708.8798828125,5709.81982421875,5684.3798828125,5685.27001953125
2024-10-01 17:30:00+00:00,5685.2900390625,5727.5400390625,5683.919921875,5726.259765625
2024-10-01 18:30:00+00:00,5726.259765625,5730.35009765625,5717.58984375,5723.97021484375
2024-10-01 19:30:00+00:00,5723.85986328125,5723.85986328125,5706.4599609375,5708.47021484375
2024-10-02 13:30:00+00:00,5698.14013671875,5709.64990234375,5674.0,5705.1298828125
2024-10-02 14:30:00+00:00,5705.06005859375,5718.85009765625,5701.91015625,5716.31982421875
2024-10-02 15:30:00+00:00,5716.330078125,5719.6298828125,5710.02978515625,5716.06005859375
2024-10-02 16:30:00+00:00,5716.2099609375,5716.31982421875,5698.740234375,5705.990234375
2024-10-02 17:30:00+00:00,5705.89990234375,5714.1298828125,5697.39013671875,5705.22998046875
2024-10-02 18:30:00+00:00,5705.35986328125,5714.18017578125,5703.31005859375,5713.02978515625
2024-10-02 19:30:00+00:00,5713.0498046875,5715.47998046875,5708.9599609375,5709.2001953125
2024-10-03 13:30:00+00:00,5698.18994140625,5718.77978515625,5689.6201171875,5693.31982421875
2024-10-03 14:30:00+00:00,5693.2099609375,5705.5498046875,5684.22998046875,5695.7998046875
2024-10-03 15:30:00+00:00,5695.77978515625,5712.10986328125,5695.72021484375,5708.43017578125
2024-10-03 16:30:00+00:00,5708.47998046875,5708.5498046875,5677.3701171875,5686.490234375
2024-10-03 17:30:00+00:00,5686.52978515625,5694.8701171875,5682.58984375,5691.31005859375
2024-10-03 18:30:00+00:00,5691.330078125,5693.22021484375,5682.16015625,5686.31982421875
2024-10-03 19:30:00+00:00,5686.31982421875,5703.31982421875,5685.68017578125,5698.93017578125
2024-10-04 13:30:00+00:00,5737.47998046875,5746.02001953125,5705.2099609375,5708.2099609375
2024-10-04 14:30:00+00:00,5708.2900390625,5726.7998046875,5702.830078125,5706.9501953125
2024-10-04 15:30:00+00:00,5707.0,5727.27001953125,5703.35986328125,5718.10009765625
2024-10-04 16:30:00+00:00,5718.02978515625,5735.2900390625,5715.97021484375,5730.77001953125
2024-10-04 17:30:00+00:00,5730.7900390625,5734.7998046875,5717.27001953125,5727.7001953125
2024-10-04 18:30:00+00:00,5727.7099609375,5741.5498046875,5726.31982421875,5740.330078125
2024-10-04 19:30:00+00:00,5740.330078125,5753.2099609375,5739.2001953125,5749.6298828125
2024-10-07 13:30:00+00:00,5737.7998046875,5739.33984375,5725.31005859375,5736.02978515625
2024-10-07 14:30:00+00:00,5735.93017578125,5738.58984375,5726.83984375,5736.97021484375
2024-10-07 15:30:00+00:00,5737.02001953125,5737.77978515625,5722.27001953125,5729.93017578125
2024-10-07 16:30:00+00:00,5730.009765625,5730.47021484375,5723.10009765625,5724.669921875
2024-10-07 17:30:00+00:00,5724.41015625,5725.85009765625,5715.22021484375,5715.330078125
2024-10-07 18:30:00+00:00,5715.35009765625,5715.35009765625,5686.85009765625,5698.509765625
2024-10-07 19:30:00+00:00,5698.5,5706.22021484375,5688.43017578125,5696.31005859375
2024-10-08 13:30:00+00:00,5719.14013671875,5733.60009765625,5714.56005859375,5729.27001953125
2024-10-08 14:30:00+00:00,5729.2998046875,5745.080078125,5728.06982421875,5738.81005859375
2024-10-08 15:30:00+00:00,5738.81982421875,5743.27001953125,5734.56982421875,5740.5498046875
2024-10-08 16:30:00+00:00,5740.56005859375,5742.5498046875,5726.56005859375,5733.1201171875
2024-10-08 17:30:00+00:00,5733.1201171875,5740.14013671875,5731.81982421875,5740.009765625
2024-10-08 18:30:00+00:00,5740.02978515625,5750.2001953125,5737.97998046875,5749.1201171875
2024-10-08 19:30:00+00:00,5749.10009765625,5757.60009765625,5747.93017578125,5750.68994140625
2024-10-09 13:30:00+00:00,5751.7998046875,5763.3798828125,5745.02001953125,5761.56982421875
2024-10-09 14:30:00+00:00,5761.52978515625,5778.759765625,5759.9599609375,5777.14013671875
2024-10-09 15:30:00+00:00,5777.06982421875,5790.43017578125,5776.91015625,5782.64990234375
2024-10-09 16:30:00+00:00,5782.64990234375,5786.0,5776.22998046875,5784.97998046875
2024-10-09 17:30:00+00:00,5784.8701171875,5785.509765625,5771.1298828125,5784.39013671875
2024-10-09 18:30:00+00:00,5784.31982421875,5787.5498046875,5778.009765625,5786.85009765625
2024-10-09 19:30:00+00:00,5786.77001953125,5796.7998046875,5786.77001953125,5791.990234375
2024-10-10 13:30:00+00:00,5778.35986328125,5785.97998046875,5765.41015625,5778.740234375
2024-10-10 14:30:00+00:00,5778.85009765625,5784.169921875,5771.06005859375,5782.14990234375
2024-10-10 15:30:00+00:00,5782.02001953125,5795.02978515625,5778.43994140625,5790.64013671875
2024-10-10 16:30:00+00:00,5790.56005859375,5790.77978515625,5772.6201171875,5782.919921875
2024-10-10 17:30:00+00:00,5782.919921875,5785.43994140625,5768.080078125,5772.89990234375
2024-10-10 18:30:00+00:00,5772.91015625,5773.830078125,5764.759765625,5773.02978515625
2024-10-10 19:30:00+00:00,5772.9599609375,5784.0,5772.259765625,5780.27001953125
2024-10-11 13:30:00+00:00,5775.08984375,5819.47021484375,5775.08984375,5817.10986328125
2024-10-11 14:30:00+00:00,5817.2099609375,5818.97021484375,5806.669921875,5810.89990234375
2024-10-11 15:30:00+00:00,5811.0498046875,5815.72998046875,5804.6298828125,5807.0400390625
2024-10-11 16:30:00+00:00,5807.02978515625,5809.68994140625,5800.7099609375,5807.7099609375
2024-10-11 17:30:00+00:00,5807.7099609375,5817.89013671875,5806.080078125,5813.7998046875
2024-10-11 18:30:00+00:00,5813.81982421875,5822.1201171875,5807.93017578125,5819.7001953125
2024-10-11 19:30:00+00:00,5819.68994140625,5822.1298828125,5814.66015625,5814.91015625
2024-10-14 13:30:00+00:00,5829.81005859375,5854.8701171875,5829.56982421875,5854.3701171875
2024-10-14 14:30:00+00:00,5854.3701171875,5857.02001953125,5843.27978515625,5847.39013671875
2024-10-14 15:30:00+00:00,5847.35009765625,5857.83984375,5845.08984375,5856.6298828125
2024-10-14 16:30:00+00:00,5856.60986328125,5860.31982421875,5855.919921875,5857.31982421875
2024-10-14 17:30:00+00:00,5857.31005859375,5861.02001953125,5853.0400390625,5859.81005859375
2024-10-14 18:30:00+00:00,5859.81982421875,5865.39013671875,5859.68994140625,5864.35009765625
2024-10-14 19:30:00+00:00,5864.3798828125,5871.41015625,5859.35009765625,5860.72021484375
2024-10-15 13:30:00+00:00,5866.740234375,5870.35986328125,5850.3798828125,5851.18017578125
2024-10-15 14:30:00+00:00,5850.93994140625,5851.22021484375,5831.3701171875,5841.52001953125
2024-10-15 15:30:00+00:00,5841.5498046875,5845.5400390625,5831.68994140625,5839.52978515625
2024-10-15 16:30:00+00:00,5839.509765625,5843.81005859375,5826.990234375,5829.64013671875
2024-10-15 17:30:00+00:00,5829.60009765625,5835.8798828125,5822.7998046875,5823.97021484375
2024-10-15 18:30:00+00:00,5823.990234375,5826.16015625,5807.16015625,5811.6298828125
2024-10-15 19:30:00+00:00,5811.6298828125,5820.27001953125,5804.47998046875,5817.8701171875
2024-10-16 13:30:00+00:00,5816.580078125,5830.02001953125,5808.33984375,5827.7099609375
2024-10-16 14:30:00+00:00,5827.669921875,5828.9501953125,5813.759765625,5824.66015625
2024-10-16 15:30:00+00:00,5824.6201171875,5828.27001953125,5819.169921875,5827.10986328125
2024-10-16 16:30:00+00:00,5827.10986328125,5834.47998046875,5825.72998046875,5830.240234375
2024-10-16 17:30:00+00:00,5830.22021484375,5846.10986328125,5830.2099609375,5844.81982421875
2024-10-16 18:30:00+00:00,5844.77001953125,5846.52001953125,5839.89990234375,5842.259765625
2024-10-16 19:30:00+00:00,5842.2099609375,5843.7001953125,5839.93017578125,5842.330078125
2024-10-17 13:30:00+00:00,5875.6201171875,5878.4599609375,5848.27978515625,5857.47998046875
2024-10-17 14:30:00+00:00,5857.3701171875,5859.5,5843.330078125,5859.2001953125
2024-10-17 15:30:00+00:00,5859.08984375,5868.830078125,5857.93017578125,5862.0400390625
2024-10-17 16:30:00+00:00,5862.0498046875,5866.240234375,5856.47998046875,5861.259765625
2024-10-17 17:30:00+00:00,5861.259765625,5865.830078125,5843.7099609375,5845.68017578125
2024-10-17 18:30:00+00:00,5845.85009765625,5852.52001953125,5843.39990234375,5844.7998046875
2024-10-17 19:30:00+00:00,5844.77978515625,5845.83984375,5840.25,5841.47998046875
2024-10-18 13:30:00+00:00,5859.43017578125,5863.64013671875,5846.10986328125,5853.35986328125
2024-10-18 14:30:00+00:00,5853.31005859375,5861.7998046875,5850.22998046875,5861.5
2024-10-18 15:30:00+00:00,5861.490234375,5863.52001953125,5855.85009765625,5860.31982421875
2024-10-18 16:30:00+00:00,5860.2998046875,5871.10986328125,5859.7001953125,5864.72021484375
2024-10-18 17:30:00+00:00,5864.72998046875,5872.169921875,5857.9501953125,5870.27001953125
2024-10-18 18:30:00+00:00,5870.31982421875,5870.7900390625,5861.7001953125,5863.33984375
2024-10-18 19:30:00+00:00,5863.31005859375,5866.22021484375,5859.7099609375,5864.52001953125
2024-10-21 13:30:00+00:00,5857.81982421875,5866.919921875,5855.93017578125,5857.77978515625
2024-10-21 14:30:00+00:00,5857.7998046875,5858.3798828125,5825.60986328125,5826.47021484375
2024-10-21 15:30:00+00:00,5826.43017578125,5844.58984375,5824.7900390625,5840.35986328125
2024-10-21 16:30:00+00:00,5840.31982421875,5850.7001953125,5837.919921875,5847.58984375
2024-10-21 17:30:00+00:00,5847.60009765625,5852.0400390625,5843.02978515625,5845.08984375
2024-10-21 18:30:00+00:00,5845.06005859375,5850.52001953125,5840.6201171875,5847.8701171875
2024-10-21 19:30:00+00:00,5847.83984375,5854.77978515625,5841.8798828125,5854.77978515625
2024-10-22 13:30:00+00:00,5832.7001953125,5840.0400390625,5821.169921875,5833.2099609375
2024-10-22 14:30:00+00:00,5833.27978515625,5842.4599609375,5829.02978515625,5838.8798828125
2024-10-22 15:30:00+00:00,5838.91015625,5841.7099609375,5834.5400390625,5835.580078125
2024-10-22 16:30:00+00:00,5835.39990234375,5845.2001953125,5834.89990234375,5845.14990234375
2024-10-22 17:30:00+00:00,5845.18994140625,5863.0400390625,5845.0,5854.93994140625
2024-10-22 18:30:00+00:00,5854.85986328125,5855.259765625,5847.39990234375,5854.35986328125
2024-10-22 19:30:00+00:00,5854.419921875,5860.3701171875,5850.6298828125,5851.08984375
2024-10-23 13:30:00+00:00,5834.5,5834.72021484375,5819.10009765625,5828.14990234375
2024-10-23 14:30:00+00:00,5828.1298828125,5834.85009765625,5806.509765625,5806.580078125
2024-10-23 15:30:00+00:00,5806.60009765625,5816.77001953125,5799.22021484375,5799.5498046875
2024-10-23 16:30:00+00:00,5799.68017578125,5805.81982421875,5783.1201171875,5787.81982421875
2024-10-23 17:30:00+00:00,5787.89013671875,5787.89013671875,5762.41015625,5773.27001953125
2024-10-23 18:30:00+00:00,5773.169921875,5793.08984375,5772.18994140625,5790.85009765625
2024-10-23 19:30:00+00:00,5790.8701171875,5799.080078125,5788.8798828125,5797.58984375
2024-10-24 13:30:00+00:00,5817.7998046875,5817.7998046875,5803.91015625,5807.0400390625
2024-10-24 14:30:00+00:00,5807.06982421875,5815.9501953125,5801.0,5804.47998046875
2024-10-24 15:30:00+00:00,5804.56982421875,5805.330078125,5784.919921875,5798.35986328125
2024-10-24 16:30:00+00:00,5798.39013671875,5812.669921875,5798.3798828125,5808.47021484375
2024-10-24 17:30:00+00:00,5808.4501953125,5813.27978515625,5800.0400390625,5806.85986328125
2024-10-24 18:30:00+00:00,5806.81005859375,5813.27001953125,5801.1201171875,5812.2001953125
2024-10-24 19:30:00+00:00,5812.2900390625,5816.22998046875,5808.60009765625,5809.259765625
2024-10-25 13:30:00+00:00,5826.75,5862.81982421875,5826.75,5860.7900390625
2024-10-25 14:30:00+00:00,5860.7900390625,5861.8701171875,5842.919921875,5843.2099609375
2024-10-25 15:30:00+00:00,5843.22021484375,5845.39990234375,5835.9599609375,5845.35009765625
2024-10-25 16:30:00+00:00,5845.31982421875,5846.1201171875,5819.2900390625,5823.31005859375
2024-10-25 17:30:00+00:00,5822.97998046875,5823.4599609375,5799.97998046875,5816.669921875
2024-10-25 18:30:00+00:00,5816.68017578125,5823.10986328125,5809.4501953125,5813.66015625
2024-10-25 19:30:00+00:00,5813.669921875,5815.25,5803.8798828125,5808.0
2024-10-28 13:30:00+00:00,5833.93017578125,5842.64990234375,5831.35986328125,5841.77001953125
2024-10-28 14:30:00+00:00,5841.85986328125,5842.919921875,5830.66015625,5834.10009765625
2024-10-28 15:30:00+00:00,5834.02001953125,5834.93017578125,5824.31005859375,5833.31005859375
2024-10-28 16:30:00+00:00,5833.3798828125,5834.1201171875,5824.77978515625,5831.490234375
2024-10-28 17:30:00+00:00,5831.5400390625,5836.0498046875,5830.68994140625,5831.35986328125
2024-10-28 18:30:00+00:00,5831.35009765625,5835.35009765625,5827.0,5832.919921875
2024-10-28 19:30:00+00:00,5832.89990234375,5834.93994140625,5823.080078125,5824.56005859375
2024-10-29 13:30:00+00:00,5819.68017578125,5835.9599609375,5802.169921875,5822.3798828125
2024-10-29 14:30:00+00:00,5822.5400390625,5833.60986328125,5822.47998046875,5827.93994140625
2024-10-29 15:30:00+00:00,5828.1201171875,5837.5,5826.10009765625,5831.81005859375
2024-10-29 16:30:00+00:00,5831.72998046875,5844.89990234375,5826.6201171875,5837.7099609375
2024-10-29 17:30:00+00:00,5837.66015625,5841.43017578125,5833.8798828125,5841.419921875
2024-10-29 18:30:00+00:00,5841.58984375,5847.18994140625,5841.22021484375,5846.75
2024-10-29 19:30:00+00:00,5846.75,5847.0400390625,5831.580078125,5834.77978515625
2024-10-30 13:30:00+00:00,5832.64990234375,5847.06982421875,5811.27978515625,5845.60986328125
2024-10-30 14:30:00+00:00,5845.60986328125,5847.0498046875,5834.2900390625,5846.990234375
2024-10-30 15:30:00+00:00,5846.990234375,5850.93994140625,5841.89013671875,5843.009765625
2024-10-30 16:30:00+00:00,5842.97021484375,5843.89013671875,5833.18994140625,5833.27978515625
2024-10-30 17:30:00+00:00,5833.22021484375,5835.7900390625,5821.14013671875,5829.93994140625
2024-10-30 18:30:00+00:00,5829.85986328125,5832.39013671875,5820.06005859375,5824.25
2024-10-30 19:30:00+00:00,5824.22021484375,5825.6298828125,5811.68994140625,5816.91015625
2024-10-31 13:30:00+00:00,5775.33984375,5775.33984375,5735.009765625,5736.93017578125
2024-10-31 14:30:00+00:00,5736.6201171875,5741.56005859375,5719.60986328125,5728.009765625
2024-10-31 15:30:00+00:00,5728.080078125,5735.7001953125,5718.18017578125,5732.33984375
2024-10-31 16:30:00+00:00,5732.39990234375,5736.7001953125,5727.75,5728.91015625
2024-10-31 17:30:00+00:00,5728.85986328125,5729.31005859375,5716.7998046875,5721.830078125
2024-10-31 18:30:00+00:00,5721.83984375,5733.93994140625,5715.27978515625,5728.56982421875
2024-10-31 19:30:00+00:00,5728.5400390625,5736.35986328125,5703.27978515625,5703.27978515625
2024-11-01 13:30:00+00:00,5723.22021484375,5771.39990234375,5723.22021484375,5771.39990234375
2024-11-01 14:30:00+00:00,5771.740234375,5772.52001953125,5746.93994140625,5769.72998046875
2024-11-01 15:30:00+00:00,5769.77001953125,5769.93017578125,5751.27978515625,5751.47021484375
2024-11-01 16:30:00+00:00,5751.419921875,5759.39013671875,5739.8701171875,5754.4501953125
2024-11-01 17:30:00+00:00,5754.47021484375,5754.6298828125,5729.240234375,5736.85009765625
2024-11-01 18:30:00+00:00,5736.81982421875,5746.43017578125,5734.2900390625,5735.31005859375
2024-11-01 19:30:00+00:00,5735.27001953125,5739.22021484375,5724.2099609375,5728.43017578125
2024-11-04 14:30:00+00:00,5725.14990234375,5741.43017578125,5708.490234375,5737.52001953125
2024-11-04 15:30:00+00:00,5737.5,5738.83984375,5727.43017578125,5728.02978515625
2024-11-04 16:30:00+00:00,5727.83984375,5728.39990234375,5696.509765625,5716.2998046875
2024-11-04 17:30:00+00:00,5716.4501953125,5726.8798828125,5710.06982421875,5722.0400390625
2024-11-04 18:30:00+00:00,5722.02978515625,5728.72998046875,5720.08984375,5720.68994140625
2024-11-04 19:30:00+00:00,5720.52001953125,5727.080078125,5716.77978515625,5718.8798828125
2024-11-04 20:30:00+00:00,5718.89013671875,5719.240234375,5708.919921875,5713.66015625
2024-11-05 14:30:00+00:00,5722.43017578125,5764.31982421875,5722.10009765625,5756.8701171875
2024-11-05 15:30:00+00:00,5756.9501953125,5768.5,5753.02978515625,5764.4599609375
2024-11-05 16:30:00+00:00,5764.33984375,5778.60009765625,5764.33984375,5773.75
2024-11-05 17:30:00+00:00,5773.740234375,5780.830078125,5770.31982421875,5770.72021484375
2024-11-05 18:30:00+00:00,5770.580078125,5775.22021484375,5763.60986328125,5771.43017578125
2024-11-05 19:30:00+00:00,5771.39013671875,5775.25,5764.66015625,5774.16015625
2024-11-05 20:30:00+00:00,5774.080078125,5783.43994140625,5769.75,5783.06982421875
2024-11-06 14:30:00+00:00,5864.89013671875,5906.8798828125,5864.89013671875,5905.25
2024-11-06 15:30:00+00:00,5904.990234375,5907.10986328125,5880.2001953125,5897.97998046875
2024-11-06 16:30:00+00:00,5898.0,5907.490234375,5898.0,5904.64990234375
2024-11-06 17:30:00+00:00,5904.6298828125,5919.7900390625,5902.47021484375,5919.31982421875
2024-11-06 18:30:00+00:00,5919.259765625,5924.06005859375,5915.47021484375,5922.39013671875
2024-11-06 19:30:00+00:00,5922.52978515625,5933.4599609375,5918.77001953125,5928.41015625
2024-11-06 20:30:00+00:00,5928.4501953125,5936.14013671875,5924.89990234375,5927.7998046875
2024-11-07 14:30:00+00:00,5947.2099609375,5961.6298828125,5947.2099609375,5960.419921875
2024-11-07 15:30:00+00:00,5960.18994140625,5967.81982421875,5958.169921875,5963.7001953125
2024-11-07 16:30:00+00:00,5963.7001953125,5970.5400390625,5963.509765625,5969.89990234375
2024-11-07 17:30:00+00:00,5969.89013671875,5972.8798828125,5963.68017578125,5965.9501953125
2024-11-07 18:30:00+00:00,5965.9501953125,5970.43017578125,5960.33984375,5965.2900390625
2024-11-07 19:30:00+00:00,5965.31982421875,5983.83984375,5957.6201171875,5978.81005859375
2024-11-07 20:30:00+00:00,5978.7998046875,5981.47998046875,5970.08984375,5973.1201171875
2024-11-08 14:30:00+00:00,5976.759765625,5992.43994140625,5976.759765625,5989.580078125
2024-11-08 15:30:00+00:00,5989.56005859375,5997.56982421875,5989.16015625,5996.4599609375
2024-11-08 16:30:00+00:00,5996.47021484375,5998.9599609375,5991.06005859375,5993.169921875
2024-11-08 17:30:00+00:00,5993.1298828125,6000.02001953125,5992.72021484375,5998.4599609375
2024-11-08 18:30:00+00:00,5998.490234375,6009.18994140625,5998.41015625,6008.740234375
2024-11-08 19:30:00+00:00,6008.72998046875,6012.4501953125,5999.18994140625,5999.27001953125
2024-11-08 20:30:00+00:00,5999.27001953125,5999.5400390625,5992.39990234375,5996.6201171875
2024-11-11 14:30:00+00:00,6008.85986328125,6017.31005859375,6002.02001953125,6005.5498046875
2024-11-11 15:30:00+00:00,6005.43017578125,6016.31005859375,6005.43017578125,6007.39013671875
2024-11-11 16:30:00+00:00,6007.3798828125,6012.0400390625,6002.990234375,6004.509765625
2024-11-11 17:30:00+00:00,6004.419921875,6006.75,5986.68994140625,5994.22998046875
2024-11-11 18:30:00+00:00,5994.3798828125,6002.4599609375,5992.490234375,5997.77001953125
2024-11-11 19:30:00+00:00,5997.75,6001.9599609375,5996.6201171875,5999.22021484375
2024-11-11 20:30:00+00:00,5999.25,6003.580078125,5996.10009765625,6003.580078125
2024-11-12 14:30:00+00:00,6003.60009765625,6009.919921875,5993.7998046875,5996.31005859375
2024-11-12 15:30:00+00:00,5996.27978515625,5999.8701171875,5985.9599609375,5987.330078125
2024-11-12 16:30:00+00:00,5987.6298828125,5988.2998046875,5976.06005859375,5980.64990234375
2024-11-12 17:30:00+00:00,5980.52978515625,5982.06005859375,5960.080078125,5973.72998046875
2024-11-12 18:30:00+00:00,5973.77978515625,5998.2998046875,5973.60009765625,5995.66015625
2024-11-12 19:30:00+00:00,5995.66015625,5999.58984375,5988.16015625,5990.169921875
2024-11-12 20:30:00+00:00,5990.1201171875,5991.35986328125,5981.68017578125,5984.18017578125
2024-11-13 14:30:00+00:00,5985.75,5993.509765625,5965.91015625,5979.009765625
2024-11-13 15:30:00+00:00,5978.9501953125,5995.77001953125,5976.64013671875,5995.35986328125
2024-11-13 16:30:00+00:00,5995.740234375,6006.22998046875,5988.580078125,6000.02978515625
2024-11-13 17:30:00+00:00,6000.080078125,6008.18994140625,5998.60986328125,6003.27978515625
2024-11-13 18:30:00+00:00,6003.2900390625,6007.56005859375,5994.169921875,5995.080078125
2024-11-13 19:30:00+00:00,5995.10009765625,5996.66015625,5982.85009765625,5991.64990234375
2024-11-13 20:30:00+00:00,5991.6201171875,6000.47021484375,5980.4599609375,5986.97021484375
2024-11-14 14:30:00+00:00,5989.68017578125,5993.8798828125,5967.08984375,5979.39990234375
2024-11-14 15:30:00+00:00,5979.52978515625,5984.85009765625,5974.1298828125,5980.08984375
2024-11-14 16:30:00+00:00,5979.93017578125,5984.06005859375,5962.06005859375,5962.7998046875
2024-11-14 17:30:00+00:00,5962.81005859375,5971.93017578125,5952.39013671875,5966.52978515625
2024-11-14 18:30:00+00:00,5966.43017578125,5967.52001953125,5953.2900390625,5966.009765625
2024-11-14 19:30:00+00:00,5966.0400390625,5972.4501953125,5946.02001953125,5956.240234375
2024-11-14 20:30:00+00:00,5956.169921875,5958.169921875,5942.27978515625,5949.75
2024-11-15 14:30:00+00:00,5912.7900390625,5915.31982421875,5880.419921875,5881.60986328125
2024-11-15 15:30:00+00:00,5881.43017578125,5889.08984375,5874.8701171875,5886.14013671875
2024-11-15 16:30:00+00:00,5886.06982421875,5887.35986328125,5865.83984375,5868.56005859375
2024-11-15 17:30:00+00:00,5868.52978515625,5871.4599609375,5860.52978515625,5868.2900390625
2024-11-15 18:30:00+00:00,5868.1201171875,5868.1201171875,5853.009765625,5854.60009765625
2024-11-15 19:30:00+00:00,5854.580078125,5875.56005859375,5854.14990234375,5867.43994140625
2024-11-15 20:30:00+00:00,5867.3798828125,5875.5498046875,5861.2001953125,5869.75
2024-11-18 14:30:00+00:00,5874.169921875,5887.4501953125,5865.9501953125,5887.3701171875
2024-11-18 15:30:00+00:00,5887.3798828125,5904.39990234375,5887.02978515625,5900.39990234375
2024-11-18 16:30:00+00:00,5900.27978515625,5908.1201171875,5891.7900390625,5896.81005859375
2024-11-18 17:30:00+00:00,5896.77978515625,5899.7900390625,5890.8701171875,5894.60009765625
2024-11-18 18:30:00+00:00,5894.580078125,5897.1298828125,5883.89013671875,5885.83984375
2024-11-18 19:30:00+00:00,5885.91015625,5897.72021484375,5884.22021484375,5897.27978515625
2024-11-18 20:30:00+00:00,5897.47021484375,5897.47021484375,5887.990234375,5894.25
2024-11-19 14:30:00+00:00,5870.0498046875,5877.240234375,5855.2900390625,5877.240234375
2024-11-19 15:30:00+00:00,5877.43017578125,5902.64990234375,5874.72021484375,5901.830078125
2024-11-19 16:30:00+00:00,5901.81982421875,5905.2998046875,5893.8701171875,5903.009765625
2024-11-19 17:30:00+00:00,5902.97998046875,5909.10986328125,5901.77978515625,5909.0498046875
2024-11-19 18:30:00+00:00,5908.4501953125,5923.509765625,5907.39990234375,5914.830078125
2024-11-19 19:30:00+00:00,5914.68017578125,5916.43017578125,5904.9599609375,5912.0400390625
2024-11-19 20:30:00+00:00,5912.02978515625,5918.85009765625,5910.10986328125,5915.85009765625
2024-11-20 14:30:00+00:00,5914.33984375,5918.02001953125,5860.56005859375,5870.97998046875
2024-11-20 15:30:00+00:00,5870.83984375,5890.02978515625,5869.8798828125,5872.740234375
2024-11-20 16:30:00+00:00,5872.4501953125,5900.6298828125,5869.009765625,5885.18994140625
2024-11-20 17:30:00+00:00,5885.2099609375,5895.43017578125,5879.1201171875,5889.10009765625
2024-11-20 18:30:00+00:00,5889.14013671875,5889.14013671875,5875.169921875,5879.22021484375
2024-11-20 19:30:00+00:00,5879.22021484375,5897.60009765625,5878.22998046875,5897.490234375
2024-11-20 20:30:00+00:00,5897.58984375,5920.669921875,5897.58984375,5916.830078125
2024-11-21 14:30:00+00:00,5940.580078125,5947.10009765625,5888.06982421875,5890.27978515625
2024-11-21 15:30:00+00:00,5889.77001953125,5940.080078125,5887.259765625,5939.6298828125
2024-11-21 16:30:00+00:00,5939.66015625,5944.66015625,5923.31982421875,5941.740234375
2024-11-21 17:30:00+00:00,5941.7001953125,5958.64013671875,5941.259765625,5956.5400390625
2024-11-21 18:30:00+00:00,5956.52978515625,5960.3701171875,5947.47998046875,5956.02978515625
2024-11-21 19:30:00+00:00,5956.0,5963.31982421875,5951.1298828125,5961.47998046875
2024-11-21 20:30:00+00:00,5961.4501953125,5961.740234375,5948.08984375,5948.47998046875
2024-11-22 14:30:00+00:00,5944.35986328125,5972.72021484375,5944.35986328125,5949.240234375
2024-11-22 15:30:00+00:00,5949.009765625,5970.72998046875,5948.35009765625,5957.64990234375
2024-11-22 16:30:00+00:00,5957.72021484375,5970.10986328125,5951.52978515625,5968.10009765625
2024-11-22 17:30:00+00:00,5968.1201171875,5972.89013671875,5959.240234375,5967.580078125
2024-11-22 18:30:00+00:00,5967.509765625,5971.85009765625,5954.9501953125,5962.0400390625
2024-11-22 19:30:00+00:00,5961.990234375,5968.14013671875,5954.52978515625,5959.7099609375
2024-11-22 20:30:00+00:00,5959.56005859375,5972.89990234375,5958.89013671875,5968.259765625
2024-11-25 14:30:00+00:00,5992.27978515625,6020.75,5988.0,6002.97021484375
2024-11-25 15:30:00+00:00,6003.02978515625,6004.490234375,5988.89013671875,5992.47998046875
2024-11-25 16:30:00+00:00,5992.419921875,5995.7900390625,5970.22998046875,5971.7001953125
2024-11-25 17:30:00+00:00,5971.759765625,5986.06005859375,5963.91015625,5983.43994140625
2024-11-25 18:30:00+00:00,5983.35009765625,5987.52001953125,5978.5,5982.169921875
2024-11-25 19:30:00+00:00,5982.22021484375,5986.43994140625,5978.77978515625,5983.22021484375
2024-11-25 20:30:00+00:00,5983.25,5989.22021484375,5980.89013671875,5987.14990234375
2024-11-26 14:30:00+00:00,6000.02978515625,6008.02001953125,5992.27001953125,5999.14013671875
2024-11-26 15:30:00+00:00,5999.14013671875,6007.77001953125,5993.89990234375,6007.27001953125
2024-11-26 16:30:00+00:00,6007.18017578125,6010.3701171875,6002.56005859375,6005.080078125
2024-11-26 17:30:00+00:00,6005.169921875,6012.97021484375,6004.75,6010.3701171875
2024-11-26 18:30:00+00:00,6010.39990234375,6015.7001953125,6003.85986328125,6008.39990234375
2024-11-26 19:30:00+00:00,6008.47021484375,6016.25,6006.64013671875,6015.52001953125
2024-11-26 20:30:00+00:00,6015.669921875,6025.419921875,6014.6201171875,6020.740234375
2024-11-27 14:30:00+00:00,6014.10986328125,6020.16015625,6003.52978515625,6004.580078125
2024-11-27 15:30:00+00:00,6004.77001953125,6007.3701171875,5994.169921875,5995.64013671875
2024-11-27 16:30:00+00:00,5995.5,6002.64013671875,5984.8701171875,5993.68994140625
2024-11-27 17:30:00+00:00,5993.7001953125,5999.91015625,5989.06982421875,5996.33984375
2024-11-27 18:30:00+00:00,5996.3701171875,6002.66015625,5995.64990234375,5998.18994140625
2024-11-27 19:30:00+00:00,5998.06982421875,6002.240234375,5995.02978515625,5997.06982421875
2024-11-27 20:30:00+00:00,5997.02001953125,6001.1201171875,5991.47021484375,5998.72021484375
2024-11-29 14:30:00+00:00,6003.97998046875,6028.509765625,6003.97998046875,6025.3798828125
2024-11-29 15:30:00+00:00,6025.31982421875,6035.06982421875,6025.18017578125,6034.2998046875
2024-11-29 16:30:00+00:00,6034.31982421875,6043.18017578125,6031.4599609375,6039.18017578125
2024-12-02 14:30:00+00:00,6040.10986328125,6047.3798828125,6035.52001953125,6043.0498046875
2024-12-02 15:30:00+00:00,6043.18017578125,6046.33984375,6035.330078125,6043.4501953125
2024-12-02 16:30:00+00:00,6043.419921875,6050.7099609375,6042.830078125,6045.830078125
2024-12-02 17:30:00+00:00,6045.740234375,6049.2900390625,6044.56982421875,6047.06005859375
2024-12-02 18:30:00+00:00,6047.0498046875,6048.6298828125,6041.22998046875,6044.33984375
2024-12-02 19:30:00+00:00,6044.27001953125,6053.580078125,6044.1201171875,6053.35009765625
2024-12-02 20:30:00+00:00,6053.2099609375,6053.2099609375,6045.5,6046.8798828125
2024-12-03 14:30:00+00:00,6042.97021484375,6049.0,6034.580078125,6035.31982421875
2024-12-03 15:30:00+00:00,6035.06982421875,6044.7099609375,6033.39013671875,6044.47998046875
2024-12-03 16:30:00+00:00,6044.3701171875,6045.52978515625,6034.06982421875,6040.25
2024-12-03 17:30:00+00:00,6040.25,6048.64990234375,6039.68994140625,6045.7998046875
2024-12-03 18:30:00+00:00,6045.7099609375,6047.9599609375,6042.240234375,6046.16015625
2024-12-03 19:30:00+00:00,6046.169921875,6052.06982421875,6046.14990234375,6049.7998046875
2024-12-03 20:30:00+00:00,6049.77978515625,6051.47998046875,6045.43017578125,6049.669921875
2024-12-04 14:30:00+00:00,6069.39013671875,6072.240234375,6061.06005859375,6067.39013671875
2024-12-04 15:30:00+00:00,6067.259765625,6075.72998046875,6066.490234375,6074.31005859375
2024-12-04 16:30:00+00:00,6074.4501953125,6075.72021484375,6070.3701171875,6074.10986328125
2024-12-04 17:30:00+00:00,6074.22021484375,6075.89990234375,6068.91015625,6069.27001953125
2024-12-04 18:30:00+00:00,6069.259765625,6079.31005859375,6063.0,6078.7099609375
2024-12-04 19:30:00+00:00,6078.68994140625,6085.1298828125,6077.6298828125,6083.22998046875
2024-12-04 20:30:00+00:00,6083.27978515625,6089.83984375,6082.419921875,6086.22998046875
2024-12-05 14:30:00+00:00,6089.02978515625,6092.5,6080.85986328125,6081.14990234375
2024-12-05 15:30:00+00:00,6081.10986328125,6086.9501953125,6078.2099609375,6086.0498046875
2024-12-05 16:30:00+00:00,6086.10009765625,6092.22021484375,6083.14013671875,6090.3701171875
2024-12-05 17:30:00+00:00,6090.419921875,6094.5498046875,6078.6201171875,6082.85986328125
2024-12-05 18:30:00+00:00,6082.8798828125,6088.22021484375,6079.27001953125,6081.31005859375
2024-12-05 19:30:00+00:00,6081.2099609375,6084.5498046875,6076.83984375,6077.330078125
2024-12-05 20:30:00+00:00,6077.3701171875,6083.5,6072.89990234375,6075.9501953125
2024-12-06 14:30:00+00:00,6081.3798828125,6099.97021484375,6081.3798828125,6097.759765625
2024-12-06 15:30:00+00:00,6097.85986328125,6098.56005859375,6085.02001953125,6089.52001953125
2024-12-06 16:30:00+00:00,6089.43994140625,6091.93994140625,6083.18017578125,6086.830078125
2024-12-06 17:30:00+00:00,6086.8701171875,6093.77978515625,6080.4501953125,6090.22021484375
2024-12-06 18:30:00+00:00,6090.18017578125,6090.4599609375,6080.169921875,6081.1298828125
2024-12-06 19:30:00+00:00,6081.16015625,6087.02978515625,6079.97998046875,6085.6201171875
2024-12-06 20:30:00+00:00,6085.60986328125,6090.9599609375,6084.31982421875,6088.759765625
2024-12-09 14:30:00+00:00,6083.009765625,6088.509765625,6069.83984375,6071.830078125
2024-12-09 15:30:00+00:00,6071.5498046875,6075.169921875,6053.97021484375,6066.0400390625
2024-12-09 16:30:00+00:00,6066.2001953125,6069.9501953125,6061.4501953125,6064.419921875
2024-12-09 17:30:00+00:00,6064.240234375,6068.66015625,6058.93017578125,6065.31982421875
2024-12-09 18:30:00+00:00,6065.35009765625,6072.580078125,6060.5498046875,6061.66015625
2024-12-09 19:30:00+00:00,6061.669921875,6062.5400390625,6051.10009765625,6052.580078125
2024-12-09 20:30:00+00:00,6052.5400390625,6055.93994140625,6048.6298828125,6054.580078125
2024-12-10 14:30:00+00:00,6057.58984375,6063.7998046875,6050.5400390625,6059.2900390625
2024-12-10 15:30:00+00:00,6059.14013671875,6065.39990234375,6053.4599609375,6054.64990234375
2024-12-10 16:30:00+00:00,6054.56982421875,6055.56005859375,6049.52978515625,6053.080078125
2024-12-10 17:30:00+00:00,6053.10986328125,6058.7900390625,6048.89990234375,6052.18994140625
2024-12-10 18:30:00+00:00,6052.259765625,6054.240234375,6043.4501953125,6048.0498046875
2024-12-10 19:30:00+00:00,6048.02978515625,6048.14990234375,6034.2998046875,6035.009765625
2024-12-10 20:30:00+00:00,6035.009765625,6036.89013671875,6029.89013671875,6036.31982421875
2024-12-11 14:30:00+00:00,6060.14990234375,6081.72998046875,6060.14990234375,6073.68017578125
2024-12-11 15:30:00+00:00,6073.66015625,6084.02978515625,6073.22998046875,6083.81982421875
2024-12-11 16:30:00+00:00,6083.759765625,6090.580078125,6082.89013671875,6086.56982421875
2024-12-11 17:30:00+00:00,6086.509765625,6092.58984375,6085.02001953125,6091.89013671875
2024-12-11 18:30:00+00:00,6091.97998046875,6092.56982421875,6084.509765625,6087.830078125
2024-12-11 19:30:00+00:00,6087.81982421875,6090.85009765625,6085.77978515625,6089.93994140625
2024-12-11 20:30:00+00:00,6089.85986328125,6089.85986328125,6082.16015625,6084.2001953125
2024-12-12 14:30:00+00:00,6074.2900390625,6075.56982421875,6059.35009765625,6073.68994140625
2024-12-12 15:30:00+00:00,6073.7900390625,6079.68017578125,6071.77978515625,6077.2099609375
2024-12-12 16:30:00+00:00,6077.25,6077.7099609375,6066.330078125,6073.5
2024-12-12 17:30:00+00:00,6073.3798828125,6077.7099609375,6067.14990234375,6073.759765625
2024-12-12 18:30:00+00:00,6073.5400390625,6073.72021484375,6057.56005859375,6058.27978515625
2024-12-12 19:30:00+00:00,6058.27001953125,6062.6201171875,6056.0,6057.31982421875
2024-12-12 20:30:00+00:00,6057.330078125,6061.27978515625,6051.7001953125,6051.7001953125
2024-12-13 14:30:00+00:00,6068.169921875,6078.580078125,6056.4599609375,6057.39990234375
2024-12-13 15:30:00+00:00,6057.35009765625,6060.43017578125,6038.02001953125,6043.81005859375
2024-12-13 16:30:00+00:00,6043.669921875,6053.56982421875,6038.509765625,6039.7998046875
2024-12-13 17:30:00+00:00,6039.919921875,6047.740234375,6035.77001953125,6047.52001953125
2024-12-13 18:30:00+00:00,6047.47021484375,6052.31982421875,6044.77001953125,6051.31982421875
2024-12-13 19:30:00+00:00,6051.3701171875,6053.85009765625,6046.0498046875,6050.68017578125
2024-12-13 20:30:00+00:00,6050.509765625,6054.5,6048.93017578125,6050.830078125
2024-12-16 14:30:00+00:00,6063.7900390625,6073.8798828125,6059.14013671875,6072.0400390625
2024-12-16 15:30:00+00:00,6072.06005859375,6077.9501953125,6070.490234375,6073.97998046875
2024-12-16 16:30:00+00:00,6074.0,6076.75,6070.240234375,6076.02001953125
2024-12-16 17:30:00+00:00,6076.2099609375,6083.60009765625,6074.93994140625,6083.5
2024-12-16 18:30:00+00:00,6083.5,6084.080078125,6080.14013671875,6080.47021484375
2024-12-16 19:30:00+00:00,6080.43994140625,6085.18994140625,6079.64013671875,6083.06982421875
2024-12-16 20:30:00+00:00,6083.02978515625,6083.02978515625,6068.10009765625,6074.47998046875
2024-12-17 14:30:00+00:00,6052.5498046875,6054.75,6036.93994140625,6037.83984375
2024-12-17 15:30:00+00:00,6037.56005859375,6056.9599609375,6037.22021484375,6049.4501953125
2024-12-17 16:30:00+00:00,6049.580078125,6057.68017578125,6048.5,6051.2998046875
2024-12-17 17:30:00+00:00,6051.43994140625,6056.10009765625,6046.3701171875,6048.169921875
2024-12-17 18:30:00+00:00,6048.080078125,6050.47021484375,6042.419921875,6042.97998046875
2024-12-17 19:30:00+00:00,6043.02001953125,6043.419921875,6035.18994140625,6037.2099609375
2024-12-17 20:30:00+00:00,6037.35009765625,6053.7998046875,6035.77001953125,6050.31005859375
2024-12-18 14:30:00+00:00,6047.64990234375,6060.68017578125,6041.490234375,6060.58984375
2024-12-18 15:30:00+00:00,6060.6201171875,6070.669921875,6053.10986328125,6062.5498046875
2024-12-18 16:30:00+00:00,6062.47998046875,6069.5400390625,6060.18017578125,6063.509765625
2024-12-18 17:30:00+00:00,6063.5,6065.85986328125,6058.41015625,6058.56005859375
2024-12-18 18:30:00+00:00,6058.52001953125,6063.72021484375,6007.4501953125,6007.4501953125
2024-12-18 19:30:00+00:00,6007.580078125,6018.31982421875,5935.509765625,5937.08984375
2024-12-18 20:30:00+00:00,5937.08984375,5944.35009765625,5867.7900390625,5869.22021484375
2024-12-19 14:30:00+00:00,5912.7099609375,5935.52001953125,5891.68017578125,5892.47021484375
2024-12-19 15:30:00+00:00,5892.3701171875,5915.64990234375,5883.5,5914.56982421875
2024-12-19 16:30:00+00:00,5914.31982421875,5919.7900390625,5884.169921875,5885.740234375
2024-12-19 17:30:00+00:00,5885.64990234375,5902.83984375,5879.31982421875,5902.35986328125
2024-12-19 18:30:00+00:00,5902.2998046875,5918.31005859375,5894.7900390625,5898.14013671875
2024-12-19 19:30:00+00:00,5898.08984375,5899.97021484375,5880.35009765625,5892.2001953125
2024-12-19 20:30:00+00:00,5892.169921875,5897.509765625,5866.06982421875,5866.06982421875
2024-12-20 14:30:00+00:00,5842.0,5895.669921875,5832.2998046875,5895.5
2024-12-20 15:30:00+00:00,5895.64013671875,5948.22021484375,5895.16015625,5948.08984375
2024-12-20 16:30:00+00:00,5948.259765625,5982.06005859375,5948.02978515625,5981.33984375
2024-12-20 17:30:00+00:00,5981.39990234375,5981.39990234375,5947.169921875,5947.31005859375
2024-12-20 18:30:00+00:00,5947.10986328125,5958.81982421875,5942.72998046875,5958.06982421875
2024-12-20 19:30:00+00:00,5958.14990234375,5964.72998046875,5942.240234375,5943.919921875
2024-12-20 20:30:00+00:00,5943.97021484375,5948.64990234375,5921.0498046875,5932.7998046875
2024-12-23 14:30:00+00:00,5940.25,5944.91015625,5902.97021484375,5918.580078125
2024-12-23 15:30:00+00:00,5918.52978515625,5932.990234375,5913.1201171875,5932.2099609375
2024-12-23 16:30:00+00:00,5932.22021484375,5955.9501953125,5927.58984375,5946.64990234375
2024-12-23 17:30:00+00:00,5946.68994140625,5958.68017578125,5942.7001953125,5957.5498046875
2024-12-23 18:30:00+00:00,5957.56982421875,5967.580078125,5957.39013671875,5963.72998046875
2024-12-23 19:30:00+00:00,5963.72021484375,5965.39990234375,5947.81005859375,5958.080078125
2024-12-23 20:30:00+00:00,5957.93994140625,5978.25,5957.93017578125,5972.22998046875
2024-12-24 14:30:00+00:00,5984.6298828125,6009.85009765625,5981.43994140625,6008.5400390625
2024-12-24 15:30:00+00:00,6008.5,6019.5400390625,6007.77978515625,6018.18994140625
2024-12-24 16:30:00+00:00,6018.14990234375,6029.22998046875,6015.169921875,6027.759765625
2024-12-26 14:30:00+00:00,6024.97021484375,6029.2998046875,6007.3701171875,6028.68994140625
2024-12-26 15:30:00+00:00,6028.68017578125,6038.5,6024.27978515625,6034.1201171875
2024-12-26 16:30:00+00:00,6034.1201171875,6049.75,6033.72021484375,6040.7001953125
2024-12-26 17:30:00+00:00,6040.64013671875,6045.22998046875,6030.10986328125,6041.75
2024-12-26 18:30:00+00:00,6041.7900390625,6042.4501953125,6032.81982421875,6034.64990234375
2024-12-26 19:30:00+00:00,6034.60986328125,6045.93994140625,6034.27001953125,6043.509765625
2024-12-26 20:30:00+00:00,6043.4501953125,6045.259765625,6036.4501953125,6037.08984375
2024-12-27 14:30:00+00:00,6006.169921875,6006.169921875,5952.5498046875,5957.31005859375
2024-12-27 15:30:00+00:00,5956.83984375,5970.43017578125,5947.7001953125,5968.97998046875
2024-12-27 16:30:00+00:00,5969.02978515625,5970.8701171875,5933.06982421875,5939.64013671875
2024-12-27 17:30:00+00:00,5939.740234375,5953.4599609375,5932.9501953125,5949.6298828125
2024-12-27 18:30:00+00:00,5949.72021484375,5970.1201171875,5948.10009765625,5963.64990234375
2024-12-27 19:30:00+00:00,5963.68017578125,5979.22021484375,5956.89013671875,5960.85009765625
2024-12-27 20:30:00+00:00,5960.81982421875,5977.47021484375,5949.9501953125,5972.25
2024-12-30 14:30:00+00:00,5920.669921875,5920.669921875,5869.16015625,5872.47021484375
2024-12-30 15:30:00+00:00,5872.06005859375,5908.7001953125,5872.02978515625,5904.10009765625
2024-12-30 16:30:00+00:00,5904.1201171875,5929.10986328125,5903.89013671875,5928.31982421875
2024-12-30 17:30:00+00:00,5928.31982421875,5940.7900390625,5921.02978515625,5929.77001953125
2024-12-30 18:30:00+00:00,5929.759765625,5938.5400390625,5919.080078125,5927.22998046875
2024-12-30 19:30:00+00:00,5927.22021484375,5935.85986328125,5920.18994140625,5920.22021484375
2024-12-30 20:30:00+00:00,5920.18017578125,5929.5400390625,5905.7998046875,5907.43017578125
2024-12-31 14:30:00+00:00,5919.740234375,5929.740234375,5906.509765625,5919.759765625
2024-12-31 15:30:00+00:00,5919.93017578125,5923.580078125,5892.56005859375,5893.3798828125
2024-12-31 16:30:00+00:00,5893.259765625,5901.81005859375,5882.10009765625,5882.39013671875
2024-12-31 17:30:00+00:00,5882.43994140625,5899.5400390625,5872.6298828125,5874.43017578125
2024-12-31 18:30:00+00:00,5874.419921875,5888.68994140625,5870.4501953125,5873.419921875
2024-12-31 19:30:00+00:00,5873.419921875,5895.83984375,5868.85986328125,5895.66015625
2024-12-31 20:30:00+00:00,5895.66015625,5897.8701171875,5872.990234375,5884.009765625
2025-01-02 14:30:00+00:00,5903.259765625,5935.08984375,5886.7099609375,5902.5400390625
2025-01-02 15:30:00+00:00,5902.2001953125,5910.56005859375,5877.4501953125,5898.77001953125
2025-01-02 16:30:00+00:00,5898.759765625,5911.2998046875,5867.35009765625,5868.509765625
2025-01-02 17:30:00+00:00,5868.56005859375,5868.56005859375,5834.27978515625,5846.5
2025-01-02 18:30:00+00:00,5846.580078125,5857.89013671875,5829.52978515625,5856.2099609375
2025-01-02 19:30:00+00:00,5856.22998046875,5870.490234375,5844.31005859375,5867.64990234375
2025-01-02 20:30:00+00:00,5867.58984375,5876.009765625,5859.18017578125,5868.83984375
2025-01-03 14:30:00+00:00,5891.06982421875,5918.02978515625,5888.66015625,5905.6298828125
2025-01-03 15:30:00+00:00,5905.419921875,5921.06982421875,5899.52001953125,5919.77001953125
2025-01-03 16:30:00+00:00,5919.7900390625,5932.97998046875,5919.3701171875,5925.08984375
2025-01-03 17:30:00+00:00,5925.06982421875,5937.85009765625,5923.490234375,5937.7998046875
2025-01-03 18:30:00+00:00,5937.89013671875,5945.3798828125,5934.7900390625,5944.14013671875
2025-01-03 19:30:00+00:00,5944.10009765625,5949.33984375,5937.83984375,5943.14990234375
2025-01-03 20:30:00+00:00,5943.169921875,5944.919921875,5934.2900390625,5941.8798828125
2025-01-06 14:30:00+00:00,5982.81005859375,6013.58984375,5982.81005859375,6012.3798828125
2025-01-06 15:30:00+00:00,6012.66015625,6018.97021484375,6004.72998046875,6018.77001953125
2025-01-06 16:30:00+00:00,6018.81982421875,6021.0400390625,6007.77978515625,6009.6298828125
2025-01-06 17:30:00+00:00,6009.47998046875,6011.2900390625,5990.39013671875,5997.1298828125
2025-01-06 18:30:00+00:00,5997.18994140625,5997.6201171875,5972.52001953125,5977.080078125
2025-01-06 19:30:00+00:00,5977.10986328125,5978.3798828125,5964.14990234375,5973.990234375
2025-01-06 20:30:00+00:00,5973.97021484375,5977.6298828125,5960.009765625,5976.5
2025-01-07 14:30:00+00:00,5993.259765625,6000.68017578125,5942.7998046875,5959.35009765625
2025-01-07 15:30:00+00:00,5958.919921875,5959.85009765625,5925.509765625,5954.259765625
2025-01-07 16:30:00+00:00,5954.2099609375,5954.93017578125,5925.89990234375,5929.2001953125
2025-01-07 17:30:00+00:00,5929.33984375,5947.25,5919.4599609375,5945.75
2025-01-07 18:30:00+00:00,5945.7099609375,5945.7099609375,5928.990234375,5933.60986328125
2025-01-07 19:30:00+00:00,5933.39013671875,5933.52001953125,5900.25,5901.39990234375
2025-01-07 20:30:00+00:00,5901.2900390625,5911.25,5890.68017578125,5909.5400390625
2025-01-08 14:30:00+00:00,5910.66015625,5910.66015625,5882.64013671875,5887.75
2025-01-08 15:30:00+00:00,5887.81982421875,5909.759765625,5887.02001953125,5903.7001953125
2025-01-08 16:30:00+00:00,5903.7001953125,5922.02978515625,5877.22998046875,5878.490234375
2025-01-08 17:30:00+00:00,5878.56982421875,5917.89013671875,5874.77978515625,5914.27001953125
2025-01-08 18:30:00+00:00,5914.18017578125,5927.89013671875,5893.2001953125,5925.31982421875
2025-01-08 19:30:00+00:00,5925.3701171875,5925.3701171875,5901.990234375,5913.490234375
2025-01-08 20:30:00+00:00,5913.56982421875,5921.10009765625,5905.169921875,5916.5498046875
2025-01-10 14:30:00+00:00,5890.35009765625,5890.35009765625,5813.6201171875,5840.83984375
2025-01-10 15:30:00+00:00,5840.72998046875,5854.31005859375,5817.77001953125,5819.64013671875
2025-01-10 16:30:00+00:00,5819.58984375,5829.58984375,5807.77978515625,5821.81005859375
2025-01-10 17:30:00+00:00,5821.91015625,5858.89990234375,5820.919921875,5853.759765625
2025-01-10 18:30:00+00:00,5853.7998046875,5866.5400390625,5838.16015625,5847.9501953125
2025-01-10 19:30:00+00:00,5847.990234375,5848.1201171875,5822.080078125,5824.93994140625
2025-01-10 20:30:00+00:00,5825.06982421875,5831.97021484375,5818.7998046875,5826.5
2025-01-13 14:30:00+00:00,5782.02001953125,5806.18994140625,5773.31005859375,5780.97998046875
2025-01-13 15:30:00+00:00,5781.10009765625,5811.990234375,5781.10009765625,5791.4599609375
2025-01-13 16:30:00+00:00,5791.47998046875,5806.22021484375,5778.10009765625,5803.490234375
2025-01-13 17:30:00+00:00,5803.5498046875,5818.02001953125,5797.580078125,5818.02001953125
2025-01-13 18:30:00+00:00,5817.93994140625,5824.64990234375,5811.41015625,5824.16015625
2025-01-13 19:30:00+00:00,5824.31005859375,5830.759765625,5817.509765625,5822.10986328125
2025-01-13 20:30:00+00:00,5822.0400390625,5838.60986328125,5820.22998046875,5836.10986328125
2025-01-14 14:30:00+00:00,5859.27001953125,5871.919921875,5841.830078125,5852.490234375
2025-01-14 15:30:00+00:00,5852.64013671875,5857.169921875,5823.7099609375,5831.25
2025-01-14 16:30:00+00:00,5830.490234375,5834.72021484375,5806.97998046875,5818.39013671875
2025-01-14 17:30:00+00:00,5818.419921875,5842.77978515625,5805.419921875,5841.3701171875
2025-01-14 18:30:00+00:00,5841.3798828125,5858.490234375,5839.56005859375,5851.66015625
2025-01-14 19:30:00+00:00,5851.64990234375,5858.169921875,5810.72998046875,5825.93017578125
2025-01-14 20:30:00+00:00,5825.8798828125,5843.31005859375,5817.169921875,5843.31005859375
2025-01-15 14:30:00+00:00,5905.2099609375,5950.75,5905.2099609375,5943.8798828125
2025-01-15 15:30:00+00:00,5943.8798828125,5945.97998046875,5929.16015625,5931.25
2025-01-15 16:30:00+00:00,5931.27978515625,5934.41015625,5916.27978515625,5931.83984375
2025-01-15 17:30:00+00:00,5931.7998046875,5943.18994140625,5930.47998046875,5943.0
2025-01-15 18:30:00+00:00,5943.06982421875,5952.39013671875,5940.72021484375,5952.10009765625
2025-01-15 19:30:00+00:00,5952.0498046875,5960.60986328125,5951.419921875,5957.66015625
2025-01-15 20:30:00+00:00,5957.68017578125,5959.68994140625,5948.669921875,5948.81982421875
2025-01-16 14:30:00+00:00,5963.60986328125,5963.72998046875,5934.43994140625,5943.740234375
2025-01-16 15:30:00+00:00,5943.7001953125,5964.68994140625,5939.6298828125,5954.990234375
2025-01-16 16:30:00+00:00,5954.85009765625,5959.22021484375,5939.830078125,5958.990234375
2025-01-16 17:30:00+00:00,5958.89013671875,5959.1298828125,5943.10986328125,5943.75
2025-01-16 18:30:00+00:00,5943.740234375,5947.06005859375,5930.72021484375,5946.22021484375
2025-01-16 19:30:00+00:00,5946.22021484375,5954.41015625,5941.10986328125,5944.25
2025-01-16 20:30:00+00:00,5944.14013671875,5952.52978515625,5936.10986328125,5937.3798828125
2025-01-17 14:30:00+00:00,5995.39990234375,6000.2900390625,5978.43994140625,5990.66015625
2025-01-17 15:30:00+00:00,5990.72021484375,6011.9501953125,5989.56982421875,6008.93994140625
2025-01-17 16:30:00+00:00,6008.9599609375,6012.1201171875,5999.89013671875,6011.490234375
2025-01-17 17:30:00+00:00,6011.47021484375,6014.9599609375,6007.43017578125,6012.1298828125
2025-01-17 18:30:00+00:00,6012.10986328125,6012.68017578125,6002.47021484375,6005.9599609375
2025-01-17 19:30:00+00:00,6005.990234375,6008.33984375,5996.490234375,6002.06982421875
2025-01-17 20:30:00+00:00,6002.1298828125,6006.72021484375,5995.14013671875,5997.06982421875
2025-01-21 14:30:00+00:00,6014.1201171875,6036.56982421875,6006.8798828125,6024.2001953125
2025-01-21 15:30:00+00:00,6024.35009765625,6030.6298828125,6016.39990234375,6028.47021484375
2025-01-21 16:30:00+00:00,6028.5498046875,6038.990234375,6023.66015625,6037.740234375
2025-01-21 17:30:00+00:00,6037.759765625,6050.18994140625,6037.35009765625,6047.06005859375
2025-01-21 18:30:00+00:00,6047.10009765625,6049.490234375,6040.33984375,6045.64013671875
2025-01-21 19:30:00+00:00,6045.669921875,6049.0498046875,6038.2998046875,6048.58984375
2025-01-21 20:30:00+00:00,6048.669921875,6051.509765625,6043.4501953125,6049.22998046875
2025-01-22 14:30:00+00:00,6081.39013671875,6092.66015625,6076.1298828125,6089.22998046875
2025-01-22 15:30:00+00:00,6089.240234375,6094.5498046875,6085.7998046875,6094.18017578125
2025-01-22 16:30:00+00:00,6094.14990234375,6100.81005859375,6093.97021484375,6097.740234375
2025-01-22 17:30:00+00:00,6097.64990234375,6098.7998046875,6090.85986328125,6092.08984375
2025-01-22 18:30:00+00:00,6092.1201171875,6097.7998046875,6090.080078125,6090.47998046875
2025-01-22 19:30:00+00:00,6090.4501953125,6097.240234375,6089.080078125,6092.2099609375
2025-01-22 20:30:00+00:00,6092.10986328125,6094.60009765625,6083.72021484375,6085.66015625
2025-01-23 14:30:00+00:00,6076.31982421875,6084.9599609375,6074.669921875,6079.0498046875
2025-01-23 15:30:00+00:00,6079.169921875,6097.0498046875,6077.89013671875,6096.75
2025-01-23 16:30:00+00:00,6096.830078125,6099.8798828125,6091.22021484375,6093.5
2025-01-23 17:30:00+00:00,6093.509765625,6104.25,6090.919921875,6101.1298828125
2025-01-23 18:30:00+00:00,6101.14990234375,6103.97021484375,6093.97021484375,6097.77978515625
2025-01-23 19:30:00+00:00,6097.77001953125,6103.68017578125,6097.43017578125,6101.81005859375
2025-01-23 20:30:00+00:00,6101.7900390625,6118.22021484375,6097.75,6118.22021484375
2025-01-24 14:30:00+00:00,6121.43017578125,6128.18017578125,6112.6201171875,6113.3798828125
2025-01-24 15:30:00+00:00,6113.669921875,6119.1201171875,6111.14990234375,6119.1201171875
2025-01-24 16:30:00+00:00,6119.10986328125,6123.89990234375,6113.83984375,6114.85009765625
2025-01-24 17:30:00+00:00,6114.8701171875,6116.75,6101.60986328125,6105.240234375
2025-01-24 18:30:00+00:00,6105.240234375,6107.6298828125,6089.66015625,6094.77001953125
2025-01-24 19:30:00+00:00,6094.72021484375,6099.77001953125,6089.7099609375,6090.89990234375
2025-01-24 20:30:00+00:00,6090.9599609375,6102.4599609375,6088.740234375,6100.81982421875
2025-01-27 14:30:00+00:00,5969.0400390625,6011.2998046875,5962.919921875,6010.31982421875
2025-01-27 15:30:00+00:00,6010.35009765625,6017.169921875,5982.1298828125,5984.91015625
2025-01-27 16:30:00+00:00,5984.75,5999.080078125,5981.740234375,5996.72021484375
2025-01-27 17:30:00+00:00,5996.669921875,6001.97021484375,5979.52978515625,5980.35009765625
2025-01-27 18:30:00+00:00,5980.5,6011.27978515625,5980.18994140625,6009.669921875
2025-01-27 19:30:00+00:00,6009.7998046875,6009.7998046875,5982.669921875,5993.8701171875
2025-01-27 20:30:00+00:00,5994.18994140625,6014.81005859375,5991.490234375,6013.39013671875
2025-01-28 14:30:00+00:00,6026.97021484375,6049.14990234375,5994.6298828125,6046.18017578125
2025-01-28 15:30:00+00:00,6046.2099609375,6055.83984375,6031.60009765625,6034.81005859375
2025-01-28 16:30:00+00:00,6034.64013671875,6060.6298828125,6030.06005859375,6058.22998046875
2025-01-28 17:30:00+00:00,6058.330078125,6068.7900390625,6053.2998046875,6062.75
2025-01-28 18:30:00+00:00,6062.68017578125,6065.419921875,6053.60009765625,6061.66015625
2025-01-28 19:30:00+00:00,6061.60009765625,6074.5400390625,6061.60009765625,6071.93994140625
2025-01-28 20:30:00+00:00,6072.02978515625,6073.16015625,6064.490234375,6066.9599609375
2025-01-29 14:30:00+00:00,6057.7001953125,6062.830078125,6045.83984375,6050.669921875
2025-01-29 15:30:00+00:00,6050.6201171875,6055.47998046875,6042.490234375,6045.10009765625
2025-01-29 16:30:00+00:00,6045.1201171875,6054.7099609375,6040.14013671875,6051.1298828125
2025-01-29 17:30:00+00:00,6051.080078125,6053.39990234375,6017.240234375,6043.52001953125
2025-01-29 18:30:00+00:00,6043.56982421875,6046.419921875,6012.9599609375,6014.43994140625
2025-01-29 19:30:00+00:00,6014.240234375,6057.27001953125,6013.10986328125,6054.27001953125
2025-01-29 20:30:00+00:00,6054.22021484375,6056.89990234375,6028.419921875,6038.669921875
2025-01-30 14:30:00+00:00,6050.75,6080.58984375,6045.7099609375,6046.8701171875
2025-01-30 15:30:00+00:00,6046.7900390625,6057.10986328125,6027.4599609375,6049.5400390625
2025-01-30 16:30:00+00:00,6049.7001953125,6064.27978515625,6041.75,6043.83984375
2025-01-30 17:30:00+00:00,6043.93017578125,6063.10986328125,6042.7001953125,6059.81982421875
2025-01-30 18:30:00+00:00,6059.9501953125,6072.990234375,6059.7900390625,6070.2001953125
2025-01-30 19:30:00+00:00,6070.22998046875,6086.64013671875,6066.81982421875,6083.93017578125
2025-01-30 20:30:00+00:00,6083.97021484375,6084.080078125,6039.31005859375,6069.66015625
2025-01-31 14:30:00+00:00,6096.7900390625,6111.31982421875,6091.10009765625,6110.93017578125
2025-01-31 15:30:00+00:00,6110.89990234375,6120.91015625,6109.10986328125,6111.41015625
2025-01-31 16:30:00+00:00,6111.25,6116.18994140625,6101.83984375,6116.16015625
2025-01-31 17:30:00+00:00,6116.259765625,6117.97021484375,6087.72998046875,6088.2099609375
2025-01-31 18:30:00+00:00,6088.35986328125,6089.89013671875,6054.5498046875,6065.41015625
2025-01-31 19:30:00+00:00,6065.43994140625,6070.7001953125,6034.47998046875,6036.7900390625
2025-01-31 20:30:00+00:00,6036.7099609375,6051.97021484375,6030.93017578125,6040.06982421875
2025-02-03 14:30:00+00:00,5969.64990234375,5983.85986328125,5923.93017578125,5982.669921875
2025-02-03 15:30:00+00:00,5982.81982421875,6011.43017578125,5977.419921875,5998.60986328125
2025-02-03 16:30:00+00:00,5998.47021484375,6009.39990234375,5986.81982421875,5993.830078125
2025-02-03 17:30:00+00:00,5993.919921875,6001.02001953125,5981.169921875,5996.83984375
2025-02-03 18:30:00+00:00,5996.830078125,6019.56982421875,5994.10986328125,6014.740234375
2025-02-03 19:30:00+00:00,6014.669921875,6022.1298828125,6003.72998046875,6004.3798828125
2025-02-03 20:30:00+00:00,6004.41015625,6009.60009765625,5993.14990234375,5995.080078125
2025-02-04 14:30:00+00:00,5998.14013671875,6031.2001953125,5990.8701171875,6024.91015625
2025-02-04 15:30:00+00:00,6025.0,6039.75,6021.1201171875,6039.669921875
2025-02-04 16:30:00+00:00,6039.47998046875,6040.41015625,6016.60009765625,6017.0498046875
2025-02-04 17:30:00+00:00,6017.02978515625,6032.31005859375,6014.2099609375,6031.0
2025-02-04 18:30:00+00:00,6030.9501953125,6040.830078125,6025.77001953125,6038.31005859375
2025-02-04 19:30:00+00:00,6038.35009765625,6042.47998046875,6029.18994140625,6030.490234375
2025-02-04 20:30:00+00:00,6030.509765625,6041.740234375,6029.81982421875,6037.080078125
2025-02-05 14:30:00+00:00,6020.4501953125,6031.14013671875,6007.06005859375,6026.06005859375
2025-02-05 15:30:00+00:00,6026.41015625,6033.2998046875,6018.41015625,6032.06982421875
2025-02-05 16:30:00+00:00,6032.27001953125,6051.08984375,6030.75,6044.9599609375
2025-02-05 17:30:00+00:00,6044.990234375,6048.669921875,6042.39013671875,6045.0
2025-02-05 18:30:00+00:00,6044.97998046875,6055.7001953125,6043.6201171875,6052.02001953125
2025-02-05 19:30:00+00:00,6052.06982421875,6058.9501953125,6048.39013671875,6056.8701171875
2025-02-05 20:30:00+00:00,6056.83984375,6062.85986328125,6048.64013671875,6061.89013671875
2025-02-06 14:30:00+00:00,6072.22021484375,6080.7099609375,6068.3701171875,6069.10986328125
2025-02-06 15:30:00+00:00,6069.08984375,6076.919921875,6061.2900390625,6075.41015625
2025-02-06 16:30:00+00:00,6075.3798828125,6075.93017578125,6067.4501953125,6070.990234375
2025-02-06 17:30:00+00:00,6071.0,6079.39990234375,6068.66015625,6075.31005859375
2025-02-06 18:30:00+00:00,6075.2099609375,6077.02978515625,6063.25,6064.81005859375
2025-02-06 19:30:00+00:00,6064.7998046875,6067.080078125,6046.830078125,6066.580078125
2025-02-06 20:30:00+00:00,6066.6298828125,6084.02978515625,6065.39013671875,6082.85986328125
2025-02-07 14:30:00+00:00,6083.1298828125,6101.27978515625,6057.47998046875,6066.10986328125
2025-02-07 15:30:00+00:00,6066.18017578125,6074.43994140625,6032.89990234375,6039.97998046875
2025-02-07 16:30:00+00:00,6039.93994140625,6048.0498046875,6026.91015625,6036.52978515625
2025-02-07 17:30:00+00:00,6036.3798828125,6056.419921875,6033.16015625,6052.66015625
2025-02-07 18:30:00+00:00,6052.7001953125,6055.68017578125,6024.330078125,6025.9501953125
2025-02-07 19:30:00+00:00,6025.4599609375,6035.31982421875,6019.9599609375,6022.759765625
2025-02-07 20:30:00+00:00,6022.72021484375,6031.2099609375,6022.72021484375,6025.93994140625
2025-02-10 14:30:00+00:00,6046.39990234375,6066.77978515625,6044.83984375,6065.8701171875
2025-02-10 15:30:00+00:00,6065.919921875,6071.68017578125,6059.0400390625,6061.4501953125
2025-02-10 16:30:00+00:00,6061.56005859375,6063.60986328125,6051.169921875,6055.02978515625
2025-02-10 17:30:00+00:00,6055.0400390625,6068.669921875,6054.91015625,6065.52978515625
2025-02-10 18:30:00+00:00,6065.509765625,6073.3798828125,6064.47021484375,6070.6201171875
2025-02-10 19:30:00+00:00,6070.580078125,6071.89990234375,6065.759765625,6067.5400390625
2025-02-10 20:30:00+00:00,6067.4599609375,6068.60009765625,6061.2099609375,6066.66015625
2025-02-11 14:30:00+00:00,6049.31982421875,6060.52001953125,6042.33984375,6059.9599609375
2025-02-11 15:30:00+00:00,6059.83984375,6070.14013671875,6058.66015625,6064.1298828125
2025-02-11 16:30:00+00:00,6064.169921875,6067.22998046875,6049.08984375,6061.509765625
2025-02-11 17:30:00+00:00,6061.60986328125,6062.2998046875,6053.5498046875,6058.10009765625
2025-02-11 18:30:00+00:00,6058.06005859375,6070.81005859375,6057.7900390625,6065.169921875
2025-02-11 19:30:00+00:00,6065.18994140625,6076.27978515625,6065.18017578125,6070.75
2025-02-11 20:30:00+00:00,6070.68994140625,6073.56982421875,6064.5,6068.919921875
2025-02-12 14:30:00+00:00,6025.080078125,6040.60009765625,6003.0,6032.6201171875
2025-02-12 15:30:00+00:00,6032.58984375,6049.14990234375,6019.6298828125,6023.9599609375
2025-02-12 16:30:00+00:00,6023.93017578125,6057.43017578125,6023.89990234375,6056.25
2025-02-12 17:30:00+00:00,6056.1298828125,6063.0,6048.97021484375,6053.10986328125
2025-02-12 18:30:00+00:00,6053.10986328125,6054.93994140625,6043.22021484375,6048.240234375
2025-02-12 19:30:00+00:00,6048.2001953125,6059.31005859375,6047.990234375,6050.990234375
2025-02-12 20:30:00+00:00,6051.02001953125,6053.39990234375,6043.39013671875,6051.009765625
2025-02-13 14:30:00+00:00,6060.58984375,6082.22998046875,6050.9501953125,6078.919921875
2025-02-13 15:30:00+00:00,6078.89013671875,6093.2001953125,6078.2998046875,6085.0400390625
2025-02-13 16:30:00+00:00,6085.009765625,6087.43994140625,6075.6201171875,6082.97021484375
2025-02-13 17:30:00+00:00,6082.919921875,6087.080078125,6068.43017578125,6079.56005859375
2025-02-13 18:30:00+00:00,6079.66015625,6101.509765625,6072.08984375,6100.14990234375
2025-02-13 19:30:00+00:00,6100.1201171875,6114.5,6099.10009765625,6112.85986328125
2025-02-13 20:30:00+00:00,6112.89013671875,6116.91015625,6108.58984375,6114.93994140625
2025-02-14 14:30:00+00:00,6115.52001953125,6127.47021484375,6114.81005859375,6119.509765625
2025-02-14 15:30:00+00:00,6119.43017578125,6125.330078125,6111.27001953125,6117.080078125
2025-02-14 16:30:00+00:00,6117.06982421875,6118.830078125,6109.39990234375,6109.52978515625
2025-02-14 17:30:00+00:00,6109.56005859375,6117.509765625,6107.6201171875,6115.759765625
2025-02-14 18:30:00+00:00,6115.759765625,6124.16015625,6115.490234375,6117.5498046875
2025-02-14 19:30:00+00:00,6117.5498046875,6119.27978515625,6112.64990234375,6113.14990234375
2025-02-14 20:30:00+00:00,6112.830078125,6118.68017578125,6111.93994140625,6113.740234375
2025-02-18 14:30:00+00:00,6121.60009765625,6125.39013671875,6108.93994140625,6111.33984375
2025-02-18 15:30:00+00:00,6111.259765625,6123.31982421875,6109.39013671875,6119.83984375
2025-02-18 16:30:00+00:00,6119.830078125,6123.56005859375,6113.47998046875,6115.72998046875
2025-02-18 17:30:00+00:00,6115.85986328125,6122.27978515625,6111.0,6114.06005859375
2025-02-18 18:30:00+00:00,6114.06005859375,6114.89013671875,6099.509765625,6107.60986328125
2025-02-18 19:30:00+00:00,6107.68994140625,6115.85009765625,6106.58984375,6113.2099609375
2025-02-18 20:30:00+00:00,6113.25,6129.39013671875,6111.52001953125,6129.39013671875
2025-02-19 14:30:00+00:00,6117.759765625,6119.06005859375,6111.14990234375,6116.97021484375
2025-02-19 15:30:00+00:00,6116.8798828125,6128.97998046875,6114.16015625,6127.52978515625
2025-02-19 16:30:00+00:00,6127.60009765625,6135.06982421875,6125.5,6126.1201171875
2025-02-19 17:30:00+00:00,6126.10986328125,6134.47021484375,6122.58984375,6132.0400390625
2025-02-19 18:30:00+00:00,6132.06005859375,6146.1201171875,6130.2001953125,6143.64990234375
2025-02-19 19:30:00+00:00,6143.52001953125,6147.43017578125,6133.60009765625,6136.1201171875
2025-02-19 20:30:00+00:00,6136.10986328125,6145.66015625,6136.10986328125,6143.9501953125
2025-02-20 14:30:00+00:00,6134.5,6134.5,6084.58984375,6105.77001953125
2025-02-20 15:30:00+00:00,6105.89990234375,6109.9599609375,6084.97021484375,6096.75
2025-02-20 16:30:00+00:00,6096.7099609375,6104.10986328125,6086.27001953125,6102.490234375
2025-02-20 17:30:00+00:00,6102.52001953125,6105.2998046875,6091.5498046875,6094.18017578125
2025-02-20 18:30:00+00:00,6094.14990234375,6109.52978515625,6092.8798828125,6106.6298828125
2025-02-20 19:30:00+00:00,6106.66015625,6115.419921875,6101.77978515625,6112.7998046875
2025-02-20 20:30:00+00:00,6112.85009765625,6121.8701171875,6109.58984375,6118.009765625
2025-02-21 14:30:00+00:00,6114.10009765625,6114.81982421875,6079.77001953125,6081.8798828125
2025-02-21 15:30:00+00:00,6081.91015625,6089.1298828125,6071.91015625,6083.72998046875
2025-02-21 16:30:00+00:00,6083.7001953125,6088.52978515625,6065.759765625,6070.9599609375
2025-02-21 17:30:00+00:00,6071.10009765625,6071.68994140625,6035.68994140625,6035.8701171875
2025-02-21 18:30:00+00:00,6035.8798828125,6045.990234375,6010.85986328125,6012.14990234375
2025-02-21 19:30:00+00:00,6012.31982421875,6020.41015625,6008.56005859375,6019.240234375
2025-02-21 20:30:00+00:00,6019.330078125,6021.41015625,6009.64990234375,6013.4599609375
2025-02-24 14:30:00+00:00,6026.68994140625,6043.64990234375,5977.830078125,5992.240234375
2025-02-24 15:30:00+00:00,5992.22021484375,6017.06005859375,5981.240234375,6014.919921875
2025-02-24 16:30:00+00:00,6014.9501953125,6029.41015625,6008.5498046875,6025.0
2025-02-24 17:30:00+00:00,6025.06005859375,6031.4501953125,6019.8701171875,6028.08984375
2025-02-24 18:30:00+00:00,6028.1201171875,6029.58984375,6012.68017578125,6014.2001953125
2025-02-24 19:30:00+00:00,6014.0498046875,6020.27978515625,6004.35009765625,6004.41015625
2025-02-24 20:30:00+00:00,6004.58984375,6010.5400390625,5979.93017578125,5984.2998046875
2025-02-25 14:30:00+00:00,5982.72998046875,5992.64990234375,5919.509765625,5920.60009765625
2025-02-25 15:30:00+00:00,5920.77978515625,5946.93017578125,5918.14990234375,5921.56005859375
2025-02-25 16:30:00+00:00,5921.43994140625,5950.490234375,5908.490234375,5949.68994140625
2025-02-25 17:30:00+00:00,5949.77978515625,5974.6298828125,5948.7099609375,5950.5400390625
2025-02-25 18:30:00+00:00,5950.60009765625,5971.5400390625,5944.2099609375,5944.490234375
2025-02-25 19:30:00+00:00,5944.419921875,5979.9501953125,5943.81005859375,5972.1298828125
2025-02-25 20:30:00+00:00,5972.1298828125,5973.0400390625,5949.2900390625,5955.919921875
2025-02-26 14:30:00+00:00,5970.8701171875,6005.8701171875,5964.7099609375,5992.6298828125
2025-02-26 15:30:00+00:00,5992.5400390625,6009.81982421875,5992.5400390625,6000.240234375
2025-02-26 16:30:00+00:00,6000.22998046875,6007.81005859375,5990.91015625,6000.06005859375
2025-02-26 17:30:00+00:00,5999.93994140625,6003.009765625,5952.7900390625,5953.1298828125
2025-02-26 18:30:00+00:00,5952.91015625,5958.9599609375,5932.68994140625,5947.66015625
2025-02-26 19:30:00+00:00,5947.66015625,5959.1201171875,5938.52978515625,5949.990234375
2025-02-26 20:30:00+00:00,5949.740234375,5965.8798828125,5945.7099609375,5957.43017578125
2025-02-27 14:30:00+00:00,5981.8798828125,5993.68994140625,5918.0400390625,5968.18017578125
2025-02-27 15:30:00+00:00,5968.1298828125,5975.1201171875,5946.5400390625,5954.9501953125
2025-02-27 16:30:00+00:00,5954.8701171875,5962.75,5927.81005859375,5952.3798828125
2025-02-27 17:30:00+00:00,5952.3798828125,5964.89013671875,5938.06005859375,5959.25
2025-02-27 18:30:00+00:00,5959.4501953125,5962.5400390625,5920.5400390625,5920.93017578125
2025-02-27 19:30:00+00:00,5921.0498046875,5921.0498046875,5875.68017578125,5876.3701171875
2025-02-27 20:30:00+00:00,5876.18994140625,5888.06005859375,5858.77978515625,5862.7900390625
2025-02-28 14:30:00+00:00,5856.740234375,5897.35009765625,5842.77978515625,5896.89013671875
2025-02-28 15:30:00+00:00,5896.89990234375,5903.490234375,5873.27001953125,5873.97021484375
2025-02-28 16:30:00+00:00,5873.8798828125,5895.31982421875,5871.7900390625,5882.97998046875
2025-02-28 17:30:00+00:00,5883.02978515625,5883.75,5837.66015625,5859.8798828125
2025-02-28 18:30:00+00:00,5859.8701171875,5876.9599609375,5848.6298828125,5868.25
2025-02-28 19:30:00+00:00,5868.3701171875,5908.68017578125,5865.330078125,5908.68017578125
2025-02-28 20:30:00+00:00,5908.66015625,5959.39990234375,5892.56005859375,5952.27978515625
2025-03-03 14:30:00+00:00,5968.330078125,5986.08984375,5919.18017578125,5952.7099609375
2025-03-03 15:30:00+00:00,5952.8701171875,5962.740234375,5935.1201171875,5937.18994140625
2025-03-03 16:30:00+00:00,5937.14990234375,5953.16015625,5923.85009765625,5949.509765625
2025-03-03 17:30:00+00:00,5949.509765625,5953.47021484375,5890.6298828125,5892.6298828125
2025-03-03 18:30:00+00:00,5892.60009765625,5913.33984375,5886.85986328125,5896.580078125
2025-03-03 19:30:00+00:00,5896.5,5917.60009765625,5819.919921875,5823.27001953125
2025-03-03 20:30:00+00:00,5823.25,5851.330078125,5810.91015625,5851.330078125
2025-03-04 14:30:00+00:00,5811.97998046875,5811.97998046875,5732.58984375,5756.580078125
2025-03-04 15:30:00+00:00,5756.39990234375,5770.64990234375,5733.240234375,5740.77978515625
2025-03-04 16:30:00+00:00,5740.3798828125,5796.35009765625,5740.35009765625,5790.169921875
2025-03-04 17:30:00+00:00,5790.31982421875,5811.4501953125,5771.4501953125,5786.8701171875
2025-03-04 18:30:00+00:00,5786.7001953125,5841.1298828125,5781.8701171875,5826.1201171875
2025-03-04 19:30:00+00:00,5826.2900390625,5865.080078125,5820.56982421875,5851.5
2025-03-04 20:30:00+00:00,5850.89013671875,5852.02978515625,5759.35009765625,5777.43994140625
2025-03-05 14:30:00+00:00,5781.35986328125,5806.68994140625,5761.6298828125,5770.7099609375
2025-03-05 15:30:00+00:00,5770.830078125,5794.33984375,5750.490234375,5759.89990234375
2025-03-05 16:30:00+00:00,5759.72021484375,5798.419921875,5742.35009765625,5798.35986328125
2025-03-05 17:30:00+00:00,5798.509765625,5822.31005859375,5790.75,5803.93994140625
2025-03-05 18:30:00+00:00,5803.93994140625,5854.72021484375,5791.669921875,5839.56982421875
2025-03-05 19:30:00+00:00,5839.7900390625,5860.58984375,5832.8798828125,5853.64013671875
2025-03-05 20:30:00+00:00,5853.4599609375,5853.4599609375,5826.52001953125,5840.9501953125
2025-03-06 14:30:00+00:00,5785.8701171875,5798.490234375,5746.52978515625,5796.35986328125
2025-03-06 15:30:00+00:00,5796.14013671875,5812.080078125,5784.3798828125,5797.25
2025-03-06 16:30:00+00:00,5797.009765625,5810.0400390625,5731.7900390625,5736.6298828125
2025-03-06 17:30:00+00:00,5736.72021484375,5751.68017578125,5721.58984375,5736.080078125
2025-03-06 18:30:00+00:00,5736.08984375,5741.31982421875,5712.14013671875,5716.72021484375
2025-03-06 19:30:00+00:00,5716.58984375,5759.47998046875,5711.64013671875,5740.77978515625
2025-03-06 20:30:00+00:00,5740.7001953125,5752.1201171875,5726.740234375,5738.490234375
2025-03-07 14:30:00+00:00,5726.009765625,5770.47998046875,5719.68017578125,5732.7998046875
2025-03-07 15:30:00+00:00,5732.97998046875,5736.85009765625,5683.43017578125,5685.080078125
2025-03-07 16:30:00+00:00,5685.39990234375,5694.8798828125,5666.2900390625,5689.60986328125
2025-03-07 17:30:00+00:00,5689.7099609375,5751.83984375,5684.919921875,5735.64990234375
2025-03-07 18:30:00+00:00,5735.740234375,5782.509765625,5733.56982421875,5775.83984375
2025-03-07 19:30:00+00:00,5776.0,5781.18994140625,5757.25,5769.81005859375
2025-03-07 20:30:00+00:00,5769.7099609375,5783.009765625,5739.68017578125,5769.14990234375
2025-03-10 13:30:00+00:00,5705.3701171875,5705.3701171875,5659.97998046875,5663.10009765625
2025-03-10 14:30:00+00:00,5663.10986328125,5663.4599609375,5638.83984375,5659.16015625
2025-03-10 15:30:00+00:00,5659.10986328125,5673.9501953125,5633.169921875,5644.93994140625
2025-03-10 16:30:00+00:00,5645.33984375,5658.8798828125,5619.52001953125,5626.2998046875
2025-03-10 17:30:00+00:00,5626.27978515625,5627.10009765625,5602.77978515625,5605.89013671875
2025-03-10 18:30:00+00:00,5605.91015625,5620.330078125,5564.93994140625,5605.02978515625
2025-03-10 19:30:00+00:00,5605.240234375,5632.68017578125,5599.9599609375,5615.0
2025-03-11 13:30:00+00:00,5603.64990234375,5625.68017578125,5564.6201171875,5567.41015625
2025-03-11 14:30:00+00:00,5567.35009765625,5596.02001953125,5549.080078125,5580.27001953125
2025-03-11 15:30:00+00:00,5580.39013671875,5607.509765625,5556.9501953125,5566.93994140625
2025-03-11 16:30:00+00:00,5567.2001953125,5576.56982421875,5528.8798828125,5530.06982421875
2025-03-11 17:30:00+00:00,5529.85009765625,5600.60986328125,5528.41015625,5592.7099609375
2025-03-11 18:30:00+00:00,5592.64990234375,5636.2998046875,5582.68017578125,5604.31005859375
2025-03-11 19:30:00+00:00,5604.4501953125,5610.56005859375,5569.58984375,5571.7900390625
2025-03-12 13:30:00+00:00,5624.83984375,5642.18994140625,5589.35009765625,5599.3798828125
2025-03-12 14:30:00+00:00,5599.22021484375,5600.64990234375,5546.08984375,5577.43994140625
2025-03-12 15:30:00+00:00,5577.5,5616.5498046875,5574.9599609375,5611.0
2025-03-12 16:30:00+00:00,5611.1201171875,5622.7001953125,5596.0,5622.47998046875
2025-03-12 17:30:00+00:00,5622.5,5625.9501953125,5586.68017578125,5610.169921875
2025-03-12 18:30:00+00:00,5610.2998046875,5626.91015625,5598.0400390625,5605.009765625
2025-03-12 19:30:00+00:00,5605.009765625,5610.93994140625,5590.93994140625,5598.27978515625
2025-03-13 13:30:00+00:00,5594.4501953125,5597.77978515625,5551.7001953125,5579.22021484375
2025-03-13 14:30:00+00:00,5579.2099609375,5590.1298828125,5549.3798828125,5550.91015625
2025-03-13 15:30:00+00:00,5550.669921875,5556.7900390625,5530.06005859375,5533.5
2025-03-13 16:30:00+00:00,5533.58984375,5552.2099609375,5511.39990234375,5519.16015625
2025-03-13 17:30:00+00:00,5518.81982421875,5538.66015625,5504.64990234375,5537.27001953125
2025-03-13 18:30:00+00:00,5537.35009765625,5553.10009765625,5517.990234375,5522.25
2025-03-13 19:30:00+00:00,5522.35986328125,5527.58984375,5509.259765625,5521.56005859375
2025-03-14 13:30:00+00:00,5563.85009765625,5603.93017578125,5563.85009765625,5576.02001953125
2025-03-14 14:30:00+00:00,5575.990234375,5621.5,5575.7099609375,5617.39013671875
2025-03-14 15:30:00+00:00,5617.3798828125,5630.919921875,5607.830078125,5609.39013671875
2025-03-14 16:30:00+00:00,5609.27978515625,5634.06005859375,5607.72021484375,5621.47021484375
2025-03-14 17:30:00+00:00,5621.4501953125,5625.83984375,5609.68017578125,5613.740234375
2025-03-14 18:30:00+00:00,5613.830078125,5634.0,5613.830078125,5625.240234375
2025-03-14 19:30:00+00:00,5625.25,5645.27001953125,5621.2900390625,5636.85986328125
2025-03-17 13:30:00+00:00,5635.60009765625,5669.2998046875,5631.1201171875,5652.419921875
2025-03-17 14:30:00+00:00,5652.5,5662.7998046875,5641.759765625,5648.5498046875
2025-03-17 15:30:00+00:00,5648.5400390625,5658.6298828125,5636.009765625,5644.919921875
2025-03-17 16:30:00+00:00,5644.9599609375,5666.22998046875,5641.81982421875,5664.18017578125
2025-03-17 17:30:00+00:00,5664.3701171875,5695.64013671875,5663.10009765625,5693.6201171875
2025-03-17 18:30:00+00:00,5693.6298828125,5703.52001953125,5691.0498046875,5696.919921875
2025-03-17 19:30:00+00:00,5696.85986328125,5699.22998046875,5674.759765625,5676.16015625
2025-03-18 13:30:00+00:00,5654.52978515625,5654.52978515625,5608.14990234375,5619.18994140625
2025-03-18 14:30:00+00:00,5618.93994140625,5626.43994140625,5599.8701171875,5606.35986328125
2025-03-18 15:30:00+00:00,5606.60009765625,5621.77001953125,5597.759765625,5621.60986328125
2025-03-18 16:30:00+00:00,5622.02001953125,5623.25,5600.0,5611.2998046875
2025-03-18 17:30:00+00:00,5611.41015625,5621.5498046875,5603.89990234375,5611.47998046875
2025-03-18 18:30:00+00:00,5611.41015625,5627.72998046875,5610.9501953125,5617.419921875
2025-03-18 19:30:00+00:00,5617.3798828125,5620.47998046875,5605.2001953125,5615.3701171875
2025-03-19 13:30:00+00:00,5632.3701171875,5660.0400390625,5622.2001953125,5651.68994140625
2025-03-19 14:30:00+00:00,5651.64990234375,5654.85009765625,5639.85009765625,5652.33984375
2025-03-19 15:30:00+00:00,5652.31005859375,5668.93017578125,5650.35009765625,5662.2001953125
2025-03-19 16:30:00+00:00,5662.10986328125,5662.43994140625,5639.68994140625,5639.990234375
2025-03-19 17:30:00+00:00,5640.0,5664.22998046875,5633.2001953125,5652.240234375
2025-03-19 18:30:00+00:00,5652.259765625,5715.330078125,5652.259765625,5678.2099609375
2025-03-19 19:30:00+00:00,5678.08984375,5699.4599609375,5672.8798828125,5675.27978515625
2025-03-20 13:30:00+00:00,5646.919921875,5706.18994140625,5632.330078125,5701.27001953125
2025-03-20 14:30:00+00:00,5701.2900390625,5711.14990234375,5693.39013671875,5697.27978515625
2025-03-20 15:30:00+00:00,5695.169921875,5700.81982421875,5665.89990234375,5667.10009765625
2025-03-20 16:30:00+00:00,5667.35986328125,5677.39013671875,5652.8798828125,5652.89013671875
2025-03-20 17:30:00+00:00,5652.91015625,5670.0400390625,5646.93017578125,5647.18017578125
2025-03-20 18:30:00+00:00,5647.1298828125,5668.31982421875,5643.83984375,5652.35986328125
2025-03-20 19:30:00+00:00,5652.27001953125,5671.93994140625,5652.27001953125,5662.06982421875
2025-03-21 13:30:00+00:00,5630.72998046875,5630.72998046875,5603.10009765625,5621.5
2025-03-21 14:30:00+00:00,5621.72998046875,5640.5,5613.66015625,5621.009765625
2025-03-21 15:30:00+00:00,5620.8798828125,5650.10009765625,5611.41015625,5646.77001953125
2025-03-21 16:30:00+00:00,5646.81005859375,5658.81982421875,5641.18994140625,5643.68017578125
2025-03-21 17:30:00+00:00,5643.669921875,5661.60986328125,5638.759765625,5643.60986328125
2025-03-21 18:30:00+00:00,5643.58984375,5655.06982421875,5637.58984375,5642.4501953125
2025-03-21 19:30:00+00:00,5642.4599609375,5670.83984375,5640.0400390625,5666.68017578125
2025-03-24 13:30:00+00:00,5718.080078125,5755.93994140625,5718.080078125,5754.18994140625
2025-03-24 14:30:00+00:00,5754.14990234375,5762.9501953125,5749.81982421875,5759.669921875
2025-03-24 15:30:00+00:00,5759.72021484375,5766.56005859375,5754.64990234375,5756.18017578125
2025-03-24 16:30:00+00:00,5755.7900390625,5758.10009765625,5747.77001953125,5752.77001953125
2025-03-24 17:30:00+00:00,5752.75,5756.10986328125,5743.85986328125,5746.419921875
2025-03-24 18:30:00+00:00,5746.509765625,5764.81005859375,5743.68994140625,5761.89013671875
2025-03-24 19:30:00+00:00,5762.009765625,5775.14013671875,5761.22021484375,5765.14990234375
2025-03-25 13:30:00+00:00,5775.9599609375,5781.35009765625,5763.0498046875,5781.35009765625
2025-03-25 14:30:00+00:00,5781.3701171875,5786.9501953125,5777.4599609375,5780.39990234375
2025-03-25 15:30:00+00:00,5780.39013671875,5780.60009765625,5767.08984375,5767.97021484375
2025-03-25 16:30:00+00:00,5767.919921875,5778.419921875,5763.22021484375,5764.3701171875
2025-03-25 17:30:00+00:00,5764.39990234375,5772.14990234375,5761.4501953125,5766.509765625
2025-03-25 18:30:00+00:00,5766.64013671875,5768.6298828125,5760.419921875,5764.580078125
2025-03-25 19:30:00+00:00,5764.39990234375,5778.4501953125,5761.14013671875,5776.830078125
2025-03-26 13:30:00+00:00,5771.66015625,5783.6201171875,5746.7900390625,5755.77001953125
2025-03-26 14:30:00+00:00,5755.7900390625,5760.77001953125,5742.93017578125,5745.68017578125
2025-03-26 15:30:00+00:00,5745.56982421875,5749.9501953125,5724.68017578125,5732.97021484375
2025-03-26 16:30:00+00:00,5732.9501953125,5736.02978515625,5710.169921875,5712.3701171875
2025-03-26 17:30:00+00:00,5712.2001953125,5717.58984375,5701.830078125,5715.259765625
2025-03-26 18:30:00+00:00,5715.22021484375,5717.16015625,5694.41015625,5699.22021484375
2025-03-26 19:30:00+00:00,5699.1201171875,5717.919921875,5698.72998046875,5712.10986328125
2025-03-27 13:30:00+00:00,5695.64013671875,5717.85986328125,5670.93994140625,5717.85986328125
2025-03-27 14:30:00+00:00,5717.7900390625,5732.27978515625,5715.91015625,5720.91015625
2025-03-27 15:30:00+00:00,5721.02001953125,5721.2099609375,5700.919921875,5708.93017578125
2025-03-27 16:30:00+00:00,5709.02001953125,5715.22998046875,5686.990234375,5690.47021484375
2025-03-27 17:30:00+00:00,5690.3701171875,5708.58984375,5687.169921875,5701.89013671875
2025-03-27 18:30:00+00:00,5701.8798828125,5722.31005859375,5697.33984375,5719.89990234375
2025-03-27 19:30:00+00:00,5719.830078125,5719.8701171875,5690.6201171875,5692.35986328125
2025-03-28 13:30:00+00:00,5679.2001953125,5685.89013671875,5616.740234375,5616.9501953125
2025-03-28 14:30:00+00:00,5616.9501953125,5622.31982421875,5599.64013671875,5611.10009765625
2025-03-28 15:30:00+00:00,5610.990234375,5619.330078125,5588.490234375,5590.490234375
2025-03-28 16:30:00+00:00,5590.47021484375,5597.080078125,5573.93994140625,5575.0498046875
2025-03-28 17:30:00+00:00,5575.080078125,5591.25,5574.06982421875,5581.8798828125
2025-03-28 18:30:00+00:00,5581.81982421875,5588.75,5575.39013671875,5579.16015625
2025-03-28 19:30:00+00:00,5579.0498046875,5586.56005859375,5572.419921875,5580.27978515625
2025-03-31 13:30:00+00:00,5527.91015625,5536.52001953125,5488.72998046875,5516.27001953125
2025-03-31 14:30:00+00:00,5516.25,5555.2001953125,5516.25,5546.41015625
2025-03-31 15:30:00+00:00,5546.75,5566.16015625,5540.740234375,5566.14013671875
2025-03-31 16:30:00+00:00,5566.18994140625,5572.60009765625,5550.419921875,5557.080078125
2025-03-31 17:30:00+00:00,5557.27978515625,5590.77001953125,5549.10009765625,5590.5
2025-03-31 18:30:00+00:00,5590.77001953125,5612.43994140625,5584.72021484375,5595.3798828125
2025-03-31 19:30:00+00:00,5595.35009765625,5627.56005859375,5593.10009765625,5611.330078125
2025-04-01 13:30:00+00:00,5597.52978515625,5607.16015625,5558.52001953125,5574.14990234375
2025-04-01 14:30:00+00:00,5574.02978515625,5640.6201171875,5572.7001953125,5630.83984375
2025-04-01 15:30:00+00:00,5630.47021484375,5650.56982421875,5624.64013671875,5629.85009765625
2025-04-01 16:30:00+00:00,5629.77001953125,5634.77978515625,5614.1298828125,5615.56005859375
2025-04-01 17:30:00+00:00,5615.58984375,5624.39990234375,5585.58984375,5588.72021484375
2025-04-01 18:30:00+00:00,5588.6201171875,5611.25,5583.22021484375,5606.4599609375
2025-04-01 19:30:00+00:00,5606.27001953125,5636.72021484375,5603.8701171875,5632.919921875
2025-04-02 13:30:00+00:00,5580.759765625,5630.22021484375,5571.47998046875,5629.89990234375
2025-04-02 14:30:00+00:00,5629.990234375,5659.14990234375,5625.89013671875,5655.2001953125
2025-04-02 15:30:00+00:00,5655.2099609375,5664.3701171875,5633.3701171875,5664.35986328125
2025-04-02 16:30:00+00:00,5664.47998046875,5695.31005859375,5657.8701171875,5682.8701171875
2025-04-02 17:30:00+00:00,5682.72021484375,5682.72021484375,5633.919921875,5634.10986328125
2025-04-02 18:30:00+00:00,5633.58984375,5658.64013671875,5632.14013671875,5653.10009765625
2025-04-02 19:30:00+00:00,5653.169921875,5677.93994140625,5648.7900390625,5669.25
2025-04-03 13:30:00+00:00,5492.740234375,5499.52978515625,5436.66015625,5451.7998046875
2025-04-03 14:30:00+00:00,5451.22998046875,5455.3798828125,5418.16015625,5438.419921875
2025-04-03 15:30:00+00:00,5438.2900390625,5479.830078125,5437.2099609375,5479.06005859375
2025-04-03 16:30:00+00:00,5479.14013671875,5483.0498046875,5440.68994140625,5443.08984375
2025-04-03 17:30:00+00:00,5443.33984375,5457.72021484375,5424.22021484375,5427.81005859375
2025-04-03 18:30:00+00:00,5427.830078125,5443.2001953125,5406.75,5410.81982421875
2025-04-03 19:30:00+00:00,5410.72021484375,5415.93017578125,5396.7001953125,5398.31005859375
2025-04-04 13:30:00+00:00,5292.14013671875,5292.14013671875,5180.39990234375,5180.64990234375
2025-04-04 14:30:00+00:00,5180.8798828125,5243.5,5118.77978515625,5182.93017578125
2025-04-04 15:30:00+00:00,5182.64013671875,5200.91015625,5137.97998046875,5141.7998046875
2025-04-04 16:30:00+00:00,5141.8701171875,5161.39990234375,5101.75,5129.97998046875
2025-04-04 17:30:00+00:00,5129.93994140625,5174.93017578125,5104.81005859375,5107.22021484375
2025-04-04 18:30:00+00:00,5106.52001953125,5137.259765625,5074.490234375,5123.240234375
2025-04-04 19:30:00+00:00,5123.6201171875,5156.56005859375,5069.89990234375,5075.240234375
2025-04-07 13:30:00+00:00,4953.7900390625,5246.56982421875,4835.0400390625,5005.33984375
2025-04-07 14:30:00+00:00,5005.740234375,5114.7099609375,4950.8701171875,4956.259765625
2025-04-07 15:30:00+00:00,4955.64013671875,5055.7099609375,4955.64013671875,5013.10009765625
2025-04-07 16:30:00+00:00,5012.990234375,5075.22998046875,4967.0,5073.93017578125
2025-04-07 17:30:00+00:00,5073.85009765625,5120.56982421875,5041.60986328125,5068.18994140625
2025-04-07 18:30:00+00:00,5068.259765625,5099.97021484375,5020.4501953125,5024.4599609375
2025-04-07 19:30:00+00:00,5024.39990234375,5083.77978515625,5024.39990234375,5059.85986328125
2025-04-08 13:30:00+00:00,5193.56982421875,5267.47021484375,5193.56982421875,5253.85986328125
2025-04-08 14:30:00+00:00,5253.009765625,5259.77001953125,5161.14990234375,5161.14990234375
2025-04-08 15:30:00+00:00,5161.18994140625,5203.27001953125,5136.9501953125,5157.0400390625
2025-04-08 16:30:00+00:00,5157.18017578125,5163.31005859375,5042.0,5042.60986328125
2025-04-08 17:30:00+00:00,5042.580078125,5107.2099609375,5039.60986328125,5041.77001953125
2025-04-08 18:30:00+00:00,5042.14013671875,5092.60009765625,4962.31982421875,4993.2099609375
2025-04-08 19:30:00+00:00,4993.35009765625,4993.35009765625,4910.419921875,4985.669921875
2025-04-09 13:30:00+00:00,4965.27978515625,5052.009765625,4956.0,5007.8798828125
2025-04-09 14:30:00+00:00,5007.89990234375,5029.0400390625,4948.43017578125,5000.1201171875
2025-04-09 15:30:00+00:00,4999.97998046875,5021.759765625,4966.580078125,5009.68994140625
2025-04-09 16:30:00+00:00,5010.27978515625,5351.169921875,5004.4599609375,5256.31982421875
2025-04-09 17:30:00+00:00,5256.83984375,5415.31005859375,5252.27001953125,5403.97021484375
2025-04-09 18:30:00+00:00,5402.47021484375,5435.81005859375,5315.5,5423.81982421875
2025-04-09 19:30:00+00:00,5423.77978515625,5481.33984375,5415.56005859375,5451.60986328125
2025-04-10 13:30:00+00:00,5353.14990234375,5353.14990234375,5282.72021484375,5301.35009765625
2025-04-10 14:30:00+00:00,5299.35986328125,5335.7001953125,5255.10986328125,5255.3798828125
2025-04-10 15:30:00+00:00,5255.39990234375,5259.4599609375,5115.27001953125,5136.33984375
2025-04-10 16:30:00+00:00,5136.5498046875,5262.0498046875,5134.8701171875,5209.93017578125
2025-04-10 17:30:00+00:00,5210.080078125,5303.3701171875,5202.25,5300.919921875
2025-04-10 18:30:00+00:00,5301.06005859375,5313.259765625,5244.1201171875,5244.18994140625
2025-04-10 19:30:00+00:00,5243.740234375,5281.83984375,5201.2001953125,5268.18017578125
2025-04-11 13:30:00+00:00,5255.56005859375,5304.93994140625,5221.60009765625,5225.14013671875
2025-04-11 14:30:00+00:00,5224.89990234375,5291.9501953125,5220.77001953125,5248.35986328125
2025-04-11 15:30:00+00:00,5248.0498046875,5303.33984375,5242.740234375,5291.35986328125
2025-04-11 16:30:00+00:00,5291.490234375,5347.5,5291.490234375,5315.66015625
2025-04-11 17:30:00+00:00,5315.93994140625,5381.4599609375,5307.66015625,5349.2099609375
2025-04-11 18:30:00+00:00,5348.830078125,5373.7099609375,5339.240234375,5365.2998046875
2025-04-11 19:30:00+00:00,5365.18017578125,5371.490234375,5353.93994140625,5361.2001953125
2025-04-14 13:30:00+00:00,5441.9599609375,5459.4599609375,5411.60986328125,5438.4501953125
2025-04-14 14:30:00+00:00,5438.919921875,5456.2001953125,5403.10009765625,5403.47021484375
2025-04-14 15:30:00+00:00,5403.5400390625,5416.33984375,5358.02001953125,5376.91015625
2025-04-14 16:30:00+00:00,5376.81982421875,5408.080078125,5372.35986328125,5392.419921875
2025-04-14 17:30:00+00:00,5391.8701171875,5422.77978515625,5384.10986328125,5421.89990234375
2025-04-14 18:30:00+00:00,5421.6298828125,5443.7001953125,5419.64990234375,5431.89990234375
2025-04-14 19:30:00+00:00,5431.89013671875,5439.56005859375,5402.14990234375,5405.56005859375
2025-04-15 13:30:00+00:00,5411.990234375,5450.41015625,5401.56982421875,5412.68994140625
2025-04-15 14:30:00+00:00,5412.58984375,5437.31005859375,5412.25,5419.9599609375
2025-04-15 15:30:00+00:00,5420.10009765625,5433.4501953125,5413.18994140625,5428.08984375
2025-04-15 16:30:00+00:00,5428.08984375,5431.66015625,5392.58984375,5395.759765625
2025-04-15 17:30:00+00:00,5395.68017578125,5409.509765625,5386.43994140625,5392.47998046875
2025-04-15 18:30:00+00:00,5392.490234375,5410.330078125,5392.0498046875,5401.3798828125
2025-04-15 19:30:00+00:00,5401.35986328125,5404.93994140625,5389.93994140625,5396.7001953125
2025-04-16 13:30:00+00:00,5335.75,5355.18994140625,5314.5,5335.47998046875
2025-04-16 14:30:00+00:00,5335.43994140625,5367.240234375,5331.64990234375,5363.75
2025-04-16 15:30:00+00:00,5363.75,5364.2998046875,5326.0400390625,5332.259765625
2025-04-16 16:30:00+00:00,5332.25,5337.91015625,5320.14013671875,5332.91015625
2025-04-16 17:30:00+00:00,5332.9599609375,5333.3798828125,5257.919921875,5277.89013671875
2025-04-16 18:30:00+00:00,5277.8798828125,5278.64013671875,5220.7900390625,5223.669921875
2025-04-16 19:30:00+00:00,5223.64013671875,5279.0400390625,5223.64013671875,5276.259765625
2025-04-17 13:30:00+00:00,5305.4501953125,5308.259765625,5268.52001953125,5268.85986328125
2025-04-17 14:30:00+00:00,5268.93994140625,5304.3701171875,5255.580078125,5283.66015625
2025-04-17 15:30:00+00:00,5283.85009765625,5314.7998046875,5280.22021484375,5311.83984375
2025-04-17 16:30:00+00:00,5311.89990234375,5319.93017578125,5293.58984375,5293.64013671875
2025-04-17 17:30:00+00:00,5293.68017578125,5328.31005859375,5293.68017578125,5317.2998046875
2025-04-17 18:30:00+00:00,5317.27001953125,5325.8701171875,5283.56982421875,5289.81005859375
2025-04-17 19:30:00+00:00,5289.759765625,5301.39013671875,5274.27978515625,5283.5
2025-04-21 13:30:00+00:00,5232.93994140625,5232.93994140625,5168.77001953125,5171.77978515625
2025-04-21 14:30:00+00:00,5171.9599609375,5184.14013671875,5145.02001953125,5147.3701171875
2025-04-21 15:30:00+00:00,5147.43994140625,5148.2001953125,5124.8701171875,5132.419921875
2025-04-21 16:30:00+00:00,5132.43994140625,5148.14013671875,5112.18017578125,5115.56982421875
2025-04-21 17:30:00+00:00,5115.5400390625,5121.1201171875,5101.6298828125,5115.2099609375
2025-04-21 18:30:00+00:00,5115.0400390625,5127.35009765625,5103.52978515625,5119.7099609375
2025-04-21 19:30:00+00:00,5119.64990234375,5164.56982421875,5119.64990234375,5157.81005859375
2025-04-22 13:30:00+00:00,5207.669921875,5250.2900390625,5207.669921875,5245.9599609375
2025-04-22 14:30:00+00:00,5244.0,5274.08984375,5241.919921875,5266.31005859375
2025-04-22 15:30:00+00:00,5266.35009765625,5309.60986328125,5254.259765625,5304.8798828125
2025-04-22 16:30:00+00:00,5304.7099609375,5307.2998046875,5241.419921875,5243.43994140625
2025-04-22 17:30:00+00:00,5243.3798828125,5272.5,5234.97021484375,5270.06005859375
2025-04-22 18:30:00+00:00,5270.0498046875,5288.27001953125,5259.81005859375,5263.31982421875
2025-04-22 19:30:00+00:00,5263.14013671875,5291.81005859375,5259.10009765625,5286.81005859375
2025-04-23 13:30:00+00:00,5395.919921875,5469.68994140625,5395.919921875,5455.2001953125
2025-04-23 14:30:00+00:00,5455.419921875,5468.8798828125,5394.22021484375,5401.580078125
2025-04-23 15:30:00+00:00,5401.77978515625,5410.77978515625,5357.64013671875,5379.27001953125
2025-04-23 16:30:00+00:00,5379.18017578125,5411.3798828125,5375.830078125,5399.89990234375
2025-04-23 17:30:00+00:00,5399.919921875,5405.97998046875,5380.89990234375,5382.72998046875
2025-04-23 18:30:00+00:00,5382.759765625,5393.4599609375,5358.43017578125,5363.77978515625
2025-04-23 19:30:00+00:00,5363.56005859375,5387.1201171875,5356.169921875,5372.419921875
2025-04-24 13:30:00+00:00,5381.3798828125,5439.990234375,5371.9599609375,5439.8701171875
2025-04-24 14:30:00+00:00,5439.91015625,5455.41015625,5429.08984375,5441.64013671875
2025-04-24 15:30:00+00:00,5442.85009765625,5465.68017578125,5437.3798828125,5460.81982421875
2025-04-24 16:30:00+00:00,5461.1201171875,5475.35986328125,5458.490234375,5467.06005859375
2025-04-24 17:30:00+00:00,5467.10986328125,5478.91015625,5461.509765625,5472.25
2025-04-24 18:30:00+00:00,5472.259765625,5485.5400390625,5461.1298828125,5466.75
2025-04-24 19:30:00+00:00,5466.68994140625,5489.39990234375,5465.3701171875,5483.58984375
2025-04-25 13:30:00+00:00,5489.72998046875,5498.47021484375,5458.0400390625,5463.89990234375
2025-04-25 14:30:00+00:00,5463.83984375,5492.27001953125,5455.85986328125,5482.4501953125
2025-04-25 15:30:00+00:00,5482.330078125,5502.9599609375,5475.39990234375,5502.06005859375
2025-04-25 16:30:00+00:00,5500.52978515625,5528.10986328125,5498.490234375,5527.7099609375
2025-04-25 17:30:00+00:00,5527.66015625,5527.830078125,5486.2900390625,5515.35009765625
2025-04-25 18:30:00+00:00,5515.3701171875,5525.22998046875,5511.85009765625,5514.419921875
2025-04-25 19:30:00+00:00,5514.41015625,5527.10009765625,5506.16015625,5523.52001953125
2025-04-28 13:30:00+00:00,5529.22021484375,5553.66015625,5514.83984375,5528.02001953125
2025-04-28 14:30:00+00:00,5527.830078125,5536.330078125,5487.990234375,5489.35986328125
2025-04-28 15:30:00+00:00,5489.22021484375,5502.259765625,5475.02001953125,5477.33984375
2025-04-28 16:30:00+00:00,5477.3701171875,5491.509765625,5469.60986328125,5471.47998046875
2025-04-28 17:30:00+00:00,5471.43994140625,5505.1298828125,5468.64013671875,5502.93994140625
2025-04-28 18:30:00+00:00,5502.7998046875,5525.4599609375,5498.18017578125,5523.419921875
2025-04-28 19:30:00+00:00,5523.39013671875,5539.64990234375,5517.4501953125,5528.64013671875
2025-04-29 13:30:00+00:00,5508.8701171875,5544.7900390625,5505.7001953125,5516.66015625
2025-04-29 14:30:00+00:00,5516.4599609375,5550.2099609375,5516.009765625,5540.27978515625
2025-04-29 15:30:00+00:00,5540.259765625,5551.56005859375,5527.47021484375,5546.60986328125
2025-04-29 16:30:00+00:00,5546.56005859375,5549.43994140625,5523.7001953125,5543.97998046875
2025-04-29 17:30:00+00:00,5544.0498046875,5571.9501953125,5543.64990234375,5566.18017578125
2025-04-29 18:30:00+00:00,5566.2099609375,5569.83984375,5559.6298828125,5563.4501953125
2025-04-29 19:30:00+00:00,5563.47021484375,5569.9599609375,5556.64013671875,5560.2998046875
2025-04-30 13:30:00+00:00,5499.43994140625,5499.43994140625,5433.240234375,5481.06005859375
2025-04-30 14:30:00+00:00,5481.0,5513.9501953125,5471.31005859375,5507.81982421875
2025-04-30 15:30:00+00:00,5507.81982421875,5518.990234375,5496.08984375,5498.72021484375
2025-04-30 16:30:00+00:00,5498.740234375,5517.64990234375,5489.509765625,5517.2001953125
2025-04-30 17:30:00+00:00,5517.18017578125,5546.47998046875,5515.56005859375,5521.58984375
2025-04-30 18:30:00+00:00,5521.75,5527.419921875,5509.02978515625,5515.66015625
2025-04-30 19:30:00+00:00,5515.72021484375,5581.83984375,5511.990234375,5560.16015625
2025-05-01 13:30:00+00:00,5625.14013671875,5640.27001953125,5606.759765625,5639.1201171875
2025-05-01 14:30:00+00:00,5639.0400390625,5658.91015625,5630.64990234375,5650.39013671875
2025-05-01 15:30:00+00:00,5650.5400390625,5651.6298828125,5609.39990234375,5620.990234375
2025-05-01 16:30:00+00:00,5620.93017578125,5637.259765625,5610.39990234375,5630.27001953125
2025-05-01 17:30:00+00:00,5630.3701171875,5640.6201171875,5617.56005859375,5636.16015625
2025-05-01 18:30:00+00:00,5636.14990234375,5643.6201171875,5627.02001953125,5637.759765625
2025-05-01 19:30:00+00:00,5637.68994140625,5639.81005859375,5597.35009765625,5602.31005859375
2025-05-02 13:30:00+00:00,5645.8798828125,5680.3798828125,5642.27978515625,5679.93994140625
2025-05-02 14:30:00+00:00,5680.2998046875,5680.2998046875,5662.97998046875,5663.8798828125
2025-05-02 15:30:00+00:00,5663.830078125,5696.60009765625,5661.72998046875,5689.7998046875
2025-05-02 16:30:00+00:00,5689.7998046875,5697.77978515625,5681.72021484375,5685.3701171875
2025-05-02 17:30:00+00:00,5685.35009765625,5696.52978515625,5682.9599609375,5694.22021484375
2025-05-02 18:30:00+00:00,5694.22998046875,5700.7001953125,5679.8798828125,5693.8798828125
2025-05-02 19:30:00+00:00,5693.7900390625,5695.14990234375,5678.43994140625,5685.72998046875
2025-05-05 13:30:00+00:00,5655.31982421875,5659.89990234375,5634.47998046875,5653.9599609375
2025-05-05 14:30:00+00:00,5654.06005859375,5670.240234375,5646.6201171875,5665.5498046875
2025-05-05 15:30:00+00:00,5665.58984375,5676.06005859375,5656.47021484375,5674.27001953125
2025-05-05 16:30:00+00:00,5673.93017578125,5676.81982421875,5666.43017578125,5669.06005859375
2025-05-05 17:30:00+00:00,5669.0498046875,5681.169921875,5668.4599609375,5679.0
2025-05-05 18:30:00+00:00,5679.02001953125,5683.3798828125,5663.33984375,5665.02978515625
2025-05-05 19:30:00+00:00,5665.02001953125,5670.52978515625,5648.2900390625,5651.2001953125
2025-05-06 13:30:00+00:00,5605.8701171875,5625.43017578125,5586.0400390625,5622.9501953125
2025-05-06 14:30:00+00:00,5622.9599609375,5634.919921875,5621.08984375,5633.7099609375
2025-05-06 15:30:00+00:00,5633.740234375,5649.580078125,5619.22021484375,5623.0498046875
2025-05-06 16:30:00+00:00,5623.0,5630.85009765625,5608.81982421875,5613.56005859375
2025-05-06 17:30:00+00:00,5613.52978515625,5621.72998046875,5600.97998046875,5621.68017578125
2025-05-06 18:30:00+00:00,5621.66015625,5627.83984375,5616.27001953125,5624.72998046875
2025-05-06 19:30:00+00:00,5624.75,5630.4501953125,5605.47021484375,5605.52001953125
2025-05-07 13:30:00+00:00,5614.18017578125,5636.77001953125,5613.31982421875,5635.5498046875
2025-05-07 14:30:00+00:00,5635.5498046875,5637.10009765625,5601.10009765625,5608.419921875
2025-05-07 15:30:00+00:00,5608.3798828125,5620.68017578125,5603.759765625,5609.0
2025-05-07 16:30:00+00:00,5609.02001953125,5635.14990234375,5608.43994140625,5630.02978515625
2025-05-07 17:30:00+00:00,5629.97998046875,5631.25,5578.64013671875,5596.7900390625
2025-05-07 18:30:00+00:00,5596.97998046875,5627.990234375,5591.43017578125,5596.2998046875
2025-05-07 19:30:00+00:00,5596.2001953125,5654.72998046875,5593.1201171875,5629.75
2025-05-08 13:30:00+00:00,5663.60009765625,5672.97998046875,5641.259765625,5661.56982421875
2025-05-08 14:30:00+00:00,5661.81982421875,5686.72021484375,5635.3798828125,5678.52978515625
2025-05-08 15:30:00+00:00,5678.89990234375,5713.830078125,5673.1298828125,5704.830078125
2025-05-08 16:30:00+00:00,5704.83984375,5720.10009765625,5704.56982421875,5709.18017578125
2025-05-08 17:30:00+00:00,5709.10009765625,5710.7900390625,5692.0400390625,5697.2998046875
2025-05-08 18:30:00+00:00,5697.27001953125,5710.259765625,5694.2998046875,5707.18994140625
2025-05-08 19:30:00+00:00,5707.22998046875,5707.89990234375,5662.5498046875,5663.85986328125
2025-05-09 13:30:00+00:00,5679.64990234375,5691.68994140625,5654.56005859375,5659.5400390625
2025-05-09 14:30:00+00:00,5659.58984375,5668.9599609375,5644.14990234375,5661.31982421875
2025-05-09 15:30:00+00:00,5661.330078125,5672.0498046875,5651.60986328125,5654.91015625
2025-05-09 16:30:00+00:00,5654.93017578125,5660.6298828125,5646.0,5655.85009765625
2025-05-09 17:30:00+00:00,5655.68994140625,5668.9501953125,5651.89013671875,5658.68017578125
2025-05-09 18:30:00+00:00,5658.77978515625,5674.52001953125,5658.5498046875,5665.60009765625
2025-05-09 19:30:00+00:00,5665.669921875,5667.169921875,5657.39990234375,5659.14990234375
2025-05-12 13:30:00+00:00,5807.2001953125,5828.66015625,5794.52978515625,5797.68017578125
2025-05-12 14:30:00+00:00,5797.47998046875,5817.35986328125,5786.080078125,5804.259765625
2025-05-12 15:30:00+00:00,5804.10986328125,5813.669921875,5796.02001953125,5809.240234375
2025-05-12 16:30:00+00:00,5809.14990234375,5839.68017578125,5808.85009765625,5829.35986328125
2025-05-12 17:30:00+00:00,5829.33984375,5837.27978515625,5828.2099609375,5835.43017578125
2025-05-12 18:30:00+00:00,5835.41015625,5841.14013671875,5827.52978515625,5830.39990234375
2025-05-12 19:30:00+00:00,5830.5400390625,5845.3701171875,5824.31982421875,5844.580078125
2025-05-13 13:30:00+00:00,5854.14990234375,5895.25,5845.02001953125,5885.41015625
2025-05-13 14:30:00+00:00,5885.259765625,5896.9501953125,5877.4599609375,5893.93017578125
2025-05-13 15:30:00+00:00,5893.93017578125,5899.990234375,5886.1201171875,5892.93994140625
2025-05-13 16:30:00+00:00,5893.009765625,5899.8701171875,5889.7099609375,5899.22998046875
2025-05-13 17:30:00+00:00,5899.18017578125,5906.47021484375,5891.02978515625,5895.68017578125
2025-05-13 18:30:00+00:00,5895.7099609375,5905.52001953125,5891.06005859375,5900.89990234375
2025-05-13 19:30:00+00:00,5900.8798828125,5906.64013671875,5884.47021484375,5884.8701171875
2025-05-14 13:30:00+00:00,5896.740234375,5906.5498046875,5880.75,5891.14990234375
2025-05-14 14:30:00+00:00,5891.080078125,5896.89990234375,5874.6201171875,5895.58984375
2025-05-14 15:30:00+00:00,5895.169921875,5901.240234375,5893.580078125,5895.5
2025-05-14 16:30:00+00:00,5895.490234375,5901.7001953125,5872.10986328125,5879.330078125
2025-05-14 17:30:00+00:00,5879.25,5892.39013671875,5878.60009765625,5884.1201171875
2025-05-14 18:30:00+00:00,5884.06982421875,5897.3798828125,5881.52978515625,5886.5
2025-05-14 19:30:00+00:00,5886.18994140625,5897.0400390625,5880.31005859375,5891.509765625
2025-05-15 13:30:00+00:00,5869.81982421875,5885.5400390625,5865.16015625,5872.9501953125
2025-05-15 14:30:00+00:00,5872.97998046875,5903.27978515625,5867.81982421875,5898.3701171875
2025-05-15 15:30:00+00:00,5898.5498046875,5913.830078125,5895.83984375,5907.08984375
2025-05-15 16:30:00+00:00,5907.14013671875,5924.2099609375,5904.0,5921.9599609375
2025-05-15 17:30:00+00:00,5922.0,5922.0498046875,5901.490234375,5909.35009765625
2025-05-15 18:30:00+00:00,5909.35009765625,5917.740234375,5898.52001953125,5901.97998046875
2025-05-15 19:30:00+00:00,5901.8701171875,5917.43994140625,5901.8701171875,5917.43994140625
2025-05-16 13:30:00+00:00,5929.08984375,5930.419921875,5914.35986328125,5923.25
2025-05-16 14:30:00+00:00,5923.18017578125,5925.10986328125,5907.35986328125,5923.330078125
2025-05-16 15:30:00+00:00,5923.39990234375,5936.81982421875,5923.3701171875,5934.97998046875
2025-05-16 16:30:00+00:00,5935.10986328125,5946.4501953125,5932.35009765625,5945.31982421875
2025-05-16 17:30:00+00:00,5945.2998046875,5948.9599609375,5940.3798828125,5946.81982421875
2025-05-16 18:30:00+00:00,5946.490234375,5957.14013671875,5945.68017578125,5952.56982421875
2025-05-16 19:30:00+00:00,5952.509765625,5958.6201171875,5946.52978515625,5958.39990234375
2025-05-19 13:30:00+00:00,5897.240234375,5946.259765625,5896.25,5935.35009765625
2025-05-19 14:30:00+00:00,5935.47998046875,5942.39013671875,5929.85009765625,5936.669921875
2025-05-19 15:30:00+00:00,5936.81982421875,5954.35009765625,5936.02978515625,5953.4501953125
2025-05-19 16:30:00+00:00,5953.35009765625,5968.60986328125,5949.25,5964.330078125
2025-05-19 17:30:00+00:00,5964.2900390625,5967.56982421875,5947.02001953125,5950.3701171875
2025-05-19 18:30:00+00:00,5950.43017578125,5959.2998046875,5945.490234375,5948.4599609375
2025-05-19 19:30:00+00:00,5948.3798828125,5965.10986328125,5948.22998046875,5964.16015625
2025-05-20 13:30:00+00:00,5944.66015625,5949.0498046875,5933.52978515625,5942.14990234375
2025-05-20 14:30:00+00:00,5942.0400390625,5953.06005859375,5938.85009765625,5947.39990234375
2025-05-20 15:30:00+00:00,5947.3701171875,5948.14013671875,5935.7001953125,5939.83984375
2025-05-20 16:30:00+00:00,5939.81005859375,5950.6298828125,5939.66015625,5947.31005859375
2025-05-20 17:30:00+00:00,5947.31982421875,5947.830078125,5920.0498046875,5921.3798828125
2025-05-20 18:30:00+00:00,5921.27001953125,5929.0,5909.259765625,5926.22021484375
2025-05-20 19:30:00+00:00,5926.259765625,5942.0498046875,5926.259765625,5940.830078125
2025-05-21 13:30:00+00:00,5910.18017578125,5924.39013671875,5899.64990234375,5909.77001953125
2025-05-21 14:30:00+00:00,5909.64013671875,5934.91015625,5901.9599609375,5930.60986328125
2025-05-21 15:30:00+00:00,5930.68017578125,5935.31982421875,5925.759765625,5930.77978515625
2025-05-21 16:30:00+00:00,5930.72998046875,5938.3701171875,5858.509765625,5858.9501953125
2025-05-21 17:30:00+00:00,5859.18017578125,5889.2998046875,5850.83984375,5865.39990234375
2025-05-21 18:30:00+00:00,5865.35986328125,5874.830078125,5830.91015625,5835.2998046875
2025-05-21 19:30:00+00:00,5835.1298828125,5858.0,5835.1298828125,5844.169921875
2025-05-22 13:30:00+00:00,5841.259765625,5863.43994140625,5825.81982421875,5840.85986328125
2025-05-22 14:30:00+00:00,5840.9501953125,5850.419921875,5827.7099609375,5839.1201171875
2025-05-22 15:30:00+00:00,5838.75,5867.580078125,5837.6201171875,5855.6298828125
2025-05-22 16:30:00+00:00,5855.6298828125,5860.31982421875,5838.85986328125,5858.68017578125
2025-05-22 17:30:00+00:00,5858.669921875,5872.02001953125,5855.419921875,5867.759765625
2025-05-22 18:30:00+00:00,5867.77978515625,5878.080078125,5861.72021484375,5877.14013671875
2025-05-22 19:30:00+00:00,5877.22021484375,5877.64013671875,5838.6298828125,5841.0
2025-05-23 13:30:00+00:00,5781.89013671875,5800.14013671875,5767.41015625,5788.8798828125
2025-05-23 14:30:00+00:00,5789.08984375,5800.81005859375,5780.83984375,5796.2900390625
2025-05-23 15:30:00+00:00,5796.35986328125,5808.0,5788.2998046875,5799.10009765625
2025-05-23 16:30:00+00:00,5799.1298828125,5823.66015625,5792.06982421875,5823.580078125
2025-05-23 17:30:00+00:00,5823.39013671875,5829.509765625,5812.7099609375,5819.0400390625
2025-05-23 18:30:00+00:00,5819.1201171875,5826.5400390625,5806.52978515625,5810.60986328125
2025-05-23 19:30:00+00:00,5810.77001953125,5821.6298828125,5797.47021484375,5804.16015625
2025-05-27 13:30:00+00:00,5854.06982421875,5894.330078125,5854.06982421875,5890.39990234375
2025-05-27 14:30:00+00:00,5890.4599609375,5901.56005859375,5888.43994140625,5899.81005859375
2025-05-27 15:30:00+00:00,5899.81982421875,5907.58984375,5896.7998046875,5905.330078125
2025-05-27 16:30:00+00:00,5905.3701171875,5917.9599609375,5905.16015625,5913.2099609375
2025-05-27 17:30:00+00:00,5913.259765625,5924.330078125,5911.77001953125,5918.47998046875
2025-05-27 18:30:00+00:00,5918.47998046875,5920.5400390625,5913.52978515625,5914.68994140625
2025-05-27 19:30:00+00:00,5914.7001953125,5921.75,5910.81982421875,5921.169921875
2025-05-28 13:30:00+00:00,5925.5400390625,5939.919921875,5912.0498046875,5914.31982421875
2025-05-28 14:30:00+00:00,5914.27978515625,5914.830078125,5903.8701171875,5905.830078125
2025-05-28 15:30:00+00:00,5905.81005859375,5911.35009765625,5901.7900390625,5910.4599609375
2025-05-28 16:30:00+00:00,5910.43017578125,5917.43017578125,5908.39990234375,5914.240234375
2025-05-28 17:30:00+00:00,5914.259765625,5915.85986328125,5906.77001953125,5912.25
2025-05-28 18:30:00+00:00,5912.33984375,5918.85986328125,5892.18017578125,5906.81005859375
2025-05-28 19:30:00+00:00,5906.77978515625,5907.6201171875,5881.8798828125,5889.5
2025-05-29 13:30:00+00:00,5939.9599609375,5943.1298828125,5897.4501953125,5912.60986328125
2025-05-29 14:30:00+00:00,5912.58984375,5922.18994140625,5905.3798828125,5919.14013671875
2025-05-29 15:30:00+00:00,5919.10986328125,5919.60986328125,5873.7998046875,5902.240234375
2025-05-29 16:30:00+00:00,5902.08984375,5915.43017578125,5901.2998046875,5905.33984375
2025-05-29 17:30:00+00:00,5905.3701171875,5909.31982421875,5888.1298828125,5892.16015625
2025-05-29 18:30:00+00:00,5892.009765625,5908.52001953125,5891.990234375,5900.75
2025-05-29 19:30:00+00:00,5900.740234375,5917.77001953125,5900.740234375,5912.16015625
2025-05-30 13:30:00+00:00,5903.669921875,5908.10986328125,5875.39990234375,5907.2001953125
2025-05-30 14:30:00+00:00,5907.25,5910.240234375,5892.27978515625,5902.64990234375
2025-05-30 15:30:00+00:00,5902.6201171875,5904.740234375,5858.8701171875,5860.10009765625
2025-05-30 16:30:00+00:00,5860.85986328125,5871.0498046875,5843.66015625,5869.60009765625
2025-05-30 17:30:00+00:00,5869.6298828125,5897.7099609375,5867.10986328125,5893.7998046875
2025-05-30 18:30:00+00:00,5893.7900390625,5919.9599609375,5889.25,5917.35009765625
2025-05-30 19:30:00+00:00,5917.330078125,5922.14013671875,5904.18994140625,5907.06005859375
2025-06-02 13:30:00+00:00,5896.68017578125,5908.009765625,5861.43017578125,5895.93017578125
2025-06-02 14:30:00+00:00,5895.7998046875,5906.330078125,5892.64013671875,5895.77978515625
2025-06-02 15:30:00+00:00,5895.9599609375,5910.91015625,5892.22998046875,5904.06005859375
2025-06-02 16:30:00+00:00,5904.1298828125,5916.2001953125,5901.47998046875,5909.10986328125
2025-06-02 17:30:00+00:00,5909.10009765625,5926.919921875,5905.6201171875,5925.22998046875
2025-06-02 18:30:00+00:00,5925.2900390625,5936.93994140625,5922.9501953125,5934.080078125
2025-06-02 19:30:00+00:00,5934.22021484375,5937.39990234375,5927.18017578125,5937.39990234375
2025-06-03 13:30:00+00:00,5938.56005859375,5948.52001953125,5929.0,5948.52001953125
2025-06-03 14:30:00+00:00,5948.81005859375,5961.66015625,5942.39013671875,5959.56982421875
2025-06-03 15:30:00+00:00,5959.85009765625,5972.580078125,5959.16015625,5971.18017578125
2025-06-03 16:30:00+00:00,5971.259765625,5981.35009765625,5971.02978515625,5978.169921875
2025-06-03 17:30:00+00:00,5978.18017578125,5980.3798828125,5959.25,5972.009765625
2025-06-03 18:30:00+00:00,5971.97998046875,5975.33984375,5968.740234375,5972.72998046875
2025-06-03 19:30:00+00:00,5972.740234375,5975.22998046875,5963.2099609375,5970.52978515625
2025-06-04 13:30:00+00:00,5978.93994140625,5990.47998046875,5966.10986328125,5986.8798828125
2025-06-04 14:30:00+00:00,5986.89990234375,5988.8798828125,5977.81005859375,5980.56982421875
2025-06-04 15:30:00+00:00,5980.47998046875,5984.0498046875,5968.85986328125,5969.83984375
2025-06-04 16:30:00+00:00,5969.7900390625,5984.64990234375,5969.35986328125,5983.47021484375
2025-06-04 17:30:00+00:00,5983.47998046875,5989.60986328125,5981.56005859375,5986.18017578125
2025-06-04 18:30:00+00:00,5986.25,5987.009765625,5977.85986328125,5980.580078125
2025-06-04 19:30:00+00:00,5980.64990234375,5982.52978515625,5970.52978515625,5971.16015625
2025-06-05 13:30:00+00:00,5985.669921875,5989.3701171875,5949.35986328125,5971.31005859375
2025-06-05 14:30:00+00:00,5971.31982421875,5996.89013671875,5951.89013671875,5996.35986328125
2025-06-05 15:30:00+00:00,5996.47021484375,5999.7001953125,5981.06982421875,5989.39990234375
2025-06-05 16:30:00+00:00,5989.330078125,5990.18994140625,5953.35009765625,5974.6298828125
2025-06-05 17:30:00+00:00,5974.6201171875,5979.39990234375,5942.06982421875,5963.02978515625
2025-06-05 18:30:00+00:00,5962.9599609375,5970.77001953125,5921.2001953125,5933.81005859375
2025-06-05 19:30:00+00:00,5933.85009765625,5956.52001953125,5932.58984375,5939.68017578125
2025-06-06 13:30:00+00:00,5987.06005859375,6016.8701171875,5987.06005859375,6001.02978515625
2025-06-06 14:30:00+00:00,6000.93017578125,6012.1201171875,5984.16015625,5992.7099609375
2025-06-06 15:30:00+00:00,5994.77001953125,6003.47998046875,5990.7001953125,5995.75
2025-06-06 16:30:00+00:00,5995.759765625,5997.83984375,5978.6298828125,5991.830078125
2025-06-06 17:30:00+00:00,5991.85009765625,6010.3798828125,5991.85009765625,6005.25
2025-06-06 18:30:00+00:00,6005.2900390625,6013.08984375,6001.6201171875,6003.0
2025-06-06 19:30:00+00:00,6002.93994140625,6007.5400390625,5999.47998046875,5999.66015625
2025-06-09 13:30:00+00:00,6004.6298828125,6009.5498046875,5994.18017578125,6006.77001953125
2025-06-09 14:30:00+00:00,6006.7998046875,6012.3701171875,5999.740234375,6001.2099609375
2025-06-09 15:30:00+00:00,6001.169921875,6009.2998046875,6001.169921875,6006.990234375
2025-06-09 16:30:00+00:00,6007.08984375,6019.83984375,6007.06005859375,6017.06982421875
2025-06-09 17:30:00+00:00,6017.14013671875,6021.31005859375,6014.7099609375,6019.43017578125
2025-06-09 18:30:00+00:00,6019.43017578125,6020.77978515625,6012.6298828125,6014.080078125
2025-06-09 19:30:00+00:00,6014.0400390625,6016.10009765625,6004.2001953125,6004.2001953125
2025-06-10 13:30:00+00:00,6009.91015625,6022.02001953125,6009.91015625,6020.990234375
2025-06-10 14:30:00+00:00,6020.89990234375,6024.85986328125,6018.66015625,6020.4599609375
2025-06-10 15:30:00+00:00,6020.43994140625,6028.64013671875,6000.27978515625,6027.60009765625
2025-06-10 16:30:00+00:00,6027.60986328125,6035.830078125,6026.3701171875,6027.7099609375
2025-06-10 17:30:00+00:00,6027.68994140625,6028.35986328125,6011.41015625,6018.2900390625
2025-06-10 18:30:00+00:00,6018.27001953125,6043.009765625,6017.5400390625,6035.5
2025-06-10 19:30:00+00:00,6035.52978515625,6040.43017578125,6025.5,6039.830078125
2025-06-11 13:30:00+00:00,6049.3798828125,6058.1298828125,6031.81005859375,6057.0
2025-06-11 14:30:00+00:00,6057.0,6058.759765625,6046.5400390625,6051.77001953125
2025-06-11 15:30:00+00:00,6050.22998046875,6052.91015625,6028.81005859375,6040.72998046875
2025-06-11 16:30:00+00:00,6040.669921875,6052.64990234375,6036.740234375,6052.08984375
2025-06-11 17:30:00+00:00,6052.1201171875,6052.89013671875,6002.31982421875,6016.009765625
2025-06-11 18:30:00+00:00,6016.009765625,6030.2001953125,6007.9501953125,6014.0
2025-06-11 19:30:00+00:00,6014.0400390625,6023.7900390625,6006.759765625,6023.72021484375
2025-06-12 13:30:00+00:00,6009.89990234375,6034.91015625,6003.8798828125,6033.85009765625
2025-06-12 14:30:00+00:00,6033.89013671875,6044.669921875,6025.60986328125,6032.68017578125
2025-06-12 15:30:00+00:00,6032.7099609375,6040.10009765625,6026.7998046875,6038.85986328125
2025-06-12 16:30:00+00:00,6038.85009765625,6041.91015625,6030.56982421875,6037.97021484375
2025-06-12 17:30:00+00:00,6038.009765625,6044.2099609375,6033.81005859375,6036.81982421875
2025-06-12 18:30:00+00:00,6036.8701171875,6044.10009765625,6034.0,6041.6298828125
2025-06-12 19:30:00+00:00,6041.6201171875,6045.2001953125,6033.1201171875,6045.2001953125
2025-06-13 13:30:00+00:00,6000.56005859375,6010.1298828125,5974.68017578125,5975.89990234375
2025-06-13 14:30:00+00:00,5975.91015625,6013.89990234375,5974.64990234375,6013.5498046875
2025-06-13 15:30:00+00:00,6013.60009765625,6026.16015625,6011.3798828125,6016.64990234375
2025-06-13 16:30:00+00:00,6016.56982421875,6022.2900390625,6000.58984375,6003.77978515625
2025-06-13 17:30:00+00:00,6003.77001953125,6010.22021484375,5978.669921875,5979.43994140625
2025-06-13 18:30:00+00:00,5979.31982421875,5983.93017578125,5964.259765625,5970.8798828125
2025-06-13 19:30:00+00:00,5970.89013671875,5979.77978515625,5963.2099609375,5977.47998046875
2025-06-16 13:30:00+00:00,6004.0,6047.81005859375,6004.0,6046.72998046875
2025-06-16 14:30:00+00:00,6046.89990234375,6050.830078125,6039.52978515625,6040.18017578125
2025-06-16 15:30:00+00:00,6040.3798828125,6044.81982421875,6035.31005859375,6037.14013671875
2025-06-16 16:30:00+00:00,6037.080078125,6041.830078125,6030.39990234375,6040.31982421875
2025-06-16 17:30:00+00:00,6040.3701171875,6043.2099609375,6028.68994140625,6032.31005859375
2025-06-16 18:30:00+00:00,6032.39013671875,6033.7998046875,6023.39990234375,6027.06982421875
2025-06-16 19:30:00+00:00,6027.08984375,6034.39990234375,6024.81005859375,6033.3798828125
2025-06-17 13:30:00+00:00,6012.14990234375,6023.25,6005.81982421875,6018.68017578125
2025-06-17 14:30:00+00:00,6018.5498046875,6023.25,6010.72998046875,6011.68017578125
2025-06-17 15:30:00+00:00,6011.72998046875,6022.06005859375,6008.89013671875,6018.5
2025-06-17 16:30:00+00:00,6018.43994140625,6022.56005859375,5996.85986328125,5996.85986328125
2025-06-17 17:30:00+00:00,5996.81982421875,6005.1201171875,5976.5,5980.31005859375
2025-06-17 18:30:00+00:00,5980.330078125,5989.91015625,5974.7998046875,5988.85009765625
2025-06-17 19:30:00+00:00,5988.83984375,5990.77978515625,5980.240234375,5982.06005859375
2025-06-18 13:30:00+00:00,5987.93017578125,6016.81005859375,5980.68017578125,6014.60986328125
2025-06-18 14:30:00+00:00,6014.4501953125,6018.25,6006.14013671875,6006.72998046875
2025-06-18 15:30:00+00:00,6009.009765625,6011.14990234375,6000.64013671875,6001.39990234375
2025-06-18 16:30:00+00:00,6001.3798828125,6006.97998046875,5994.77001953125,5994.77001953125
2025-06-18 17:30:00+00:00,5994.759765625,6014.5498046875,5987.1298828125,5999.64990234375
2025-06-18 18:30:00+00:00,5999.77001953125,6013.25,5971.89013671875,5975.81005859375
2025-06-18 19:30:00+00:00,5975.81982421875,5993.7001953125,5973.52001953125,5980.330078125
2025-06-20 13:30:00+00:00,5999.669921875,6018.2001953125,5977.31005859375,5985.22998046875
2025-06-20 14:30:00+00:00,5985.2099609375,5988.8701171875,5959.18017578125,5974.830078125
2025-06-20 15:30:00+00:00,5976.0498046875,5986.9599609375,5966.18994140625,5972.830078125
2025-06-20 16:30:00+00:00,5972.81982421875,5981.43994140625,5959.64013671875,5959.68017578125
2025-06-20 17:30:00+00:00,5959.66015625,5976.47998046875,5952.56005859375,5972.2099609375
2025-06-20 18:30:00+00:00,5972.25,5975.580078125,5956.6201171875,5958.39013671875
2025-06-20 19:30:00+00:00,5958.43994140625,5973.240234375,5957.18017578125,5968.33984375
2025-06-23 13:30:00+00:00,5969.669921875,6005.580078125,5958.16015625,5999.64990234375
2025-06-23 14:30:00+00:00,5999.740234375,6000.97998046875,5988.39990234375,5990.81982421875
2025-06-23 15:30:00+00:00,5987.64013671875,5990.91015625,5965.7001953125,5966.509765625
2025-06-23 16:30:00+00:00,5966.58984375,6002.56982421875,5943.22998046875,6000.77978515625
2025-06-23 17:30:00+00:00,6000.93994140625,6014.60009765625,6000.93994140625,6007.6298828125
2025-06-23 18:30:00+00:00,6007.58984375,6017.2001953125,6004.2998046875,6016.06982421875
2025-06-23 19:30:00+00:00,6016.06005859375,6028.77001953125,6012.93994140625,6024.75
2025-06-24 13:30:00+00:00,6061.2099609375,6078.7099609375,6059.25,6069.25
2025-06-24 14:30:00+00:00,6069.3798828125,6081.6201171875,6069.3798828125,6081.169921875
2025-06-24 15:30:00+00:00,6081.8701171875,6089.830078125,6080.580078125,6089.10986328125
2025-06-24 16:30:00+00:00,6089.14013671875,6095.3701171875,6087.330078125,6087.330078125
2025-06-24 17:30:00+00:00,6087.35009765625,6098.25,6087.31005859375,6093.81005859375
2025-06-24 18:30:00+00:00,6093.830078125,6100.240234375,6092.68994140625,6098.759765625
2025-06-24 19:30:00+00:00,6098.759765625,6101.759765625,6092.419921875,6093.27978515625
2025-06-25 13:30:00+00:00,6104.22998046875,6108.509765625,6096.8798828125,6100.830078125
2025-06-25 14:30:00+00:00,6101.009765625,6107.39013671875,6092.18017578125,6095.18994140625
2025-06-25 15:30:00+00:00,6095.169921875,6096.25,6088.81005859375,6093.31982421875
2025-06-25 16:30:00+00:00,6093.33984375,6094.8798828125,6086.259765625,6093.830078125
2025-06-25 17:30:00+00:00,6093.77978515625,6094.10986328125,6080.08984375,6087.4501953125
2025-06-25 18:30:00+00:00,6087.43994140625,6097.18017578125,6084.31982421875,6094.0498046875
2025-06-25 19:30:00+00:00,6094.06982421875,6094.490234375,6087.60009765625,6093.85986328125
2025-06-26 13:30:00+00:00,6112.08984375,6123.759765625,6107.27001953125,6123.2001953125
2025-06-26 14:30:00+00:00,6123.18017578125,6132.31005859375,6123.0400390625,6124.68994140625
2025-06-26 15:30:00+00:00,6124.77978515625,6134.990234375,6122.1201171875,6132.4501953125
2025-06-26 16:30:00+00:00,6132.509765625,6136.16015625,6130.31982421875,6135.35009765625
2025-06-26 17:30:00+00:00,6135.27978515625,6144.66015625,6135.27978515625,6140.89990234375
2025-06-26 18:30:00+00:00,6140.8701171875,6142.7998046875,6134.830078125,6140.14990234375
2025-06-26 19:30:00+00:00,6140.10009765625,6146.52001953125,6136.14990234375,6142.6201171875
2025-06-27 13:30:00+00:00,6150.7001953125,6178.740234375,6150.7001953125,6173.0
2025-06-27 14:30:00+00:00,6173.06005859375,6178.7998046875,6170.02978515625,6176.830078125
2025-06-27 15:30:00+00:00,6176.89013671875,6186.990234375,6176.89013671875,6186.759765625
2025-06-27 16:30:00+00:00,6186.759765625,6187.68017578125,6176.52001953125,6177.35009765625
2025-06-27 17:30:00+00:00,6177.3701171875,6179.27001953125,6147.27978515625,6147.330078125
2025-06-27 18:30:00+00:00,6147.10986328125,6150.5,6132.35009765625,6147.5498046875
2025-06-27 19:30:00+00:00,6147.56982421875,6174.7900390625,6147.56982421875,6171.97021484375
2025-06-30 13:30:00+00:00,6193.35986328125,6195.33984375,6183.0498046875,6189.10009765625
2025-06-30 14:30:00+00:00,6189.330078125,6189.97021484375,6179.830078125,6184.56005859375
2025-06-30 15:30:00+00:00,6184.6298828125,6192.02978515625,6183.830078125,6185.72021484375
2025-06-30 16:30:00+00:00,6185.669921875,6194.009765625,6185.2099609375,6187.97021484375
2025-06-30 17:30:00+00:00,6188.02001953125,6188.47998046875,6174.97021484375,6183.490234375
2025-06-30 18:30:00+00:00,6183.419921875,6205.259765625,6176.02978515625,6202.31982421875
2025-06-30 19:30:00+00:00,6202.31982421875,6215.080078125,6197.39990234375,6203.60009765625
2025-07-01 13:30:00+00:00,6187.25,6203.2099609375,6184.9599609375,6193.72998046875
2025-07-01 14:30:00+00:00,6193.60986328125,6199.0,6177.97021484375,6195.8798828125
2025-07-01 15:30:00+00:00,6195.759765625,6203.5498046875,6183.52978515625,6196.14013671875
2025-07-01 16:30:00+00:00,6196.08984375,6205.2900390625,6193.169921875,6203.490234375
2025-07-01 17:30:00+00:00,6203.4501953125,6210.77978515625,6200.7900390625,6202.85986328125
2025-07-01 18:30:00+00:00,6202.85986328125,6207.58984375,6190.31005859375,6206.1201171875
2025-07-01 19:30:00+00:00,6206.08984375,6209.52001953125,6197.2900390625,6197.580078125
2025-07-02 13:30:00+00:00,6193.8798828125,6210.47021484375,6188.2900390625,6209.14013671875
2025-07-02 14:30:00+00:00,6209.22998046875,6214.6298828125,6205.41015625,6210.93994140625
2025-07-02 15:30:00+00:00,6210.8701171875,6217.47998046875,6210.5400390625,6214.740234375
2025-07-02 16:30:00+00:00,6214.7001953125,6219.2001953125,6213.2900390625,6217.39990234375
2025-07-02 17:30:00+00:00,6217.41015625,6219.9599609375,6215.43017578125,6218.60009765625
2025-07-02 18:30:00+00:00,6218.580078125,6224.60986328125,6218.43017578125,6220.4599609375
2025-07-02 19:30:00+00:00,6220.41015625,6227.60009765625,6218.8701171875,6227.27001953125
2025-07-03 13:30:00+00:00,6246.4599609375,6272.85009765625,6246.4599609375,6271.8701171875
2025-07-03 14:30:00+00:00,6272.02978515625,6279.68994140625,6270.1298828125,6276.58984375
2025-07-03 15:30:00+00:00,6276.490234375,6282.7998046875,6276.08984375,6279.14990234375
2025-07-07 13:30:00+00:00,6259.0400390625,6262.06982421875,6248.22021484375,6252.3798828125
2025-07-07 14:30:00+00:00,6252.43017578125,6252.830078125,6237.759765625,6242.77978515625
2025-07-07 15:30:00+00:00,6242.60009765625,6244.66015625,6215.25,6227.990234375
2025-07-07 16:30:00+00:00,6227.93017578125,6234.0400390625,6217.419921875,6223.58984375
2025-07-07 17:30:00+00:00,6223.56982421875,6234.9501953125,6201.5,6201.6298828125
2025-07-07 18:30:00+00:00,6201.64990234375,6225.7900390625,6201.0,6216.77978515625
2025-07-07 19:30:00+00:00,6216.72021484375,6230.759765625,6216.2900390625,6230.759765625
2025-07-08 13:30:00+00:00,6234.02978515625,6238.4501953125,6218.91015625,6222.3798828125
2025-07-08 14:30:00+00:00,6222.41015625,6236.83984375,6217.75,6221.759765625
2025-07-08 15:30:00+00:00,6221.72021484375,6242.7001953125,6221.72021484375,6240.89990234375
2025-07-08 16:30:00+00:00,6240.89990234375,6241.759765625,6220.8798828125,6230.009765625
2025-07-08 17:30:00+00:00,6230.06005859375,6234.75,6224.5400390625,6228.52978515625
2025-07-08 18:30:00+00:00,6228.5498046875,6230.8701171875,6223.2900390625,6226.8798828125
2025-07-08 19:30:00+00:00,6226.83984375,6228.56005859375,6221.72021484375,6225.47998046875
2025-07-09 13:30:00+00:00,6243.330078125,6269.16015625,6243.330078125,6256.080078125
2025-07-09 14:30:00+00:00,6255.9501953125,6255.9501953125,6231.43017578125,6243.02978515625
2025-07-09 15:30:00+00:00,6243.0498046875,6247.14013671875,6236.06005859375,6240.490234375
2025-07-09 16:30:00+00:00,6240.47021484375,6248.6201171875,6239.08984375,6245.4599609375
2025-07-09 17:30:00+00:00,6245.43994140625,6254.66015625,6242.9501953125,6250.740234375
2025-07-09 18:30:00+00:00,6250.60986328125,6259.7099609375,6250.4599609375,6257.85009765625
2025-07-09 19:30:00+00:00,6257.8798828125,6263.85009765625,6256.4501953125,6262.27001953125
2025-07-10 13:30:00+00:00,6266.7998046875,6267.18994140625,6251.43994140625,6258.75
2025-07-10 14:30:00+00:00,6258.89013671875,6276.85009765625,6258.89013671875,6276.66015625
2025-07-10 15:30:00+00:00,6276.43994140625,6279.4501953125,6271.72998046875,6277.06005859375
2025-07-10 16:30:00+00:00,6277.0400390625,6284.02978515625,6274.009765625,6282.60009765625
2025-07-10 17:30:00+00:00,6282.64013671875,6290.22021484375,6282.6201171875,6287.68017578125
2025-07-10 18:30:00+00:00,6287.669921875,6288.10009765625,6282.77001953125,6283.490234375
2025-07-10 19:30:00+00:00,6283.43994140625,6287.85009765625,6274.08984375,6280.14013671875
2025-07-11 13:30:00+00:00,6255.68017578125,6264.2099609375,6237.60009765625,6261.97021484375
2025-07-11 14:30:00+00:00,6262.0,6265.4501953125,6249.18017578125,6254.66015625
2025-07-11 15:30:00+00:00,6254.830078125,6267.0400390625,6253.25,6260.93017578125
2025-07-11 16:30:00+00:00,6260.759765625,6266.60986328125,6257.009765625,6265.47021484375
2025-07-11 17:30:00+00:00,6265.490234375,6267.72998046875,6258.83984375,6263.830078125
2025-07-11 18:30:00+00:00,6263.919921875,6269.43994140625,6253.27978515625,6265.97998046875
2025-07-11 19:30:00+00:00,6266.0,6266.85009765625,6256.72021484375,6258.35009765625
2025-07-14 13:30:00+00:00,6255.14990234375,6259.009765625,6239.22021484375,6248.64013671875
2025-07-14 14:30:00+00:00,6248.66015625,6262.41015625,6245.6201171875,6262.41015625
2025-07-14 15:30:00+00:00,6262.2900390625,6265.419921875,6259.68994140625,6260.580078125
2025-07-14 16:30:00+00:00,6260.5400390625,6270.740234375,6258.18994140625,6268.85009765625
2025-07-14 17:30:00+00:00,6268.8701171875,6271.43994140625,6265.93994140625,6271.259765625
2025-07-14 18:30:00+00:00,6271.25,6273.31005859375,6266.8798828125,6268.58984375
2025-07-14 19:30:00+00:00,6268.64990234375,6270.77978515625,6264.77978515625,6268.10986328125
2025-07-15 13:30:00+00:00,6295.2900390625,6302.0400390625,6274.4599609375,6276.72998046875
2025-07-15 14:30:00+00:00,6276.64990234375,6276.93017578125,6259.14013671875,6272.43017578125
2025-07-15 15:30:00+00:00,6272.35986328125,6274.56005859375,6261.509765625,6263.5400390625
2025-07-15 16:30:00+00:00,6263.58984375,6266.6298828125,6250.97998046875,6259.47021484375
2025-07-15 17:30:00+00:00,6259.41015625,6269.6298828125,6259.39990234375,6267.10009765625
2025-07-15 18:30:00+00:00,6267.080078125,6269.47998046875,6251.60986328125,6254.0498046875
2025-07-15 19:30:00+00:00,6254.080078125,6258.490234375,6242.4501953125,6243.10009765625
2025-07-16 13:30:00+00:00,6254.5,6261.60009765625,6238.5400390625,6245.7900390625
2025-07-16 14:30:00+00:00,6245.58984375,6254.35009765625,6216.60986328125,6234.35009765625
2025-07-16 15:30:00+00:00,6234.1201171875,6244.9599609375,6201.58984375,6237.3701171875
2025-07-16 16:30:00+00:00,6237.35986328125,6258.1298828125,6232.93994140625,6251.8798828125
2025-07-16 17:30:00+00:00,6251.77978515625,6255.2900390625,6248.27001953125,6254.43017578125
2025-07-16 18:30:00+00:00,6254.39990234375,6265.7099609375,6254.39990234375,6262.39990234375
2025-07-16 19:30:00+00:00,6262.47998046875,6268.1201171875,6260.10986328125,6263.580078125
2025-07-17 13:30:00+00:00,6263.39990234375,6283.5400390625,6262.27001953125,6275.66015625
2025-07-17 14:30:00+00:00,6275.72998046875,6288.259765625,6271.93017578125,6287.81005859375
2025-07-17 15:30:00+00:00,6287.75,6296.1201171875,6286.93994140625,6289.6298828125
2025-07-17 16:30:00+00:00,6289.68994140625,6291.72998046875,6286.330078125,6291.259765625
2025-07-17 17:30:00+00:00,6291.31982421875,6299.9599609375,6291.16015625,6299.89990234375
2025-07-17 18:30:00+00:00,6299.81005859375,6304.68994140625,6297.41015625,6300.39013671875
2025-07-17 19:30:00+00:00,6300.5,6303.5400390625,6296.85986328125,6299.02001953125
2025-07-18 13:30:00+00:00,6312.9501953125,6315.60986328125,6292.7900390625,6293.89013671875
2025-07-18 14:30:00+00:00,6293.81982421875,6299.18994140625,6289.56982421875,6296.4501953125
2025-07-18 15:30:00+00:00,6296.4599609375,6302.02978515625,6286.7001953125,6289.77001953125
2025-07-18 16:30:00+00:00,6289.83984375,6293.9599609375,6285.27001953125,6289.83984375
2025-07-18 17:30:00+00:00,6289.93017578125,6295.58984375,6287.52978515625,6291.52978515625
2025-07-18 18:30:00+00:00,6291.580078125,6296.41015625,6290.81982421875,6294.169921875
2025-07-18 19:30:00+00:00,6294.18017578125,6298.16015625,6290.56982421875,6296.68017578125
2025-07-21 13:30:00+00:00,6304.740234375,6334.22021484375,6304.740234375,6333.740234375
2025-07-21 14:30:00+00:00,6333.7998046875,6335.14013671875,6327.3798828125,6333.52001953125
2025-07-21 15:30:00+00:00,6333.7001953125,6336.080078125,6326.56982421875,6328.4501953125
2025-07-21 16:30:00+00:00,6328.5,6335.83984375,6328.18017578125,6334.93994140625
2025-07-21 17:30:00+00:00,6334.91015625,6336.0400390625,6331.14990234375,6332.490234375
2025-07-21 18:30:00+00:00,6332.43994140625,6332.7001953125,6312.68017578125,6314.83984375
2025-07-21 19:30:00+00:00,6314.91015625,6317.31982421875,6303.7900390625,6307.4599609375
2025-07-22 13:30:00+00:00,6306.60009765625,6312.740234375,6281.7099609375,6290.8798828125
2025-07-22 14:30:00+00:00,6290.97998046875,6300.990234375,6290.22998046875,6296.97998046875
2025-07-22 15:30:00+00:00,6296.89990234375,6301.43994140625,6291.2099609375,6292.3701171875
2025-07-22 16:30:00+00:00,6292.3798828125,6311.5400390625,6291.27978515625,6310.85986328125
2025-07-22 17:30:00+00:00,6310.8701171875,6311.419921875,6296.58984375,6305.10009765625
2025-07-22 18:30:00+00:00,6305.080078125,6315.39990234375,6304.72021484375,6312.77978515625
2025-07-22 19:30:00+00:00,6312.81005859375,6316.1201171875,6309.1298828125,6309.1298828125
2025-07-23 13:30:00+00:00,6326.89990234375,6335.68017578125,6317.490234375,6327.330078125
2025-07-23 14:30:00+00:00,6327.39013671875,6329.85986328125,6321.60986328125,6328.52978515625
2025-07-23 15:30:00+00:00,6328.56005859375,6347.08984375,6325.4599609375,6337.22021484375
2025-07-23 16:30:00+00:00,6337.240234375,6342.3701171875,6334.5498046875,6341.6201171875
2025-07-23 17:30:00+00:00,6341.6201171875,6356.85986328125,6339.14013671875,6353.22021484375
2025-07-23 18:30:00+00:00,6353.18017578125,6355.1201171875,6350.830078125,6353.990234375
2025-07-23 19:30:00+00:00,6354.02978515625,6359.91015625,6350.2900390625,6359.91015625
2025-07-24 13:30:00+00:00,6368.60009765625,6374.60009765625,6360.56982421875,6368.89013671875
2025-07-24 14:30:00+00:00,6369.009765625,6379.5400390625,6367.97998046875,6375.4599609375
2025-07-24 15:30:00+00:00,6375.509765625,6377.77001953125,6363.56982421875,6366.14990234375
2025-07-24 16:30:00+00:00,6366.169921875,6379.66015625,6365.10986328125,6373.97021484375
2025-07-24 17:30:00+00:00,6373.990234375,6381.31005859375,6371.97998046875,6377.6298828125
2025-07-24 18:30:00+00:00,6377.64013671875,6379.330078125,6368.27001953125,6375.06005859375
2025-07-24 19:30:00+00:00,6374.990234375,6375.81982421875,6362.77001953125,6364.02001953125
2025-07-25 13:30:00+00:00,6370.009765625,6376.2998046875,6368.52978515625,6375.25
2025-07-25 14:30:00+00:00,6375.2900390625,6381.47021484375,6373.56005859375,6380.72021484375
2025-07-25 15:30:00+00:00,6380.7099609375,6389.22998046875,6376.5,6388.169921875
2025-07-25 16:30:00+00:00,6388.14013671875,6391.2001953125,6386.2900390625,6390.7998046875
2025-07-25 17:30:00+00:00,6390.77978515625,6395.3701171875,6389.830078125,6393.47021484375
2025-07-25 18:30:00+00:00,6393.52001953125,6395.81982421875,6391.81982421875,6393.41015625
2025-07-25 19:30:00+00:00,6393.3798828125,6394.740234375,6386.240234375,6389.58984375
2025-07-28 13:30:00+00:00,6397.68994140625,6401.06982421875,6392.02978515625,6398.08984375
2025-07-28 14:30:00+00:00,6397.990234375,6399.4501953125,6383.759765625,6391.08984375
2025-07-28 15:30:00+00:00,6391.1298828125,6396.31005859375,6390.43017578125,6394.259765625
2025-07-28 16:30:00+00:00,6394.31982421875,6394.31982421875,6382.35009765625,6383.25
2025-07-28 17:30:00+00:00,6383.1298828125,6387.39013671875,6375.7900390625,6380.10986328125
2025-07-28 18:30:00+00:00,6380.080078125,6382.91015625,6377.7998046875,6380.39990234375
2025-07-28 19:30:00+00:00,6380.41015625,6390.10986328125,6378.330078125,6389.580078125
2025-07-29 13:30:00+00:00,6405.6201171875,6409.259765625,6392.759765625,6397.240234375
2025-07-29 14:30:00+00:00,6397.35986328125,6398.02978515625,6372.14990234375,6372.85986328125
2025-07-29 15:30:00+00:00,6372.7001953125,6382.2900390625,6367.43017578125,6376.31982421875
2025-07-29 16:30:00+00:00,6376.31982421875,6385.990234375,6370.9599609375,6382.4599609375
2025-07-29 17:30:00+00:00,6382.47021484375,6384.02001953125,6370.10986328125,6373.47021484375
2025-07-29 18:30:00+00:00,6373.47021484375,6379.16015625,6371.169921875,6371.169921875
2025-07-29 19:30:00+00:00,6371.2099609375,6372.93994140625,6363.919921875,6371.6298828125
2025-07-30 13:30:00+00:00,6381.22998046875,6386.7900390625,6372.60009765625,6383.16015625
2025-07-30 14:30:00+00:00,6383.27001953125,6387.7998046875,6370.6201171875,6373.39990234375
2025-07-30 15:30:00+00:00,6373.47021484375,6387.08984375,6371.4501953125,6385.97021484375
2025-07-30 16:30:00+00:00,6385.919921875,6386.8701171875,6382.2900390625,6382.4599609375
2025-07-30 17:30:00+00:00,6382.4599609375,6390.25,6381.009765625,6387.91015625
2025-07-30 18:30:00+00:00,6387.89013671875,6396.5400390625,6336.3798828125,6340.60009765625
2025-07-30 19:30:00+00:00,6340.60986328125,6366.08984375,6337.0,6364.830078125
2025-07-31 13:30:00+00:00,6427.02001953125,6427.02001953125,6396.97021484375,6408.06005859375
2025-07-31 14:30:00+00:00,6407.91015625,6411.0400390625,6371.009765625,6382.27978515625
2025-07-31 15:30:00+00:00,6382.1298828125,6402.169921875,6381.39013671875,6400.81982421875
2025-07-31 16:30:00+00:00,6400.89013671875,6403.31982421875,6364.22998046875,6368.02001953125
2025-07-31 17:30:00+00:00,6368.02978515625,6376.02978515625,6334.6201171875,6361.6201171875
2025-07-31 18:30:00+00:00,6361.5498046875,6369.740234375,6346.3798828125,6347.52001953125
2025-07-31 19:30:00+00:00,6347.52001953125,6356.080078125,6327.64013671875,6341.5400390625
2025-08-01 13:30:00+00:00,6287.27978515625,6287.27978515625,6214.43017578125,6252.2998046875
2025-08-01 14:30:00+00:00,6252.66015625,6259.5400390625,6233.47998046875,6234.25
2025-08-01 15:30:00+00:00,6234.22998046875,6268.64990234375,6233.10009765625,6261.97021484375
2025-08-01 16:30:00+00:00,6261.85009765625,6263.22021484375,6222.83984375,6224.3798828125
2025-08-01 17:30:00+00:00,6224.3798828125,6236.5,6212.68994140625,6235.02978515625
2025-08-01 18:30:00+00:00,6235.080078125,6249.77978515625,6228.85986328125,6237.22021484375
2025-08-01 19:30:00+00:00,6237.259765625,6251.83984375,6228.22998046875,6237.2998046875
2025-08-04 13:30:00+00:00,6271.7099609375,6314.22021484375,6271.7099609375,6313.52001953125
2025-08-04 14:30:00+00:00,6313.68017578125,6315.10009765625,6304.330078125,6309.97021484375
2025-08-04 15:30:00+00:00,6309.93017578125,6320.35009765625,6305.5498046875,6317.10009765625
2025-08-04 16:30:00+00:00,6317.0400390625,6324.490234375,6316.68994140625,6322.39013671875
2025-08-04 17:30:00+00:00,6322.5400390625,6324.0498046875,6313.89013671875,6319.35009765625
2025-08-04 18:30:00+00:00,6319.2900390625,6325.91015625,6316.89013671875,6321.68017578125
2025-08-04 19:30:00+00:00,6321.72998046875,6330.68994140625,6318.18017578125,6329.5400390625
2025-08-05 13:30:00+00:00,6336.6298828125,6346.0,6311.18017578125,6317.0
2025-08-05 14:30:00+00:00,6317.06982421875,6317.06982421875,6289.3701171875,6298.41015625
2025-08-05 15:30:00+00:00,6298.7099609375,6310.85986328125,6291.06982421875,6309.8701171875
2025-08-05 16:30:00+00:00,6309.85986328125,6317.06005859375,6297.5400390625,6316.22998046875
2025-08-05 17:30:00+00:00,6316.25,6322.2998046875,6305.35009765625,6306.18994140625
2025-08-05 18:30:00+00:00,6306.33984375,6309.7998046875,6297.89990234375,6308.8701171875
2025-08-05 19:30:00+00:00,6308.919921875,6309.4501953125,6297.580078125,6299.18994140625
2025-08-06 13:30:00+00:00,6309.2998046875,6324.4501953125,6301.10986328125,6306.93994140625
2025-08-06 14:30:00+00:00,6306.83984375,6339.97021484375,6303.83984375,6338.93994140625
2025-08-06 15:30:00+00:00,6338.8701171875,6348.330078125,6331.77978515625,6342.85986328125
2025-08-06 16:30:00+00:00,6342.93994140625,6348.14990234375,6337.830078125,6342.14013671875
2025-08-06 17:30:00+00:00,6342.18994140625,6349.490234375,6338.990234375,6348.68994140625
2025-08-06 18:30:00+00:00,6348.64013671875,6350.75,6344.41015625,6349.009765625
2025-08-06 19:30:00+00:00,6348.97021484375,6352.830078125,6343.18017578125,6344.77978515625
2025-08-07 13:30:00+00:00,6374.31982421875,6389.7099609375,6350.72998046875,6356.6201171875
2025-08-07 14:30:00+00:00,6356.919921875,6361.72998046875,6337.14990234375,6338.81005859375
2025-08-07 15:30:00+00:00,6338.8701171875,6344.85986328125,6331.68017578125,6341.830078125
2025-08-07 16:30:00+00:00,6341.85986328125,6344.66015625,6319.4501953125,6319.4501953125
2025-08-07 17:30:00+00:00,6319.4599609375,6329.43994140625,6310.31982421875,6318.0400390625
2025-08-07 18:30:00+00:00,6317.91015625,6327.41015625,6313.830078125,6321.89990234375
2025-08-07 19:30:00+00:00,6321.89990234375,6341.080078125,6321.89990234375,6341.080078125
2025-08-08 13:30:00+00:00,6355.22021484375,6386.43017578125,6355.22021484375,6383.080078125
2025-08-08 14:30:00+00:00,6383.1298828125,6388.9501953125,6374.93017578125,6379.0
2025-08-08 15:30:00+00:00,6378.919921875,6391.330078125,6367.9599609375,6388.2099609375
2025-08-08 16:30:00+00:00,6388.080078125,6390.14990234375,6380.06982421875,6382.4501953125
2025-08-08 17:30:00+00:00,6382.52001953125,6395.16015625,6382.3798828125,6390.60009765625
2025-08-08 18:30:00+00:00,6390.64013671875,6394.490234375,6389.10986328125,6391.02001953125
2025-08-08 19:30:00+00:00,6390.93017578125,6390.93994140625,6379.39990234375,6390.18994140625
2025-08-11 13:30:00+00:00,6389.669921875,6397.93994140625,6385.89013671875,6390.7998046875
2025-08-11 14:30:00+00:00,6390.85009765625,6392.22021484375,6383.7900390625,6388.759765625
2025-08-11 15:30:00+00:00,6388.77978515625,6407.25,6385.9501953125,6403.6298828125
2025-08-11 16:30:00+00:00,6403.60009765625,6403.85009765625,6387.85009765625,6389.60009765625
2025-08-11 17:30:00+00:00,6389.60009765625,6391.8798828125,6381.27001953125,6382.81005859375
2025-08-11 18:30:00+00:00,6382.7998046875,6386.2998046875,6374.31005859375,6380.60986328125
2025-08-11 19:30:00+00:00,6380.60986328125,6381.4599609375,6364.06005859375,6374.490234375
2025-08-12 13:30:00+00:00,6395.169921875,6416.4599609375,6385.759765625,6410.8701171875
2025-08-12 14:30:00+00:00,6411.16015625,6428.75,6406.72998046875,6422.27978515625
2025-08-12 15:30:00+00:00,6422.3798828125,6432.89013671875,6420.56982421875,6432.06005859375
2025-08-12 16:30:00+00:00,6432.08984375,6438.14013671875,6431.830078125,6433.1201171875
2025-08-12 17:30:00+00:00,6433.16015625,6444.25,6432.35986328125,6440.35986328125
2025-08-12 18:30:00+00:00,6440.43994140625,6442.18017578125,6438.1201171875,6441.240234375
2025-08-12 19:30:00+00:00,6441.25,6446.5498046875,6437.31982421875,6445.2998046875
2025-08-13 13:30:00+00:00,6462.669921875,6480.27978515625,6458.33984375,6460.2001953125
2025-08-13 14:30:00+00:00,6460.580078125,6461.77001953125,6447.990234375,6454.52978515625
2025-08-13 15:30:00+00:00,6454.31982421875,6460.18994140625,6450.16015625,6450.85009765625
2025-08-13 16:30:00+00:00,6450.81982421875,6454.4501953125,6445.02001953125,6454.27978515625
2025-08-13 17:30:00+00:00,6454.2900390625,6460.0498046875,6445.990234375,6456.97998046875
2025-08-13 18:30:00+00:00,6457.02978515625,6464.66015625,6449.830078125,6460.77001953125
2025-08-13 19:30:00+00:00,6460.72021484375,6468.22998046875,6457.009765625,6466.7900390625
2025-08-14 13:30:00+00:00,6453.4599609375,6463.91015625,6441.06982421875,6460.56005859375
2025-08-14 14:30:00+00:00,6460.68017578125,6473.919921875,6448.080078125,6451.3798828125
2025-08-14 15:30:00+00:00,6451.18994140625,6459.64990234375,6444.97998046875,6449.47998046875
2025-08-14 16:30:00+00:00,6449.27978515625,6468.14013671875,6447.97998046875,6467.93017578125
2025-08-14 17:30:00+00:00,6467.8798828125,6468.06005859375,6456.759765625,6458.33984375
2025-08-14 18:30:00+00:00,6458.2900390625,6472.06982421875,6457.33984375,6467.56982421875
2025-08-14 19:30:00+00:00,6467.52978515625,6473.56005859375,6465.7900390625,6467.7998046875
2025-08-15 13:30:00+00:00,6477.3798828125,6481.33984375,6451.3798828125,6458.5
2025-08-15 14:30:00+00:00,6458.43994140625,6459.5400390625,6448.97021484375,6451.35986328125
2025-08-15 15:30:00+00:00,6451.3798828125,6457.66015625,6441.85009765625,6449.2001953125
2025-08-15 16:30:00+00:00,6449.35009765625,6459.06982421875,6449.27978515625,6457.91015625
2025-08-15 17:30:00+00:00,6457.9599609375,6464.7900390625,6456.35986328125,6461.7998046875
2025-08-15 18:30:00+00:00,6461.89990234375,6462.6201171875,6450.330078125,6454.27978515625
2025-08-15 19:30:00+00:00,6454.2900390625,6456.89013671875,6447.5,6450.1201171875
2025-08-18 13:30:00+00:00,6445.02001953125,6455.35009765625,6441.77978515625,6446.60009765625
2025-08-18 14:30:00+00:00,6446.25,6450.56005859375,6439.68017578125,6443.0
2025-08-18 15:30:00+00:00,6443.080078125,6448.27001953125,6441.31005859375,6446.75
2025-08-18 16:30:00+00:00,6446.740234375,6449.08984375,6437.7001953125,6447.2099609375
2025-08-18 17:30:00+00:00,6447.25,6453.580078125,6440.580078125,6443.27001953125
2025-08-18 18:30:00+00:00,6443.27978515625,6451.10009765625,6443.22998046875,6447.9599609375
2025-08-18 19:30:00+00:00,6447.93017578125,6454.10986328125,6447.009765625,6449.240234375
2025-08-19 13:30:00+00:00,6446.240234375,6456.47998046875,6435.47021484375,6445.2099609375
2025-08-19 14:30:00+00:00,6444.990234375,6450.27001953125,6420.66015625,6430.93994140625
2025-08-19 15:30:00+00:00,6430.9501953125,6434.08984375,6416.22998046875,6418.580078125
2025-08-19 16:30:00+00:00,6418.580078125,6420.66015625,6403.39013671875,6412.68017578125
2025-08-19 17:30:00+00:00,6412.60986328125,6416.22998046875,6404.22998046875,6406.16015625
2025-08-19 18:30:00+00:00,6406.10009765625,6407.60009765625,6400.22021484375,6406.97021484375
2025-08-19 19:30:00+00:00,6407.0498046875,6413.47021484375,6402.56982421875,6411.7998046875
2025-08-20 13:30:00+00:00,6406.6201171875,6408.39990234375,6350.47998046875,6353.490234375
2025-08-20 14:30:00+00:00,6353.43017578125,6379.0498046875,6343.85986328125,6378.5498046875
2025-08-20 15:30:00+00:00,6378.39990234375,6389.33984375,6362.16015625,6389.0400390625
2025-08-20 16:30:00+00:00,6389.0,6389.14990234375,6374.56982421875,6380.2998046875
2025-08-20 17:30:00+00:00,6380.35009765625,6394.27978515625,6367.77978515625,6372.97021484375
2025-08-20 18:30:00+00:00,6372.97021484375,6403.35986328125,6372.83984375,6397.97021484375
2025-08-20 19:30:00+00:00,6398.080078125,6405.10009765625,6393.490234375,6394.8798828125
2025-08-21 13:30:00+00:00,6380.830078125,6393.64990234375,6357.7900390625,6393.39013671875
2025-08-21 14:30:00+00:00,6393.47998046875,6393.47998046875,6367.669921875,6381.259765625
2025-08-21 15:30:00+00:00,6381.25,6389.669921875,6364.06005859375,6366.47021484375
2025-08-21 16:30:00+00:00,6366.490234375,6373.39990234375,6352.7099609375,6358.02978515625
2025-08-21 17:30:00+00:00,6358.009765625,6375.64990234375,6357.60009765625,6369.4501953125
2025-08-21 18:30:00+00:00,6369.4501953125,6379.02978515625,6365.68017578125,6373.3798828125
2025-08-21 19:30:00+00:00,6373.43994140625,6373.47998046875,6365.5498046875,6370.18017578125
2025-08-22 13:30:00+00:00,6384.58984375,6469.60986328125,6384.58984375,6456.14990234375
2025-08-22 14:30:00+00:00,6455.830078125,6477.080078125,6455.830078125,6473.60986328125
2025-08-22 15:30:00+00:00,6473.7998046875,6478.89013671875,6461.52978515625,6462.240234375
2025-08-22 16:30:00+00:00,6462.2001953125,6477.009765625,6457.330078125,6476.009765625
2025-08-22 17:30:00+00:00,6476.009765625,6477.97998046875,6467.39013671875,6467.830078125
2025-08-22 18:30:00+00:00,6468.009765625,6472.56982421875,6464.580078125,6464.77978515625
2025-08-22 19:30:00+00:00,6464.669921875,6468.6201171875,6457.16015625,6466.35009765625
2025-08-25 13:30:00+00:00,6457.669921875,6461.169921875,6448.0400390625,6455.47998046875
2025-08-25 14:30:00+00:00,6455.4501953125,6464.77001953125,6451.68017578125,6463.669921875
2025-08-25 15:30:00+00:00,6463.68017578125,6465.39013671875,6459.25,6463.77978515625
2025-08-25 16:30:00+00:00,6463.75,6466.89013671875,6458.2998046875,6460.31005859375
2025-08-25 17:30:00+00:00,6460.33984375,6461.7900390625,6454.10986328125,6455.77001953125
2025-08-25 18:30:00+00:00,6455.72998046875,6456.89013671875,6450.3701171875,6451.0498046875
2025-08-25 19:30:00+00:00,6450.97998046875,6452.1201171875,6438.06005859375,6439.4501953125
2025-08-26 13:30:00+00:00,6435.490234375,6446.9501953125,6429.2099609375,6444.85009765625
2025-08-26 14:30:00+00:00,6444.830078125,6445.56005859375,6437.41015625,6437.93994140625
2025-08-26 15:30:00+00:00,6437.97998046875,6448.89990234375,6436.7099609375,6447.02001953125
2025-08-26 16:30:00+00:00,6446.93994140625,6448.97021484375,6442.7099609375,6448.490234375
2025-08-26 17:30:00+00:00,6448.3701171875,6449.06005859375,6438.31982421875,6448.64013671875
2025-08-26 18:30:00+00:00,6448.66015625,6460.169921875,6448.66015625,6459.080078125
2025-08-26 19:30:00+00:00,6459.0498046875,6468.3701171875,6452.490234375,6465.7001953125
2025-08-27 13:30:00+00:00,6462.259765625,6477.240234375,6457.83984375,6474.85009765625
2025-08-27 14:30:00+00:00,6474.89013671875,6479.330078125,6471.91015625,6476.919921875
2025-08-27 15:30:00+00:00,6476.9599609375,6480.68994140625,6468.759765625,6473.0498046875
2025-08-27 16:30:00+00:00,6473.14013671875,6479.14990234375,6468.08984375,6478.169921875
2025-08-27 17:30:00+00:00,6478.169921875,6487.02978515625,6478.14990234375,6486.52001953125
2025-08-27 18:30:00+00:00,6486.509765625,6486.6201171875,6472.6201171875,6480.22021484375
2025-08-27 19:30:00+00:00,6480.259765625,6487.06005859375,6480.259765625,6480.85009765625
2025-08-28 13:30:00+00:00,6483.83984375,6495.43994140625,6466.9599609375,6473.47021484375
2025-08-28 14:30:00+00:00,6473.35009765625,6490.02978515625,6473.35009765625,6476.39990234375
2025-08-28 15:30:00+00:00,6476.27978515625,6496.18994140625,6476.27978515625,6495.2001953125
2025-08-28 16:30:00+00:00,6495.27978515625,6497.35009765625,6488.6298828125,6494.97998046875
2025-08-28 17:30:00+00:00,6494.9501953125,6500.490234375,6494.9501953125,6500.33984375
2025-08-28 18:30:00+00:00,6500.35009765625,6505.89013671875,6500.35009765625,6502.93017578125
2025-08-28 19:30:00+00:00,6503.0,6508.22998046875,6501.18017578125,6502.31005859375
2025-08-29 13:30:00+00:00,6489.27978515625,6491.759765625,6449.52001953125,6459.10986328125
2025-08-29 14:30:00+00:00,6459.169921875,6463.3701171875,6444.56982421875,6456.990234375
2025-08-29 15:30:00+00:00,6457.02978515625,6460.3701171875,6450.27978515625,6454.7998046875
2025-08-29 16:30:00+00:00,6454.81005859375,6462.8701171875,6447.81005859375,6452.240234375
2025-08-29 17:30:00+00:00,6452.3798828125,6462.7099609375,6451.33984375,6455.56005859375
2025-08-29 18:30:00+00:00,6455.52978515625,6462.6201171875,6454.7998046875,6458.47998046875
2025-08-29 19:30:00+00:00,6458.490234375,6463.8798828125,6450.4501953125,6461.81982421875
2025-09-02 13:30:00+00:00,6401.509765625,6412.009765625,6369.56982421875,6405.6201171875
2025-09-02 14:30:00+00:00,6405.4599609375,6406.9599609375,6372.97021484375,6377.259765625
2025-09-02 15:30:00+00:00,6377.2099609375,6377.2099609375,6360.580078125,6367.830078125
2025-09-02 16:30:00+00:00,6367.7900390625,6389.509765625,6367.77001953125,6387.7001953125
2025-09-02 17:30:00+00:00,6387.7001953125,6401.5,6387.64990234375,6388.5400390625
2025-09-02 18:30:00+00:00,6388.56005859375,6404.1201171875,6385.10009765625,6402.58984375
2025-09-02 19:30:00+00:00,6402.60986328125,6416.5400390625,6402.08984375,6414.9501953125
2025-09-03 13:30:00+00:00,6445.81982421875,6445.81982421875,6428.10009765625,6435.41015625
2025-09-03 14:30:00+00:00,6435.58984375,6453.669921875,6435.02001953125,6435.7001953125
2025-09-03 15:30:00+00:00,6435.77978515625,6442.56005859375,6432.08984375,6435.97998046875
2025-09-03 16:30:00+00:00,6435.990234375,6439.7900390625,6426.06005859375,6434.08984375
2025-09-03 17:30:00+00:00,6433.89990234375,6435.35986328125,6417.18994140625,6423.06005859375
2025-09-03 18:30:00+00:00,6423.02978515625,6423.6298828125,6416.169921875,6421.77001953125
2025-09-03 19:30:00+00:00,6421.7001953125,6447.81005859375,6421.7001953125,6447.81005859375
2025-09-04 13:30:00+00:00,6456.60009765625,6464.27978515625,6445.97998046875,6459.7900390625
2025-09-04 14:30:00+00:00,6459.919921875,6475.5400390625,6459.72998046875,6473.5400390625
2025-09-04 15:30:00+00:00,6473.4599609375,6476.75,6469.33984375,6470.31982421875
2025-09-04 16:30:00+00:00,6470.31005859375,6480.39013671875,6469.47998046875,6479.5400390625
2025-09-04 17:30:00+00:00,6479.490234375,6487.0498046875,6477.18017578125,6483.16015625
2025-09-04 18:30:00+00:00,6483.14013671875,6493.27001953125,6482.68994140625,6490.490234375
2025-09-04 19:30:00+00:00,6490.43994140625,6502.5400390625,6489.52978515625,6501.5
2025-09-05 13:30:00+00:00,6529.080078125,6532.64990234375,6471.68994140625,6475.8701171875
2025-09-05 14:30:00+00:00,6475.759765625,6476.97998046875,6443.97998046875,6472.89013671875
2025-09-05 15:30:00+00:00,6473.08984375,6479.7001953125,6464.18017578125,6467.81982421875
2025-09-05 16:30:00+00:00,6467.91015625,6475.85986328125,6463.3701171875,6469.1298828125
2025-09-05 17:30:00+00:00,6469.2001953125,6470.72021484375,6457.25,6467.3798828125
2025-09-05 18:30:00+00:00,6467.27001953125,6484.25,6467.27001953125,6481.97998046875
2025-09-05 19:30:00+00:00,6482.02978515625,6482.240234375,6472.419921875,6482.16015625
2025-09-08 13:30:00+00:00,6498.08984375,6501.68017578125,6487.72998046875,6498.47998046875
2025-09-08 14:30:00+00:00,6498.3798828125,6508.10009765625,6497.3701171875,6507.9599609375
2025-09-08 15:30:00+00:00,6507.97998046875,6508.669921875,6494.47021484375,6496.58984375
2025-09-08 16:30:00+00:00,6496.56005859375,6497.81005859375,6488.6298828125,6495.02978515625
2025-09-08 17:30:00+00:00,6495.080078125,6496.52978515625,6483.2900390625,6493.9501953125
2025-09-08 18:30:00+00:00,6493.93994140625,6495.60986328125,6484.18017578125,6485.68994140625
2025-09-08 19:30:00+00:00,6485.68994140625,6496.83984375,6484.83984375,6496.06005859375
2025-09-09 13:30:00+00:00,6503.330078125,6507.10009765625,6494.64013671875,6497.7998046875
2025-09-09 14:30:00+00:00,6497.7001953125,6498.14013671875,6483.080078125,6497.93017578125
2025-09-09 15:30:00+00:00,6497.740234375,6501.02978515625,6490.58984375,6498.77001953125
2025-09-09 16:30:00+00:00,6498.81982421875,6508.0498046875,6497.66015625,6505.85986328125
2025-09-09 17:30:00+00:00,6505.7998046875,6509.7998046875,6504.68017578125,6508.08984375
2025-09-09 18:30:00+00:00,6508.22998046875,6511.31982421875,6505.3701171875,6510.6201171875
2025-09-09 19:30:00+00:00,6510.7099609375,6518.22998046875,6506.7099609375,6512.39990234375
2025-09-10 13:30:00+00:00,6550.2900390625,6555.97021484375,6536.60986328125,6549.1298828125
2025-09-10 14:30:00+00:00,6549.27978515625,6550.4599609375,6534.27001953125,6538.0400390625
2025-09-10 15:30:00+00:00,6538.0400390625,6546.2998046875,6533.56005859375,6537.0498046875
2025-09-10 16:30:00+00:00,6537.080078125,6544.580078125,6531.39990234375,6532.77001953125
2025-09-10 17:30:00+00:00,6532.740234375,6537.18017578125,6523.75,6526.2001953125
2025-09-10 18:30:00+00:00,6526.259765625,6531.14990234375,6516.33984375,6518.41015625
2025-09-10 19:30:00+00:00,6518.43017578125,6536.68994140625,6517.1298828125,6531.89990234375
2025-09-11 13:30:00+00:00,6554.41015625,6572.08984375,6545.7998046875,6569.10986328125
2025-09-11 14:30:00+00:00,6569.169921875,6585.419921875,6568.75,6583.97021484375
2025-09-11 15:30:00+00:00,6583.97021484375,6587.080078125,6576.85009765625,6583.33984375
2025-09-11 16:30:00+00:00,6583.3798828125,6585.18994140625,6578.509765625,6581.25
2025-09-11 17:30:00+00:00,6581.1298828125,6586.169921875,6580.08984375,6582.89990234375
2025-09-11 18:30:00+00:00,6583.0,6587.7900390625,6581.58984375,6587.31005859375
2025-09-11 19:30:00+00:00,6587.27001953125,6592.89013671875,6585.4599609375,6586.7001953125
2025-09-12 13:30:00+00:00,6590.66015625,6591.72998046875,6580.47998046875,6589.0400390625
2025-09-12 14:30:00+00:00,6589.0498046875,6594.22021484375,6586.2099609375,6586.27001953125
2025-09-12 15:30:00+00:00,6586.25,6590.58984375,6582.1298828125,6590.58984375
2025-09-12 16:30:00+00:00,6590.580078125,6592.4501953125,6586.52978515625,6590.72021484375
2025-09-12 17:30:00+00:00,6590.72021484375,6594.9501953125,6588.509765625,6594.3798828125
2025-09-12 18:30:00+00:00,6594.39990234375,6600.2099609375,6590.8798828125,6591.47998046875
2025-09-12 19:30:00+00:00,6591.4501953125,6593.4599609375,6579.490234375,6583.97021484375
2025-09-15 13:30:00+00:00,6603.490234375,6617.009765625,6602.490234375,6615.5400390625
2025-09-15 14:30:00+00:00,6615.58984375,6619.6201171875,6611.509765625,6612.56982421875
2025-09-15 15:30:00+00:00,6612.509765625,6617.83984375,6611.31982421875,6614.52978515625
2025-09-15 16:30:00+00:00,6614.56005859375,6616.93017578125,6604.18017578125,6606.10986328125
2025-09-15 17:30:00+00:00,6606.14013671875,6614.8701171875,6605.7900390625,6607.18994140625
2025-09-15 18:30:00+00:00,6607.22998046875,6609.75,6602.06982421875,6609.08984375
2025-09-15 19:30:00+00:00,6609.0498046875,6616.8798828125,6606.169921875,6615.97021484375
2025-09-16 13:30:00+00:00,6624.1298828125,6626.990234375,6603.8798828125,6607.64990234375
2025-09-16 14:30:00+00:00,6607.64013671875,6610.97998046875,6602.169921875,6604.2900390625
2025-09-16 15:30:00+00:00,6604.39990234375,6607.759765625,6600.10986328125,6607.2900390625
2025-09-16 16:30:00+00:00,6607.31005859375,6612.490234375,6603.14013671875,6610.68017578125
2025-09-16 17:30:00+00:00,6610.669921875,6611.85986328125,6607.18017578125,6609.72998046875
2025-09-16 18:30:00+00:00,6609.75,6615.64013671875,6608.68994140625,6609.27001953125
2025-09-16 19:30:00+00:00,6609.240234375,6614.7001953125,6605.35986328125,6606.64013671875
2025-09-17 13:30:00+00:00,6604.8701171875,6613.7099609375,6598.4599609375,6599.16015625
2025-09-17 14:30:00+00:00,6599.0400390625,6604.7001953125,6596.93017578125,6597.419921875
2025-09-17 15:30:00+00:00,6597.3798828125,6601.33984375,6596.009765625,6597.18017578125
2025-09-17 16:30:00+00:00,6597.14990234375,6597.5,6589.22021484375,6594.43017578125
2025-09-17 17:30:00+00:00,6594.39990234375,6624.39013671875,6579.89013671875,6611.06005859375
2025-09-17 18:30:00+00:00,6611.27978515625,6614.7998046875,6551.14990234375,6610.64990234375
2025-09-17 19:30:00+00:00,6610.7001953125,6612.81005859375,6593.60986328125,6600.89013671875
2025-09-18 13:30:00+00:00,6626.85009765625,6653.60986328125,6611.89013671875,6652.6201171875
2025-09-18 14:30:00+00:00,6652.6298828125,6656.7998046875,6634.64013671875,6641.25
2025-09-18 15:30:00+00:00,6641.240234375,6647.52001953125,6630.89990234375,6642.6201171875
2025-09-18 16:30:00+00:00,6642.68994140625,6650.5400390625,6641.330078125,6641.8798828125
2025-09-18 17:30:00+00:00,6641.8798828125,6642.35009765625,6633.81005859375,6636.68017578125
2025-09-18 18:30:00+00:00,6636.669921875,6643.2900390625,6632.5,6635.3798828125
2025-09-18 19:30:00+00:00,6635.35986328125,6638.33984375,6627.919921875,6631.169921875
2025-09-19 13:30:00+00:00,6647.10986328125,6653.93994140625,6639.669921875,6645.56982421875
2025-09-19 14:30:00+00:00,6645.5400390625,6648.22021484375,6632.72998046875,6634.1298828125
2025-09-19 15:30:00+00:00,6634.06982421875,6652.740234375,6630.31005859375,6651.2900390625
2025-09-19 16:30:00+00:00,6651.2998046875,6653.97998046875,6647.56982421875,6651.1298828125
2025-09-19 17:30:00+00:00,6651.06982421875,6655.0,6649.7998046875,6651.58984375
2025-09-19 18:30:00+00:00,6651.64990234375,6666.5,6650.68994140625,6664.3798828125
2025-09-19 19:30:00+00:00,6664.3701171875,6671.81982421875,6660.1298828125,6662.83984375
2025-09-22 13:30:00+00:00,6654.27978515625,6667.83984375,6648.06982421875,6667.6298828125
2025-09-22 14:30:00+00:00,6667.52001953125,6679.35986328125,6665.60986328125,6676.02001953125
2025-09-22 15:30:00+00:00,6676.0400390625,6686.43994140625,6671.4599609375,6685.52978515625
2025-09-22 16:30:00+00:00,6685.47021484375,6691.990234375,6684.64990234375,6691.60009765625
2025-09-22 17:30:00+00:00,6691.5498046875,6694.3701171875,6687.25,6692.47021484375
2025-09-22 18:30:00+00:00,6692.43017578125,6698.77978515625,6691.33984375,6697.97021484375
2025-09-22 19:30:00+00:00,6697.91015625,6698.8798828125,6693.759765625,6693.759765625
2025-09-23 13:30:00+00:00,6692.43994140625,6699.52001953125,6689.8701171875,6692.2099609375
2025-09-23 14:30:00+00:00,6692.33984375,6693.47998046875,6686.72021484375,6687.9501953125
2025-09-23 15:30:00+00:00,6687.89990234375,6688.35009765625,6676.22021484375,6678.68017578125
2025-09-23 16:30:00+00:00,6678.6201171875,6684.740234375,6663.68994140625,6663.830078125
2025-09-23 17:30:00+00:00,6663.8701171875,6664.2001953125,6645.580078125,6652.240234375
2025-09-23 18:30:00+00:00,6652.169921875,6658.93017578125,6646.0,6649.47998046875
2025-09-23 19:30:00+00:00,6649.47998046875,6661.58984375,6648.9501953125,6658.08984375
2025-09-24 13:30:00+00:00,6669.7900390625,6672.66015625,6649.490234375,6657.85986328125
2025-09-24 14:30:00+00:00,6657.72998046875,6662.14013671875,6650.2900390625,6652.9501953125
2025-09-24 15:30:00+00:00,6652.81982421875,6653.02001953125,6621.759765625,6634.72998046875
2025-09-24 16:30:00+00:00,6634.740234375,6642.14013671875,6630.52001953125,6639.47998046875
2025-09-24 17:30:00+00:00,6639.5,6643.58984375,6625.75,6629.830078125
2025-09-24 18:30:00+00:00,6629.8798828125,6637.60986328125,6628.9501953125,6633.56982421875
2025-09-24 19:30:00+00:00,6633.68994140625,6639.740234375,6630.72021484375,6636.68017578125
2025-09-25 13:30:00+00:00,6608.18994140625,6617.009765625,6575.0400390625,6610.77001953125
2025-09-25 14:30:00+00:00,6610.7900390625,6616.580078125,6598.31982421875,6600.5
2025-09-25 15:30:00+00:00,6600.3798828125,6619.0,6600.3798828125,6605.25
2025-09-25 16:30:00+00:00,6605.240234375,6614.72021484375,6592.2099609375,6598.7998046875
2025-09-25 17:30:00+00:00,6598.77978515625,6600.259765625,6569.22021484375,6595.60009765625
2025-09-25 18:30:00+00:00,6595.5,6607.18017578125,6592.5498046875,6599.8798828125
2025-09-25 19:30:00+00:00,6599.91015625,6607.85986328125,6596.43017578125,6604.2001953125
2025-09-26 13:30:00+00:00,6615.3798828125,6648.97021484375,6604.43017578125,6613.2998046875
2025-09-26 14:30:00+00:00,6613.2900390625,6624.830078125,6606.81005859375,6624.56005859375
2025-09-26 15:30:00+00:00,6624.490234375,6633.06005859375,6611.0498046875,6630.18017578125
2025-09-26 16:30:00+00:00,6630.2001953125,6643.009765625,6626.75,6641.740234375
2025-09-26 17:30:00+00:00,6641.759765625,6645.58984375,6633.740234375,6642.8701171875
2025-09-26 18:30:00+00:00,6642.89013671875,6646.89990234375,6639.0400390625,6641.830078125
2025-09-26 19:30:00+00:00,6641.83984375,6644.7900390625,6637.27978515625,6643.5400390625
2025-09-29 13:30:00+00:00,6661.580078125,6677.31005859375,6661.580078125,6673.1298828125
2025-09-29 14:30:00+00:00,6673.16015625,6677.27001953125,6658.31982421875,6661.47998046875
2025-09-29 15:30:00+00:00,6661.4501953125,6663.31005859375,6653.89013671875,6660.22021484375
2025-09-29 16:30:00+00:00,6660.2099609375,6662.419921875,6649.35986328125,6650.89990234375
2025-09-29 17:30:00+00:00,6650.93017578125,6661.35986328125,6647.93017578125,6660.39990234375
2025-09-29 18:30:00+00:00,6660.43994140625,6661.25,6644.490234375,6651.35986328125
2025-09-29 19:30:00+00:00,6651.5,6663.2099609375,6651.47998046875,6661.7099609375
2025-09-30 13:30:00+00:00,6656.18994140625,6661.56982421875,6644.990234375,6653.18017578125
2025-09-30 14:30:00+00:00,6653.259765625,6660.52978515625,6641.0,6646.759765625
2025-09-30 15:30:00+00:00,6646.759765625,6665.14990234375,6643.97998046875,6658.7001953125
2025-09-30 16:30:00+00:00,6658.75,6661.3798828125,6642.7099609375,6645.97021484375
2025-09-30 17:30:00+00:00,6645.93017578125,6665.009765625,6642.89013671875,6663.9501953125
2025-09-30 18:30:00+00:00,6664.0,6679.97021484375,6661.58984375,6678.81005859375
2025-09-30 19:30:00+00:00,6678.81005859375,6691.25,6673.759765625,6687.06005859375
2025-10-01 13:30:00+00:00,6664.919921875,6682.6298828125,6656.2001953125,6680.81005859375
2025-10-01 14:30:00+00:00,6680.72021484375,6689.64990234375,6678.490234375,6688.56982421875
2025-10-01 15:30:00+00:00,6688.5,6697.18017578125,6688.3798828125,6694.68994140625
2025-10-01 16:30:00+00:00,6694.60009765625,6705.81982421875,6690.06005859375,6704.43017578125
2025-10-01 17:30:00+00:00,6704.509765625,6714.10009765625,6701.2001953125,6712.64013671875
2025-10-01 18:30:00+00:00,6712.64013671875,6718.47998046875,6712.0,6715.72021484375
2025-10-01 19:30:00+00:00,6715.68994140625,6717.5400390625,6710.7099609375,6710.919921875
2025-10-02 13:30:00+00:00,6731.31005859375,6731.93994140625,6707.759765625,6711.5498046875
2025-10-02 14:30:00+00:00,6711.6201171875,6714.669921875,6695.06982421875,6701.509765625
2025-10-02 15:30:00+00:00,6701.509765625,6708.97021484375,6693.22998046875,6706.72021484375
2025-10-02 16:30:00+00:00,6706.6298828125,6711.7900390625,6700.91015625,6710.41015625
2025-10-02 17:30:00+00:00,6710.35009765625,6722.02978515625,6708.89990234375,6721.4599609375
2025-10-02 18:30:00+00:00,6721.47998046875,6722.68017578125,6717.85986328125,6720.08984375
2025-10-02 19:30:00+00:00,6720.10009765625,6720.14990234375,6712.81982421875,6715.7998046875
2025-10-03 13:30:00+00:00,6722.14013671875,6740.68017578125,6722.14013671875,6738.27001953125
2025-10-03 14:30:00+00:00,6738.18994140625,6747.509765625,6737.6201171875,6742.27978515625
2025-10-03 15:30:00+00:00,6742.27978515625,6750.8701171875,6738.02978515625,6748.8798828125
2025-10-03 16:30:00+00:00,6748.81005859375,6749.43994140625,6727.919921875,6728.14013671875
2025-10-03 17:30:00+00:00,6728.08984375,6733.58984375,6705.669921875,6729.740234375
2025-10-03 18:30:00+00:00,6729.759765625,6730.7900390625,6717.39990234375,6720.6298828125
2025-10-03 19:30:00+00:00,6720.56982421875,6726.2001953125,6712.669921875,6715.85986328125
2025-10-06 13:30:00+00:00,6733.85986328125,6738.75,6717.77978515625,6728.990234375
2025-10-06 14:30:00+00:00,6728.93994140625,6737.990234375,6725.85009765625,6735.39013671875
2025-10-06 15:30:00+00:00,6735.509765625,6743.60986328125,6734.919921875,6742.47021484375
2025-10-06 16:30:00+00:00,6742.419921875,6747.6298828125,6737.509765625,6745.02001953125
2025-10-06 17:30:00+00:00,6745.02001953125,6749.0400390625,6742.27001953125,6746.75
2025-10-06 18:30:00+00:00,6746.81005859375,6749.52001953125,6740.4501953125,6741.43994140625
2025-10-06 19:30:00+00:00,6741.39013671875,6745.080078125,6739.6201171875,6740.2900390625
2025-10-07 13:30:00+00:00,6746.14013671875,6754.490234375,6736.4599609375,6736.68994140625
2025-10-07 14:30:00+00:00,6736.740234375,6739.9599609375,6710.9599609375,6715.60009765625
2025-10-07 15:30:00+00:00,6715.60986328125,6716.77978515625,6699.9599609375,6707.77978515625
2025-10-07 16:30:00+00:00,6707.72998046875,6719.2099609375,6705.68017578125,6713.47021484375
2025-10-07 17:30:00+00:00,6713.43994140625,6715.919921875,6702.18017578125,6709.64990234375
2025-10-07 18:30:00+00:00,6709.7998046875,6715.16015625,6709.10009765625,6709.7001953125
2025-10-07 19:30:00+00:00,6709.7001953125,6717.5498046875,6709.25,6714.27978515625
2025-10-08 13:30:00+00:00,6723.8701171875,6742.77001953125,6718.08984375,6742.490234375
2025-10-08 14:30:00+00:00,6742.580078125,6751.08984375,6737.27978515625,6749.419921875
2025-10-08 15:30:00+00:00,6749.4501953125,6754.91015625,6747.6298828125,6750.43994140625
2025-10-08 16:30:00+00:00,6750.43017578125,6754.22021484375,6746.35009765625,6753.2998046875
2025-10-08 17:30:00+00:00,6753.35986328125,6755.31005859375,6749.43994140625,6752.18017578125
2025-10-08 18:30:00+00:00,6752.240234375,6753.9599609375,6745.56005859375,6753.1298828125
2025-10-08 19:30:00+00:00,6753.10986328125,6755.64013671875,6750.509765625,6753.580078125
2025-10-09 13:30:00+00:00,6760.5,6763.52978515625,6735.18017578125,6735.89013671875
2025-10-09 14:30:00+00:00,6735.91015625,6742.64013671875,6723.740234375,6731.56982421875
2025-10-09 15:30:00+00:00,6731.490234375,6739.77978515625,6724.47021484375,6733.72998046875
2025-10-09 16:30:00+00:00,6733.72021484375,6734.85986328125,6717.52001953125,6718.4599609375
2025-10-09 17:30:00+00:00,6718.4501953125,6727.33984375,6716.169921875,6722.080078125
2025-10-09 18:30:00+00:00,6722.06982421875,6730.490234375,6719.169921875,6729.1201171875
2025-10-09 19:30:00+00:00,6729.10009765625,6736.4501953125,6728.39990234375,6734.91015625
2025-10-10 13:30:00+00:00,6740.490234375,6762.39990234375,6740.490234375,6748.259765625
2025-10-10 14:30:00+00:00,6748.33984375,6753.3798828125,6643.72021484375,6646.7099609375
2025-10-10 15:30:00+00:00,6646.47998046875,6662.0,6618.10009765625,6638.3701171875
2025-10-10 16:30:00+00:00,6638.4599609375,6648.7998046875,6600.3701171875,6620.10986328125
2025-10-10 17:30:00+00:00,6620.0498046875,6630.91015625,6609.31005859375,6613.89990234375
2025-10-10 18:30:00+00:00,6613.919921875,6616.72998046875,6578.0498046875,6581.77001953125
2025-10-10 19:30:00+00:00,6581.85009765625,6589.77001953125,6550.77978515625,6552.7998046875
2025-10-13 13:30:00+00:00,6622.52978515625,6654.8798828125,6620.7099609375,6631.740234375
2025-10-13 14:30:00+00:00,6631.81982421875,6651.58984375,6621.169921875,6649.56982421875
2025-10-13 15:30:00+00:00,6649.64990234375,6661.2001953125,6645.4599609375,6657.47021484375
2025-10-13 16:30:00+00:00,6657.64013671875,6668.68017578125,6652.89013671875,6654.3798828125
2025-10-13 17:30:00+00:00,6654.3701171875,6663.2900390625,6647.08984375,6662.81982421875
2025-10-13 18:30:00+00:00,6662.89013671875,6665.7900390625,6640.27001953125,6651.06005859375
2025-10-13 19:30:00+00:00,6651.0400390625,6659.31005859375,6649.740234375,6653.91015625
2025-10-14 13:30:00+00:00,6602.490234375,6621.68994140625,6555.06982421875,6621.0400390625
2025-10-14 14:30:00+00:00,6621.02001953125,6633.35986328125,6613.75,6619.3701171875
2025-10-14 15:30:00+00:00,6619.39990234375,6661.27978515625,6619.27978515625,6659.43994140625
2025-10-14 16:30:00+00:00,6659.52978515625,6678.43994140625,6659.14013671875,6675.64013671875
2025-10-14 17:30:00+00:00,6675.669921875,6680.7001953125,6666.56005859375,6674.16015625
2025-10-14 18:30:00+00:00,6674.14990234375,6676.259765625,6667.85009765625,6670.93994140625
2025-10-14 19:30:00+00:00,6670.990234375,6670.990234375,6626.41015625,6643.91015625
2025-10-15 13:30:00+00:00,6688.27001953125,6724.1201171875,6683.9501953125,6718.60986328125
2025-10-15 14:30:00+00:00,6718.7001953125,6721.41015625,6698.81982421875,6699.89013671875
2025-10-15 15:30:00+00:00,6700.18017578125,6700.990234375,6661.60009765625,6678.66015625
2025-10-15 16:30:00+00:00,6678.740234375,6678.91015625,6612.10986328125,6630.72998046875
2025-10-15 17:30:00+00:00,6630.7099609375,6670.6298828125,6630.009765625,6665.39990234375
2025-10-15 18:30:00+00:00,6665.41015625,6680.6201171875,6664.5498046875,6676.14990234375
2025-10-15 19:30:00+00:00,6676.16015625,6676.83984375,6654.7001953125,6671.5
2025-10-16 13:30:00+00:00,6689.02001953125,6703.14990234375,6677.58984375,6691.60009765625
2025-10-16 14:30:00+00:00,6691.580078125,6709.33984375,6677.7998046875,6680.77001953125
2025-10-16 15:30:00+00:00,6680.669921875,6689.41015625,6645.89990234375,6646.759765625
2025-10-16 16:30:00+00:00,6646.85986328125,6664.08984375,6616.47021484375,6657.68017578125
2025-10-16 17:30:00+00:00,6657.6298828125,6661.5400390625,6597.0,6605.7900390625
2025-10-16 18:30:00+00:00,6605.68017578125,6630.22998046875,6593.990234375,6611.1298828125
2025-10-16 19:30:00+00:00,6611.1298828125,6633.85986328125,6603.990234375,6629.0
2025-10-17 13:30:00+00:00,6613.27001953125,6658.0498046875,6603.759765625,6645.009765625
2025-10-17 14:30:00+00:00,6644.8798828125,6645.64013671875,6607.27001953125,6614.89013671875
2025-10-17 15:30:00+00:00,6615.08984375,6654.85009765625,6603.81005859375,6653.10986328125
2025-10-17 16:30:00+00:00,6653.10986328125,6657.60986328125,6628.35986328125,6633.64990234375
2025-10-17 17:30:00+00:00,6633.669921875,6671.6201171875,6629.9599609375,6668.83984375
2025-10-17 18:30:00+00:00,6668.8798828125,6678.8798828125,6663.06005859375,6673.27001953125
2025-10-17 19:30:00+00:00,6673.18994140625,6673.18994140625,6662.43994140625,6662.91015625
2025-10-20 13:30:00+00:00,6690.0498046875,6725.8798828125,6690.0498046875,6725.06005859375
2025-10-20 14:30:00+00:00,6725.169921875,6736.22998046875,6720.52001953125,6730.77001953125
2025-10-20 15:30:00+00:00,6731.02978515625,6734.990234375,6724.22998046875,6729.77978515625
2025-10-20 16:30:00+00:00,6729.83984375,6742.25,6725.669921875,6738.75
2025-10-20 17:30:00+00:00,6738.6298828125,6744.35009765625,6738.1298828125,6740.580078125
2025-10-20 18:30:00+00:00,6740.52001953125,6741.97021484375,6734.330078125,6739.16015625
2025-10-20 19:30:00+00:00,6739.10986328125,6742.47998046875,6734.2998046875,6734.77001953125
2025-10-21 13:30:00+00:00,6736.75,6741.27001953125,6722.02978515625,6728.68994140625
2025-10-21 14:30:00+00:00,6728.68994140625,6749.91015625,6724.66015625,6741.2001953125
2025-10-21 15:30:00+00:00,6741.10986328125,6749.0,6736.56982421875,6748.60986328125
2025-10-21 16:30:00+00:00,6748.68017578125,6752.16015625,6730.080078125,6738.02001953125
2025-10-21 17:30:00+00:00,6738.06982421875,6747.2001953125,6735.08984375,6745.18994140625
2025-10-21 18:30:00+00:00,6745.240234375,6746.56005859375,6739.4599609375,6741.22021484375
2025-10-21 19:30:00+00:00,6741.27978515625,6745.68994140625,6734.64013671875,6734.759765625
2025-10-22 13:30:00+00:00,6741.33984375,6741.75,6714.85986328125,6715.52978515625
2025-10-22 14:30:00+00:00,6715.68994140625,6725.93017578125,6697.77001953125,6700.6298828125
2025-10-22 15:30:00+00:00,6700.52001953125,6719.6201171875,6694.68994140625,6698.4599609375
2025-10-22 16:30:00+00:00,6698.52001953125,6702.919921875,6662.72998046875,6675.7001953125
2025-10-22 17:30:00+00:00,6675.58984375,6683.22021484375,6655.68994140625,6678.39013671875
2025-10-22 18:30:00+00:00,6678.3701171875,6697.7099609375,6673.6201171875,6696.47998046875
2025-10-22 19:30:00+00:00,6696.43994140625,6705.25,6695.35009765625,6699.77978515625
2025-10-23 13:30:00+00:00,6703.64990234375,6729.75,6700.14013671875,6716.2099609375
2025-10-23 14:30:00+00:00,6716.259765625,6726.0498046875,6712.81005859375,6722.47021484375
2025-10-23 15:30:00+00:00,6722.47021484375,6732.64990234375,6710.18017578125,6728.02978515625
2025-10-23 16:30:00+00:00,6727.919921875,6738.72998046875,6726.9501953125,6732.25
2025-10-23 17:30:00+00:00,6732.18994140625,6747.5498046875,6732.1298828125,6747.22998046875
2025-10-23 18:30:00+00:00,6747.14990234375,6749.52978515625,6745.56982421875,6746.93994140625
2025-10-23 19:30:00+00:00,6746.9599609375,6746.9599609375,6735.33984375,6738.169921875
2025-10-24 13:30:00+00:00,6772.06982421875,6801.2099609375,6772.06982421875,6790.5498046875
2025-10-24 14:30:00+00:00,6790.5400390625,6806.2001953125,6782.27978515625,6803.830078125
2025-10-24 15:30:00+00:00,6803.990234375,6806.419921875,6797.85986328125,6802.0400390625
2025-10-24 16:30:00+00:00,6801.81005859375,6804.14990234375,6794.56005859375,6802.759765625
2025-10-24 17:30:00+00:00,6802.85986328125,6806.08984375,6801.06005859375,6803.41015625
2025-10-24 18:30:00+00:00,6803.4501953125,6807.10986328125,6800.18017578125,6804.8798828125
2025-10-24 19:30:00+00:00,6804.7900390625,6804.9501953125,6789.330078125,6791.14013671875
2025-10-27 13:30:00+00:00,6845.4599609375,6859.1298828125,6843.93994140625,6853.259765625
2025-10-27 14:30:00+00:00,6853.27001953125,6856.39990234375,6848.47021484375,6855.830078125
2025-10-27 15:30:00+00:00,6855.8701171875,6860.10009765625,6854.22021484375,6857.259765625
2025-10-27 16:30:00+00:00,6857.18017578125,6861.35986328125,6853.830078125,6856.3701171875
2025-10-27 17:30:00+00:00,6856.39013671875,6862.31982421875,6855.31982421875,6861.33984375
2025-10-27 18:30:00+00:00,6861.240234375,6865.3798828125,6861.240234375,6864.68994140625
2025-10-27 19:30:00+00:00,6864.68017578125,6877.27978515625,6864.47021484375,6874.5
2025-10-28 13:30:00+00:00,6897.740234375,6897.740234375,6873.85986328125,6884.14013671875
2025-10-28 14:30:00+00:00,6884.02978515625,6886.39013671875,6876.759765625,6877.85986328125
2025-10-28 15:30:00+00:00,6877.7998046875,6884.06982421875,6870.72998046875,6883.740234375
2025-10-28 16:30:00+00:00,6883.72998046875,6896.52001953125,6883.3701171875,6892.240234375
2025-10-28 17:30:00+00:00,6892.2900390625,6906.89013671875,6891.75,6903.259765625
2025-10-28 18:30:00+00:00,6903.2998046875,6911.2998046875,6900.06982421875,6909.990234375
2025-10-28 19:30:00+00:00,6909.93994140625,6910.02001953125,6890.89013671875,6890.89013671875
2025-10-29 13:30:00+00:00,6910.9501953125,6920.33984375,6905.35009765625,6912.759765625
2025-10-29 14:30:00+00:00,6912.81982421875,6914.35009765625,6901.3701171875,6906.14013671875
2025-10-29 15:30:00+00:00,6906.10009765625,6908.10009765625,6898.39990234375,6907.72998046875
2025-10-29 16:30:00+00:00,6907.75,6910.8701171875,6900.6298828125,6902.56005859375
2025-10-29 17:30:00+00:00,6902.52001953125,6910.8798828125,6896.64990234375,6902.240234375
2025-10-29 18:30:00+00:00,6902.35986328125,6909.31982421875,6851.91015625,6876.47021484375
2025-10-29 19:30:00+00:00,6876.5498046875,6894.83984375,6863.60009765625,6892.169921875
2025-10-30 13:30:00+00:00,6860.5,6880.75,6834.93017578125,6856.35009765625
2025-10-30 14:30:00+00:00,6856.3798828125,6878.72021484375,6855.91015625,6870.16015625
2025-10-30 15:30:00+00:00,6870.27978515625,6873.93994140625,6852.3798828125,6871.5
2025-10-30 16:30:00+00:00,6871.7099609375,6871.72998046875,6853.2900390625,6866.64013671875
2025-10-30 17:30:00+00:00,6866.60986328125,6868.6298828125,6848.0400390625,6851.93994140625
2025-10-30 18:30:00+00:00,6852.02001953125,6856.89990234375,6825.52001953125,6834.7001953125
2025-10-30 19:30:00+00:00,6834.7001953125,6841.509765625,6820.68994140625,6822.43017578125
2025-10-31 13:30:00+00:00,6879.169921875,6879.169921875,6844.2900390625,6853.9501953125
2025-10-31 14:30:00+00:00,6853.56982421875,6868.7998046875,6852.259765625,6859.35986328125
2025-10-31 15:30:00+00:00,6859.41015625,6863.2900390625,6826.2099609375,6838.93017578125
2025-10-31 16:30:00+00:00,6838.91015625,6845.830078125,6814.259765625,6819.56982421875
2025-10-31 17:30:00+00:00,6819.52001953125,6845.56982421875,6815.89990234375,6844.77978515625
2025-10-31 18:30:00+00:00,6844.75,6863.990234375,6838.419921875,6862.60986328125
2025-10-31 19:30:00+00:00,6862.60009765625,6869.009765625,6840.22998046875,6840.22998046875
2025-11-03 14:30:00+00:00,6882.31982421875,6882.31982421875,6824.4501953125,6825.33984375
2025-11-03 15:30:00+00:00,6825.52001953125,6850.2001953125,6820.6201171875,6841.9501953125
2025-11-03 16:30:00+00:00,6841.97021484375,6860.3798828125,6841.41015625,6849.06982421875
2025-11-03 17:30:00+00:00,6848.97998046875,6863.31982421875,6848.68017578125,6857.7998046875
2025-11-03 18:30:00+00:00,6857.68017578125,6863.35986328125,6851.77001953125,6853.6298828125
2025-11-03 19:30:00+00:00,6853.7099609375,6857.89013671875,6847.52978515625,6852.6201171875
2025-11-03 20:30:00+00:00,6852.60986328125,6853.35986328125,6845.6298828125,6852.02978515625
2025-11-04 14:30:00+00:00,6788.52001953125,6817.1201171875,6766.7099609375,6814.27001953125
2025-11-04 15:30:00+00:00,6814.419921875,6820.2099609375,6796.5498046875,6803.0
2025-11-04 16:30:00+00:00,6802.93017578125,6807.08984375,6778.18994140625,6790.52001953125
2025-11-04 17:30:00+00:00,6790.5400390625,6792.93994140625,6770.91015625,6773.2099609375
2025-11-04 18:30:00+00:00,6773.0498046875,6786.740234375,6767.56005859375,6783.2900390625
2025-11-04 19:30:00+00:00,6783.3798828125,6784.2001953125,6766.759765625,6780.14013671875
2025-11-04 20:30:00+00:00,6780.18994140625,6785.97021484375,6766.97021484375,6772.39990234375
2025-11-05 14:30:00+00:00,6769.77001953125,6801.7099609375,6763.10986328125,6795.93017578125
2025-11-05 15:30:00+00:00,6795.7900390625,6804.68994140625,6788.64013671875,6804.27001953125
2025-11-05 16:30:00+00:00,6804.1298828125,6821.89990234375,6802.41015625,6821.18017578125
2025-11-05 17:30:00+00:00,6821.18994140625,6829.419921875,6820.81982421875,6825.080078125
2025-11-05 18:30:00+00:00,6825.02978515625,6829.77978515625,6818.5,6823.43017578125
2025-11-05 19:30:00+00:00,6823.2998046875,6826.43017578125,6817.9501953125,6818.72998046875
2025-11-05 20:30:00+00:00,6818.64990234375,6819.6201171875,6794.93994140625,6795.9501953125
2025-11-06 14:30:00+00:00,6787.58984375,6796.68017578125,6746.08984375,6765.85009765625
2025-11-06 15:30:00+00:00,6765.93017578125,6766.919921875,6722.14013671875,6734.18017578125
2025-11-06 16:30:00+00:00,6734.2099609375,6734.2099609375,6707.509765625,6715.8701171875
2025-11-06 17:30:00+00:00,6715.77978515625,6736.2900390625,6712.43017578125,6730.25
2025-11-06 18:30:00+00:00,6730.25,6755.85986328125,6730.25,6754.759765625
2025-11-06 19:30:00+00:00,6754.81005859375,6757.6298828125,6740.85009765625,6743.81982421875
2025-11-06 20:30:00+00:00,6743.8798828125,6747.52978515625,6715.97998046875,6721.72021484375
2025-11-07 14:30:00+00:00,6696.18017578125,6696.18017578125,6659.7900390625,6678.240234375
2025-11-07 15:30:00+00:00,6678.56982421875,6682.22998046875,6641.77001953125,6647.47021484375
2025-11-07 16:30:00+00:00,6647.60009765625,6661.97021484375,6631.43994140625,6655.27001953125
2025-11-07 17:30:00+00:00,6655.25,6675.47998046875,6640.52978515625,6673.009765625
2025-11-07 18:30:00+00:00,6672.9599609375,6686.7099609375,6662.830078125,6684.419921875
2025-11-07 19:30:00+00:00,6684.4501953125,6720.27001953125,6684.4501953125,6706.83984375
2025-11-07 20:30:00+00:00,6706.77001953125,6730.10986328125,6706.52978515625,6729.02001953125
2025-11-10 14:30:00+00:00,6785.35986328125,6812.7900390625,6785.35986328125,6808.72021484375
2025-11-10 15:30:00+00:00,6808.9501953125,6810.06005859375,6772.3798828125,6776.06005859375
2025-11-10 16:30:00+00:00,6775.91015625,6797.58984375,6770.56005859375,6794.18994140625
2025-11-10 17:30:00+00:00,6794.35009765625,6819.81005859375,6794.35009765625,6814.27978515625
2025-11-10 18:30:00+00:00,6814.33984375,6829.10986328125,6814.33984375,6827.4501953125
2025-11-10 19:30:00+00:00,6827.56005859375,6840.3798828125,6825.10986328125,6832.990234375
2025-11-10 20:30:00+00:00,6832.97021484375,6841.31982421875,6830.35009765625,6831.81982421875
2025-11-11 14:30:00+00:00,6815.64013671875,6828.64990234375,6807.580078125,6814.330078125
2025-11-11 15:30:00+00:00,6814.240234375,6827.10009765625,6806.8701171875,6812.81982421875
2025-11-11 16:30:00+00:00,6813.02978515625,6833.330078125,6807.72021484375,6829.81982421875
2025-11-11 17:30:00+00:00,6829.83984375,6851.64990234375,6829.25,6848.22998046875
2025-11-11 18:30:00+00:00,6848.33984375,6853.0,6841.330078125,6851.0400390625
2025-11-11 19:30:00+00:00,6851.1298828125,6855.1298828125,6847.35986328125,6848.919921875
2025-11-11 20:30:00+00:00,6848.85009765625,6855.080078125,6842.3798828125,6848.08984375
2025-11-12 14:30:00+00:00,6867.77001953125,6869.91015625,6847.18017578125,6851.3798828125
2025-11-12 15:30:00+00:00,6851.27978515625,6851.85986328125,6830.72998046875,6844.490234375
2025-11-12 16:30:00+00:00,6843.77978515625,6849.2001953125,6829.6201171875,6844.35986328125
2025-11-12 17:30:00+00:00,6844.47998046875,6859.27001953125,6843.85009765625,6854.47021484375
2025-11-12 18:30:00+00:00,6854.58984375,6861.2001953125,6845.10986328125,6847.0498046875
2025-11-12 19:30:00+00:00,6847.08984375,6853.47998046875,6840.7099609375,6853.10986328125
2025-11-12 20:30:00+00:00,6853.06005859375,6859.81982421875,6845.9599609375,6852.0
2025-11-13 14:30:00+00:00,6826.47021484375,6828.0498046875,6794.91015625,6808.0
2025-11-13 15:30:00+00:00,6808.08984375,6808.58984375,6768.75,6776.22021484375
2025-11-13 16:30:00+00:00,6776.25,6784.66015625,6761.27001953125,6778.240234375
2025-11-13 17:30:00+00:00,6778.18994140625,6783.330078125,6744.91015625,6746.89990234375
2025-11-13 18:30:00+00:00,6746.97021484375,6754.580078125,6733.7998046875,6754.2099609375
2025-11-13 19:30:00+00:00,6754.39013671875,6755.06982421875,6724.72021484375,6735.27978515625
2025-11-13 20:30:00+00:00,6735.27001953125,6749.06982421875,6726.31982421875,6738.52001953125
2025-11-14 14:30:00+00:00,6672.14013671875,6717.33984375,6646.8701171875,6715.72021484375
2025-11-14 15:30:00+00:00,6715.68017578125,6766.7900390625,6709.990234375,6761.740234375
2025-11-14 16:30:00+00:00,6761.91015625,6774.31005859375,6749.6298828125,6768.0498046875
2025-11-14 17:30:00+00:00,6768.1298828125,6773.89013671875,6739.31005859375,6748.7900390625
2025-11-14 18:30:00+00:00,6748.6201171875,6761.56005859375,6732.990234375,6757.31005859375
2025-11-14 19:30:00+00:00,6757.52001953125,6768.6201171875,6740.2900390625,6744.22021484375
2025-11-14 20:30:00+00:00,6744.18017578125,6748.2900390625,6729.169921875,6735.10009765625
2025-11-17 14:30:00+00:00,6713.60986328125,6754.5,6704.58984375,6737.41015625
2025-11-17 15:30:00+00:00,6737.43017578125,6739.77978515625,6695.259765625,6721.490234375
2025-11-17 16:30:00+00:00,6721.68017578125,6746.669921875,6721.06005859375,6739.64990234375
2025-11-17 17:30:00+00:00,6739.60986328125,6742.47021484375,6699.43017578125,6703.83984375
2025-11-17 18:30:00+00:00,6703.85009765625,6715.0400390625,6666.3701171875,6674.85986328125
2025-11-17 19:30:00+00:00,6674.77978515625,6677.3701171875,6638.89990234375,6653.27001953125
2025-11-17 20:30:00+00:00,6653.66015625,6673.75,6647.7998046875,6672.91015625
2025-11-18 14:30:00+00:00,6641.18994140625,6656.68994140625,6583.83984375,6606.259765625
2025-11-18 15:30:00+00:00,6606.3798828125,6634.43994140625,6574.31982421875,6631.85986328125
2025-11-18 16:30:00+00:00,6632.18017578125,6639.5,6602.16015625,6602.39013671875
2025-11-18 17:30:00+00:00,6602.56005859375,6660.33984375,6595.669921875,6649.72021484375
2025-11-18 18:30:00+00:00,6649.580078125,6666.6298828125,6642.5400390625,6645.0498046875
2025-11-18 19:30:00+00:00,6645.419921875,6665.009765625,6631.72021484375,6640.14990234375
2025-11-18 20:30:00+00:00,6640.240234375,6643.2998046875,6616.93994140625,6616.93994140625
2025-11-19 14:30:00+00:00,6625.83984375,6689.75,6618.47998046875,6679.009765625
2025-11-19 15:30:00+00:00,6679.080078125,6681.81005859375,6628.91015625,6635.83984375
2025-11-19 16:30:00+00:00,6636.0,6644.8701171875,6618.52978515625,6627.60009765625
2025-11-19 17:30:00+00:00,6627.64990234375,6641.33984375,6603.5,6625.72021484375
2025-11-19 18:30:00+00:00,6625.77978515625,6648.97021484375,6611.419921875,6613.7998046875
2025-11-19 19:30:00+00:00,6613.93994140625,6659.39990234375,6609.27978515625,6650.81005859375
2025-11-19 20:30:00+00:00,6650.77978515625,6663.2900390625,6635.7998046875,6642.93017578125
2025-11-20 14:30:00+00:00,6737.93017578125,6769.60986328125,6737.93017578125,6762.97998046875
2025-11-20 15:30:00+00:00,6763.02001953125,6770.35009765625,6690.1201171875,6693.919921875
2025-11-20 16:30:00+00:00,6693.740234375,6696.35009765625,6580.93017578125,6600.22021484375
2025-11-20 17:30:00+00:00,6599.97998046875,6633.7001953125,6569.2099609375,6610.60009765625
2025-11-20 18:30:00+00:00,6610.68017578125,6613.990234375,6553.35986328125,6584.60986328125
2025-11-20 19:30:00+00:00,6584.64990234375,6596.2998046875,6567.39990234375,6576.31982421875
2025-11-20 20:30:00+00:00,6576.240234375,6579.93017578125,6534.0498046875,6539.18017578125
2025-11-21 14:30:00+00:00,6555.77001953125,6578.52001953125,6537.56982421875,6543.990234375
2025-11-21 15:30:00+00:00,6543.830078125,6573.5498046875,6521.919921875,6573.52978515625
2025-11-21 16:30:00+00:00,6573.490234375,6626.330078125,6567.490234375,6617.3798828125
2025-11-21 17:30:00+00:00,6617.91015625,6629.22021484375,6583.68017578125,6597.9599609375
2025-11-21 18:30:00+00:00,6597.93994140625,6660.0498046875,6595.0498046875,6657.43994140625
2025-11-21 19:30:00+00:00,6657.2998046875,6659.6201171875,6611.3798828125,6611.39990234375
2025-11-21 20:30:00+00:00,6611.1201171875,6626.580078125,6596.990234375,6603.7998046875
2025-11-24 14:30:00+00:00,6636.5400390625,6672.31982421875,6630.7001953125,6670.0498046875
2025-11-24 15:30:00+00:00,6670.0498046875,6699.080078125,6664.5,6694.64013671875
2025-11-24 16:30:00+00:00,6694.64013671875,6699.080078125,6684.35986328125,6696.77001953125
2025-11-24 17:30:00+00:00,6696.58984375,6712.419921875,6694.68994140625,6707.27978515625
2025-11-24 18:30:00+00:00,6707.18994140625,6712.77001953125,6702.81982421875,6703.81982421875
2025-11-24 19:30:00+00:00,6703.830078125,6709.60009765625,6693.56982421875,6704.16015625
2025-11-24 20:30:00+00:00,6704.06982421875,6715.75,6701.18017578125,6704.669921875
2025-11-25 14:30:00+00:00,6697.02978515625,6714.72021484375,6659.97998046875,6700.27001953125
2025-11-25 15:30:00+00:00,6700.35009765625,6724.91015625,6699.43994140625,6718.6201171875
2025-11-25 16:30:00+00:00,6718.72021484375,6753.169921875,6717.240234375,6747.7001953125
2025-11-25 17:30:00+00:00,6747.60986328125,6758.47998046875,6746.4599609375,6754.47998046875
2025-11-25 18:30:00+00:00,6754.52001953125,6758.3798828125,6741.93017578125,6747.490234375
2025-11-25 19:30:00+00:00,6747.3798828125,6762.18994140625,6738.72998046875,6759.83984375
2025-11-25 20:30:00+00:00,6759.85009765625,6776.39990234375,6759.47021484375,6766.10009765625
2025-11-26 14:30:00+00:00,6793.5498046875,6810.2900390625,6783.8701171875,6795.8798828125
2025-11-26 15:30:00+00:00,6796.14013671875,6823.10986328125,6795.35009765625,6820.4501953125
2025-11-26 16:30:00+00:00,6820.41015625,6831.43994140625,6817.9501953125,6823.91015625
2025-11-26 17:30:00+00:00,6823.77978515625,6830.68994140625,6813.1201171875,6825.85986328125
2025-11-26 18:30:00+00:00,6825.919921875,6827.330078125,6810.919921875,6826.8701171875
2025-11-26 19:30:00+00:00,6826.97021484375,6830.41015625,6819.919921875,6826.9501953125
2025-11-26 20:30:00+00:00,6826.919921875,6828.3701171875,6811.759765625,6811.759765625
2025-11-28 14:30:00+00:00,6822.52001953125,6836.85009765625,6819.75,6831.4501953125
2025-11-28 15:30:00+00:00,6831.330078125,6844.52978515625,6830.3701171875,6836.14013671875
2025-11-28 16:30:00+00:00,6835.990234375,6844.75,6832.8701171875,6837.9501953125
2025-12-01 14:30:00+00:00,6812.2998046875,6832.06982421875,6799.93994140625,6812.3701171875
2025-12-01 15:30:00+00:00,6812.4599609375,6832.2099609375,6802.22021484375,6824.77978515625
2025-12-01 16:30:00+00:00,6824.66015625,6838.3701171875,6824.66015625,6833.81005859375
2025-12-01 17:30:00+00:00,6833.89013671875,6841.77978515625,6831.68994140625,6838.16015625
2025-12-01 18:30:00+00:00,6838.2099609375,6843.64990234375,6818.759765625,6819.4501953125
2025-12-01 19:30:00+00:00,6819.5498046875,6824.330078125,6812.31982421875,6820.8798828125
2025-12-01 20:30:00+00:00,6820.93017578125,6823.93994140625,6807.02001953125,6814.64990234375
2025-12-02 14:30:00+00:00,6830.9599609375,6846.72998046875,6828.740234375,6829.64013671875
2025-12-02 15:30:00+00:00,6829.52001953125,6851.5498046875,6810.85009765625,6813.580078125
2025-12-02 16:30:00+00:00,6813.5400390625,6839.75,6806.7099609375,6838.259765625
2025-12-02 17:30:00+00:00,6838.1298828125,6841.75,6813.5400390625,6824.27001953125
2025-12-02 18:30:00+00:00,6824.22021484375,6832.64013671875,6816.2001953125,6827.43017578125
2025-12-02 19:30:00+00:00,6827.41015625,6840.43017578125,6826.89990234375,6838.4501953125
2025-12-02 20:30:00+00:00,6838.39990234375,6841.97021484375,6827.830078125,6827.830078125
2025-12-03 14:30:00+00:00,6815.2900390625,6836.77001953125,6810.43017578125,6830.47021484375
2025-12-03 15:30:00+00:00,6830.33984375,6843.39990234375,6826.8701171875,6837.3798828125
2025-12-03 16:30:00+00:00,6837.4501953125,6850.18017578125,6830.009765625,6848.9501953125
2025-12-03 17:30:00+00:00,6848.91015625,6854.919921875,6846.25,6852.16015625
2025-12-03 18:30:00+00:00,6852.22998046875,6858.02978515625,6851.39013671875,6856.2001953125
2025-12-03 19:30:00+00:00,6856.27978515625,6862.419921875,6855.02978515625,6858.72021484375
2025-12-03 20:30:00+00:00,6858.68994140625,6859.39013671875,6848.85009765625,6850.509765625
2025-12-04 14:30:00+00:00,6866.47021484375,6866.47021484375,6835.169921875,6849.39990234375
2025-12-04 15:30:00+00:00,6849.2001953125,6858.5498046875,6835.33984375,6846.60009765625
2025-12-04 16:30:00+00:00,6846.56982421875,6858.85009765625,6842.25,6852.81005859375
2025-12-04 17:30:00+00:00,6852.77001953125,6860.2900390625,6848.08984375,6859.8798828125
2025-12-04 18:30:00+00:00,6859.7900390625,6860.39013671875,6827.1201171875,6834.740234375
2025-12-04 19:30:00+00:00,6834.64990234375,6851.9501953125,6833.10009765625,6840.75
2025-12-04 20:30:00+00:00,6840.68994140625,6857.9599609375,6840.2099609375,6857.9599609375
2025-12-05 14:30:00+00:00,6866.31982421875,6895.5,6866.31982421875,6890.91015625
2025-12-05 15:30:00+00:00,6890.919921875,6895.77978515625,6869.419921875,6871.419921875
2025-12-05 16:30:00+00:00,6871.2099609375,6877.990234375,6862.89013671875,6865.7998046875
2025-12-05 17:30:00+00:00,6865.81982421875,6878.72998046875,6858.31005859375,6877.58984375
2025-12-05 18:30:00+00:00,6877.5498046875,6881.2900390625,6868.740234375,6871.3798828125
2025-12-05 19:30:00+00:00,6871.27001953125,6875.41015625,6867.83984375,6871.89990234375
2025-12-05 20:30:00+00:00,6871.85986328125,6872.2099609375,6858.2900390625,6869.06982421875
2025-12-08 14:30:00+00:00,6875.2001953125,6878.27001953125,6850.27978515625,6856.64013671875
2025-12-08 15:30:00+00:00,6856.60009765625,6861.27978515625,6841.14013671875,6852.25
2025-12-08 16:30:00+00:00,6852.259765625,6852.52978515625,6833.8701171875,6837.8701171875
2025-12-08 17:30:00+00:00,6837.93994140625,6856.0400390625,6837.2001953125,6839.89990234375
2025-12-08 18:30:00+00:00,6839.81982421875,6842.39013671875,6827.18994140625,6834.06005859375
2025-12-08 19:30:00+00:00,6834.02001953125,6839.56005859375,6832.7900390625,6837.4599609375
2025-12-08 20:30:00+00:00,6837.5,6847.9599609375,6831.85009765625,6847.83984375
2025-12-09 14:30:00+00:00,6840.60986328125,6861.16015625,6840.169921875,6854.080078125
2025-12-09 15:30:00+00:00,6853.60986328125,6864.47021484375,6847.5,6859.39990234375
2025-12-09 16:30:00+00:00,6859.5498046875,6864.919921875,6854.1298828125,6857.93994140625
2025-12-09 17:30:00+00:00,6857.8798828125,6860.10009765625,6848.10986328125,6853.22998046875
2025-12-09 18:30:00+00:00,6853.33984375,6854.52001953125,6845.27978515625,6848.5498046875
2025-12-09 19:30:00+00:00,6848.64013671875,6849.7099609375,6843.89013671875,6844.72021484375
2025-12-09 20:30:00+00:00,6844.6201171875,6847.009765625,6837.43017578125,6840.31982421875
2025-12-10 14:30:00+00:00,6833.490234375,6845.52978515625,6824.68994140625,6841.39990234375
2025-12-10 15:30:00+00:00,6841.31982421875,6849.58984375,6825.830078125,6848.89013671875
2025-12-10 16:30:00+00:00,6848.66015625,6849.16015625,6840.4501953125,6842.52978515625
2025-12-10 17:30:00+00:00,6842.56005859375,6852.3798828125,6838.259765625,6839.7998046875
2025-12-10 18:30:00+00:00,6839.7900390625,6867.72021484375,6835.93994140625,6852.3798828125
2025-12-10 19:30:00+00:00,6852.52978515625,6898.8798828125,6845.35009765625,6892.1298828125
2025-12-10 20:30:00+00:00,6892.33984375,6900.669921875,6884.27001953125,6886.9501953125
2025-12-11 14:30:00+00:00,6861.2998046875,6879.080078125,6833.4501953125,6874.0400390625
2025-12-11 15:30:00+00:00,6874.08984375,6875.919921875,6851.9599609375,6857.02001953125
2025-12-11 16:30:00+00:00,6856.919921875,6890.0400390625,6856.75,6884.52001953125
2025-12-11 17:30:00+00:00,6884.5400390625,6893.02978515625,6881.14013671875,6887.60986328125
2025-12-11 18:30:00+00:00,6887.6201171875,6899.39013671875,6884.7900390625,6898.4501953125
2025-12-11 19:30:00+00:00,6898.490234375,6903.4599609375,6894.919921875,6894.919921875
2025-12-11 20:30:00+00:00,6895.1298828125,6902.47021484375,6891.419921875,6902.10009765625
2025-12-12 14:30:00+00:00,6886.85009765625,6899.85009765625,6847.10009765625,6847.60986328125
2025-12-12 15:30:00+00:00,6847.66015625,6866.1298828125,6807.06982421875,6823.2099609375
2025-12-12 16:30:00+00:00,6823.22998046875,6839.8701171875,6801.7900390625,6824.669921875
2025-12-12 17:30:00+00:00,6824.85009765625,6853.89013671875,6820.47021484375,6848.259765625
2025-12-12 18:30:00+00:00,6848.8798828125,6849.10009765625,6822.7900390625,6825.02978515625
2025-12-12 19:30:00+00:00,6824.85009765625,6832.919921875,6821.6298828125,6823.759765625
2025-12-12 20:30:00+00:00,6823.7900390625,6828.5400390625,6811.2998046875,6827.89013671875
2025-12-15 14:30:00+00:00,6860.18994140625,6861.58984375,6801.490234375,6806.81005859375
2025-12-15 15:30:00+00:00,6806.759765625,6839.85986328125,6804.93994140625,6837.2998046875
2025-12-15 16:30:00+00:00,6837.33984375,6838.18017578125,6810.97998046875,6815.2099609375
2025-12-15 17:30:00+00:00,6815.35986328125,6823.27001953125,6803.52978515625,6809.0498046875
2025-12-15 18:30:00+00:00,6809.0498046875,6824.2900390625,6805.85009765625,6817.419921875
2025-12-15 19:30:00+00:00,6817.47998046875,6826.60986328125,6813.64990234375,6819.830078125
2025-12-15 20:30:00+00:00,6819.7998046875,6824.83984375,6814.6201171875,6816.33984375
2025-12-16 14:30:00+00:00,6800.1201171875,6819.27001953125,6773.22998046875,6785.83984375
2025-12-16 15:30:00+00:00,6785.990234375,6803.0498046875,6777.72021484375,6780.10009765625
2025-12-16 16:30:00+00:00,6780.830078125,6797.89013671875,6775.16015625,6782.81005859375
2025-12-16 17:30:00+00:00,6782.7900390625,6791.33984375,6759.740234375,6764.60986328125
2025-12-16 18:30:00+00:00,6764.5,6794.85986328125,6764.5,6779.39013671875
2025-12-16 19:30:00+00:00,6779.47021484375,6801.5400390625,6778.56982421875,6801.3798828125
2025-12-16 20:30:00+00:00,6801.3798828125,6814.7099609375,6798.35009765625,6798.509765625
2025-12-17 14:30:00+00:00,6802.8798828125,6812.259765625,6784.68994140625,6798.419921875
2025-12-17 15:30:00+00:00,6798.35986328125,6800.2001953125,6742.509765625,6755.66015625
2025-12-17 16:30:00+00:00,6755.0498046875,6758.83984375,6739.5,6750.2001953125
2025-12-17 17:30:00+00:00,6750.240234375,6758.66015625,6739.0498046875,6742.77001953125
2025-12-17 18:30:00+00:00,6742.58984375,6744.72021484375,6729.18994140625,6733.41015625
2025-12-17 19:30:00+00:00,6733.35986328125,6741.52001953125,6730.75,6733.990234375
2025-12-17 20:30:00+00:00,6734.0498046875,6738.2998046875,6720.43017578125,6722.22021484375
2025-12-18 14:30:00+00:00,6778.06005859375,6800.080078125,6765.7998046875,6798.669921875
2025-12-18 15:30:00+00:00,6798.68994140625,6815.18994140625,6795.93994140625,6807.259765625
2025-12-18 16:30:00+00:00,6806.43017578125,6816.1298828125,6758.5,6767.14990234375
2025-12-18 17:30:00+00:00,6767.27001953125,6799.18994140625,6764.669921875,6797.2900390625
2025-12-18 18:30:00+00:00,6797.240234375,6805.77978515625,6775.259765625,6780.240234375
2025-12-18 19:30:00+00:00,6780.31005859375,6786.919921875,6762.64013671875,6784.89990234375
2025-12-18 20:30:00+00:00,6784.990234375,6794.06982421875,6773.43994140625,6774.35009765625
2025-12-19 14:30:00+00:00,6792.6201171875,6833.81982421875,6792.6201171875,6821.14990234375
2025-12-19 15:30:00+00:00,6821.169921875,6831.8798828125,6815.3701171875,6831.02978515625
2025-12-19 16:30:00+00:00,6831.02978515625,6837.43017578125,6822.5400390625,6836.10009765625
2025-12-19 17:30:00+00:00,6836.080078125,6840.02001953125,6832.7900390625,6836.93017578125
2025-12-19 18:30:00+00:00,6837.02001953125,6837.669921875,6830.990234375,6835.419921875
2025-12-19 19:30:00+00:00,6835.43994140625,6838.89013671875,6832.27001953125,6833.47998046875
2025-12-19 20:30:00+00:00,6833.5400390625,6836.16015625,6825.27978515625,6834.7001953125
2025-12-22 14:30:00+00:00,6865.2099609375,6873.89013671875,6858.27001953125,6866.330078125
2025-12-22 15:30:00+00:00,6866.27001953125,6878.22998046875,6855.740234375,6875.3701171875
2025-12-22 16:30:00+00:00,6875.490234375,6879.33984375,6872.2998046875,6875.14013671875
2025-12-22 17:30:00+00:00,6875.06982421875,6882.02978515625,6872.5498046875,6875.93017578125
2025-12-22 18:30:00+00:00,6875.89013671875,6877.89013671875,6870.60009765625,6875.740234375
2025-12-22 19:30:00+00:00,6875.7900390625,6878.97998046875,6875.0498046875,6877.39013671875
2025-12-22 20:30:00+00:00,6877.419921875,6879.7900390625,6874.91015625,6876.490234375
2025-12-23 14:30:00+00:00,6872.41015625,6891.830078125,6868.81005859375,6881.2099609375
2025-12-23 15:30:00+00:00,6881.18994140625,6896.75,6881.18994140625,6894.2998046875
2025-12-23 16:30:00+00:00,6894.31982421875,6901.02978515625,6892.91015625,6899.93017578125
2025-12-23 17:30:00+00:00,6899.91015625,6905.85009765625,6896.56982421875,6904.27001953125
2025-12-23 18:30:00+00:00,6904.2099609375,6908.2001953125,6903.77978515625,6907.60009765625
2025-12-23 19:30:00+00:00,6907.58984375,6908.72998046875,6905.72998046875,6906.919921875
2025-12-23 20:30:00+00:00,6906.919921875,6910.8798828125,6904.85986328125,6909.02001953125
2025-12-24 14:30:00+00:00,6904.91015625,6921.419921875,6904.91015625,6920.2099609375
2025-12-24 15:30:00+00:00,6920.27001953125,6929.18994140625,6918.60986328125,6928.93994140625
2025-12-24 16:30:00+00:00,6928.97998046875,6935.7001953125,6928.4599609375,6934.8798828125
2025-12-26 14:30:00+00:00,6936.02001953125,6945.77001953125,6925.39990234375,6935.7998046875
2025-12-26 15:30:00+00:00,6935.85986328125,6938.490234375,6926.7900390625,6931.31982421875
2025-12-26 16:30:00+00:00,6931.2998046875,6931.77001953125,6922.64013671875,6929.6201171875
2025-12-26 17:30:00+00:00,6929.6201171875,6930.22998046875,6921.60009765625,6925.52001953125
2025-12-26 18:30:00+00:00,6925.4599609375,6932.91015625,6925.27001953125,6928.68994140625
2025-12-26 19:30:00+00:00,6928.75,6931.5,6928.5400390625,6930.08984375
2025-12-26 20:30:00+00:00,6930.080078125,6932.85009765625,6927.97021484375,6930.52001953125
2025-12-29 14:30:00+00:00,6899.81005859375,6920.2099609375,6896.18017578125,6907.6201171875
2025-12-29 15:30:00+00:00,6907.47998046875,6911.66015625,6896.7099609375,6899.47998046875
2025-12-29 16:30:00+00:00,6899.47998046875,6902.5400390625,6888.759765625,6890.2998046875
2025-12-29 17:30:00+00:00,6890.27978515625,6902.77001953125,6889.7099609375,6900.97998046875
2025-12-29 18:30:00+00:00,6900.97998046875,6906.39013671875,6896.72021484375,6902.14013671875
2025-12-29 19:30:00+00:00,6902.10009765625,6913.7099609375,6902.10009765625,6909.669921875
2025-12-29 20:30:00+00:00,6909.740234375,6911.68017578125,6902.4501953125,6906.9599609375
2025-12-30 14:30:00+00:00,6900.43994140625,6913.25,6895.60986328125,6896.830078125
2025-12-30 15:30:00+00:00,6896.97021484375,6913.06005859375,6893.47021484375,6910.10986328125
2025-12-30 16:30:00+00:00,6910.080078125,6910.419921875,6897.02978515625,6901.33984375
2025-12-30 17:30:00+00:00,6901.43017578125,6905.47998046875,6899.830078125,6905.33984375
2025-12-30 18:30:00+00:00,6905.35009765625,6906.77978515625,6902.22998046875,6905.64990234375
2025-12-30 19:30:00+00:00,6905.64013671875,6906.8798828125,6898.77978515625,6902.85986328125
2025-12-30 20:30:00+00:00,6902.759765625,6905.8701171875,6895.18017578125,6896.4501953125
2025-12-31 14:30:00+00:00,6898.81982421875,6901.419921875,6876.240234375,6882.18017578125
2025-12-31 15:30:00+00:00,6882.2001953125,6883.2001953125,6868.97998046875,6878.509765625
2025-12-31 16:30:00+00:00,6878.52978515625,6881.1201171875,6873.56005859375,6877.14013671875
2025-12-31 17:30:00+00:00,6877.14990234375,6881.06982421875,6873.91015625,6880.72021484375
2025-12-31 18:30:00+00:00,6880.759765625,6889.31005859375,6877.7001953125,6877.97021484375
2025-12-31 19:30:00+00:00,6877.91015625,6878.52978515625,6853.10009765625,6854.3701171875
2025-12-31 20:30:00+00:00,6854.35986328125,6864.18017578125,6844.5498046875,6845.77001953125
2026-01-02 14:30:00+00:00,6878.10986328125,6894.8701171875,6842.31005859375,6850.08984375
2026-01-02 15:30:00+00:00,6850.2900390625,6871.259765625,6830.77978515625,6844.31982421875
2026-01-02 16:30:00+00:00,6844.35009765625,6851.7900390625,6828.990234375,6850.3701171875
2026-01-02 17:30:00+00:00,6850.4501953125,6853.93994140625,6832.35986328125,6835.85986328125
2026-01-02 18:30:00+00:00,6835.93017578125,6855.64013671875,6824.31005859375,6855.0498046875
2026-01-02 19:30:00+00:00,6855.08984375,6865.2001953125,6855.06982421875,6858.68994140625
2026-01-02 20:30:00+00:00,6858.6201171875,6860.14990234375,6846.64013671875,6858.5400390625
2026-01-05 14:30:00+00:00,6892.18994140625,6913.3701171875,6891.56005859375,6912.8798828125
2026-01-05 15:30:00+00:00,6912.83984375,6915.18017578125,6906.330078125,6912.830078125
2026-01-05 16:30:00+00:00,6913.25,6920.3798828125,6908.58984375,6909.91015625
2026-01-05 17:30:00+00:00,6909.97998046875,6914.169921875,6903.22021484375,6910.02978515625
2026-01-05 18:30:00+00:00,6910.10986328125,6914.22021484375,6907.22998046875,6908.35986328125
2026-01-05 19:30:00+00:00,6908.31982421875,6909.39013671875,6899.43994140625,6905.56982421875
2026-01-05 20:30:00+00:00,6905.5498046875,6907.490234375,6897.740234375,6902.740234375
2026-01-06 14:30:00+00:00,6908.02978515625,6934.60009765625,6904.02001953125,6932.52001953125
2026-01-06 15:30:00+00:00,6932.56005859375,6932.56005859375,6909.919921875,6916.39013671875
2026-01-06 16:30:00+00:00,6916.08984375,6932.16015625,6914.259765625,6929.85009765625
2026-01-06 17:30:00+00:00,6929.89013671875,6937.669921875,6929.89013671875,6934.56005859375
2026-01-06 18:30:00+00:00,6935.41015625,6947.0,6934.669921875,6945.7001953125
2026-01-06 19:30:00+00:00,6945.77001953125,6947.490234375,6943.8798828125,6945.41015625
2026-01-06 20:30:00+00:00,6945.39013671875,6948.68994140625,6945.0498046875,6946.35009765625
2026-01-07 14:30:00+00:00,6945.06982421875,6957.39990234375,6937.22021484375,6943.14990234375
2026-01-07 15:30:00+00:00,6943.14990234375,6954.33984375,6936.580078125,6948.240234375
2026-01-07 16:30:00+00:00,6948.240234375,6965.68994140625,6947.81982421875,6962.97021484375
2026-01-07 17:30:00+00:00,6962.9599609375,6963.64013671875,6946.93017578125,6947.47998046875
2026-01-07 18:30:00+00:00,6947.58984375,6957.509765625,6940.3798828125,6942.39990234375
2026-01-07 19:30:00+00:00,6942.52978515625,6947.22998046875,6927.10986328125,6928.93017578125
2026-01-07 20:30:00+00:00,6928.89013671875,6928.89013671875,6919.18994140625,6921.52978515625
2026-01-08 14:30:00+00:00,6914.10986328125,6925.240234375,6899.330078125,6921.83984375
2026-01-08 15:30:00+00:00,6921.8798828125,6925.02001953125,6910.81982421875,6916.47021484375
2026-01-08 16:30:00+00:00,6916.330078125,6925.9501953125,6910.080078125,6918.72998046875
2026-01-08 17:30:00+00:00,6918.85986328125,6931.27978515625,6913.89990234375,6920.9599609375
2026-01-08 18:30:00+00:00,6921.0400390625,6923.3701171875,6908.4599609375,6915.06005859375
2026-01-08 19:30:00+00:00,6915.14990234375,6921.83984375,6911.52001953125,6921.06005859375
2026-01-08 20:30:00+00:00,6921.14013671875,6925.85986328125,6918.0498046875,6921.10009765625
2026-01-09 14:30:00+00:00,6927.830078125,6959.02978515625,6917.64013671875,6957.080078125
2026-01-09 15:30:00+00:00,6957.02978515625,6961.93017578125,6939.2099609375,6954.64990234375
2026-01-09 16:30:00+00:00,6954.75,6969.52001953125,6951.02001953125,6968.009765625
2026-01-09 17:30:00+00:00,6968.06005859375,6970.41015625,6959.68017578125,6964.43017578125
2026-01-09 18:30:00+00:00,6964.47998046875,6974.52978515625,6964.31982421875,6974.10009765625
2026-01-09 19:30:00+00:00,6974.06982421875,6978.35986328125,6973.02001953125,6975.740234375
2026-01-09 20:30:00+00:00,6975.68017578125,6976.91015625,6965.60009765625,6965.990234375
2026-01-12 14:30:00+00:00,6944.1201171875,6964.8701171875,6934.9501953125,6961.0400390625
2026-01-12 15:30:00+00:00,6961.240234375,6972.6201171875,6955.0498046875,6967.580078125
2026-01-12 16:30:00+00:00,6967.509765625,6974.33984375,6966.2998046875,6971.10986328125
2026-01-12 17:30:00+00:00,6971.10986328125,6977.2900390625,6966.43017578125,6976.72998046875
2026-01-12 18:30:00+00:00,6976.68994140625,6980.22998046875,6974.7998046875,6978.93994140625
2026-01-12 19:30:00+00:00,6978.89013671875,6986.330078125,6977.56982421875,6978.89990234375
2026-01-12 20:30:00+00:00,6978.7998046875,6982.18994140625,6976.39013671875,6976.72021484375
2026-01-13 14:30:00+00:00,6977.41015625,6985.830078125,6945.68994140625,6951.60009765625
2026-01-13 15:30:00+00:00,6951.47021484375,6968.14990234375,6950.06982421875,6960.2001953125
2026-01-13 16:30:00+00:00,6960.18017578125,6977.0400390625,6958.3798828125,6970.91015625
2026-01-13 17:30:00+00:00,6970.93994140625,6972.5498046875,6949.7900390625,6954.60009765625
2026-01-13 18:30:00+00:00,6954.6201171875,6961.31982421875,6947.0498046875,6954.89990234375
2026-01-13 19:30:00+00:00,6955.10009765625,6956.52001953125,6944.77001953125,6944.77001953125
2026-01-13 20:30:00+00:00,6944.75,6964.39990234375,6938.77001953125,6962.97998046875
2026-01-14 14:30:00+00:00,6937.41015625,6941.2998046875,6902.669921875,6912.240234375
2026-01-14 15:30:00+00:00,6912.3798828125,6917.52978515625,6889.7998046875,6916.14990234375
2026-01-14 16:30:00+00:00,6916.10009765625,6918.8798828125,6885.740234375,6895.22998046875
2026-01-14 17:30:00+00:00,6895.18017578125,6900.580078125,6886.3701171875,6900.490234375
2026-01-14 18:30:00+00:00,6900.490234375,6907.1201171875,6887.18017578125,6905.27001953125
2026-01-14 19:30:00+00:00,6905.31982421875,6920.31982421875,6897.60009765625,6915.4599609375
2026-01-14 20:30:00+00:00,6915.68017578125,6928.41015625,6910.68017578125,6928.41015625
2026-01-15 14:30:00+00:00,6969.4599609375,6972.14990234375,6956.7001953125,6963.60009765625
2026-01-15 15:30:00+00:00,6963.7900390625,6975.85009765625,6955.4599609375,6973.4501953125
2026-01-15 16:30:00+00:00,6973.509765625,6979.33984375,6969.2001953125,6969.58984375
2026-01-15 17:30:00+00:00,6969.64013671875,6974.72998046875,6963.9599609375,6973.85009765625
2026-01-15 18:30:00+00:00,6973.77978515625,6976.93017578125,6960.080078125,6961.02001953125
2026-01-15 19:30:00+00:00,6960.8798828125,6961.85986328125,6937.93017578125,6942.7001953125
2026-01-15 20:30:00+00:00,6942.72998046875,6946.66015625,6938.2900390625,6944.97021484375
2026-01-16 14:30:00+00:00,6960.5400390625,6967.2998046875,6939.56005859375,6940.580078125
2026-01-16 15:30:00+00:00,6940.5400390625,6951.91015625,6925.08984375,6951.08984375
2026-01-16 16:30:00+00:00,6951.4599609375,6958.39990234375,6945.97998046875,6949.240234375
2026-01-16 17:30:00+00:00,6949.22998046875,6955.759765625,6942.68017578125,6954.0498046875
2026-01-16 18:30:00+00:00,6954.10986328125,6960.5,6943.8701171875,6944.85009765625
2026-01-16 19:30:00+00:00,6944.75,6954.0498046875,6944.5400390625,6945.7900390625
2026-01-16 20:30:00+00:00,6945.72998046875,6948.52978515625,6939.22998046875,6939.4599609375
2026-01-20 14:30:00+00:00,6865.240234375,6865.240234375,6833.2900390625,6862.06005859375
2026-01-20 15:30:00+00:00,6862.009765625,6871.169921875,6849.66015625,6862.22998046875
2026-01-20 16:30:00+00:00,6862.35009765625,6866.7001953125,6845.43994140625,6847.580078125
2026-01-20 17:30:00+00:00,6847.68017578125,6847.68017578125,6826.35986328125,6826.7998046875
2026-01-20 18:30:00+00:00,6826.64990234375,6827.14990234375,6800.77978515625,6803.43994140625
2026-01-20 19:30:00+00:00,6803.4501953125,6807.64013671875,6792.85986328125,6796.72021484375
2026-01-20 20:30:00+00:00,6796.8701171875,6799.8701171875,6789.0498046875,6796.759765625
2026-01-21 14:30:00+00:00,6810.7099609375,6857.3798828125,6810.7099609375,6853.43017578125
2026-01-21 15:30:00+00:00,6853.41015625,6874.89013671875,6853.22021484375,6865.93017578125
2026-01-21 16:30:00+00:00,6865.85986328125,6866.02978515625,6804.9599609375,6821.75
2026-01-21 17:30:00+00:00,6821.75,6832.39990234375,6810.169921875,6828.6298828125
2026-01-21 18:30:00+00:00,6828.72998046875,6872.16015625,6820.9501953125,6867.56982421875
2026-01-21 19:30:00+00:00,6867.66015625,6910.39013671875,6867.66015625,6876.89013671875
2026-01-21 20:30:00+00:00,6877.06982421875,6884.6201171875,6869.91015625,6875.47998046875
2026-01-22 14:30:00+00:00,6914.43994140625,6930.43017578125,6893.6201171875,6908.77001953125
2026-01-22 15:30:00+00:00,6908.830078125,6924.47021484375,6905.31982421875,6921.77978515625
2026-01-22 16:30:00+00:00,6921.64990234375,6929.10009765625,6918.10009765625,6925.97998046875
2026-01-22 17:30:00+00:00,6926.10009765625,6934.75,6926.10009765625,6928.14013671875
2026-01-22 18:30:00+00:00,6928.14013671875,6932.89013671875,6922.25,6930.02978515625
2026-01-22 19:30:00+00:00,6930.14013671875,6930.740234375,6905.60009765625,6905.60009765625
2026-01-22 20:30:00+00:00,6905.56005859375,6913.66015625,6899.89990234375,6912.5400390625
2026-01-23 14:30:00+00:00,6907.85009765625,6921.77001953125,6895.5,6917.22998046875
2026-01-23 15:30:00+00:00,6917.16015625,6932.9599609375,6916.0498046875,6924.2001953125
2026-01-23 16:30:00+00:00,6924.08984375,6929.2001953125,6916.52001953125,6925.3701171875
2026-01-23 17:30:00+00:00,6925.18017578125,6925.72021484375,6901.02978515625,6912.68994140625
2026-01-23 18:30:00+00:00,6912.669921875,6924.509765625,6907.2900390625,6918.990234375
2026-01-23 19:30:00+00:00,6919.080078125,6921.72998046875,6908.93017578125,6911.6298828125
2026-01-23 20:30:00+00:00,6911.5498046875,6918.9599609375,6908.759765625,6915.16015625
2026-01-26 14:30:00+00:00,6923.22998046875,6957.4599609375,6921.60009765625,6948.93994140625
2026-01-26 15:30:00+00:00,6949.27001953125,6956.97021484375,6945.39990234375,6954.58984375
2026-01-26 16:30:00+00:00,6954.52001953125,6960.52978515625,6951.35986328125,6958.5498046875
2026-01-26 17:30:00+00:00,6958.490234375,6961.75,6952.47021484375,6961.22998046875
2026-01-26 18:30:00+00:00,6961.14990234375,6964.66015625,6957.0400390625,6961.85009765625
2026-01-26 19:30:00+00:00,6961.77001953125,6963.330078125,6957.669921875,6958.89990234375
2026-01-26 20:30:00+00:00,6958.83984375,6961.52978515625,6949.5400390625,6950.14990234375
2026-01-27 14:30:00+00:00,6965.9599609375,6978.43994140625,6958.830078125,6971.81982421875
2026-01-27 15:30:00+00:00,6971.60986328125,6988.72021484375,6970.97021484375,6985.830078125
2026-01-27 16:30:00+00:00,6985.8798828125,6988.81982421875,6977.22021484375,6983.35986328125
2026-01-27 17:30:00+00:00,6983.3701171875,6984.10009765625,6972.740234375,6981.3798828125
2026-01-27 18:30:00+00:00,6981.419921875,6985.7001953125,6980.56005859375,6985.16015625
2026-01-27 19:30:00+00:00,6985.2001953125,6987.6298828125,6982.97021484375,6983.58984375
2026-01-27 20:30:00+00:00,6983.56005859375,6984.990234375,6978.1298828125,6978.580078125
2026-01-28 14:30:00+00:00,7002.0,7002.27978515625,6983.75,6988.97998046875
2026-01-28 15:30:00+00:00,6988.990234375,6991.25,6978.22998046875,6984.31005859375
2026-01-28 16:30:00+00:00,6985.27001953125,6985.27001953125,6968.22998046875,6971.7900390625
2026-01-28 17:30:00+00:00,6971.77978515625,6977.60009765625,6968.43994140625,6974.830078125
2026-01-28 18:30:00+00:00,6974.81005859375,6979.18017578125,6964.22021484375,6964.43017578125
2026-01-28 19:30:00+00:00,6964.43994140625,6985.5400390625,6963.4599609375,6977.68017578125
2026-01-28 20:30:00+00:00,6977.56982421875,6984.080078125,6971.22998046875,6976.27978515625
2026-01-29 14:30:00+00:00,6977.740234375,6992.5400390625,6911.60009765625,6912.60009765625
2026-01-29 15:30:00+00:00,6912.58984375,6914.64013671875,6870.7998046875,6902.72021484375
2026-01-29 16:30:00+00:00,6902.4599609375,6936.16015625,6901.9501953125,6933.7099609375
2026-01-29 17:30:00+00:00,6933.52001953125,6939.41015625,6910.22998046875,6932.89990234375
2026-01-29 18:30:00+00:00,6932.81982421875,6944.5,6924.8798828125,6943.91015625
2026-01-29 19:30:00+00:00,6943.97998046875,6944.85009765625,6933.2900390625,6938.10986328125
2026-01-29 20:30:00+00:00,6938.14013671875,6971.08984375,6936.9599609375,6966.27001953125
2026-01-30 14:30:00+00:00,6947.27001953125,6962.2001953125,6935.89013671875,6935.97021484375
2026-01-30 15:30:00+00:00,6935.8701171875,6964.08984375,6925.10986328125,6932.9501953125
2026-01-30 16:30:00+00:00,6933.06982421875,6946.18994140625,6910.35986328125,6932.97998046875
2026-01-30 17:30:00+00:00,6933.39990234375,6937.4599609375,6893.47998046875,6917.27978515625
2026-01-30 18:30:00+00:00,6917.16015625,6949.35986328125,6901.35986328125,6936.3798828125
2026-01-30 19:30:00+00:00,6936.0,6945.16015625,6915.68017578125,6922.89013671875
2026-01-30 20:30:00+00:00,6922.97021484375,6949.72021484375,6922.56005859375,6937.5
2026-02-02 14:30:00+00:00,6916.64013671875,6979.60009765625,6914.33984375,6970.3798828125
2026-02-02 15:30:00+00:00,6970.31005859375,6980.81982421875,6962.10986328125,6978.25
2026-02-02 16:30:00+00:00,6978.14013671875,6987.81982421875,6967.85009765625,6985.27001953125
2026-02-02 17:30:00+00:00,6985.2998046875,6991.919921875,6979.85009765625,6983.6298828125
2026-02-02 18:30:00+00:00,6983.509765625,6991.5498046875,6983.06982421875,6990.759765625
2026-02-02 19:30:00+00:00,6990.7099609375,6990.7099609375,6972.68994140625,6980.080078125
2026-02-02 20:30:00+00:00,6980.080078125,6981.72021484375,6973.2998046875,6976.22998046875
2026-02-03 14:30:00+00:00,6985.4501953125,6993.080078125,6930.64990234375,6944.18017578125
2026-02-03 15:30:00+00:00,6944.259765625,6956.8701171875,6929.47021484375,6929.9501953125
2026-02-03 16:30:00+00:00,6930.27978515625,6936.18994140625,6909.10009765625,6910.27001953125
2026-02-03 17:30:00+00:00,6910.240234375,6910.81982421875,6884.14013671875,6885.56005859375
2026-02-03 18:30:00+00:00,6885.64013671875,6893.97998046875,6862.0498046875,6882.830078125
2026-02-03 19:30:00+00:00,6883.3701171875,6899.47998046875,6873.60986328125,6897.490234375
2026-02-03 20:30:00+00:00,6897.35009765625,6919.5400390625,6897.35009765625,6917.39990234375
2026-02-04 14:30:00+00:00,6924.5,6936.08984375,6886.08984375,6921.18017578125
2026-02-04 15:30:00+00:00,6921.259765625,6924.7001953125,6885.77978515625,6905.3798828125
2026-02-04 16:30:00+00:00,6904.89013671875,6905.56005859375,6855.169921875,6857.919921875
2026-02-04 17:30:00+00:00,6858.02001953125,6871.43017578125,6838.7998046875,6870.4599609375
2026-02-04 18:30:00+00:00,6870.31005859375,6876.85986328125,6853.25,6875.259765625
2026-02-04 19:30:00+00:00,6875.72998046875,6906.56005859375,6875.72998046875,6897.419921875
2026-02-04 20:30:00+00:00,6897.43017578125,6904.919921875,6878.91015625,6882.759765625
2026-02-05 14:30:00+00:00,6837.39013671875,6857.85009765625,6783.02978515625,6787.14990234375
2026-02-05 15:30:00+00:00,6786.85986328125,6819.47021484375,6780.1298828125,6817.0498046875
2026-02-05 16:30:00+00:00,6817.97021484375,6840.68994140625,6811.56005859375,6837.08984375
2026-02-05 17:30:00+00:00,6837.0400390625,6847.56982421875,6810.490234375,6812.68017578125
2026-02-05 18:30:00+00:00,6812.72998046875,6835.64013671875,6798.47021484375,6823.419921875
2026-02-05 19:30:00+00:00,6823.52978515625,6830.1298828125,6797.85986328125,6799.0498046875
2026-02-05 20:30:00+00:00,6799.0498046875,6804.72021484375,6783.669921875,6799.990234375
2026-02-06 14:30:00+00:00,6816.740234375,6887.1298828125,6816.740234375,6878.18017578125
2026-02-06 15:30:00+00:00,6878.02001953125,6898.91015625,6865.830078125,6892.759765625
2026-02-06 16:30:00+00:00,6893.16015625,6907.41015625,6892.0,6906.75
2026-02-06 17:30:00+00:00,6906.83984375,6917.64013671875,6901.16015625,6911.31005859375
2026-02-06 18:30:00+00:00,6911.2998046875,6918.14990234375,6909.4501953125,6916.9501953125
2026-02-06 19:30:00+00:00,6916.97021484375,6923.759765625,6911.43994140625,6919.81005859375
2026-02-06 20:30:00+00:00,6919.93994140625,6944.89013671875,6918.509765625,6930.27001953125
2026-02-09 14:30:00+00:00,6917.259765625,6950.81005859375,6905.8701171875,6941.14990234375
2026-02-09 15:30:00+00:00,6941.16015625,6969.7001953125,6941.16015625,6969.18994140625
2026-02-09 16:30:00+00:00,6969.10986328125,6978.60986328125,6964.7099609375,6973.2998046875
2026-02-09 17:30:00+00:00,6973.22998046875,6976.580078125,6958.240234375,6964.2001953125
2026-02-09 18:30:00+00:00,6964.2099609375,6980.10009765625,6962.4501953125,6979.1201171875
2026-02-09 19:30:00+00:00,6979.25,6980.06982421875,6965.39990234375,6967.259765625
2026-02-09 20:30:00+00:00,6967.60986328125,6971.5,6960.91015625,6963.169921875
2026-02-10 14:30:00+00:00,6974.490234375,6985.77001953125,6956.77978515625,6980.27001953125
2026-02-10 15:30:00+00:00,6980.39990234375,6986.830078125,6962.18017578125,6969.0
2026-02-10 16:30:00+00:00,6968.97998046875,6977.77001953125,6963.2099609375,6973.3798828125
2026-02-10 17:30:00+00:00,6973.35986328125,6979.06005859375,6955.10009765625,6955.490234375
2026-02-10 18:30:00+00:00,6955.52978515625,6959.580078125,6949.64013671875,6959.4599609375
2026-02-10 19:30:00+00:00,6959.509765625,6962.02001953125,6951.830078125,6953.7998046875
2026-02-10 20:30:00+00:00,6953.85009765625,6956.4599609375,6937.52978515625,6940.009765625
2026-02-11 14:30:00+00:00,6976.47998046875,6993.47998046875,6911.97021484375,6917.72021484375
2026-02-11 15:30:00+00:00,6917.490234375,6955.35009765625,6916.77978515625,6939.4501953125
2026-02-11 16:30:00+00:00,6939.3701171875,6958.56005859375,6934.68994140625,6955.8798828125
2026-02-11 17:30:00+00:00,6956.22998046875,6960.27978515625,6934.97021484375,6948.8798828125
2026-02-11 18:30:00+00:00,6948.72998046875,6960.08984375,6941.669921875,6958.60009765625
2026-02-11 19:30:00+00:00,6958.60009765625,6959.330078125,6943.35986328125,6943.43994140625
2026-02-11 20:30:00+00:00,6943.4501953125,6950.2900390625,6939.68017578125,6939.68017578125
2026-02-12 14:30:00+00:00,6957.5400390625,6973.22021484375,6941.1298828125,6950.66015625
2026-02-12 15:30:00+00:00,6950.68017578125,6954.259765625,6854.93994140625,6855.39013671875
2026-02-12 16:30:00+00:00,6855.31005859375,6877.3798828125,6854.3798828125,6860.5498046875
2026-02-12 17:30:00+00:00,6860.68017578125,6875.35986328125,6842.4501953125,6851.2099609375
2026-02-12 18:30:00+00:00,6851.2900390625,6874.14990234375,6847.8798828125,6861.2001953125
2026-02-12 19:30:00+00:00,6861.27978515625,6879.1298828125,6851.1201171875,6851.8798828125
2026-02-12 20:30:00+00:00,6851.64013671875,6853.27001953125,6824.0400390625,6833.5400390625
2026-02-13 14:30:00+00:00,6834.27001953125,6851.64990234375,6794.5498046875,6848.52978515625
2026-02-13 15:30:00+00:00,6848.5498046875,6864.25,6827.2099609375,6855.41015625
2026-02-13 16:30:00+00:00,6856.25,6879.60009765625,6849.330078125,6872.91015625
2026-02-13 17:30:00+00:00,6872.8701171875,6881.9599609375,6860.66015625,6871.81982421875
2026-02-13 18:30:00+00:00,6872.1201171875,6879.06982421875,6859.5498046875,6861.85009765625
2026-02-13 19:30:00+00:00,6861.93017578125,6867.830078125,6823.009765625,6825.64990234375
2026-02-13 20:30:00+00:00,6825.41015625,6837.1201171875,6817.6298828125,6835.080078125
2026-02-17 14:30:00+00:00,6819.85986328125,6845.240234375,6780.47998046875,6791.31982421875
2026-02-17 15:30:00+00:00,6790.97998046875,6849.56005859375,6775.5,6834.10986328125
2026-02-17 16:30:00+00:00,6834.25,6847.85986328125,6823.259765625,6839.1298828125
2026-02-17 17:30:00+00:00,6839.5,6842.83984375,6809.669921875,6841.3701171875
2026-02-17 18:30:00+00:00,6841.5,6865.169921875,6838.83984375,6857.1201171875
2026-02-17 19:30:00+00:00,6857.5400390625,6866.990234375,6845.06005859375,6847.0498046875
2026-02-17 20:30:00+00:00,6846.93017578125,6850.52978515625,6837.72998046875,6846.02978515625
2026-02-18 14:30:00+00:00,6855.47998046875,6902.990234375,6849.66015625,6897.080078125
2026-02-18 15:30:00+00:00,6897.2099609375,6907.85009765625,6891.81982421875,6900.60986328125
2026-02-18 16:30:00+00:00,6900.64990234375,6906.8798828125,6892.669921875,6900.52001953125
2026-02-18 17:30:00+00:00,6900.509765625,6909.1201171875,6893.7001953125,6895.8701171875
2026-02-18 18:30:00+00:00,6895.93994140625,6898.2998046875,6879.240234375,6882.240234375
2026-02-18 19:30:00+00:00,6882.22998046875,6883.919921875,6857.4501953125,6860.08984375
2026-02-18 20:30:00+00:00,6859.93994140625,6889.75,6859.52978515625,6879.66015625
2026-02-19 14:30:00+00:00,6861.33984375,6879.1201171875,6842.81982421875,6856.60986328125
2026-02-19 15:30:00+00:00,6856.490234375,6875.35009765625,6855.2099609375,6858.64990234375
2026-02-19 16:30:00+00:00,6858.6298828125,6869.2001953125,6844.490234375,6856.3798828125
2026-02-19 17:30:00+00:00,6856.330078125,6858.91015625,6833.06005859375,6841.080078125
2026-02-19 18:30:00+00:00,6841.14990234375,6857.259765625,6837.72998046875,6849.39990234375
2026-02-19 19:30:00+00:00,6849.3798828125,6852.080078125,6836.8701171875,6845.58984375
2026-02-19 20:30:00+00:00,6845.5498046875,6861.72998046875,6845.02001953125,6861.64990234375
2026-02-20 14:30:00+00:00,6843.259765625,6909.8701171875,6836.330078125,6884.419921875
2026-02-20 15:30:00+00:00,6884.08984375,6908.81982421875,6872.77001953125,6878.759765625
2026-02-20 16:30:00+00:00,6878.72021484375,6908.1201171875,6858.509765625,6868.0498046875
2026-02-20 17:30:00+00:00,6868.27978515625,6893.990234375,6866.990234375,6883.14013671875
2026-02-20 18:30:00+00:00,6882.89990234375,6915.85986328125,6876.259765625,6902.14013671875
2026-02-20 19:30:00+00:00,6902.0498046875,6909.419921875,6895.31005859375,6900.27001953125
2026-02-20 20:30:00+00:00,6900.3798828125,6910.2998046875,6899.7001953125,6910.22021484375
2026-02-23 14:30:00+00:00,6901.25,6916.9599609375,6859.1298828125,6860.5498046875
2026-02-23 15:30:00+00:00,6860.91015625,6865.27978515625,6819.81982421875,6844.91015625
2026-02-23 16:30:00+00:00,6844.91015625,6847.47021484375,6832.77001953125,6833.419921875
2026-02-23 17:30:00+00:00,6833.39013671875,6855.5400390625,6821.81005859375,6854.25
2026-02-23 18:30:00+00:00,6854.330078125,6855.5498046875,6828.02978515625,6828.509765625
2026-02-23 19:30:00+00:00,6828.60009765625,6832.47021484375,6821.77978515625,6830.25
2026-02-23 20:30:00+00:00,6830.0400390625,6839.58984375,6825.89990234375,6839.58984375
2026-02-24 14:30:00+00:00,6837.3701171875,6880.52978515625,6815.43017578125,6880.14013671875
2026-02-24 15:30:00+00:00,6880.169921875,6884.68017578125,6868.33984375,6876.72021484375
2026-02-24 16:30:00+00:00,6876.830078125,6894.10009765625,6867.72021484375,6891.72021484375
2026-02-24 17:30:00+00:00,6891.759765625,6897.22021484375,6885.91015625,6886.52001953125
2026-02-24 18:30:00+00:00,6886.490234375,6894.759765625,6883.1201171875,6885.39013671875
2026-02-24 19:30:00+00:00,6885.330078125,6892.81982421875,6881.47021484375,6881.6201171875
2026-02-24 20:30:00+00:00,6881.7001953125,6899.169921875,6881.669921875,6891.0400390625
2026-02-25 14:30:00+00:00,6915.14990234375,6936.2001953125,6915.14990234375,6927.60009765625
2026-02-25 15:30:00+00:00,6927.740234375,6932.1201171875,6918.35986328125,6931.330078125
2026-02-25 16:30:00+00:00,6931.22021484375,6940.43994140625,6930.7099609375,6936.2900390625
2026-02-25 17:30:00+00:00,6936.18017578125,6943.330078125,6935.25,6939.830078125
2026-02-25 18:30:00+00:00,6939.85009765625,6947.169921875,6938.830078125,6945.240234375
2026-02-25 19:30:00+00:00,6945.27978515625,6949.83984375,6945.18017578125,6945.93017578125
2026-02-25 20:30:00+00:00,6945.9599609375,6952.509765625,6944.39990234375,6946.89013671875
2026-02-26 14:30:00+00:00,6944.740234375,6947.25,6863.83984375,6873.3798828125
2026-02-26 15:30:00+00:00,6872.7998046875,6906.7001953125,6859.72998046875,6903.85009765625
2026-02-26 16:30:00+00:00,6903.7900390625,6904.56005859375,6876.2998046875,6878.43017578125
2026-02-26 17:30:00+00:00,6878.2900390625,6886.2099609375,6864.14013671875,6872.759765625
2026-02-26 18:30:00+00:00,6872.6298828125,6908.990234375,6870.89013671875,6902.27001953125
2026-02-26 19:30:00+00:00,6902.16015625,6913.7099609375,6901.259765625,6902.47021484375
2026-02-26 20:30:00+00:00,6902.4501953125,6910.9501953125,6902.4501953125,6909.009765625
2026-02-27 14:30:00+00:00,6856.5400390625,6870.58984375,6831.740234375,6860.990234375
2026-02-27 15:30:00+00:00,6861.0498046875,6875.68994140625,6853.60986328125,6868.8701171875
2026-02-27 16:30:00+00:00,6869.0498046875,6877.60009765625,6848.5,6856.2900390625
2026-02-27 17:30:00+00:00,6856.2998046875,6865.8798828125,6846.02001953125,6852.759765625
2026-02-27 18:30:00+00:00,6852.83984375,6865.27978515625,6848.4599609375,6851.10009765625
2026-02-27 19:30:00+00:00,6851.10986328125,6875.9599609375,6845.60009765625,6871.1298828125
2026-02-27 20:30:00+00:00,6871.169921875,6882.9599609375,6860.52001953125,6878.0400390625
2026-03-02 14:30:00+00:00,6824.35986328125,6868.52978515625,6796.85009765625,6848.240234375
2026-03-02 15:30:00+00:00,6849.77001953125,6871.60009765625,6840.14990234375,6848.330078125
2026-03-02 16:30:00+00:00,6847.64990234375,6887.009765625,6845.1201171875,6880.18017578125
2026-03-02 17:30:00+00:00,6880.1201171875,6889.02978515625,6876.06982421875,6882.2998046875
2026-03-02 18:30:00+00:00,6882.419921875,6897.330078125,6867.60009765625,6896.7998046875
2026-03-02 19:30:00+00:00,6896.8701171875,6901.009765625,6864.77978515625,6868.81005859375
2026-03-02 20:30:00+00:00,6868.7099609375,6887.990234375,6867.83984375,6880.0498046875
2026-03-03 14:30:00+00:00,6800.259765625,6800.259765625,6710.419921875,6711.81005859375
2026-03-03 15:30:00+00:00,6711.91015625,6779.759765625,6711.91015625,6775.580078125
2026-03-03 16:30:00+00:00,6775.1298828125,6799.009765625,6761.77978515625,6798.0400390625
2026-03-03 17:30:00+00:00,6797.7998046875,6818.47998046875,6776.4501953125,6812.89990234375
2026-03-03 18:30:00+00:00,6812.93994140625,6832.919921875,6812.02978515625,6819.31982421875
2026-03-03 19:30:00+00:00,6819.33984375,6840.0498046875,6808.1201171875,6824.7900390625
2026-03-03 20:30:00+00:00,6824.68994140625,6828.85009765625,6806.830078125,6816.58984375
2026-03-04 14:30:00+00:00,6831.68994140625,6876.759765625,6811.64013671875,6875.4501953125
2026-03-04 15:30:00+00:00,6876.169921875,6880.3798828125,6854.31005859375,6865.8701171875
2026-03-04 16:30:00+00:00,6865.89013671875,6878.43994140625,6864.22021484375,6868.740234375
2026-03-04 17:30:00+00:00,6868.5498046875,6879.43994140625,6861.3701171875,6875.9501953125
2026-03-04 18:30:00+00:00,6875.9599609375,6884.60986328125,6875.91015625,6880.91015625
2026-03-04 19:30:00+00:00,6880.89990234375,6885.93994140625,6870.22021484375,6877.2998046875
2026-03-04 20:30:00+00:00,6877.2900390625,6880.8798828125,6868.7998046875,6868.9501953125
2026-03-05 14:30:00+00:00,6851.080078125,6870.43017578125,6818.6201171875,6821.91015625
2026-03-05 15:30:00+00:00,6822.1201171875,6840.25,6805.240234375,6809.419921875
2026-03-05 16:30:00+00:00,6809.25,6837.9501953125,6802.14013671875,6802.419921875
2026-03-05 17:30:00+00:00,6799.77001953125,6801.39990234375,6773.8701171875,6777.18994140625
2026-03-05 18:30:00+00:00,6777.0498046875,6793.66015625,6772.7998046875,6781.43994140625
2026-03-05 19:30:00+00:00,6781.41015625,6817.919921875,6770.77978515625,6808.83984375
2026-03-05 20:30:00+00:00,6808.97998046875,6831.75,6806.77001953125,6829.91015625
2026-03-06 14:30:00+00:00,6769.02978515625,6769.02978515625,6711.56005859375,6754.43994140625
2026-03-06 15:30:00+00:00,6754.39013671875,6773.419921875,6738.89013671875,6756.7099609375
2026-03-06 16:30:00+00:00,6756.9599609375,6772.60009765625,6747.509765625,6752.16015625
2026-03-06 17:30:00+00:00,6751.89990234375,6773.169921875,6734.259765625,6759.9501953125
2026-03-06 18:30:00+00:00,6759.85009765625,6766.5400390625,6750.75,6762.10986328125
2026-03-06 19:30:00+00:00,6762.080078125,6772.0,6732.60009765625,6734.509765625
2026-03-06 20:30:00+00:00,6734.509765625,6745.85009765625,6724.81982421875,6738.14990234375
2026-03-09 13:30:00+00:00,6699.7998046875,6699.7998046875,6636.0400390625,6652.669921875
2026-03-09 14:30:00+00:00,6652.56005859375,6711.169921875,6652.56005859375,6710.02001953125
2026-03-09 15:30:00+00:00,6710.08984375,6727.22998046875,6696.81982421875,6721.02978515625
2026-03-09 16:30:00+00:00,6721.2900390625,6734.64013671875,6699.7001953125,6700.9501953125
2026-03-09 17:30:00+00:00,6700.91015625,6719.669921875,6693.27001953125,6713.02978515625
2026-03-09 18:30:00+00:00,6712.97998046875,6786.47998046875,6711.56005859375,6786.2900390625
2026-03-09 19:30:00+00:00,6786.14013671875,6810.43994140625,6772.18994140625,6796.240234375
2026-03-10 13:30:00+00:00,6796.56005859375,6798.9599609375,6759.740234375,6787.7900390625
2026-03-10 14:30:00+00:00,6787.7998046875,6828.009765625,6787.7998046875,6822.919921875
2026-03-10 15:30:00+00:00,6823.02978515625,6830.66015625,6809.22021484375,6818.3798828125
2026-03-10 16:30:00+00:00,6818.5,6845.080078125,6818.5,6844.39990234375
2026-03-10 17:30:00+00:00,6844.35986328125,6844.35986328125,6786.52978515625,6804.77978515625
2026-03-10 18:30:00+00:00,6804.8701171875,6814.41015625,6785.990234375,6785.990234375
2026-03-10 19:30:00+00:00,6786.0,6793.759765625,6774.259765625,6781.31005859375
2026-03-11 13:30:00+00:00,6790.08984375,6811.14990234375,6763.89013671875,6772.580078125
2026-03-11 14:30:00+00:00,6772.6201171875,6797.3798828125,6758.2998046875,6758.2998046875
2026-03-11 15:30:00+00:00,6758.3798828125,6763.52001953125,6747.10986328125,6759.0498046875
2026-03-11 16:30:00+00:00,6758.9599609375,6778.72021484375,6758.83984375,6775.91015625
2026-03-11 17:30:00+00:00,6775.91015625,6777.5,6745.58984375,6764.3701171875
2026-03-11 18:30:00+00:00,6764.2900390625,6768.39013671875,6755.490234375,6761.35009765625
2026-03-11 19:30:00+00:00,6761.18994140625,6777.58984375,6759.4599609375,6774.759765625
2026-03-12 13:30:00+00:00,6740.8798828125,6740.8798828125,6692.490234375,6692.66015625
2026-03-12 14:30:00+00:00,6691.97998046875,6715.2099609375,6680.10009765625,6691.990234375
2026-03-12 15:30:00+00:00,6692.10986328125,6722.8798828125,6683.1201171875,6698.22021484375
2026-03-12 16:30:00+00:00,6698.81982421875,6713.02978515625,6691.52001953125,6696.43017578125
2026-03-12 17:30:00+00:00,6696.52001953125,6707.72998046875,6683.89013671875,6692.68994140625
2026-03-12 18:30:00+00:00,6692.68017578125,6695.06982421875,6679.9501953125,6689.93017578125
2026-03-12 19:30:00+00:00,6690.35986328125,6696.75,6670.39990234375,6671.81005859375
2026-03-13 13:30:00+00:00,6673.490234375,6733.2998046875,6673.490234375,6699.02001953125
2026-03-13 14:30:00+00:00,6699.0,6711.72998046875,6654.97021484375,6655.39013671875
2026-03-13 15:30:00+00:00,6655.4501953125,6662.35986328125,6641.52001953125,6653.10986328125
2026-03-13 16:30:00+00:00,6653.080078125,6661.4599609375,6641.66015625,6653.68017578125
2026-03-13 17:30:00+00:00,6653.7001953125,6654.740234375,6631.35009765625,6643.27001953125
2026-03-13 18:30:00+00:00,6643.14990234375,6657.35986328125,6631.7001953125,6633.58984375
2026-03-13 19:30:00+00:00,6633.669921875,6639.60986328125,6623.919921875,6631.8798828125
2026-03-16 13:30:00+00:00,6674.3701171875,6722.8701171875,6674.3701171875,6713.14013671875
2026-03-16 14:30:00+00:00,6712.9599609375,6713.06005859375,6685.56005859375,6709.97998046875
2026-03-16 15:30:00+00:00,6710.02978515625,6715.43017578125,6681.5498046875,6683.93994140625
2026-03-16 16:30:00+00:00,6683.9599609375,6706.22998046875,6681.490234375,6701.7001953125
2026-03-16 17:30:00+00:00,6701.64013671875,6709.85986328125,6689.5400390625,6707.27001953125
2026-03-16 18:30:00+00:00,6707.58984375,6729.7900390625,6696.27978515625,6700.97021484375
2026-03-16 19:30:00+00:00,6701.35986328125,6702.77978515625,6693.580078125,6699.85009765625
2026-03-17 13:30:00+00:00,6722.35009765625,6754.2998046875,6722.35009765625,6734.97998046875
2026-03-17 14:30:00+00:00,6734.83984375,6744.0400390625,6726.1298828125,6726.72998046875
2026-03-17 15:30:00+00:00,6726.60986328125,6730.740234375,6710.7998046875,6721.759765625
2026-03-17 16:30:00+00:00,6721.81982421875,6728.5,6716.8701171875,6724.6298828125
2026-03-17 17:30:00+00:00,6724.64013671875,6731.77978515625,6718.52001953125,6718.919921875
2026-03-17 18:30:00+00:00,6718.89990234375,6724.740234375,6715.5498046875,6719.93017578125
2026-03-17 19:30:00+00:00,6719.97021484375,6721.89013671875,6713.77978515625,6717.18994140625
2026-03-18 13:30:00+00:00,6697.16015625,6705.18017578125,6667.31982421875,6669.25
2026-03-18 14:30:00+00:00,6669.3701171875,6689.22021484375,6666.52001953125,6678.81005859375
2026-03-18 15:30:00+00:00,6678.81005859375,6685.22998046875,6674.6201171875,6680.580078125
2026-03-18 16:30:00+00:00,6680.31005859375,6681.52001953125,6663.85986328125,6667.47021484375
2026-03-18 17:30:00+00:00,6667.52978515625,6682.740234375,6662.85986328125,6670.18994140625
2026-03-18 18:30:00+00:00,6670.3798828125,6671.64013671875,6636.16015625,6638.06982421875
2026-03-18 19:30:00+00:00,6638.10009765625,6640.68994140625,6621.66015625,6624.3798828125
2026-03-19 13:30:00+00:00,6583.1201171875,6602.72021484375,6557.81982421875,6571.64013671875
2026-03-19 14:30:00+00:00,6571.6298828125,6604.93017578125,6571.10986328125,6585.89013671875
2026-03-19 15:30:00+00:00,6585.75,6598.169921875,6570.72998046875,6588.43017578125
2026-03-19 16:30:00+00:00,6588.02001953125,6594.919921875,6564.68017578125,6579.66015625
2026-03-19 17:30:00+00:00,6579.56982421875,6593.64013671875,6570.169921875,6580.35009765625
2026-03-19 18:30:00+00:00,6580.1201171875,6636.740234375,6571.85009765625,6610.4501953125
2026-03-19 19:30:00+00:00,6610.60009765625,6615.0400390625,6599.31982421875,6606.2001953125
2026-03-20 13:30:00+00:00,6594.66015625,6594.66015625,6540.81982421875,6545.5
2026-03-20 14:30:00+00:00,6545.240234375,6566.31005859375,6538.4501953125,6545.81982421875
2026-03-20 15:30:00+00:00,6545.830078125,6565.60009765625,6544.35009765625,6557.27978515625
2026-03-20 16:30:00+00:00,6557.27978515625,6559.1298828125,6544.740234375,6547.6201171875
2026-03-20 17:30:00+00:00,6547.6201171875,6548.8798828125,6513.47021484375,6519.8798828125
2026-03-20 18:30:00+00:00,6520.02978515625,6521.52978515625,6494.02978515625,6496.68017578125
2026-03-20 19:30:00+00:00,6496.7099609375,6509.0,6473.52001953125,6508.31982421875
2026-03-23 13:30:00+00:00,6574.9599609375,6648.27978515625,6574.9599609375,6636.06982421875
2026-03-23 14:30:00+00:00,6636.14013671875,6651.6201171875,6626.06005859375,6635.16015625
2026-03-23 15:30:00+00:00,6635.259765625,6638.580078125,6565.5498046875,6566.52001953125
2026-03-23 16:30:00+00:00,6566.60009765625,6592.22021484375,6566.35009765625,6579.39990234375
2026-03-23 17:30:00+00:00,6579.18994140625,6608.22998046875,6578.759765625,6600.02978515625
2026-03-23 18:30:00+00:00,6600.16015625,6621.89990234375,6596.89990234375,6599.43994140625
2026-03-23 19:30:00+00:00,6599.419921875,6608.6298828125,6580.31005859375,6581.759765625
2026-03-24 13:30:00+00:00,6552.08984375,6560.9501953125,6525.10986328125,6551.240234375
2026-03-24 14:30:00+00:00,6551.1298828125,6594.169921875,6548.580078125,6586.22998046875
2026-03-24 15:30:00+00:00,6586.22021484375,6595.75,6569.3798828125,6585.02001953125
2026-03-24 16:30:00+00:00,6585.2998046875,6586.7001953125,6552.10986328125,6559.64013671875
2026-03-24 17:30:00+00:00,6559.58984375,6574.3798828125,6550.3798828125,6570.89013671875
2026-03-24 18:30:00+00:00,6570.919921875,6590.669921875,6569.27001953125,6569.97021484375
2026-03-24 19:30:00+00:00,6570.0,6573.06005859375,6551.4599609375,6557.3798828125
2026-03-25 13:30:00+00:00,6598.35009765625,6633.93994140625,6583.080078125,6606.8701171875
2026-03-25 14:30:00+00:00,6607.14990234375,6617.83984375,6568.41015625,6603.7998046875
2026-03-25 15:30:00+00:00,6603.81982421875,6607.60009765625,6586.509765625,6599.5
2026-03-25 16:30:00+00:00,6599.8701171875,6608.47998046875,6595.4599609375,6606.4599609375
2026-03-25 17:30:00+00:00,6606.41015625,6618.5400390625,6599.64990234375,6600.68017578125
2026-03-25 18:30:00+00:00,6600.75,6603.6298828125,6581.85986328125,6591.330078125
2026-03-25 19:30:00+00:00,6591.0498046875,6596.2900390625,6583.669921875,6592.43994140625
2026-03-26 13:30:00+00:00,6555.85986328125,6573.22021484375,6533.10986328125,6562.22998046875
2026-03-26 14:30:00+00:00,6562.14013671875,6573.08984375,6533.56982421875,6542.89013671875
2026-03-26 15:30:00+00:00,6542.72021484375,6546.97998046875,6518.81982421875,6520.2001953125
2026-03-26 16:30:00+00:00,6520.1298828125,6526.1201171875,6505.35009765625,6511.009765625
2026-03-26 17:30:00+00:00,6511.080078125,6515.60986328125,6489.7998046875,6490.85009765625
2026-03-26 18:30:00+00:00,6490.8798828125,6500.9599609375,6483.64013671875,6487.02978515625
2026-03-26 19:30:00+00:00,6487.06005859375,6487.31005859375,6473.7900390625,6477.10986328125
2026-03-27 13:30:00+00:00,6453.89013671875,6453.89013671875,6410.6298828125,6415.68017578125
2026-03-27 14:30:00+00:00,6415.5,6437.60009765625,6408.9501953125,6432.75
2026-03-27 15:30:00+00:00,6433.5,6445.18017578125,6411.10986328125,6413.009765625
2026-03-27 16:30:00+00:00,6413.580078125,6422.3701171875,6390.8701171875,6391.02978515625
2026-03-27 17:30:00+00:00,6390.830078125,6396.91015625,6376.14990234375,6382.27001953125
2026-03-27 18:30:00+00:00,6382.27978515625,6390.5,6370.08984375,6373.2900390625
2026-03-27 19:30:00+00:00,6373.22998046875,6377.830078125,6356.080078125,6367.77001953125
2026-03-30 13:30:00+00:00,6403.3701171875,6427.31005859375,6370.8798828125,6382.31982421875
2026-03-30 14:30:00+00:00,6382.31005859375,6411.56005859375,6371.06005859375,6388.830078125
2026-03-30 15:30:00+00:00,6388.77978515625,6408.4599609375,6376.60009765625,6377.18994140625
2026-03-30 16:30:00+00:00,6377.1298828125,6384.08984375,6356.85986328125,6357.81982421875
2026-03-30 17:30:00+00:00,6357.89013671875,6368.990234375,6347.06005859375,6347.06982421875
2026-03-30 18:30:00+00:00,6347.02001953125,6355.7998046875,6316.91015625,6319.8701171875
2026-03-30 19:30:00+00:00,6319.77001953125,6349.9501953125,6317.7099609375,6343.75
2026-03-31 13:30:00+00:00,6395.8798828125,6453.72998046875,6395.8798828125,6448.9501953125
2026-03-31 14:30:00+00:00,6448.8701171875,6450.31982421875,6404.5400390625,6431.97021484375
2026-03-31 15:30:00+00:00,6431.7099609375,6449.77001953125,6420.02978515625,6445.66015625
2026-03-31 16:30:00+00:00,6445.47021484375,6517.52001953125,6441.0400390625,6494.4599609375
2026-03-31 17:30:00+00:00,6494.39990234375,6508.08984375,6486.990234375,6502.18017578125
2026-03-31 18:30:00+00:00,6502.08984375,6523.2900390625,6497.27001953125,6518.91015625
2026-03-31 19:30:00+00:00,6518.9599609375,6539.0498046875,6518.18994140625,6528.64990234375
2026-04-01 13:30:00+00:00,6556.56005859375,6585.18017578125,6554.2900390625,6574.77978515625
2026-04-01 14:30:00+00:00,6574.77001953125,6595.1201171875,6561.64013671875,6588.52001953125
2026-04-01 15:30:00+00:00,6588.490234375,6606.0,6584.66015625,6596.81982421875
2026-04-01 16:30:00+00:00,6596.81982421875,6609.669921875,6593.77978515625,6607.830078125
2026-04-01 17:30:00+00:00,6607.759765625,6609.02001953125,6563.830078125,6566.759765625
2026-04-01 18:30:00+00:00,6566.72998046875,6587.60009765625,6561.3701171875,6585.7001953125
2026-04-01 19:30:00+00:00,6585.72021484375,6591.3701171875,6572.5498046875,6575.080078125
2026-04-02 13:30:00+00:00,6512.60986328125,6533.9501953125,6474.93994140625,6527.8701171875
2026-04-02 14:30:00+00:00,6527.83984375,6601.91015625,6526.4501953125,6577.22998046875
2026-04-02 15:30:00+00:00,6577.16015625,6582.43994140625,6546.31005859375,6551.81005859375
2026-04-02 16:30:00+00:00,6551.75,6573.83984375,6549.919921875,6570.31982421875
2026-04-02 17:30:00+00:00,6570.35009765625,6570.93994140625,6550.7900390625,6559.14990234375
2026-04-02 18:30:00+00:00,6559.1298828125,6576.240234375,6558.7900390625,6568.2900390625
2026-04-02 19:30:00+00:00,6568.14990234375,6584.35009765625,6565.35986328125,6581.56005859375
2026-04-06 13:30:00+00:00,6587.66015625,6618.1298828125,6579.9501953125,6607.259765625
2026-04-06 14:30:00+00:00,6607.27978515625,6613.240234375,6589.990234375,6593.2900390625
2026-04-06 15:30:00+00:00,6593.14990234375,6603.66015625,6587.4501953125,6601.6201171875
2026-04-06 16:30:00+00:00,6601.669921875,6608.169921875,6579.72021484375,6597.8701171875
2026-04-06 17:30:00+00:00,6597.97021484375,6609.419921875,6586.509765625,6606.43994140625
2026-04-06 18:30:00+00:00,6606.39013671875,6608.72998046875,6601.56005859375,6602.77001953125
2026-04-06 19:30:00+00:00,6602.7900390625,6612.490234375,6602.18017578125,6611.31005859375
2026-04-07 13:30:00+00:00,6601.93017578125,6601.93017578125,6543.16015625,6567.52978515625
2026-04-07 14:30:00+00:00,6567.56005859375,6575.580078125,6534.7001953125,6555.490234375
2026-04-07 15:30:00+00:00,6555.52978515625,6592.330078125,6550.0400390625,6583.5498046875
2026-04-07 16:30:00+00:00,6583.2099609375,6591.8798828125,6577.91015625,6581.47998046875
2026-04-07 17:30:00+00:00,6581.47998046875,6606.31982421875,6580.91015625,6585.10986328125
2026-04-07 18:30:00+00:00,6585.14990234375,6603.97998046875,6557.89013671875,6590.27001953125
2026-04-07 19:30:00+00:00,6590.22021484375,6618.259765625,6582.580078125,6617.919921875
2026-04-08 13:30:00+00:00,6754.35986328125,6793.5,6754.35986328125,6765.14013671875
2026-04-08 14:30:00+00:00,6765.14013671875,6767.22021484375,6740.27978515625,6754.58984375
2026-04-08 15:30:00+00:00,6754.43994140625,6780.669921875,6754.35009765625,6774.5498046875
2026-04-08 16:30:00+00:00,6774.5498046875,6788.330078125,6772.35986328125,6774.0498046875
2026-04-08 17:30:00+00:00,6774.009765625,6790.08984375,6768.89013671875,6773.47021484375
2026-04-08 18:30:00+00:00,6773.43017578125,6777.259765625,6752.68017578125,6759.7998046875
2026-04-08 19:30:00+00:00,6759.759765625,6783.64990234375,6759.56982421875,6783.47998046875
2026-04-09 13:30:00+00:00,6783.68994140625,6783.68994140625,6763.1298828125,6765.169921875
2026-04-09 14:30:00+00:00,6766.58984375,6789.35009765625,6761.5498046875,6783.830078125
2026-04-09 15:30:00+00:00,6783.75,6830.93017578125,6781.7998046875,6823.330078125
2026-04-09 16:30:00+00:00,6823.330078125,6833.64990234375,6813.75,6827.35986328125
2026-04-09 17:30:00+00:00,6827.330078125,6835.31005859375,6810.77978515625,6813.10009765625
2026-04-09 18:30:00+00:00,6813.080078125,6826.39013671875,6809.39990234375,6823.14990234375
2026-04-09 19:30:00+00:00,6823.2998046875,6830.509765625,6823.1298828125,6823.93994140625
2026-04-10 13:30:00+00:00,6839.240234375,6845.77001953125,6823.4599609375,6839.669921875
2026-04-10 14:30:00+00:00,6839.56982421875,6844.31982421875,6829.3798828125,6835.830078125
2026-04-10 15:30:00+00:00,6835.72998046875,6837.56005859375,6814.4599609375,6818.97021484375
2026-04-10 16:30:00+00:00,6819.009765625,6820.35986328125,6809.0400390625,6810.47998046875
2026-04-10 17:30:00+00:00,6810.5,6820.2998046875,6808.4599609375,6817.41015625
2026-04-10 18:30:00+00:00,6817.3798828125,6823.419921875,6812.5498046875,6820.330078125
2026-04-10 19:30:00+00:00,6820.3701171875,6820.3701171875,6810.39013671875,6817.89990234375
2026-04-13 13:30:00+00:00,6806.47021484375,6823.14990234375,6790.02001953125,6818.8701171875
2026-04-13 14:30:00+00:00,6819.02978515625,6830.41015625,6816.93017578125,6819.64013671875
2026-04-13 15:30:00+00:00,6819.27978515625,6839.3798828125,6814.08984375,6837.97021484375
2026-04-13 16:30:00+00:00,6838.02001953125,6851.7900390625,6831.27978515625,6848.9599609375
2026-04-13 17:30:00+00:00,6848.97021484375,6850.6298828125,6842.580078125,6847.35986328125
2026-04-13 18:30:00+00:00,6847.330078125,6862.10986328125,6846.64990234375,6862.0
2026-04-13 19:30:00+00:00,6862.0,6887.0,6860.64990234375,6885.91015625
2026-04-14 13:30:00+00:00,6910.2001953125,6934.89013671875,6905.169921875,6934.18994140625
2026-04-14 14:30:00+00:00,6934.27978515625,6948.5498046875,6930.43017578125,6946.4599609375
2026-04-14 15:30:00+00:00,6946.5,6961.509765625,6946.33984375,6960.2998046875
2026-04-14 16:30:00+00:00,6960.31982421875,6964.14013671875,6952.330078125,6961.47998046875
2026-04-14 17:30:00+00:00,6961.47998046875,6965.22998046875,6945.81005859375,6949.93994140625
2026-04-14 18:30:00+00:00,6949.93994140625,6966.8701171875,6947.509765625,6966.66015625
2026-04-14 19:30:00+00:00,6966.47998046875,6969.419921875,6958.990234375,6966.77978515625
2026-04-15 13:30:00+00:00,6978.169921875,6992.8798828125,6967.1298828125,6992.7900390625
2026-04-15 14:30:00+00:00,6992.85009765625,6999.83984375,6983.3798828125,6998.1201171875
2026-04-15 15:30:00+00:00,6997.9501953125,7001.919921875,6992.22021484375,6997.31005859375
2026-04-15 16:30:00+00:00,6997.330078125,6999.52001953125,6979.9599609375,6998.16015625
2026-04-15 17:30:00+00:00,6997.91015625,7009.85986328125,6995.72021484375,7008.509765625
2026-04-15 18:30:00+00:00,7008.509765625,7024.2900390625,7008.509765625,7024.2099609375
2026-04-15 19:30:00+00:00,7024.14013671875,7026.240234375,7016.490234375,7022.10009765625
2026-04-16 13:30:00+00:00,7037.77978515625,7040.02978515625,7008.52001953125,7015.5498046875
2026-04-16 14:30:00+00:00,7015.490234375,7043.66015625,7012.83984375,7033.2099609375
2026-04-16 15:30:00+00:00,7032.10009765625,7051.22998046875,7031.02001953125,7043.6298828125
2026-04-16 16:30:00+00:00,7043.68994140625,7044.14990234375,7022.39013671875,7030.75
2026-04-16 17:30:00+00:00,7030.77001953125,7038.64013671875,7018.259765625,7020.93994140625
2026-04-16 18:30:00+00:00,7020.990234375,7035.31982421875,7020.990234375,7032.740234375
2026-04-16 19:30:00+00:00,7032.669921875,7042.83984375,7032.0400390625,7039.3701171875
2026-04-17 13:30:00+00:00,7074.5498046875,7118.0400390625,7074.5498046875,7116.27001953125
2026-04-17 14:30:00+00:00,7116.58984375,7136.8798828125,7116.58984375,7130.009765625
2026-04-17 15:30:00+00:00,7130.0,7140.10009765625,7128.02978515625,7138.89990234375
2026-04-17 16:30:00+00:00,7138.89013671875,7147.52001953125,7116.009765625,7122.85986328125
2026-04-17 17:30:00+00:00,7122.77001953125,7130.5400390625,7115.43017578125,7122.06982421875
2026-04-17 18:30:00+00:00,7121.990234375,7127.4599609375,7114.0400390625,7116.58984375
2026-04-17 19:30:00+00:00,7116.509765625,7128.009765625,7116.509765625,7125.1201171875
2026-04-20 13:30:00+00:00,7117.0498046875,7122.64990234375,7105.64990234375,7112.830078125
2026-04-20 14:30:00+00:00,7112.919921875,7113.5400390625,7084.41015625,7107.3701171875
2026-04-20 15:30:00+00:00,7106.9599609375,7106.9599609375,7094.14013671875,7100.43017578125
2026-04-20 16:30:00+00:00,7100.39013671875,7107.7998046875,7096.8798828125,7103.2900390625
2026-04-20 17:30:00+00:00,7103.330078125,7109.990234375,7099.35009765625,7107.2099609375
2026-04-20 18:30:00+00:00,7107.240234375,7109.9599609375,7102.72998046875,7104.27978515625
2026-04-20 19:30:00+00:00,7104.31005859375,7110.3798828125,7099.72998046875,7110.3798828125
2026-04-21 13:30:00+00:00,7122.64013671875,7137.27001953125,7111.0498046875,7129.41015625
2026-04-21 14:30:00+00:00,7129.419921875,7131.4501953125,7085.3798828125,7090.35009765625
2026-04-21 15:30:00+00:00,7090.35009765625,7101.4501953125,7084.2998046875,7087.10986328125
2026-04-21 16:30:00+00:00,7087.1298828125,7094.919921875,7062.08984375,7069.77978515625
2026-04-21 17:30:00+00:00,7069.72998046875,7095.7900390625,7069.56982421875,7074.4501953125
2026-04-21 18:30:00+00:00,7074.35986328125,7101.35009765625,7073.85009765625,7101.10009765625
2026-04-21 19:30:00+00:00,7101.080078125,7102.4501953125,7050.2001953125,7064.31005859375
2026-04-22 13:30:00+00:00,7102.91015625,7130.4599609375,7102.91015625,7129.0400390625
2026-04-22 14:30:00+00:00,7129.1201171875,7130.43994140625,7117.1298828125,7126.72021484375
2026-04-22 15:30:00+00:00,7126.509765625,7128.35009765625,7115.14990234375,7115.47021484375
2026-04-22 16:30:00+00:00,7115.509765625,7127.93994140625,7112.39990234375,7124.169921875
2026-04-22 17:30:00+00:00,7124.10986328125,7127.27001953125,7116.3798828125,7118.56005859375
2026-04-22 18:30:00+00:00,7118.5498046875,7129.83984375,7116.240234375,7128.93017578125
2026-04-22 19:30:00+00:00,7128.83984375,7138.64013671875,7125.0400390625,7137.1201171875
2026-04-23 13:30:00+00:00,7118.7998046875,7136.83984375,7115.89013671875,7128.740234375
2026-04-23 14:30:00+00:00,7128.830078125,7147.080078125,7128.2001953125,7143.6201171875
2026-04-23 15:30:00+00:00,7143.60986328125,7147.77978515625,7126.83984375,7130.9501953125
2026-04-23 16:30:00+00:00,7131.02978515625,7136.009765625,7083.43017578125,7084.35009765625
2026-04-23 17:30:00+00:00,7084.169921875,7109.47021484375,7046.5498046875,7109.06982421875
2026-04-23 18:30:00+00:00,7109.06982421875,7118.47021484375,7091.759765625,7107.81982421875
2026-04-23 19:30:00+00:00,7107.919921875,7112.18994140625,7090.3798828125,7108.0400390625
2026-04-24 13:30:00+00:00,7136.47998046875,7137.1201171875,7112.81982421875,7121.080078125
2026-04-24 14:30:00+00:00,7121.5,7145.169921875,7118.27001953125,7142.31005859375
2026-04-24 15:30:00+00:00,7142.56005859375,7164.4501953125,7139.7099609375,7156.56982421875
2026-04-24 16:30:00+00:00,7156.47021484375,7162.4599609375,7150.3798828125,7153.8798828125
2026-04-24 17:30:00+00:00,7153.83984375,7167.22998046875,7151.47021484375,7153.9501953125
2026-04-24 18:30:00+00:00,7153.8798828125,7168.58984375,7153.6201171875,7161.68017578125
2026-04-24 19:30:00+00:00,7161.52001953125,7167.66015625,7158.3798828125,7164.2900390625
2026-04-27 13:30:00+00:00,7152.72021484375,7167.7001953125,7148.419921875,7157.5498046875
2026-04-27 14:30:00+00:00,7157.35986328125,7166.97021484375,7146.72021484375,7152.9599609375
2026-04-27 15:30:00+00:00,7153.02001953125,7164.68017578125,7151.1298828125,7162.419921875
2026-04-27 16:30:00+00:00,7162.5,7170.33984375,7162.1298828125,7169.81005859375
2026-04-27 17:30:00+00:00,7169.669921875,7176.1201171875,7169.39013671875,7174.6201171875
2026-04-27 18:30:00+00:00,7174.6201171875,7175.919921875,7170.60986328125,7174.7900390625
2026-04-27 19:30:00+00:00,7174.85986328125,7178.740234375,7172.27978515625,7174.009765625
2026-04-28 13:30:00+00:00,7133.740234375,7152.52001953125,7129.35986328125,7135.1298828125
2026-04-28 14:30:00+00:00,7135.18017578125,7138.330078125,7115.169921875,7122.06982421875
2026-04-28 15:30:00+00:00,7122.16015625,7129.1201171875,7116.93994140625,7126.72998046875
2026-04-28 16:30:00+00:00,7126.81005859375,7128.0400390625,7117.5,7124.7099609375
2026-04-28 17:30:00+00:00,7124.7099609375,7139.22021484375,7124.7099609375,7137.2001953125
2026-04-28 18:30:00+00:00,7137.080078125,7144.9599609375,7131.830078125,7139.22021484375
2026-04-28 19:30:00+00:00,7139.39013671875,7142.83984375,7135.43017578125,7139.240234375
2026-04-29 13:30:00+00:00,7131.60986328125,7140.60986328125,7119.5400390625,7138.31982421875
2026-04-29 14:30:00+00:00,7138.35986328125,7145.6298828125,7124.25,7132.56982421875
2026-04-29 15:30:00+00:00,7132.33984375,7134.4501953125,7115.990234375,7120.56005859375
2026-04-29 16:30:00+00:00,7120.490234375,7123.919921875,7112.669921875,7121.9501953125
2026-04-29 17:30:00+00:00,7122.1201171875,7130.35986328125,7108.2099609375,7115.81005859375
2026-04-29 18:30:00+00:00,7115.740234375,7138.60009765625,7107.85986328125,7132.18994140625
2026-04-29 19:30:00+00:00,7131.97021484375,7137.56005859375,7124.16015625,7137.56005859375
2026-04-30 13:30:00+00:00,7161.75,7170.52001953125,7126.14990234375,7142.47998046875
2026-04-30 14:30:00+00:00,7142.18017578125,7168.919921875,7134.22998046875,7167.52001953125
2026-04-30 15:30:00+00:00,7167.1201171875,7177.06982421875,7157.2900390625,7174.669921875
2026-04-30 16:30:00+00:00,7174.56005859375,7181.39013671875,7162.16015625,7181.3701171875
2026-04-30 17:30:00+00:00,7181.240234375,7204.77001953125,7181.1201171875,7202.43017578125
2026-04-30 18:30:00+00:00,7202.39990234375,7217.18994140625,7202.240234375,7214.14990234375
2026-04-30 19:30:00+00:00,7214.22998046875,7219.830078125,7209.6298828125,7209.6298828125
2026-05-01 13:30:00+00:00,7234.5400390625,7272.52001953125,7232.75,7265.93017578125
2026-05-01 14:30:00+00:00,7265.85009765625,7265.89013671875,7244.5,7256.6298828125
2026-05-01 15:30:00+00:00,7256.47998046875,7267.080078125,7243.02978515625,7245.52978515625
2026-05-01 16:30:00+00:00,7245.35986328125,7253.080078125,7237.91015625,7253.080078125
2026-05-01 17:30:00+00:00,7253.1201171875,7255.1201171875,7238.35009765625,7245.0498046875
2026-05-01 18:30:00+00:00,7244.919921875,7248.97021484375,7231.39013671875,7247.5498046875
2026-05-01 19:30:00+00:00,7247.47998046875,7247.97021484375,7229.31982421875,7229.31982421875
2026-05-04 13:30:00+00:00,7228.3798828125,7240.7900390625,7214.77001953125,7234.72998046875
2026-05-04 14:30:00+00:00,7234.669921875,7244.5400390625,7197.7900390625,7206.77001953125
2026-05-04 15:30:00+00:00,7206.60986328125,7207.72998046875,7174.1201171875,7192.52978515625
2026-05-04 16:30:00+00:00,7192.58984375,7208.7099609375,7186.77978515625,7207.8798828125
2026-05-04 17:30:00+00:00,7207.990234375,7212.7998046875,7195.39990234375,7200.60986328125
2026-05-04 18:30:00+00:00,7200.4599609375,7204.81005859375,7191.16015625,7200.3701171875
2026-05-04 19:30:00+00:00,7200.35009765625,7205.27978515625,7196.22998046875,7201.4599609375
2026-05-05 13:30:00+00:00,7233.6201171875,7259.5400390625,7233.6201171875,7256.1298828125
2026-05-05 14:30:00+00:00,7256.08984375,7259.919921875,7247.5498046875,7257.52001953125
2026-05-05 15:30:00+00:00,7257.81005859375,7261.77978515625,7252.35986328125,7258.77001953125
2026-05-05 16:30:00+00:00,7258.669921875,7261.77001953125,7254.7099609375,7261.68017578125
2026-05-05 17:30:00+00:00,7261.64990234375,7269.89990234375,7259.7099609375,7267.990234375
2026-05-05 18:30:00+00:00,7267.85986328125,7273.259765625,7263.9599609375,7270.18017578125
2026-05-05 19:30:00+00:00,7270.10986328125,7271.43017578125,7255.4599609375,7259.47021484375
2026-05-06 13:30:00+00:00,7294.14013671875,7330.8798828125,7294.14013671875,7322.580078125
2026-05-06 14:30:00+00:00,7322.56982421875,7348.35009765625,7322.52978515625,7344.1201171875
2026-05-06 15:30:00+00:00,7343.919921875,7345.6201171875,7333.41015625,7341.33984375
2026-05-06 16:30:00+00:00,7341.240234375,7342.2001953125,7329.35009765625,7340.1298828125
2026-05-06 17:30:00+00:00,7340.02978515625,7354.919921875,7339.2001953125,7353.7998046875
2026-05-06 18:30:00+00:00,7353.830078125,7363.39990234375,7350.5498046875,7362.02001953125
2026-05-06 19:30:00+00:00,7361.919921875,7369.22021484375,7358.759765625,7363.68017578125
2026-05-07 13:30:00+00:00,7376.77978515625,7376.77978515625,7359.77001953125,7369.60986328125
2026-05-07 14:30:00+00:00,7369.64990234375,7385.02001953125,7367.3798828125,7372.16015625
2026-05-07 15:30:00+00:00,7372.22021484375,7379.81982421875,7339.830078125,7357.080078125
2026-05-07 16:30:00+00:00,7357.0,7361.81005859375,7321.66015625,7329.740234375
2026-05-07 17:30:00+00:00,7329.83984375,7344.66015625,7324.66015625,7335.93994140625
2026-05-07 18:30:00+00:00,7336.02001953125,7342.35986328125,7321.25,7327.68994140625
2026-05-07 19:30:00+00:00,7327.7099609375,7341.39013671875,7326.89013671875,7337.10986328125
2026-05-08 13:30:00+00:00,7362.97021484375,7397.56005859375,7362.97021484375,7389.68994140625
2026-05-08 14:30:00+00:00,7389.7900390625,7397.3701171875,7382.72021484375,7391.22998046875
2026-05-08 15:30:00+00:00,7391.27978515625,7400.08984375,7386.009765625,7397.56005859375
2026-05-08 16:30:00+00:00,7397.66015625,7400.97998046875,7390.2099609375,7399.56982421875
2026-05-08 17:30:00+00:00,7399.68994140625,7401.5,7392.93017578125,7399.5
2026-05-08 18:30:00+00:00,7399.5,7401.35986328125,7384.10009765625,7389.0
2026-05-08 19:30:00+00:00,7389.0498046875,7398.89013671875,7388.22998046875,7397.43017578125
2026-05-11 13:30:00+00:00,7385.31005859375,7417.77978515625,7384.2001953125,7405.77978515625
2026-05-11 14:30:00+00:00,7405.81005859375,7422.91015625,7397.64013671875,7422.6201171875
2026-05-11 15:30:00+00:00,7422.4501953125,7426.22998046875,7418.68017578125,7425.2998046875
2026-05-11 16:30:00+00:00,7425.330078125,7426.27001953125,7410.330078125,7419.56005859375
2026-05-11 17:30:00+00:00,7419.509765625,7428.97021484375,7419.330078125,7425.1201171875
2026-05-11 18:30:00+00:00,7425.14990234375,7425.169921875,7403.3798828125,7406.64990234375
2026-05-11 19:30:00+00:00,7406.60986328125,7412.9501953125,7402.75,7412.9501953125
2026-05-12 13:30:00+00:00,7390.6298828125,7394.3701171875,7366.6201171875,7369.330078125
2026-05-12 14:30:00+00:00,7369.43994140625,7371.97021484375,7338.5400390625,7343.490234375
2026-05-12 15:30:00+00:00,7343.5,7358.06005859375,7341.64990234375,7348.169921875
2026-05-12 16:30:00+00:00,7348.16015625,7369.81005859375,7338.7099609375,7364.10986328125
2026-05-12 17:30:00+00:00,7364.169921875,7385.18017578125,7362.330078125,7382.9599609375
2026-05-12 18:30:00+00:00,7382.93994140625,7394.8701171875,7378.31005859375,7391.85986328125
2026-05-12 19:30:00+00:00,7391.740234375,7409.56982421875,7391.740234375,7401.6298828125
2026-05-13 13:30:00+00:00,7409.1201171875,7409.169921875,7375.1298828125,7404.39013671875
2026-05-13 14:30:00+00:00,7404.169921875,7415.52978515625,7398.6201171875,7414.35986328125
2026-05-13 15:30:00+00:00,7414.31982421875,7440.56982421875,7410.31005859375,7438.64990234375
2026-05-13 16:30:00+00:00,7438.6298828125,7450.93994140625,7435.77001953125,7448.080078125
2026-05-13 17:30:00+00:00,7448.0,7460.0400390625,7442.02978515625,7456.33984375
2026-05-13 18:30:00+00:00,7456.31005859375,7458.22021484375,7446.830078125,7456.22021484375
2026-05-13 19:30:00+00:00,7456.31005859375,7457.10986328125,7443.68017578125,7444.8798828125
2026-05-14 13:30:00+00:00,7454.39990234375,7486.259765625,7454.39990234375,7481.0
2026-05-14 14:30:00+00:00,7481.240234375,7509.77978515625,7479.43994140625,7507.259765625
2026-05-14 15:30:00+00:00,7507.10009765625,7517.1201171875,7500.2998046875,7501.85009765625
2026-05-14 16:30:00+00:00,7501.52001953125,7505.31982421875,7484.35986328125,7490.56005859375
2026-05-14 17:30:00+00:00,7490.580078125,7504.35986328125,7488.009765625,7496.81982421875
2026-05-14 18:30:00+00:00,7496.77978515625,7508.06982421875,7495.10986328125,7501.740234375
2026-05-14 19:30:00+00:00,7501.85986328125,7507.9501953125,7499.0498046875,7502.0400390625
2026-05-15 13:30:00+00:00,7445.10986328125,7447.25,7397.5,7430.0400390625
2026-05-15 14:30:00+00:00,7430.66015625,7443.14990234375,7421.7001953125,7431.89990234375
2026-05-15 15:30:00+00:00,7432.35009765625,7439.58984375,7411.009765625,7432.669921875
2026-05-15 16:30:00+00:00,7433.7998046875,7449.06005859375,7423.2998046875,7445.7001953125
2026-05-15 17:30:00+00:00,7445.7001953125,7454.85009765625,7435.35986328125,7436.8798828125
2026-05-15 18:30:00+00:00,7436.8701171875,7438.85009765625,7419.97998046875,7421.02001953125
2026-05-15 19:30:00+00:00,7421.1298828125,7427.56005859375,7404.66015625,7409.18017578125
2026-05-18 13:30:00+00:00,7415.06982421875,7434.06005859375,7394.10986328125,7413.85009765625
2026-05-18 14:30:00+00:00,7413.68017578125,7417.240234375,7374.33984375,7375.080078125
2026-05-18 15:30:00+00:00,7375.009765625,7397.93017578125,7364.93017578125,7366.47998046875
2026-05-18 16:30:00+00:00,7366.77001953125,7392.97998046875,7361.47021484375,7392.68017578125
2026-05-18 17:30:00+00:00,7392.68017578125,7393.2099609375,7356.10009765625,7365.419921875
2026-05-18 18:30:00+00:00,7365.6298828125,7397.31982421875,7353.169921875,7373.68017578125
2026-05-18 19:30:00+00:00,7373.740234375,7406.0400390625,7371.68994140625,7403.10009765625
2026-05-19 13:30:00+00:00,7375.75,7381.64013671875,7335.0498046875,7341.47998046875
2026-05-19 14:30:00+00:00,7341.58984375,7358.10986328125,7333.68017578125,7341.4599609375
2026-05-19 15:30:00+00:00,7341.10009765625,7366.0,7339.509765625,7363.72021484375
2026-05-19 16:30:00+00:00,7363.60009765625,7395.31982421875,7362.35986328125,7388.81005859375
2026-05-19 17:30:00+00:00,7388.7900390625,7394.56982421875,7377.56982421875,7377.669921875
2026-05-19 18:30:00+00:00,7377.7099609375,7382.66015625,7357.669921875,7365.77978515625
2026-05-19 19:30:00+00:00,7365.72021484375,7368.75,7343.89990234375,7354.9599609375
2026-05-20 13:30:00+00:00,7369.18994140625,7402.18017578125,7357.4599609375,7396.75
2026-05-20 14:30:00+00:00,7397.56005859375,7435.68994140625,7394.39990234375,7410.6201171875
2026-05-20 15:30:00+00:00,7410.97998046875,7428.009765625,7404.83984375,7408.3701171875
2026-05-20 16:30:00+00:00,7408.22998046875,7421.5498046875,7404.39013671875,7420.2998046875
2026-05-20 17:30:00+00:00,7420.35009765625,7425.81982421875,7412.35986328125,7419.259765625
2026-05-20 18:30:00+00:00,7419.33984375,7427.9501953125,7416.31005859375,7426.3701171875
2026-05-20 19:30:00+00:00,7426.52978515625,7433.580078125,7424.580078125,7432.77001953125
2026-05-21 13:30:00+00:00,7410.77978515625,7424.43017578125,7392.02001953125,7401.759765625
2026-05-21 14:30:00+00:00,7402.16015625,7410.93017578125,7389.47998046875,7405.4599609375
2026-05-21 15:30:00+00:00,7405.39990234375,7417.02978515625,7396.330078125,7405.6201171875
2026-05-21 16:30:00+00:00,7405.56982421875,7447.2900390625,7398.81982421875,7438.7998046875
2026-05-21 17:30:00+00:00,7438.72021484375,7465.9599609375,7438.259765625,7451.0498046875
2026-05-21 18:30:00+00:00,7451.06005859375,7454.18994140625,7420.0498046875,7444.240234375
2026-05-21 19:30:00+00:00,7444.16015625,7448.85009765625,7437.5,7446.0498046875
2026-05-22 13:30:00+00:00,7468.81982421875,7499.4599609375,7463.2900390625,7474.41015625
2026-05-22 14:30:00+00:00,7474.4599609375,7496.41015625,7472.33984375,7496.41015625
2026-05-22 15:30:00+00:00,7496.56005859375,7497.759765625,7486.81982421875,7490.990234375
2026-05-22 16:30:00+00:00,7491.080078125,7505.27001953125,7485.52978515625,7505.22021484375
2026-05-22 17:30:00+00:00,7505.2998046875,7506.31982421875,7487.22021484375,7490.740234375
2026-05-22 18:30:00+00:00,7490.60009765625,7492.60009765625,7472.89013671875,7473.25
2026-05-22 19:30:00+00:00,7473.259765625,7479.330078125,7467.58984375,7474.06982421875
2026-05-26 13:30:00+00:00,7511.7900390625,7536.60986328125,7508.39013671875,7533.509765625
2026-05-26 14:30:00+00:00,7533.4501953125,7539.08984375,7515.4501953125,7516.22998046875
2026-05-26 15:30:00+00:00,7516.14990234375,7517.919921875,7501.10009765625,7515.2998046875
2026-05-26 16:30:00+00:00,7515.22021484375,7517.580078125,7502.97998046875,7504.22998046875
2026-05-26 17:30:00+00:00,7504.16015625,7517.93994140625,7502.5498046875,7514.25
2026-05-26 18:30:00+00:00,7514.22998046875,7517.580078125,7506.39013671875,7513.14990234375
2026-05-26 19:30:00+00:00,7513.08984375,7525.990234375,7513.08984375,7519.47021484375
2026-05-27 13:30:00+00:00,7526.009765625,7530.72021484375,7507.830078125,7516.77978515625
2026-05-27 14:30:00+00:00,7516.68017578125,7527.330078125,7506.240234375,7511.81005859375
2026-05-27 15:30:00+00:00,7512.009765625,7518.64990234375,7500.85986328125,7514.18017578125
2026-05-27 16:30:00+00:00,7514.0400390625,7523.31005859375,7499.72021484375,7509.08984375
2026-05-27 17:30:00+00:00,7509.1201171875,7525.02978515625,7509.02001953125,7524.10009765625
2026-05-27 18:30:00+00:00,7524.240234375,7528.16015625,7520.47021484375,7522.7099609375
2026-05-27 19:30:00+00:00,7522.56005859375,7525.68994140625,7518.0400390625,7521.2900390625
2026-05-28 13:30:00+00:00,7519.81982421875,7554.72998046875,7508.0400390625,7544.31982421875
2026-05-28 14:30:00+00:00,7544.490234375,7558.64013671875,7534.58984375,7556.919921875
2026-05-28 15:30:00+00:00,7556.759765625,7565.58984375,7554.64990234375,7561.0
2026-05-28 16:30:00+00:00,7561.0400390625,7566.580078125,7558.3701171875,7559.83984375
2026-05-28 17:30:00+00:00,7559.89013671875,7566.91015625,7558.3701171875,7565.06982421875
2026-05-28 18:30:00+00:00,7565.009765625,7565.14990234375,7558.18017578125,7564.7099609375
2026-05-28 19:30:00+00:00,7564.75,7568.72021484375,7561.64990234375,7563.43017578125
2026-05-29 13:30:00+00:00,7579.330078125,7599.3798828125,7574.14013671875,7583.740234375
2026-05-29 14:30:00+00:00,7583.8701171875,7592.06005859375,7563.5498046875,7587.16015625
2026-05-29 15:30:00+00:00,7586.06982421875,7591.7998046875,7580.490234375,7584.35986328125
2026-05-29 16:30:00+00:00,7584.27978515625,7595.169921875,7579.580078125,7583.31982421875
2026-05-29 17:30:00+00:00,7583.02001953125,7583.240234375,7568.56005859375,7580.60986328125
2026-05-29 18:30:00+00:00,7580.509765625,7586.22021484375,7570.81005859375,7586.0498046875
2026-05-29 19:30:00+00:00,7586.10986328125,7593.47021484375,7580.93994140625,7581.25
2026-06-01 13:30:00+00:00,7582.2900390625,7585.490234375,7562.60986328125,7575.56005859375
2026-06-01 14:30:00+00:00,7575.56982421875,7581.35009765625,7569.85986328125,7579.0400390625
2026-06-01 15:30:00+00:00,7579.0,7591.93994140625,7575.93994140625,7585.0400390625
2026-06-01 16:30:00+00:00,7585.009765625,7600.35986328125,7585.009765625,7600.35986328125
2026-06-01 17:30:00+00:00,7600.89990234375,7617.66015625,7595.5498046875,7615.7001953125
2026-06-01 18:30:00+00:00,7615.66015625,7615.97998046875,7611.02001953125,7613.5498046875
2026-06-01 19:30:00+00:00,7613.5498046875,7613.5498046875,7597.4501953125,7600.25
2026-06-02 13:30:00+00:00,7595.39990234375,7602.240234375,7582.990234375,7594.56982421875
2026-06-02 14:30:00+00:00,7594.43994140625,7620.89990234375,7594.14013671875,7615.93017578125
2026-06-02 15:30:00+00:00,7615.83984375,7617.39990234375,7609.27001953125,7610.64990234375
2026-06-02 16:30:00+00:00,7610.52001953125,7616.759765625,7605.169921875,7606.27978515625
2026-06-02 17:30:00+00:00,7606.18994140625,7609.39990234375,7603.97998046875,7606.31982421875
2026-06-02 18:30:00+00:00,7606.10986328125,7612.27001953125,7602.43994140625,7609.6298828125
2026-06-02 19:30:00+00:00,7609.6201171875,7613.580078125,7607.81005859375,7610.509765625
2026-06-03 13:30:00+00:00,7605.31005859375,7605.35009765625,7562.4501953125,7584.43017578125
2026-06-03 14:30:00+00:00,7584.47021484375,7586.56982421875,7569.0,7576.60009765625
2026-06-03 15:30:00+00:00,7576.64990234375,7579.47021484375,7555.16015625,7558.64013671875
2026-06-03 16:30:00+00:00,7558.77001953125,7567.22021484375,7551.22021484375,7562.419921875
2026-06-03 17:30:00+00:00,7562.43994140625,7576.4501953125,7558.14013671875,7575.7001953125
2026-06-03 18:30:00+00:00,7575.759765625,7576.43994140625,7561.9501953125,7564.3798828125
2026-06-03 19:30:00+00:00,7564.43017578125,7570.60986328125,7553.64990234375,7556.81982421875
2026-06-04 13:30:00+00:00,7516.5400390625,7557.72998046875,7516.5400390625,7554.490234375
2026-06-04 14:30:00+00:00,7554.43994140625,7574.5,7548.7001953125,7573.85986328125
2026-06-04 15:30:00+00:00,7573.89990234375,7581.6201171875,7562.47021484375,7579.43994140625
2026-06-04 16:30:00+00:00,7579.4501953125,7586.68017578125,7575.16015625,7585.830078125
2026-06-04 17:30:00+00:00,7585.68994140625,7595.0,7585.10009765625,7593.56982421875
2026-06-04 18:30:00+00:00,7593.5,7597.91015625,7589.97021484375,7597.77978515625
2026-06-04 19:30:00+00:00,7597.89990234375,7598.18994140625,7584.41015625,7584.81982421875
2026-06-05 13:30:00+00:00,7537.35986328125,7541.81005859375,7494.77978515625,7505.18017578125
2026-06-05 14:30:00+00:00,7505.31982421875,7520.39013671875,7488.7900390625,7494.93017578125
2026-06-05 15:30:00+00:00,7494.83984375,7497.35986328125,7458.9599609375,7460.0498046875
2026-06-05 16:30:00+00:00,7460.22998046875,7461.1298828125,7437.27001953125,7452.64013671875
2026-06-05 17:30:00+00:00,7452.759765625,7465.52978515625,7417.97021484375,7421.47021484375
2026-06-05 18:30:00+00:00,7421.509765625,7423.56005859375,7368.6298828125,7397.08984375
2026-06-05 19:30:00+00:00,7397.22021484375,7410.16015625,7383.02001953125,7384.669921875
2026-06-08 13:30:00+00:00,7440.56982421875,7458.56982421875,7420.2001953125,7438.8798828125
2026-06-08 14:30:00+00:00,7438.9501953125,7466.81005859375,7434.22998046875,7446.169921875
2026-06-08 15:30:00+00:00,7446.33984375,7456.66015625,7432.830078125,7435.56982421875
2026-06-08 16:30:00+00:00,7435.509765625,7442.60986328125,7415.06982421875,7433.60009765625
2026-06-08 17:30:00+00:00,7433.7001953125,7437.0498046875,7417.1201171875,7432.9599609375
2026-06-08 18:30:00+00:00,7432.919921875,7437.39990234375,7395.1298828125,7404.2099609375
2026-06-08 19:30:00+00:00,7404.52001953125,7414.27001953125,7401.1201171875,7405.81005859375
2026-06-09 13:30:00+00:00,7438.66015625,7483.14990234375,7407.669921875,7424.72998046875
2026-06-09 14:30:00+00:00,7424.58984375,7429.56005859375,7319.990234375,7321.47998046875
2026-06-09 15:30:00+00:00,7321.64013671875,7339.06005859375,7265.06005859375,7285.490234375
2026-06-09 16:30:00+00:00,7285.4501953125,7324.33984375,7237.85009765625,7319.9501953125
2026-06-09 17:30:00+00:00,7319.759765625,7363.669921875,7314.83984375,7363.31982421875
2026-06-09 18:30:00+00:00,7363.3701171875,7389.10009765625,7345.10986328125,7358.4501953125
2026-06-09 19:30:00+00:00,7358.3701171875,7387.10009765625,7338.39013671875,7386.31005859375
2026-06-10 13:30:00+00:00,7350.5400390625,7396.56005859375,7328.419921875,7385.89013671875
2026-06-10 14:30:00+00:00,7385.43994140625,7391.89990234375,7307.64990234375,7327.68017578125
2026-06-10 15:30:00+00:00,7327.10986328125,7339.16015625,7297.7900390625,7318.4501953125
2026-06-10 16:30:00+00:00,7318.47021484375,7334.56982421875,7299.16015625,7308.080078125
2026-06-10 17:30:00+00:00,7308.25,7329.16015625,7291.22998046875,7307.740234375
2026-06-10 18:30:00+00:00,7307.72998046875,7307.72998046875,7267.35009765625,7272.85009765625
2026-06-10 19:30:00+00:00,7272.2099609375,7290.0,7265.93017578125,7267.64990234375
2026-06-11 13:30:00+00:00,7287.669921875,7327.89990234375,7276.919921875,7300.93994140625
2026-06-11 14:30:00+00:00,7300.77001953125,7312.7001953125,7257.330078125,7286.1201171875
2026-06-11 15:30:00+00:00,7285.06982421875,7314.27978515625,7279.8701171875,7291.3701171875
2026-06-11 16:30:00+00:00,7291.56005859375,7337.14990234375,7265.009765625,7337.14990234375
2026-06-11 17:30:00+00:00,7336.9599609375,7377.8798828125,7335.7099609375,7356.83984375
2026-06-11 18:30:00+00:00,7357.10009765625,7395.14013671875,7353.490234375,7392.009765625
2026-06-11 19:30:00+00:00,7392.06982421875,7412.68017578125,7386.93017578125,7393.06005859375
2026-06-12 13:30:00+00:00,7410.85009765625,7422.669921875,7363.009765625,7408.56982421875
2026-06-12 14:30:00+00:00,7408.43994140625,7456.39990234375,7384.4501953125,7452.9599609375
2026-06-12 15:30:00+00:00,7453.16015625,7453.47021484375,7394.60009765625,7418.990234375
2026-06-12 16:30:00+00:00,7418.919921875,7441.330078125,7416.0400390625,7434.0
2026-06-12 17:30:00+00:00,7433.68017578125,7434.52978515625,7416.9501953125,7424.66015625
2026-06-12 18:30:00+00:00,7424.58984375,7435.169921875,7422.06005859375,7426.7900390625
2026-06-12 19:30:00+00:00,7426.7001953125,7432.14013671875,7413.14013671875,7430.85986328125
2026-06-15 13:30:00+00:00,7516.75,7552.669921875,7516.75,7548.06005859375
2026-06-15 14:30:00+00:00,7548.02978515625,7563.75,7540.8701171875,7562.7099609375
2026-06-15 15:30:00+00:00,7562.72021484375,7577.919921875,7559.77978515625,7575.85986328125
2026-06-15 16:30:00+00:00,7575.89990234375,7577.33984375,7564.47021484375,7572.52978515625
2026-06-15 17:30:00+00:00,7572.64013671875,7574.22998046875,7558.18994140625,7558.5400390625
2026-06-15 18:30:00+00:00,7558.5400390625,7565.9501953125,7554.5400390625,7554.7998046875
2026-06-15 19:30:00+00:00,7554.56005859375,7560.080078125,7545.56005859375,7555.259765625
2026-06-16 13:30:00+00:00,7548.77978515625,7564.9599609375,7541.66015625,7541.81005859375
2026-06-16 14:30:00+00:00,7541.7001953125,7550.919921875,7533.02978515625,7536.66015625
2026-06-16 15:30:00+00:00,7536.509765625,7549.6298828125,7527.39990234375,7544.06982421875
2026-06-16 16:30:00+00:00,7543.97998046875,7544.490234375,7529.18994140625,7532.47998046875
2026-06-16 17:30:00+00:00,7532.47998046875,7536.77001953125,7525.27978515625,7531.81005859375
2026-06-16 18:30:00+00:00,7531.81005859375,7532.669921875,7511.6298828125,7522.169921875
2026-06-16 19:30:00+00:00,7522.25,7523.56005859375,7508.68017578125,7512.990234375
2026-06-17 13:30:00+00:00,7524.5,7532.169921875,7507.330078125,7527.7998046875
2026-06-17 14:30:00+00:00,7527.77978515625,7528.52001953125,7489.93994140625,7510.64013671875
2026-06-17 15:30:00+00:00,7510.740234375,7521.02978515625,7508.81005859375,7518.97021484375
2026-06-17 16:30:00+00:00,7518.7001953125,7519.740234375,7497.68017578125,7507.22021484375
2026-06-17 17:30:00+00:00,7507.169921875,7518.85009765625,7445.52978515625,7473.419921875
2026-06-17 18:30:00+00:00,7473.1298828125,7513.3798828125,7429.2001953125,7431.97021484375
2026-06-17 19:30:00+00:00,7431.669921875,7433.41015625,7402.60986328125,7421.759765625
2026-06-18 13:30:00+00:00,7487.35986328125,7509.43994140625,7468.31982421875,7482.169921875
2026-06-18 14:30:00+00:00,7482.08984375,7502.740234375,7473.75,7482.77001953125
2026-06-18 15:30:00+00:00,7483.25,7498.2099609375,7473.169921875,7496.18994140625
2026-06-18 16:30:00+00:00,7496.4501953125,7511.06982421875,7492.22998046875,7505.52978515625
2026-06-18 17:30:00+00:00,7505.47998046875,7509.39990234375,7494.06005859375,7494.93017578125
2026-06-18 18:30:00+00:00,7494.9501953125,7499.18017578125,7482.39013671875,7489.8798828125
2026-06-18 19:30:00+00:00,7489.81005859375,7510.169921875,7485.7001953125,7497.85986328125
2026-06-22 13:30:00+00:00,7500.43994140625,7530.009765625,7494.93017578125,7495.25
2026-06-22 14:30:00+00:00,7495.06982421875,7495.2001953125,7461.0400390625,7472.259765625
2026-06-22 15:30:00+00:00,7472.58984375,7491.31982421875,7464.740234375,7476.5400390625
2026-06-22 16:30:00+00:00,7476.5400390625,7481.27978515625,7468.830078125,7475.81005859375
2026-06-22 17:30:00+00:00,7475.81005859375,7485.81005859375,7468.3798828125,7479.85009765625
2026-06-22 18:30:00+00:00,7479.77978515625,7483.759765625,7461.68994140625,7462.8701171875
2026-06-22 19:30:00+00:00,7462.77001953125,7476.33984375,7460.009765625,7475.4599609375
2026-06-23 13:30:00+00:00,7366.509765625,7424.169921875,7347.60009765625,7417.41015625
2026-06-23 14:30:00+00:00,7417.14013671875,7418.56005859375,7370.60986328125,7373.18017578125
2026-06-23 15:30:00+00:00,7373.31005859375,7404.85986328125,7370.5,7402.10009765625
2026-06-23 16:30:00+00:00,7401.7001953125,7408.60009765625,7393.3701171875,7403.64990234375
2026-06-23 17:30:00+00:00,7403.4599609375,7408.35009765625,7380.72021484375,7382.2001953125
2026-06-23 18:30:00+00:00,7382.2900390625,7384.14013671875,7361.22021484375,7378.27001953125
2026-06-23 19:30:00+00:00,7378.14990234375,7382.83984375,7365.669921875,7365.919921875
2026-06-24 13:30:00+00:00,7370.8798828125,7405.0498046875,7369.0,7393.14990234375
2026-06-24 14:30:00+00:00,7393.5498046875,7427.39990234375,7390.52978515625,7424.60986328125
2026-06-24 15:30:00+00:00,7424.66015625,7428.06005859375,7407.02001953125,7409.5498046875
2026-06-24 16:30:00+00:00,7409.47998046875,7409.56005859375,7349.52978515625,7350.27978515625
2026-06-24 17:30:00+00:00,7350.1298828125,7374.240234375,7341.7099609375,7371.240234375
2026-06-24 18:30:00+00:00,7371.47021484375,7373.56005859375,7336.81982421875,7348.06005859375
2026-06-24 19:30:00+00:00,7348.2001953125,7359.89990234375,7337.68994140625,7359.89990234375
2026-06-25 13:30:00+00:00,7404.91015625,7419.080078125,7323.5,7382.93017578125
2026-06-25 14:30:00+00:00,7382.77978515625,7406.169921875,7346.77978515625,7369.72998046875
2026-06-25 15:30:00+00:00,7370.35009765625,7389.9599609375,7365.35986328125,7370.2001953125
2026-06-25 16:30:00+00:00,7370.009765625,7370.35009765625,7343.27978515625,7360.66015625
2026-06-25 17:30:00+00:00,7360.759765625,7388.259765625,7342.91015625,7386.580078125
2026-06-25 18:30:00+00:00,7386.77001953125,7386.77001953125,7346.85986328125,7352.5400390625
2026-06-25 19:30:00+00:00,7352.3701171875,7357.169921875,7341.68994140625,7357.169921875
2026-06-26 13:30:00+00:00,7312.740234375,7369.91015625,7294.18017578125,7361.97998046875
2026-06-26 14:30:00+00:00,7362.06005859375,7374.0400390625,7343.68994140625,7374.0400390625
2026-06-26 15:30:00+00:00,7374.2001953125,7392.9501953125,7356.06005859375,7361.52001953125
2026-06-26 16:30:00+00:00,7362.0400390625,7386.22021484375,7362.0400390625,7375.14013671875
2026-06-26 17:30:00+00:00,7375.14990234375,7381.10986328125,7354.93994140625,7355.990234375
2026-06-26 18:30:00+00:00,7355.990234375,7364.2001953125,7340.08984375,7349.41015625
2026-06-26 19:30:00+00:00,7349.5400390625,7366.02001953125,7337.68017578125,7337.81005859375
2026-06-29 13:30:00+00:00,7391.8798828125,7427.7998046875,7348.8798828125,7390.6201171875
2026-06-29 14:30:00+00:00,7390.6201171875,7412.14013671875,7388.39990234375,7406.85009765625
2026-06-29 15:30:00+00:00,7406.93017578125,7419.6201171875,7400.77001953125,7412.31982421875
2026-06-29 16:30:00+00:00,7412.259765625,7432.0498046875,7408.490234375,7430.68017578125
2026-06-29 17:30:00+00:00,7430.830078125,7436.81005859375,7429.0,7430.5400390625
2026-06-29 18:30:00+00:00,7430.66015625,7440.64013671875,7430.490234375,7437.759765625
2026-06-29 19:30:00+00:00,7437.75,7444.31982421875,7431.68994140625,7439.259765625
2026-06-30 13:30:00+00:00,7441.27001953125,7473.41015625,7438.0400390625,7472.2099609375
2026-06-30 14:30:00+00:00,7472.33984375,7481.56982421875,7457.72998046875,7480.83984375
2026-06-30 15:30:00+00:00,7480.81982421875,7493.7001953125,7476.33984375,7491.1201171875
2026-06-30 16:30:00+00:00,7491.16015625,7499.60009765625,7489.52001953125,7493.2001953125
2026-06-30 17:30:00+00:00,7493.2001953125,7499.10986328125,7489.7099609375,7495.77001953125
2026-06-30 18:30:00+00:00,7495.77001953125,7508.2900390625,7493.8798828125,7502.52001953125
2026-06-30 19:30:00+00:00,7502.5400390625,7507.669921875,7495.18017578125,7496.31005859375
2026-07-01 13:30:00+00:00,7478.83984375,7498.2099609375,7449.6298828125,7496.1201171875
2026-07-01 14:30:00+00:00,7496.0498046875,7521.10986328125,7484.41015625,7520.64013671875
2026-07-01 15:30:00+00:00,7520.47998046875,7521.81005859375,7510.669921875,7517.080078125
2026-07-01 16:30:00+00:00,7517.0400390625,7519.2998046875,7498.31005859375,7506.7099609375
2026-07-01 17:30:00+00:00,7506.7001953125,7509.1298828125,7494.64990234375,7498.7998046875
2026-07-01 18:30:00+00:00,7498.56005859375,7504.81005859375,7491.64990234375,7497.5400390625
2026-07-01 19:30:00+00:00,7497.22021484375,7500.85986328125,7479.31005859375,7485.02001953125
2026-07-02 13:30:00+00:00,7495.14013671875,7540.75,7495.14013671875,7507.5400390625
2026-07-02 14:30:00+00:00,7507.580078125,7521.330078125,7468.97998046875,7476.6298828125
2026-07-02 15:30:00+00:00,7476.3798828125,7494.18017578125,7461.1201171875,7462.0400390625
2026-07-02 16:30:00+00:00,7462.35009765625,7463.009765625,7431.7001953125,7442.72021484375
2026-07-02 17:30:00+00:00,7442.81005859375,7455.7900390625,7427.5498046875,7454.39990234375
2026-07-02 18:30:00+00:00,7454.31005859375,7462.580078125,7440.72998046875,7450.43017578125
2026-07-02 19:30:00+00:00,7450.35009765625,7483.5400390625,7449.39990234375,7477.6298828125
2026-07-06 13:30:00+00:00,7506.9599609375,7527.47021484375,7500.97021484375,7526.31005859375
2026-07-06 14:30:00+00:00,7526.72998046875,7535.6201171875,7518.64013671875,7535.18994140625
2026-07-06 15:30:00+00:00,7535.4501953125,7538.83984375,7531.66015625,7533.77001953125
2026-07-06 16:30:00+00:00,7533.85986328125,7542.3701171875,7531.66015625,7534.5
2026-07-06 17:30:00+00:00,7534.5498046875,7543.580078125,7524.169921875,7540.77001953125
2026-07-06 18:30:00+00:00,7540.72021484375,7551.31005859375,7537.81005859375,7550.39990234375
2026-07-06 19:30:00+00:00,7550.35009765625,7550.35009765625,7535.7099609375,7538.33984375
2026-07-07 13:30:00+00:00,7516.6298828125,7536.06005859375,7486.7099609375,7493.0
2026-07-07 14:30:00+00:00,7493.18017578125,7496.4501953125,7478.6298828125,7489.39990234375
2026-07-07 15:30:00+00:00,7489.3798828125,7517.2998046875,7480.509765625,7516.009765625
2026-07-07 16:30:00+00:00,7515.56005859375,7520.52978515625,7509.89013671875,7516.009765625
2026-07-07 17:30:00+00:00,7515.8701171875,7520.31005859375,7513.9501953125,7516.66015625
2026-07-07 18:30:00+00:00,7516.7099609375,7517.6298828125,7486.990234375,7493.259765625
2026-07-07 19:30:00+00:00,7493.47021484375,7506.009765625,7490.4599609375,7503.35986328125
2026-07-08 13:30:00+00:00,7476.5400390625,7476.5400390625,7452.60009765625,7458.4599609375
2026-07-08 14:30:00+00:00,7458.0,7462.259765625,7422.06005859375,7425.97021484375
2026-07-08 15:30:00+00:00,7425.7001953125,7459.97998046875,7421.81982421875,7457.81982421875
2026-07-08 16:30:00+00:00,7457.64013671875,7484.6201171875,7451.85009765625,7484.4501953125
2026-07-08 17:30:00+00:00,7484.56005859375,7487.41015625,7466.0498046875,7474.169921875
2026-07-08 18:30:00+00:00,7474.10009765625,7484.06982421875,7470.14990234375,7479.0
2026-07-08 19:30:00+00:00,7479.08984375,7488.509765625,7471.52978515625,7481.4599609375
2026-07-09 13:30:00+00:00,7491.60009765625,7519.490234375,7481.72998046875,7506.33984375
2026-07-09 14:30:00+00:00,7506.31005859375,7526.7998046875,7497.72021484375,7525.02001953125
2026-07-09 15:30:00+00:00,7524.97021484375,7534.89990234375,7521.81982421875,7533.6298828125
2026-07-09 16:30:00+00:00,7533.6201171875,7544.97021484375,7529.14013671875,7544.83984375
2026-07-09 17:30:00+00:00,7544.81005859375,7546.89013671875,7539.7900390625,7541.85009765625
2026-07-09 18:30:00+00:00,7541.9599609375,7543.2001953125,7533.830078125,7537.93017578125
2026-07-09 19:30:00+00:00,7537.85009765625,7542.7998046875,7535.16015625,7542.27978515625
2026-07-10 13:30:00+00:00,7547.64013671875,7559.9599609375,7543.35009765625,7552.1201171875
2026-07-10 14:30:00+00:00,7552.3798828125,7560.39990234375,7508.16015625,7558.72998046875
2026-07-10 15:30:00+00:00,7558.77978515625,7563.419921875,7540.6201171875,7558.240234375
2026-07-10 16:30:00+00:00,7558.27978515625,7567.7998046875,7557.22021484375,7566.2900390625
2026-07-10 17:30:00+00:00,7566.35009765625,7571.9501953125,7565.56005859375,7570.3798828125
2026-07-10 18:30:00+00:00,7570.3798828125,7577.669921875,7569.58984375,7575.64013671875
2026-07-10 19:30:00+00:00,7575.64013671875,7579.93017578125,7572.35986328125,7575.3798828125
2026-07-13 13:30:00+00:00,7547.52978515625,7565.3701171875,7529.330078125,7556.91015625
2026-07-13 14:30:00+00:00,7557.08984375,7558.580078125,7536.2001953125,7549.85009765625
2026-07-13 15:30:00+00:00,7550.080078125,7551.5,7525.9501953125,7528.7001953125
2026-07-13 16:30:00+00:00,7528.77978515625,7531.97998046875,7514.66015625,7523.5400390625
2026-07-13 17:30:00+00:00,7523.6298828125,7527.75,7516.509765625,7518.1298828125
2026-07-13 18:30:00+00:00,7518.18017578125,7526.330078125,7508.330078125,7509.22998046875
2026-07-13 19:30:00+00:00,7509.39990234375,7521.31982421875,7506.41015625,7515.89990234375
2026-07-14 13:30:00+00:00,7536.7001953125,7544.4501953125,7513.22998046875,7533.85986328125
2026-07-14 14:30:00+00:00,7533.7001953125,7557.43994140625,7531.06982421875,7552.93994140625
2026-07-14 15:30:00+00:00,7553.06005859375,7554.669921875,7526.830078125,7534.4599609375
2026-07-14 16:30:00+00:00,7534.3701171875,7551.93017578125,7532.22021484375,7549.580078125
2026-07-14 17:30:00+00:00,7549.52001953125,7554.169921875,7544.39013671875,7551.18017578125
2026-07-14 18:30:00+00:00,7551.14990234375,7552.18017578125,7544.2099609375,7547.68017578125
2026-07-14 19:30:00+00:00,7547.6298828125,7551.25,7543.35009765625,7544.2900390625
2026-07-15 13:30:00+00:00,7571.72021484375,7581.5,7557.33984375,7571.85009765625
2026-07-15 14:30:00+00:00,7571.52978515625,7573.58984375,7548.06982421875,7561.990234375
2026-07-15 15:30:00+00:00,7561.85986328125,7564.56005859375,7529.4599609375,7533.68994140625
2026-07-15 16:30:00+00:00,7533.669921875,7553.919921875,7526.9501953125,7553.919921875
2026-07-15 17:30:00+00:00,7553.919921875,7574.10986328125,7553.75,7572.27001953125
2026-07-15 18:30:00+00:00,7572.259765625,7574.83984375,7556.169921875,7561.25
2026-07-15 19:30:00+00:00,7561.5400390625,7573.3798828125,7556.7099609375,7572.2001953125
2026-07-16 13:30:00+00:00,7558.7998046875,7570.35986328125,7531.72021484375,7570.02001953125
2026-07-16 14:30:00+00:00,7570.169921875,7570.740234375,7555.31982421875,7563.990234375
2026-07-16 15:30:00+00:00,7564.0400390625,7569.7998046875,7539.740234375,7544.39990234375
2026-07-16 16:30:00+00:00,7544.47021484375,7555.22998046875,7542.4501953125,7552.85009765625
2026-07-16 17:30:00+00:00,7552.81982421875,7553.81005859375,7529.64990234375,7534.16015625
2026-07-16 18:30:00+00:00,7534.75,7534.75,7514.06982421875,7516.27001953125
2026-07-16 19:30:00+00:00,7516.02001953125,7534.68017578125,7504.02001953125,7534.6201171875
2026-07-17 13:30:00+00:00,7447.52001953125,7498.43017578125,7431.259765625,7488.85009765625
2026-07-17 14:30:00+00:00,7488.8701171875,7493.39013671875,7464.10009765625,7479.72998046875
2026-07-17 15:30:00+00:00,7479.72998046875,7496.93017578125,7470.33984375,7485.18994140625
2026-07-17 16:30:00+00:00,7485.009765625,7498.47021484375,7481.33984375,7494.5
2026-07-17 17:30:00+00:00,7494.83984375,7495.7998046875,7458.4501953125,7462.240234375
2026-07-17 18:30:00+00:00,7462.2998046875,7471.6298828125,7446.27001953125,7456.6298828125
2026-07-17 19:30:00+00:00,7456.68994140625,7469.0,7451.91015625,7457.77978515625
2026-07-20 13:30:00+00:00,7489.18017578125,7513.22998046875,7468.60986328125,7482.85986328125
2026-07-20 14:30:00+00:00,7482.490234375,7484.83984375,7462.3701171875,7484.35009765625
2026-07-20 15:30:00+00:00,7484.31982421875,7495.509765625,7476.60986328125,7490.75
2026-07-20 16:30:00+00:00,7490.68017578125,7493.35986328125,7461.3798828125,7466.83984375
2026-07-20 17:30:00+00:00,7466.85986328125,7479.080078125,7461.75,7470.5400390625
2026-07-20 18:30:00+00:00,7470.60009765625,7470.60009765625,7440.52978515625,7452.14013671875
2026-07-20 19:30:00+00:00,7452.419921875,7458.509765625,7441.33984375,7444.72998046875
2026-07-21 13:30:00+00:00,7489.9501953125,7494.77001953125,7467.85986328125,7493.7998046875
2026-07-21 14:30:00+00:00,7494.22998046875,7505.14990234375,7483.02001953125,7504.72021484375
2026-07-21 15:30:00+00:00,7504.81982421875,7512.64990234375,7499.14013671875,7511.47021484375
2026-07-21 16:30:00+00:00,7511.43994140625,7515.31005859375,7507.97998046875,7509.33984375
2026-07-21 17:30:00+00:00,7509.330078125,7514.52001953125,7505.89990234375,7507.4501953125
2026-07-21 18:30:00+00:00,7507.5400390625,7511.919921875,7504.6201171875,7507.66015625
2026-07-21 19:30:00+00:00,7507.41015625,7512.06005859375,7506.3798828125,7507.31982421875
2026-07-22 13:30:00+00:00,7497.47021484375,7519.22021484375,7485.85009765625,7499.0
2026-07-22 14:30:00+00:00,7499.10009765625,7522.22021484375,7492.10986328125,7519.7998046875
2026-07-22 15:30:00+00:00,7519.89013671875,7525.330078125,7513.18994140625,7524.1298828125
2026-07-22 16:30:00+00:00,7524.22021484375,7525.93994140625,7515.419921875,7516.18017578125
2026-07-22 17:30:00+00:00,7516.10009765625,7519.31982421875,7505.830078125,7510.25
2026-07-22 18:30:00+00:00,7510.25,7511.06982421875,7501.35986328125,7504.83984375
2026-07-22 19:30:00+00:00,7504.97021484375,7507.18994140625,7498.27001953125,7499.43994140625
2026-07-23 13:30:00+00:00,7418.2900390625,7450.1201171875,7408.240234375,7422.9599609375
2026-07-23 14:30:00+00:00,7422.1201171875,7430.39990234375,7382.0,7383.22998046875
2026-07-23 15:30:00+00:00,7383.0498046875,7420.7099609375,7376.0,7418.41015625
2026-07-23 16:30:00+00:00,7418.990234375,7421.31005859375,7402.77978515625,7412.43994140625
2026-07-23 17:30:00+00:00,7412.240234375,7412.240234375,7392.10009765625,7398.2900390625
2026-07-23 18:30:00+00:00,7398.18994140625,7402.56005859375,7388.89990234375,7398.85009765625
2026-07-23 19:30:00+00:00,7398.89990234375,7410.06005859375,7381.64990234375,7408.18017578125
2026-07-24 13:30:00+00:00,7406.2998046875,7423.009765625,7397.580078125,7415.93994140625
2026-07-24 14:30:00+00:00,7415.7099609375,7454.509765625,7397.56982421875,7448.9599609375
2026-07-24 15:30:00+00:00,7449.16015625,7460.97998046875,7444.14013671875,7455.580078125
2026-07-24 16:30:00+00:00,7455.5400390625,7455.66015625,7427.06982421875,7441.2099609375
2026-07-24 17:30:00+00:00,7441.259765625,7445.52001953125,7413.83984375,7413.97998046875
2026-07-24 18:30:00+00:00,7413.8701171875,7415.02978515625,7396.52978515625,7399.990234375
2026-07-24 19:30:00+00:00,7399.8701171875,7414.0400390625,7399.5400390625,7412.8798828125
2026-07-27 13:30:00+00:00,7464.2001953125,7480.56982421875,7405.5,7406.14990234375
2026-07-27 14:30:00+00:00,7406.27001953125,7426.97021484375,7388.330078125,7405.93994140625
2026-07-27 15:30:00+00:00,7405.83984375,7419.77978515625,7386.5498046875,7410.9501953125
2026-07-27 16:30:00+00:00,7411.080078125,7417.080078125,7382.740234375,7385.5
2026-07-27 17:30:00+00:00,7385.490234375,7403.10986328125,7385.35009765625,7399.64013671875
2026-07-27 18:30:00+00:00,7399.85009765625,7421.2900390625,7390.27978515625,7420.39990234375
2026-07-27 19:30:00+00:00,7420.56982421875,7422.06005859375,7407.89013671875,7413.43017578125
2026-07-28 13:30:00+00:00,7395.5498046875,7413.10009765625,7382.9501953125,7399.91015625
2026-07-28 14:30:00+00:00,7399.8701171875,7443.10986328125,7394.47021484375,7435.22021484375
2026-07-28 15:30:00+00:00,7435.16015625,7448.52978515625,7434.16015625,7436.5
2026-07-28 16:30:00+00:00,7436.35986328125,7452.08984375,7432.81982421875,7436.85986328125
2026-07-28 17:30:00+00:00,7436.759765625,7443.22998046875,7427.9501953125,7429.08984375
2026-07-28 18:30:00+00:00,7429.22998046875,7443.4599609375,7428.5,7440.2998046875
2026-07-28 19:30:00+00:00,7440.31005859375,7440.75,7427.259765625,7427.259765625
2026-07-29 13:30:00+00:00,7418.16015625,7426.3798828125,7366.240234375,7372.64013671875
2026-07-29 14:30:00+00:00,7372.85009765625,7380.93994140625,7361.4599609375,7366.9501953125
2026-07-29 15:30:00+00:00,7367.06005859375,7372.85986328125,7341.25,7361.35986328125
2026-07-29 16:30:00+00:00,7361.33984375,7395.64013671875,7351.9599609375,7381.4599609375
2026-07-29 17:30:00+00:00,7381.16015625,7418.66015625,7376.10009765625,7396.60009765625
2026-07-29 18:30:00+00:00,7396.66015625,7450.83984375,7366.990234375,7375.169921875
2026-07-29 19:30:00+00:00,7375.080078125,7380.6298828125,7313.919921875,7320.22998046875
2026-07-30 13:30:00+00:00,7390.4501953125,7417.35986328125,7371.669921875,7410.8798828125
2026-07-30 14:30:00+00:00,7411.1298828125,7415.85986328125,7370.97998046875,7373.080078125
2026-07-30 15:30:00+00:00,7372.93994140625,7416.35986328125,7371.6298828125,7411.93994140625
2026-07-30 16:30:00+00:00,7411.93994140625,7426.0400390625,7401.93994140625,7421.14990234375
2026-07-30 17:30:00+00:00,7421.27001953125,7428.1201171875,7416.47021484375,7427.7998046875
2026-07-30 18:30:00+00:00,7427.85009765625,7448.75,7424.14990234375,7441.77978515625
2026-07-30 19:30:00+00:00,7441.7900390625,7443.91015625,7433.419921875,7437.52978515625
2026-07-31 13:30:00+00:00,7462.1298828125,7489.52001953125,7399.830078125,7428.2998046875
2026-07-31 14:30:00+00:00,7428.2900390625,7453.7099609375,7423.7900390625,7425.2099609375
2026-07-31 15:30:00+00:00,7425.4599609375,7467.3701171875,7421.77978515625,7467.18994140625
2026-07-31 16:30:00+00:00,7467.43994140625,7487.4501953125,7463.56982421875,7486.7900390625
2026-07-31 17:30:00+00:00,7486.77001953125,7489.02978515625,7475.759765625,7483.4501953125
2026-07-31 18:30:00+00:00,7483.3701171875,7502.509765625,7480.169921875,7498.18017578125
2026-07-31 19:30:00+00:00,7498.06005859375,7512.0400390625,7488.0400390625,7489.52001953125
2026-08-03 13:30:00+00:00,7504.77978515625,7572.4501953125,7504.77978515625,7569.759765625
2026-08-03 14:30:00+00:00,7569.97998046875,7581.740234375,7568.080078125,7575.39013671875
2026-08-03 15:30:00+00:00,7575.10986328125,7590.3701171875,7575.06005859375,7590.31982421875
2026-08-03 16:30:00+00:00,7590.43017578125,7596.169921875,7584.419921875,7595.14013671875
2026-08-03 17:30:00+00:00,7595.14013671875,7607.990234375,7594.490234375,7600.0498046875
2026-08-03 18:30:00+00:00,7600.14013671875,7610.0400390625,7598.0,7607.43017578125
2026-08-03 19:30:00+00:00,7607.47998046875,7609.1298828125,7598.72021484375,7599.97021484375
2026-08-04 13:30:00+00:00,7630.6201171875,7678.27001953125,7629.10009765625,7669.85986328125
2026-08-04 14:30:00+00:00,7669.91015625,7703.14990234375,7666.080078125,7698.35986328125
2026-08-04 15:30:00+00:00,7698.41015625,7717.22021484375,7695.47021484375,7716.1298828125
2026-08-04 16:30:00+00:00,7716.18994140625,7739.64990234375,7714.64013671875,7736.6201171875
2026-08-04 17:30:00+00:00,7736.68017578125,7754.490234375,7733.990234375,7747.6298828125
2026-08-04 18:30:00+00:00,7747.81005859375,7755.56005859375,7738.97021484375,7747.2900390625
2026-08-04 19:30:00+00:00,7747.669921875,7758.2099609375,7734.9599609375,7735.60009765625
2026-08-05 13:30:00+00:00,7771.6201171875,7793.68017578125,7768.85009765625,7772.0
2026-08-05 14:30:00+00:00,7772.0498046875,7774.35986328125,7735.89990234375,7741.3701171875
2026-08-05 15:30:00+00:00,7741.27978515625,7749.3701171875,7722.35986328125,7744.72021484375
2026-08-05 16:30:00+00:00,7744.740234375,7745.93994140625,7734.35009765625,7736.97998046875
2026-08-05 17:30:00+00:00,7737.009765625,7745.85009765625,7734.43017578125,7742.72021484375
2026-08-05 18:30:00+00:00,7742.8701171875,7744.08984375,7735.77978515625,7741.6298828125
2026-08-05 19:30:00+00:00,7741.740234375,7742.68017578125,7720.169921875,7722.1201171875
2026-08-06 13:30:00+00:00,7713.7900390625,7742.85009765625,7713.7900390625,7727.41015625
2026-08-06 14:30:00+00:00,7727.97998046875,7735.64990234375,7709.89990234375,7715.6298828125
2026-08-06 15:30:00+00:00,7716.10009765625,7721.10986328125,7698.14990234375,7705.75
2026-08-06 16:30:00+00:00,7705.72998046875,7715.66015625,7701.509765625,7701.509765625
2026-08-06 17:30:00+00:00,7701.64990234375,7720.5400390625,7700.97998046875,7717.77978515625
2026-08-06 18:30:00+00:00,7717.72021484375,7721.4501953125,7709.27978515625,7709.85986328125
2026-08-06 19:30:00+00:00,7710.14013671875,7713.18017578125,7700.64013671875,7711.3798828125
2026-08-07 13:30:00+00:00,7735.18017578125,7756.080078125,7719.18994140625,7754.5400390625
2026-08-07 14:30:00+00:00,7755.10986328125,7762.4501953125,7741.10009765625,7760.0
2026-08-07 15:30:00+00:00,7760.0,7763.080078125,7737.6298828125,7740.669921875
2026-08-07 16:30:00+00:00,7740.72998046875,7752.27001953125,7734.6298828125,7745.2900390625
2026-08-07 17:30:00+00:00,7745.31005859375,7748.22021484375,7738.22998046875,7738.5498046875
2026-08-07 18:30:00+00:00,7738.4501953125,7757.68994140625,7732.919921875,7754.93994140625
2026-08-07 19:30:00+00:00,7754.93994140625,7761.8798828125,7748.89013671875,7755.60986328125
2026-08-10 13:30:00+00:00,7751.740234375,7768.2099609375,7748.419921875,7767.68994140625
2026-08-10 14:30:00+00:00,7767.64013671875,7773.759765625,7756.2900390625,7760.43017578125
2026-08-10 15:30:00+00:00,7760.490234375,7768.080078125,7755.080078125,7756.5498046875
2026-08-10 16:30:00+00:00,7756.5,7757.7099609375,7743.10986328125,7754.18017578125
2026-08-10 17:30:00+00:00,7754.1201171875,7755.93017578125,7748.10986328125,7748.64990234375
2026-08-10 18:30:00+00:00,7748.75,7757.02001953125,7746.77978515625,7752.080078125
2026-08-10 19:30:00+00:00,7752.1201171875,7755.31005859375,7745.85009765625,7753.14990234375
2026-08-11 13:30:00+00:00,7767.509765625,7767.509765625,7748.83984375,7762.18017578125
2026-08-11 14:30:00+00:00,7762.080078125,7763.58984375,7745.33984375,7747.58984375
2026-08-11 15:30:00+00:00,7747.5498046875,7748.8798828125,7737.4501953125,7741.14013671875
2026-08-11 16:30:00+00:00,7741.10009765625,7743.1298828125,7725.7998046875,7732.10009765625
2026-08-11 17:30:00+00:00,7731.93017578125,7736.580078125,7717.25,7717.68017578125
2026-08-11 18:30:00+00:00,7717.72021484375,7729.830078125,7717.72021484375,7728.990234375
2026-08-11 19:30:00+00:00,7729.080078125,7733.7900390625,7720.7099609375,7727.41015625
2026-08-12 13:30:00+00:00,7765.4599609375,7766.009765625,7741.72021484375,7750.47021484375
2026-08-12 14:30:00+00:00,7750.580078125,7753.93994140625,7737.9501953125,7745.66015625
2026-08-12 15:30:00+00:00,7745.81005859375,7749.1201171875,7738.080078125,7747.31982421875
2026-08-12 16:30:00+00:00,7747.2998046875,7755.6201171875,7744.68994140625,7751.080078125
2026-08-12 17:30:00+00:00,7751.2099609375,7755.39990234375,7749.58984375,7753.419921875
2026-08-12 18:30:00+00:00,7753.4501953125,7758.9501953125,7750.669921875,7752.06005859375
2026-08-12 19:30:00+00:00,7752.10009765625,7752.68994140625,7742.919921875,7748.7099609375
2026-08-13 13:30:00+00:00,7763.18017578125,7815.5400390625,7763.18017578125,7815.08984375
2026-08-13 14:30:00+00:00,7814.8798828125,7816.7001953125,7782.35009765625,7784.2001953125
2026-08-13 15:30:00+00:00,7784.18017578125,7787.830078125,7776.919921875,7787.830078125
2026-08-13 16:30:00+00:00,7787.7998046875,7797.4501953125,7785.02978515625,7794.02978515625
2026-08-13 17:30:00+00:00,7794.10009765625,7795.27001953125,7789.60986328125,7792.35009765625
2026-08-13 18:30:00+00:00,7792.35986328125,7806.919921875,7792.35986328125,7802.56982421875
2026-08-13 19:30:00+00:00,7802.7001953125,7804.85986328125,7796.259765625,7798.85986328125
2026-08-14 13:30:00+00:00,7806.60009765625,7810.009765625,7792.41015625,7795.330078125
2026-08-14 14:30:00+00:00,7795.490234375,7796.08984375,7780.080078125,7784.39990234375
2026-08-14 15:30:00+00:00,7784.2998046875,7789.6201171875,7779.89990234375,7788.6298828125
2026-08-14 16:30:00+00:00,7788.64013671875,7788.7099609375,7778.02978515625,7779.08984375
2026-08-14 17:30:00+00:00,7779.02001953125,7784.669921875,7776.31005859375,7780.8798828125
2026-08-14 18:30:00+00:00,7780.8798828125,7786.4501953125,7779.89990234375,7783.330078125
2026-08-14 19:30:00+00:00,7783.35986328125,7786.18017578125,7781.06005859375,7786.009765625
2026-08-17 13:30:00+00:00,7790.68017578125,7790.68017578125,7771.009765625,7774.47998046875
2026-08-17 14:30:00+00:00,7774.580078125,7779.27978515625,7769.75,7777.919921875
2026-08-17 15:30:00+00:00,7777.97998046875,7778.60009765625,7768.22998046875,7773.56005859375
2026-08-17 16:30:00+00:00,7773.419921875,7774.39990234375,7755.509765625,7756.39990234375
2026-08-17 17:30:00+00:00,7756.27978515625,7758.990234375,7751.830078125,7756.47998046875
2026-08-17 18:30:00+00:00,7756.47021484375,7758.81982421875,7751.60986328125,7751.72998046875
2026-08-17 19:30:00+00:00,7751.60986328125,7753.14013671875,7744.8798828125,7746.14013671875
2026-08-18 13:30:00+00:00,7700.0400390625,7713.9501953125,7696.16015625,7706.97021484375
2026-08-18 14:30:00+00:00,7706.66015625,7712.10009765625,7693.89013671875,7698.93017578125
2026-08-18 15:30:00+00:00,7698.77978515625,7708.47998046875,7695.91015625,7702.22998046875
2026-08-18 16:30:00+00:00,7702.2001953125,7708.990234375,7700.77001953125,7702.990234375
2026-08-18 17:30:00+00:00,7703.10986328125,7705.419921875,7694.27978515625,7703.72998046875
2026-08-18 18:30:00+00:00,7703.72998046875,7704.06005859375,7695.740234375,7699.919921875
2026-08-18 19:30:00+00:00,7699.919921875,7701.740234375,7688.6298828125,7693.259765625
2026-08-19 13:30:00+00:00,7716.740234375,7726.2900390625,7700.06982421875,7719.91015625
2026-08-19 14:30:00+00:00,7719.97998046875,7743.93017578125,7718.169921875,7730.31982421875
2026-08-19 15:30:00+00:00,7731.259765625,7739.35986328125,7720.81005859375,7727.68994140625
2026-08-19 16:30:00+00:00,7727.10986328125,7727.10986328125,7710.31005859375,7715.31982421875
2026-08-19 17:30:00+00:00,7715.33984375,7724.5,7709.5400390625,7715.39990234375
2026-08-19 18:30:00+00:00,7715.41015625,7720.22998046875,7713.93017578125,7716.14013671875
2026-08-19 19:30:00+00:00,7716.02978515625,7722.740234375,7701.25,7708.02978515625
2026-08-20 13:30:00+00:00,7690.490234375,7697.2001953125,7672.47021484375,7681.1298828125
2026-08-20 14:30:00+00:00,7681.0400390625,7699.9599609375,7678.580078125,7685.72998046875
2026-08-20 15:30:00+00:00,7686.0,7687.06005859375,7671.14013671875,7676.39990234375
2026-08-20 16:30:00+00:00,7676.33984375,7684.89013671875,7665.8798828125,7666.06982421875
2026-08-20 17:30:00+00:00,7666.08984375,7668.4599609375,7649.89990234375,7654.02001953125
2026-08-20 18:30:00+00:00,7653.97021484375,7656.31005859375,7650.3701171875,7653.22998046875
2026-08-20 19:30:00+00:00,7653.18994140625,7654.68017578125,7639.009765625,7642.2099609375
2026-08-21 13:30:00+00:00,7665.68017578125,7678.16015625,7660.830078125,7665.10009765625
2026-08-21 14:30:00+00:00,7665.0400390625,7682.06982421875,7660.06005859375,7677.97021484375
2026-08-21 15:30:00+00:00,7677.97021484375,7697.10986328125,7677.27978515625,7683.41015625
2026-08-21 16:30:00+00:00,7683.509765625,7684.1298828125,7675.64013671875,7677.009765625
2026-08-21 17:30:00+00:00,7676.89013671875,7677.22021484375,7671.43994140625,7671.64990234375
2026-08-21 18:30:00+00:00,7671.64013671875,7682.14013671875,7669.52001953125,7679.240234375
2026-08-21 19:30:00+00:00,7679.02978515625,7686.27978515625,7672.509765625,7674.10009765625
2026-08-24 13:30:00+00:00,7663.3798828125,7663.4599609375,7638.169921875,7647.669921875
2026-08-24 14:30:00+00:00,7647.5498046875,7659.10986328125,7642.18017578125,7655.3798828125
2026-08-24 15:30:00+00:00,7655.35009765625,7670.2998046875,7652.81005859375,7667.10009765625
2026-08-24 16:30:00+00:00,7667.16015625,7667.919921875,7651.5498046875,7652.02978515625
2026-08-24 17:30:00+00:00,7652.10986328125,7666.509765625,7648.83984375,7666.39013671875
2026-08-24 18:30:00+00:00,7666.22998046875,7668.85986328125,7656.47021484375,7657.919921875
2026-08-24 19:30:00+00:00,7657.759765625,7660.64990234375,7650.93017578125,7652.81982421875
2026-08-25 13:30:00+00:00,7676.66015625,7686.10986328125,7664.9599609375,7664.9599609375
2026-08-25 14:30:00+00:00,7664.93017578125,7671.9501953125,7650.919921875,7671.75
2026-08-25 15:30:00+00:00,7671.52001953125,7676.35009765625,7663.830078125,7675.52978515625
2026-08-25 16:30:00+00:00,7675.47998046875,7677.7001953125,7664.5,7665.7998046875
2026-08-25 17:30:00+00:00,7665.81005859375,7669.4599609375,7665.1201171875,7667.83984375
2026-08-25 18:30:00+00:00,7667.85009765625,7676.6298828125,7666.89990234375,7670.0400390625
2026-08-25 19:30:00+00:00,7669.990234375,7680.5400390625,7668.2001953125,7675.72998046875
2026-08-26 13:30:00+00:00,7666.8798828125,7688.35986328125,7662.89990234375,7669.4501953125
2026-08-26 14:30:00+00:00,7669.1201171875,7682.5498046875,7667.58984375,7676.60986328125
2026-08-26 15:30:00+00:00,7676.52001953125,7681.0400390625,7665.58984375,7665.64013671875
2026-08-26 16:30:00+00:00,7665.759765625,7674.6201171875,7657.41015625,7673.9501953125
2026-08-26 17:30:00+00:00,7673.93994140625,7677.72998046875,7671.60986328125,7674.3701171875
2026-08-26 18:30:00+00:00,7674.43994140625,7690.72998046875,7673.669921875,7686.47998046875
2026-08-26 19:30:00+00:00,7686.4501953125,7688.7900390625,7672.81982421875,7676.2900390625
2026-08-27 13:30:00+00:00,7710.33984375,7716.89013671875,7689.89013671875,7714.14990234375
2026-08-27 14:30:00+00:00,7714.4501953125,7728.97998046875,7708.31005859375,7720.4501953125
2026-08-27 15:30:00+00:00,7720.89990234375,7727.16015625,7711.6201171875,7727.009765625
2026-08-27 16:30:00+00:00,7726.9501953125,7741.27001953125,7726.39013671875,7735.14013671875
2026-08-27 17:30:00+00:00,7735.18017578125,7738.490234375,7711.3798828125,7712.3798828125
2026-08-27 18:30:00+00:00,7712.33984375,7721.1201171875,7710.169921875,7717.68994140625
2026-08-27 19:30:00+00:00,7717.669921875,7732.14013671875,7716.7001953125,7730.10986328125
2026-08-28 13:30:00+00:00,7735.169921875,7748.25,7715.8701171875,7730.3701171875
2026-08-28 14:30:00+00:00,7730.419921875,7771.47998046875,7728.169921875,7767.919921875
2026-08-28 15:30:00+00:00,7767.990234375,7768.18017578125,7709.7900390625,7714.1201171875
2026-08-28 16:30:00+00:00,7713.7900390625,7724.52978515625,7701.35009765625,7707.08984375
2026-08-28 17:30:00+00:00,7706.7998046875,7715.39990234375,7704.759765625,7708.35986328125
2026-08-28 18:30:00+00:00,7708.41015625,7713.47021484375,7700.91015625,7712.56005859375
2026-08-28 19:30:00+00:00,7712.7001953125,7716.14013671875,7707.740234375,7709.89990234375
2026-08-31 13:30:00+00:00,7697.52001953125,7697.52001953125,7665.06005859375,7667.009765625
2026-08-31 14:30:00+00:00,7666.990234375,7681.60986328125,7665.81005859375,7677.0400390625
2026-08-31 15:30:00+00:00,7677.2099609375,7680.58984375,7668.0400390625,7676.68017578125
2026-08-31 16:30:00+00:00,7676.75,7678.06982421875,7669.580078125,7672.39013671875
2026-08-31 17:30:00+00:00,7672.35009765625,7685.72998046875,7669.77001953125,7680.7998046875
2026-08-31 18:30:00+00:00,7680.85986328125,7684.580078125,7668.31982421875,7683.60009765625
2026-08-31 19:30:00+00:00,7683.3798828125,7696.330078125,7679.39013671875,7684.3701171875
2026-09-01 13:30:00+00:00,7635.47021484375,7656.5,7627.8701171875,7653.7900390625
2026-09-01 14:30:00+00:00,7653.81005859375,7661.68994140625,7643.2900390625,7652.75
2026-09-01 15:30:00+00:00,7652.89013671875,7663.6298828125,7639.60009765625,7641.8798828125
2026-09-01 16:30:00+00:00,7641.990234375,7642.85009765625,7626.08984375,7633.16015625
2026-09-01 17:30:00+00:00,7633.14013671875,7638.52978515625,7627.14013671875,7628.27978515625
2026-09-01 18:30:00+00:00,7628.3798828125,7632.1298828125,7611.2001953125,7630.2099609375
2026-09-01 19:30:00+00:00,7630.419921875,7632.60009765625,7621.7998046875,7632.60009765625
2026-09-02 13:30:00+00:00,7634.580078125,7672.22998046875,7633.6201171875,7669.85986328125
2026-09-02 14:30:00+00:00,7669.990234375,7681.0,7666.5400390625,7680.1201171875
2026-09-02 15:30:00+00:00,7680.08984375,7681.18994140625,7664.10009765625,7664.990234375
2026-09-02 16:30:00+00:00,7665.10986328125,7671.169921875,7660.93017578125,7663.080078125
2026-09-02 17:30:00+00:00,7663.35009765625,7676.740234375,7660.0400390625,7669.6201171875
2026-09-02 18:30:00+00:00,7669.56005859375,7671.47998046875,7662.47998046875,7671.25
2026-09-02 19:30:00+00:00,7670.89013671875,7671.2900390625,7664.10986328125,7667.4501953125
2026-09-03 13:30:00+00:00,7686.7099609375,7716.68994140625,7686.7099609375,7703.52001953125
2026-09-03 14:30:00+00:00,7703.2998046875,7745.83984375,7692.2099609375,7745.68994140625
2026-09-03 15:30:00+00:00,7745.6298828125,7749.68017578125,7738.91015625,7741.009765625
2026-09-03 16:30:00+00:00,7741.0498046875,7748.64013671875,7737.6201171875,7742.64013671875
2026-09-03 17:30:00+00:00,7742.6201171875,7756.759765625,7742.56982421875,7754.14013671875
2026-09-03 18:30:00+00:00,7754.0498046875,7755.5400390625,7747.7099609375,7750.5498046875
2026-09-03 19:30:00+00:00,7750.509765625,7752.0400390625,7744.25,7747.7998046875
2026-09-04 13:30:00+00:00,7750.18994140625,7750.18994140625,7723.77978515625,7728.009765625
2026-09-04 14:30:00+00:00,7728.08984375,7728.47021484375,7706.18017578125,7710.43994140625
2026-09-04 15:30:00+00:00,7710.39013671875,7726.830078125,7706.1201171875,7722.259765625
2026-09-04 16:30:00+00:00,7722.18994140625,7728.759765625,7713.8798828125,7714.16015625
2026-09-04 17:30:00+00:00,7714.1298828125,7715.31005859375,7706.990234375,7714.06005859375
2026-09-04 18:30:00+00:00,7714.14990234375,7719.35009765625,7711.64013671875,7715.580078125
2026-09-04 19:30:00+00:00,7715.47998046875,7720.02978515625,7712.18994140625,7717.81005859375
2026-09-08 13:30:00+00:00,7717.81005859375,7717.81005859375,7675.68994140625,7682.3701171875
2026-09-08 14:30:00+00:00,7682.330078125,7699.31982421875,7680.08984375,7693.8701171875
2026-09-08 15:30:00+00:00,7693.7998046875,7695.990234375,7683.56982421875,7686.60009765625
2026-09-08 16:30:00+00:00,7686.580078125,7696.18017578125,7681.27978515625,7689.919921875
2026-09-08 17:30:00+00:00,7689.97998046875,7694.22998046875,7688.7998046875,7693.009765625
2026-09-08 18:30:00+00:00,7692.91015625,7693.08984375,7673.0498046875,7684.39013671875
2026-09-08 19:30:00+00:00,7684.2998046875,7686.89013671875,7666.990234375,7674.1298828125
2026-09-09 13:30:00+00:00,7660.68017578125,7660.68017578125,7640.009765625,7654.35009765625
2026-09-09 14:30:00+00:00,7654.419921875,7658.2099609375,7624.16015625,7629.60009765625
2026-09-09 15:30:00+00:00,7629.66015625,7644.740234375,7627.919921875,7630.64013671875
2026-09-09 16:30:00+00:00,7630.68017578125,7647.0,7630.5498046875,7643.759765625
2026-09-09 17:30:00+00:00,7643.8701171875,7648.2099609375,7637.27001953125,7643.14990234375
2026-09-09 18:30:00+00:00,7643.18017578125,7648.7001953125,7640.8798828125,7645.72021484375
2026-09-09 19:30:00+00:00,7645.5400390625,7646.27001953125,7634.97998046875,7637.7001953125
2026-09-10 13:30:00+00:00,7594.740234375,7612.740234375,7580.06005859375,7600.02001953125
2026-09-10 14:30:00+00:00,7600.18017578125,7609.10986328125,7598.0400390625,7605.919921875
2026-09-10 15:30:00+00:00,7605.83984375,7612.85986328125,7591.43017578125,7593.72998046875
2026-09-10 16:30:00+00:00,7593.97021484375,7610.81005859375,7586.72021484375,7599.41015625
2026-09-10 17:30:00+00:00,7599.16015625,7600.81005859375,7588.06982421875,7590.27001953125
2026-09-10 18:30:00+00:00,7590.169921875,7596.490234375,7585.990234375,7589.31005859375
2026-09-10 19:30:00+00:00,7589.22021484375,7595.72998046875,7587.419921875,7592.2998046875
2026-09-11 13:30:00+00:00,7636.75,7677.02001953125,7636.75,7671.27001953125
2026-09-11 14:30:00+00:00,7671.14013671875,7675.93994140625,7650.18994140625,7673.89013671875
2026-09-11 15:30:00+00:00,7673.85986328125,7675.7001953125,7662.759765625,7662.77001953125
2026-09-11 16:30:00+00:00,7662.9501953125,7676.22998046875,7661.68994140625,7673.419921875
2026-09-11 17:30:00+00:00,7673.43017578125,7675.47998046875,7665.740234375,7667.64013671875
2026-09-11 18:30:00+00:00,7667.6298828125,7669.16015625,7659.580078125,7663.8701171875
2026-09-11 19:30:00+00:00,7663.89013671875,7664.5400390625,7654.8798828125,7655.5
2026-09-14 13:30:00+00:00,7611.43994140625,7624.06982421875,7595.56982421875,7601.0498046875
2026-09-14 14:30:00+00:00,7601.06982421875,7611.41015625,7592.27978515625,7608.669921875
2026-09-14 15:30:00+00:00,7608.72998046875,7638.7099609375,7607.18017578125,7633.5498046875
2026-09-14 16:30:00+00:00,7633.3701171875,7647.990234375,7631.7001953125,7639.7900390625
2026-09-14 17:30:00+00:00,7639.81005859375,7641.68017578125,7632.16015625,7633.14990234375
2026-09-14 18:30:00+00:00,7633.080078125,7637.97998046875,7628.97998046875,7630.16015625
2026-09-14 19:30:00+00:00,7629.85009765625,7631.91015625,7619.0,7620.3701171875
2026-09-15 13:30:00+00:00,7612.2998046875,7617.259765625,7583.06005859375,7586.3701171875
2026-09-15 14:30:00+00:00,7586.3701171875,7587.43994140625,7572.68994140625,7585.25
2026-09-15 15:30:00+00:00,7585.43994140625,7589.740234375,7577.9599609375,7587.06982421875
2026-09-15 16:30:00+00:00,7587.14013671875,7591.56982421875,7577.72998046875,7579.66015625
2026-09-15 17:30:00+00:00,7579.6201171875,7590.52978515625,7579.6201171875,7588.02978515625
2026-09-15 18:30:00+00:00,7588.2099609375,7588.2099609375,7578.830078125,7581.22998046875
2026-09-15 19:30:00+00:00,7581.18017578125,7585.81982421875,7576.7998046875,7585.509765625
2026-09-16 13:30:00+00:00,7601.25,7614.97021484375,7597.60986328125,7600.64990234375
2026-09-16 14:30:00+00:00,7600.669921875,7620.89990234375,7599.419921875,7615.0400390625
2026-09-16 15:30:00+00:00,7615.18017578125,7626.7900390625,7610.35986328125,7612.740234375
2026-09-16 16:30:00+00:00,7612.68994140625,7613.2001953125,7604.10986328125,7610.3798828125
2026-09-16 17:30:00+00:00,7610.39990234375,7622.77001953125,7598.77001953125,7608.669921875
2026-09-16 18:30:00+00:00,7608.18994140625,7612.009765625,7507.77001953125,7523.72998046875
2026-09-16 19:30:00+00:00,7523.18017578125,7554.68994140625,7522.27978515625,7553.330078125
2026-09-17 13:30:00+00:00,7631.43994140625,7646.60009765625,7611.81005859375,7627.85009765625
2026-09-17 14:30:00+00:00,7627.7001953125,7633.080078125,7614.7099609375,7627.27001953125
2026-09-17 15:30:00+00:00,7627.18017578125,7637.66015625,7626.77001953125,7636.919921875
2026-09-17 16:30:00+00:00,7636.93017578125,7639.4599609375,7628.41015625,7631.4599609375
2026-09-17 17:30:00+00:00,7631.580078125,7640.58984375,7630.27001953125,7638.4501953125
2026-09-17 18:30:00+00:00,7638.52001953125,7641.75,7632.68994140625,7637.419921875
2026-09-17 19:30:00+00:00,7637.56982421875,7646.85986328125,7636.1201171875,7637.0498046875
2026-09-18 13:30:00+00:00,7657.169921875,7657.169921875,7618.43994140625,7623.97998046875
2026-09-18 14:30:00+00:00,7623.85986328125,7631.02978515625,7619.2900390625,7630.22998046875
2026-09-18 15:30:00+00:00,7630.2001953125,7631.27001953125,7610.52001953125,7618.1298828125
2026-09-18 16:30:00+00:00,7618.08984375,7626.18017578125,7616.52001953125,7624.64990234375
2026-09-18 17:30:00+00:00,7624.64013671875,7637.759765625,7622.7998046875,7634.58984375
2026-09-18 18:30:00+00:00,7634.77978515625,7648.0498046875,7632.7998046875,7638.68017578125
2026-09-18 19:30:00+00:00,7638.669921875,7651.39990234375,7636.740234375,7646.0400390625
2026-09-21 13:30:00+00:00,7692.830078125,7723.18017578125,7691.18994140625,7720.72998046875
2026-09-21 14:30:00+00:00,7720.81005859375,7732.0498046875,7717.990234375,7728.81982421875
2026-09-21 15:30:00+00:00,7728.83984375,7750.58984375,7727.97998046875,7748.91015625
2026-09-21 16:30:00+00:00,7748.85986328125,7760.10009765625,7748.72998046875,7758.1201171875
2026-09-21 17:30:00+00:00,7758.25,7769.64013671875,7753.14013671875,7768.77001953125
2026-09-21 18:30:00+00:00,7768.75,7775.81982421875,7766.2001953125,7771.27001953125
2026-09-21 19:30:00+00:00,7771.22998046875,7779.22021484375,7764.22021484375,7764.22021484375
2026-09-22 13:30:00+00:00,7770.81005859375,7782.18994140625,7766.0400390625,7766.4501953125
2026-09-22 14:30:00+00:00,7766.3701171875,7772.81005859375,7760.22021484375,7763.81005859375
2026-09-22 15:30:00+00:00,7763.580078125,7764.56982421875,7756.259765625,7759.6298828125
2026-09-22 16:30:00+00:00,7759.56005859375,7767.16015625,7758.3798828125,7765.39013671875
2026-09-22 17:30:00+00:00,7765.41015625,7773.85009765625,7761.1298828125,7771.60986328125
2026-09-22 18:30:00+00:00,7771.580078125,7774.85986328125,7766.830078125,7773.93017578125
2026-09-22 19:30:00+00:00,7773.97998046875,7779.2099609375,7763.830078125,7764.27001953125
2026-09-23 13:30:00+00:00,7761.93994140625,7761.93994140625,7713.2998046875,7718.14013671875
2026-09-23 14:30:00+00:00,7717.7900390625,7735.0498046875,7717.490234375,7720.0498046875
2026-09-23 15:30:00+00:00,7720.259765625,7723.10986328125,7711.47021484375,7713.83984375
2026-09-23 16:30:00+00:00,7713.91015625,7716.7998046875,7694.89013671875,7702.8701171875
2026-09-23 17:30:00+00:00,7702.9599609375,7719.91015625,7701.14990234375,7712.7900390625
2026-09-23 18:30:00+00:00,7712.72021484375,7712.89013671875,7704.16015625,7705.9599609375
2026-09-23 19:30:00+00:00,7706.02001953125,7710.990234375,7695.5400390625,7708.5498046875
2026-09-24 13:30:00+00:00,7666.990234375,7694.60986328125,7665.490234375,7690.02001953125
2026-09-24 14:30:00+00:00,7690.2900390625,7691.22998046875,7662.56982421875,7666.259765625
2026-09-24 15:30:00+00:00,7666.240234375,7712.77001953125,7664.18017578125,7701.0
2026-09-24 16:30:00+00:00,7701.1201171875,7719.009765625,7694.22021484375,7702.52978515625
2026-09-24 17:30:00+00:00,7702.56005859375,7709.740234375,7686.77001953125,7706.5
2026-09-24 18:30:00+00:00,7706.47021484375,7712.97021484375,7699.5,7706.0400390625
2026-09-24 19:30:00+00:00,7706.1201171875,7711.8798828125,7703.240234375,7703.830078125
2026-09-25 13:30:00+00:00,7709.85986328125,7733.580078125,7693.080078125,7704.14990234375
2026-09-25 14:30:00+00:00,7704.240234375,7727.5,7702.66015625,7717.93017578125
2026-09-25 15:30:00+00:00,7717.7099609375,7749.2998046875,7705.3798828125,7744.91015625
2026-09-25 16:30:00+00:00,7745.10009765625,7747.35009765625,7731.89013671875,7742.85986328125
2026-09-25 17:30:00+00:00,7742.7998046875,7745.0,7735.02001953125,7738.6298828125
2026-09-25 18:30:00+00:00,7738.68994140625,7743.259765625,7731.85986328125,7732.7900390625
2026-09-25 19:30:00+00:00,7732.89990234375,7752.06982421875,7731.81005859375,7742.31982421875
2026-09-28 13:30:00+00:00,7721.7001953125,7721.7001953125,7697.56982421875,7703.58984375
2026-09-28 14:30:00+00:00,7703.52001953125,7703.52001953125,7666.60009765625,7679.27978515625
2026-09-28 15:30:00+00:00,7679.68994140625,7724.14990234375,7676.27978515625,7716.91015625
2026-09-28 16:30:00+00:00,7716.93017578125,7720.97021484375,7694.27978515625,7699.669921875
2026-09-28 17:30:00+00:00,7699.509765625,7704.64013671875,7696.419921875,7698.5
2026-09-28 18:30:00+00:00,7698.490234375,7701.580078125,7685.7998046875,7689.10986328125
2026-09-28 19:30:00+00:00,7689.22998046875,7689.72998046875,7677.9599609375,7684.5
