timestamp,open,high,low,close,tick_volume
2024-09-29 20:00:00+00:00,2680.5,2686.800048828125,2679.300048828125,2685.300048828125,5591
2024-09-30 00:00:00+00:00,2685.39990234375,2687.699951171875,2668.800048828125,2675.0,17020
2024-09-30 04:00:00+00:00,2675.0,2682.39990234375,2672.300048828125,2672.60009765625,16499
2024-09-30 08:00:00+00:00,2672.60009765625,2678.39990234375,2655.800048828125,2663.199951171875,30733
2024-09-30 12:00:00+00:00,2663.39990234375,2666.0,2650.199951171875,2655.300048828125,50073
2024-09-30 16:00:00+00:00,2655.5,2663.39990234375,2646.199951171875,2652.800048828125,34752
2024-09-30 20:00:00+00:00,2652.89990234375,2657.800048828125,2652.60009765625,2657.199951171875,3339
2024-10-01 00:00:00+00:00,2657.300048828125,2661.5,2655.39990234375,2659.300048828125,7584
2024-10-01 04:00:00+00:00,2659.199951171875,2668.89990234375,2658.699951171875,2667.0,15977
2024-10-01 08:00:00+00:00,2667.10009765625,2673.60009765625,2663.800048828125,2671.800048828125,18959
2024-10-01 12:00:00+00:00,2671.800048828125,2694.0,2669.5,2685.10009765625,97876
2024-10-01 16:00:00+00:00,2685.0,2694.699951171875,2678.89990234375,2679.89990234375,50038
2024-10-01 20:00:00+00:00,2679.89990234375,2685.300048828125,2679.199951171875,2681.199951171875,3472
2024-10-02 00:00:00+00:00,2681.199951171875,2683.199951171875,2676.0,2676.5,9380
2024-10-02 04:00:00+00:00,2676.199951171875,2677.5,2665.39990234375,2676.5,18026
2024-10-02 08:00:00+00:00,2676.60009765625,2676.89990234375,2669.10009765625,2670.60009765625,16724
2024-10-02 12:00:00+00:00,2670.699951171875,2684.800048828125,2662.10009765625,2671.300048828125,58395
2024-10-02 16:00:00+00:00,2671.199951171875,2680.10009765625,2668.39990234375,2679.800048828125,18565
2024-10-02 20:00:00+00:00,2679.800048828125,2681.39990234375,2678.800048828125,2680.300048828125,3137
2024-10-03 00:00:00+00:00,2680.39990234375,2683.39990234375,2673.699951171875,2676.60009765625,9267
2024-10-03 04:00:00+00:00,2676.199951171875,2677.89990234375,2663.699951171875,2665.5,14591
2024-10-03 08:00:00+00:00,2665.39990234375,2669.300048828125,2660.800048828125,2668.300048828125,19334
2024-10-03 12:00:00+00:00,2668.300048828125,2675.89990234375,2657.800048828125,2668.89990234375,61578
2024-10-03 16:00:00+00:00,2669.199951171875,2682.39990234375,2668.699951171875,2677.89990234375,25743
2024-10-03 20:00:00+00:00,2677.89990234375,2678.0,2673.89990234375,2675.39990234375,2195
2024-10-04 00:00:00+00:00,2675.5,2683.60009765625,2675.10009765625,2680.89990234375,6993
2024-10-04 04:00:00+00:00,2680.800048828125,2687.699951171875,2678.60009765625,2681.0,11786
2024-10-04 08:00:00+00:00,2681.10009765625,2682.60009765625,2676.60009765625,2681.39990234375,12284
2024-10-04 12:00:00+00:00,2681.300048828125,2690.60009765625,2651.60009765625,2673.39990234375,127647
2024-10-04 16:00:00+00:00,2673.39990234375,2673.89990234375,2661.800048828125,2671.60009765625,25756
2024-10-04 20:00:00+00:00,2671.5,2673.800048828125,2669.699951171875,2673.199951171875,2441
2024-10-06 20:00:00+00:00,2671.699951171875,2672.60009765625,2667.89990234375,2669.60009765625,2691
2024-10-07 00:00:00+00:00,2669.699951171875,2671.5,2663.0,2666.300048828125,9074
2024-10-07 04:00:00+00:00,2666.800048828125,2672.5,2659.0,2671.800048828125,14840
2024-10-07 08:00:00+00:00,2671.60009765625,2679.199951171875,2670.0,2676.60009765625,19637
2024-10-07 12:00:00+00:00,2676.60009765625,2679.10009765625,2657.300048828125,2665.199951171875,59877
2024-10-07 16:00:00+00:00,2665.199951171875,2668.300048828125,2658.800048828125,2662.800048828125,19048
2024-10-07 20:00:00+00:00,2662.699951171875,2668.199951171875,2660.89990234375,2662.10009765625,2982
2024-10-08 00:00:00+00:00,2662.10009765625,2667.300048828125,2652.699951171875,2661.800048828125,23018
2024-10-08 04:00:00+00:00,2662.0,2665.89990234375,2649.60009765625,2652.89990234375,19641
2024-10-08 08:00:00+00:00,2652.89990234375,2672.39990234375,2647.300048828125,2670.0,31321
2024-10-08 12:00:00+00:00,2670.0,2672.39990234375,2623.39990234375,2632.0,104678
2024-10-08 16:00:00+00:00,2632.0,2642.89990234375,2624.0,2641.89990234375,39236
2024-10-08 20:00:00+00:00,2641.89990234375,2642.5,2637.89990234375,2640.699951171875,4055
2024-10-09 00:00:00+00:00,2640.60009765625,2642.89990234375,2633.39990234375,2635.800048828125,13923
2024-10-09 04:00:00+00:00,2635.699951171875,2642.800048828125,2627.60009765625,2630.0,18228
2024-10-09 08:00:00+00:00,2630.0,2641.0,2628.89990234375,2637.5,22775
2024-10-09 12:00:00+00:00,2637.39990234375,2640.89990234375,2622.800048828125,2633.199951171875,57337
2024-10-09 16:00:00+00:00,2633.300048828125,2634.39990234375,2623.300048828125,2627.5,22591
2024-10-09 20:00:00+00:00,2627.60009765625,2627.89990234375,2624.800048828125,2625.39990234375,2482
2024-10-10 00:00:00+00:00,2625.60009765625,2633.800048828125,2623.10009765625,2628.89990234375,14226
2024-10-10 04:00:00+00:00,2628.89990234375,2634.300048828125,2627.39990234375,2633.89990234375,11272
2024-10-10 08:00:00+00:00,2633.800048828125,2635.89990234375,2628.0,2630.0,15344
2024-10-10 12:00:00+00:00,2630.10009765625,2647.199951171875,2618.800048828125,2640.699951171875,101464
2024-10-10 16:00:00+00:00,2640.800048828125,2648.800048828125,2633.199951171875,2646.5,43502
2024-10-10 20:00:00+00:00,2646.60009765625,2653.199951171875,2645.300048828125,2650.60009765625,7126
2024-10-11 00:00:00+00:00,2650.5,2663.10009765625,2649.5,2662.5,23509
2024-10-11 04:00:00+00:00,2662.800048828125,2664.89990234375,2655.199951171875,2662.60009765625,19932
2024-10-11 08:00:00+00:00,2662.39990234375,2663.300048828125,2653.199951171875,2661.699951171875,19507
2024-10-11 12:00:00+00:00,2661.60009765625,2676.800048828125,2657.699951171875,2676.300048828125,58436
2024-10-11 16:00:00+00:00,2676.39990234375,2679.0,2672.10009765625,2672.89990234375,33570
2024-10-11 20:00:00+00:00,2673.10009765625,2674.5,2671.5,2674.199951171875,1920
2024-10-13 20:00:00+00:00,2673.10009765625,2673.800048828125,2660.89990234375,2664.699951171875,5962
2024-10-14 00:00:00+00:00,2664.800048828125,2674.39990234375,2660.0,2672.60009765625,16793
2024-10-14 04:00:00+00:00,2672.5,2684.199951171875,2672.10009765625,2677.39990234375,18554
2024-10-14 08:00:00+00:00,2677.39990234375,2680.0,2668.0,2669.199951171875,17976
2024-10-14 12:00:00+00:00,2669.0,2678.300048828125,2660.60009765625,2663.5,44847
2024-10-14 16:00:00+00:00,2663.5,2669.5,2662.60009765625,2669.300048828125,13736
2024-10-14 20:00:00+00:00,2669.300048828125,2670.199951171875,2662.699951171875,2665.800048828125,4342
2024-10-15 00:00:00+00:00,2665.800048828125,2669.300048828125,2660.800048828125,2661.800048828125,12044
2024-10-15 04:00:00+00:00,2662.0,2670.60009765625,2654.39990234375,2667.39990234375,22548
2024-10-15 08:00:00+00:00,2667.39990234375,2673.300048828125,2662.300048828125,2664.5,19208
2024-10-15 12:00:00+00:00,2664.5,2682.0,2662.800048828125,2681.300048828125,68694
2024-10-15 16:00:00+00:00,2681.39990234375,2685.89990234375,2675.60009765625,2678.300048828125,27939
2024-10-15 20:00:00+00:00,2678.39990234375,2679.89990234375,2676.699951171875,2676.800048828125,2823
2024-10-16 00:00:00+00:00,2676.699951171875,2686.39990234375,2674.89990234375,2683.39990234375,12736
2024-10-16 04:00:00+00:00,2683.60009765625,2694.199951171875,2682.0,2692.5,20985
2024-10-16 08:00:00+00:00,2692.60009765625,2699.39990234375,2689.699951171875,2694.800048828125,26169
2024-10-16 12:00:00+00:00,2694.699951171875,2702.5,2684.0,2686.300048828125,70705
2024-10-16 16:00:00+00:00,2686.300048828125,2693.199951171875,2683.10009765625,2691.0,17925
2024-10-16 20:00:00+00:00,2691.199951171875,2691.39990234375,2688.800048828125,2689.699951171875,1599
2024-10-17 00:00:00+00:00,2689.800048828125,2700.60009765625,2689.699951171875,2692.5,17524
2024-10-17 04:00:00+00:00,2692.300048828125,2701.39990234375,2691.89990234375,2697.199951171875,22388
2024-10-17 08:00:00+00:00,2697.199951171875,2704.199951171875,2692.0,2696.89990234375,24876
2024-10-17 12:00:00+00:00,2697.0,2712.699951171875,2688.199951171875,2709.0,83493
2024-10-17 16:00:00+00:00,2708.89990234375,2709.699951171875,2699.5,2707.199951171875,23814
2024-10-17 20:00:00+00:00,2707.300048828125,2709.5,2706.199951171875,2708.89990234375,2300
2024-10-18 00:00:00+00:00,2708.89990234375,2727.199951171875,2708.10009765625,2725.199951171875,25545
2024-10-18 04:00:00+00:00,2725.10009765625,2729.300048828125,2717.60009765625,2717.60009765625,23159
2024-10-18 08:00:00+00:00,2717.699951171875,2728.5,2716.89990234375,2725.10009765625,25745
2024-10-18 12:00:00+00:00,2725.199951171875,2735.5,2720.199951171875,2730.0,66608
2024-10-18 16:00:00+00:00,2730.0,2736.699951171875,2728.699951171875,2734.89990234375,25408
2024-10-18 20:00:00+00:00,2734.89990234375,2737.800048828125,2734.300048828125,2736.5,3029
2024-10-20 20:00:00+00:00,2736.300048828125,2740.199951171875,2734.60009765625,2738.60009765625,4236
2024-10-21 00:00:00+00:00,2738.699951171875,2747.800048828125,2735.89990234375,2746.699951171875,21146
2024-10-21 04:00:00+00:00,2746.60009765625,2747.39990234375,2738.60009765625,2745.5,17640
2024-10-21 08:00:00+00:00,2745.39990234375,2752.800048828125,2742.699951171875,2749.39990234375,35002
2024-10-21 12:00:00+00:00,2749.5,2755.39990234375,2731.39990234375,2734.800048828125,93172
2024-10-21 16:00:00+00:00,2734.60009765625,2740.199951171875,2728.5,2734.699951171875,28995
2024-10-21 20:00:00+00:00,2734.699951171875,2737.10009765625,2733.5,2735.800048828125,3167
2024-10-22 00:00:00+00:00,2735.800048828125,2747.5,2735.0,2745.699951171875,14404
2024-10-22 04:00:00+00:00,2745.199951171875,2751.60009765625,2743.5,2747.89990234375,16800
2024-10-22 08:00:00+00:00,2747.699951171875,2753.699951171875,2743.800048828125,2746.5,27108
2024-10-22 12:00:00+00:00,2746.5,2758.699951171875,2746.0,2752.199951171875,68470
2024-10-22 16:00:00+00:00,2752.10009765625,2763.199951171875,2751.800048828125,2762.800048828125,31956
2024-10-22 20:00:00+00:00,2762.800048828125,2763.300048828125,2759.800048828125,2760.60009765625,4455
2024-10-23 00:00:00+00:00,2760.60009765625,2761.39990234375,2752.10009765625,2760.199951171875,16508
2024-10-23 04:00:00+00:00,2760.300048828125,2769.699951171875,2759.199951171875,2769.0,19484
2024-10-23 08:00:00+00:00,2768.89990234375,2772.60009765625,2763.0,2763.89990234375,23213
2024-10-23 12:00:00+00:00,2763.89990234375,2764.5,2722.10009765625,2735.39990234375,111952
2024-10-23 16:00:00+00:00,2735.39990234375,2736.89990234375,2725.39990234375,2729.699951171875,28288
2024-10-23 20:00:00+00:00,2729.699951171875,2734.699951171875,2727.699951171875,2734.0,3558
2024-10-24 00:00:00+00:00,2733.89990234375,2739.89990234375,2730.5,2736.0,14438
2024-10-24 04:00:00+00:00,2736.0,2749.89990234375,2735.800048828125,2746.300048828125,20889
2024-10-24 08:00:00+00:00,2746.39990234375,2752.5,2745.199951171875,2751.199951171875,18208
2024-10-24 12:00:00+00:00,2751.199951171875,2756.300048828125,2735.10009765625,2743.89990234375,75030
2024-10-24 16:00:00+00:00,2744.0,2750.699951171875,2738.60009765625,2749.699951171875,26589
2024-10-24 20:00:00+00:00,2749.800048828125,2749.89990234375,2745.800048828125,2746.0,3031
2024-10-25 00:00:00+00:00,2746.10009765625,2747.800048828125,2737.0,2738.39990234375,11687
2024-10-25 04:00:00+00:00,2738.699951171875,2745.0,2736.5,2739.0,13864
2024-10-25 08:00:00+00:00,2739.10009765625,2741.800048828125,2729.10009765625,2736.60009765625,30658
2024-10-25 12:00:00+00:00,2736.39990234375,2754.39990234375,2735.60009765625,2749.89990234375,53655
2024-10-25 16:00:00+00:00,2749.699951171875,2757.800048828125,2746.699951171875,2755.300048828125,27165
2024-10-25 20:00:00+00:00,2755.300048828125,2760.89990234375,2755.199951171875,2760.800048828125,4616
2024-10-27 20:00:00+00:00,2749.199951171875,2752.5,2742.0,2748.0,9818
2024-10-28 00:00:00+00:00,2747.89990234375,2748.699951171875,2736.89990234375,2742.300048828125,16527
2024-10-28 04:00:00+00:00,2741.89990234375,2756.60009765625,2741.300048828125,2751.39990234375,22412
2024-10-28 08:00:00+00:00,2751.39990234375,2753.39990234375,2740.10009765625,2744.5,28568
2024-10-28 12:00:00+00:00,2744.39990234375,2758.300048828125,2743.5,2753.300048828125,55669
2024-10-28 16:00:00+00:00,2753.0,2757.5,2752.300048828125,2754.699951171875,19644
2024-10-28 20:00:00+00:00,2754.89990234375,2756.39990234375,2752.0,2756.199951171875,2582
2024-10-29 00:00:00+00:00,2756.39990234375,2770.199951171875,2755.300048828125,2763.800048828125,22826
2024-10-29 04:00:00+00:00,2763.60009765625,2768.800048828125,2761.10009765625,2764.300048828125,13418
2024-10-29 08:00:00+00:00,2764.5,2768.800048828125,2757.89990234375,2764.0,31118
2024-10-29 12:00:00+00:00,2764.0,2784.0,2760.39990234375,2776.300048828125,87220
2024-10-29 16:00:00+00:00,2776.300048828125,2787.300048828125,2776.199951171875,2784.60009765625,37546
2024-10-29 20:00:00+00:00,2784.60009765625,2788.0,2784.300048828125,2787.300048828125,3582
2024-10-30 00:00:00+00:00,2787.5,2794.39990234375,2787.199951171875,2791.199951171875,17169
2024-10-30 04:00:00+00:00,2791.199951171875,2801.699951171875,2789.39990234375,2794.300048828125,20109
2024-10-30 08:00:00+00:00,2794.300048828125,2798.5,2790.0,2790.300048828125,23479
2024-10-30 12:00:00+00:00,2790.199951171875,2799.5,2782.39990234375,2796.60009765625,86290
2024-10-30 16:00:00+00:00,2796.39990234375,2801.800048828125,2794.699951171875,2799.0,30533
2024-10-30 20:00:00+00:00,2799.0,2799.699951171875,2796.10009765625,2796.39990234375,2987
2024-10-31 00:00:00+00:00,2796.5,2800.800048828125,2794.699951171875,2795.60009765625,12175
2024-10-31 04:00:00+00:00,2795.800048828125,2797.699951171875,2789.0,2792.800048828125,20386
2024-10-31 08:00:00+00:00,2792.699951171875,2793.89990234375,2784.0,2790.39990234375,29426
2024-10-31 12:00:00+00:00,2790.39990234375,2792.89990234375,2742.60009765625,2750.699951171875,120139
2024-10-31 16:00:00+00:00,2752.199951171875,2760.0,2748.199951171875,2756.60009765625,40867
2024-10-31 20:00:00+00:00,2756.60009765625,2758.39990234375,2753.60009765625,2756.5,3801
2024-11-01 00:00:00+00:00,2756.60009765625,2761.60009765625,2754.5,2761.199951171875,13326
2024-11-01 04:00:00+00:00,2761.39990234375,2766.89990234375,2756.800048828125,2759.5,14538
2024-11-01 08:00:00+00:00,2759.300048828125,2765.199951171875,2754.800048828125,2762.699951171875,20928
2024-11-01 12:00:00+00:00,2762.699951171875,2772.39990234375,2749.39990234375,2754.39990234375,85377
2024-11-01 16:00:00+00:00,2754.39990234375,2755.800048828125,2742.60009765625,2743.800048828125,30440
2024-11-01 20:00:00+00:00,2743.89990234375,2746.699951171875,2743.0,2745.89990234375,2988
2024-11-03 20:00:00+00:00,2743.5,2749.5,2739.39990234375,2747.39990234375,4706
2024-11-04 00:00:00+00:00,2747.60009765625,2751.89990234375,2744.5,2750.300048828125,11373
2024-11-04 04:00:00+00:00,2750.300048828125,2754.0,2744.199951171875,2745.0,14098
2024-11-04 08:00:00+00:00,2745.0,2754.39990234375,2740.699951171875,2749.89990234375,26174
2024-11-04 12:00:00+00:00,2749.699951171875,2757.5,2747.0,2748.0,46965
2024-11-04 16:00:00+00:00,2747.89990234375,2749.199951171875,2741.0,2747.699951171875,30256
2024-11-04 20:00:00+00:00,2747.60009765625,2748.10009765625,2744.800048828125,2744.800048828125,3034
2024-11-05 00:00:00+00:00,2744.800048828125,2745.39990234375,2733.39990234375,2744.10009765625,17427
2024-11-05 04:00:00+00:00,2744.10009765625,2750.199951171875,2740.300048828125,2745.300048828125,13263
2024-11-05 08:00:00+00:00,2745.39990234375,2754.10009765625,2741.0,2750.699951171875,25499
2024-11-05 12:00:00+00:00,2750.89990234375,2759.5,2742.199951171875,2751.39990234375,52098
2024-11-05 16:00:00+00:00,2751.5,2754.0,2745.5,2749.89990234375,32250
2024-11-05 20:00:00+00:00,2750.0,2755.199951171875,2749.10009765625,2754.39990234375,4076
2024-11-06 00:00:00+00:00,2754.5,2758.800048828125,2738.800048828125,2743.0,47804
2024-11-06 04:00:00+00:00,2743.199951171875,2752.5,2709.800048828125,2734.5,62052
2024-11-06 08:00:00+00:00,2734.39990234375,2742.800048828125,2704.39990234375,2707.800048828125,40756
2024-11-06 12:00:00+00:00,2707.60009765625,2716.89990234375,2660.699951171875,2684.60009765625,146579
2024-11-06 16:00:00+00:00,2684.699951171875,2687.0,2670.10009765625,2675.699951171875,44128
2024-11-06 20:00:00+00:00,2675.699951171875,2676.199951171875,2666.5,2671.300048828125,7455
2024-11-07 00:00:00+00:00,2671.300048828125,2671.5,2652.800048828125,2666.199951171875,29504
2024-11-07 04:00:00+00:00,2666.10009765625,2674.699951171875,2659.5,2670.10009765625,21999
2024-11-07 08:00:00+00:00,2670.199951171875,2675.199951171875,2664.300048828125,2673.300048828125,30061
2024-11-07 12:00:00+00:00,2673.199951171875,2707.800048828125,2671.300048828125,2706.10009765625,86550
2024-11-07 16:00:00+00:00,2706.0,2707.800048828125,2694.60009765625,2701.60009765625,76122
2024-11-07 20:00:00+00:00,2701.699951171875,2718.300048828125,2700.0,2714.300048828125,18663
2024-11-08 00:00:00+00:00,2714.199951171875,2717.800048828125,2701.199951171875,2702.39990234375,18982
2024-11-08 04:00:00+00:00,2702.39990234375,2703.39990234375,2687.300048828125,2694.60009765625,20307
2024-11-08 08:00:00+00:00,2694.5,2702.300048828125,2688.89990234375,2699.199951171875,24728
2024-11-08 12:00:00+00:00,2699.300048828125,2711.699951171875,2690.89990234375,2695.10009765625,86192
2024-11-08 16:00:00+00:00,2694.89990234375,2696.800048828125,2690.199951171875,2694.800048828125,47912
2024-11-08 20:00:00+00:00,2694.699951171875,2696.199951171875,2690.39990234375,2691.699951171875,7508
2024-11-10 20:00:00+00:00,2692.10009765625,2693.300048828125,2686.60009765625,2692.60009765625,1938
2024-11-11 00:00:00+00:00,2692.800048828125,2693.39990234375,2673.10009765625,2677.199951171875,20357
2024-11-11 04:00:00+00:00,2677.0,2681.300048828125,2673.5,2676.300048828125,14619
2024-11-11 08:00:00+00:00,2676.300048828125,2682.60009765625,2665.800048828125,2669.199951171875,26946
2024-11-11 12:00:00+00:00,2669.300048828125,2669.89990234375,2619.800048828125,2621.10009765625,126862
2024-11-11 16:00:00+00:00,2621.199951171875,2627.300048828125,2617.10009765625,2625.800048828125,54570
2024-11-11 20:00:00+00:00,2625.89990234375,2632.800048828125,2625.60009765625,2630.199951171875,9013
2024-11-12 00:00:00+00:00,2630.300048828125,2633.39990234375,2624.89990234375,2625.0,14758
2024-11-12 04:00:00+00:00,2624.89990234375,2625.300048828125,2601.699951171875,2604.60009765625,34940
2024-11-12 08:00:00+00:00,2604.800048828125,2612.89990234375,2595.699951171875,2604.10009765625,41523
2024-11-12 12:00:00+00:00,2604.10009765625,2624.10009765625,2603.699951171875,2604.800048828125,94399
2024-11-12 16:00:00+00:00,2605.0,2610.0,2598.800048828125,2604.699951171875,58873
2024-11-12 20:00:00+00:00,2604.60009765625,2607.60009765625,2601.60009765625,2604.699951171875,7019
2024-11-13 00:00:00+00:00,2604.89990234375,2619.10009765625,2603.89990234375,2617.300048828125,21980
2024-11-13 04:00:00+00:00,2617.5,2618.199951171875,2609.300048828125,2612.0,14787
2024-11-13 08:00:00+00:00,2612.10009765625,2617.699951171875,2606.699951171875,2616.699951171875,27765
2024-11-13 12:00:00+00:00,2616.800048828125,2625.0,2599.300048828125,2611.300048828125,82698
2024-11-13 16:00:00+00:00,2611.300048828125,2612.0,2583.300048828125,2586.89990234375,73706
2024-11-13 20:00:00+00:00,2586.800048828125,2587.0,2573.60009765625,2575.0,13821
2024-11-14 00:00:00+00:00,2575.199951171875,2579.0,2563.800048828125,2565.300048828125,27044
2024-11-14 04:00:00+00:00,2565.199951171875,2569.89990234375,2555.10009765625,2561.89990234375,30068
2024-11-14 08:00:00+00:00,2561.800048828125,2565.199951171875,2541.5,2558.699951171875,47916
2024-11-14 12:00:00+00:00,2558.89990234375,2578.199951171875,2555.10009765625,2575.39990234375,79941
2024-11-14 16:00:00+00:00,2575.60009765625,2582.699951171875,2572.39990234375,2581.39990234375,42309
2024-11-14 20:00:00+00:00,2581.39990234375,2582.0,2569.0,2571.800048828125,15654
2024-11-15 00:00:00+00:00,2571.89990234375,2576.5,2567.60009765625,2572.5,11783
2024-11-15 04:00:00+00:00,2572.39990234375,2574.300048828125,2558.89990234375,2568.199951171875,14331
2024-11-15 08:00:00+00:00,2568.10009765625,2578.0,2565.10009765625,2575.300048828125,22550
2024-11-15 12:00:00+00:00,2575.300048828125,2580.800048828125,2565.300048828125,2575.60009765625,68117
2024-11-15 16:00:00+00:00,2575.60009765625,2578.10009765625,2563.699951171875,2568.199951171875,39919
2024-11-15 20:00:00+00:00,2568.199951171875,2568.5,2563.89990234375,2567.39990234375,5542
2024-11-17 20:00:00+00:00,2571.5,2580.0,2568.5,2575.89990234375,4922
2024-11-18 00:00:00+00:00,2575.800048828125,2601.89990234375,2574.39990234375,2594.39990234375,32505
2024-11-18 04:00:00+00:00,2594.39990234375,2597.699951171875,2584.89990234375,2587.10009765625,15718
2024-11-18 08:00:00+00:00,2587.0,2601.800048828125,2586.300048828125,2598.800048828125,28938
2024-11-18 12:00:00+00:00,2598.5,2617.60009765625,2594.699951171875,2617.199951171875,63206
2024-11-18 16:00:00+00:00,2617.300048828125,2619.5,2611.60009765625,2614.0,32220
2024-11-18 20:00:00+00:00,2614.0,2617.10009765625,2612.39990234375,2616.60009765625,7325
2024-11-19 00:00:00+00:00,2616.699951171875,2629.699951171875,2615.0,2628.5,20959
2024-11-19 04:00:00+00:00,2628.39990234375,2630.60009765625,2621.39990234375,2622.89990234375,14931
2024-11-19 08:00:00+00:00,2622.699951171875,2640.60009765625,2622.5,2633.199951171875,46838
2024-11-19 12:00:00+00:00,2633.199951171875,2643.39990234375,2624.5,2628.199951171875,75943
2024-11-19 16:00:00+00:00,2628.5,2637.0,2626.0,2634.5,28292
2024-11-19 20:00:00+00:00,2634.5,2638.39990234375,2634.0,2638.0,5400
2024-11-20 00:00:00+00:00,2638.0,2645.300048828125,2637.39990234375,2641.199951171875,14351
2024-11-20 04:00:00+00:00,2641.199951171875,2642.0,2624.199951171875,2624.60009765625,19566
2024-11-20 08:00:00+00:00,2624.5,2631.5,2621.89990234375,2631.39990234375,29744
2024-11-20 12:00:00+00:00,2631.39990234375,2652.60009765625,2630.300048828125,2652.39990234375,67246
2024-11-20 16:00:00+00:00,2652.39990234375,2659.0,2648.800048828125,2654.39990234375,35643
2024-11-20 20:00:00+00:00,2654.39990234375,2655.5,2650.699951171875,2654.60009765625,5390
2024-11-21 00:00:00+00:00,2654.800048828125,2663.300048828125,2653.10009765625,2659.39990234375,15248
2024-11-21 04:00:00+00:00,2659.5,2667.199951171875,2657.10009765625,2665.5,14223
2024-11-21 08:00:00+00:00,2665.39990234375,2676.199951171875,2664.300048828125,2674.10009765625,32048
2024-11-21 12:00:00+00:00,2674.300048828125,2674.39990234375,2662.800048828125,2670.39990234375,60602
2024-11-21 16:00:00+00:00,2670.300048828125,2676.5,2663.60009765625,2672.300048828125,39767
2024-11-21 20:00:00+00:00,2672.300048828125,2674.39990234375,2670.10009765625,2671.10009765625,10934
2024-11-22 00:00:00+00:00,2671.300048828125,2692.89990234375,2670.800048828125,2688.60009765625,19354
2024-11-22 04:00:00+00:00,2688.60009765625,2701.800048828125,2685.10009765625,2699.10009765625,21102
2024-11-22 08:00:00+00:00,2699.199951171875,2712.39990234375,2695.800048828125,2701.10009765625,45965
2024-11-22 12:00:00+00:00,2701.0,2707.5,2686.39990234375,2706.0,73576
2024-11-22 16:00:00+00:00,2706.10009765625,2713.699951171875,2703.10009765625,2710.300048828125,40120
2024-11-22 20:00:00+00:00,2710.300048828125,2718.5,2707.199951171875,2718.199951171875,9562
2024-11-24 20:00:00+00:00,2716.89990234375,2723.199951171875,2690.0,2721.60009765625,7682
2024-11-25 00:00:00+00:00,2721.5,2721.89990234375,2661.0,2674.0,41693
2024-11-25 04:00:00+00:00,2674.0,2678.10009765625,2660.0,2669.39990234375,28830
2024-11-25 08:00:00+00:00,2669.199951171875,2690.300048828125,2668.699951171875,2688.39990234375,31216
2024-11-25 12:00:00+00:00,2688.5,2689.5,2627.300048828125,2629.60009765625,109970
2024-11-25 16:00:00+00:00,2629.39990234375,2640.89990234375,2616.60009765625,2626.89990234375,59850
2024-11-25 20:00:00+00:00,2626.89990234375,2630.0,2605.300048828125,2610.5,10746
2024-11-26 00:00:00+00:00,2610.699951171875,2632.60009765625,2608.800048828125,2630.5,17301
2024-11-26 04:00:00+00:00,2630.199951171875,2631.60009765625,2610.89990234375,2614.199951171875,13262
2024-11-26 08:00:00+00:00,2614.199951171875,2633.60009765625,2612.800048828125,2633.5,27161
2024-11-26 12:00:00+00:00,2633.699951171875,2642.699951171875,2616.699951171875,2629.89990234375,66287
2024-11-26 16:00:00+00:00,2630.0,2631.800048828125,2619.699951171875,2628.699951171875,33580
2024-11-26 20:00:00+00:00,2628.89990234375,2634.300048828125,2628.10009765625,2632.0,3684
2024-11-27 00:00:00+00:00,2632.5,2640.800048828125,2627.199951171875,2638.300048828125,4075
2024-11-27 04:00:00+00:00,2637.89990234375,2648.800048828125,2636.800048828125,2647.39990234375,6022
2024-11-27 08:00:00+00:00,2646.800048828125,2679.10009765625,2642.10009765625,2650.699951171875,49274
2024-11-27 12:00:00+00:00,2675.89990234375,2683.39990234375,2634.5,2668.0,103285
2024-11-27 16:00:00+00:00,2667.800048828125,2669.60009765625,2634.199951171875,2659.89990234375,24615
2024-11-27 20:00:00+00:00,2659.89990234375,2664.199951171875,2634.800048828125,2661.39990234375,4315
2024-11-28 00:00:00+00:00,2661.300048828125,2662.699951171875,2620.699951171875,2654.0,15728
2024-11-28 04:00:00+00:00,2654.0,2658.199951171875,2628.800048828125,2655.300048828125,1379
2024-11-29 12:00:00+00:00,2681.5,2686.39990234375,2652.39990234375,2682.800048828125,21117
2024-11-29 16:00:00+00:00,2682.800048828125,2686.5,2658.800048828125,2684.89990234375,10641
2024-12-01 20:00:00+00:00,2673.800048828125,2678.5,2645.10009765625,2668.5,4331
2024-12-02 00:00:00+00:00,2668.800048828125,2670.300048828125,2621.699951171875,2652.199951171875,29386
2024-12-02 04:00:00+00:00,2652.300048828125,2656.300048828125,2622.5,2652.300048828125,15490
2024-12-02 08:00:00+00:00,2652.300048828125,2669.199951171875,2625.89990234375,2664.699951171875,28363
2024-12-02 12:00:00+00:00,2664.699951171875,2675.0,2638.10009765625,2665.39990234375,46439
2024-12-02 16:00:00+00:00,2665.5,2667.39990234375,2635.699951171875,2660.60009765625,25005
2024-12-02 20:00:00+00:00,2660.60009765625,2667.39990234375,2639.0,2664.699951171875,7141
2024-12-03 00:00:00+00:00,2664.89990234375,2668.300048828125,2639.199951171875,2663.199951171875,13257
2024-12-03 04:00:00+00:00,2663.10009765625,2672.800048828125,2638.199951171875,2667.300048828125,13732
2024-12-03 08:00:00+00:00,2667.199951171875,2670.89990234375,2640.199951171875,2666.199951171875,25231
2024-12-03 12:00:00+00:00,2666.0,2678.39990234375,2636.0,2663.10009765625,53020
2024-12-03 16:00:00+00:00,2663.10009765625,2671.699951171875,2638.89990234375,2663.300048828125,23942
2024-12-03 20:00:00+00:00,2663.199951171875,2666.699951171875,2641.699951171875,2664.699951171875,3782
2024-12-04 00:00:00+00:00,2664.699951171875,2670.300048828125,2639.199951171875,2666.699951171875,12742
2024-12-04 04:00:00+00:00,2666.5,2673.60009765625,2643.60009765625,2663.60009765625,12618
2024-12-04 08:00:00+00:00,2663.5,2669.60009765625,2645.60009765625,2668.10009765625,24944
2024-12-04 12:00:00+00:00,2668.10009765625,2682.0,2637.0,2679.699951171875,71999
2024-12-04 16:00:00+00:00,2679.699951171875,2680.39990234375,2650.89990234375,2676.199951171875,26741
2024-12-04 20:00:00+00:00,2676.199951171875,2676.39990234375,2672.39990234375,2673.89990234375,4513
2024-12-05 00:00:00+00:00,2674.0,2674.60009765625,2649.800048828125,2672.800048828125,9598
2024-12-05 04:00:00+00:00,2672.800048828125,2680.0,2650.0,2673.5,18722
2024-12-05 08:00:00+00:00,2673.39990234375,2676.39990234375,2644.5,2674.800048828125,18618
2024-12-05 12:00:00+00:00,2675.0,2677.89990234375,2633.199951171875,2663.5,54720
2024-12-05 16:00:00+00:00,2663.699951171875,2666.699951171875,2625.699951171875,2652.800048828125,38767
2024-12-05 20:00:00+00:00,2652.89990234375,2656.800048828125,2651.10009765625,2656.699951171875,4248
2024-12-06 00:00:00+00:00,2656.60009765625,2664.800048828125,2617.5,2662.89990234375,24545
2024-12-06 04:00:00+00:00,2663.0,2666.699951171875,2638.10009765625,2661.800048828125,20628
2024-12-06 08:00:00+00:00,2661.699951171875,2667.89990234375,2636.60009765625,2659.89990234375,22040
2024-12-06 12:00:00+00:00,2659.800048828125,2665.300048828125,2627.0,2659.5,60898
2024-12-06 16:00:00+00:00,2659.5,2663.699951171875,2635.60009765625,2656.800048828125,22829
2024-12-06 20:00:00+00:00,2656.800048828125,2658.300048828125,2633.39990234375,2654.89990234375,4746
2024-12-08 20:00:00+00:00,2665.0,2672.699951171875,2658.5,2662.39990234375,6545
2024-12-09 00:00:00+00:00,2662.199951171875,2672.89990234375,2630.800048828125,2660.60009765625,21165
2024-12-09 04:00:00+00:00,2660.5,2673.199951171875,2636.699951171875,2672.300048828125,16576
2024-12-09 08:00:00+00:00,2672.5,2682.5,2651.60009765625,2678.300048828125,28358
2024-12-09 12:00:00+00:00,2678.300048828125,2700.0,2657.10009765625,2691.199951171875,63892
2024-12-09 16:00:00+00:00,2691.10009765625,2693.5,2663.0,2682.89990234375,28372
2024-12-09 20:00:00+00:00,2682.89990234375,2684.5,2661.60009765625,2683.0,6821
2024-12-10 00:00:00+00:00,2683.0,2694.39990234375,2661.0,2692.699951171875,20036
2024-12-10 04:00:00+00:00,2692.800048828125,2696.89990234375,2665.89990234375,2686.60009765625,13502
2024-12-10 08:00:00+00:00,2686.5,2699.5,2663.60009765625,2697.0,31460
2024-12-10 12:00:00+00:00,2697.10009765625,2717.199951171875,2676.800048828125,2712.39990234375,68730
2024-12-10 16:00:00+00:00,2712.300048828125,2721.10009765625,2692.89990234375,2718.300048828125,33226
2024-12-10 20:00:00+00:00,2718.199951171875,2726.300048828125,2717.300048828125,2723.800048828125,5800
2024-12-11 00:00:00+00:00,2723.800048828125,2741.0,2701.800048828125,2737.60009765625,38666
2024-12-11 04:00:00+00:00,2737.699951171875,2740.89990234375,2700.0,2726.199951171875,43431
2024-12-11 08:00:00+00:00,2726.10009765625,2734.60009765625,2693.10009765625,2727.300048828125,30261
2024-12-11 12:00:00+00:00,2727.5,2759.699951171875,2702.10009765625,2754.699951171875,84990
2024-12-11 16:00:00+00:00,2754.800048828125,2759.0,2726.39990234375,2753.0,39960
2024-12-11 20:00:00+00:00,2753.300048828125,2755.300048828125,2728.39990234375,2753.89990234375,6748
2024-12-12 00:00:00+00:00,2753.89990234375,2761.300048828125,2743.10009765625,2748.300048828125,20105
2024-12-12 04:00:00+00:00,2748.199951171875,2752.89990234375,2744.5,2749.0,13909
2024-12-12 08:00:00+00:00,2749.0,2755.300048828125,2718.39990234375,2742.5,32189
2024-12-12 12:00:00+00:00,2742.5,2744.5,2677.39990234375,2701.5,105736
2024-12-12 16:00:00+00:00,2701.199951171875,2711.89990234375,2685.199951171875,2706.39990234375,30263
2024-12-12 20:00:00+00:00,2706.5,2707.5,2683.60009765625,2704.89990234375,4818
2024-12-13 00:00:00+00:00,2704.89990234375,2716.39990234375,2703.5,2710.300048828125,18921
2024-12-13 04:00:00+00:00,2710.300048828125,2711.199951171875,2684.800048828125,2705.300048828125,12726
2024-12-13 08:00:00+00:00,2705.199951171875,2706.39990234375,2664.0,2685.39990234375,38011
2024-12-13 12:00:00+00:00,2685.300048828125,2695.10009765625,2658.300048828125,2679.199951171875,63500
2024-12-13 16:00:00+00:00,2679.10009765625,2683.699951171875,2671.199951171875,2672.800048828125,27844
2024-12-13 20:00:00+00:00,2672.89990234375,2673.300048828125,2647.89990234375,2665.89990234375,10758
2024-12-15 20:00:00+00:00,2668.0,2670.800048828125,2666.199951171875,2669.300048828125,2590
2024-12-16 00:00:00+00:00,2669.199951171875,2674.10009765625,2661.39990234375,2671.699951171875,14241
2024-12-16 04:00:00+00:00,2671.699951171875,2674.39990234375,2667.60009765625,2672.199951171875,9592
2024-12-16 08:00:00+00:00,2672.300048828125,2683.300048828125,2657.10009765625,2682.5,24061
2024-12-16 12:00:00+00:00,2682.39990234375,2683.39990234375,2662.5,2672.800048828125,36065
2024-12-16 16:00:00+00:00,2672.800048828125,2674.199951171875,2651.0,2669.89990234375,18830
2024-12-16 20:00:00+00:00,2669.800048828125,2671.0,2651.800048828125,2668.39990234375,4100
2024-12-17 00:00:00+00:00,2668.5,2675.800048828125,2651.89990234375,2670.800048828125,11296
2024-12-17 04:00:00+00:00,2670.699951171875,2673.39990234375,2663.699951171875,2670.39990234375,13373
2024-12-17 08:00:00+00:00,2670.199951171875,2670.199951171875,2637.199951171875,2657.199951171875,35163
2024-12-17 12:00:00+00:00,2657.10009765625,2662.0,2632.5,2654.39990234375,51980
2024-12-17 16:00:00+00:00,2654.5,2665.300048828125,2651.0,2662.0,20632
2024-12-17 20:00:00+00:00,2662.0,2664.10009765625,2659.89990234375,2663.60009765625,4250
2024-12-18 00:00:00+00:00,2663.699951171875,2667.60009765625,2660.10009765625,2660.5,8794
2024-12-18 04:00:00+00:00,2660.39990234375,2664.60009765625,2657.300048828125,2659.5,9027
2024-12-18 08:00:00+00:00,2658.5,2665.5,2657.300048828125,2661.800048828125,13529
2024-12-18 12:00:00+00:00,2661.699951171875,2664.10009765625,2649.60009765625,2654.800048828125,34772
2024-12-18 16:00:00+00:00,2654.800048828125,2656.199951171875,2618.89990234375,2619.5,51615
2024-12-18 20:00:00+00:00,2619.39990234375,2624.60009765625,2596.699951171875,2601.5,30351
2024-12-19 00:00:00+00:00,2601.699951171875,2630.0,2601.39990234375,2623.10009765625,28093
2024-12-19 04:00:00+00:00,2623.39990234375,2635.89990234375,2616.10009765625,2630.10009765625,23107
2024-12-19 08:00:00+00:00,2630.0,2640.89990234375,2626.5,2630.89990234375,28258
2024-12-19 12:00:00+00:00,2630.800048828125,2630.89990234375,2601.0,2603.10009765625,66105
2024-12-19 16:00:00+00:00,2603.0,2616.0,2601.699951171875,2611.39990234375,27614
2024-12-19 20:00:00+00:00,2611.5,2615.5,2607.60009765625,2608.800048828125,5043
2024-12-20 00:00:00+00:00,2608.699951171875,2618.0,2603.699951171875,2612.300048828125,19851
2024-12-20 04:00:00+00:00,2612.300048828125,2621.5,2610.60009765625,2620.0,10077
2024-12-20 08:00:00+00:00,2620.10009765625,2622.300048828125,2614.800048828125,2618.39990234375,16436
2024-12-20 12:00:00+00:00,2618.39990234375,2652.699951171875,2614.39990234375,2652.10009765625,58089
2024-12-20 16:00:00+00:00,2652.199951171875,2653.800048828125,2641.199951171875,2648.0,31073
2024-12-20 20:00:00+00:00,2647.800048828125,2648.199951171875,2638.0,2640.800048828125,7218
2024-12-22 20:00:00+00:00,2639.10009765625,2641.89990234375,2638.0,2641.39990234375,1806
2024-12-23 00:00:00+00:00,2641.5,2643.0,2634.199951171875,2639.10009765625,12415
2024-12-23 04:00:00+00:00,2639.0,2646.800048828125,2638.800048828125,2643.89990234375,11217
2024-12-23 08:00:00+00:00,2643.89990234375,2646.5,2627.199951171875,2630.0,19003
2024-12-23 12:00:00+00:00,2630.199951171875,2633.89990234375,2624.0,2624.699951171875,30767
2024-12-23 16:00:00+00:00,2624.60009765625,2633.0,2623.199951171875,2626.800048828125,21616
2024-12-23 20:00:00+00:00,2626.800048828125,2631.89990234375,2624.89990234375,2629.89990234375,3786
2024-12-24 00:00:00+00:00,2629.800048828125,2634.0,2627.39990234375,2632.0,7086
2024-12-24 04:00:00+00:00,2632.0,2633.5,2631.60009765625,2633.39990234375,1853
2024-12-24 12:00:00+00:00,2628.60009765625,2632.60009765625,2624.199951171875,2626.60009765625,10024
2024-12-24 16:00:00+00:00,2626.5,2635.800048828125,2626.5,2634.199951171875,8437
2024-12-26 04:00:00+00:00,2643.800048828125,2644.0,2638.39990234375,2640.0,5622
2024-12-26 08:00:00+00:00,2640.0,2646.199951171875,2639.89990234375,2643.800048828125,8381
2024-12-26 12:00:00+00:00,2643.800048828125,2655.60009765625,2637.89990234375,2652.800048828125,27873
2024-12-26 16:00:00+00:00,2652.89990234375,2654.60009765625,2645.300048828125,2653.39990234375,20689
2024-12-26 20:00:00+00:00,2653.300048828125,2655.699951171875,2651.800048828125,2652.800048828125,3951
2024-12-27 00:00:00+00:00,2652.800048828125,2653.89990234375,2647.199951171875,2652.5,8275
2024-12-27 04:00:00+00:00,2652.39990234375,2652.60009765625,2647.300048828125,2648.800048828125,8666
2024-12-27 08:00:00+00:00,2648.699951171875,2648.699951171875,2638.300048828125,2644.199951171875,13675
2024-12-27 12:00:00+00:00,2644.10009765625,2646.5,2625.199951171875,2633.300048828125,38465
2024-12-27 16:00:00+00:00,2633.39990234375,2637.0,2629.0,2636.300048828125,16130
2024-12-27 20:00:00+00:00,2636.300048828125,2636.60009765625,2628.60009765625,2636.10009765625,5534
2024-12-29 20:00:00+00:00,2636.10009765625,2640.5,2633.60009765625,2638.699951171875,1756
2024-12-30 00:00:00+00:00,2638.89990234375,2640.699951171875,2635.39990234375,2639.89990234375,7304
2024-12-30 04:00:00+00:00,2639.800048828125,2639.800048828125,2627.60009765625,2628.89990234375,9148
2024-12-30 08:00:00+00:00,2628.800048828125,2631.699951171875,2621.300048828125,2629.5,19168
2024-12-30 12:00:00+00:00,2629.39990234375,2636.89990234375,2611.89990234375,2613.60009765625,42437
2024-12-30 16:00:00+00:00,2613.699951171875,2621.699951171875,2608.39990234375,2620.300048828125,21958
2024-12-30 20:00:00+00:00,2620.300048828125,2623.199951171875,2617.800048828125,2620.199951171875,3361
2024-12-31 00:00:00+00:00,2620.199951171875,2624.0,2615.5,2616.60009765625,6760
2024-12-31 04:00:00+00:00,2616.5,2626.5,2614.300048828125,2625.89990234375,7920
2024-12-31 08:00:00+00:00,2626.0,2629.699951171875,2622.199951171875,2623.39990234375,11486
2024-12-31 12:00:00+00:00,2623.60009765625,2641.0,2617.39990234375,2640.199951171875,26272
2024-12-31 16:00:00+00:00,2640.0,2642.0,2636.5,2637.89990234375,25871
2024-12-31 20:00:00+00:00,2637.800048828125,2639.39990234375,2636.800048828125,2639.300048828125,2520
2025-01-02 04:00:00+00:00,2645.800048828125,2648.800048828125,2643.60009765625,2647.89990234375,6878
2025-01-02 08:00:00+00:00,2648.0,2659.39990234375,2642.60009765625,2654.60009765625,23550
2025-01-02 12:00:00+00:00,2654.699951171875,2669.699951171875,2648.199951171875,2667.699951171875,54357
2025-01-02 16:00:00+00:00,2667.699951171875,2674.199951171875,2663.199951171875,2668.199951171875,34002
2025-01-02 20:00:00+00:00,2668.300048828125,2674.10009765625,2667.699951171875,2671.10009765625,5014
2025-01-03 00:00:00+00:00,2671.300048828125,2681.0,2670.300048828125,2677.39990234375,18451
2025-01-03 04:00:00+00:00,2677.10009765625,2679.39990234375,2667.89990234375,2669.60009765625,9639
2025-01-03 08:00:00+00:00,2669.60009765625,2673.5,2664.300048828125,2672.10009765625,17668
2025-01-03 12:00:00+00:00,2672.10009765625,2672.800048828125,2655.0,2657.89990234375,40284
2025-01-03 16:00:00+00:00,2657.800048828125,2661.300048828125,2652.300048828125,2653.300048828125,22131
2025-01-03 20:00:00+00:00,2653.300048828125,2654.0,2649.699951171875,2652.60009765625,5814
2025-01-05 20:00:00+00:00,2652.800048828125,2655.199951171875,2651.60009765625,2653.60009765625,1804
2025-01-06 00:00:00+00:00,2653.60009765625,2661.0,2651.199951171875,2652.199951171875,10886
2025-01-06 04:00:00+00:00,2652.199951171875,2652.89990234375,2636.60009765625,2638.699951171875,19844
2025-01-06 08:00:00+00:00,2638.60009765625,2663.800048828125,2637.5,2659.39990234375,27067
2025-01-06 12:00:00+00:00,2659.39990234375,2661.699951171875,2624.60009765625,2645.5,75458
2025-01-06 16:00:00+00:00,2644.300048828125,2652.699951171875,2643.39990234375,2645.60009765625,23535
2025-01-06 20:00:00+00:00,2645.5,2647.800048828125,2643.699951171875,2645.10009765625,3551
2025-01-07 00:00:00+00:00,2645.300048828125,2652.10009765625,2643.5,2650.699951171875,9017
2025-01-07 04:00:00+00:00,2650.5,2657.60009765625,2647.699951171875,2652.199951171875,10608
2025-01-07 08:00:00+00:00,2652.10009765625,2659.89990234375,2651.199951171875,2659.60009765625,14983
2025-01-07 12:00:00+00:00,2659.699951171875,2678.5,2653.800048828125,2661.0,85484
2025-01-07 16:00:00+00:00,2661.10009765625,2670.39990234375,2659.89990234375,2663.699951171875,28278
2025-01-07 20:00:00+00:00,2663.800048828125,2666.0,2661.60009765625,2663.800048828125,4497
2025-01-08 00:00:00+00:00,2663.800048828125,2666.199951171875,2659.300048828125,2660.10009765625,8518
2025-01-08 04:00:00+00:00,2660.0,2668.5,2658.39990234375,2666.39990234375,9018
2025-01-08 08:00:00+00:00,2666.39990234375,2669.300048828125,2660.300048828125,2664.10009765625,20001
2025-01-08 12:00:00+00:00,2664.10009765625,2683.89990234375,2658.89990234375,2681.5,70324
2025-01-08 16:00:00+00:00,2681.300048828125,2687.0,2665.300048828125,2674.60009765625,58166
2025-01-08 20:00:00+00:00,2674.800048828125,2681.5,2674.699951171875,2679.199951171875,6316
2025-01-09 00:00:00+00:00,2679.199951171875,2680.89990234375,2674.300048828125,2678.0,8991
2025-01-09 04:00:00+00:00,2678.0,2683.89990234375,2673.699951171875,2678.89990234375,10866
2025-01-09 08:00:00+00:00,2678.800048828125,2690.699951171875,2676.89990234375,2687.300048828125,31263
2025-01-09 12:00:00+00:00,2687.300048828125,2696.800048828125,2686.0,2687.5,41280
2025-01-09 16:00:00+00:00,2687.5,2693.5,2681.800048828125,2691.300048828125,37470
2025-01-09 20:00:00+00:00,2691.300048828125,2693.800048828125,2690.60009765625,2693.300048828125,2724
2025-01-10 00:00:00+00:00,2693.5,2698.699951171875,2692.89990234375,2697.699951171875,9191
2025-01-10 04:00:00+00:00,2697.60009765625,2703.39990234375,2694.89990234375,2700.10009765625,13707
2025-01-10 08:00:00+00:00,2700.0,2711.39990234375,2699.699951171875,2708.699951171875,31362
2025-01-10 12:00:00+00:00,2708.699951171875,2735.0,2686.89990234375,2720.60009765625,141619
2025-01-10 16:00:00+00:00,2720.5,2729.39990234375,2713.300048828125,2716.300048828125,64194
2025-01-10 20:00:00+00:00,2716.300048828125,2720.300048828125,2714.5,2716.89990234375,10250
2025-01-12 20:00:00+00:00,2716.800048828125,2721.39990234375,2714.0,2721.10009765625,3968
2025-01-13 00:00:00+00:00,2721.0,2723.800048828125,2709.89990234375,2715.39990234375,12657
2025-01-13 04:00:00+00:00,2715.5,2718.60009765625,2708.10009765625,2708.300048828125,10019
2025-01-13 08:00:00+00:00,2708.199951171875,2715.5,2699.39990234375,2699.89990234375,38491
2025-01-13 12:00:00+00:00,2699.699951171875,2700.89990234375,2679.89990234375,2680.89990234375,70774
2025-01-13 16:00:00+00:00,2681.10009765625,2686.699951171875,2675.199951171875,2677.39990234375,45974
2025-01-13 20:00:00+00:00,2677.39990234375,2687.300048828125,2677.10009765625,2686.0,5624
2025-01-14 00:00:00+00:00,2686.10009765625,2689.10009765625,2683.800048828125,2686.300048828125,10792
2025-01-14 04:00:00+00:00,2686.199951171875,2689.89990234375,2681.199951171875,2683.300048828125,9896
2025-01-14 08:00:00+00:00,2683.39990234375,2690.300048828125,2677.199951171875,2682.300048828125,21939
2025-01-14 12:00:00+00:00,2682.10009765625,2687.39990234375,2672.0,2684.89990234375,52697
2025-01-14 16:00:00+00:00,2684.89990234375,2689.89990234375,2680.0,2687.800048828125,50084
2025-01-14 20:00:00+00:00,2687.800048828125,2695.199951171875,2685.300048828125,2691.89990234375,5078
2025-01-15 00:00:00+00:00,2691.89990234375,2692.199951171875,2685.39990234375,2691.39990234375,9484
2025-01-15 04:00:00+00:00,2691.199951171875,2700.300048828125,2689.199951171875,2697.89990234375,10757
2025-01-15 08:00:00+00:00,2697.89990234375,2712.300048828125,2697.699951171875,2708.10009765625,27661
2025-01-15 12:00:00+00:00,2708.0,2719.0,2698.0,2700.39990234375,81961
2025-01-15 16:00:00+00:00,2699.699951171875,2719.60009765625,2698.89990234375,2718.199951171875,46486
2025-01-15 20:00:00+00:00,2718.300048828125,2725.199951171875,2717.39990234375,2723.60009765625,5907
2025-01-16 00:00:00+00:00,2723.60009765625,2731.60009765625,2720.39990234375,2727.800048828125,18631
2025-01-16 04:00:00+00:00,2727.699951171875,2729.0,2720.89990234375,2727.199951171875,13057
2025-01-16 08:00:00+00:00,2727.199951171875,2740.5,2726.199951171875,2732.60009765625,28664
2025-01-16 12:00:00+00:00,2732.699951171875,2752.300048828125,2727.60009765625,2752.10009765625,69053
2025-01-16 16:00:00+00:00,2752.199951171875,2757.89990234375,2747.300048828125,2748.10009765625,36956
2025-01-16 20:00:00+00:00,2748.0,2748.800048828125,2743.199951171875,2745.0,7810
2025-01-17 00:00:00+00:00,2744.89990234375,2748.39990234375,2742.5,2747.0,11142
2025-01-17 04:00:00+00:00,2747.0,2747.199951171875,2739.10009765625,2740.699951171875,10511
2025-01-17 08:00:00+00:00,2740.800048828125,2741.60009765625,2729.199951171875,2736.39990234375,25444
2025-01-17 12:00:00+00:00,2736.39990234375,2750.300048828125,2734.10009765625,2749.89990234375,58227
2025-01-17 16:00:00+00:00,2749.800048828125,2759.199951171875,2741.699951171875,2742.0,38449
2025-01-17 20:00:00+00:00,2742.199951171875,2742.300048828125,2736.0,2739.800048828125,6157
2025-01-19 20:00:00+00:00,2739.60009765625,2741.10009765625,2731.10009765625,2736.300048828125,2922
2025-01-20 00:00:00+00:00,2736.199951171875,2745.5,2731.800048828125,2744.89990234375,9539
2025-01-20 04:00:00+00:00,2744.89990234375,2747.800048828125,2742.60009765625,2747.5,2094
2025-01-21 04:00:00+00:00,2745.0,2746.800048828125,2736.0,2741.60009765625,14430
2025-01-21 08:00:00+00:00,2741.800048828125,2742.10009765625,2725.5,2734.5,25271
2025-01-21 12:00:00+00:00,2734.39990234375,2755.800048828125,2731.39990234375,2753.10009765625,59017
2025-01-21 16:00:00+00:00,2753.10009765625,2762.0,2751.800048828125,2757.5,39737
2025-01-21 20:00:00+00:00,2757.39990234375,2759.5,2754.0,2758.39990234375,5053
2025-01-22 00:00:00+00:00,2758.5,2766.800048828125,2757.300048828125,2766.39990234375,12177
2025-01-22 04:00:00+00:00,2766.300048828125,2772.300048828125,2760.5,2761.60009765625,18363
2025-01-22 08:00:00+00:00,2761.800048828125,2774.39990234375,2759.5,2768.199951171875,26945
2025-01-22 12:00:00+00:00,2768.39990234375,2774.199951171875,2759.60009765625,2770.5,57858
2025-01-22 16:00:00+00:00,2770.699951171875,2773.0,2765.800048828125,2767.0,30423
2025-01-22 20:00:00+00:00,2766.89990234375,2768.800048828125,2763.10009765625,2763.39990234375,4532
2025-01-23 00:00:00+00:00,2763.39990234375,2766.39990234375,2758.699951171875,2760.10009765625,12205
2025-01-23 04:00:00+00:00,2760.199951171875,2764.60009765625,2759.0,2760.800048828125,9407
2025-01-23 08:00:00+00:00,2760.800048828125,2762.60009765625,2747.199951171875,2758.699951171875,33941
2025-01-23 12:00:00+00:00,2758.699951171875,2759.60009765625,2741.0,2751.800048828125,74735
2025-01-23 16:00:00+00:00,2751.699951171875,2767.10009765625,2749.300048828125,2763.0,50620
2025-01-23 20:00:00+00:00,2763.0,2763.89990234375,2759.800048828125,2762.199951171875,5368
2025-01-24 00:00:00+00:00,2762.0,2784.89990234375,2762.0,2780.39990234375,22460
2025-01-24 04:00:00+00:00,2780.0,2785.300048828125,2777.5,2779.699951171875,14384
2025-01-24 08:00:00+00:00,2779.800048828125,2786.89990234375,2776.300048828125,2782.89990234375,27386
2025-01-24 12:00:00+00:00,2782.800048828125,2794.800048828125,2780.300048828125,2782.60009765625,71986
2025-01-24 16:00:00+00:00,2782.60009765625,2785.10009765625,2775.699951171875,2782.0,44697
2025-01-24 20:00:00+00:00,2782.0,2782.300048828125,2776.89990234375,2777.39990234375,5256
2025-01-26 20:00:00+00:00,2778.10009765625,2778.10009765625,2766.300048828125,2772.60009765625,3357
2025-01-27 00:00:00+00:00,2772.800048828125,2777.800048828125,2757.60009765625,2766.199951171875,17044
2025-01-27 04:00:00+00:00,2766.199951171875,2766.199951171875,2752.0,2753.800048828125,13800
2025-01-27 08:00:00+00:00,2753.89990234375,2776.39990234375,2753.800048828125,2776.0,36645
2025-01-27 12:00:00+00:00,2776.0,2776.5,2742.10009765625,2744.89990234375,75074
2025-01-27 16:00:00+00:00,2744.699951171875,2746.699951171875,2732.0,2741.699951171875,57929
2025-01-27 20:00:00+00:00,2741.699951171875,2748.60009765625,2740.39990234375,2745.39990234375,5896
2025-01-28 00:00:00+00:00,2745.60009765625,2749.699951171875,2740.800048828125,2741.699951171875,14289
2025-01-28 04:00:00+00:00,2741.699951171875,2748.699951171875,2741.39990234375,2742.10009765625,10588
2025-01-28 08:00:00+00:00,2742.5,2749.60009765625,2737.39990234375,2746.699951171875,21748
2025-01-28 12:00:00+00:00,2746.800048828125,2762.800048828125,2745.39990234375,2759.699951171875,64562
2025-01-28 16:00:00+00:00,2760.199951171875,2774.0,2760.199951171875,2773.199951171875,47204
2025-01-28 20:00:00+00:00,2773.199951171875,2773.60009765625,2769.699951171875,2769.800048828125,7370
2025-01-29 00:00:00+00:00,2769.800048828125,2773.800048828125,2769.5,2770.0,3911
2025-01-29 04:00:00+00:00,2770.0,2772.39990234375,2763.699951171875,2765.5,5743
2025-01-29 08:00:00+00:00,2765.699951171875,2775.5,2765.300048828125,2769.0,15241
2025-01-29 12:00:00+00:00,2768.89990234375,2778.10009765625,2764.699951171875,2772.60009765625,58421
2025-01-29 16:00:00+00:00,2772.699951171875,2775.39990234375,2761.0,2773.300048828125,33038
2025-01-29 20:00:00+00:00,2773.60009765625,2776.199951171875,2768.5,2773.60009765625,4567
2025-01-30 00:00:00+00:00,2773.699951171875,2775.0,2770.0,2773.39990234375,1746
2025-01-30 04:00:00+00:00,2773.39990234375,2783.800048828125,2770.699951171875,2782.800048828125,2332
2025-01-30 08:00:00+00:00,2783.0,2819.199951171875,2782.300048828125,2817.300048828125,46742
2025-01-30 12:00:00+00:00,2817.300048828125,2851.800048828125,2793.5,2849.5,69570
2025-01-30 16:00:00+00:00,2825.699951171875,2853.199951171875,2814.89990234375,2844.699951171875,44066
2025-01-30 20:00:00+00:00,2844.60009765625,2857.699951171875,2821.5,2856.60009765625,12841
2025-01-31 00:00:00+00:00,2856.5,2859.5,2824.5,2851.199951171875,11444
2025-01-31 04:00:00+00:00,2851.10009765625,2851.10009765625,2822.300048828125,2849.800048828125,10432
2025-01-31 08:00:00+00:00,2849.800048828125,2851.300048828125,2817.300048828125,2843.0,17724
2025-01-31 12:00:00+00:00,2842.89990234375,2862.89990234375,2820.5,2855.699951171875,42069
2025-01-31 16:00:00+00:00,2854.89990234375,2856.60009765625,2805.5,2828.60009765625,61700
2025-01-31 20:00:00+00:00,2828.60009765625,2834.60009765625,2804.0,2831.5,8967
2025-02-02 20:00:00+00:00,2846.5,2861.5,2802.0,2834.10009765625,11908
2025-02-03 00:00:00+00:00,2834.300048828125,2838.5,2780.89990234375,2808.199951171875,27736
2025-02-03 04:00:00+00:00,2808.300048828125,2824.300048828125,2786.300048828125,2823.60009765625,12567
2025-02-03 08:00:00+00:00,2823.800048828125,2836.39990234375,2805.0,2835.300048828125,18502
2025-02-03 12:00:00+00:00,2835.39990234375,2872.0,2813.10009765625,2854.800048828125,156026
2025-02-03 16:00:00+00:00,2854.5,2864.39990234375,2829.300048828125,2858.0,29748
2025-02-03 20:00:00+00:00,2858.10009765625,2859.10009765625,2825.0,2849.699951171875,7361
2025-02-04 00:00:00+00:00,2849.699951171875,2858.199951171875,2825.89990234375,2851.800048828125,11658
2025-02-04 04:00:00+00:00,2851.800048828125,2852.0,2818.300048828125,2842.10009765625,12873
2025-02-04 08:00:00+00:00,2842.199951171875,2848.199951171875,2816.10009765625,2842.10009765625,19582
2025-02-04 12:00:00+00:00,2842.0,2874.5,2821.89990234375,2863.89990234375,61324
2025-02-04 16:00:00+00:00,2863.89990234375,2877.10009765625,2837.699951171875,2873.699951171875,27150
2025-02-04 20:00:00+00:00,2873.5,2875.300048828125,2850.0,2872.0,4244
2025-02-05 00:00:00+00:00,2872.10009765625,2884.699951171875,2848.0,2882.5,15722
2025-02-05 04:00:00+00:00,2882.60009765625,2890.5,2860.5,2890.5,32872
2025-02-05 08:00:00+00:00,2869.0,2898.89990234375,2868.800048828125,2893.10009765625,25442
2025-02-05 12:00:00+00:00,2893.10009765625,2906.0,2858.89990234375,2902.199951171875,58040
2025-02-05 16:00:00+00:00,2902.10009765625,2903.199951171875,2863.0,2883.39990234375,44643
2025-02-05 20:00:00+00:00,2883.199951171875,2886.39990234375,2860.0,2885.199951171875,5727
2025-02-06 00:00:00+00:00,2885.300048828125,2893.0,2864.0,2887.0,10719
2025-02-06 04:00:00+00:00,2886.89990234375,2890.199951171875,2854.699951171875,2875.60009765625,16113
2025-02-06 08:00:00+00:00,2875.699951171875,2889.800048828125,2851.0,2888.699951171875,23668
2025-02-06 12:00:00+00:00,2888.699951171875,2894.199951171875,2836.300048828125,2873.300048828125,76690
2025-02-06 16:00:00+00:00,2874.199951171875,2878.39990234375,2853.89990234375,2877.89990234375,21300
2025-02-06 20:00:00+00:00,2878.0,2882.300048828125,2858.10009765625,2881.5,5976
2025-02-07 00:00:00+00:00,2881.699951171875,2892.300048828125,2861.60009765625,2889.5,12452
2025-02-07 04:00:00+00:00,2889.5,2890.5,2865.300048828125,2887.5,11759
2025-02-07 08:00:00+00:00,2887.60009765625,2897.699951171875,2869.5,2892.39990234375,22181
2025-02-07 12:00:00+00:00,2892.300048828125,2910.60009765625,2857.800048828125,2904.39990234375,77881
2025-02-07 16:00:00+00:00,2904.89990234375,2905.89990234375,2859.60009765625,2884.5,50516
2025-02-07 20:00:00+00:00,2884.60009765625,2889.5,2866.39990234375,2886.10009765625,6341
2025-02-09 20:00:00+00:00,2884.800048828125,2895.699951171875,2863.800048828125,2892.39990234375,3885
2025-02-10 00:00:00+00:00,2892.300048828125,2902.39990234375,2873.89990234375,2901.800048828125,13030
2025-02-10 04:00:00+00:00,2901.800048828125,2922.0,2882.0,2920.39990234375,19597
2025-02-10 08:00:00+00:00,2920.39990234375,2932.800048828125,2899.699951171875,2931.60009765625,30655
2025-02-10 12:00:00+00:00,2911.39990234375,2938.10009765625,2901.5,2936.5,128385
2025-02-10 16:00:00+00:00,2936.39990234375,2937.60009765625,2906.199951171875,2934.199951171875,29685
2025-02-10 20:00:00+00:00,2934.300048828125,2947.199951171875,2913.800048828125,2943.199951171875,6181
2025-02-11 00:00:00+00:00,2943.300048828125,2968.5,2920.0,2944.60009765625,44258
2025-02-11 04:00:00+00:00,2944.699951171875,2953.699951171875,2918.39990234375,2939.10009765625,21966
2025-02-11 08:00:00+00:00,2939.0,2941.300048828125,2910.0,2930.199951171875,29711
2025-02-11 12:00:00+00:00,2930.39990234375,2934.300048828125,2890.0,2932.699951171875,76830
2025-02-11 16:00:00+00:00,2912.5,2935.800048828125,2911.39990234375,2929.699951171875,23715
2025-02-11 20:00:00+00:00,2929.60009765625,2930.10009765625,2906.0,2926.800048828125,6691
2025-02-12 00:00:00+00:00,2926.89990234375,2927.10009765625,2902.0,2914.699951171875,20560
2025-02-12 04:00:00+00:00,2914.699951171875,2920.800048828125,2898.89990234375,2918.10009765625,17346
2025-02-12 08:00:00+00:00,2918.10009765625,2919.39990234375,2887.10009765625,2905.60009765625,24660
2025-02-12 12:00:00+00:00,2905.60009765625,2925.10009765625,2868.60009765625,2922.5,84895
2025-02-12 16:00:00+00:00,2922.300048828125,2936.5,2898.699951171875,2922.199951171875,41050
2025-02-12 20:00:00+00:00,2922.199951171875,2930.199951171875,2902.39990234375,2929.5,5873
2025-02-13 00:00:00+00:00,2929.5,2946.0,2911.89990234375,2943.800048828125,20692
2025-02-13 04:00:00+00:00,2943.89990234375,2950.300048828125,2924.300048828125,2940.60009765625,22884
2025-02-13 08:00:00+00:00,2940.699951171875,2946.199951171875,2917.60009765625,2945.60009765625,21685
2025-02-13 12:00:00+00:00,2945.699951171875,2949.300048828125,2916.699951171875,2947.800048828125,50344
2025-02-13 16:00:00+00:00,2947.800048828125,2955.89990234375,2923.800048828125,2955.5,34826
2025-02-13 20:00:00+00:00,2955.5,2960.10009765625,2937.0,2958.10009765625,8709
2025-02-14 00:00:00+00:00,2958.0,2964.0,2935.300048828125,2953.39990234375,13923
2025-02-14 04:00:00+00:00,2953.199951171875,2963.300048828125,2940.39990234375,2956.5,14675
2025-02-14 08:00:00+00:00,2956.5,2964.10009765625,2944.39990234375,2954.39990234375,20915
2025-02-14 12:00:00+00:00,2954.39990234375,2956.89990234375,2893.199951171875,2916.699951171875,98267
2025-02-14 16:00:00+00:00,2916.60009765625,2919.300048828125,2879.0,2894.800048828125,56826
2025-02-14 20:00:00+00:00,2894.699951171875,2897.300048828125,2874.800048828125,2893.699951171875,10013
2025-02-16 20:00:00+00:00,2895.10009765625,2904.10009765625,2873.800048828125,2892.39990234375,8944
2025-02-17 00:00:00+00:00,2892.5,2916.39990234375,2879.800048828125,2915.10009765625,18438
2025-02-17 04:00:00+00:00,2915.0,2915.800048828125,2893.699951171875,2893.699951171875,0
2025-02-18 04:00:00+00:00,2923.89990234375,2928.800048828125,2905.199951171875,2923.800048828125,13053
2025-02-18 08:00:00+00:00,2923.89990234375,2927.89990234375,2910.0,2927.5,13933
2025-02-18 12:00:00+00:00,2927.5,2947.300048828125,2918.199951171875,2944.800048828125,51447
2025-02-18 16:00:00+00:00,2944.699951171875,2956.5,2931.89990234375,2954.800048828125,27785
2025-02-18 20:00:00+00:00,2954.89990234375,2955.89990234375,2936.39990234375,2953.300048828125,5970
2025-02-19 00:00:00+00:00,2953.39990234375,2959.0,2928.60009765625,2946.5,20808
2025-02-19 04:00:00+00:00,2946.5,2953.60009765625,2928.5,2951.699951171875,12620
2025-02-19 08:00:00+00:00,2951.699951171875,2964.39990234375,2936.89990234375,2953.0,22890
2025-02-19 12:00:00+00:00,2953.199951171875,2960.0,2930.800048828125,2941.60009765625,52001
2025-02-19 16:00:00+00:00,2941.60009765625,2948.300048828125,2917.10009765625,2947.300048828125,37389
2025-02-19 20:00:00+00:00,2947.300048828125,2952.89990234375,2947.0,2951.0,6864
2025-02-20 00:00:00+00:00,2951.10009765625,2961.89990234375,2951.10009765625,2959.699951171875,17982
2025-02-20 04:00:00+00:00,2959.60009765625,2973.0,2949.10009765625,2967.300048828125,17075
2025-02-20 08:00:00+00:00,2967.10009765625,2973.39990234375,2950.300048828125,2966.199951171875,25593
2025-02-20 12:00:00+00:00,2966.300048828125,2968.5,2924.199951171875,2955.199951171875,70392
2025-02-20 16:00:00+00:00,2955.199951171875,2963.89990234375,2943.800048828125,2954.10009765625,29660
2025-02-20 20:00:00+00:00,2954.199951171875,2959.5,2949.199951171875,2957.800048828125,5483
2025-02-21 00:00:00+00:00,2957.60009765625,2964.699951171875,2929.39990234375,2945.199951171875,26316
2025-02-21 04:00:00+00:00,2945.10009765625,2948.300048828125,2929.0,2943.89990234375,16295
2025-02-21 08:00:00+00:00,2943.699951171875,2950.199951171875,2917.300048828125,2941.699951171875,24894
2025-02-21 12:00:00+00:00,2941.800048828125,2954.300048828125,2921.0,2942.5,49084
2025-02-21 16:00:00+00:00,2942.5,2959.800048828125,2933.199951171875,2947.39990234375,30309
2025-02-21 20:00:00+00:00,2947.300048828125,2952.89990234375,2931.0,2949.60009765625,7094
2025-02-23 20:00:00+00:00,2950.39990234375,2955.39990234375,2947.60009765625,2950.0,2739
2025-02-24 00:00:00+00:00,2949.89990234375,2957.5,2933.10009765625,2954.699951171875,18648
2025-02-24 04:00:00+00:00,2954.89990234375,2958.39990234375,2938.5,2957.5,12820
2025-02-24 08:00:00+00:00,2957.699951171875,2963.699951171875,2941.5,2962.199951171875,24619
2025-02-24 12:00:00+00:00,2962.199951171875,2974.0,2935.10009765625,2952.60009765625,63954
2025-02-24 16:00:00+00:00,2952.60009765625,2965.5,2942.60009765625,2964.300048828125,27679
2025-02-24 20:00:00+00:00,2964.300048828125,2970.39990234375,2961.699951171875,2966.0,5378
2025-02-25 00:00:00+00:00,2965.89990234375,2968.39990234375,2954.10009765625,2956.300048828125,14803
2025-02-25 04:00:00+00:00,2956.39990234375,2956.800048828125,2929.89990234375,2945.39990234375,20440
2025-02-25 08:00:00+00:00,2945.39990234375,2956.800048828125,2929.89990234375,2952.199951171875,20553
2025-02-25 12:00:00+00:00,2952.300048828125,2959.699951171875,2898.5,2917.800048828125,98743
2025-02-25 16:00:00+00:00,2918.10009765625,2925.89990234375,2890.0,2924.300048828125,63297
2025-02-25 20:00:00+00:00,2924.0,2932.0,2915.300048828125,2931.60009765625,7249
2025-02-26 00:00:00+00:00,2931.60009765625,2942.0,2928.300048828125,2930.699951171875,20534
2025-02-26 04:00:00+00:00,2930.5,2933.699951171875,2918.699951171875,2927.199951171875,16206
2025-02-26 08:00:00+00:00,2927.300048828125,2932.5,2922.300048828125,2927.5,18031
2025-02-26 12:00:00+00:00,2927.39990234375,2929.5,2903.300048828125,2927.89990234375,64165
2025-02-26 16:00:00+00:00,2928.0,2932.10009765625,2913.0,2929.199951171875,29799
2025-02-26 20:00:00+00:00,2929.0,2935.800048828125,2926.5,2933.89990234375,6090
2025-02-27 00:00:00+00:00,2933.800048828125,2933.89990234375,2917.39990234375,2918.5,16173
2025-02-27 04:00:00+00:00,2918.5,2919.199951171875,2899.60009765625,2903.60009765625,27083
2025-02-27 08:00:00+00:00,2903.60009765625,2908.300048828125,2889.39990234375,2896.0,39654
2025-02-27 12:00:00+00:00,2896.10009765625,2906.0,2879.0,2884.199951171875,77495
2025-02-27 16:00:00+00:00,2884.300048828125,2899.199951171875,2884.10009765625,2890.60009765625,31211
2025-02-27 20:00:00+00:00,2890.60009765625,2890.60009765625,2881.5,2886.199951171875,8603
2025-02-28 00:00:00+00:00,2886.10009765625,2896.10009765625,2875.699951171875,2877.60009765625,19044
2025-02-28 04:00:00+00:00,2877.699951171875,2879.300048828125,2867.199951171875,2870.39990234375,24339
2025-02-28 08:00:00+00:00,2870.199951171875,2876.39990234375,2862.699951171875,2875.199951171875,24699
2025-02-28 12:00:00+00:00,2875.300048828125,2877.300048828125,2844.10009765625,2861.699951171875,81860
2025-02-28 16:00:00+00:00,2861.800048828125,2866.39990234375,2847.199951171875,2859.199951171875,44867
2025-02-28 20:00:00+00:00,2859.199951171875,2869.89990234375,2857.89990234375,2867.300048828125,8726
2025-03-02 20:00:00+00:00,2872.0,2888.5,2866.300048828125,2882.5,9278
2025-03-03 00:00:00+00:00,2882.5,2884.5,2869.199951171875,2875.699951171875,18126
2025-03-03 04:00:00+00:00,2875.800048828125,2878.0,2869.199951171875,2873.300048828125,11910
2025-03-03 08:00:00+00:00,2873.300048828125,2886.199951171875,2868.800048828125,2884.60009765625,22458
2025-03-03 12:00:00+00:00,2884.5,2901.39990234375,2879.60009765625,2898.800048828125,61897
2025-03-03 16:00:00+00:00,2898.800048828125,2904.199951171875,2889.39990234375,2891.300048828125,35152
2025-03-03 20:00:00+00:00,2891.300048828125,2906.39990234375,2887.800048828125,2901.5,12371
2025-03-04 00:00:00+00:00,2901.5,2904.199951171875,2892.5,2898.699951171875,18987
2025-03-04 04:00:00+00:00,2898.60009765625,2910.800048828125,2895.199951171875,2909.300048828125,15701
2025-03-04 08:00:00+00:00,2909.199951171875,2932.0,2906.10009765625,2931.300048828125,40574
2025-03-04 12:00:00+00:00,2931.199951171875,2939.800048828125,2910.60009765625,2916.39990234375,71773
2025-03-04 16:00:00+00:00,2916.300048828125,2927.89990234375,2914.0,2926.800048828125,28644
2025-03-04 20:00:00+00:00,2926.699951171875,2931.5,2924.199951171875,2925.5,7400
2025-03-05 00:00:00+00:00,2925.39990234375,2927.0,2912.5,2919.5,19966
2025-03-05 04:00:00+00:00,2919.39990234375,2932.60009765625,2919.199951171875,2928.699951171875,14843
2025-03-05 08:00:00+00:00,2928.5,2933.699951171875,2919.199951171875,2924.0,26238
2025-03-05 12:00:00+00:00,2924.10009765625,2934.39990234375,2903.39990234375,2927.699951171875,70819
2025-03-05 16:00:00+00:00,2927.60009765625,2941.300048828125,2920.10009765625,2930.10009765625,41129
2025-03-05 20:00:00+00:00,2930.10009765625,2932.39990234375,2926.60009765625,2927.300048828125,4352
2025-03-06 00:00:00+00:00,2927.39990234375,2935.89990234375,2924.0,2929.800048828125,11033
2025-03-06 04:00:00+00:00,2929.89990234375,2931.0,2916.699951171875,2917.199951171875,21349
2025-03-06 08:00:00+00:00,2917.10009765625,2919.0,2897.60009765625,2913.89990234375,37149
2025-03-06 12:00:00+00:00,2913.800048828125,2931.800048828125,2906.5,2922.800048828125,59614
2025-03-06 16:00:00+00:00,2923.10009765625,2929.800048828125,2919.800048828125,2922.0,25357
2025-03-06 20:00:00+00:00,2921.699951171875,2924.5,2916.10009765625,2917.10009765625,5905
2025-03-07 00:00:00+00:00,2917.10009765625,2917.5,2905.300048828125,2912.5,16619
2025-03-07 04:00:00+00:00,2912.39990234375,2924.89990234375,2911.800048828125,2924.800048828125,12437
2025-03-07 08:00:00+00:00,2924.800048828125,2931.199951171875,2923.199951171875,2926.199951171875,17305
2025-03-07 12:00:00+00:00,2926.300048828125,2938.800048828125,2909.199951171875,2923.699951171875,87950
2025-03-07 16:00:00+00:00,2923.60009765625,2928.0,2909.60009765625,2913.300048828125,72355
2025-03-07 20:00:00+00:00,2913.300048828125,2920.199951171875,2912.89990234375,2917.5,5848
2025-03-09 20:00:00+00:00,2919.60009765625,2925.10009765625,2917.39990234375,2924.300048828125,3263
2025-03-10 00:00:00+00:00,2924.300048828125,2926.39990234375,2914.0,2916.60009765625,12327
2025-03-10 04:00:00+00:00,2916.800048828125,2921.89990234375,2909.800048828125,2915.0,12014
2025-03-10 08:00:00+00:00,2915.0,2922.0,2901.800048828125,2910.60009765625,36172
2025-03-10 12:00:00+00:00,2910.39990234375,2917.5,2903.5,2911.10009765625,54024
2025-03-10 16:00:00+00:00,2911.199951171875,2913.800048828125,2885.199951171875,2890.60009765625,83491
2025-03-10 20:00:00+00:00,2890.5,2894.39990234375,2887.0,2889.10009765625,4498
2025-03-11 00:00:00+00:00,2889.300048828125,2903.89990234375,2882.5,2900.39990234375,18224
2025-03-11 04:00:00+00:00,2900.39990234375,2907.89990234375,2896.10009765625,2905.0,15377
2025-03-11 08:00:00+00:00,2905.199951171875,2920.89990234375,2904.39990234375,2919.10009765625,26381
2025-03-11 12:00:00+00:00,2919.199951171875,2929.0,2912.10009765625,2922.800048828125,67801
2025-03-11 16:00:00+00:00,2922.699951171875,2927.800048828125,2919.89990234375,2925.199951171875,41330
2025-03-11 20:00:00+00:00,2925.39990234375,2926.10009765625,2921.199951171875,2922.300048828125,4017
2025-03-12 00:00:00+00:00,2922.39990234375,2925.800048828125,2917.300048828125,2921.199951171875,8009
2025-03-12 04:00:00+00:00,2920.699951171875,2925.89990234375,2914.10009765625,2919.699951171875,13745
2025-03-12 08:00:00+00:00,2919.699951171875,2931.5,2918.300048828125,2920.89990234375,19905
2025-03-12 12:00:00+00:00,2920.800048828125,2937.300048828125,2911.0,2935.699951171875,76870
2025-03-12 16:00:00+00:00,2935.800048828125,2948.89990234375,2935.10009765625,2939.89990234375,63696
2025-03-12 20:00:00+00:00,2940.0,2946.5,2939.300048828125,2945.199951171875,4947
2025-03-13 00:00:00+00:00,2945.199951171875,2956.5,2944.89990234375,2954.699951171875,15051
2025-03-13 04:00:00+00:00,2954.60009765625,2955.5,2942.199951171875,2944.89990234375,15390
2025-03-13 08:00:00+00:00,2944.800048828125,2958.0,2944.39990234375,2955.199951171875,23058
2025-03-13 12:00:00+00:00,2955.199951171875,2990.89990234375,2947.60009765625,2989.39990234375,103219
2025-03-13 16:00:00+00:00,2989.39990234375,2999.699951171875,2988.60009765625,2995.199951171875,70289
2025-03-13 20:00:00+00:00,2995.0,3003.0,2993.199951171875,2998.699951171875,6264
2025-03-14 00:00:00+00:00,2998.300048828125,3004.60009765625,2994.800048828125,3002.60009765625,16669
2025-03-14 04:00:00+00:00,3004.199951171875,3005.89990234375,2994.300048828125,3000.60009765625,17612
2025-03-14 08:00:00+00:00,3000.60009765625,3017.10009765625,2998.800048828125,3004.60009765625,37882
2025-03-14 12:00:00+00:00,3004.800048828125,3011.89990234375,2988.60009765625,2995.699951171875,63752
2025-03-14 16:00:00+00:00,2995.60009765625,3001.5,2991.0,2992.0,32910
2025-03-14 20:00:00+00:00,2992.10009765625,2997.699951171875,2990.0,2993.699951171875,3253
2025-03-16 20:00:00+00:00,2994.800048828125,3002.199951171875,2991.89990234375,2998.0,5398
2025-03-17 00:00:00+00:00,2997.800048828125,3000.800048828125,2994.10009765625,2995.800048828125,10207
2025-03-17 04:00:00+00:00,2996.0,2999.0,2991.39990234375,2993.89990234375,12178
2025-03-17 08:00:00+00:00,2993.89990234375,3009.39990234375,2991.5,3005.39990234375,21145
2025-03-17 12:00:00+00:00,3005.5,3008.0,2991.60009765625,3005.10009765625,62952
2025-03-17 16:00:00+00:00,3004.699951171875,3009.10009765625,3000.300048828125,3008.300048828125,22588
2025-03-17 20:00:00+00:00,3008.5,3011.39990234375,3008.199951171875,3008.89990234375,3967
2025-03-18 00:00:00+00:00,3008.800048828125,3024.10009765625,3008.300048828125,3020.300048828125,20070
2025-03-18 04:00:00+00:00,3020.60009765625,3028.300048828125,3016.60009765625,3025.800048828125,19804
2025-03-18 08:00:00+00:00,3025.89990234375,3038.0,3025.800048828125,3035.300048828125,31231
2025-03-18 12:00:00+00:00,3035.199951171875,3047.5,3031.300048828125,3039.5,71935
2025-03-18 16:00:00+00:00,3039.300048828125,3045.0,3037.199951171875,3042.699951171875,24930
2025-03-18 20:00:00+00:00,3042.60009765625,3043.0,3038.10009765625,3038.199951171875,3681
2025-03-19 00:00:00+00:00,3038.300048828125,3046.199951171875,3035.0,3045.10009765625,11250
2025-03-19 04:00:00+00:00,3043.800048828125,3052.39990234375,3041.5,3043.199951171875,19113
2025-03-19 08:00:00+00:00,3043.5,3048.300048828125,3031.300048828125,3046.800048828125,26335
2025-03-19 12:00:00+00:00,3046.800048828125,3048.89990234375,3033.60009765625,3040.10009765625,38881
2025-03-19 16:00:00+00:00,3040.300048828125,3061.60009765625,3037.5,3056.60009765625,42258
2025-03-19 20:00:00+00:00,3056.60009765625,3060.699951171875,3053.800048828125,3059.60009765625,3620
2025-03-20 00:00:00+00:00,3059.60009765625,3065.199951171875,3053.699951171875,3057.89990234375,15319
2025-03-20 04:00:00+00:00,3057.89990234375,3065.199951171875,3048.60009765625,3049.0,21796
2025-03-20 08:00:00+00:00,3049.300048828125,3053.0,3032.800048828125,3042.300048828125,29723
2025-03-20 12:00:00+00:00,3042.199951171875,3051.0,3037.699951171875,3048.10009765625,45606
2025-03-20 16:00:00+00:00,3048.300048828125,3053.89990234375,3042.0,3052.60009765625,20922
2025-03-20 20:00:00+00:00,3052.5,3054.5,3051.0,3053.89990234375,1957
2025-03-21 00:00:00+00:00,3053.89990234375,3055.0,3037.800048828125,3037.89990234375,14480
2025-03-21 04:00:00+00:00,3037.5,3041.0,3026.89990234375,3038.199951171875,18754
2025-03-21 08:00:00+00:00,3038.300048828125,3045.39990234375,3033.10009765625,3041.300048828125,27374
2025-03-21 12:00:00+00:00,3041.199951171875,3045.39990234375,3004.10009765625,3016.199951171875,92763
2025-03-21 16:00:00+00:00,3016.10009765625,3028.0,3015.800048828125,3025.5,28350
2025-03-21 20:00:00+00:00,3025.699951171875,3030.0,3025.5,3028.199951171875,2906
2025-03-23 20:00:00+00:00,3027.60009765625,3031.60009765625,3024.5,3030.39990234375,3158
2025-03-24 00:00:00+00:00,3030.300048828125,3031.5,3019.199951171875,3021.89990234375,14553
2025-03-24 04:00:00+00:00,3021.300048828125,3033.199951171875,3020.699951171875,3026.800048828125,11213
2025-03-24 08:00:00+00:00,3026.699951171875,3038.39990234375,3026.300048828125,3030.10009765625,38894
2025-03-24 12:00:00+00:00,3030.10009765625,3034.10009765625,3009.800048828125,3019.10009765625,89957
2025-03-24 16:00:00+00:00,3019.10009765625,3020.60009765625,3007.699951171875,3013.199951171875,38146
2025-03-24 20:00:00+00:00,3013.199951171875,3020.39990234375,3012.699951171875,3014.39990234375,5305
2025-03-25 00:00:00+00:00,3014.39990234375,3019.89990234375,3010.800048828125,3018.89990234375,12042
2025-03-25 04:00:00+00:00,3019.0,3025.39990234375,3014.699951171875,3015.39990234375,14328
2025-03-25 08:00:00+00:00,3015.5,3031.0,3015.0,3024.89990234375,27716
2025-03-25 12:00:00+00:00,3024.89990234375,3042.39990234375,3018.800048828125,3026.5,83028
2025-03-25 16:00:00+00:00,3026.699951171875,3031.60009765625,3023.10009765625,3025.699951171875,24941
2025-03-25 20:00:00+00:00,3025.60009765625,3027.5,3024.699951171875,3025.300048828125,2514
2025-03-26 00:00:00+00:00,3025.39990234375,3030.699951171875,3020.199951171875,3020.800048828125,15011
2025-03-26 04:00:00+00:00,3021.10009765625,3034.699951171875,3017.800048828125,3034.300048828125,16069
2025-03-26 08:00:00+00:00,3034.39990234375,3036.10009765625,3022.300048828125,3032.800048828125,30403
2025-03-26 12:00:00+00:00,3032.89990234375,3036.0,3018.0,3021.699951171875,68333
2025-03-26 16:00:00+00:00,3021.699951171875,3027.199951171875,3020.699951171875,3023.10009765625,29679
2025-03-26 20:00:00+00:00,3023.10009765625,3028.199951171875,3022.300048828125,3025.0,6577
2025-03-27 00:00:00+00:00,3024.89990234375,3039.199951171875,3024.89990234375,3038.5,9008
2025-03-27 04:00:00+00:00,3038.5,3047.0,3034.199951171875,3045.699951171875,13909
2025-03-27 08:00:00+00:00,3045.89990234375,3065.5,3042.699951171875,3062.800048828125,30548
2025-03-27 12:00:00+00:00,3063.199951171875,3071.300048828125,3040.60009765625,3063.10009765625,48825
2025-03-27 16:00:00+00:00,3063.10009765625,3070.0,3059.89990234375,3069.300048828125,15907
2025-03-27 20:00:00+00:00,3069.199951171875,3069.89990234375,3066.800048828125,3069.199951171875,1792
2025-03-28 00:00:00+00:00,3068.800048828125,3087.39990234375,3068.60009765625,3086.39990234375,2060
2025-03-28 04:00:00+00:00,3084.89990234375,3122.300048828125,3082.39990234375,3118.0,42769
2025-03-28 08:00:00+00:00,3117.89990234375,3120.300048828125,3074.300048828125,3111.800048828125,32369
2025-03-28 12:00:00+00:00,3111.699951171875,3122.39990234375,3072.300048828125,3118.5,141195
2025-03-28 16:00:00+00:00,3089.300048828125,3121.39990234375,3078.199951171875,3114.199951171875,34895
2025-03-28 20:00:00+00:00,3086.699951171875,3119.800048828125,3086.699951171875,3117.800048828125,3644
2025-03-30 20:00:00+00:00,3118.800048828125,3128.300048828125,3091.0,3123.5,8431
2025-03-31 00:00:00+00:00,3123.39990234375,3143.60009765625,3086.0,3139.10009765625,31380
2025-03-31 04:00:00+00:00,3139.0,3158.199951171875,3111.300048828125,3156.699951171875,29528
2025-03-31 08:00:00+00:00,3156.60009765625,3159.300048828125,3117.699951171875,3151.5,27917
2025-03-31 12:00:00+00:00,3151.39990234375,3162.0,3104.0,3146.89990234375,76093
2025-03-31 16:00:00+00:00,3147.0,3157.5,3117.5,3157.199951171875,28090
2025-03-31 20:00:00+00:00,3129.699951171875,3161.0,3129.10009765625,3155.699951171875,5189
2025-04-01 00:00:00+00:00,3155.5,3177.0,3132.39990234375,3175.800048828125,27894
2025-04-01 04:00:00+00:00,3175.60009765625,3177.0,3129.5,3156.10009765625,37039
2025-04-01 08:00:00+00:00,3156.0,3168.5,3130.60009765625,3159.5,25080
2025-04-01 12:00:00+00:00,3159.60009765625,3168.0,3121.699951171875,3144.0,56553
2025-04-01 16:00:00+00:00,3143.800048828125,3151.300048828125,3104.0,3150.89990234375,37990
2025-04-01 20:00:00+00:00,3150.89990234375,3154.10009765625,3117.39990234375,3146.699951171875,4398
2025-04-02 00:00:00+00:00,3146.800048828125,3163.800048828125,3123.0,3154.0,20420
2025-04-02 04:00:00+00:00,3154.199951171875,3155.5,3135.699951171875,3154.699951171875,22404
2025-04-02 08:00:00+00:00,3154.60009765625,3167.0,3122.0,3157.300048828125,33914
2025-04-02 12:00:00+00:00,3157.39990234375,3170.5,3125.800048828125,3165.5,64407
2025-04-02 16:00:00+00:00,3165.5,3177.699951171875,3135.0,3163.0,39309
2025-04-02 20:00:00+00:00,3163.199951171875,3201.60009765625,3123.60009765625,3188.300048828125,45884
2025-04-03 00:00:00+00:00,3188.199951171875,3190.0,3145.0,3170.39990234375,45775
2025-04-03 04:00:00+00:00,3170.5,3172.199951171875,3113.39990234375,3153.199951171875,38479
2025-04-03 08:00:00+00:00,3153.300048828125,3156.199951171875,3084.5,3113.39990234375,60663
2025-04-03 12:00:00+00:00,3088.60009765625,3159.5,3052.0,3132.300048828125,150653
2025-04-03 16:00:00+00:00,3132.5,3136.0,3099.0,3127.10009765625,31441
2025-04-03 20:00:00+00:00,3127.199951171875,3143.300048828125,3110.0,3134.300048828125,6239
2025-04-04 00:00:00+00:00,3134.300048828125,3137.0,3090.0,3117.800048828125,19693
2025-04-04 04:00:00+00:00,3118.699951171875,3131.199951171875,3089.5,3113.10009765625,20578
2025-04-04 08:00:00+00:00,3113.10009765625,3160.199951171875,3077.5,3132.5,65043
2025-04-04 12:00:00+00:00,3132.699951171875,3134.300048828125,3011.0,3040.5,145751
2025-04-04 16:00:00+00:00,3040.39990234375,3062.199951171875,3011.0,3057.60009765625,49667
2025-04-04 20:00:00+00:00,3057.5,3061.39990234375,3035.60009765625,3056.10009765625,4471
2025-04-06 20:00:00+00:00,3055.10009765625,3055.10009765625,2972.800048828125,3015.5,23601
2025-04-07 00:00:00+00:00,3015.0,3084.39990234375,2965.0,3034.10009765625,61365
2025-04-07 04:00:00+00:00,3035.300048828125,3060.800048828125,3007.0,3035.699951171875,29777
2025-04-07 08:00:00+00:00,3035.800048828125,3064.5,3014.0,3047.5,33990
2025-04-07 12:00:00+00:00,3048.0,3056.300048828125,2973.10009765625,3004.0,99828
2025-04-07 16:00:00+00:00,3003.800048828125,3004.199951171875,2949.699951171875,2992.300048828125,51167
2025-04-07 20:00:00+00:00,2992.199951171875,3004.800048828125,2968.0,2995.300048828125,5744
2025-04-08 00:00:00+00:00,2995.300048828125,3018.89990234375,2993.800048828125,3009.300048828125,24257
2025-04-08 04:00:00+00:00,3008.60009765625,3030.60009765625,2991.60009765625,3018.0,22462
2025-04-08 08:00:00+00:00,3017.699951171875,3036.5,2996.699951171875,3034.10009765625,27702
2025-04-08 12:00:00+00:00,3034.199951171875,3037.89990234375,2995.0,3016.0,63689
2025-04-08 16:00:00+00:00,3015.800048828125,3016.10009765625,2973.300048828125,2999.10009765625,47138
2025-04-08 20:00:00+00:00,2998.89990234375,3005.89990234375,2965.800048828125,2991.800048828125,8421
2025-04-09 00:00:00+00:00,2992.0,3025.300048828125,2986.60009765625,3021.199951171875,31280
2025-04-09 04:00:00+00:00,3018.60009765625,3071.39990234375,3010.800048828125,3059.0,47961
2025-04-09 08:00:00+00:00,3059.10009765625,3087.0,3039.0,3084.5,43556
2025-04-09 12:00:00+00:00,3084.800048828125,3104.699951171875,3056.89990234375,3102.10009765625,77740
2025-04-09 16:00:00+00:00,3102.300048828125,3118.5,3054.199951171875,3110.60009765625,75408
2025-04-09 20:00:00+00:00,3110.60009765625,3114.0,3072.10009765625,3101.199951171875,6456
2025-04-10 00:00:00+00:00,3101.39990234375,3148.10009765625,3093.800048828125,3141.39990234375,34337
2025-04-10 04:00:00+00:00,3141.5,3149.39990234375,3103.300048828125,3124.5,26435
2025-04-10 08:00:00+00:00,3124.39990234375,3143.199951171875,3103.39990234375,3142.199951171875,26735
2025-04-10 12:00:00+00:00,3142.39990234375,3193.800048828125,3116.699951171875,3175.10009765625,90887
2025-04-10 16:00:00+00:00,3175.10009765625,3194.300048828125,3148.60009765625,3188.60009765625,40706
2025-04-10 20:00:00+00:00,3188.5,3212.0,3182.10009765625,3209.10009765625,7341
2025-04-11 00:00:00+00:00,3209.199951171875,3241.5,3183.39990234375,3237.0,36451
2025-04-11 04:00:00+00:00,3236.699951171875,3238.300048828125,3189.199951171875,3231.39990234375,34295
2025-04-11 08:00:00+00:00,3231.300048828125,3255.89990234375,3210.60009765625,3230.800048828125,47283
2025-04-11 12:00:00+00:00,3231.199951171875,3262.300048828125,3214.0,3258.300048828125,66695
2025-04-11 16:00:00+00:00,3258.39990234375,3263.0,3221.199951171875,3248.10009765625,39934
2025-04-11 20:00:00+00:00,3248.199951171875,3257.10009765625,3229.800048828125,3254.89990234375,2884
2025-04-13 20:00:00+00:00,3246.0,3250.0,3215.5,3240.699951171875,8758
2025-04-14 00:00:00+00:00,3240.39990234375,3261.60009765625,3228.800048828125,3247.60009765625,24397
2025-04-14 04:00:00+00:00,3247.800048828125,3253.800048828125,3218.0,3243.300048828125,18125
2025-04-14 08:00:00+00:00,3243.300048828125,3247.5,3200.800048828125,3239.10009765625,38220
2025-04-14 12:00:00+00:00,3239.199951171875,3244.39990234375,3194.5,3214.60009765625,65976
2025-04-14 16:00:00+00:00,3214.699951171875,3232.5,3195.0,3228.10009765625,26020
2025-04-14 20:00:00+00:00,3228.199951171875,3231.0,3223.10009765625,3228.800048828125,2882
2025-04-15 00:00:00+00:00,3229.0,3245.199951171875,3216.0,3244.89990234375,16353
2025-04-15 04:00:00+00:00,3244.300048828125,3249.0,3214.0,3241.39990234375,17220
2025-04-15 08:00:00+00:00,3241.39990234375,3247.699951171875,3232.199951171875,3236.300048828125,18686
2025-04-15 12:00:00+00:00,3236.300048828125,3243.199951171875,3216.5,3237.60009765625,41400
2025-04-15 16:00:00+00:00,3237.800048828125,3248.0,3235.800048828125,3246.699951171875,18432
2025-04-15 20:00:00+00:00,3246.89990234375,3269.199951171875,3243.39990234375,3269.199951171875,10969
2025-04-16 00:00:00+00:00,3269.199951171875,3298.5,3268.699951171875,3297.0,35182
2025-04-16 04:00:00+00:00,3297.800048828125,3317.800048828125,3286.5,3316.699951171875,38956
2025-04-16 08:00:00+00:00,3316.699951171875,3334.199951171875,3305.10009765625,3323.199951171875,53074
2025-04-16 12:00:00+00:00,3323.10009765625,3344.199951171875,3312.60009765625,3341.199951171875,61633
2025-04-16 16:00:00+00:00,3341.0,3358.39990234375,3337.199951171875,3352.0,45553
2025-04-16 20:00:00+00:00,3352.0,3371.89990234375,3350.0,3363.89990234375,8719
2025-04-17 00:00:00+00:00,3364.0,3369.10009765625,3333.10009765625,3356.0,47249
2025-04-17 04:00:00+00:00,3357.0,3357.39990234375,3327.300048828125,3336.5,30119
2025-04-17 08:00:00+00:00,3336.5,3347.300048828125,3327.300048828125,3341.199951171875,26764
2025-04-17 12:00:00+00:00,3341.199951171875,3355.800048828125,3296.39990234375,3308.800048828125,85432
2025-04-17 16:00:00+00:00,3309.300048828125,3336.39990234375,3307.39990234375,3334.5,31907
2025-04-17 20:00:00+00:00,3334.60009765625,3342.699951171875,3332.0,3341.300048828125,3560
2025-04-20 20:00:00+00:00,3347.0,3368.10009765625,3344.0,3361.800048828125,12911
2025-04-21 00:00:00+00:00,3362.0,3397.60009765625,3361.199951171875,3394.0,40214
2025-04-21 04:00:00+00:00,3393.89990234375,3407.300048828125,3382.0,3397.10009765625,30408
2025-04-21 08:00:00+00:00,3397.0,3417.300048828125,3395.10009765625,3415.60009765625,28155
2025-04-21 12:00:00+00:00,3415.89990234375,3442.300048828125,3410.39990234375,3433.89990234375,82173
2025-04-21 16:00:00+00:00,3434.0,3441.60009765625,3417.10009765625,3434.5,37883
2025-04-21 20:00:00+00:00,3434.699951171875,3455.89990234375,3430.5,3445.300048828125,11998
2025-04-22 00:00:00+00:00,3445.300048828125,3504.199951171875,3423.89990234375,3497.60009765625,68361
2025-04-22 04:00:00+00:00,3497.39990234375,3509.89990234375,3471.199951171875,3479.5,62980
2025-04-22 08:00:00+00:00,3479.699951171875,3483.800048828125,3454.10009765625,3468.60009765625,51794
2025-04-22 12:00:00+00:00,3468.5,3476.60009765625,3419.0,3429.300048828125,111428
2025-04-22 16:00:00+00:00,3429.199951171875,3432.60009765625,3379.10009765625,3387.60009765625,95700
2025-04-22 20:00:00+00:00,3387.699951171875,3395.199951171875,3316.0,3346.199951171875,14693
2025-04-23 00:00:00+00:00,3346.10009765625,3396.0,3339.199951171875,3349.10009765625,62178
2025-04-23 04:00:00+00:00,3349.39990234375,3359.5,3302.60009765625,3329.89990234375,51903
2025-04-23 08:00:00+00:00,3330.10009765625,3352.39990234375,3316.89990234375,3335.300048828125,42058
2025-04-23 12:00:00+00:00,3335.300048828125,3345.699951171875,3270.800048828125,3292.800048828125,135608
2025-04-23 16:00:00+00:00,3293.0,3319.0,3288.89990234375,3306.89990234375,41738
2025-04-23 20:00:00+00:00,3307.199951171875,3329.0,3297.0,3327.39990234375,6579
2025-04-24 00:00:00+00:00,3327.60009765625,3377.0,3324.199951171875,3338.300048828125,63966
2025-04-24 04:00:00+00:00,3337.300048828125,3350.800048828125,3325.300048828125,3344.199951171875,34118
2025-04-24 08:00:00+00:00,3344.10009765625,3356.10009765625,3336.699951171875,3348.699951171875,28444
2025-04-24 12:00:00+00:00,3348.5,3356.699951171875,3316.89990234375,3340.699951171875,65812
2025-04-24 16:00:00+00:00,3340.800048828125,3358.89990234375,3334.199951171875,3353.800048828125,30719
2025-04-24 20:00:00+00:00,3353.800048828125,3384.10009765625,3349.39990234375,3360.199951171875,10400
2025-04-25 00:00:00+00:00,3359.800048828125,3374.300048828125,3337.800048828125,3338.89990234375,30892
2025-04-25 04:00:00+00:00,3334.39990234375,3338.0,3296.0,3317.199951171875,49955
2025-04-25 08:00:00+00:00,3317.199951171875,3319.10009765625,3297.60009765625,3303.89990234375,30424
2025-04-25 12:00:00+00:00,3303.60009765625,3313.60009765625,3274.800048828125,3293.39990234375,72349
2025-04-25 16:00:00+00:00,3293.699951171875,3324.0,3291.0,3315.800048828125,29914
2025-04-25 20:00:00+00:00,3316.0,3331.5,3315.699951171875,3330.199951171875,4241
2025-04-27 20:00:00+00:00,3336.5,3348.199951171875,3309.5,3313.699951171875,13980
2025-04-28 00:00:00+00:00,3313.39990234375,3326.60009765625,3278.0,3301.199951171875,43230
2025-04-28 04:00:00+00:00,3301.699951171875,3311.39990234375,3288.39990234375,3297.60009765625,24263
2025-04-28 08:00:00+00:00,3298.0,3308.60009765625,3282.60009765625,3305.199951171875,25325
2025-04-28 12:00:00+00:00,3305.89990234375,3347.39990234375,3297.0,3336.39990234375,72019
2025-04-28 16:00:00+00:00,3336.300048828125,3363.800048828125,3335.60009765625,3362.5,31920
2025-04-28 20:00:00+00:00,3362.5,3363.0,3342.60009765625,3348.0,7260
2025-04-29 00:00:00+00:00,3348.199951171875,3350.800048828125,3317.699951171875,3323.10009765625,30573
2025-04-29 04:00:00+00:00,3325.699951171875,3333.60009765625,3314.800048828125,3333.0,20484
2025-04-29 08:00:00+00:00,3333.10009765625,3334.800048828125,3315.699951171875,3319.10009765625,19656
2025-04-29 12:00:00+00:00,3318.800048828125,3331.800048828125,3309.199951171875,3323.39990234375,58972
2025-04-29 16:00:00+00:00,3323.800048828125,3340.5,3322.800048828125,3330.300048828125,27508
2025-04-29 20:00:00+00:00,3330.39990234375,3333.60009765625,3320.800048828125,3326.800048828125,3780
2025-04-30 00:00:00+00:00,3326.699951171875,3337.60009765625,3312.800048828125,3314.300048828125,19497
2025-04-30 04:00:00+00:00,3314.0,3324.300048828125,3310.699951171875,3316.800048828125,16936
2025-04-30 08:00:00+00:00,3316.800048828125,3317.10009765625,3276.699951171875,3281.5,41945
2025-04-30 12:00:00+00:00,3281.5,3330.10009765625,3275.60009765625,3318.5,91255
2025-04-30 16:00:00+00:00,3318.800048828125,3325.0,3302.699951171875,3306.800048828125,26325
2025-04-30 20:00:00+00:00,3306.699951171875,3308.699951171875,3278.39990234375,3281.5,8620
2025-05-01 00:00:00+00:00,3281.5,3285.0,3236.39990234375,3237.60009765625,42402
2025-05-01 04:00:00+00:00,3237.0,3251.800048828125,3228.300048828125,3238.199951171875,28334
2025-05-01 08:00:00+00:00,3238.199951171875,3245.300048828125,3211.0,3213.10009765625,30237
2025-05-01 12:00:00+00:00,3212.89990234375,3241.60009765625,3209.39990234375,3224.60009765625,70933
2025-05-01 16:00:00+00:00,3224.39990234375,3238.5,3216.39990234375,3236.60009765625,26004
2025-05-01 20:00:00+00:00,3237.0,3252.89990234375,3236.5,3246.199951171875,6377
2025-05-02 00:00:00+00:00,3246.199951171875,3267.39990234375,3234.5,3266.699951171875,21651
2025-05-02 04:00:00+00:00,3263.89990234375,3271.60009765625,3254.60009765625,3267.0,23620
2025-05-02 08:00:00+00:00,3267.10009765625,3277.0,3262.5,3269.89990234375,24181
2025-05-02 12:00:00+00:00,3269.89990234375,3272.699951171875,3238.39990234375,3239.800048828125,88349
2025-05-02 16:00:00+00:00,3240.0,3247.39990234375,3229.5,3241.39990234375,40792
2025-05-02 20:00:00+00:00,3241.5,3249.199951171875,3240.5,3247.39990234375,4215
2025-05-04 20:00:00+00:00,3247.10009765625,3259.5,3243.10009765625,3255.199951171875,8387
2025-05-05 00:00:00+00:00,3255.300048828125,3280.60009765625,3248.0,3262.300048828125,26190
2025-05-05 04:00:00+00:00,3262.699951171875,3276.0,3261.39990234375,3272.699951171875,14592
2025-05-05 08:00:00+00:00,3272.800048828125,3327.699951171875,3271.199951171875,3321.89990234375,46644
2025-05-05 12:00:00+00:00,3321.89990234375,3337.89990234375,3317.300048828125,3321.10009765625,52716
2025-05-05 16:00:00+00:00,3320.800048828125,3346.699951171875,3314.0,3337.60009765625,30519
2025-05-05 20:00:00+00:00,3337.60009765625,3347.800048828125,3336.300048828125,3342.800048828125,6149
2025-05-06 00:00:00+00:00,3342.800048828125,3395.0,3332.10009765625,3368.39990234375,62462
2025-05-06 04:00:00+00:00,3368.800048828125,3387.300048828125,3357.39990234375,3378.5,32294
2025-05-06 08:00:00+00:00,3378.800048828125,3393.199951171875,3375.89990234375,3386.89990234375,31445
2025-05-06 12:00:00+00:00,3387.10009765625,3408.300048828125,3380.60009765625,3403.10009765625,75147
2025-05-06 16:00:00+00:00,3403.199951171875,3433.199951171875,3402.800048828125,3431.5,44485
2025-05-06 20:00:00+00:00,3431.5,3448.199951171875,3383.89990234375,3409.199951171875,21083
2025-05-07 00:00:00+00:00,3409.300048828125,3410.300048828125,3367.0,3384.300048828125,50851
2025-05-07 04:00:00+00:00,3383.800048828125,3405.800048828125,3383.5,3396.0,24477
2025-05-07 08:00:00+00:00,3396.0,3401.39990234375,3376.89990234375,3395.0,27047
2025-05-07 12:00:00+00:00,3394.89990234375,3406.60009765625,3383.300048828125,3393.0,60384
2025-05-07 16:00:00+00:00,3393.0,3406.5,3371.199951171875,3379.300048828125,73064
2025-05-07 20:00:00+00:00,3379.39990234375,3383.89990234375,3371.300048828125,3383.10009765625,6636
2025-05-08 00:00:00+00:00,3383.199951171875,3422.0,3380.60009765625,3404.199951171875,41933
2025-05-08 04:00:00+00:00,3403.0,3405.800048828125,3325.39990234375,3348.89990234375,67222
2025-05-08 08:00:00+00:00,3349.10009765625,3352.300048828125,3335.199951171875,3350.0,28549
2025-05-08 12:00:00+00:00,3350.199951171875,3375.699951171875,3332.0,3336.0,76886
2025-05-08 16:00:00+00:00,3335.89990234375,3336.0,3293.300048828125,3311.10009765625,75819
2025-05-08 20:00:00+00:00,3311.5,3329.0,3308.800048828125,3321.0,6781
2025-05-09 00:00:00+00:00,3321.5,3327.800048828125,3278.89990234375,3312.39990234375,49632
2025-05-09 04:00:00+00:00,3313.300048828125,3337.0,3313.300048828125,3331.699951171875,32440
2025-05-09 08:00:00+00:00,3331.89990234375,3342.800048828125,3324.5,3337.800048828125,24284
2025-05-09 12:00:00+00:00,3337.89990234375,3351.10009765625,3324.699951171875,3350.300048828125,58845
2025-05-09 16:00:00+00:00,3350.300048828125,3352.699951171875,3330.89990234375,3334.10009765625,33319
2025-05-09 20:00:00+00:00,3333.89990234375,3335.5,3328.5,3329.10009765625,3628
2025-05-11 20:00:00+00:00,3281.0,3294.39990234375,3251.5,3292.89990234375,22068
2025-05-12 00:00:00+00:00,3292.800048828125,3295.5,3262.39990234375,3287.0,37466
2025-05-12 04:00:00+00:00,3287.300048828125,3287.699951171875,3219.199951171875,3226.800048828125,54633
2025-05-12 08:00:00+00:00,3226.800048828125,3238.800048828125,3211.199951171875,3228.60009765625,49244
2025-05-12 12:00:00+00:00,3228.300048828125,3253.0,3223.60009765625,3243.800048828125,71226
2025-05-12 16:00:00+00:00,3243.5,3244.39990234375,3223.89990234375,3240.300048828125,50235
2025-05-12 20:00:00+00:00,3240.10009765625,3246.699951171875,3233.300048828125,3241.300048828125,4802
2025-05-13 00:00:00+00:00,3241.10009765625,3247.699951171875,3220.10009765625,3240.89990234375,29025
2025-05-13 04:00:00+00:00,3240.60009765625,3270.39990234375,3238.699951171875,3263.10009765625,31319
2025-05-13 08:00:00+00:00,3263.300048828125,3265.300048828125,3252.300048828125,3253.10009765625,21732
2025-05-13 12:00:00+00:00,3253.0,3260.60009765625,3229.5,3258.10009765625,67283
2025-05-13 16:00:00+00:00,3258.0,3262.10009765625,3246.5,3254.10009765625,43501
2025-05-13 20:00:00+00:00,3254.10009765625,3261.300048828125,3252.699951171875,3258.300048828125,3858
2025-05-14 00:00:00+00:00,3258.39990234375,3258.5,3229.699951171875,3230.800048828125,28954
2025-05-14 04:00:00+00:00,3232.199951171875,3243.0,3225.199951171875,3242.0,28496
2025-05-14 08:00:00+00:00,3242.39990234375,3248.199951171875,3223.0,3223.699951171875,26997
2025-05-14 12:00:00+00:00,3223.89990234375,3226.300048828125,3178.300048828125,3186.5,104437
2025-05-14 16:00:00+00:00,3186.60009765625,3194.39990234375,3170.699951171875,3183.800048828125,34372
2025-05-14 20:00:00+00:00,3184.0,3190.10009765625,3180.199951171875,3188.89990234375,5191
2025-05-15 00:00:00+00:00,3188.60009765625,3195.60009765625,3150.89990234375,3153.39990234375,38943
2025-05-15 04:00:00+00:00,3153.199951171875,3157.199951171875,3123.300048828125,3145.39990234375,53108
2025-05-15 08:00:00+00:00,3145.10009765625,3183.300048828125,3141.800048828125,3182.300048828125,37741
2025-05-15 12:00:00+00:00,3182.199951171875,3223.199951171875,3180.60009765625,3222.800048828125,81247
2025-05-15 16:00:00+00:00,3223.0,3235.300048828125,3218.699951171875,3234.60009765625,28686
2025-05-15 20:00:00+00:00,3234.5,3255.800048828125,3233.699951171875,3241.199951171875,13565
2025-05-16 00:00:00+00:00,3241.0,3247.89990234375,3209.199951171875,3215.5,41052
2025-05-16 04:00:00+00:00,3214.60009765625,3234.10009765625,3207.39990234375,3210.5,34871
2025-05-16 08:00:00+00:00,3210.60009765625,3215.89990234375,3156.39990234375,3165.5,54528
2025-05-16 12:00:00+00:00,3165.699951171875,3192.300048828125,3157.199951171875,3186.699951171875,66292
2025-05-16 16:00:00+00:00,3186.60009765625,3197.89990234375,3183.39990234375,3194.300048828125,25634
2025-05-16 20:00:00+00:00,3194.300048828125,3208.699951171875,3194.0,3205.300048828125,5584
2025-05-18 20:00:00+00:00,3220.0,3247.89990234375,3212.199951171875,3238.39990234375,17753
2025-05-19 00:00:00+00:00,3238.60009765625,3252.89990234375,3210.300048828125,3214.89990234375,34173
2025-05-19 04:00:00+00:00,3214.699951171875,3237.39990234375,3209.10009765625,3235.300048828125,24255
2025-05-19 08:00:00+00:00,3235.199951171875,3251.800048828125,3232.300048828125,3246.699951171875,26664
2025-05-19 12:00:00+00:00,3246.60009765625,3247.699951171875,3219.699951171875,3234.60009765625,57282
2025-05-19 16:00:00+00:00,3234.699951171875,3238.199951171875,3227.800048828125,3235.39990234375,19379
2025-05-19 20:00:00+00:00,3235.5,3236.199951171875,3221.300048828125,3224.800048828125,5087
2025-05-20 00:00:00+00:00,3224.800048828125,3235.800048828125,3207.39990234375,3213.199951171875,32482
2025-05-20 04:00:00+00:00,3213.60009765625,3227.300048828125,3209.699951171875,3224.800048828125,25583
2025-05-20 08:00:00+00:00,3224.699951171875,3244.199951171875,3220.199951171875,3243.699951171875,30012
2025-05-20 12:00:00+00:00,3243.60009765625,3288.89990234375,3235.199951171875,3279.5,98375
2025-05-20 16:00:00+00:00,3279.39990234375,3298.10009765625,3278.199951171875,3296.800048828125,26459
2025-05-20 20:00:00+00:00,3296.699951171875,3307.89990234375,3291.5,3293.89990234375,8095
2025-05-21 00:00:00+00:00,3294.0,3316.800048828125,3287.0,3308.699951171875,43517
2025-05-21 04:00:00+00:00,3309.10009765625,3322.5,3300.39990234375,3311.800048828125,31427
2025-05-21 08:00:00+00:00,3311.89990234375,3320.5,3305.699951171875,3313.300048828125,25929
2025-05-21 12:00:00+00:00,3313.39990234375,3317.89990234375,3291.5,3313.800048828125,75611
2025-05-21 16:00:00+00:00,3313.89990234375,3327.199951171875,3304.699951171875,3320.89990234375,34038
2025-05-21 20:00:00+00:00,3320.800048828125,3325.89990234375,3315.199951171875,3321.699951171875,6315
2025-05-22 00:00:00+00:00,3321.699951171875,3346.800048828125,3320.89990234375,3336.60009765625,30349
2025-05-22 04:00:00+00:00,3336.10009765625,3340.60009765625,3323.39990234375,3328.300048828125,26427
2025-05-22 08:00:00+00:00,3328.300048828125,3330.199951171875,3282.199951171875,3314.300048828125,58450
2025-05-22 12:00:00+00:00,3314.39990234375,3316.0,3277.800048828125,3294.0,79070
2025-05-22 16:00:00+00:00,3294.199951171875,3304.10009765625,3287.699951171875,3290.39990234375,27864
2025-05-22 20:00:00+00:00,3290.5,3302.199951171875,3289.5,3300.0,5691
2025-05-23 00:00:00+00:00,3300.10009765625,3309.5,3285.5,3301.800048828125,26289
2025-05-23 04:00:00+00:00,3301.300048828125,3334.39990234375,3301.199951171875,3328.89990234375,33196
2025-05-23 08:00:00+00:00,3328.699951171875,3350.60009765625,3322.199951171875,3348.300048828125,37108
2025-05-23 12:00:00+00:00,3348.5,3365.699951171875,3336.199951171875,3361.60009765625,101442
2025-05-23 16:00:00+00:00,3361.800048828125,3366.5,3357.199951171875,3360.39990234375,33013
2025-05-23 20:00:00+00:00,3360.199951171875,3361.60009765625,3355.89990234375,3357.699951171875,3279
2025-05-25 20:00:00+00:00,3355.60009765625,3356.0,3339.39990234375,3341.5,9646
2025-05-26 00:00:00+00:00,3341.5,3355.300048828125,3329.300048828125,3345.800048828125,20570
2025-05-26 04:00:00+00:00,3346.0,3350.800048828125,3331.5,3336.60009765625,18560
2025-05-26 08:00:00+00:00,3336.699951171875,3338.800048828125,3322.89990234375,3332.89990234375,16985
2025-05-26 12:00:00+00:00,3332.89990234375,3341.800048828125,3326.10009765625,3337.89990234375,18689
2025-05-26 16:00:00+00:00,3337.89990234375,3343.800048828125,3337.5,3342.199951171875,5124
2025-05-26 20:00:00+00:00,3342.800048828125,3349.0,3342.39990234375,3345.699951171875,4574
2025-05-27 00:00:00+00:00,3345.89990234375,3349.699951171875,3330.60009765625,3341.0,18467
2025-05-27 04:00:00+00:00,3340.89990234375,3341.300048828125,3291.699951171875,3295.800048828125,49438
2025-05-27 08:00:00+00:00,3295.60009765625,3309.60009765625,3286.10009765625,3286.800048828125,43711
2025-05-27 12:00:00+00:00,3286.699951171875,3303.699951171875,3283.0,3291.800048828125,58429
2025-05-27 16:00:00+00:00,3291.800048828125,3306.89990234375,3291.300048828125,3302.89990234375,25416
2025-05-27 20:00:00+00:00,3303.10009765625,3310.10009765625,3295.10009765625,3308.300048828125,4468
2025-05-28 00:00:00+00:00,3308.5,3314.89990234375,3289.89990234375,3296.699951171875,12001
2025-05-28 04:00:00+00:00,3296.5,3321.0,3293.10009765625,3317.39990234375,17801
2025-05-28 08:00:00+00:00,3317.800048828125,3324.5,3306.300048828125,3310.60009765625,20983
2025-05-28 12:00:00+00:00,3310.300048828125,3315.5,3291.10009765625,3294.300048828125,45510
2025-05-28 16:00:00+00:00,3294.699951171875,3301.0,3286.10009765625,3294.60009765625,16497
2025-05-28 20:00:00+00:00,3294.5,3295.10009765625,3244.0,3255.39990234375,1970
2025-05-29 00:00:00+00:00,3255.300048828125,3276.60009765625,3242.39990234375,3271.39990234375,3221
2025-05-29 04:00:00+00:00,3271.699951171875,3311.699951171875,3263.300048828125,3310.699951171875,86543
2025-05-29 08:00:00+00:00,3310.800048828125,3330.60009765625,3273.800048828125,3324.199951171875,30092
2025-05-29 12:00:00+00:00,3324.60009765625,3347.199951171875,3299.0,3346.199951171875,65615
2025-05-29 16:00:00+00:00,3346.199951171875,3356.300048828125,3313.0,3340.60009765625,36012
2025-05-29 20:00:00+00:00,3340.5,3345.300048828125,3311.5,3339.0,3751
2025-05-30 00:00:00+00:00,3338.800048828125,3347.0,3288.800048828125,3318.199951171875,27000
2025-05-30 04:00:00+00:00,3317.699951171875,3328.39990234375,3287.0,3319.199951171875,23134
2025-05-30 08:00:00+00:00,3318.699951171875,3324.800048828125,3290.0,3318.199951171875,18570
2025-05-30 12:00:00+00:00,3318.39990234375,3332.89990234375,3270.89990234375,3312.60009765625,83645
2025-05-30 16:00:00+00:00,3312.800048828125,3320.199951171875,3284.10009765625,3318.699951171875,22955
2025-05-30 20:00:00+00:00,3318.60009765625,3319.699951171875,3289.39990234375,3313.10009765625,3005
2025-06-01 20:00:00+00:00,3323.0,3339.89990234375,3296.89990234375,3333.300048828125,9333
2025-06-02 00:00:00+00:00,3333.199951171875,3338.699951171875,3301.60009765625,3332.10009765625,16114
2025-06-02 04:00:00+00:00,3332.60009765625,3384.0,3312.199951171875,3377.199951171875,36711
2025-06-02 08:00:00+00:00,3377.199951171875,3385.60009765625,3345.5,3381.199951171875,30188
2025-06-02 12:00:00+00:00,3380.89990234375,3404.199951171875,3349.60009765625,3399.10009765625,54203
2025-06-02 16:00:00+00:00,3399.300048828125,3407.300048828125,3369.89990234375,3406.300048828125,25431
2025-06-02 20:00:00+00:00,3406.300048828125,3417.800048828125,3379.10009765625,3412.800048828125,6799
2025-06-03 00:00:00+00:00,3412.5,3414.199951171875,3361.5,3387.10009765625,31692
2025-06-03 04:00:00+00:00,3385.699951171875,3392.800048828125,3350.0,3384.60009765625,26281
2025-06-03 08:00:00+00:00,3384.699951171875,3389.800048828125,3352.699951171875,3383.300048828125,15487
2025-06-03 12:00:00+00:00,3383.5,3387.199951171875,3331.300048828125,3374.0,63639
2025-06-03 16:00:00+00:00,3374.0,3379.800048828125,3342.199951171875,3376.39990234375,16584
2025-06-03 20:00:00+00:00,3376.39990234375,3386.10009765625,3350.0,3384.5,4236
2025-06-04 00:00:00+00:00,3384.39990234375,3397.10009765625,3351.60009765625,3383.699951171875,25229
2025-06-04 04:00:00+00:00,3383.5,3387.10009765625,3351.60009765625,3378.0,20632
2025-06-04 08:00:00+00:00,3378.0,3389.0,3344.0,3370.5,25453
2025-06-04 12:00:00+00:00,3370.5,3409.699951171875,3350.800048828125,3396.300048828125,69257
2025-06-04 16:00:00+00:00,3396.5,3406.800048828125,3371.5,3397.300048828125,17574
2025-06-04 20:00:00+00:00,3397.199951171875,3402.699951171875,3371.5,3401.60009765625,4431
2025-06-05 00:00:00+00:00,3401.699951171875,3407.699951171875,3391.10009765625,3393.60009765625,19922
2025-06-05 04:00:00+00:00,3393.10009765625,3398.0,3366.199951171875,3394.800048828125,18603
2025-06-05 08:00:00+00:00,3394.800048828125,3427.699951171875,3375.10009765625,3416.60009765625,39845
2025-06-05 12:00:00+00:00,3416.800048828125,3425.0,3344.0,3368.10009765625,102965
2025-06-05 16:00:00+00:00,3367.699951171875,3384.699951171875,3343.699951171875,3380.5,32781
2025-06-05 20:00:00+00:00,3380.39990234375,3386.300048828125,3352.199951171875,3384.60009765625,4346
2025-06-06 00:00:00+00:00,3384.39990234375,3394.5,3377.89990234375,3392.39990234375,17085
2025-06-06 04:00:00+00:00,3392.300048828125,3398.300048828125,3359.0,3382.699951171875,21851
2025-06-06 08:00:00+00:00,3382.60009765625,3391.0,3357.5,3381.699951171875,17355
2025-06-06 12:00:00+00:00,3381.5,3385.199951171875,3315.699951171875,3354.60009765625,88725
2025-06-06 16:00:00+00:00,3354.5,3355.199951171875,3309.5,3334.39990234375,28571
2025-06-06 20:00:00+00:00,3334.300048828125,3334.800048828125,3306.0,3331.0,4284
2025-06-08 20:00:00+00:00,3333.39990234375,3341.0,3307.89990234375,3338.39990234375,6016
2025-06-09 00:00:00+00:00,3338.5,3339.0,3290.0,3330.300048828125,27316
2025-06-09 04:00:00+00:00,3330.699951171875,3349.800048828125,3307.39990234375,3345.199951171875,19305
2025-06-09 08:00:00+00:00,3345.300048828125,3346.699951171875,3309.800048828125,3338.39990234375,19391
2025-06-09 12:00:00+00:00,3338.60009765625,3353.5,3313.699951171875,3349.800048828125,44289
2025-06-09 16:00:00+00:00,3349.699951171875,3359.0,3324.39990234375,3348.199951171875,20786
2025-06-09 20:00:00+00:00,3348.39990234375,3350.699951171875,3341.60009765625,3346.60009765625,3295
2025-06-10 00:00:00+00:00,3346.60009765625,3346.60009765625,3302.0,3329.199951171875,24454
2025-06-10 04:00:00+00:00,3327.5,3352.89990234375,3307.10009765625,3349.89990234375,31295
2025-06-10 08:00:00+00:00,3350.60009765625,3363.60009765625,3325.89990234375,3354.39990234375,21360
2025-06-10 12:00:00+00:00,3354.60009765625,3370.39990234375,3324.0,3347.699951171875,51557
2025-06-10 16:00:00+00:00,3347.5,3355.60009765625,3319.10009765625,3349.89990234375,21469
2025-06-10 20:00:00+00:00,3350.10009765625,3350.300048828125,3335.39990234375,3348.5,7779
2025-06-11 00:00:00+00:00,3348.60009765625,3363.199951171875,3328.0,3361.0,18402
2025-06-11 04:00:00+00:00,3360.699951171875,3369.699951171875,3353.199951171875,3366.60009765625,21905
2025-06-11 08:00:00+00:00,3366.39990234375,3367.800048828125,3328.39990234375,3353.800048828125,23544
2025-06-11 12:00:00+00:00,3353.800048828125,3382.300048828125,3328.89990234375,3353.699951171875,80723
2025-06-11 16:00:00+00:00,3353.89990234375,3370.199951171875,3323.300048828125,3367.89990234375,42027
2025-06-11 20:00:00+00:00,3368.0,3394.0,3351.10009765625,3385.800048828125,11443
2025-06-12 00:00:00+00:00,3386.0,3398.39990234375,3366.0,3393.89990234375,25803
2025-06-12 04:00:00+00:00,3393.39990234375,3396.5,3358.5,3366.60009765625,31047
2025-06-12 08:00:00+00:00,3366.800048828125,3409.199951171875,3353.39990234375,3399.699951171875,45735
2025-06-12 12:00:00+00:00,3399.5,3419.800048828125,3378.89990234375,3406.5,77745
2025-06-12 16:00:00+00:00,3406.60009765625,3412.39990234375,3385.60009765625,3408.5,28130
2025-06-12 20:00:00+00:00,3408.39990234375,3417.0,3385.300048828125,3416.39990234375,6154
2025-06-13 00:00:00+00:00,3416.199951171875,3467.0,3407.300048828125,3448.199951171875,74859
2025-06-13 04:00:00+00:00,3447.800048828125,3452.699951171875,3415.0,3435.5,34738
2025-06-13 08:00:00+00:00,3435.199951171875,3448.39990234375,3432.0,3442.10009765625,32293
2025-06-13 12:00:00+00:00,3442.300048828125,3468.0,3424.10009765625,3446.300048828125,77706
2025-06-13 16:00:00+00:00,3446.39990234375,3459.60009765625,3439.199951171875,3452.10009765625,33861
2025-06-13 20:00:00+00:00,3452.300048828125,3455.10009765625,3448.89990234375,3452.60009765625,4176
2025-06-15 20:00:00+00:00,3473.0,3476.300048828125,3444.0,3464.0,15688
2025-06-16 00:00:00+00:00,3464.300048828125,3471.5,3448.300048828125,3450.699951171875,25184
2025-06-16 04:00:00+00:00,3450.699951171875,3452.5,3429.0,3431.800048828125,28294
2025-06-16 08:00:00+00:00,3432.10009765625,3442.39990234375,3428.89990234375,3434.60009765625,21849
2025-06-16 12:00:00+00:00,3434.800048828125,3438.10009765625,3400.89990234375,3423.800048828125,69785
2025-06-16 16:00:00+00:00,3424.0,3424.699951171875,3402.199951171875,3402.89990234375,25245
2025-06-16 20:00:00+00:00,3402.89990234375,3422.699951171875,3402.300048828125,3422.39990234375,7827
2025-06-17 00:00:00+00:00,3422.5,3422.699951171875,3391.300048828125,3405.39990234375,32854
2025-06-17 04:00:00+00:00,3406.300048828125,3415.10009765625,3399.199951171875,3406.199951171875,20366
2025-06-17 08:00:00+00:00,3406.300048828125,3419.0,3393.699951171875,3407.10009765625,30817
2025-06-17 12:00:00+00:00,3407.199951171875,3416.39990234375,3384.39990234375,3397.89990234375,79566
2025-06-17 16:00:00+00:00,3398.10009765625,3411.0,3395.300048828125,3404.39990234375,29773
2025-06-17 20:00:00+00:00,3404.10009765625,3414.60009765625,3402.0,3405.60009765625,3781
2025-06-18 00:00:00+00:00,3405.0,3409.800048828125,3388.800048828125,3409.60009765625,19613
2025-06-18 04:00:00+00:00,3409.800048828125,3419.0,3395.0,3404.0,26530
2025-06-18 08:00:00+00:00,3403.89990234375,3406.60009765625,3393.5,3400.39990234375,23145
2025-06-18 12:00:00+00:00,3400.199951171875,3415.800048828125,3391.699951171875,3411.0,55408
2025-06-18 16:00:00+00:00,3411.199951171875,3414.199951171875,3380.5,3384.60009765625,43210
2025-06-18 20:00:00+00:00,3384.39990234375,3396.699951171875,3380.10009765625,3391.89990234375,6158
2025-06-19 00:00:00+00:00,3391.699951171875,3405.199951171875,3386.800048828125,3391.0,16092
2025-06-19 04:00:00+00:00,3390.60009765625,3392.699951171875,3363.60009765625,3382.89990234375,42347
2025-06-19 08:00:00+00:00,3383.0,3396.89990234375,3379.300048828125,3388.89990234375,21798
2025-06-19 12:00:00+00:00,3389.0,3389.800048828125,3376.699951171875,3385.89990234375,34135
2025-06-19 16:00:00+00:00,3385.699951171875,3392.199951171875,3382.5,3387.39990234375,10778
2025-06-19 20:00:00+00:00,3386.39990234375,3387.199951171875,3378.300048828125,3385.199951171875,5687
2025-06-20 00:00:00+00:00,3385.0,3386.800048828125,3361.10009765625,3371.800048828125,22567
2025-06-20 04:00:00+00:00,3371.699951171875,3373.699951171875,3356.199951171875,3363.39990234375,24634
2025-06-20 08:00:00+00:00,3363.5,3375.60009765625,3361.5,3362.800048828125,18798
2025-06-20 12:00:00+00:00,3363.0,3390.800048828125,3357.300048828125,3385.699951171875,56071
2025-06-20 16:00:00+00:00,3385.89990234375,3389.699951171875,3380.199951171875,3381.39990234375,16014
2025-06-20 20:00:00+00:00,3381.199951171875,3385.0,3380.5,3384.39990234375,3221
2025-06-22 20:00:00+00:00,3400.699951171875,3413.800048828125,3386.800048828125,3388.39990234375,14887
2025-06-23 00:00:00+00:00,3388.5,3389.300048828125,3367.5,3378.39990234375,24785
2025-06-23 04:00:00+00:00,3378.699951171875,3380.300048828125,3361.39990234375,3372.800048828125,18213
2025-06-23 08:00:00+00:00,3372.89990234375,3397.89990234375,3372.89990234375,3396.10009765625,22171
2025-06-23 12:00:00+00:00,3396.300048828125,3405.89990234375,3371.10009765625,3403.300048828125,66952
2025-06-23 16:00:00+00:00,3403.39990234375,3410.10009765625,3390.800048828125,3391.300048828125,38837
2025-06-23 20:00:00+00:00,3391.39990234375,3392.60009765625,3355.5,3358.699951171875,12372
2025-06-24 00:00:00+00:00,3358.89990234375,3372.89990234375,3347.0,3366.39990234375,26070
2025-06-24 04:00:00+00:00,3366.800048828125,3367.89990234375,3330.699951171875,3343.800048828125,48161
2025-06-24 08:00:00+00:00,3343.89990234375,3346.800048828125,3331.699951171875,3335.199951171875,27913
2025-06-24 12:00:00+00:00,3335.0,3335.0,3308.300048828125,3326.89990234375,80665
2025-06-24 16:00:00+00:00,3327.10009765625,3339.199951171875,3325.10009765625,3337.800048828125,21048
2025-06-24 20:00:00+00:00,3337.699951171875,3339.60009765625,3334.60009765625,3338.0,3132
2025-06-25 00:00:00+00:00,3338.0,3349.5,3337.39990234375,3342.300048828125,15382
2025-06-25 04:00:00+00:00,3342.199951171875,3351.300048828125,3339.300048828125,3344.5,16359
2025-06-25 08:00:00+00:00,3344.60009765625,3346.39990234375,3335.0,3336.699951171875,24473
2025-06-25 12:00:00+00:00,3336.60009765625,3343.300048828125,3325.5,3339.199951171875,38217
2025-06-25 16:00:00+00:00,3339.39990234375,3350.300048828125,3337.699951171875,3348.199951171875,27495
2025-06-25 20:00:00+00:00,3348.199951171875,3354.199951171875,3344.300048828125,3352.800048828125,6334
2025-06-26 00:00:00+00:00,3352.89990234375,3357.0,3342.60009765625,3352.10009765625,15915
2025-06-26 04:00:00+00:00,3351.60009765625,3360.39990234375,3344.800048828125,3359.39990234375,17494
2025-06-26 08:00:00+00:00,3359.39990234375,3363.89990234375,3344.89990234375,3346.39990234375,21848
2025-06-26 12:00:00+00:00,3346.5,3357.800048828125,3322.5,3337.60009765625,69077
2025-06-26 16:00:00+00:00,3337.699951171875,3349.800048828125,3336.60009765625,3345.0,21568
2025-06-26 20:00:00+00:00,3345.10009765625,3346.0,3329.199951171875,3331.800048828125,4252
2025-06-27 00:00:00+00:00,3331.699951171875,3335.10009765625,3305.300048828125,3306.800048828125,26435
2025-06-27 04:00:00+00:00,3307.10009765625,3313.10009765625,3295.0,3296.199951171875,36898
2025-06-27 08:00:00+00:00,3296.199951171875,3303.300048828125,3287.60009765625,3292.89990234375,30922
2025-06-27 12:00:00+00:00,3292.699951171875,3293.699951171875,3266.5,3286.300048828125,86370
2025-06-27 16:00:00+00:00,3286.199951171875,3295.0,3280.0,3282.699951171875,24447
2025-06-27 20:00:00+00:00,3283.0,3288.0,3282.300048828125,3286.10009765625,2377
2025-06-29 20:00:00+00:00,3284.300048828125,3293.89990234375,3250.5,3274.5,15706
2025-06-30 00:00:00+00:00,3274.39990234375,3294.800048828125,3269.800048828125,3289.199951171875,19501
2025-06-30 04:00:00+00:00,3290.0,3307.800048828125,3287.89990234375,3304.0,17613
2025-06-30 08:00:00+00:00,3304.0,3307.89990234375,3285.60009765625,3289.199951171875,22732
2025-06-30 12:00:00+00:00,3289.300048828125,3303.0,3289.300048828125,3301.699951171875,34845
2025-06-30 16:00:00+00:00,3301.60009765625,3321.60009765625,3301.199951171875,3320.5,28171
2025-06-30 20:00:00+00:00,3320.39990234375,3326.0,3313.699951171875,3324.39990234375,5125
2025-07-01 00:00:00+00:00,3324.300048828125,3334.699951171875,3321.699951171875,3332.10009765625,17397
2025-07-01 04:00:00+00:00,3332.800048828125,3351.60009765625,3330.60009765625,3351.199951171875,27247
2025-07-01 08:00:00+00:00,3351.0,3365.39990234375,3348.699951171875,3361.0,27786
2025-07-01 12:00:00+00:00,3361.199951171875,3370.5,3348.699951171875,3352.10009765625,63179
2025-07-01 16:00:00+00:00,3352.199951171875,3355.800048828125,3348.699951171875,3349.60009765625,20328
2025-07-01 20:00:00+00:00,3349.39990234375,3353.800048828125,3346.300048828125,3348.60009765625,4586
2025-07-02 00:00:00+00:00,3348.699951171875,3354.800048828125,3338.39990234375,3349.699951171875,18218
2025-07-02 04:00:00+00:00,3349.699951171875,3354.300048828125,3337.199951171875,3344.800048828125,17127
2025-07-02 08:00:00+00:00,3344.89990234375,3358.60009765625,3343.0,3352.60009765625,17515
2025-07-02 12:00:00+00:00,3352.5,3361.89990234375,3344.199951171875,3351.5,43468
2025-07-02 16:00:00+00:00,3351.39990234375,3370.39990234375,3351.39990234375,3368.5,24717
2025-07-02 20:00:00+00:00,3368.5,3376.89990234375,3359.800048828125,3360.300048828125,8237
2025-07-03 00:00:00+00:00,3360.39990234375,3362.5,3352.39990234375,3358.800048828125,13693
2025-07-03 12:00:00+00:00,3335.0,3348.5,3332.39990234375,3338.10009765625,41322
2025-07-03 16:00:00+00:00,3338.300048828125,3345.0,3335.800048828125,3344.10009765625,5565
2025-07-04 04:00:00+00:00,3349.300048828125,3355.0,3345.800048828125,3352.699951171875,27741
2025-07-04 08:00:00+00:00,3352.60009765625,3354.10009765625,3341.60009765625,3344.60009765625,12786
2025-07-04 12:00:00+00:00,3344.5,3348.199951171875,3340.60009765625,3342.699951171875,17736
2025-07-04 16:00:00+00:00,3342.699951171875,3347.0,3342.60009765625,3346.5,1654
2025-07-06 20:00:00+00:00,3344.5,3352.89990234375,3335.199951171875,3337.800048828125,6163
2025-07-07 00:00:00+00:00,3338.0,3338.60009765625,3314.60009765625,3320.199951171875,25235
2025-07-07 04:00:00+00:00,3320.39990234375,3324.300048828125,3309.60009765625,3311.199951171875,18794
2025-07-07 08:00:00+00:00,3311.10009765625,3322.199951171875,3304.39990234375,3310.89990234375,34492
2025-07-07 12:00:00+00:00,3311.10009765625,3331.60009765625,3309.199951171875,3330.60009765625,54131
2025-07-07 16:00:00+00:00,3330.699951171875,3350.300048828125,3329.800048828125,3347.10009765625,30028
2025-07-07 20:00:00+00:00,3346.89990234375,3355.60009765625,3343.5,3344.39990234375,4108
2025-07-08 00:00:00+00:00,3344.199951171875,3348.10009765625,3339.60009765625,3341.60009765625,14190
2025-07-08 04:00:00+00:00,3341.39990234375,3349.10009765625,3337.10009765625,3343.89990234375,15603
2025-07-08 08:00:00+00:00,3343.60009765625,3343.699951171875,3329.199951171875,3334.39990234375,24352
2025-07-08 12:00:00+00:00,3334.300048828125,3339.199951171875,3295.39990234375,3307.0,88253
2025-07-08 16:00:00+00:00,3307.199951171875,3319.60009765625,3304.5,3312.199951171875,51715
2025-07-08 20:00:00+00:00,3312.300048828125,3313.0,3305.199951171875,3310.39990234375,5190
2025-07-09 00:00:00+00:00,3310.699951171875,3316.5,3293.300048828125,3301.39990234375,21132
2025-07-09 04:00:00+00:00,3301.60009765625,3306.199951171875,3293.5,3300.0,18221
2025-07-09 08:00:00+00:00,3300.10009765625,3304.300048828125,3290.199951171875,3292.800048828125,20982
2025-07-09 12:00:00+00:00,3292.89990234375,3321.699951171875,3292.89990234375,3318.39990234375,54746
2025-07-09 16:00:00+00:00,3318.300048828125,3325.60009765625,3316.300048828125,3324.300048828125,33798
2025-07-09 20:00:00+00:00,3324.5,3328.800048828125,3320.39990234375,3325.39990234375,3819
2025-07-10 00:00:00+00:00,3325.199951171875,3334.699951171875,3323.800048828125,3324.39990234375,18183
2025-07-10 04:00:00+00:00,3324.300048828125,3338.0,3323.5,3329.39990234375,18342
2025-07-10 08:00:00+00:00,3329.60009765625,3339.39990234375,3326.89990234375,3329.199951171875,22648
2025-07-10 12:00:00+00:00,3329.10009765625,3339.0,3319.199951171875,3329.10009765625,51529
2025-07-10 16:00:00+00:00,3329.199951171875,3335.0,3320.699951171875,3334.0,32017
2025-07-10 20:00:00+00:00,3334.199951171875,3336.5,3332.300048828125,3333.699951171875,3372
2025-07-11 00:00:00+00:00,3333.60009765625,3347.199951171875,3333.5,3344.800048828125,22913
2025-07-11 04:00:00+00:00,3344.60009765625,3355.199951171875,3340.5,3352.10009765625,27051
2025-07-11 08:00:00+00:00,3352.300048828125,3362.0,3342.10009765625,3358.699951171875,32646
2025-07-11 12:00:00+00:00,3358.89990234375,3381.60009765625,3355.60009765625,3374.5,75165
2025-07-11 16:00:00+00:00,3374.39990234375,3375.39990234375,3363.10009765625,3371.60009765625,41790
2025-07-11 20:00:00+00:00,3371.699951171875,3373.39990234375,3364.0,3364.0,2662
2025-07-14 04:00:00+00:00,3371.199951171875,3386.199951171875,3367.0,3382.699951171875,18326
2025-07-14 08:00:00+00:00,3382.699951171875,3386.39990234375,3374.10009765625,3374.39990234375,21028
2025-07-14 12:00:00+00:00,3374.199951171875,3376.699951171875,3348.5,3352.699951171875,67982
2025-07-14 16:00:00+00:00,3352.699951171875,3360.10009765625,3350.60009765625,3353.199951171875,36162
2025-07-14 20:00:00+00:00,3353.39990234375,3355.199951171875,3349.60009765625,3354.199951171875,2987
2025-07-15 00:00:00+00:00,3354.10009765625,3367.39990234375,3353.60009765625,3366.800048828125,14930
2025-07-15 04:00:00+00:00,3367.10009765625,3374.699951171875,3366.300048828125,3372.89990234375,19831
2025-07-15 08:00:00+00:00,3372.800048828125,3375.39990234375,3362.800048828125,3363.60009765625,23217
2025-07-15 12:00:00+00:00,3363.5,3369.800048828125,3332.5,3336.5,80892
2025-07-15 16:00:00+00:00,3336.300048828125,3338.5,3327.300048828125,3337.10009765625,33839
2025-07-15 20:00:00+00:00,3337.0,3338.800048828125,3329.39990234375,3337.699951171875,4091
2025-07-16 00:00:00+00:00,3337.699951171875,3341.89990234375,3331.5,3341.300048828125,16529
2025-07-16 04:00:00+00:00,3340.89990234375,3348.800048828125,3339.199951171875,3344.60009765625,15856
2025-07-16 08:00:00+00:00,3344.60009765625,3349.800048828125,3340.89990234375,3346.39990234375,19113
2025-07-16 12:00:00+00:00,3346.39990234375,3385.800048828125,3326.10009765625,3350.39990234375,142451
2025-07-16 16:00:00+00:00,3350.5,3364.60009765625,3346.0,3354.300048828125,33735
2025-07-16 20:00:00+00:00,3354.5,3358.199951171875,3350.60009765625,3352.0,2990
2025-07-17 00:00:00+00:00,3351.699951171875,3352.800048828125,3342.5,3347.699951171875,14698
2025-07-17 04:00:00+00:00,3347.5,3351.0,3330.300048828125,3331.39990234375,24398
2025-07-17 08:00:00+00:00,3331.39990234375,3337.800048828125,3327.5,3329.5,22224
2025-07-17 12:00:00+00:00,3329.5,3343.89990234375,3314.300048828125,3342.300048828125,73736
2025-07-17 16:00:00+00:00,3342.39990234375,3346.5,3340.60009765625,3345.199951171875,19493
2025-07-17 20:00:00+00:00,3345.5,3350.199951171875,3343.0,3345.60009765625,2561
2025-07-18 00:00:00+00:00,3345.699951171875,3350.300048828125,3340.10009765625,3341.10009765625,11423
2025-07-18 04:00:00+00:00,3340.60009765625,3356.199951171875,3337.199951171875,3355.89990234375,18047
2025-07-18 08:00:00+00:00,3356.0,3364.300048828125,3352.199951171875,3360.699951171875,21573
2025-07-18 12:00:00+00:00,3360.699951171875,3368.0,3357.5,3360.39990234375,37507
2025-07-18 16:00:00+00:00,3360.39990234375,3363.89990234375,3353.300048828125,3354.0,17741
2025-07-18 20:00:00+00:00,3353.89990234375,3358.300048828125,3353.39990234375,3358.300048828125,2057
2025-07-20 20:00:00+00:00,3355.60009765625,3356.800048828125,3351.0,3355.199951171875,4275
2025-07-21 00:00:00+00:00,3355.300048828125,3365.199951171875,3353.800048828125,3357.60009765625,12786
2025-07-21 04:00:00+00:00,3357.5,3378.300048828125,3356.89990234375,3372.10009765625,26571
2025-07-21 08:00:00+00:00,3372.10009765625,3383.39990234375,3370.300048828125,3383.10009765625,20788
2025-07-21 12:00:00+00:00,3382.89990234375,3416.89990234375,3382.199951171875,3411.10009765625,94137
2025-07-21 16:00:00+00:00,3411.199951171875,3413.10009765625,3405.300048828125,3409.800048828125,24547
2025-07-21 20:00:00+00:00,3409.89990234375,3416.300048828125,3408.39990234375,3410.89990234375,5847
2025-07-22 00:00:00+00:00,3411.10009765625,3411.199951171875,3399.60009765625,3405.60009765625,20195
2025-07-22 04:00:00+00:00,3405.60009765625,3405.60009765625,3395.39990234375,3399.300048828125,17913
2025-07-22 08:00:00+00:00,3399.300048828125,3402.699951171875,3394.89990234375,3401.10009765625,24749
2025-07-22 12:00:00+00:00,3401.10009765625,3446.5,3400.699951171875,3440.60009765625,114409
2025-07-22 16:00:00+00:00,3440.800048828125,3447.5,3440.0,3443.89990234375,30988
2025-07-22 20:00:00+00:00,3443.89990234375,3446.89990234375,3438.300048828125,3439.39990234375,8110
2025-07-23 00:00:00+00:00,3439.300048828125,3451.699951171875,3433.300048828125,3437.5,26543
2025-07-23 04:00:00+00:00,3436.800048828125,3443.10009765625,3429.800048828125,3434.300048828125,23783
2025-07-23 08:00:00+00:00,3434.39990234375,3445.800048828125,3432.39990234375,3440.5,36666
2025-07-23 12:00:00+00:00,3440.5,3442.0,3406.300048828125,3406.300048828125,91586
2025-07-23 16:00:00+00:00,3406.5,3406.5,3390.60009765625,3400.39990234375,68575
2025-07-23 20:00:00+00:00,3400.5,3401.10009765625,3394.89990234375,3397.10009765625,4825
2025-07-24 00:00:00+00:00,3397.199951171875,3400.300048828125,3379.10009765625,3388.800048828125,25597
2025-07-24 04:00:00+00:00,3388.5,3390.0,3370.699951171875,3372.60009765625,23205
2025-07-24 08:00:00+00:00,3372.60009765625,3379.39990234375,3365.39990234375,3366.39990234375,31781
2025-07-24 12:00:00+00:00,3366.300048828125,3381.199951171875,3355.199951171875,3375.60009765625,88360
2025-07-24 16:00:00+00:00,3375.60009765625,3376.89990234375,3369.0,3374.300048828125,29926
2025-07-24 20:00:00+00:00,3374.39990234375,3374.699951171875,3367.60009765625,3371.800048828125,4875
2025-07-25 00:00:00+00:00,3371.699951171875,3376.60009765625,3361.39990234375,3361.5,15265
2025-07-25 04:00:00+00:00,3360.89990234375,3365.60009765625,3354.60009765625,3355.89990234375,21500
2025-07-25 08:00:00+00:00,3356.10009765625,3357.699951171875,3339.800048828125,3342.10009765625,31122
2025-07-25 12:00:00+00:00,3342.10009765625,3348.699951171875,3325.5,3328.199951171875,91256
2025-07-25 16:00:00+00:00,3328.10009765625,3341.199951171875,3326.5,3339.199951171875,26634
2025-07-25 20:00:00+00:00,3339.10009765625,3340.0,3337.300048828125,3338.5,2786
2025-07-28 00:00:00+00:00,3334.39990234375,3343.0,3327.39990234375,3342.300048828125,14342
2025-07-28 04:00:00+00:00,3343.0,3345.39990234375,3333.39990234375,3334.60009765625,16361
2025-07-28 08:00:00+00:00,3334.60009765625,3340.800048828125,3331.199951171875,3336.10009765625,26641
2025-07-28 12:00:00+00:00,3336.300048828125,3338.10009765625,3300.0,3314.10009765625,77405
2025-07-28 16:00:00+00:00,3314.0,3317.39990234375,3307.89990234375,3316.5,26468
2025-07-28 20:00:00+00:00,3316.300048828125,3317.89990234375,3308.300048828125,3310.5,5389
2025-07-29 00:00:00+00:00,3310.300048828125,3318.800048828125,3305.800048828125,3311.10009765625,7657
2025-07-29 04:00:00+00:00,3311.199951171875,3320.300048828125,3307.39990234375,3315.60009765625,11040
2025-07-29 08:00:00+00:00,3315.800048828125,3328.0,3312.800048828125,3313.39990234375,19447
2025-07-29 12:00:00+00:00,3313.5,3332.300048828125,3309.89990234375,3318.39990234375,49290
2025-07-29 16:00:00+00:00,3318.5,3328.60009765625,3316.300048828125,3323.699951171875,15784
2025-07-29 20:00:00+00:00,3323.39990234375,3327.10009765625,3323.199951171875,3326.300048828125,1642
2025-07-30 00:00:00+00:00,3326.10009765625,3330.800048828125,3320.0,3326.39990234375,1806
2025-07-30 04:00:00+00:00,3325.199951171875,3386.39990234375,3320.10009765625,3383.0,26256
2025-07-30 08:00:00+00:00,3383.199951171875,3389.300048828125,3321.39990234375,3385.39990234375,25293
2025-07-30 12:00:00+00:00,3385.5,3386.300048828125,3286.300048828125,3344.39990234375,79477
2025-07-30 16:00:00+00:00,3287.199951171875,3358.5,3263.89990234375,3322.10009765625,62600
2025-07-30 20:00:00+00:00,3322.0,3336.39990234375,3266.89990234375,3335.800048828125,6713
2025-07-31 00:00:00+00:00,3335.800048828125,3348.39990234375,3279.10009765625,3344.199951171875,16858
2025-07-31 04:00:00+00:00,3344.39990234375,3360.89990234375,3288.89990234375,3356.10009765625,21452
2025-07-31 08:00:00+00:00,3356.199951171875,3366.699951171875,3293.199951171875,3358.89990234375,30343
2025-07-31 12:00:00+00:00,3358.699951171875,3364.10009765625,3289.0,3348.10009765625,56593
2025-07-31 16:00:00+00:00,3348.0,3351.39990234375,3287.5,3344.199951171875,22887
2025-07-31 20:00:00+00:00,3344.199951171875,3346.89990234375,3286.10009765625,3340.10009765625,4094
2025-08-01 00:00:00+00:00,3340.0,3347.699951171875,3281.0,3341.199951171875,17070
2025-08-01 04:00:00+00:00,3341.89990234375,3352.0,3283.10009765625,3337.699951171875,17089
2025-08-01 08:00:00+00:00,3337.60009765625,3355.300048828125,3283.0,3352.199951171875,19572
2025-08-01 12:00:00+00:00,3352.39990234375,3408.60009765625,3295.199951171875,3401.300048828125,123034
2025-08-01 16:00:00+00:00,3401.199951171875,3414.5,3341.5,3410.10009765625,37344
2025-08-01 20:00:00+00:00,3410.10009765625,3416.89990234375,3356.199951171875,3416.0,4229
2025-08-03 20:00:00+00:00,3399.800048828125,3417.800048828125,3359.10009765625,3414.800048828125,4644
2025-08-04 00:00:00+00:00,3415.10009765625,3415.300048828125,3347.39990234375,3412.5,16543
2025-08-04 04:00:00+00:00,3412.10009765625,3415.300048828125,3355.39990234375,3408.60009765625,16348
2025-08-04 08:00:00+00:00,3408.699951171875,3424.300048828125,3359.10009765625,3424.0,18177
2025-08-04 12:00:00+00:00,3424.0,3439.5,3370.199951171875,3428.39990234375,54680
2025-08-04 16:00:00+00:00,3428.5,3432.39990234375,3373.5,3430.5,18479
2025-08-04 20:00:00+00:00,3430.300048828125,3433.60009765625,3378.5,3431.5,2965
2025-08-05 00:00:00+00:00,3431.5,3435.89990234375,3380.5,3427.60009765625,11966
2025-08-05 04:00:00+00:00,3426.699951171875,3429.10009765625,3368.0,3428.300048828125,20201
2025-08-05 08:00:00+00:00,3428.300048828125,3429.199951171875,3351.199951171875,3405.199951171875,25222
2025-08-05 12:00:00+00:00,3405.0,3444.699951171875,3375.699951171875,3444.0,64059
2025-08-05 16:00:00+00:00,3444.10009765625,3444.89990234375,3382.699951171875,3433.5,24497
2025-08-05 20:00:00+00:00,3433.5,3438.60009765625,3432.39990234375,3438.10009765625,3321
2025-08-06 00:00:00+00:00,3437.89990234375,3440.5,3428.39990234375,3429.699951171875,15406
2025-08-06 04:00:00+00:00,3429.89990234375,3433.699951171875,3423.10009765625,3428.39990234375,15757
2025-08-06 08:00:00+00:00,3428.199951171875,3429.300048828125,3411.699951171875,3420.0,24726
2025-08-06 12:00:00+00:00,3419.699951171875,3438.10009765625,3414.300048828125,3436.199951171875,55561
2025-08-06 16:00:00+00:00,3436.5,3438.10009765625,3430.89990234375,3434.0,26985
2025-08-06 20:00:00+00:00,3433.89990234375,3436.800048828125,3429.699951171875,3436.199951171875,5489
2025-08-07 00:00:00+00:00,3436.300048828125,3447.0,3432.60009765625,3443.800048828125,24568
2025-08-07 04:00:00+00:00,3444.0,3470.300048828125,3438.5,3469.10009765625,41813
2025-08-07 08:00:00+00:00,3469.199951171875,3469.60009765625,3443.199951171875,3451.60009765625,48754
2025-08-07 12:00:00+00:00,3451.699951171875,3465.0,3436.0,3453.89990234375,76823
2025-08-07 16:00:00+00:00,3453.89990234375,3468.0,3450.800048828125,3466.800048828125,33605
2025-08-07 20:00:00+00:00,3466.89990234375,3534.10009765625,3465.5,3496.39990234375,17936
2025-08-08 00:00:00+00:00,3496.39990234375,3514.89990234375,3480.39990234375,3489.10009765625,46058
2025-08-08 04:00:00+00:00,3488.199951171875,3507.10009765625,3486.699951171875,3492.699951171875,36107
2025-08-08 08:00:00+00:00,3493.10009765625,3496.800048828125,3468.60009765625,3475.699951171875,32606
2025-08-08 12:00:00+00:00,3475.5,3506.5,3473.5,3492.300048828125,86407
2025-08-08 16:00:00+00:00,3492.39990234375,3493.300048828125,3445.0,3456.60009765625,77557
2025-08-08 20:00:00+00:00,3456.800048828125,3491.300048828125,3452.10009765625,3491.300048828125,6265
2025-08-10 20:00:00+00:00,3458.10009765625,3491.300048828125,3454.60009765625,3455.39990234375,7013
2025-08-11 00:00:00+00:00,3455.60009765625,3455.60009765625,3431.0,3440.60009765625,26142
2025-08-11 04:00:00+00:00,3440.199951171875,3442.699951171875,3411.800048828125,3415.10009765625,32137
2025-08-11 08:00:00+00:00,3415.10009765625,3421.10009765625,3404.300048828125,3410.199951171875,37579
2025-08-11 12:00:00+00:00,3410.0,3418.699951171875,3397.300048828125,3409.800048828125,65786
2025-08-11 16:00:00+00:00,3409.89990234375,3411.0,3399.300048828125,3402.0,43465
2025-08-11 20:00:00+00:00,3402.0,3402.699951171875,3393.0,3399.0,6491
2025-08-12 00:00:00+00:00,3398.89990234375,3408.699951171875,3397.5,3399.800048828125,15565
2025-08-12 04:00:00+00:00,3400.699951171875,3406.300048828125,3390.60009765625,3404.60009765625,21854
2025-08-12 08:00:00+00:00,3404.699951171875,3404.699951171875,3384.39990234375,3396.0,26043
2025-08-12 12:00:00+00:00,3395.89990234375,3410.800048828125,3379.10009765625,3400.300048828125,94503
2025-08-12 16:00:00+00:00,3400.39990234375,3402.39990234375,3395.699951171875,3398.89990234375,25227
2025-08-12 20:00:00+00:00,3398.800048828125,3404.89990234375,3397.10009765625,3401.39990234375,3756
2025-08-13 00:00:00+00:00,3401.5,3405.0,3392.699951171875,3398.800048828125,15623
2025-08-13 04:00:00+00:00,3398.89990234375,3410.0,3394.800048828125,3403.60009765625,16422
2025-08-13 08:00:00+00:00,3403.5,3417.699951171875,3401.5,3413.5,26865
2025-08-13 12:00:00+00:00,3413.5,3422.60009765625,3403.89990234375,3408.60009765625,47768
2025-08-13 16:00:00+00:00,3408.699951171875,3411.60009765625,3400.199951171875,3408.0,21132
2025-08-13 20:00:00+00:00,3407.89990234375,3412.699951171875,3406.10009765625,3411.89990234375,3099
2025-08-14 00:00:00+00:00,3412.0,3423.800048828125,3403.699951171875,3408.300048828125,19498
2025-08-14 04:00:00+00:00,3409.60009765625,3415.0,3392.10009765625,3394.39990234375,21627
2025-08-14 08:00:00+00:00,3394.199951171875,3407.800048828125,3389.199951171875,3404.199951171875,26325
2025-08-14 12:00:00+00:00,3404.0,3407.39990234375,3381.800048828125,3388.89990234375,62732
2025-08-14 16:00:00+00:00,3389.10009765625,3389.10009765625,3375.5,3385.300048828125,28060
2025-08-14 20:00:00+00:00,3385.300048828125,3385.800048828125,3377.699951171875,3381.10009765625,2903
2025-08-15 00:00:00+00:00,3380.89990234375,3391.199951171875,3378.0,3389.699951171875,10942
2025-08-15 04:00:00+00:00,3389.699951171875,3394.800048828125,3385.89990234375,3392.5,16298
2025-08-15 08:00:00+00:00,3392.39990234375,3394.60009765625,3382.39990234375,3388.300048828125,20716
2025-08-15 12:00:00+00:00,3388.39990234375,3393.10009765625,3379.300048828125,3388.300048828125,44151
2025-08-15 16:00:00+00:00,3388.39990234375,3388.39990234375,3379.800048828125,3383.89990234375,18900
2025-08-15 20:00:00+00:00,3383.800048828125,3384.199951171875,3381.0,3382.60009765625,1933
2025-08-17 20:00:00+00:00,3382.39990234375,3384.5,3368.0,3371.800048828125,6885
2025-08-18 00:00:00+00:00,3372.0,3398.0,3371.5,3392.89990234375,17231
2025-08-18 04:00:00+00:00,3392.89990234375,3403.60009765625,3391.199951171875,3393.800048828125,19080
2025-08-18 08:00:00+00:00,3394.0,3397.0,3389.5,3391.199951171875,16535
2025-08-18 12:00:00+00:00,3391.199951171875,3394.89990234375,3377.10009765625,3380.60009765625,38732
2025-08-18 16:00:00+00:00,3380.699951171875,3380.800048828125,3375.300048828125,3378.300048828125,15607
2025-08-18 20:00:00+00:00,3378.199951171875,3379.89990234375,3375.60009765625,3376.10009765625,3652
2025-08-19 00:00:00+00:00,3376.10009765625,3384.89990234375,3370.60009765625,3381.10009765625,16496
2025-08-19 04:00:00+00:00,3381.199951171875,3386.199951171875,3378.199951171875,3384.800048828125,13992
2025-08-19 08:00:00+00:00,3384.800048828125,3389.699951171875,3380.60009765625,3384.39990234375,15408
2025-08-19 12:00:00+00:00,3384.300048828125,3385.199951171875,3364.39990234375,3366.5,54234
2025-08-19 16:00:00+00:00,3366.5,3368.39990234375,3358.10009765625,3359.800048828125,23558
2025-08-19 20:00:00+00:00,3359.699951171875,3360.699951171875,3355.39990234375,3356.800048828125,4872
2025-08-20 00:00:00+00:00,3356.5,3360.89990234375,3353.39990234375,3359.60009765625,16798
2025-08-20 04:00:00+00:00,3359.89990234375,3370.10009765625,3359.5,3367.800048828125,14204
2025-08-20 08:00:00+00:00,3367.699951171875,3376.5,3363.60009765625,3375.89990234375,24522
2025-08-20 12:00:00+00:00,3375.89990234375,3394.300048828125,3375.5,3384.5,53104
2025-08-20 16:00:00+00:00,3384.5,3393.0,3384.5,3391.5,16688
2025-08-20 20:00:00+00:00,3391.39990234375,3394.39990234375,3389.10009765625,3389.39990234375,3516
2025-08-21 00:00:00+00:00,3389.39990234375,3389.39990234375,3382.10009765625,3382.60009765625,11863
2025-08-21 04:00:00+00:00,3382.39990234375,3384.0,3376.5,3381.89990234375,12971
2025-08-21 08:00:00+00:00,3381.89990234375,3385.10009765625,3367.39990234375,3376.10009765625,22218
2025-08-21 12:00:00+00:00,3376.300048828125,3391.89990234375,3376.300048828125,3387.5,54485
2025-08-21 16:00:00+00:00,3387.60009765625,3388.0,3381.10009765625,3383.199951171875,13895
2025-08-21 20:00:00+00:00,3383.300048828125,3385.0,3381.800048828125,3382.60009765625,1647
2025-08-22 00:00:00+00:00,3382.5,3383.699951171875,3374.5,3375.10009765625,11162
2025-08-22 04:00:00+00:00,3374.89990234375,3377.800048828125,3367.199951171875,3369.5,18094
2025-08-22 08:00:00+00:00,3369.5,3373.800048828125,3367.199951171875,3370.800048828125,14022
2025-08-22 12:00:00+00:00,3370.800048828125,3423.39990234375,3362.800048828125,3412.39990234375,111347
2025-08-22 16:00:00+00:00,3412.5,3420.800048828125,3412.300048828125,3417.699951171875,20541
2025-08-22 20:00:00+00:00,3417.60009765625,3418.5,3415.60009765625,3418.5,2180
2025-08-24 20:00:00+00:00,3417.60009765625,3418.5,3411.699951171875,3414.89990234375,4284
2025-08-25 00:00:00+00:00,3414.800048828125,3415.5,3405.5,3412.60009765625,13437
2025-08-25 04:00:00+00:00,3412.39990234375,3414.300048828125,3407.10009765625,3411.0,10681
2025-08-25 08:00:00+00:00,3411.10009765625,3416.5,3406.300048828125,3415.699951171875,14373
2025-08-25 12:00:00+00:00,3415.699951171875,3421.5,3406.300048828125,3418.89990234375,35229
2025-08-25 16:00:00+00:00,3419.0,3419.39990234375,3410.10009765625,3410.60009765625,14328
2025-08-25 20:00:00+00:00,3410.699951171875,3411.39990234375,3396.5,3399.800048828125,7203
2025-08-26 00:00:00+00:00,3399.699951171875,3434.699951171875,3396.10009765625,3420.89990234375,39366
2025-08-26 04:00:00+00:00,3420.300048828125,3426.60009765625,3413.10009765625,3423.0,18502
2025-08-26 08:00:00+00:00,3423.0,3428.300048828125,3412.89990234375,3425.0,23567
2025-08-26 12:00:00+00:00,3425.0,3437.5,3416.89990234375,3435.10009765625,51321
2025-08-26 16:00:00+00:00,3435.199951171875,3439.10009765625,3428.5,3437.699951171875,26006
2025-08-26 20:00:00+00:00,3437.699951171875,3444.300048828125,3437.39990234375,3440.699951171875,4526
2025-08-27 00:00:00+00:00,3440.60009765625,3443.39990234375,3430.39990234375,3431.0,14479
2025-08-27 04:00:00+00:00,3430.89990234375,3431.699951171875,3423.0,3430.5,19859
2025-08-27 08:00:00+00:00,3430.300048828125,3433.800048828125,3422.199951171875,3425.60009765625,23646
2025-08-27 12:00:00+00:00,3425.60009765625,3440.699951171875,3422.89990234375,3438.10009765625,50644
2025-08-27 16:00:00+00:00,3438.199951171875,3450.89990234375,3437.60009765625,3449.39990234375,32013
2025-08-27 20:00:00+00:00,3449.300048828125,3453.10009765625,3448.199951171875,3451.0,4990
2025-08-28 00:00:00+00:00,3450.89990234375,3453.800048828125,3442.5,3445.10009765625,13958
2025-08-28 04:00:00+00:00,3444.699951171875,3453.0,3443.199951171875,3450.800048828125,14071
2025-08-28 08:00:00+00:00,3450.699951171875,3465.800048828125,3449.0,3462.0,24448
2025-08-28 12:00:00+00:00,3462.300048828125,3471.0,3452.10009765625,3465.800048828125,58923
2025-08-28 16:00:00+00:00,3465.800048828125,3478.699951171875,3465.60009765625,3477.60009765625,32835
2025-08-28 20:00:00+00:00,3477.699951171875,3478.0,3475.0,3475.300048828125,4692
2025-08-29 00:00:00+00:00,3475.5,3479.60009765625,3469.89990234375,3470.89990234375,13899
2025-08-29 04:00:00+00:00,3470.199951171875,3472.199951171875,3466.10009765625,3471.199951171875,13632
2025-08-29 08:00:00+00:00,3471.10009765625,3472.60009765625,3463.0,3469.800048828125,17783
2025-08-29 12:00:00+00:00,3469.800048828125,3515.300048828125,3464.10009765625,3512.5,85974
2025-08-29 16:00:00+00:00,3512.60009765625,3518.5,3508.39990234375,3516.10009765625,41853
2025-08-29 20:00:00+00:00,3516.0,3517.60009765625,3514.0,3516.10009765625,4393
2025-08-31 20:00:00+00:00,3517.89990234375,3518.0,3509.699951171875,3512.10009765625,5063
2025-09-01 00:00:00+00:00,3511.89990234375,3552.39990234375,3506.0,3543.60009765625,41793
2025-09-02 04:00:00+00:00,3564.89990234375,3568.0,3538.5,3541.60009765625,26158
2025-09-02 08:00:00+00:00,3541.60009765625,3559.0,3537.5,3558.699951171875,28378
2025-09-02 12:00:00+00:00,3558.60009765625,3586.300048828125,3538.60009765625,3586.10009765625,99879
2025-09-02 16:00:00+00:00,3586.10009765625,3600.800048828125,3582.60009765625,3597.89990234375,44228
2025-09-02 20:00:00+00:00,3597.800048828125,3602.39990234375,3593.39990234375,3595.5,7332
2025-09-03 00:00:00+00:00,3595.699951171875,3616.89990234375,3595.10009765625,3596.60009765625,28149
2025-09-03 04:00:00+00:00,3596.699951171875,3604.10009765625,3592.39990234375,3598.39990234375,20140
2025-09-03 08:00:00+00:00,3598.39990234375,3617.39990234375,3598.39990234375,3616.0,26081
2025-09-03 12:00:00+00:00,3615.89990234375,3631.5,3607.300048828125,3628.60009765625,80622
2025-09-03 16:00:00+00:00,3628.60009765625,3640.10009765625,3617.199951171875,3619.300048828125,49547
2025-09-03 20:00:00+00:00,3619.5,3624.60009765625,3609.5,3613.60009765625,19072
2025-09-04 00:00:00+00:00,3613.89990234375,3621.60009765625,3573.699951171875,3587.89990234375,46229
2025-09-04 04:00:00+00:00,3587.60009765625,3600.10009765625,3581.5,3599.5,21385
2025-09-04 08:00:00+00:00,3599.699951171875,3609.0,3594.0,3603.10009765625,26304
2025-09-04 12:00:00+00:00,3602.800048828125,3617.800048828125,3592.199951171875,3612.300048828125,78200
2025-09-04 16:00:00+00:00,3612.300048828125,3615.5,3600.0,3605.89990234375,29606
2025-09-04 20:00:00+00:00,3605.89990234375,3611.800048828125,3595.39990234375,3609.60009765625,6230
2025-09-05 00:00:00+00:00,3609.699951171875,3618.5,3605.0,3618.199951171875,17706
2025-09-05 04:00:00+00:00,3617.60009765625,3619.199951171875,3606.10009765625,3607.5,16645
2025-09-05 08:00:00+00:00,3607.699951171875,3611.800048828125,3601.60009765625,3609.300048828125,19675
2025-09-05 12:00:00+00:00,3609.39990234375,3654.199951171875,3604.300048828125,3647.39990234375,129259
2025-09-05 16:00:00+00:00,3647.39990234375,3655.5,3645.60009765625,3646.5,35539
2025-09-05 20:00:00+00:00,3646.39990234375,3653.300048828125,3639.0,3653.300048828125,5208
2025-09-07 20:00:00+00:00,3635.0,3653.300048828125,3623.0,3630.800048828125,18118
2025-09-08 00:00:00+00:00,3630.89990234375,3637.89990234375,3625.0,3626.800048828125,29648
2025-09-08 04:00:00+00:00,3626.60009765625,3654.300048828125,3621.699951171875,3650.5,28937
2025-09-08 08:00:00+00:00,3650.60009765625,3662.5,3647.699951171875,3658.89990234375,28756
2025-09-08 12:00:00+00:00,3658.89990234375,3685.699951171875,3653.5,3680.10009765625,78247
2025-09-08 16:00:00+00:00,3680.199951171875,3682.39990234375,3673.199951171875,3676.199951171875,32388
2025-09-08 20:00:00+00:00,3676.199951171875,3678.800048828125,3669.800048828125,3674.800048828125,4627
2025-09-09 00:00:00+00:00,3675.0,3694.89990234375,3673.300048828125,3685.199951171875,33567
2025-09-09 04:00:00+00:00,3685.89990234375,3698.89990234375,3676.800048828125,3683.800048828125,30976
2025-09-09 08:00:00+00:00,3683.800048828125,3695.800048828125,3681.199951171875,3686.699951171875,23591
2025-09-09 12:00:00+00:00,3686.800048828125,3715.199951171875,3665.300048828125,3684.300048828125,131584
2025-09-09 16:00:00+00:00,3684.10009765625,3688.5,3667.199951171875,3668.300048828125,29158
2025-09-09 20:00:00+00:00,3668.300048828125,3677.800048828125,3651.39990234375,3671.10009765625,7646
2025-09-10 00:00:00+00:00,3670.89990234375,3675.800048828125,3656.5,3674.800048828125,23950
2025-09-10 04:00:00+00:00,3674.5,3687.199951171875,3674.5,3682.60009765625,20627
2025-09-10 08:00:00+00:00,3682.699951171875,3696.60009765625,3680.699951171875,3688.800048828125,27022
2025-09-10 12:00:00+00:00,3688.699951171875,3697.5,3677.5,3683.699951171875,67888
2025-09-10 16:00:00+00:00,3683.699951171875,3689.60009765625,3674.60009765625,3681.699951171875,23513
2025-09-10 20:00:00+00:00,3681.800048828125,3684.10009765625,3676.60009765625,3683.199951171875,5063
2025-09-11 00:00:00+00:00,3683.300048828125,3687.5,3666.5,3669.699951171875,23014
2025-09-11 04:00:00+00:00,3669.800048828125,3675.5,3660.60009765625,3667.60009765625,28970
2025-09-11 08:00:00+00:00,3667.699951171875,3669.5,3651.800048828125,3654.89990234375,31580
2025-09-11 12:00:00+00:00,3654.89990234375,3682.0,3651.0,3672.0,91532
2025-09-11 16:00:00+00:00,3671.89990234375,3680.60009765625,3669.300048828125,3675.39990234375,25293
2025-09-11 20:00:00+00:00,3675.300048828125,3676.60009765625,3669.0,3669.199951171875,3371
2025-09-12 00:00:00+00:00,3669.199951171875,3692.39990234375,3667.300048828125,3691.800048828125,24109
2025-09-12 04:00:00+00:00,3692.0,3695.5,3685.699951171875,3686.300048828125,20460
2025-09-12 08:00:00+00:00,3686.300048828125,3690.39990234375,3675.300048828125,3684.60009765625,27524
2025-09-12 12:00:00+00:00,3684.699951171875,3692.699951171875,3675.5,3682.300048828125,50283
2025-09-12 16:00:00+00:00,3682.300048828125,3689.5,3680.5,3682.699951171875,18489
2025-09-12 20:00:00+00:00,3682.699951171875,3686.39990234375,3679.300048828125,3686.39990234375,3411
2025-09-14 20:00:00+00:00,3680.199951171875,3686.39990234375,3673.60009765625,3675.199951171875,4534
2025-09-15 00:00:00+00:00,3675.0,3683.800048828125,3662.800048828125,3683.199951171875,23797
2025-09-15 04:00:00+00:00,3683.699951171875,3684.300048828125,3671.5,3680.699951171875,16867
2025-09-15 08:00:00+00:00,3680.699951171875,3683.39990234375,3673.39990234375,3679.60009765625,23165
2025-09-15 12:00:00+00:00,3679.699951171875,3722.199951171875,3673.699951171875,3720.39990234375,75985
2025-09-15 16:00:00+00:00,3720.5,3724.89990234375,3713.60009765625,3720.199951171875,36893
2025-09-15 20:00:00+00:00,3720.199951171875,3721.699951171875,3715.5,3716.10009765625,5705
2025-09-16 00:00:00+00:00,3716.0,3728.39990234375,3711.800048828125,3718.10009765625,25067
2025-09-16 04:00:00+00:00,3718.5,3731.89990234375,3717.10009765625,3724.5,23155
2025-09-16 08:00:00+00:00,3724.5,3737.60009765625,3724.10009765625,3734.5,27510
2025-09-16 12:00:00+00:00,3734.60009765625,3739.89990234375,3715.199951171875,3723.0,78801
2025-09-16 16:00:00+00:00,3723.0,3728.39990234375,3721.300048828125,3726.60009765625,26023
2025-09-16 20:00:00+00:00,3726.800048828125,3732.800048828125,3726.39990234375,3731.699951171875,5696
2025-09-17 00:00:00+00:00,3731.89990234375,3732.800048828125,3710.699951171875,3718.199951171875,24507
2025-09-17 04:00:00+00:00,3718.5,3722.699951171875,3702.800048828125,3703.699951171875,22960
2025-09-17 08:00:00+00:00,3703.699951171875,3707.10009765625,3695.39990234375,3701.199951171875,33243
2025-09-17 12:00:00+00:00,3701.39990234375,3722.0,3701.0,3718.60009765625,46349
2025-09-17 16:00:00+00:00,3718.800048828125,3744.0,3679.5,3696.199951171875,116140
2025-09-17 20:00:00+00:00,3696.199951171875,3705.60009765625,3688.199951171875,3703.0,7296
2025-09-18 00:00:00+00:00,3703.5,3703.89990234375,3686.60009765625,3693.0,24895
2025-09-18 04:00:00+00:00,3693.0,3693.800048828125,3667.300048828125,3692.5,43214
2025-09-18 08:00:00+00:00,3692.39990234375,3707.300048828125,3687.699951171875,3700.699951171875,28933
2025-09-18 12:00:00+00:00,3700.89990234375,3706.39990234375,3660.5,3674.5,84593
2025-09-18 16:00:00+00:00,3674.60009765625,3680.699951171875,3673.60009765625,3679.699951171875,27475
2025-09-18 20:00:00+00:00,3679.699951171875,3680.39990234375,3670.39990234375,3672.800048828125,3946
2025-09-19 00:00:00+00:00,3673.0,3689.60009765625,3664.39990234375,3686.60009765625,28931
2025-09-19 04:00:00+00:00,3686.800048828125,3694.10009765625,3675.89990234375,3686.0,26183
2025-09-19 08:00:00+00:00,3685.699951171875,3691.89990234375,3677.5,3680.5,22016
2025-09-19 12:00:00+00:00,3680.5,3709.5,3676.199951171875,3704.199951171875,64456
2025-09-19 16:00:00+00:00,3704.10009765625,3718.800048828125,3699.800048828125,3717.89990234375,32877
2025-09-19 20:00:00+00:00,3717.800048828125,3719.60009765625,3715.10009765625,3719.39990234375,3584
2025-09-22 04:00:00+00:00,3728.60009765625,3753.39990234375,3725.5,3747.5,34042
2025-09-22 08:00:00+00:00,3747.39990234375,3763.10009765625,3746.60009765625,3758.800048828125,30697
2025-09-22 12:00:00+00:00,3758.89990234375,3770.300048828125,3746.0,3769.89990234375,66493
2025-09-22 16:00:00+00:00,3769.89990234375,3783.199951171875,3769.199951171875,3781.199951171875,44223
2025-09-22 20:00:00+00:00,3781.199951171875,3784.199951171875,3773.5,3782.199951171875,8437
2025-09-23 00:00:00+00:00,3782.199951171875,3795.10009765625,3772.39990234375,3780.60009765625,35623
2025-09-23 04:00:00+00:00,3780.89990234375,3793.0,3777.39990234375,3787.60009765625,27435
2025-09-23 08:00:00+00:00,3787.60009765625,3824.60009765625,3786.800048828125,3816.5,60962
2025-09-23 12:00:00+00:00,3816.60009765625,3821.60009765625,3799.0,3811.5,81462
2025-09-23 16:00:00+00:00,3811.699951171875,3819.0,3783.89990234375,3796.39990234375,69144
2025-09-23 20:00:00+00:00,3796.60009765625,3802.60009765625,3793.800048828125,3796.10009765625,6929
2025-09-24 00:00:00+00:00,3795.800048828125,3803.60009765625,3783.0,3799.10009765625,26493
2025-09-24 04:00:00+00:00,3798.39990234375,3812.60009765625,3795.39990234375,3810.89990234375,25401
2025-09-24 08:00:00+00:00,3810.89990234375,3811.300048828125,3792.39990234375,3802.300048828125,26324
2025-09-24 12:00:00+00:00,3802.199951171875,3806.39990234375,3772.60009765625,3774.10009765625,83697
2025-09-24 16:00:00+00:00,3774.199951171875,3778.39990234375,3749.699951171875,3762.5,61112
2025-09-24 20:00:00+00:00,3762.39990234375,3776.699951171875,3762.300048828125,3774.5,5963
2025-09-25 00:00:00+00:00,3774.300048828125,3782.199951171875,3760.5,3767.0,28367
2025-09-25 04:00:00+00:00,3767.199951171875,3785.60009765625,3762.199951171875,3782.5,28537
2025-09-25 08:00:00+00:00,3782.60009765625,3792.300048828125,3771.0,3784.0,43631
2025-09-25 12:00:00+00:00,3783.699951171875,3787.0,3751.89990234375,3766.89990234375,91444
2025-09-25 16:00:00+00:00,3766.89990234375,3789.5,3762.5,3777.5,53265
2025-09-25 20:00:00+00:00,3777.5,3783.89990234375,3768.5,3775.0,7524
2025-09-26 00:00:00+00:00,3775.0,3783.5,3764.0,3775.39990234375,19873
2025-09-26 04:00:00+00:00,3775.10009765625,3784.39990234375,3768.800048828125,3777.89990234375,20136
2025-09-26 08:00:00+00:00,3777.89990234375,3785.199951171875,3772.800048828125,3778.699951171875,22701
2025-09-26 12:00:00+00:00,3778.800048828125,3814.39990234375,3776.39990234375,3810.39990234375,87319
2025-09-26 16:00:00+00:00,3810.39990234375,3813.300048828125,3793.60009765625,3795.800048828125,43595
2025-09-26 20:00:00+00:00,3796.0,3798.800048828125,3789.0,3789.5,6250
2025-09-28 20:00:00+00:00,3796.800048828125,3801.60009765625,3794.89990234375,3795.89990234375,6154
2025-09-29 00:00:00+00:00,3795.800048828125,3828.5,3792.89990234375,3823.5,45612
2025-09-29 04:00:00+00:00,3824.0,3849.0,3822.10009765625,3836.10009765625,42943
2025-09-29 08:00:00+00:00,3836.199951171875,3860.60009765625,3836.199951171875,3858.199951171875,40687
2025-09-29 12:00:00+00:00,3858.10009765625,3862.199951171875,3838.60009765625,3859.300048828125,75674
2025-09-29 16:00:00+00:00,3859.199951171875,3862.199951171875,3850.89990234375,3857.10009765625,33872
2025-09-29 20:00:00+00:00,3857.0,3863.699951171875,3854.39990234375,3861.10009765625,6517
2025-09-30 00:00:00+00:00,3861.199951171875,3895.5,3859.5,3893.300048828125,39813
2025-09-30 04:00:00+00:00,3892.800048828125,3899.199951171875,3867.89990234375,3872.199951171875,43352
2025-09-30 08:00:00+00:00,3872.0,3875.60009765625,3820.60009765625,3842.60009765625,72465
2025-09-30 12:00:00+00:00,3842.39990234375,3882.300048828125,3836.5,3866.300048828125,98380
2025-09-30 16:00:00+00:00,3866.800048828125,3888.699951171875,3865.699951171875,3886.699951171875,37670
2025-09-30 20:00:00+00:00,3886.800048828125,3890.800048828125,3878.699951171875,3890.60009765625,8961
2025-10-01 00:00:00+00:00,3890.60009765625,3904.10009765625,3883.5,3889.699951171875,32679
2025-10-01 04:00:00+00:00,3889.5,3908.300048828125,3880.300048828125,3907.199951171875,34546
2025-10-01 08:00:00+00:00,3907.39990234375,3922.699951171875,3905.39990234375,3911.10009765625,48190
2025-10-01 12:00:00+00:00,3911.199951171875,3918.800048828125,3882.800048828125,3895.10009765625,116764
2025-10-01 16:00:00+00:00,3895.0,3898.5,3881.39990234375,3894.300048828125,39670
2025-10-01 20:00:00+00:00,3894.300048828125,3895.699951171875,3882.89990234375,3888.89990234375,8118
2025-10-02 00:00:00+00:00,3888.699951171875,3895.199951171875,3877.0,3891.5,19045
2025-10-02 04:00:00+00:00,3891.60009765625,3899.60009765625,3886.60009765625,3894.0,22991
2025-10-02 08:00:00+00:00,3893.60009765625,3911.699951171875,3889.699951171875,3911.199951171875,25873
2025-10-02 12:00:00+00:00,3911.300048828125,3923.300048828125,3842.800048828125,3851.800048828125,148438
2025-10-02 16:00:00+00:00,3851.699951171875,3883.39990234375,3850.699951171875,3880.10009765625,46793
2025-10-02 20:00:00+00:00,3880.300048828125,3888.10009765625,3876.0,3886.800048828125,5721
2025-10-03 00:00:00+00:00,3886.60009765625,3887.199951171875,3861.10009765625,3865.800048828125,26310
2025-10-03 04:00:00+00:00,3865.699951171875,3888.699951171875,3864.60009765625,3887.300048828125,23602
2025-10-03 08:00:00+00:00,3887.5,3891.5,3877.60009765625,3885.300048828125,24655
2025-10-03 12:00:00+00:00,3885.39990234375,3916.800048828125,3883.699951171875,3914.39990234375,94537
2025-10-03 16:00:00+00:00,3914.5,3914.800048828125,3901.699951171875,3910.89990234375,33276
2025-10-03 20:00:00+00:00,3910.89990234375,3912.699951171875,3908.5,3912.10009765625,3034
2025-10-06 04:00:00+00:00,3954.5,3969.0,3947.39990234375,3965.699951171875,32524
2025-10-06 08:00:00+00:00,3965.800048828125,3973.699951171875,3954.699951171875,3962.39990234375,37050
2025-10-06 12:00:00+00:00,3962.199951171875,3988.199951171875,3950.0,3986.39990234375,83692
2025-10-06 16:00:00+00:00,3986.39990234375,3994.5,3969.5,3983.199951171875,47850
2025-10-06 20:00:00+00:00,3983.199951171875,3999.0,3981.0,3992.39990234375,8229
2025-10-07 00:00:00+00:00,3992.300048828125,4000.10009765625,3978.699951171875,3996.300048828125,31263
2025-10-07 04:00:00+00:00,3995.300048828125,3999.199951171875,3965.60009765625,3968.60009765625,44275
2025-10-07 08:00:00+00:00,3968.60009765625,3992.10009765625,3963.39990234375,3989.800048828125,36447
2025-10-07 12:00:00+00:00,3989.699951171875,4014.60009765625,3983.39990234375,3988.699951171875,106197
2025-10-07 16:00:00+00:00,3989.0,4011.10009765625,3985.300048828125,4002.5,52597
2025-10-07 20:00:00+00:00,4002.699951171875,4018.0,4002.699951171875,4016.199951171875,9620
2025-10-08 00:00:00+00:00,4016.300048828125,4038.699951171875,4006.699951171875,4036.60009765625,45910
2025-10-08 04:00:00+00:00,4037.10009765625,4061.199951171875,4037.10009765625,4056.5,52991
2025-10-08 08:00:00+00:00,4056.39990234375,4071.5,4053.60009765625,4060.0,48669
2025-10-08 12:00:00+00:00,4060.10009765625,4072.39990234375,4047.5,4067.199951171875,99129
2025-10-08 16:00:00+00:00,4067.300048828125,4081.0,4052.5,4064.199951171875,73392
2025-10-08 20:00:00+00:00,4064.300048828125,4067.0,4019.199951171875,4030.10009765625,19395
2025-10-09 00:00:00+00:00,4030.0,4057.0,4022.39990234375,4045.0,57077
2025-10-09 04:00:00+00:00,4046.10009765625,4062.10009765625,4041.10009765625,4051.199951171875,31673
2025-10-09 08:00:00+00:00,4051.0,4066.89990234375,4049.800048828125,4063.699951171875,27473
2025-10-09 12:00:00+00:00,4063.699951171875,4077.89990234375,4018.10009765625,4029.60009765625,163128
2025-10-09 16:00:00+00:00,4029.5,4037.89990234375,3957.89990234375,3988.300048828125,139608
2025-10-09 20:00:00+00:00,3988.300048828125,4007.60009765625,3973.0,4006.60009765625,12938
2025-10-10 00:00:00+00:00,4006.60009765625,4009.699951171875,3975.0,3979.10009765625,38111
2025-10-10 04:00:00+00:00,3976.800048828125,3991.699951171875,3961.199951171875,3985.10009765625,44855
2025-10-10 08:00:00+00:00,3985.0,4020.5,3982.800048828125,4002.300048828125,45556
2025-10-10 12:00:00+00:00,4002.39990234375,4038.60009765625,3986.699951171875,4013.39990234375,127599
2025-10-10 16:00:00+00:00,4013.5,4038.0,3988.39990234375,4028.10009765625,75275
2025-10-10 20:00:00+00:00,4028.0,4038.5,4000.39990234375,4000.39990234375,7026
2025-10-12 20:00:00+00:00,4000.39990234375,4078.10009765625,4000.39990234375,4053.10009765625,17104
2025-10-13 00:00:00+00:00,4053.0,4079.300048828125,4042.10009765625,4070.199951171875,43720
2025-10-13 04:00:00+00:00,4069.800048828125,4096.7001953125,4068.89990234375,4089.699951171875,40631
2025-10-13 08:00:00+00:00,4089.60009765625,4104.2998046875,4087.39990234375,4093.199951171875,40590
2025-10-13 12:00:00+00:00,4093.199951171875,4127.5,4092.300048828125,4124.7998046875,87925
2025-10-13 16:00:00+00:00,4124.7998046875,4137.2001953125,4110.2998046875,4127.2998046875,51364
2025-10-13 20:00:00+00:00,4127.2998046875,4150.0,4124.7998046875,4145.89990234375,14774
2025-10-14 00:00:00+00:00,4145.7001953125,4178.60009765625,4137.0,4175.2998046875,60510
2025-10-14 04:00:00+00:00,4175.60009765625,4190.89990234375,4105.0,4141.7998046875,115452
2025-10-14 08:00:00+00:00,4141.60009765625,4161.7998046875,4136.7001953125,4148.60009765625,50079
2025-10-14 12:00:00+00:00,4148.7998046875,4159.10009765625,4113.60009765625,4154.2998046875,96710
2025-10-14 16:00:00+00:00,4154.5,4172.10009765625,4144.5,4159.2001953125,55330
2025-10-14 20:00:00+00:00,4159.2998046875,4185.39990234375,4156.39990234375,4179.60009765625,7970
2025-10-15 00:00:00+00:00,4179.60009765625,4210.0,4171.60009765625,4206.0,43858
2025-10-15 04:00:00+00:00,4206.0,4227.89990234375,4192.39990234375,4225.7998046875,35717
2025-10-15 08:00:00+00:00,4225.7001953125,4235.7998046875,4180.0,4214.2998046875,61837
2025-10-15 12:00:00+00:00,4214.5,4227.7001953125,4191.2001953125,4207.0,95649
2025-10-15 16:00:00+00:00,4207.0,4229.60009765625,4198.2001953125,4226.0,50278
2025-10-15 20:00:00+00:00,4226.0,4230.60009765625,4214.5,4223.2001953125,8871
2025-10-16 00:00:00+00:00,4223.10009765625,4255.39990234375,4218.39990234375,4249.2001953125,47625
2025-10-16 04:00:00+00:00,4247.60009765625,4253.2001953125,4216.39990234375,4244.5,52875
2025-10-16 08:00:00+00:00,4244.60009765625,4264.0,4238.10009765625,4256.10009765625,39956
2025-10-16 12:00:00+00:00,4256.2998046875,4292.7001953125,4241.89990234375,4289.39990234375,98975
2025-10-16 16:00:00+00:00,4289.5,4328.7001953125,4275.7001953125,4321.39990234375,102949
2025-10-16 20:00:00+00:00,4321.89990234375,4392.0,4321.7998046875,4378.7998046875,29298
2025-10-17 00:00:00+00:00,4378.2998046875,4383.5,4291.2998046875,4377.2001953125,94852
2025-10-17 04:00:00+00:00,4378.89990234375,4390.39990234375,4320.0,4354.5,67933
2025-10-17 08:00:00+00:00,4354.5,4363.7998046875,4298.0,4298.7001953125,73952
2025-10-17 12:00:00+00:00,4298.7001953125,4332.2998046875,4226.0,4251.39990234375,176534
2025-10-17 16:00:00+00:00,4251.5,4259.0,4196.0,4240.2998046875,97656
2025-10-17 20:00:00+00:00,4241.7001953125,4268.0,4213.2998046875,4213.2998046875,7250
2025-10-19 20:00:00+00:00,4269.0,4289.89990234375,4213.2998046875,4250.0,15805
2025-10-20 00:00:00+00:00,4249.39990234375,4283.0,4229.7001953125,4277.7998046875,41917
2025-10-20 04:00:00+00:00,4278.0,4281.5,4233.60009765625,4269.2998046875,38151
2025-10-20 08:00:00+00:00,4269.10009765625,4295.2998046875,4259.5,4294.7998046875,33773
2025-10-20 12:00:00+00:00,4294.60009765625,4372.2998046875,4287.60009765625,4366.0,129496
2025-10-20 16:00:00+00:00,4366.0,4398.0,4354.39990234375,4394.2998046875,56453
2025-10-20 20:00:00+00:00,4394.39990234375,4396.5,4363.7001953125,4377.2998046875,19793
2025-10-21 00:00:00+00:00,4377.39990234375,4390.0,4348.39990234375,4362.89990234375,45937
2025-10-21 04:00:00+00:00,4362.7998046875,4362.7998046875,4309.2998046875,4312.7998046875,50366
2025-10-21 08:00:00+00:00,4312.60009765625,4316.2998046875,4257.7001953125,4266.7998046875,78454
2025-10-21 12:00:00+00:00,4266.7998046875,4270.89990234375,4093.0,4150.60009765625,233480
2025-10-21 16:00:00+00:00,4150.5,4156.7001953125,4105.0,4124.2001953125,91358
2025-10-21 20:00:00+00:00,4124.5,4146.7001953125,4103.39990234375,4106.7001953125,17831
2025-10-22 00:00:00+00:00,4106.7998046875,4157.89990234375,4021.199951171875,4143.7001953125,88206
2025-10-22 04:00:00+00:00,4142.7998046875,4175.0,4121.89990234375,4146.2998046875,42208
2025-10-22 08:00:00+00:00,4146.2001953125,4149.5,4029.10009765625,4042.699951171875,92096
2025-10-22 12:00:00+00:00,4042.5,4101.0,4025.10009765625,4053.10009765625,137071
2025-10-22 16:00:00+00:00,4053.5,4131.39990234375,4039.39990234375,4120.0,77244
2025-10-22 20:00:00+00:00,4120.39990234375,4133.60009765625,4096.39990234375,4104.7001953125,13362
2025-10-23 00:00:00+00:00,4104.2001953125,4116.39990234375,4079.60009765625,4106.89990234375,29060
2025-10-23 04:00:00+00:00,4106.7001953125,4152.89990234375,4094.39990234375,4109.60009765625,43345
2025-10-23 08:00:00+00:00,4109.89990234375,4140.7001953125,4109.7998046875,4123.7001953125,37670
2025-10-23 12:00:00+00:00,4123.39990234375,4171.5,4113.7001953125,4158.60009765625,86887
2025-10-23 16:00:00+00:00,4158.60009765625,4165.39990234375,4132.5,4134.60009765625,50000
2025-10-23 20:00:00+00:00,4134.60009765625,4149.0,4121.2001953125,4136.7998046875,9707
2025-10-24 00:00:00+00:00,4137.10009765625,4159.0,4122.10009765625,4135.89990234375,35185
2025-10-24 04:00:00+00:00,4136.2001953125,4137.10009765625,4083.10009765625,4088.89990234375,46752
2025-10-24 08:00:00+00:00,4088.800048828125,4092.300048828125,4055.699951171875,4075.60009765625,44096
2025-10-24 12:00:00+00:00,4075.699951171875,4151.10009765625,4073.39990234375,4146.7001953125,105754
2025-10-24 16:00:00+00:00,4146.60009765625,4156.0,4117.5,4119.7001953125,47902
2025-10-24 20:00:00+00:00,4119.7001953125,4137.7998046875,4111.0,4137.7998046875,4840
2025-10-26 20:00:00+00:00,4103.2001953125,4137.7998046875,4074.199951171875,4078.199951171875,23834
2025-10-27 00:00:00+00:00,4078.699951171875,4112.0,4071.800048828125,4083.5,33157
2025-10-27 04:00:00+00:00,4082.0,4098.60009765625,4065.800048828125,4081.699951171875,28155
2025-10-27 08:00:00+00:00,4081.60009765625,4083.60009765625,4028.0,4038.0,54991
2025-10-27 12:00:00+00:00,4037.89990234375,4064.800048828125,3985.89990234375,4004.60009765625,122968
2025-10-27 16:00:00+00:00,4004.800048828125,4025.800048828125,3998.60009765625,4006.0,54247
2025-10-27 20:00:00+00:00,4005.800048828125,4019.0,3994.10009765625,4012.5,11950
2025-10-28 00:00:00+00:00,4012.800048828125,4034.199951171875,3987.199951171875,4006.60009765625,38667
2025-10-28 04:00:00+00:00,4007.0,4008.199951171875,3940.699951171875,3947.39990234375,53406
2025-10-28 08:00:00+00:00,3947.60009765625,3950.89990234375,3901.300048828125,3937.10009765625,74062
2025-10-28 12:00:00+00:00,3937.0,3983.800048828125,3919.199951171875,3978.60009765625,90803
2025-10-28 16:00:00+00:00,3978.699951171875,3985.699951171875,3959.10009765625,3975.800048828125,60105
2025-10-28 20:00:00+00:00,3975.39990234375,3982.5,3930.0,3979.0,9283
2025-10-29 00:00:00+00:00,3978.60009765625,3995.699951171875,3957.199951171875,3977.300048828125,33832
2025-10-29 04:00:00+00:00,3977.199951171875,4014.800048828125,3963.89990234375,4014.5,27246
2025-10-29 08:00:00+00:00,4014.800048828125,4043.699951171875,4013.39990234375,4030.199951171875,45080
2025-10-29 12:00:00+00:00,4031.0,4046.199951171875,4003.39990234375,4007.5,70030
2025-10-29 16:00:00+00:00,4007.800048828125,4021.699951171875,3940.39990234375,3959.199951171875,84171
2025-10-29 20:00:00+00:00,3958.699951171875,3967.800048828125,3925.10009765625,3963.89990234375,11449
2025-10-30 00:00:00+00:00,3964.10009765625,3978.199951171875,3927.60009765625,3947.300048828125,36558
2025-10-30 04:00:00+00:00,3949.5,3996.0,3946.699951171875,3972.800048828125,38159
2025-10-30 08:00:00+00:00,3973.0,4024.199951171875,3971.39990234375,3985.699951171875,41993
2025-10-30 12:00:00+00:00,3985.800048828125,4028.300048828125,3970.89990234375,4015.300048828125,76371
2025-10-30 16:00:00+00:00,4015.300048828125,4038.5,4004.60009765625,4035.199951171875,34258
2025-10-30 20:00:00+00:00,4035.199951171875,4059.89990234375,4029.300048828125,4048.60009765625,12063
2025-10-31 00:00:00+00:00,4048.699951171875,4051.39990234375,4003.60009765625,4009.0,34647
2025-10-31 04:00:00+00:00,4009.5,4036.60009765625,4001.89990234375,4032.60009765625,27697
2025-10-31 08:00:00+00:00,4032.39990234375,4038.5,4010.0,4022.300048828125,24685
2025-10-31 12:00:00+00:00,4022.39990234375,4049.199951171875,4020.800048828125,4025.0,63667
2025-10-31 16:00:00+00:00,4024.800048828125,4027.5,3982.300048828125,4012.89990234375,67434
2025-10-31 20:00:00+00:00,4012.699951171875,4018.89990234375,3996.5,3996.5,3231
2025-11-03 00:00:00+00:00,3996.5,4025.39990234375,3971.300048828125,4021.300048828125,30542
2025-11-03 04:00:00+00:00,4021.39990234375,4036.699951171875,4007.0,4035.89990234375,22428
2025-11-03 08:00:00+00:00,4036.199951171875,4038.699951171875,4003.300048828125,4019.60009765625,35598
2025-11-03 12:00:00+00:00,4019.60009765625,4043.10009765625,4012.39990234375,4019.300048828125,73374
2025-11-03 16:00:00+00:00,4019.199951171875,4024.60009765625,4006.0,4016.300048828125,40307
2025-11-03 20:00:00+00:00,4016.60009765625,4027.39990234375,3989.10009765625,4008.10009765625,8044
2025-11-04 00:00:00+00:00,4008.39990234375,4010.0,3984.199951171875,4003.699951171875,32288
2025-11-04 04:00:00+00:00,4003.800048828125,4006.60009765625,3975.0,4004.0,30050
2025-11-04 08:00:00+00:00,4004.300048828125,4011.60009765625,3995.39990234375,4005.699951171875,23877
2025-11-04 12:00:00+00:00,4005.800048828125,4008.0,3937.10009765625,3966.39990234375,89709
2025-11-04 16:00:00+00:00,3966.5,3986.300048828125,3941.699951171875,3947.199951171875,50566
2025-11-04 20:00:00+00:00,3947.10009765625,3951.60009765625,3938.39990234375,3942.5,12664
2025-11-05 00:00:00+00:00,3942.39990234375,3974.10009765625,3935.699951171875,3969.199951171875,27800
2025-11-05 04:00:00+00:00,3969.199951171875,3987.199951171875,3968.300048828125,3982.199951171875,22941
2025-11-05 08:00:00+00:00,3982.199951171875,3997.0,3965.10009765625,3975.5,30120
2025-11-05 12:00:00+00:00,3975.5,3995.60009765625,3970.800048828125,3987.89990234375,46917
2025-11-05 16:00:00+00:00,3988.5,4000.699951171875,3983.800048828125,3997.89990234375,33543
2025-11-05 20:00:00+00:00,3997.800048828125,4000.300048828125,3973.89990234375,3982.800048828125,6999
2025-11-06 00:00:00+00:00,3982.699951171875,3998.699951171875,3973.199951171875,3995.699951171875,16476
2025-11-06 04:00:00+00:00,3995.5,4018.5,3990.699951171875,4014.800048828125,20042
2025-11-06 08:00:00+00:00,4014.800048828125,4028.60009765625,4013.5,4027.199951171875,27687
2025-11-06 12:00:00+00:00,4027.0,4028.699951171875,3983.5,3988.300048828125,63048
2025-11-06 16:00:00+00:00,3988.199951171875,4003.699951171875,3973.199951171875,3993.199951171875,45330
2025-11-06 20:00:00+00:00,3993.300048828125,3996.800048828125,3981.60009765625,3996.0,6481
2025-11-07 00:00:00+00:00,3996.0,4011.300048828125,3991.60009765625,3997.699951171875,17905
2025-11-07 04:00:00+00:00,3997.39990234375,4017.300048828125,3992.60009765625,4015.199951171875,16692
2025-11-07 08:00:00+00:00,4015.39990234375,4022.60009765625,4001.199951171875,4011.0,22435
2025-11-07 12:00:00+00:00,4010.89990234375,4016.89990234375,3991.0,3998.0,50777
2025-11-07 16:00:00+00:00,3998.300048828125,4035.800048828125,3997.0,4014.199951171875,79679
2025-11-07 20:00:00+00:00,4014.0,4014.39990234375,4002.39990234375,4009.800048828125,8630
2025-11-09 20:00:00+00:00,4017.800048828125,4020.39990234375,4009.800048828125,4019.5,4445
2025-11-10 00:00:00+00:00,4019.699951171875,4062.0,4019.199951171875,4058.699951171875,41435
2025-11-10 04:00:00+00:00,4058.5,4087.60009765625,4058.5,4083.60009765625,27133
2025-11-10 08:00:00+00:00,4083.39990234375,4095.10009765625,4079.5,4093.800048828125,27484
2025-11-10 12:00:00+00:00,4094.0,4115.0,4082.39990234375,4091.39990234375,72373
2025-11-10 16:00:00+00:00,4091.199951171875,4123.89990234375,4089.199951171875,4120.89990234375,58640
2025-11-10 20:00:00+00:00,4121.0,4129.7001953125,4113.7998046875,4126.60009765625,9316
2025-11-11 00:00:00+00:00,4126.89990234375,4154.0,4123.10009765625,4152.7001953125,35628
2025-11-11 04:00:00+00:00,4152.39990234375,4155.0,4131.2001953125,4136.10009765625,28210
2025-11-11 08:00:00+00:00,4135.89990234375,4152.39990234375,4135.10009765625,4149.60009765625,23111
2025-11-11 12:00:00+00:00,4149.7001953125,4153.39990234375,4102.7998046875,4112.60009765625,87757
2025-11-11 16:00:00+00:00,4112.39990234375,4131.7001953125,4110.7001953125,4128.39990234375,49572
2025-11-11 20:00:00+00:00,4128.60009765625,4151.0,4127.7001953125,4148.7001953125,9571
2025-11-12 00:00:00+00:00,4148.39990234375,4151.5,4117.5,4117.7001953125,28533
2025-11-12 04:00:00+00:00,4117.60009765625,4130.7001953125,4104.39990234375,4122.2998046875,28368
2025-11-12 08:00:00+00:00,4122.60009765625,4139.60009765625,4117.39990234375,4131.7001953125,27154
2025-11-12 12:00:00+00:00,4131.39990234375,4192.2998046875,4128.7001953125,4187.89990234375,82206
2025-11-12 16:00:00+00:00,4187.7001953125,4218.5,4186.5,4203.2998046875,91041
2025-11-12 20:00:00+00:00,4203.39990234375,4210.0,4190.2998046875,4195.60009765625,14945
2025-11-13 00:00:00+00:00,4195.5,4217.2001953125,4183.2001953125,4216.7998046875,37528
2025-11-13 04:00:00+00:00,4216.89990234375,4224.89990234375,4206.89990234375,4224.60009765625,31508
2025-11-13 08:00:00+00:00,4224.7001953125,4245.60009765625,4223.39990234375,4235.0,39159
2025-11-13 12:00:00+00:00,4234.7001953125,4250.0,4188.60009765625,4206.60009765625,80825
2025-11-13 16:00:00+00:00,4206.60009765625,4215.7998046875,4148.5,4167.7998046875,94157
2025-11-13 20:00:00+00:00,4167.7998046875,4189.60009765625,4164.2001953125,4188.89990234375,12982
2025-11-14 00:00:00+00:00,4189.0,4215.10009765625,4176.2001953125,4207.7001953125,27342
2025-11-14 04:00:00+00:00,4207.60009765625,4209.0,4162.10009765625,4184.39990234375,30699
2025-11-14 08:00:00+00:00,4184.5,4190.7001953125,4133.2998046875,4135.60009765625,43320
2025-11-14 12:00:00+00:00,4135.10009765625,4143.39990234375,4032.60009765625,4095.5,155063
2025-11-14 16:00:00+00:00,4095.699951171875,4113.2001953125,4082.60009765625,4091.800048828125,58856
2025-11-14 20:00:00+00:00,4092.199951171875,4094.199951171875,4077.5,4084.39990234375,12739
2025-11-16 20:00:00+00:00,4100.0,4107.60009765625,4094.0,4097.0,4908
2025-11-17 00:00:00+00:00,4097.60009765625,4103.60009765625,4070.5,4084.0,28656
2025-11-17 04:00:00+00:00,4084.199951171875,4089.89990234375,4051.10009765625,4088.89990234375,33084
2025-11-17 08:00:00+00:00,4088.89990234375,4097.10009765625,4062.300048828125,4080.10009765625,36886
2025-11-17 12:00:00+00:00,4080.0,4093.5,4059.800048828125,4065.60009765625,44983
2025-11-17 16:00:00+00:00,4065.199951171875,4082.5,4010.10009765625,4011.300048828125,58579
2025-11-17 20:00:00+00:00,4011.39990234375,4055.39990234375,4006.800048828125,4036.300048828125,21251
2025-11-18 00:00:00+00:00,4036.5,4044.800048828125,4008.0,4012.300048828125,30383
2025-11-18 04:00:00+00:00,4012.199951171875,4024.800048828125,3997.39990234375,4013.39990234375,38490
2025-11-18 08:00:00+00:00,4013.699951171875,4050.199951171875,4010.199951171875,4039.0,31366
2025-11-18 12:00:00+00:00,4039.0,4082.300048828125,4028.10009765625,4053.199951171875,73449
2025-11-18 16:00:00+00:00,4053.39990234375,4083.300048828125,4040.10009765625,4082.300048828125,42705
2025-11-18 20:00:00+00:00,4082.199951171875,4083.699951171875,4064.89990234375,4076.5,6189
2025-11-19 00:00:00+00:00,4076.10009765625,4081.300048828125,4056.10009765625,4066.800048828125,19060
2025-11-19 04:00:00+00:00,4066.699951171875,4100.0,4064.10009765625,4087.300048828125,24673
2025-11-19 08:00:00+00:00,4086.800048828125,4120.0,4078.199951171875,4113.60009765625,33394
2025-11-19 12:00:00+00:00,4113.60009765625,4134.2998046875,4090.5,4097.39990234375,71399
2025-11-19 16:00:00+00:00,4097.0,4099.39990234375,4055.60009765625,4073.800048828125,68117
2025-11-19 20:00:00+00:00,4073.39990234375,4108.10009765625,4065.0,4104.2998046875,9168
2025-11-20 00:00:00+00:00,4104.2998046875,4109.60009765625,4034.0,4070.300048828125,39049
2025-11-20 04:00:00+00:00,4070.39990234375,4079.10009765625,4052.800048828125,4058.89990234375,21575
2025-11-20 08:00:00+00:00,4058.300048828125,4071.5,4037.39990234375,4059.60009765625,41341
2025-11-20 12:00:00+00:00,4059.60009765625,4106.89990234375,4059.0,4069.5,81389
2025-11-20 16:00:00+00:00,4069.300048828125,4087.300048828125,4042.60009765625,4084.39990234375,69217
2025-11-20 20:00:00+00:00,4084.199951171875,4089.39990234375,4072.10009765625,4079.699951171875,8802
2025-11-21 00:00:00+00:00,4079.199951171875,4081.10009765625,4048.0,4054.5,22806
2025-11-21 04:00:00+00:00,4054.0,4063.39990234375,4021.60009765625,4029.0,33329
2025-11-21 08:00:00+00:00,4028.699951171875,4060.5,4018.10009765625,4034.10009765625,43358
2025-11-21 12:00:00+00:00,4034.300048828125,4082.89990234375,4032.300048828125,4068.699951171875,75616
2025-11-21 16:00:00+00:00,4068.5,4101.0,4061.800048828125,4087.199951171875,57112
2025-11-21 20:00:00+00:00,4087.0,4088.199951171875,4052.199951171875,4062.800048828125,16656
2025-11-23 20:00:00+00:00,4068.5,4074.800048828125,4062.5,4071.60009765625,3954
2025-11-24 00:00:00+00:00,4071.699951171875,4072.699951171875,4037.199951171875,4047.5,21561
2025-11-24 04:00:00+00:00,4047.199951171875,4064.5,4036.39990234375,4057.0,20889
2025-11-24 08:00:00+00:00,4056.5,4074.0,4056.199951171875,4066.5,25541
2025-11-24 12:00:00+00:00,4066.39990234375,4092.60009765625,4062.60009765625,4089.800048828125,63365
2025-11-24 16:00:00+00:00,4090.0,4126.39990234375,4086.5,4117.39990234375,67651
2025-11-24 20:00:00+00:00,4117.39990234375,4142.2001953125,4117.0,4141.89990234375,13865
2025-11-25 00:00:00+00:00,4141.89990234375,4152.0,4120.5,4140.10009765625,12770
2025-11-25 04:00:00+00:00,4139.7001953125,4150.0,4126.2998046875,4129.39990234375,9994
2025-11-25 08:00:00+00:00,4129.7001953125,4172.89990234375,4106.7001953125,4167.60009765625,84359
2025-11-25 12:00:00+00:00,4130.60009765625,4185.60009765625,4106.7998046875,4156.7998046875,102533
2025-11-25 16:00:00+00:00,4118.60009765625,4194.0,4118.10009765625,4131.7001953125,91523
2025-11-25 20:00:00+00:00,4131.89990234375,4177.2998046875,4124.39990234375,4167.60009765625,94532
2025-11-26 00:00:00+00:00,4167.89990234375,4204.89990234375,4129.39990234375,4201.2001953125,21656
2025-11-26 04:00:00+00:00,4201.0,4204.0,4144.10009765625,4191.89990234375,20616
2025-11-26 08:00:00+00:00,4191.89990234375,4208.60009765625,4151.7001953125,4206.7001953125,26137
2025-11-26 12:00:00+00:00,4206.7998046875,4209.0,4132.89990234375,4200.2998046875,67977
2025-11-26 16:00:00+00:00,4200.39990234375,4206.60009765625,4155.60009765625,4197.0,40429
2025-11-26 20:00:00+00:00,4196.60009765625,4201.2998046875,4157.2001953125,4196.60009765625,6623
2025-11-27 00:00:00+00:00,4196.5,4199.5,4144.5,4179.5,15747
2025-11-27 04:00:00+00:00,4179.2998046875,4186.89990234375,4140.0,4182.7001953125,4805
2025-11-28 12:00:00+00:00,4217.60009765625,4246.60009765625,4185.10009765625,4239.2998046875,29362
2025-11-28 16:00:00+00:00,4239.2998046875,4251.7001953125,4200.7001953125,4251.39990234375,18804
2025-11-30 20:00:00+00:00,4245.10009765625,4261.0,4214.89990234375,4257.2998046875,8256
2025-12-01 00:00:00+00:00,4257.5,4291.7998046875,4222.7998046875,4273.7998046875,41147
2025-12-01 04:00:00+00:00,4274.10009765625,4281.89990234375,4220.2998046875,4278.89990234375,29031
2025-12-01 08:00:00+00:00,4278.7001953125,4297.7998046875,4245.7998046875,4290.0,28120
2025-12-01 12:00:00+00:00,4289.7001953125,4299.60009765625,4219.2998046875,4265.2001953125,68126
2025-12-01 16:00:00+00:00,4265.39990234375,4278.7998046875,4222.89990234375,4270.7998046875,41958
2025-12-01 20:00:00+00:00,4270.89990234375,4276.0,4230.5,4260.10009765625,6819
2025-12-02 00:00:00+00:00,4260.39990234375,4262.89990234375,4199.7001953125,4247.7001953125,30527
2025-12-02 04:00:00+00:00,4247.89990234375,4258.10009765625,4234.39990234375,4244.5,22014
2025-12-02 08:00:00+00:00,4244.7001953125,4248.89990234375,4182.10009765625,4236.0,31839
2025-12-02 12:00:00+00:00,4236.10009765625,4262.2001953125,4181.5,4200.7998046875,74827
2025-12-02 16:00:00+00:00,4200.89990234375,4232.0,4167.0,4227.60009765625,42639
2025-12-02 20:00:00+00:00,4227.60009765625,4248.0,4195.39990234375,4244.0,8996
2025-12-03 00:00:00+00:00,4244.10009765625,4260.10009765625,4215.7001953125,4252.39990234375,18158
2025-12-03 04:00:00+00:00,4252.5,4256.2998046875,4231.10009765625,4236.10009765625,20279
2025-12-03 08:00:00+00:00,4236.5,4241.2998046875,4195.7001953125,4239.0,24100
2025-12-03 12:00:00+00:00,4239.10009765625,4273.2998046875,4209.0,4247.7998046875,61350
2025-12-03 16:00:00+00:00,4247.60009765625,4256.89990234375,4199.2001953125,4239.39990234375,37035
2025-12-03 20:00:00+00:00,4239.2998046875,4244.5,4232.2998046875,4237.0,5663
2025-12-04 00:00:00+00:00,4237.10009765625,4246.89990234375,4211.0,4224.39990234375,20649
2025-12-04 04:00:00+00:00,4224.39990234375,4227.7998046875,4175.0,4222.89990234375,22447
2025-12-04 08:00:00+00:00,4222.7001953125,4236.39990234375,4184.2998046875,4228.2001953125,23236
2025-12-04 12:00:00+00:00,4228.39990234375,4244.0,4191.89990234375,4237.60009765625,45810
2025-12-04 16:00:00+00:00,4237.7998046875,4251.10009765625,4202.0,4239.7001953125,37260
2025-12-04 20:00:00+00:00,4239.2998046875,4240.89990234375,4207.0,4236.2001953125,4185
2025-12-05 00:00:00+00:00,4236.2001953125,4240.60009765625,4204.10009765625,4238.89990234375,18454
2025-12-05 04:00:00+00:00,4238.5,4261.10009765625,4237.10009765625,4254.2998046875,21508
2025-12-05 08:00:00+00:00,4254.60009765625,4257.7001953125,4245.7998046875,4253.5,13654
2025-12-05 12:00:00+00:00,4253.60009765625,4290.5,4245.5,4274.89990234375,61193
2025-12-05 16:00:00+00:00,4275.0,4276.89990234375,4205.10009765625,4237.2998046875,63277
2025-12-05 20:00:00+00:00,4237.60009765625,4237.60009765625,4194.5,4227.7001953125,8877
2025-12-07 20:00:00+00:00,4228.10009765625,4236.5,4224.5,4230.60009765625,3767
2025-12-08 00:00:00+00:00,4231.2001953125,4241.7998046875,4204.7998046875,4238.7001953125,16643
2025-12-08 04:00:00+00:00,4238.7998046875,4247.89990234375,4208.5,4235.7001953125,12928
2025-12-08 08:00:00+00:00,4235.7998046875,4246.0,4203.39990234375,4237.7001953125,18383
2025-12-08 12:00:00+00:00,4237.60009765625,4245.10009765625,4175.5,4211.7998046875,53661
2025-12-08 16:00:00+00:00,4211.5,4227.0,4182.89990234375,4216.10009765625,31984
2025-12-08 20:00:00+00:00,4216.2001953125,4224.7998046875,4214.0,4223.7998046875,5689
2025-12-09 00:00:00+00:00,4223.7998046875,4227.60009765625,4190.7001953125,4223.7998046875,17123
2025-12-09 04:00:00+00:00,4223.7001953125,4224.7001953125,4177.7001953125,4209.7001953125,27330
2025-12-09 08:00:00+00:00,4209.89990234375,4242.2998046875,4181.5,4232.10009765625,29044
2025-12-09 12:00:00+00:00,4232.39990234375,4246.0,4198.7001953125,4242.0,54345
2025-12-09 16:00:00+00:00,4242.2998046875,4251.7001953125,4205.2998046875,4241.39990234375,38142
2025-12-09 20:00:00+00:00,4241.10009765625,4245.10009765625,4209.0,4238.7001953125,6043
2025-12-10 00:00:00+00:00,4239.0,4247.89990234375,4216.60009765625,4235.0,14384
2025-12-10 04:00:00+00:00,4234.89990234375,4242.60009765625,4229.7001953125,4231.2001953125,13855
2025-12-10 08:00:00+00:00,4231.10009765625,4234.7998046875,4215.2998046875,4225.60009765625,20944
2025-12-10 12:00:00+00:00,4225.5,4235.2998046875,4190.7998046875,4222.10009765625,39672
2025-12-10 16:00:00+00:00,4222.10009765625,4249.0,4183.60009765625,4245.7001953125,63391
2025-12-10 20:00:00+00:00,4245.60009765625,4268.7998046875,4233.7998046875,4261.60009765625,26390
2025-12-11 00:00:00+00:00,4261.7001953125,4277.7001953125,4224.0,4244.60009765625,31212
2025-12-11 04:00:00+00:00,4244.10009765625,4246.2001953125,4214.2998046875,4243.5,16701
2025-12-11 08:00:00+00:00,4243.7001953125,4253.89990234375,4216.60009765625,4238.10009765625,17894
2025-12-11 12:00:00+00:00,4238.10009765625,4291.2001953125,4217.39990234375,4285.2998046875,75497
2025-12-11 16:00:00+00:00,4285.39990234375,4317.2998046875,4255.0,4302.60009765625,64927
2025-12-11 20:00:00+00:00,4302.39990234375,4313.5,4277.0,4305.89990234375,11176
2025-12-12 00:00:00+00:00,4305.7001953125,4310.0,4276.39990234375,4301.2998046875,16761
2025-12-12 04:00:00+00:00,4301.2998046875,4321.10009765625,4289.0,4317.60009765625,16643
2025-12-12 08:00:00+00:00,4317.5,4376.5,4315.0,4374.2001953125,53514
2025-12-12 12:00:00+00:00,4374.39990234375,4387.7998046875,4308.0,4320.10009765625,106801
2025-12-12 16:00:00+00:00,4320.2998046875,4336.10009765625,4260.0,4328.7001953125,75740
2025-12-12 20:00:00+00:00,4328.60009765625,4335.0,4302.7001953125,4329.7998046875,10424
2025-12-14 20:00:00+00:00,4337.2998046875,4339.2998046875,4332.60009765625,4333.89990234375,3005
2025-12-15 00:00:00+00:00,4334.0,4361.7998046875,4308.2998046875,4359.89990234375,18686
2025-12-15 04:00:00+00:00,4359.5,4380.5,4340.89990234375,4372.39990234375,20683
2025-12-15 08:00:00+00:00,4372.2001953125,4384.2998046875,4345.60009765625,4376.60009765625,21120
2025-12-15 12:00:00+00:00,4376.89990234375,4382.60009765625,4327.2001953125,4349.89990234375,69613
2025-12-15 16:00:00+00:00,4350.0,4350.5,4292.89990234375,4342.89990234375,58216
2025-12-15 20:00:00+00:00,4342.7998046875,4343.2998046875,4303.89990234375,4333.10009765625,8873
2025-12-16 00:00:00+00:00,4333.2001953125,4345.2998046875,4307.2001953125,4317.2001953125,26481
2025-12-16 04:00:00+00:00,4317.2998046875,4318.89990234375,4270.5,4313.39990234375,17109
2025-12-16 08:00:00+00:00,4313.2998046875,4315.10009765625,4301.0,4306.7998046875,22813
2025-12-16 12:00:00+00:00,4306.7001953125,4367.89990234375,4304.89990234375,4351.7998046875,84010
2025-12-16 16:00:00+00:00,4352.10009765625,4355.7001953125,4318.7001953125,4341.39990234375,46818
2025-12-16 20:00:00+00:00,4341.10009765625,4344.7998046875,4302.89990234375,4336.89990234375,6994
2025-12-17 00:00:00+00:00,4336.7001953125,4356.39990234375,4320.2998046875,4353.2001953125,19286
2025-12-17 04:00:00+00:00,4353.5,4373.60009765625,4324.2001953125,4348.10009765625,23642
2025-12-17 08:00:00+00:00,4347.7998046875,4352.60009765625,4325.0,4345.89990234375,19288
2025-12-17 12:00:00+00:00,4346.10009765625,4383.60009765625,4344.7001953125,4361.60009765625,83635
2025-12-17 16:00:00+00:00,4361.7001953125,4378.5,4332.7001953125,4369.2998046875,49485
2025-12-17 20:00:00+00:00,4369.2998046875,4379.39990234375,4366.89990234375,4371.0,8042
2025-12-18 00:00:00+00:00,4371.0,4375.10009765625,4355.2001953125,4363.39990234375,15065
2025-12-18 04:00:00+00:00,4363.60009765625,4368.7001953125,4358.5,4362.60009765625,10867
2025-12-18 08:00:00+00:00,4362.5,4363.7001953125,4351.0,4357.60009765625,20182
2025-12-18 12:00:00+00:00,4357.60009765625,4375.7001953125,4338.0,4370.2001953125,79186
2025-12-18 16:00:00+00:00,4370.0,4409.5,4352.60009765625,4357.2001953125,94800
2025-12-18 20:00:00+00:00,4357.7998046875,4370.39990234375,4356.7998046875,4366.5,6364
2025-12-19 00:00:00+00:00,4366.7001953125,4367.2001953125,4336.2998046875,4345.7998046875,21600
2025-12-19 04:00:00+00:00,4346.0,4358.0,4344.2998046875,4350.39990234375,10758
2025-12-19 08:00:00+00:00,4350.5,4362.39990234375,4349.2001953125,4357.10009765625,14354
2025-12-19 12:00:00+00:00,4357.2998046875,4382.5,4349.7998046875,4381.2998046875,62782
2025-12-19 16:00:00+00:00,4381.2998046875,4389.0,4374.60009765625,4376.2001953125,40528
2025-12-19 20:00:00+00:00,4376.39990234375,4387.2998046875,4367.7998046875,4387.2998046875,9746
2025-12-21 20:00:00+00:00,4373.2998046875,4386.2001953125,4372.7998046875,4385.2998046875,4151
2025-12-22 00:00:00+00:00,4385.2998046875,4427.2998046875,4385.2001953125,4425.10009765625,32272
2025-12-22 04:00:00+00:00,4425.10009765625,4453.0,4423.7001953125,4447.10009765625,31053
2025-12-22 08:00:00+00:00,4446.89990234375,4449.60009765625,4439.10009765625,4443.7998046875,21335
2025-12-22 12:00:00+00:00,4443.7001953125,4471.10009765625,4439.5,4467.2001953125,61634
2025-12-22 16:00:00+00:00,4467.2001953125,4477.7001953125,4463.5,4469.0,36320
2025-12-22 20:00:00+00:00,4468.89990234375,4494.2001953125,4467.0,4492.2998046875,10358
2025-12-23 00:00:00+00:00,4492.10009765625,4530.7998046875,4490.60009765625,4519.89990234375,36940
2025-12-23 04:00:00+00:00,4519.7998046875,4522.2001953125,4502.60009765625,4519.10009765625,21047
2025-12-23 08:00:00+00:00,4519.10009765625,4526.2998046875,4510.0,4525.7998046875,20368
2025-12-23 12:00:00+00:00,4525.5,4529.2998046875,4457.7001953125,4485.7998046875,95170
2025-12-23 16:00:00+00:00,4485.89990234375,4524.60009765625,4482.5,4519.10009765625,53179
2025-12-23 20:00:00+00:00,4519.2001953125,4540.60009765625,4512.2001953125,4533.89990234375,8495
2025-12-24 00:00:00+00:00,4534.10009765625,4555.10009765625,4496.5,4521.10009765625,40044
2025-12-24 04:00:00+00:00,4521.2998046875,4528.7001953125,4518.7998046875,4524.89990234375,3079
2025-12-24 12:00:00+00:00,4516.10009765625,4518.2001953125,4474.2998046875,4484.7998046875,34235
2025-12-24 16:00:00+00:00,4484.60009765625,4513.39990234375,4482.2001953125,4505.60009765625,19313
2025-12-26 04:00:00+00:00,4538.7998046875,4549.7998046875,4535.7001953125,4540.60009765625,11601
2025-12-26 08:00:00+00:00,4540.2998046875,4554.0,4531.2001953125,4538.2001953125,15577
2025-12-26 12:00:00+00:00,4538.0,4581.10009765625,4533.10009765625,4580.10009765625,53263
2025-12-26 16:00:00+00:00,4580.2998046875,4584.0,4543.39990234375,4554.89990234375,48695
2025-12-26 20:00:00+00:00,4554.7998046875,4566.39990234375,4552.5,4552.7001953125,10569
2025-12-28 20:00:00+00:00,4570.5,4571.7998046875,4549.5,4550.89990234375,9145
2025-12-29 00:00:00+00:00,4551.0,4551.89990234375,4490.2998046875,4541.10009765625,42597
2025-12-29 04:00:00+00:00,4540.7998046875,4542.5,4463.2998046875,4496.10009765625,35898
2025-12-29 08:00:00+00:00,4495.7001953125,4510.5,4454.39990234375,4466.2001953125,40435
2025-12-29 12:00:00+00:00,4466.39990234375,4488.7001953125,4316.0,4343.10009765625,117693
2025-12-29 16:00:00+00:00,4343.0,4365.60009765625,4332.7998046875,4354.2001953125,47658
2025-12-29 20:00:00+00:00,4354.39990234375,4363.2001953125,4338.7998046875,4361.2001953125,10595
2025-12-30 00:00:00+00:00,4361.10009765625,4383.0,4339.0,4373.7998046875,27350
2025-12-30 04:00:00+00:00,4373.7998046875,4398.5,4371.7001953125,4388.2998046875,20848
2025-12-30 08:00:00+00:00,4388.60009765625,4407.5,4366.60009765625,4399.60009765625,23460
2025-12-30 12:00:00+00:00,4399.7998046875,4420.5,4370.5,4381.89990234375,58301
2025-12-30 16:00:00+00:00,4381.7001953125,4397.7998046875,4352.39990234375,4364.0,38129
2025-12-30 20:00:00+00:00,4364.0,4370.60009765625,4338.10009765625,4350.89990234375,12874
2025-12-31 00:00:00+00:00,4351.2998046875,4384.89990234375,4344.7001953125,4360.39990234375,27374
2025-12-31 04:00:00+00:00,4360.7998046875,4363.5,4284.2998046875,4342.7001953125,37771
2025-12-31 08:00:00+00:00,4343.0,4349.0,4315.5,4323.7998046875,22301
2025-12-31 12:00:00+00:00,4323.89990234375,4367.7998046875,4315.0,4350.89990234375,34919
2025-12-31 16:00:00+00:00,4351.10009765625,4353.39990234375,4320.39990234375,4323.89990234375,24968
2025-12-31 20:00:00+00:00,4324.2001953125,4338.10009765625,4316.7998046875,4332.10009765625,7439
2026-01-02 04:00:00+00:00,4386.0,4395.5,4383.5,4394.7001953125,10767
2026-01-02 08:00:00+00:00,4394.60009765625,4411.7998046875,4392.60009765625,4405.5,18336
2026-01-02 12:00:00+00:00,4405.2001953125,4414.7998046875,4341.39990234375,4346.5,53339
2026-01-02 16:00:00+00:00,4346.7001953125,4348.60009765625,4319.7001953125,4328.10009765625,38723
2026-01-02 20:00:00+00:00,4328.2998046875,4342.7001953125,4327.39990234375,4329.60009765625,6246
2026-01-04 20:00:00+00:00,4368.7998046875,4385.39990234375,4363.2998046875,4381.39990234375,8207
2026-01-05 00:00:00+00:00,4381.89990234375,4430.7001953125,4379.2998046875,4408.7998046875,34191
2026-01-05 04:00:00+00:00,4408.60009765625,4436.10009765625,4406.10009765625,4431.2001953125,23564
2026-01-05 08:00:00+00:00,4431.39990234375,4451.7001953125,4422.2001953125,4430.7001953125,30116
2026-01-05 12:00:00+00:00,4430.5,4467.60009765625,4407.0,4459.0,64833
2026-01-05 16:00:00+00:00,4458.7998046875,4465.7998046875,4443.2001953125,4450.89990234375,33793
2026-01-05 20:00:00+00:00,4450.7001953125,4471.60009765625,4447.0,4450.7001953125,7513
2026-01-06 00:00:00+00:00,4450.60009765625,4478.89990234375,4437.89990234375,4478.2998046875,20137
2026-01-06 04:00:00+00:00,4478.2998046875,4485.2001953125,4460.2001953125,4469.2998046875,18035
2026-01-06 08:00:00+00:00,4468.5,4486.0,4452.5,4474.10009765625,26858
2026-01-06 12:00:00+00:00,4474.10009765625,4501.7998046875,4464.10009765625,4488.5,54459
2026-01-06 16:00:00+00:00,4488.39990234375,4503.7001953125,4481.7001953125,4492.2001953125,36022
2026-01-06 20:00:00+00:00,4492.10009765625,4512.39990234375,4491.60009765625,4504.60009765625,7318
2026-01-07 00:00:00+00:00,4504.7998046875,4506.89990234375,4471.2998046875,4485.7001953125,24129
2026-01-07 04:00:00+00:00,4485.60009765625,4487.0,4451.5,4470.7998046875,26857
2026-01-07 08:00:00+00:00,4470.7001953125,4485.0,4456.2001953125,4456.89990234375,17519
2026-01-07 12:00:00+00:00,4457.2998046875,4464.2001953125,4432.89990234375,4456.60009765625,73967
2026-01-07 16:00:00+00:00,4456.2998046875,4478.39990234375,4453.7998046875,4466.7998046875,43124
2026-01-07 20:00:00+00:00,4466.7998046875,4473.2001953125,4459.89990234375,4472.2001953125,7921
2026-01-08 00:00:00+00:00,4472.0,4475.2001953125,4441.7001953125,4448.2001953125,19267
2026-01-08 04:00:00+00:00,4448.2998046875,4448.7001953125,4423.60009765625,4438.60009765625,23047
2026-01-08 08:00:00+00:00,4438.5,4443.2998046875,4427.39990234375,4431.0,17479
2026-01-08 12:00:00+00:00,4430.89990234375,4465.7001953125,4415.0,4463.5,64371
2026-01-08 16:00:00+00:00,4463.60009765625,4475.7998046875,4453.7001953125,4460.89990234375,49382
2026-01-08 20:00:00+00:00,4460.7998046875,4493.7001953125,4460.2998046875,4485.2998046875,15905
2026-01-09 00:00:00+00:00,4485.60009765625,4486.89990234375,4461.7998046875,4472.7998046875,17728
2026-01-09 04:00:00+00:00,4473.10009765625,4486.0,4466.60009765625,4479.2998046875,13819
2026-01-09 08:00:00+00:00,4478.7998046875,4486.39990234375,4472.7998046875,4484.2998046875,15243
2026-01-09 12:00:00+00:00,4484.2001953125,4527.0,4467.0,4521.5,74850
2026-01-09 16:00:00+00:00,4521.7998046875,4523.7998046875,4491.39990234375,4508.2998046875,62612
2026-01-09 20:00:00+00:00,4508.0,4520.2998046875,4506.7998046875,4517.89990234375,9312
2026-01-11 20:00:00+00:00,4538.10009765625,4555.0,4531.39990234375,4550.10009765625,7488
2026-01-12 00:00:00+00:00,4550.0,4612.7001953125,4546.2998046875,4582.60009765625,55332
2026-01-12 04:00:00+00:00,4582.7998046875,4599.7998046875,4574.7998046875,4597.7998046875,21720
2026-01-12 08:00:00+00:00,4597.7001953125,4609.60009765625,4589.60009765625,4594.7998046875,25791
2026-01-12 12:00:00+00:00,4595.0,4638.2001953125,4587.60009765625,4630.89990234375,84943
2026-01-12 16:00:00+00:00,4630.89990234375,4640.5,4609.7998046875,4620.60009765625,70139
2026-01-12 20:00:00+00:00,4620.5,4621.2001953125,4586.39990234375,4607.60009765625,13078
2026-01-13 00:00:00+00:00,4607.5,4608.7001953125,4584.2998046875,4603.10009765625,18752
2026-01-13 04:00:00+00:00,4603.39990234375,4611.2001953125,4582.7998046875,4589.10009765625,19804
2026-01-13 08:00:00+00:00,4588.89990234375,4605.39990234375,4587.7998046875,4596.89990234375,22448
2026-01-13 12:00:00+00:00,4597.0,4644.0,4586.2001953125,4627.60009765625,88744
2026-01-13 16:00:00+00:00,4627.7001953125,4629.5,4589.5,4605.2998046875,74873
2026-01-13 20:00:00+00:00,4605.2998046875,4606.5,4576.7001953125,4603.89990234375,17543
2026-01-14 00:00:00+00:00,4604.39990234375,4638.89990234375,4604.39990234375,4636.5,25040
2026-01-14 04:00:00+00:00,4636.60009765625,4647.60009765625,4624.7001953125,4639.7001953125,31822
2026-01-14 08:00:00+00:00,4639.89990234375,4646.7001953125,4628.39990234375,4638.5,28365
2026-01-14 12:00:00+00:00,4638.60009765625,4650.10009765625,4605.89990234375,4624.7998046875,82450
2026-01-14 16:00:00+00:00,4624.89990234375,4650.5,4607.7001953125,4646.7001953125,92849
2026-01-14 20:00:00+00:00,4646.7001953125,4649.2001953125,4607.2001953125,4619.60009765625,26820
2026-01-15 00:00:00+00:00,4619.39990234375,4622.89990234375,4584.5,4596.10009765625,42866
2026-01-15 04:00:00+00:00,4595.7998046875,4618.0,4584.60009765625,4606.10009765625,24310
2026-01-15 08:00:00+00:00,4606.39990234375,4627.0,4602.2001953125,4623.39990234375,24884
2026-01-15 12:00:00+00:00,4623.2998046875,4624.89990234375,4584.0,4620.2001953125,63423
2026-01-15 16:00:00+00:00,4620.0,4630.10009765625,4605.7001953125,4620.0,47380
2026-01-15 20:00:00+00:00,4620.2001953125,4625.5,4604.2001953125,4614.60009765625,10862
2026-01-16 00:00:00+00:00,4614.2001953125,4615.10009765625,4594.60009765625,4599.39990234375,23248
2026-01-16 04:00:00+00:00,4599.39990234375,4620.2001953125,4597.10009765625,4611.5,23915
2026-01-16 08:00:00+00:00,4611.2001953125,4620.5,4602.2998046875,4616.5,19674
2026-01-16 12:00:00+00:00,4616.39990234375,4624.60009765625,4539.10009765625,4574.7998046875,112445
2026-01-16 16:00:00+00:00,4574.60009765625,4603.89990234375,4570.7998046875,4595.2001953125,48326
2026-01-16 20:00:00+00:00,4595.2998046875,4602.10009765625,4585.0,4595.39990234375,11715
2026-01-19 04:00:00+00:00,4595.39990234375,4672.2998046875,4595.39990234375,4671.2001953125,997
2026-01-20 04:00:00+00:00,4700.89990234375,4728.0,4700.0,4721.39990234375,35662
2026-01-20 08:00:00+00:00,4721.39990234375,4742.89990234375,4720.39990234375,4738.60009765625,35509
2026-01-20 12:00:00+00:00,4738.60009765625,4756.60009765625,4720.0,4742.0,90756
2026-01-20 16:00:00+00:00,4742.10009765625,4771.5,4733.39990234375,4765.89990234375,59283
2026-01-20 20:00:00+00:00,4765.7998046875,4784.89990234375,4752.60009765625,4779.7998046875,11878
2026-01-21 00:00:00+00:00,4779.60009765625,4852.60009765625,4774.5,4847.60009765625,57228
2026-01-21 04:00:00+00:00,4847.2998046875,4891.10009765625,4835.2001953125,4857.5,51569
2026-01-21 08:00:00+00:00,4856.89990234375,4879.39990234375,4853.7001953125,4869.10009765625,37813
2026-01-21 12:00:00+00:00,4869.2998046875,4884.5,4813.7998046875,4850.0,113779
2026-01-21 16:00:00+00:00,4850.0,4858.7001953125,4757.10009765625,4783.39990234375,96619
2026-01-21 20:00:00+00:00,4783.0,4842.7998046875,4774.5,4779.60009765625,27556
2026-01-22 00:00:00+00:00,4779.89990234375,4810.60009765625,4772.7001953125,4797.39990234375,27271
2026-01-22 04:00:00+00:00,4797.89990234375,4841.10009765625,4794.7001953125,4833.5,23444
2026-01-22 08:00:00+00:00,4833.39990234375,4839.5,4815.2998046875,4833.2001953125,31237
2026-01-22 12:00:00+00:00,4832.89990234375,4876.7998046875,4809.60009765625,4874.0,78057
2026-01-22 16:00:00+00:00,4874.2001953125,4927.60009765625,4870.10009765625,4915.2001953125,76894
2026-01-22 20:00:00+00:00,4915.5,4964.0,4914.7998046875,4960.7998046875,15290
2026-01-23 00:00:00+00:00,4961.2001953125,4970.0,4938.0,4953.0,33023
2026-01-23 04:00:00+00:00,4952.7001953125,4969.0,4944.2998046875,4945.5,24082
2026-01-23 08:00:00+00:00,4945.2001953125,4948.7001953125,4901.2001953125,4923.2998046875,44829
2026-01-23 12:00:00+00:00,4923.7001953125,4964.0,4918.7998046875,4961.89990234375,69814
2026-01-23 16:00:00+00:00,4961.89990234375,4991.39990234375,4959.5,4985.2001953125,76014
2026-01-23 20:00:00+00:00,4985.10009765625,4990.2001953125,4971.7001953125,4979.7001953125,14138
2026-01-25 20:00:00+00:00,5023.7998046875,5039.39990234375,5010.89990234375,5038.7001953125,11387
2026-01-26 00:00:00+00:00,5039.39990234375,5091.5,5028.0,5073.89990234375,50834
2026-01-26 04:00:00+00:00,5074.10009765625,5107.89990234375,5049.7001953125,5086.39990234375,45738
2026-01-26 08:00:00+00:00,5086.2998046875,5097.39990234375,5073.10009765625,5089.7998046875,42145
2026-01-26 12:00:00+00:00,5089.60009765625,5095.39990234375,5052.0,5088.39990234375,116340
2026-01-26 16:00:00+00:00,5088.39990234375,5103.0,5002.7001953125,5023.60009765625,113221
2026-01-26 20:00:00+00:00,5023.60009765625,5058.2998046875,4983.60009765625,5037.7001953125,33453
2026-01-27 00:00:00+00:00,5037.7001953125,5074.7998046875,5008.2998046875,5071.89990234375,30409
2026-01-27 04:00:00+00:00,5071.7001953125,5097.2998046875,5051.89990234375,5081.60009765625,29077
2026-01-27 08:00:00+00:00,5081.5,5096.2998046875,5062.2001953125,5073.10009765625,36593
2026-01-27 12:00:00+00:00,5072.89990234375,5089.39990234375,5042.0,5087.60009765625,99729
2026-01-27 16:00:00+00:00,5087.5,5100.2998046875,5074.0,5097.2998046875,65202
2026-01-27 20:00:00+00:00,5097.10009765625,5190.7998046875,5096.2001953125,5169.2001953125,49774
2026-01-28 00:00:00+00:00,5169.2998046875,5242.2001953125,5154.7998046875,5229.2001953125,15379
2026-01-28 04:00:00+00:00,5228.7998046875,5288.0,5227.39990234375,5286.2001953125,10084
2026-01-28 08:00:00+00:00,5285.39990234375,5345.0,5271.0,5294.2001953125,116754
2026-01-28 12:00:00+00:00,5294.39990234375,5331.0,5266.5,5311.2998046875,119946
2026-01-28 16:00:00+00:00,5311.60009765625,5365.89990234375,5301.0,5359.10009765625,101756
2026-01-28 20:00:00+00:00,5358.60009765625,5626.7998046875,5353.39990234375,5539.39990234375,35567
2026-01-29 00:00:00+00:00,5539.89990234375,5580.5,5472.39990234375,5576.89990234375,73666
2026-01-29 04:00:00+00:00,5570.7998046875,5625.89990234375,5544.5,5578.39990234375,53324
2026-01-29 08:00:00+00:00,5578.39990234375,5584.7998046875,5501.0,5553.5,61597
2026-01-29 12:00:00+00:00,5553.2001953125,5581.2998046875,5126.0,5212.89990234375,196592
2026-01-29 16:00:00+00:00,5210.7001953125,5404.2001953125,5201.5,5334.10009765625,103208
2026-01-29 20:00:00+00:00,5334.7998046875,5478.60009765625,5311.0,5467.60009765625,26350
2026-01-30 00:00:00+00:00,5467.5,5480.2001953125,5145.7998046875,5225.10009765625,80608
2026-01-30 04:00:00+00:00,5224.2001953125,5354.7998046875,5143.7001953125,5209.2001953125,33197
2026-01-30 08:00:00+00:00,5208.7998046875,5208.7998046875,4962.7001953125,5164.7001953125,79667
2026-01-30 12:00:00+00:00,5165.2998046875,5175.60009765625,5006.2998046875,5078.7998046875,98199
2026-01-30 16:00:00+00:00,5079.2998046875,5080.7001953125,4700.39990234375,4954.89990234375,167022
2026-01-30 20:00:00+00:00,4955.2998046875,4956.60009765625,4828.5,4907.5,25346
2026-02-01 20:00:00+00:00,4828.5,4834.0,4705.2998046875,4764.7001953125,15367
2026-02-02 00:00:00+00:00,4765.60009765625,4905.60009765625,4604.2998046875,4665.60009765625,72815
2026-02-02 04:00:00+00:00,4667.0,4734.5,4423.2001953125,4609.5,69558
2026-02-02 08:00:00+00:00,4609.5,4805.10009765625,4579.39990234375,4790.2998046875,48612
2026-02-02 12:00:00+00:00,4791.2001953125,4837.60009765625,4638.0,4641.7001953125,90538
2026-02-02 16:00:00+00:00,4642.89990234375,4737.7001953125,4617.60009765625,4707.39990234375,63358
2026-02-02 20:00:00+00:00,4707.39990234375,4799.89990234375,4667.0,4798.5,11069
2026-02-03 00:00:00+00:00,4798.7001953125,4882.0,4768.5,4831.60009765625,34850
2026-02-03 04:00:00+00:00,4831.0,4956.0,4822.60009765625,4940.0,26281
2026-02-03 08:00:00+00:00,4940.2001953125,4975.5,4905.2001953125,4938.89990234375,36219
2026-02-03 12:00:00+00:00,4939.60009765625,4977.7001953125,4915.0,4957.7001953125,67291
2026-02-03 16:00:00+00:00,4957.2001953125,5018.10009765625,4900.5,4949.2998046875,70424
2026-02-03 20:00:00+00:00,4949.89990234375,4997.7998046875,4924.5,4968.7001953125,10533
2026-02-04 00:00:00+00:00,4969.89990234375,5094.0,4966.89990234375,5090.2998046875,31766
2026-02-04 04:00:00+00:00,5090.7001953125,5113.5,5071.0,5106.7998046875,23611
2026-02-04 08:00:00+00:00,5106.2998046875,5113.89990234375,5036.0,5071.2998046875,27483
2026-02-04 12:00:00+00:00,5070.60009765625,5088.10009765625,4909.0,4943.10009765625,76596
2026-02-04 16:00:00+00:00,4943.10009765625,4979.39990234375,4867.7001953125,4963.5,68099
2026-02-04 20:00:00+00:00,4963.60009765625,5045.0,4936.0,5033.39990234375,7903
2026-02-05 00:00:00+00:00,5033.2001953125,5041.89990234375,4805.0,4898.5,51557
2026-02-05 04:00:00+00:00,4898.39990234375,4960.2001953125,4842.0,4934.2998046875,23697
2026-02-05 08:00:00+00:00,4934.10009765625,4962.0,4868.0,4889.10009765625,23983
2026-02-05 12:00:00+00:00,4889.2998046875,4899.89990234375,4820.7998046875,4838.60009765625,69947
2026-02-05 16:00:00+00:00,4837.7998046875,4930.0,4833.5,4852.5,37607
2026-02-05 20:00:00+00:00,4853.0,4866.2001953125,4721.2001953125,4722.0,17064
2026-02-06 00:00:00+00:00,4722.0,4863.5,4670.0,4841.10009765625,43111
2026-02-06 04:00:00+00:00,4842.0,4921.60009765625,4823.89990234375,4862.2998046875,20787
2026-02-06 08:00:00+00:00,4861.60009765625,4918.7001953125,4849.5,4909.10009765625,18836
2026-02-06 12:00:00+00:00,4910.10009765625,4988.7998046875,4892.0,4967.60009765625,45516
2026-02-06 16:00:00+00:00,4967.7998046875,4995.60009765625,4945.0,4980.7001953125,25434
2026-02-06 20:00:00+00:00,4980.39990234375,4992.10009765625,4960.39990234375,4979.7998046875,6885
2026-02-08 20:00:00+00:00,5000.0,5069.0,4991.2998046875,5057.39990234375,6457
2026-02-09 00:00:00+00:00,5057.5,5068.0,4989.2998046875,5037.10009765625,18618
2026-02-09 04:00:00+00:00,5036.5,5067.60009765625,5015.2001953125,5027.2001953125,12315
2026-02-09 08:00:00+00:00,5026.7998046875,5062.60009765625,5002.60009765625,5031.10009765625,15853
2026-02-09 12:00:00+00:00,5032.0,5084.39990234375,5016.89990234375,5082.2001953125,29437
2026-02-09 16:00:00+00:00,5082.60009765625,5106.7998046875,5064.39990234375,5098.39990234375,26828
2026-02-09 20:00:00+00:00,5098.2998046875,5111.10009765625,5011.0,5055.2998046875,6366
2026-02-10 00:00:00+00:00,5056.39990234375,5079.0,5031.0,5051.5,11728
2026-02-10 04:00:00+00:00,5052.39990234375,5068.39990234375,5032.7998046875,5055.2998046875,8048
2026-02-10 08:00:00+00:00,5054.5,5085.2998046875,5049.60009765625,5079.0,13885
2026-02-10 12:00:00+00:00,5079.7001953125,5102.7001953125,5021.2998046875,5041.60009765625,37628
2026-02-10 16:00:00+00:00,5042.7001953125,5064.0,5026.7001953125,5050.7998046875,20362
2026-02-10 20:00:00+00:00,5050.5,5077.39990234375,5042.89990234375,5064.10009765625,5084
2026-02-11 00:00:00+00:00,5064.7001953125,5085.0,5050.89990234375,5079.0,9058
2026-02-11 04:00:00+00:00,5078.60009765625,5093.2998046875,5067.60009765625,5078.7001953125,11801
2026-02-11 08:00:00+00:00,5078.89990234375,5141.7998046875,5068.7998046875,5136.7998046875,22025
2026-02-11 12:00:00+00:00,5137.39990234375,5144.5,5036.2998046875,5084.2001953125,49650
2026-02-11 16:00:00+00:00,5083.10009765625,5123.39990234375,5065.5,5106.5,27468
2026-02-11 20:00:00+00:00,5106.2001953125,5122.7998046875,5074.0,5083.5,3645
2026-02-12 00:00:00+00:00,5083.5,5096.0,5065.0,5078.2001953125,8993
2026-02-12 04:00:00+00:00,5077.7001953125,5099.2998046875,5068.89990234375,5085.2998046875,8998
2026-02-12 08:00:00+00:00,5085.7001953125,5102.5,5073.5,5085.60009765625,11879
2026-02-12 12:00:00+00:00,5086.5,5106.7001953125,5061.2998046875,5083.89990234375,32693
2026-02-12 16:00:00+00:00,5083.5,5091.60009765625,4900.0,4965.0,83112
2026-02-12 20:00:00+00:00,4965.2998046875,4968.39990234375,4907.10009765625,4939.7001953125,6945
2026-02-13 00:00:00+00:00,4938.5,5011.0,4932.10009765625,5001.60009765625,13121
2026-02-13 04:00:00+00:00,5000.0,5016.39990234375,4963.2001953125,4994.60009765625,12226
2026-02-13 08:00:00+00:00,4995.0,5009.5,4952.7998046875,4973.39990234375,16586
2026-02-13 12:00:00+00:00,4973.10009765625,5043.2998046875,4971.7998046875,4998.7001953125,39991
2026-02-13 16:00:00+00:00,4999.0,5069.10009765625,4997.39990234375,5046.39990234375,26996
2026-02-13 20:00:00+00:00,5046.2001953125,5067.39990234375,5043.2998046875,5046.2998046875,5899
2026-02-15 20:00:00+00:00,5046.2998046875,5051.60009765625,5031.60009765625,5038.5,917
2026-02-16 00:00:00+00:00,5038.39990234375,5051.39990234375,4986.0,5007.2001953125,7860
2026-02-16 04:00:00+00:00,5006.2001953125,5012.2001953125,4988.0,4994.7001953125,2082
2026-02-17 04:00:00+00:00,4970.7998046875,4972.2998046875,4875.2001953125,4935.7998046875,17027
2026-02-17 08:00:00+00:00,4936.0,4959.5,4926.2998046875,4948.7001953125,12765
2026-02-17 12:00:00+00:00,4948.39990234375,4964.0,4854.2001953125,4897.2001953125,46703
2026-02-17 16:00:00+00:00,4897.10009765625,4931.0,4868.0,4899.2998046875,26240
2026-02-17 20:00:00+00:00,4899.2001953125,4905.2001953125,4868.5,4876.89990234375,3169
2026-02-18 00:00:00+00:00,4876.0,4940.60009765625,4875.7998046875,4939.5,7372
2026-02-18 04:00:00+00:00,4939.10009765625,4962.2001953125,4937.0,4949.5,6348
2026-02-18 08:00:00+00:00,4950.2001953125,4953.2001953125,4925.89990234375,4933.39990234375,12678
2026-02-18 12:00:00+00:00,4932.7001953125,5029.60009765625,4931.89990234375,5018.7998046875,39446
2026-02-18 16:00:00+00:00,5018.89990234375,5031.89990234375,4993.7001953125,5000.7001953125,21459
2026-02-18 20:00:00+00:00,5000.7001953125,5008.39990234375,4971.5,4994.7998046875,3584
2026-02-19 00:00:00+00:00,4994.60009765625,5002.60009765625,4978.5,5000.39990234375,5545
2026-02-19 04:00:00+00:00,5000.0,5039.7998046875,4995.2998046875,5028.0,7528
2026-02-19 08:00:00+00:00,5028.0,5040.89990234375,4997.10009765625,5003.2998046875,14693
2026-02-19 12:00:00+00:00,5003.7998046875,5042.7998046875,4982.0,5033.39990234375,31141
2026-02-19 16:00:00+00:00,5033.89990234375,5034.2001953125,4994.0,5006.5,17909
2026-02-19 20:00:00+00:00,5006.89990234375,5026.5,5003.5,5005.60009765625,4123
2026-02-20 00:00:00+00:00,5006.39990234375,5033.39990234375,4999.2998046875,5006.0,6665
2026-02-20 04:00:00+00:00,5005.60009765625,5048.89990234375,5004.2001953125,5025.2998046875,8453
2026-02-20 08:00:00+00:00,5025.60009765625,5063.0,5023.7998046875,5036.7998046875,18133
2026-02-20 12:00:00+00:00,5037.0,5084.5,5005.5,5062.2998046875,51326
2026-02-20 16:00:00+00:00,5062.2998046875,5104.60009765625,5058.2001953125,5102.39990234375,32894
2026-02-20 20:00:00+00:00,5102.2998046875,5131.0,5080.89990234375,5080.89990234375,9003
2026-02-22 20:00:00+00:00,5157.0,5194.2001953125,5157.0,5187.2001953125,5616
2026-02-23 00:00:00+00:00,5187.0,5198.7998046875,5151.0,5188.39990234375,17531
2026-02-23 04:00:00+00:00,5188.2998046875,5190.2998046875,5145.10009765625,5157.60009765625,11934
2026-02-23 08:00:00+00:00,5157.5,5184.7998046875,5142.7998046875,5170.2998046875,17804
2026-02-23 12:00:00+00:00,5170.2998046875,5226.2001953125,5161.5,5216.60009765625,40286
2026-02-23 16:00:00+00:00,5216.2998046875,5240.89990234375,5196.0,5235.39990234375,29573
2026-02-23 20:00:00+00:00,5235.0,5269.39990234375,5234.60009765625,5254.5,7426
2026-02-24 00:00:00+00:00,5254.10009765625,5257.39990234375,5164.10009765625,5192.0,26951
2026-02-24 04:00:00+00:00,5191.5,5205.60009765625,5173.60009765625,5198.7001953125,13309
2026-02-24 08:00:00+00:00,5198.60009765625,5201.60009765625,5182.2998046875,5191.89990234375,13157
2026-02-24 12:00:00+00:00,5192.10009765625,5192.5,5109.5,5168.2001953125,55219
2026-02-24 16:00:00+00:00,5168.5,5188.5,5147.7998046875,5171.7998046875,23690
2026-02-24 20:00:00+00:00,5172.10009765625,5191.39990234375,5135.89990234375,5165.0,5967
2026-02-25 00:00:00+00:00,5165.10009765625,5212.0,5154.2998046875,5200.60009765625,12926
2026-02-25 04:00:00+00:00,5200.10009765625,5230.0,5189.2998046875,5203.7998046875,12343
2026-02-25 08:00:00+00:00,5203.7001953125,5216.60009765625,5173.2001953125,5199.5,16999
2026-02-25 12:00:00+00:00,5199.2998046875,5222.0,5177.0,5214.5,34022
2026-02-25 16:00:00+00:00,5214.10009765625,5237.2998046875,5209.10009765625,5224.39990234375,15816
2026-02-25 20:00:00+00:00,5224.10009765625,5225.0,5163.2998046875,5180.0,13025
2026-02-26 00:00:00+00:00,5179.10009765625,5213.39990234375,5170.10009765625,5208.10009765625,12229
2026-02-26 04:00:00+00:00,5208.10009765625,5221.89990234375,5196.39990234375,5202.60009765625,10983
2026-02-26 08:00:00+00:00,5202.7998046875,5207.89990234375,5176.39990234375,5180.7001953125,19982
2026-02-26 12:00:00+00:00,5180.89990234375,5210.10009765625,5144.7998046875,5202.5,44734
2026-02-26 16:00:00+00:00,5203.0,5211.2998046875,5176.2998046875,5204.2001953125,29584
2026-02-26 20:00:00+00:00,5203.89990234375,5218.2001953125,5191.5,5200.89990234375,6157
2026-02-27 00:00:00+00:00,5201.60009765625,5216.2001953125,5182.89990234375,5201.2001953125,12931
2026-02-27 04:00:00+00:00,5200.60009765625,5217.5,5192.60009765625,5193.10009765625,12180
2026-02-27 08:00:00+00:00,5193.2001953125,5202.2001953125,5183.2001953125,5202.0,13966
2026-02-27 12:00:00+00:00,5202.10009765625,5265.0,5199.60009765625,5257.7998046875,58534
2026-02-27 16:00:00+00:00,5258.0,5276.60009765625,5237.39990234375,5268.39990234375,36426
2026-02-27 20:00:00+00:00,5267.89990234375,5299.0,5247.89990234375,5247.89990234375,9506
2026-03-01 20:00:00+00:00,5364.2001953125,5409.7001953125,5354.2998046875,5400.39990234375,10881
2026-03-02 00:00:00+00:00,5401.2998046875,5402.0,5315.2998046875,5378.7001953125,28295
2026-03-02 04:00:00+00:00,5378.60009765625,5434.10009765625,5353.39990234375,5423.0,21947
2026-03-02 08:00:00+00:00,5422.7998046875,5432.0,5386.0,5399.60009765625,28791
2026-03-02 12:00:00+00:00,5399.89990234375,5432.2001953125,5318.60009765625,5329.60009765625,67861
2026-03-02 16:00:00+00:00,5328.7001953125,5348.5,5272.89990234375,5344.2001953125,42367
2026-03-02 20:00:00+00:00,5344.10009765625,5360.89990234375,5334.89990234375,5359.10009765625,7857
2026-03-03 00:00:00+00:00,5359.89990234375,5394.2001953125,5346.7001953125,5381.2001953125,16068
2026-03-03 04:00:00+00:00,5380.7998046875,5389.2001953125,5292.10009765625,5340.60009765625,22329
2026-03-03 08:00:00+00:00,5340.5,5349.0,5081.39990234375,5154.0,68199
2026-03-03 12:00:00+00:00,5154.5,5236.89990234375,5005.0,5105.2998046875,99036
2026-03-03 16:00:00+00:00,5105.39990234375,5161.5,5075.10009765625,5122.2998046875,44257
2026-03-03 20:00:00+00:00,5123.7001953125,5141.7001953125,5092.7998046875,5133.39990234375,7632
2026-03-04 00:00:00+00:00,5134.5,5200.7001953125,5114.2998046875,5183.10009765625,20884
2026-03-04 04:00:00+00:00,5183.2998046875,5189.60009765625,5130.0,5178.2001953125,16047
2026-03-04 08:00:00+00:00,5178.2998046875,5214.7001953125,5157.7998046875,5204.2001953125,23030
2026-03-04 12:00:00+00:00,5204.2998046875,5218.2998046875,5140.2001953125,5161.60009765625,42445
2026-03-04 16:00:00+00:00,5161.2001953125,5172.60009765625,5119.39990234375,5148.7001953125,26179
2026-03-04 20:00:00+00:00,5148.39990234375,5177.7998046875,5134.7998046875,5176.2001953125,4478
2026-03-05 00:00:00+00:00,5176.5,5204.2998046875,5170.39990234375,5189.5,12883
2026-03-05 04:00:00+00:00,5189.39990234375,5195.89990234375,5129.0,5171.39990234375,14326
2026-03-05 08:00:00+00:00,5171.10009765625,5192.5,5146.2001953125,5174.7998046875,18192
2026-03-05 12:00:00+00:00,5175.10009765625,5182.7001953125,5065.5,5111.2998046875,57635
2026-03-05 16:00:00+00:00,5111.7998046875,5113.5,5058.89990234375,5074.60009765625,32458
2026-03-05 20:00:00+00:00,5074.2998046875,5119.2001953125,5071.2001953125,5095.60009765625,8077
2026-03-06 00:00:00+00:00,5095.5,5151.2998046875,5074.0,5139.89990234375,15157
2026-03-06 04:00:00+00:00,5139.89990234375,5145.2001953125,5114.0,5128.2001953125,10236
2026-03-06 08:00:00+00:00,5128.0,5132.2998046875,5071.0,5086.10009765625,19169
2026-03-06 12:00:00+00:00,5086.2998046875,5182.0,5073.89990234375,5151.2001953125,59611
2026-03-06 16:00:00+00:00,5151.7001953125,5183.7998046875,5136.0,5168.5,34843
2026-03-06 20:00:00+00:00,5168.2001953125,5185.0,5157.5,5158.7001953125,4144
2026-03-08 20:00:00+00:00,5165.5,5180.0,5050.0,5083.39990234375,18944
2026-03-09 00:00:00+00:00,5083.10009765625,5109.10009765625,5021.2001953125,5098.0,28933
2026-03-09 04:00:00+00:00,5098.0,5147.60009765625,5087.10009765625,5106.7001953125,16391
2026-03-09 08:00:00+00:00,5106.7998046875,5140.5,5086.5,5095.7001953125,24175
2026-03-09 12:00:00+00:00,5096.2001953125,5124.7001953125,5066.89990234375,5108.5,46239
2026-03-09 16:00:00+00:00,5108.10009765625,5154.7001953125,5097.7001953125,5150.5,33570
2026-03-09 20:00:00+00:00,5150.89990234375,5165.60009765625,5127.10009765625,5149.7998046875,4734
2026-03-10 00:00:00+00:00,5149.2998046875,5195.7998046875,5134.0,5166.39990234375,18584
2026-03-10 04:00:00+00:00,5165.2998046875,5191.2998046875,5162.39990234375,5190.5,10937
2026-03-10 08:00:00+00:00,5190.60009765625,5204.0,5165.60009765625,5184.2001953125,24566
2026-03-10 12:00:00+00:00,5184.60009765625,5248.7001953125,5171.39990234375,5238.0,62648
2026-03-10 16:00:00+00:00,5238.10009765625,5245.10009765625,5169.0,5207.0,44399
2026-03-10 20:00:00+00:00,5206.7001953125,5207.7001953125,5191.2998046875,5204.89990234375,3109
2026-03-11 00:00:00+00:00,5205.0,5230.89990234375,5194.0,5211.10009765625,13307
2026-03-11 04:00:00+00:00,5211.5,5218.39990234375,5192.10009765625,5203.7001953125,12036
2026-03-11 08:00:00+00:00,5203.2998046875,5206.7001953125,5182.2998046875,5189.2001953125,19870
2026-03-11 12:00:00+00:00,5188.7001953125,5207.5,5155.89990234375,5173.39990234375,47576
2026-03-11 16:00:00+00:00,5173.39990234375,5191.2001953125,5158.39990234375,5191.0,32664
2026-03-11 20:00:00+00:00,5190.7998046875,5191.5,5135.0,5140.0,6352
2026-03-12 00:00:00+00:00,5139.39990234375,5180.60009765625,5130.0,5158.2001953125,15813
2026-03-12 04:00:00+00:00,5158.39990234375,5190.89990234375,5142.0,5188.39990234375,11464
2026-03-12 08:00:00+00:00,5188.2001953125,5197.7998046875,5178.60009765625,5184.7998046875,16067
2026-03-12 12:00:00+00:00,5185.0,5192.5,5114.60009765625,5138.0,47320
2026-03-12 16:00:00+00:00,5138.10009765625,5144.2998046875,5084.5,5091.7001953125,37989
2026-03-12 20:00:00+00:00,5092.0,5104.39990234375,5058.2001953125,5101.5,4991
2026-03-13 00:00:00+00:00,5101.0,5132.39990234375,5100.39990234375,5119.2001953125,16830
2026-03-13 04:00:00+00:00,5118.89990234375,5121.10009765625,5075.5,5089.5,17125
2026-03-13 08:00:00+00:00,5089.7998046875,5112.89990234375,5066.0,5112.89990234375,20105
2026-03-13 12:00:00+00:00,5113.0,5128.5,5032.2001953125,5039.10009765625,54756
2026-03-13 16:00:00+00:00,5038.7998046875,5068.10009765625,5014.10009765625,5022.0,37428
2026-03-13 20:00:00+00:00,5022.2998046875,5061.7001953125,5017.0,5061.7001953125,0
2026-03-15 20:00:00+00:00,5027.60009765625,5030.0,4970.10009765625,5000.60009765625,11366
2026-03-16 00:00:00+00:00,5001.10009765625,5035.39990234375,4986.0,5022.5,17306
2026-03-16 04:00:00+00:00,5023.2001953125,5039.7998046875,4992.89990234375,4998.89990234375,15830
2026-03-16 08:00:00+00:00,4998.7001953125,5028.2001953125,4973.5,5001.89990234375,34858
2026-03-16 12:00:00+00:00,5001.7001953125,5044.5,4988.5,4991.89990234375,56897
2026-03-16 16:00:00+00:00,4991.5,5026.5,4978.60009765625,5019.2998046875,27751
2026-03-16 20:00:00+00:00,5018.89990234375,5028.0,5003.89990234375,5018.0,3690
2026-03-17 00:00:00+00:00,5018.0,5037.5,4998.7001953125,5030.2998046875,9049
2026-03-17 04:00:00+00:00,5031.10009765625,5049.39990234375,5009.0,5025.0,16052
2026-03-17 08:00:00+00:00,5025.2001953125,5033.5,4994.7998046875,5007.2998046875,21570
2026-03-17 12:00:00+00:00,5007.0,5036.7001953125,4977.0,5002.60009765625,44179
2026-03-17 16:00:00+00:00,5002.5,5013.7001953125,4995.60009765625,5005.10009765625,20275
2026-03-17 20:00:00+00:00,5004.89990234375,5011.60009765625,4996.89990234375,5006.60009765625,2280
2026-03-18 00:00:00+00:00,5006.60009765625,5022.0,4988.5,4992.7001953125,12575
2026-03-18 04:00:00+00:00,4994.5,5020.5,4984.89990234375,4999.10009765625,14739
2026-03-18 08:00:00+00:00,4999.0,5001.7001953125,4928.0,4933.2998046875,44619
2026-03-18 12:00:00+00:00,4933.89990234375,4935.89990234375,4837.10009765625,4866.2998046875,83626
2026-03-18 16:00:00+00:00,4866.2001953125,4904.5,4841.39990234375,4846.7998046875,41093
2026-03-18 20:00:00+00:00,4846.5,4852.10009765625,4806.0,4839.2001953125,9852
2026-03-19 00:00:00+00:00,4838.39990234375,4868.7001953125,4833.7001953125,4852.7001953125,13087
2026-03-19 04:00:00+00:00,4852.39990234375,4855.7001953125,4727.2998046875,4729.60009765625,31136
2026-03-19 08:00:00+00:00,4729.2998046875,4742.2001953125,4652.39990234375,4654.39990234375,62223
2026-03-19 12:00:00+00:00,4654.89990234375,4657.0,4505.0,4598.2998046875,132484
2026-03-19 16:00:00+00:00,4598.0,4666.89990234375,4576.7001953125,4647.89990234375,48597
2026-03-19 20:00:00+00:00,4647.5,4679.5,4635.7998046875,4645.5,5576
2026-03-20 00:00:00+00:00,4645.5,4738.2001953125,4640.5,4725.2001953125,22535
2026-03-20 04:00:00+00:00,4726.2998046875,4728.0,4661.60009765625,4707.2001953125,22070
2026-03-20 08:00:00+00:00,4707.7001953125,4736.2998046875,4638.2001953125,4673.39990234375,35858
2026-03-20 12:00:00+00:00,4673.39990234375,4696.89990234375,4542.10009765625,4555.2998046875,74190
2026-03-20 16:00:00+00:00,4554.89990234375,4616.2998046875,4478.39990234375,4503.7998046875,56639
2026-03-20 20:00:00+00:00,4503.5,4574.89990234375,4488.5,4492.0,4003
2026-03-22 20:00:00+00:00,4511.7001953125,4537.10009765625,4453.2001953125,4465.89990234375,13077
2026-03-23 00:00:00+00:00,4466.2001953125,4474.7998046875,4322.0,4355.2998046875,61437
2026-03-23 04:00:00+00:00,4355.89990234375,4385.0,4100.0,4205.7001953125,84146
2026-03-23 08:00:00+00:00,4206.5,4466.2998046875,4203.60009765625,4379.2001953125,83743
2026-03-23 12:00:00+00:00,4380.10009765625,4516.5,4338.0,4365.60009765625,94316
2026-03-23 16:00:00+00:00,4364.10009765625,4469.5,4354.10009765625,4401.5,49293
2026-03-23 20:00:00+00:00,4400.7001953125,4450.5,4363.5,4442.7998046875,5681
2026-03-24 00:00:00+00:00,4442.7001953125,4448.39990234375,4306.2998046875,4346.7998046875,26602
2026-03-24 04:00:00+00:00,4347.39990234375,4437.60009765625,4319.89990234375,4420.2001953125,23398
2026-03-24 08:00:00+00:00,4420.10009765625,4443.2001953125,4372.39990234375,4408.0,37217
2026-03-24 12:00:00+00:00,4408.2001953125,4435.0,4350.39990234375,4412.7998046875,66632
2026-03-24 16:00:00+00:00,4412.39990234375,4428.89990234375,4372.2001953125,4400.89990234375,36822
2026-03-24 20:00:00+00:00,4400.7998046875,4555.0,4397.7001953125,4549.2001953125,18762
2026-03-25 00:00:00+00:00,4549.0,4601.0,4540.5,4567.7998046875,39991
2026-03-25 04:00:00+00:00,4568.5,4573.2001953125,4532.5,4539.0,26161
2026-03-25 08:00:00+00:00,4539.2001953125,4586.2001953125,4525.7001953125,4577.39990234375,35321
2026-03-25 12:00:00+00:00,4577.7998046875,4582.5,4519.5,4557.39990234375,69425
2026-03-25 16:00:00+00:00,4557.10009765625,4566.60009765625,4484.2998046875,4528.7001953125,49361
2026-03-25 20:00:00+00:00,4528.2998046875,4539.60009765625,4485.60009765625,4495.2998046875,7906
2026-03-26 00:00:00+00:00,4495.2998046875,4541.60009765625,4495.2001953125,4510.2001953125,14463
2026-03-26 04:00:00+00:00,4513.2998046875,4520.89990234375,4412.10009765625,4449.39990234375,29704
2026-03-26 08:00:00+00:00,4448.7001953125,4456.0,4409.2998046875,4419.7001953125,45221
2026-03-26 12:00:00+00:00,4420.10009765625,4476.60009765625,4412.7001953125,4434.0,74784
2026-03-26 16:00:00+00:00,4434.0,4438.89990234375,4356.39990234375,4361.2998046875,56379
2026-03-26 20:00:00+00:00,4361.10009765625,4416.7998046875,4348.2001953125,4400.2998046875,13508
2026-03-27 00:00:00+00:00,4399.39990234375,4440.2001953125,4370.5,4432.0,4092
2026-03-27 04:00:00+00:00,4431.7998046875,4483.2001953125,4426.2001953125,4475.2001953125,35997
2026-03-27 08:00:00+00:00,4475.2998046875,4478.2001953125,4432.2001953125,4447.5,31298
2026-03-27 12:00:00+00:00,4447.60009765625,4585.2998046875,4439.7998046875,4554.39990234375,78457
2026-03-27 16:00:00+00:00,4554.60009765625,4563.7998046875,4515.0,4543.10009765625,45097
2026-03-27 20:00:00+00:00,4543.5,4549.2998046875,4518.89990234375,4521.2998046875,4464
2026-03-29 20:00:00+00:00,4510.10009765625,4538.89990234375,4472.0,4476.89990234375,9844
2026-03-30 00:00:00+00:00,4477.0,4548.0,4444.7001953125,4528.10009765625,25619
2026-03-30 04:00:00+00:00,4526.5,4579.2001953125,4514.89990234375,4555.2001953125,17970
2026-03-30 08:00:00+00:00,4555.10009765625,4611.39990234375,4551.2998046875,4589.0,24952
2026-03-30 12:00:00+00:00,4589.5,4609.0,4542.0,4578.10009765625,46067
2026-03-30 16:00:00+00:00,4578.39990234375,4580.0,4522.7001953125,4543.2001953125,25678
2026-03-30 20:00:00+00:00,4543.7001953125,4552.5,4520.7998046875,4542.10009765625,4109
2026-03-31 00:00:00+00:00,4541.39990234375,4649.5,4510.0,4584.89990234375,30662
2026-03-31 04:00:00+00:00,4585.89990234375,4610.2001953125,4571.7998046875,4594.7001953125,16948
2026-03-31 08:00:00+00:00,4594.5,4623.89990234375,4558.89990234375,4612.7998046875,25600
2026-03-31 12:00:00+00:00,4613.2998046875,4662.0,4597.7998046875,4640.0,50286
2026-03-31 16:00:00+00:00,4640.10009765625,4716.2998046875,4637.5,4713.2998046875,39262
2026-03-31 20:00:00+00:00,4713.39990234375,4728.7998046875,4690.0,4723.60009765625,6804
2026-04-01 00:00:00+00:00,4723.60009765625,4751.89990234375,4704.5,4707.0,21782
2026-04-01 04:00:00+00:00,4707.60009765625,4774.2001953125,4693.0,4739.39990234375,28450
2026-04-01 08:00:00+00:00,4739.60009765625,4791.5,4737.0,4780.2001953125,23338
2026-04-01 12:00:00+00:00,4780.2001953125,4816.2001953125,4743.2998046875,4814.39990234375,48997
2026-04-01 16:00:00+00:00,4814.2998046875,4821.0,4768.2001953125,4791.7001953125,25776
2026-04-01 20:00:00+00:00,4791.7001953125,4825.89990234375,4776.60009765625,4808.89990234375,5079
2026-04-02 00:00:00+00:00,4809.2998046875,4823.89990234375,4675.7001953125,4707.10009765625,41662
2026-04-02 04:00:00+00:00,4703.60009765625,4708.60009765625,4580.39990234375,4668.2001953125,38859
2026-04-02 08:00:00+00:00,4668.10009765625,4674.5,4618.7998046875,4626.2001953125,23109
2026-04-02 12:00:00+00:00,4626.60009765625,4726.39990234375,4605.5,4687.5,53494
2026-04-02 16:00:00+00:00,4686.89990234375,4708.60009765625,4668.60009765625,4697.89990234375,21668
2026-04-02 20:00:00+00:00,4698.60009765625,4703.60009765625,4690.39990234375,4701.2998046875,1922
2026-04-05 20:00:00+00:00,4675.0,4699.2998046875,4631.0,4636.7998046875,11036
2026-04-06 00:00:00+00:00,4637.2001953125,4697.5,4626.2001953125,4666.2998046875,13247
2026-04-06 04:00:00+00:00,4665.2998046875,4714.2998046875,4665.10009765625,4710.5,10928
2026-04-06 08:00:00+00:00,4710.39990234375,4733.10009765625,4703.39990234375,4704.60009765625,11821
2026-04-06 12:00:00+00:00,4704.89990234375,4724.0,4677.39990234375,4693.39990234375,25387
2026-04-06 16:00:00+00:00,4693.5,4698.0,4671.39990234375,4682.2001953125,14052
2026-04-06 20:00:00+00:00,4682.60009765625,4694.89990234375,4674.60009765625,4685.89990234375,1779
2026-04-07 00:00:00+00:00,4685.89990234375,4692.0,4641.39990234375,4674.89990234375,17807
2026-04-07 04:00:00+00:00,4675.2001953125,4690.2998046875,4648.39990234375,4671.10009765625,15244
2026-04-07 08:00:00+00:00,4671.2001953125,4721.2001953125,4653.89990234375,4684.60009765625,32157
2026-04-07 12:00:00+00:00,4685.2001953125,4696.2998046875,4631.89990234375,4681.2998046875,41079
2026-04-07 16:00:00+00:00,4681.7998046875,4745.7001953125,4678.10009765625,4727.2998046875,30029
2026-04-07 20:00:00+00:00,4727.2998046875,4863.5,4723.0,4860.7001953125,15648
2026-04-08 00:00:00+00:00,4860.7001953125,4888.0,4817.2001953125,4828.2001953125,38734
2026-04-08 04:00:00+00:00,4826.7998046875,4872.2001953125,4819.7998046875,4839.7001953125,25997
2026-04-08 08:00:00+00:00,4839.89990234375,4846.0,4798.2001953125,4826.39990234375,26799
2026-04-08 12:00:00+00:00,4826.2998046875,4834.7998046875,4757.60009765625,4782.0,55895
2026-04-08 16:00:00+00:00,4782.2001953125,4791.10009765625,4720.60009765625,4755.2998046875,33835
2026-04-08 20:00:00+00:00,4755.2001953125,4757.7001953125,4728.5,4738.7998046875,4060
2026-04-09 00:00:00+00:00,4739.39990234375,4756.60009765625,4718.60009765625,4735.0,16653
2026-04-09 04:00:00+00:00,4734.60009765625,4755.2001953125,4727.2001953125,4748.39990234375,19315
2026-04-09 08:00:00+00:00,4748.2998046875,4782.7001953125,4744.10009765625,4781.2998046875,16056
2026-04-09 12:00:00+00:00,4781.7001953125,4823.89990234375,4759.60009765625,4817.39990234375,45513
2026-04-09 16:00:00+00:00,4817.7001953125,4826.0,4790.7001953125,4793.0,24832
2026-04-09 20:00:00+00:00,4793.0,4810.0,4779.7998046875,4787.0,3378
2026-04-10 00:00:00+00:00,4786.60009765625,4800.39990234375,4760.39990234375,4789.10009765625,18729
2026-04-10 04:00:00+00:00,4790.39990234375,4794.60009765625,4764.60009765625,4773.0,11867
2026-04-10 08:00:00+00:00,4773.2998046875,4792.89990234375,4752.7001953125,4792.0,16319
2026-04-10 12:00:00+00:00,4792.10009765625,4820.0,4779.2998046875,4785.7998046875,40813
2026-04-10 16:00:00+00:00,4785.89990234375,4797.7001953125,4768.39990234375,4783.60009765625,22390
2026-04-10 20:00:00+00:00,4783.5,4783.5,4764.0,4771.0,3254
2026-04-12 20:00:00+00:00,4688.7001953125,4707.39990234375,4664.60009765625,4693.60009765625,10751
2026-04-13 00:00:00+00:00,4693.7001953125,4749.5,4686.89990234375,4741.60009765625,15099
2026-04-13 04:00:00+00:00,4740.0,4762.5,4729.2001953125,4756.39990234375,12199
2026-04-13 08:00:00+00:00,4756.7001953125,4761.2001953125,4725.2001953125,4729.10009765625,13693
2026-04-13 12:00:00+00:00,4728.60009765625,4768.0,4722.5,4736.89990234375,33848
2026-04-13 16:00:00+00:00,4737.2001953125,4774.39990234375,4731.5,4765.5,31988
2026-04-13 20:00:00+00:00,4765.2998046875,4789.7001953125,4762.2001953125,4781.2998046875,3144
2026-04-14 00:00:00+00:00,4781.7001953125,4802.7998046875,4775.5,4792.2998046875,10656
2026-04-14 04:00:00+00:00,4790.0,4820.39990234375,4780.0,4800.2001953125,16245
2026-04-14 08:00:00+00:00,4799.60009765625,4813.7001953125,4773.2998046875,4797.10009765625,19931
2026-04-14 12:00:00+00:00,4797.10009765625,4842.0,4784.2001953125,4831.89990234375,44113
2026-04-14 16:00:00+00:00,4832.10009765625,4870.0,4829.0,4868.7001953125,29162
2026-04-14 20:00:00+00:00,4869.2001953125,4874.60009765625,4857.2001953125,4861.7001953125,4032
2026-04-15 00:00:00+00:00,4861.5,4895.39990234375,4841.0,4849.60009765625,18560
2026-04-15 04:00:00+00:00,4848.0,4854.2998046875,4827.39990234375,4834.10009765625,12868
2026-04-15 08:00:00+00:00,4833.7998046875,4845.39990234375,4808.39990234375,4835.7001953125,19075
2026-04-15 12:00:00+00:00,4835.0,4854.60009765625,4807.89990234375,4823.5,29053
2026-04-15 16:00:00+00:00,4824.0,4835.0,4812.2001953125,4818.2998046875,16958
2026-04-15 20:00:00+00:00,4818.7001953125,4848.60009765625,4810.5,4845.39990234375,3867
2026-04-16 00:00:00+00:00,4845.39990234375,4859.7001953125,4832.89990234375,4847.7001953125,12414
2026-04-16 04:00:00+00:00,4846.2998046875,4861.2998046875,4836.0,4843.0,20584
2026-04-16 08:00:00+00:00,4842.7998046875,4844.2998046875,4825.60009765625,4843.89990234375,12033
2026-04-16 12:00:00+00:00,4844.10009765625,4846.2001953125,4792.10009765625,4828.2001953125,38545
2026-04-16 16:00:00+00:00,4828.60009765625,4831.39990234375,4802.0,4814.5,15864
2026-04-16 20:00:00+00:00,4814.7998046875,4818.7998046875,4806.0,4812.5,1833
2026-04-17 00:00:00+00:00,4812.0,4822.2001953125,4785.89990234375,4814.10009765625,10974
2026-04-17 04:00:00+00:00,4813.89990234375,4827.2001953125,4800.0,4805.5,11985
2026-04-17 08:00:00+00:00,4806.10009765625,4834.0,4802.60009765625,4822.0,14261
2026-04-17 12:00:00+00:00,4821.7001953125,4917.7001953125,4819.7998046875,4889.7001953125,70800
2026-04-17 16:00:00+00:00,4889.5,4896.0,4873.60009765625,4875.5,14934
2026-04-17 20:00:00+00:00,4875.60009765625,4876.2998046875,4848.0,4849.39990234375,5343
2026-04-19 20:00:00+00:00,4813.39990234375,4815.0,4752.0,4775.0,11575
2026-04-20 00:00:00+00:00,4774.39990234375,4834.5,4764.2001953125,4813.2998046875,17137
2026-04-20 08:00:00+00:00,4879.60009765625,4879.60009765625,4804.60009765625,4830.89990234375,32519
2026-04-20 12:00:00+00:00,4830.7998046875,4847.89990234375,4811.89990234375,4819.89990234375,39006
2026-04-20 16:00:00+00:00,4819.7998046875,4842.10009765625,4812.5,4834.7998046875,14539
2026-04-20 20:00:00+00:00,4835.0,4854.7998046875,4832.7998046875,4842.39990234375,3193
2026-04-21 00:00:00+00:00,4843.0,4851.2001953125,4811.2001953125,4816.2998046875,11960
2026-04-21 04:00:00+00:00,4816.10009765625,4828.7998046875,4790.7998046875,4804.89990234375,22869
2026-04-21 08:00:00+00:00,4804.5,4818.0,4793.2998046875,4814.2001953125,14775
2026-04-21 12:00:00+00:00,4814.39990234375,4816.7001953125,4740.89990234375,4759.7998046875,63304
2026-04-21 16:00:00+00:00,4760.2998046875,4765.89990234375,4685.7998046875,4698.2998046875,47492
2026-04-21 20:00:00+00:00,4698.5,4758.39990234375,4688.39990234375,4755.7998046875,10008
2026-04-22 00:00:00+00:00,4756.2998046875,4782.7001953125,4753.5,4777.0,14341
2026-04-22 04:00:00+00:00,4776.10009765625,4790.7998046875,4769.89990234375,4779.5,15962
2026-04-22 08:00:00+00:00,4779.60009765625,4781.39990234375,4764.2998046875,4768.89990234375,13893
2026-04-22 12:00:00+00:00,4769.2001953125,4779.39990234375,4743.2001953125,4746.2001953125,31047
2026-04-22 16:00:00+00:00,4746.10009765625,4770.2001953125,4742.10009765625,4759.0,15166
2026-04-22 20:00:00+00:00,4759.39990234375,4763.60009765625,4740.60009765625,4745.0,2991
2026-04-23 00:00:00+00:00,4745.0,4771.2998046875,4710.39990234375,4720.0,26431
2026-04-23 04:00:00+00:00,4719.0,4739.0,4705.7001953125,4736.10009765625,20339
2026-04-23 08:00:00+00:00,4735.60009765625,4742.10009765625,4700.0,4737.39990234375,20490
2026-04-23 12:00:00+00:00,4737.10009765625,4761.7001953125,4733.2998046875,4737.2998046875,37121
2026-04-23 16:00:00+00:00,4737.60009765625,4754.10009765625,4680.10009765625,4712.7998046875,39404
2026-04-23 20:00:00+00:00,4712.5,4719.7998046875,4702.0,4710.7998046875,3160
2026-04-24 00:00:00+00:00,4711.7001953125,4726.7001953125,4683.5,4687.5,12192
2026-04-24 04:00:00+00:00,4686.89990234375,4710.7001953125,4672.2001953125,4709.39990234375,14843
2026-04-24 08:00:00+00:00,4710.10009765625,4733.89990234375,4689.60009765625,4723.2001953125,20741
2026-04-24 12:00:00+00:00,4723.2001953125,4757.10009765625,4705.39990234375,4743.89990234375,34924
2026-04-24 16:00:00+00:00,4743.60009765625,4747.0,4729.5,4732.10009765625,12738
2026-04-24 20:00:00+00:00,4731.89990234375,4733.39990234375,4721.10009765625,4725.39990234375,2765
2026-04-26 20:00:00+00:00,4696.10009765625,4704.0,4689.10009765625,4694.7998046875,3266
2026-04-27 00:00:00+00:00,4695.2998046875,4744.7998046875,4686.60009765625,4739.7998046875,13741
2026-04-27 04:00:00+00:00,4739.7998046875,4745.7998046875,4724.0,4727.89990234375,8653
2026-04-27 08:00:00+00:00,4728.39990234375,4730.0,4713.5,4719.7001953125,10053
2026-04-27 12:00:00+00:00,4720.10009765625,4728.0,4681.2001953125,4684.7998046875,30044
2026-04-27 16:00:00+00:00,4684.60009765625,4700.89990234375,4681.5,4696.2001953125,15013
2026-04-27 20:00:00+00:00,4695.89990234375,4710.2998046875,4691.7998046875,4707.10009765625,1945
2026-04-28 00:00:00+00:00,4707.10009765625,4716.5,4679.89990234375,4685.60009765625,11008
2026-04-28 04:00:00+00:00,4684.60009765625,4685.10009765625,4634.39990234375,4646.60009765625,24985
2026-04-28 08:00:00+00:00,4647.0,4649.39990234375,4568.0,4575.2001953125,32173
2026-04-28 12:00:00+00:00,4575.60009765625,4613.7998046875,4567.60009765625,4600.10009765625,49345
2026-04-28 16:00:00+00:00,4600.0,4615.89990234375,4591.39990234375,4609.60009765625,16664
2026-04-28 20:00:00+00:00,4609.39990234375,4614.0,4602.0,4609.7001953125,2444
2026-04-29 00:00:00+00:00,4609.5,4624.2998046875,4589.10009765625,4609.60009765625,12484
2026-04-29 04:00:00+00:00,4609.10009765625,4621.2998046875,4580.5,4581.39990234375,13597
2026-04-29 08:00:00+00:00,4581.60009765625,4594.2998046875,4564.5,4574.7001953125,18488
2026-04-29 12:00:00+00:00,4574.2001953125,4582.10009765625,4522.2001953125,4560.2001953125,44568
2026-04-29 16:00:00+00:00,4560.60009765625,4578.2998046875,4532.0,4560.7998046875,28975
2026-04-29 20:00:00+00:00,4561.2001953125,4574.2001953125,4550.7998046875,4573.7998046875,3263
2026-04-30 00:00:00+00:00,4573.60009765625,4594.10009765625,4566.89990234375,4567.89990234375,12620
2026-04-30 04:00:00+00:00,4567.39990234375,4617.2998046875,4552.2001953125,4610.60009765625,18551
2026-04-30 08:00:00+00:00,4610.5,4658.7998046875,4609.2001953125,4643.0,28591
2026-04-30 12:00:00+00:00,4643.2998046875,4658.60009765625,4621.2998046875,4628.10009765625,32442
2026-04-30 16:00:00+00:00,4628.2001953125,4640.2998046875,4618.0,4630.0,18683
2026-04-30 20:00:00+00:00,4630.39990234375,4652.0,4628.2998046875,4638.89990234375,2398
2026-05-01 00:00:00+00:00,4639.0,4648.10009765625,4625.89990234375,4638.60009765625,7381
2026-05-01 04:00:00+00:00,4637.7998046875,4640.2998046875,4586.7998046875,4589.5,12143
2026-05-01 08:00:00+00:00,4589.7001953125,4594.0,4570.0,4590.0,11650
2026-05-01 12:00:00+00:00,4589.5,4673.0,4586.0,4654.39990234375,40145
2026-05-01 16:00:00+00:00,4654.0,4661.2998046875,4621.0,4623.0,16065
2026-05-01 20:00:00+00:00,4623.0,4644.5,4619.0,4644.5,1556
2026-05-03 20:00:00+00:00,4633.2998046875,4640.89990234375,4622.39990234375,4625.0,2495
2026-05-04 00:00:00+00:00,4624.7998046875,4629.89990234375,4602.0,4627.7998046875,9469
2026-05-04 04:00:00+00:00,4626.5,4626.5,4588.60009765625,4589.7001953125,10267
2026-05-04 08:00:00+00:00,4589.89990234375,4595.2998046875,4535.0,4571.10009765625,22513
2026-05-04 12:00:00+00:00,4571.2998046875,4594.7001953125,4520.60009765625,4531.60009765625,38702
2026-05-04 16:00:00+00:00,4531.39990234375,4541.7998046875,4510.10009765625,4527.60009765625,28192
2026-05-04 20:00:00+00:00,4527.5,4535.89990234375,4521.2998046875,4528.10009765625,2589
2026-05-05 00:00:00+00:00,4528.60009765625,4556.39990234375,4522.7001953125,4544.7001953125,9243
2026-05-05 04:00:00+00:00,4543.5,4568.10009765625,4537.0,4555.39990234375,11067
2026-05-05 08:00:00+00:00,4555.39990234375,4575.5,4550.0,4572.89990234375,13405
2026-05-05 12:00:00+00:00,4572.7001953125,4597.5,4564.2001953125,4579.39990234375,31953
2026-05-05 16:00:00+00:00,4579.39990234375,4579.89990234375,4562.2998046875,4566.0,16332
2026-05-05 20:00:00+00:00,4566.0,4606.2001953125,4556.10009765625,4604.5,4295
2026-05-06 00:00:00+00:00,4604.10009765625,4662.0,4598.2998046875,4653.5,19640
2026-05-06 04:00:00+00:00,4653.60009765625,4693.2001953125,4653.2998046875,4692.39990234375,22787
2026-05-06 08:00:00+00:00,4692.7001953125,4734.60009765625,4682.7998046875,4703.2998046875,40426
2026-05-06 12:00:00+00:00,4703.2998046875,4728.7001953125,4671.0,4699.2998046875,45259
2026-05-06 16:00:00+00:00,4699.0,4711.2998046875,4689.7998046875,4703.0,18566
2026-05-06 20:00:00+00:00,4703.5,4710.39990234375,4695.7998046875,4708.2001953125,3511
2026-05-07 00:00:00+00:00,4708.2998046875,4730.5,4694.0,4709.0,13003
2026-05-07 04:00:00+00:00,4707.7001953125,4760.5,4700.39990234375,4752.5,18546
2026-05-07 08:00:00+00:00,4753.2001953125,4763.60009765625,4732.0,4752.0,19269
2026-05-07 12:00:00+00:00,4752.10009765625,4775.2001953125,4694.2998046875,4739.10009765625,46159
2026-05-07 16:00:00+00:00,4739.2998046875,4739.89990234375,4696.60009765625,4712.89990234375,47505
2026-05-07 20:00:00+00:00,4713.0,4729.10009765625,4671.0,4713.2001953125,5697
2026-05-08 00:00:00+00:00,4713.39990234375,4741.39990234375,4702.7001953125,4729.0,12628
2026-05-08 04:00:00+00:00,4728.60009765625,4743.5,4706.2001953125,4717.39990234375,14572
2026-05-08 08:00:00+00:00,4717.2001953125,4737.7998046875,4715.89990234375,4727.5,11980
2026-05-08 12:00:00+00:00,4727.5,4760.39990234375,4709.60009765625,4716.60009765625,47580
2026-05-08 16:00:00+00:00,4716.39990234375,4738.60009765625,4715.0,4733.39990234375,20472
2026-05-08 20:00:00+00:00,4733.7998046875,4733.89990234375,4723.2998046875,4730.7001953125,2075
2026-05-10 20:00:00+00:00,4696.7998046875,4707.5,4690.0,4700.2998046875,3887
2026-05-11 00:00:00+00:00,4699.89990234375,4714.10009765625,4678.39990234375,4687.0,19275
2026-05-11 04:00:00+00:00,4686.39990234375,4688.7998046875,4655.10009765625,4676.39990234375,17584
2026-05-11 08:00:00+00:00,4676.2998046875,4687.5,4658.7001953125,4683.2998046875,16848
2026-05-11 12:00:00+00:00,4682.89990234375,4758.39990234375,4675.89990234375,4741.7998046875,50917
2026-05-11 16:00:00+00:00,4742.0,4746.5,4716.7998046875,4743.5,23900
2026-05-11 20:00:00+00:00,4743.7001953125,4780.2998046875,4739.5,4777.2001953125,7031
2026-05-12 00:00:00+00:00,4776.7001953125,4783.39990234375,4726.7998046875,4729.0,16044
2026-05-12 04:00:00+00:00,4729.10009765625,4739.60009765625,4692.39990234375,4707.7998046875,18192
2026-05-12 08:00:00+00:00,4707.5,4717.2001953125,4692.7998046875,4714.60009765625,14958
2026-05-12 12:00:00+00:00,4714.5,4719.7998046875,4645.2001953125,4673.10009765625,52027
2026-05-12 16:00:00+00:00,4673.5,4723.2998046875,4671.2998046875,4723.2001953125,24959
2026-05-12 20:00:00+00:00,4722.7998046875,4731.60009765625,4719.39990234375,4724.7001953125,4658
2026-05-13 00:00:00+00:00,4724.5,4734.7998046875,4696.0,4703.0,14527
2026-05-13 04:00:00+00:00,4704.5,4723.10009765625,4701.2998046875,4710.39990234375,12570
2026-05-13 08:00:00+00:00,4710.2998046875,4718.2001953125,4692.2998046875,4705.2001953125,15534
2026-05-13 12:00:00+00:00,4704.89990234375,4709.39990234375,4676.0,4703.2998046875,37080
2026-05-13 16:00:00+00:00,4703.0,4717.89990234375,4685.5,4696.10009765625,26250
2026-05-13 20:00:00+00:00,4696.0,4709.0,4693.7001953125,4703.5,1891
2026-05-14 00:00:00+00:00,4703.10009765625,4714.0,4679.2998046875,4680.7998046875,11254
2026-05-14 04:00:00+00:00,4680.7998046875,4725.7998046875,4673.2001953125,4700.10009765625,17219
2026-05-14 08:00:00+00:00,4699.5,4713.60009765625,4694.60009765625,4700.39990234375,11748
2026-05-14 12:00:00+00:00,4700.2001953125,4716.89990234375,4671.2998046875,4691.89990234375,34499
2026-05-14 16:00:00+00:00,4692.10009765625,4693.5,4658.0,4659.5,20302
2026-05-14 20:00:00+00:00,4659.60009765625,4670.10009765625,4649.2998046875,4656.7001953125,5796
2026-05-15 00:00:00+00:00,4656.39990234375,4662.7998046875,4611.0,4619.7998046875,23090
2026-05-15 04:00:00+00:00,4619.2998046875,4625.89990234375,4560.10009765625,4575.7001953125,31407
2026-05-15 08:00:00+00:00,4575.60009765625,4577.0,4535.39990234375,4555.89990234375,30852
2026-05-15 12:00:00+00:00,4556.0,4570.89990234375,4513.7998046875,4543.7998046875,49131
2026-05-15 16:00:00+00:00,4543.7998046875,4568.7001953125,4533.2001953125,4549.7998046875,19547
2026-05-15 20:00:00+00:00,4550.2001953125,4561.89990234375,4537.0,4561.89990234375,2058
2026-05-17 20:00:00+00:00,4557.39990234375,4558.60009765625,4535.10009765625,4540.89990234375,4049
2026-05-18 00:00:00+00:00,4541.0,4551.39990234375,4483.5,4546.7998046875,27276
2026-05-18 04:00:00+00:00,4545.2001953125,4564.0,4533.10009765625,4550.0,23191
2026-05-18 08:00:00+00:00,4550.0,4571.89990234375,4533.5,4554.2001953125,21417
2026-05-18 12:00:00+00:00,4554.39990234375,4588.60009765625,4536.2001953125,4547.7001953125,45164
2026-05-18 16:00:00+00:00,4548.60009765625,4569.5,4537.60009765625,4562.89990234375,26362
2026-05-18 20:00:00+00:00,4563.2998046875,4593.2001953125,4562.39990234375,4585.5,3479
2026-05-19 00:00:00+00:00,4585.39990234375,4593.10009765625,4545.2001953125,4548.89990234375,15007
2026-05-19 04:00:00+00:00,4547.7998046875,4562.7001953125,4533.89990234375,4560.7001953125,17012
2026-05-19 08:00:00+00:00,4560.7001953125,4562.5,4528.60009765625,4534.0,17116
2026-05-19 12:00:00+00:00,4533.7998046875,4550.89990234375,4467.10009765625,4511.7001953125,65598
2026-05-19 16:00:00+00:00,4512.0,4516.0,4484.7998046875,4487.0,15612
2026-05-19 20:00:00+00:00,4486.89990234375,4499.5,4480.0,4491.7998046875,3943
2026-05-20 00:00:00+00:00,4492.2001953125,4512.0,4455.0,4467.10009765625,19054
2026-05-20 04:00:00+00:00,4465.7998046875,4488.7001953125,4458.60009765625,4480.89990234375,16240
2026-05-20 08:00:00+00:00,4481.10009765625,4503.7001953125,4475.10009765625,4501.2001953125,23686
2026-05-20 12:00:00+00:00,4501.0,4558.39990234375,4469.10009765625,4532.10009765625,62776
2026-05-20 16:00:00+00:00,4532.10009765625,4553.7998046875,4527.10009765625,4548.10009765625,20192
2026-05-20 20:00:00+00:00,4548.39990234375,4553.2001953125,4535.60009765625,4548.0,3656
2026-05-21 00:00:00+00:00,4548.2998046875,4572.39990234375,4528.2998046875,4529.89990234375,14046
2026-05-21 04:00:00+00:00,4529.39990234375,4541.60009765625,4513.2001953125,4520.7998046875,14274
2026-05-21 08:00:00+00:00,4520.89990234375,4544.2001953125,4505.7001953125,4515.0,19557
2026-05-21 12:00:00+00:00,4515.2001953125,4522.2998046875,4488.2998046875,4513.0,61248
2026-05-21 16:00:00+00:00,4513.2001953125,4561.2001953125,4513.10009765625,4544.10009765625,32283
2026-05-21 20:00:00+00:00,4543.89990234375,4547.0,4532.7001953125,4536.0,3451
2026-05-22 00:00:00+00:00,4536.2001953125,4541.89990234375,4519.39990234375,4529.89990234375,8092
2026-05-22 04:00:00+00:00,4530.60009765625,4535.39990234375,4508.2001953125,4522.7001953125,11997
2026-05-22 08:00:00+00:00,4522.7001953125,4537.60009765625,4511.39990234375,4521.5,19117
2026-05-22 12:00:00+00:00,4521.10009765625,4537.39990234375,4488.0,4521.0,43653
2026-05-22 16:00:00+00:00,4521.2998046875,4529.89990234375,4505.60009765625,4510.0,20181
2026-05-22 20:00:00+00:00,4510.10009765625,4523.2001953125,4505.39990234375,4523.2001953125,1621
2026-05-26 04:00:00+00:00,4542.7001953125,4543.60009765625,4521.7998046875,4538.60009765625,18635
2026-05-26 08:00:00+00:00,4539.0,4540.89990234375,4503.0,4507.5,41159
2026-05-26 12:00:00+00:00,4507.10009765625,4532.2998046875,4500.2001953125,4506.7001953125,66720
2026-05-26 16:00:00+00:00,4506.5,4512.0,4480.0,4508.7001953125,40188
2026-05-26 20:00:00+00:00,4509.0,4528.10009765625,4498.89990234375,4519.60009765625,2545
2026-05-27 00:00:00+00:00,4517.39990234375,4525.7998046875,4496.2001953125,4496.2998046875,2723
2026-05-27 04:00:00+00:00,4496.0,4520.60009765625,4478.5,4513.2001953125,30002
2026-05-27 08:00:00+00:00,4513.10009765625,4529.5,4454.2998046875,4458.2998046875,49992
2026-05-27 12:00:00+00:00,4458.5,4496.5,4431.0,4468.0,88245
2026-05-27 16:00:00+00:00,4468.10009765625,4490.0,4465.60009765625,4483.0,25758
2026-05-27 20:00:00+00:00,4482.7998046875,4502.0,4473.2001953125,4477.7001953125,3419
2026-05-28 00:00:00+00:00,4477.39990234375,4489.5,4398.0,4405.2998046875,21364
2026-05-28 04:00:00+00:00,4404.2001953125,4426.0,4395.60009765625,4417.2001953125,19084
2026-05-28 08:00:00+00:00,4417.5,4434.2998046875,4405.5,4418.2001953125,17418
2026-05-28 12:00:00+00:00,4417.89990234375,4515.89990234375,4409.7998046875,4512.5,57929
2026-05-28 16:00:00+00:00,4512.89990234375,4547.10009765625,4507.5,4528.7001953125,26476
2026-05-28 20:00:00+00:00,4528.7001953125,4531.7001953125,4519.5,4525.60009765625,3035
2026-05-29 00:00:00+00:00,4525.5,4551.2001953125,4522.5,4530.89990234375,11405
2026-05-29 04:00:00+00:00,4531.39990234375,4557.2001953125,4531.39990234375,4555.5,16746
2026-05-29 08:00:00+00:00,4555.0,4574.39990234375,4540.0,4569.10009765625,19191
2026-05-29 12:00:00+00:00,4569.2001953125,4627.10009765625,4543.39990234375,4602.10009765625,54002
2026-05-29 16:00:00+00:00,4602.10009765625,4604.5,4574.10009765625,4576.7998046875,19052
2026-05-29 20:00:00+00:00,4576.89990234375,4593.0,4567.2998046875,4593.0,1797
2026-05-31 20:00:00+00:00,4555.2998046875,4576.39990234375,4554.10009765625,4570.7001953125,3322
2026-06-01 00:00:00+00:00,4570.5,4577.2998046875,4540.2998046875,4546.0,10687
2026-06-01 04:00:00+00:00,4546.89990234375,4555.39990234375,4522.10009765625,4532.7001953125,12748
2026-06-01 08:00:00+00:00,4533.0,4542.7998046875,4518.60009765625,4536.0,15102
2026-06-01 12:00:00+00:00,4535.7998046875,4540.39990234375,4476.0,4504.10009765625,48604
2026-06-01 16:00:00+00:00,4504.7001953125,4525.60009765625,4493.10009765625,4511.10009765625,19687
2026-06-01 20:00:00+00:00,4511.2001953125,4518.60009765625,4508.2001953125,4514.2998046875,2962
2026-06-02 00:00:00+00:00,4514.39990234375,4530.0,4492.2998046875,4528.39990234375,13974
2026-06-02 04:00:00+00:00,4529.2998046875,4571.2998046875,4528.0,4565.2001953125,19493
2026-06-02 08:00:00+00:00,4565.2001953125,4569.2998046875,4550.89990234375,4557.2998046875,13796
2026-06-02 12:00:00+00:00,4557.5,4563.7998046875,4519.39990234375,4531.7001953125,30722
2026-06-02 16:00:00+00:00,4531.7001953125,4532.7998046875,4508.0,4517.7001953125,15808
2026-06-02 20:00:00+00:00,4517.7998046875,4522.7001953125,4490.5,4502.89990234375,6422
2026-06-03 00:00:00+00:00,4502.60009765625,4525.10009765625,4491.2001953125,4512.0,13222
2026-06-03 04:00:00+00:00,4512.39990234375,4516.10009765625,4481.10009765625,4481.60009765625,14562
2026-06-03 08:00:00+00:00,4481.7998046875,4496.5,4467.2001953125,4490.60009765625,18939
2026-06-03 12:00:00+00:00,4490.89990234375,4495.60009765625,4454.0,4469.7998046875,31275
2026-06-03 16:00:00+00:00,4470.0,4480.0,4461.10009765625,4472.0,14920
2026-06-03 20:00:00+00:00,4471.89990234375,4491.2001953125,4450.10009765625,4483.5,5034
2026-06-04 00:00:00+00:00,4484.0,4504.2001953125,4470.0,4490.60009765625,11770
2026-06-04 04:00:00+00:00,4490.60009765625,4511.2001953125,4486.2001953125,4488.5,11853
2026-06-04 08:00:00+00:00,4488.39990234375,4542.39990234375,4485.39990234375,4539.2001953125,18593
2026-06-04 12:00:00+00:00,4539.10009765625,4543.2001953125,4483.7998046875,4504.89990234375,41783
2026-06-04 16:00:00+00:00,4504.89990234375,4513.2001953125,4500.0,4508.89990234375,17144
2026-06-04 20:00:00+00:00,4508.5,4509.2998046875,4487.7001953125,4488.39990234375,3268
2026-06-05 00:00:00+00:00,4488.2001953125,4497.0,4461.2001953125,4468.39990234375,15292
2026-06-05 04:00:00+00:00,4468.7001953125,4494.2001953125,4454.7998046875,4487.7001953125,14182
2026-06-05 08:00:00+00:00,4487.2998046875,4502.2001953125,4484.7998046875,4497.0,12226
2026-06-05 12:00:00+00:00,4497.39990234375,4502.7998046875,4358.7998046875,4360.39990234375,85345
2026-06-05 16:00:00+00:00,4360.2998046875,4372.0,4338.2998046875,4343.5,37820
2026-06-05 20:00:00+00:00,4343.7001953125,4365.2998046875,4336.60009765625,4365.2998046875,4141
2026-06-07 20:00:00+00:00,4342.2001953125,4371.0,4337.2998046875,4367.89990234375,5697
2026-06-08 00:00:00+00:00,4367.0,4377.5,4323.60009765625,4339.7998046875,19737
2026-06-08 04:00:00+00:00,4342.0,4346.39990234375,4293.0,4319.89990234375,21790
2026-06-08 08:00:00+00:00,4319.2998046875,4358.5,4297.10009765625,4356.2998046875,28715
2026-06-08 12:00:00+00:00,4355.7001953125,4371.5,4339.0,4366.10009765625,41080
2026-06-08 16:00:00+00:00,4365.89990234375,4371.0,4346.60009765625,4350.2998046875,19152
2026-06-08 20:00:00+00:00,4350.5,4363.39990234375,4336.0,4340.89990234375,3290
2026-06-09 00:00:00+00:00,4340.89990234375,4366.5,4338.7998046875,4359.7998046875,11593
2026-06-09 04:00:00+00:00,4360.7998046875,4375.7001953125,4346.0,4350.2001953125,13082
2026-06-09 08:00:00+00:00,4350.10009765625,4368.2998046875,4344.5,4364.2998046875,13242
2026-06-09 12:00:00+00:00,4364.39990234375,4388.60009765625,4287.10009765625,4296.7001953125,53475
2026-06-09 16:00:00+00:00,4296.5,4305.2998046875,4259.89990234375,4282.7001953125,38233
2026-06-09 20:00:00+00:00,4282.7998046875,4286.10009765625,4233.0,4245.10009765625,6527
2026-06-10 00:00:00+00:00,4245.2001953125,4251.10009765625,4195.5,4208.2001953125,23047
2026-06-10 04:00:00+00:00,4208.89990234375,4245.5,4194.2001953125,4209.7001953125,18044
2026-06-10 08:00:00+00:00,4209.39990234375,4211.0,4168.2001953125,4170.2001953125,33716
2026-06-10 12:00:00+00:00,4169.89990234375,4209.5,4129.60009765625,4151.89990234375,75665
2026-06-10 16:00:00+00:00,4152.7001953125,4158.7998046875,4105.0,4106.2001953125,36042
2026-06-10 20:00:00+00:00,4106.0,4106.39990234375,4046.199951171875,4069.699951171875,10277
2026-06-11 00:00:00+00:00,4070.89990234375,4138.5,4058.0,4095.5,35745
2026-06-11 04:00:00+00:00,4094.39990234375,4131.5,4091.199951171875,4125.7998046875,19192
2026-06-11 08:00:00+00:00,4125.7001953125,4133.60009765625,4098.10009765625,4100.7001953125,17598
2026-06-11 12:00:00+00:00,4100.89990234375,4116.7998046875,4072.800048828125,4110.0,48891
2026-06-11 16:00:00+00:00,4110.2001953125,4241.2998046875,4092.89990234375,4229.89990234375,59917
2026-06-11 20:00:00+00:00,4230.2001953125,4267.7998046875,4226.2001953125,4240.60009765625,7423
2026-06-12 00:00:00+00:00,4240.10009765625,4251.7001953125,4192.89990234375,4220.89990234375,17233
2026-06-12 04:00:00+00:00,4219.0,4222.60009765625,4191.10009765625,4215.2001953125,13704
2026-06-12 08:00:00+00:00,4215.89990234375,4249.60009765625,4213.2001953125,4227.7998046875,22309
2026-06-12 12:00:00+00:00,4227.89990234375,4256.7998046875,4197.5,4232.39990234375,46989
2026-06-12 16:00:00+00:00,4232.2998046875,4256.2001953125,4223.2001953125,4231.89990234375,22683
2026-06-12 20:00:00+00:00,4231.60009765625,4240.60009765625,4230.7001953125,4238.7998046875,1729
2026-06-14 20:00:00+00:00,4325.60009765625,4327.0,4300.0,4314.2998046875,8295
2026-06-15 00:00:00+00:00,4314.2998046875,4356.7998046875,4306.39990234375,4345.7001953125,18448
2026-06-15 04:00:00+00:00,4346.39990234375,4353.89990234375,4321.60009765625,4344.2998046875,13538
2026-06-15 08:00:00+00:00,4344.10009765625,4368.89990234375,4342.7001953125,4356.60009765625,19940
2026-06-15 12:00:00+00:00,4356.60009765625,4391.5,4345.2998046875,4377.60009765625,41646
2026-06-15 16:00:00+00:00,4377.7998046875,4380.2998046875,4338.2001953125,4342.39990234375,19019
2026-06-15 20:00:00+00:00,4342.60009765625,4343.89990234375,4326.7001953125,4337.2998046875,4267
2026-06-16 00:00:00+00:00,4336.60009765625,4354.10009765625,4327.39990234375,4351.39990234375,10828
2026-06-16 04:00:00+00:00,4352.10009765625,4357.10009765625,4334.2001953125,4356.60009765625,9436
2026-06-16 08:00:00+00:00,4356.39990234375,4370.60009765625,4354.2001953125,4361.39990234375,15321
2026-06-16 12:00:00+00:00,4361.60009765625,4376.5,4333.7001953125,4355.7001953125,32298
2026-06-16 16:00:00+00:00,4355.60009765625,4368.10009765625,4346.39990234375,4355.60009765625,15230
2026-06-16 20:00:00+00:00,4355.2998046875,4358.0,4348.7001953125,4350.7998046875,1717
2026-06-17 00:00:00+00:00,4350.89990234375,4369.7998046875,4348.2001953125,4351.2001953125,7726
2026-06-17 04:00:00+00:00,4352.2001953125,4353.7998046875,4337.10009765625,4344.7001953125,9765
2026-06-17 08:00:00+00:00,4344.7998046875,4355.10009765625,4335.60009765625,4342.60009765625,9271
2026-06-17 12:00:00+00:00,4342.7998046875,4385.5,4338.7001953125,4383.60009765625,35178
2026-06-17 16:00:00+00:00,4383.2998046875,4403.60009765625,4237.39990234375,4254.2998046875,84923
2026-06-17 20:00:00+00:00,4254.2001953125,4303.0,4253.2998046875,4297.2001953125,9824
2026-06-18 00:00:00+00:00,4297.60009765625,4350.2001953125,4296.2001953125,4339.60009765625,18016
2026-06-18 04:00:00+00:00,4340.0,4345.2001953125,4307.10009765625,4308.39990234375,14309
2026-06-18 08:00:00+00:00,4308.60009765625,4312.60009765625,4257.89990234375,4260.60009765625,23136
2026-06-18 12:00:00+00:00,4260.5,4296.2001953125,4241.7001953125,4245.5,46578
2026-06-18 16:00:00+00:00,4245.7998046875,4252.5,4220.2998046875,4236.2001953125,25636
2026-06-18 20:00:00+00:00,4236.2001953125,4238.7001953125,4205.0,4206.7998046875,3348
2026-06-19 00:00:00+00:00,4206.89990234375,4216.89990234375,4162.7001953125,4167.5,11665
2026-06-21 20:00:00+00:00,4163.89990234375,4181.5,4151.39990234375,4157.0,6943
2026-06-22 00:00:00+00:00,4157.2998046875,4238.10009765625,4156.60009765625,4189.60009765625,19489
2026-06-22 04:00:00+00:00,4189.2001953125,4225.39990234375,4172.89990234375,4208.5,10338
2026-06-22 08:00:00+00:00,4208.2998046875,4233.7001953125,4172.89990234375,4225.2998046875,12822
2026-06-22 12:00:00+00:00,4225.89990234375,4229.89990234375,4172.89990234375,4201.0,37656
2026-06-22 16:00:00+00:00,4200.7998046875,4211.89990234375,4172.89990234375,4209.39990234375,12616
2026-06-22 20:00:00+00:00,4209.39990234375,4213.60009765625,4172.89990234375,4205.5,1829
2026-06-23 00:00:00+00:00,4205.0,4216.0,4148.39990234375,4162.2001953125,17290
2026-06-23 04:00:00+00:00,4161.7998046875,4164.7998046875,4114.0,4116.0,20070
2026-06-23 08:00:00+00:00,4116.2998046875,4151.10009765625,4108.2001953125,4141.10009765625,18540
2026-06-23 12:00:00+00:00,4141.0,4163.5,4122.7998046875,4156.7001953125,40393
2026-06-23 16:00:00+00:00,4156.7998046875,4161.7998046875,4129.10009765625,4129.60009765625,15157
2026-06-23 20:00:00+00:00,4129.89990234375,4132.39990234375,4097.89990234375,4116.60009765625,5477
2026-06-24 00:00:00+00:00,4117.0,4129.7001953125,4067.0,4079.89990234375,19707
2026-06-24 04:00:00+00:00,4080.10009765625,4114.7001953125,4071.60009765625,4091.5,14024
2026-06-24 08:00:00+00:00,4091.60009765625,4104.7998046875,4053.89990234375,4063.199951171875,17832
2026-06-24 12:00:00+00:00,4063.39990234375,4065.199951171875,3980.300048828125,4019.5,87394
2026-06-24 16:00:00+00:00,4019.39990234375,4039.699951171875,3975.699951171875,4004.89990234375,34253
2026-06-24 20:00:00+00:00,4005.5,4033.89990234375,4001.60009765625,4026.60009765625,6162
2026-06-25 00:00:00+00:00,4028.300048828125,4031.5,3976.300048828125,4012.39990234375,20036
2026-06-25 04:00:00+00:00,4011.10009765625,4015.699951171875,3986.60009765625,4003.5,16728
2026-06-25 08:00:00+00:00,4003.60009765625,4017.89990234375,3988.60009765625,3995.300048828125,16023
2026-06-25 12:00:00+00:00,3995.39990234375,4058.699951171875,3993.5,4057.5,58823
2026-06-25 16:00:00+00:00,4057.199951171875,4060.0,4036.800048828125,4041.60009765625,24346
2026-06-25 20:00:00+00:00,4042.10009765625,4051.60009765625,4027.5,4030.199951171875,2767
2026-06-26 00:00:00+00:00,4029.89990234375,4044.800048828125,3998.10009765625,4018.60009765625,15436
2026-06-26 04:00:00+00:00,4019.39990234375,4055.5,4013.800048828125,4046.39990234375,16140
2026-06-26 08:00:00+00:00,4046.10009765625,4071.5,4041.199951171875,4061.0,16408
2026-06-26 12:00:00+00:00,4061.10009765625,4111.5,4050.60009765625,4106.2998046875,43697
2026-06-26 16:00:00+00:00,4106.10009765625,4109.2001953125,4079.0,4086.199951171875,17037
2026-06-26 20:00:00+00:00,4086.39990234375,4104.39990234375,4079.0,4096.2998046875,2400
2026-06-28 20:00:00+00:00,4089.800048828125,4092.39990234375,4065.89990234375,4076.699951171875,4888
2026-06-29 00:00:00+00:00,4076.300048828125,4090.39990234375,4062.60009765625,4083.199951171875,11612
2026-06-29 04:00:00+00:00,4082.800048828125,4083.199951171875,4053.800048828125,4076.300048828125,13546
2026-06-29 08:00:00+00:00,4075.699951171875,4081.0,4038.10009765625,4053.300048828125,20295
2026-06-29 12:00:00+00:00,4053.5,4067.0,4012.0,4041.5,35187
2026-06-29 16:00:00+00:00,4041.5,4046.699951171875,4019.199951171875,4030.39990234375,15308
2026-06-29 20:00:00+00:00,4030.60009765625,4036.699951171875,4023.5,4029.39990234375,2535
2026-06-30 00:00:00+00:00,4028.60009765625,4028.89990234375,3955.39990234375,3983.800048828125,27348
2026-06-30 04:00:00+00:00,3982.5,4048.699951171875,3981.300048828125,4046.300048828125,19317
2026-06-30 08:00:00+00:00,4046.39990234375,4051.800048828125,4025.89990234375,4047.5,15397
2026-06-30 12:00:00+00:00,4048.0,4078.10009765625,4022.10009765625,4044.199951171875,40558
2026-06-30 16:00:00+00:00,4043.800048828125,4048.699951171875,4029.10009765625,4030.199951171875,14834
2026-06-30 20:00:00+00:00,4030.199951171875,4036.0,4018.0,4018.89990234375,4097
2026-07-01 00:00:00+00:00,4018.89990234375,4022.699951171875,3983.0,3992.89990234375,14464
2026-07-01 04:00:00+00:00,3993.39990234375,3995.39990234375,3973.0,3988.699951171875,18271
2026-07-01 08:00:00+00:00,3988.800048828125,4049.39990234375,3982.5,4044.0,18407
2026-07-01 12:00:00+00:00,4044.5,4131.0,4026.60009765625,4095.10009765625,64194
2026-07-01 16:00:00+00:00,4095.5,4102.89990234375,4048.39990234375,4052.300048828125,18301
2026-07-01 20:00:00+00:00,4052.199951171875,4057.199951171875,4042.10009765625,4047.39990234375,4825
2026-07-02 00:00:00+00:00,4047.10009765625,4086.300048828125,4042.800048828125,4082.300048828125,13396
2026-07-02 04:00:00+00:00,4082.10009765625,4092.5,4065.199951171875,4076.60009765625,12022
2026-07-02 08:00:00+00:00,4076.5,4092.60009765625,4069.699951171875,4077.5,14444
2026-07-02 12:00:00+00:00,4077.300048828125,4157.10009765625,4073.39990234375,4141.39990234375,58422
2026-07-02 16:00:00+00:00,4141.7001953125,4143.2001953125,4113.0,4134.0,18011
2026-07-02 20:00:00+00:00,4134.2001953125,4149.10009765625,4129.39990234375,4139.2001953125,4570
2026-07-03 00:00:00+00:00,4139.0,4208.2998046875,4135.89990234375,4188.5,17613
2026-07-05 20:00:00+00:00,4187.5,4214.10009765625,4184.39990234375,4195.2001953125,6643
2026-07-06 00:00:00+00:00,4195.7998046875,4215.5,4172.7001953125,4177.0,13878
2026-07-06 04:00:00+00:00,4177.0,4187.2998046875,4156.39990234375,4175.7001953125,10509
2026-07-06 08:00:00+00:00,4176.39990234375,4187.2998046875,4148.39990234375,4167.39990234375,12333
2026-07-06 12:00:00+00:00,4167.39990234375,4187.2998046875,4140.60009765625,4159.89990234375,29226
2026-07-06 16:00:00+00:00,4160.10009765625,4187.2998046875,4152.0,4175.5,14422
2026-07-06 20:00:00+00:00,4175.39990234375,4187.2998046875,4168.0,4168.7001953125,1381
2026-07-07 00:00:00+00:00,4168.5,4174.5,4135.2001953125,4141.7998046875,12004
2026-07-07 04:00:00+00:00,4142.39990234375,4152.39990234375,4127.7001953125,4135.7998046875,10479
2026-07-07 08:00:00+00:00,4135.39990234375,4170.0,4130.60009765625,4168.60009765625,15227
2026-07-07 12:00:00+00:00,4168.60009765625,4192.39990234375,4146.89990234375,4150.10009765625,40371
2026-07-07 16:00:00+00:00,4150.39990234375,4159.7998046875,4102.7001953125,4125.10009765625,25639
2026-07-07 20:00:00+00:00,4125.2998046875,4126.7001953125,4104.0,4108.7998046875,5125
2026-07-08 00:00:00+00:00,4108.5,4142.2998046875,4106.7998046875,4133.7001953125,14873
2026-07-08 04:00:00+00:00,4134.2001953125,4144.7001953125,4125.39990234375,4132.0,11079
2026-07-08 08:00:00+00:00,4132.0,4132.5,4050.0,4072.300048828125,42758
2026-07-08 12:00:00+00:00,4071.89990234375,4096.7998046875,4032.5,4044.10009765625,53416
2026-07-08 16:00:00+00:00,4044.5,4101.60009765625,4043.39990234375,4090.199951171875,32625
2026-07-08 20:00:00+00:00,4090.5,4093.5,4081.10009765625,4085.60009765625,3459
2026-07-09 00:00:00+00:00,4087.5,4099.10009765625,4063.39990234375,4072.10009765625,13261
2026-07-09 04:00:00+00:00,4073.60009765625,4121.0,4065.89990234375,4117.89990234375,18333
2026-07-09 08:00:00+00:00,4117.89990234375,4127.39990234375,4102.7998046875,4118.7001953125,15009
2026-07-09 12:00:00+00:00,4118.7001953125,4147.39990234375,4114.7998046875,4136.39990234375,40088
2026-07-09 16:00:00+00:00,4136.7998046875,4148.39990234375,4128.2998046875,4132.39990234375,22554
2026-07-09 20:00:00+00:00,4132.10009765625,4136.7998046875,4130.0,4132.60009765625,1561
2026-07-10 00:00:00+00:00,4132.5,4144.60009765625,4118.2998046875,4129.5,11572
2026-07-10 04:00:00+00:00,4128.7998046875,4130.5,4113.0,4117.89990234375,9734
2026-07-10 08:00:00+00:00,4117.60009765625,4121.7998046875,4103.0,4111.0,14449
2026-07-10 12:00:00+00:00,4111.39990234375,4127.0,4081.699951171875,4122.10009765625,35670
2026-07-10 16:00:00+00:00,4122.39990234375,4124.7998046875,4106.2998046875,4116.60009765625,17125
2026-07-10 20:00:00+00:00,4116.39990234375,4129.0,4113.7001953125,4113.7001953125,1563
2026-07-12 20:00:00+00:00,4097.89990234375,4102.2001953125,4075.800048828125,4092.89990234375,4830
2026-07-13 00:00:00+00:00,4093.10009765625,4099.7001953125,4060.699951171875,4067.39990234375,17637
2026-07-13 04:00:00+00:00,4068.10009765625,4080.89990234375,4052.0,4072.800048828125,15298
2026-07-13 08:00:00+00:00,4072.800048828125,4089.10009765625,4055.0,4064.0,17514
2026-07-13 12:00:00+00:00,4064.0,4075.5,4005.800048828125,4023.300048828125,52213
2026-07-13 16:00:00+00:00,4023.10009765625,4025.5,3992.89990234375,4009.300048828125,33594
2026-07-13 20:00:00+00:00,4009.39990234375,4015.5,3999.10009765625,4007.89990234375,3838
2026-07-14 00:00:00+00:00,4008.60009765625,4025.699951171875,3990.39990234375,4022.60009765625,16215
2026-07-14 04:00:00+00:00,4023.699951171875,4040.39990234375,4019.89990234375,4027.300048828125,12085
2026-07-14 08:00:00+00:00,4027.300048828125,4039.0,4020.10009765625,4038.10009765625,13522
2026-07-14 12:00:00+00:00,4038.5,4112.5,4029.800048828125,4073.10009765625,71392
2026-07-14 16:00:00+00:00,4073.199951171875,4073.800048828125,4049.199951171875,4062.10009765625,26929
2026-07-14 20:00:00+00:00,4062.10009765625,4063.10009765625,4052.699951171875,4058.800048828125,3367
2026-07-15 00:00:00+00:00,4059.0,4068.60009765625,4033.89990234375,4037.89990234375,12221
2026-07-15 04:00:00+00:00,4036.89990234375,4044.699951171875,4025.60009765625,4030.699951171875,13644
2026-07-15 08:00:00+00:00,4030.699951171875,4046.5,4023.300048828125,4044.5,13812
2026-07-15 12:00:00+00:00,4044.89990234375,4080.699951171875,4041.800048828125,4053.199951171875,36729
2026-07-15 16:00:00+00:00,4053.39990234375,4089.10009765625,4033.0,4064.0,30278
2026-07-15 20:00:00+00:00,4063.699951171875,4071.89990234375,4061.10009765625,4063.60009765625,3190
2026-07-16 00:00:00+00:00,4063.800048828125,4067.10009765625,4029.39990234375,4040.699951171875,11971
2026-07-16 04:00:00+00:00,4041.800048828125,4051.800048828125,4027.699951171875,4036.10009765625,10991
2026-07-16 08:00:00+00:00,4035.5,4048.39990234375,4026.199951171875,4044.10009765625,13793
2026-07-16 12:00:00+00:00,4044.39990234375,4048.699951171875,3977.10009765625,4011.800048828125,58081
2026-07-16 16:00:00+00:00,4011.39990234375,4012.300048828125,3973.39990234375,3984.60009765625,22637
2026-07-16 20:00:00+00:00,3984.800048828125,3989.89990234375,3976.199951171875,3989.199951171875,2906
2026-07-17 00:00:00+00:00,3989.5,4012.199951171875,3974.10009765625,3995.699951171875,13820
2026-07-17 04:00:00+00:00,3995.0,4010.699951171875,3978.39990234375,3997.0,13326
2026-07-17 08:00:00+00:00,3996.60009765625,4006.5,3991.300048828125,3997.89990234375,11126
2026-07-17 12:00:00+00:00,3998.199951171875,4026.10009765625,3963.0,4024.10009765625,48607
2026-07-17 16:00:00+00:00,4024.39990234375,4028.89990234375,4006.800048828125,4019.89990234375,19291
2026-07-17 20:00:00+00:00,4019.89990234375,4023.0,4013.199951171875,4018.800048828125,0
2026-07-19 20:00:00+00:00,4001.0,4004.39990234375,3993.0,3999.199951171875,2637
2026-07-20 00:00:00+00:00,3999.60009765625,4034.199951171875,3986.5,4027.800048828125,15713
2026-07-20 04:00:00+00:00,4028.699951171875,4031.300048828125,4006.5,4022.0,10506
2026-07-20 08:00:00+00:00,4022.199951171875,4046.0,4018.699951171875,4030.5,15269
2026-07-20 12:00:00+00:00,4030.0,4030.199951171875,4001.60009765625,4016.199951171875,36522
2026-07-20 16:00:00+00:00,4016.300048828125,4022.800048828125,4005.199951171875,4010.699951171875,16887
2026-07-20 20:00:00+00:00,4011.10009765625,4015.10009765625,4003.300048828125,4014.39990234375,3392
2026-07-21 00:00:00+00:00,4014.5,4057.199951171875,4008.300048828125,4050.89990234375,15891
2026-07-21 04:00:00+00:00,4051.699951171875,4088.39990234375,4048.39990234375,4075.699951171875,21455
2026-07-21 08:00:00+00:00,4075.60009765625,4076.89990234375,4058.89990234375,4060.60009765625,18417
2026-07-21 12:00:00+00:00,4060.5,4088.0,4048.39990234375,4078.60009765625,38657
2026-07-21 16:00:00+00:00,4078.5,4092.5,4071.0,4088.60009765625,15741
2026-07-21 20:00:00+00:00,4088.60009765625,4090.89990234375,4080.89990234375,4085.199951171875,2753
2026-07-22 00:00:00+00:00,4085.5,4146.0,4081.10009765625,4135.5,22086
2026-07-22 04:00:00+00:00,4135.10009765625,4140.0,4113.2998046875,4114.60009765625,17094
2026-07-22 08:00:00+00:00,4115.0,4127.89990234375,4114.7998046875,4127.39990234375,14639
2026-07-22 12:00:00+00:00,4127.5,4171.39990234375,4110.39990234375,4164.10009765625,48871
2026-07-22 16:00:00+00:00,4164.39990234375,4164.5,4133.89990234375,4136.39990234375,21198
2026-07-22 20:00:00+00:00,4136.39990234375,4142.7998046875,4074.60009765625,4135.7998046875,6181
2026-07-23 00:00:00+00:00,4136.7998046875,4144.0,4114.7001953125,4127.60009765625,13389
2026-07-23 04:00:00+00:00,4127.7001953125,4133.39990234375,4093.0,4098.2998046875,13507
2026-07-23 08:00:00+00:00,4098.5,4102.39990234375,4075.699951171875,4088.89990234375,19012
2026-07-23 12:00:00+00:00,4088.39990234375,4089.0,4042.5,4051.199951171875,66361
2026-07-23 16:00:00+00:00,4051.5,4057.5,4042.5,4052.10009765625,30270
2026-07-23 20:00:00+00:00,4051.89990234375,4053.800048828125,4048.800048828125,4049.39990234375,3208
2026-07-24 00:00:00+00:00,4049.800048828125,4054.10009765625,4025.300048828125,4031.10009765625,13644
2026-07-24 04:00:00+00:00,4031.300048828125,4056.300048828125,4024.0,4051.10009765625,13474
2026-07-24 08:00:00+00:00,4051.199951171875,4067.0,4047.5,4060.199951171875,14839
2026-07-24 12:00:00+00:00,4060.60009765625,4085.199951171875,4046.89990234375,4079.89990234375,44103
2026-07-24 16:00:00+00:00,4080.300048828125,4080.89990234375,4051.300048828125,4056.10009765625,22001
2026-07-24 20:00:00+00:00,4055.89990234375,4070.800048828125,4053.89990234375,4070.800048828125,1967
2026-07-26 20:00:00+00:00,4091.5,4099.0,4085.800048828125,4096.89990234375,3899
2026-07-27 00:00:00+00:00,4097.2001953125,4119.2998046875,4087.0,4092.5,15102
2026-07-27 04:00:00+00:00,4093.0,4108.2998046875,4086.5,4090.699951171875,10058
2026-07-27 08:00:00+00:00,4090.89990234375,4107.0,4088.39990234375,4095.89990234375,18298
2026-07-27 12:00:00+00:00,4096.10009765625,4099.7998046875,4067.10009765625,4080.60009765625,56144
2026-07-27 16:00:00+00:00,4080.800048828125,4095.699951171875,4072.199951171875,4085.5,24812
2026-07-27 20:00:00+00:00,4085.39990234375,4086.39990234375,4071.0,4074.39990234375,2733
2026-07-28 00:00:00+00:00,4074.39990234375,4075.5,4040.699951171875,4049.60009765625,13353
2026-07-28 04:00:00+00:00,4049.0,4052.89990234375,4034.60009765625,4047.300048828125,20275
2026-07-28 08:00:00+00:00,4047.300048828125,4055.60009765625,4016.5,4027.800048828125,30203
2026-07-28 12:00:00+00:00,4027.300048828125,4047.39990234375,4011.10009765625,4046.5,59429
2026-07-28 16:00:00+00:00,4046.699951171875,4046.800048828125,4021.39990234375,4025.89990234375,38149
2026-07-28 20:00:00+00:00,4025.800048828125,4034.0,4013.199951171875,4024.300048828125,2867
2026-07-29 00:00:00+00:00,4025.0,4036.800048828125,4009.300048828125,4021.5,3480
2026-07-29 04:00:00+00:00,4022.0,4106.7001953125,4019.300048828125,4102.60009765625,17037
2026-07-29 08:00:00+00:00,4103.0,4103.5,4084.0,4091.5,17271
2026-07-29 12:00:00+00:00,4091.699951171875,4092.5,4053.89990234375,4068.5,57366
2026-07-29 16:00:00+00:00,4068.5,4176.7998046875,4066.300048828125,4104.7001953125,75346
2026-07-29 20:00:00+00:00,4104.2001953125,4158.0,4101.7001953125,4142.0,8300
2026-07-30 00:00:00+00:00,4142.5,4151.5,4107.60009765625,4114.10009765625,15872
2026-07-30 04:00:00+00:00,4115.89990234375,4117.10009765625,4085.0,4096.10009765625,18776
2026-07-30 08:00:00+00:00,4096.10009765625,4142.2001953125,4093.89990234375,4136.0,22420
2026-07-30 12:00:00+00:00,4136.0,4180.2001953125,4123.2001953125,4167.0,57675
2026-07-30 16:00:00+00:00,4166.7998046875,4178.2998046875,4157.10009765625,4171.2001953125,19785
2026-07-30 20:00:00+00:00,4171.2998046875,4176.7001953125,4158.0,4164.39990234375,4650
2026-07-31 00:00:00+00:00,4164.7998046875,4165.39990234375,4129.7001953125,4133.10009765625,10408
2026-07-31 04:00:00+00:00,4132.60009765625,4145.2998046875,4124.7001953125,4125.10009765625,10710
2026-07-31 08:00:00+00:00,4125.39990234375,4125.39990234375,4106.5,4110.0,14909
2026-07-31 12:00:00+00:00,4110.2998046875,4115.7001953125,4076.39990234375,4101.7998046875,47274
2026-07-31 16:00:00+00:00,4101.7998046875,4111.89990234375,4097.2001953125,4107.7001953125,17656
2026-07-31 20:00:00+00:00,4107.60009765625,4109.2001953125,4097.39990234375,4107.0,2513
2026-08-02 20:00:00+00:00,4131.10009765625,4135.7998046875,4119.0,4130.39990234375,4169
2026-08-03 00:00:00+00:00,4130.5,4134.7001953125,4102.7001953125,4120.0,11890
2026-08-03 04:00:00+00:00,4120.39990234375,4127.2998046875,4107.2998046875,4117.10009765625,11382
2026-08-03 08:00:00+00:00,4117.0,4119.39990234375,4101.7001953125,4118.89990234375,11670
2026-08-03 12:00:00+00:00,4119.0,4121.10009765625,4074.0,4091.60009765625,33792
2026-08-03 16:00:00+00:00,4091.60009765625,4112.0,4085.39990234375,4108.2001953125,14431
2026-08-03 20:00:00+00:00,4108.2998046875,4115.0,4104.60009765625,4109.2998046875,3619
2026-08-04 00:00:00+00:00,4109.2001953125,4125.10009765625,4098.2001953125,4108.2001953125,10832
2026-08-04 04:00:00+00:00,4107.39990234375,4123.7001953125,4106.39990234375,4121.7998046875,11501
2026-08-04 08:00:00+00:00,4121.89990234375,4141.7998046875,4101.39990234375,4132.10009765625,19760
2026-08-04 12:00:00+00:00,4132.2998046875,4151.5,4117.2001953125,4144.2001953125,44791
2026-08-04 16:00:00+00:00,4144.39990234375,4163.7998046875,4132.10009765625,4135.2998046875,22320
2026-08-04 20:00:00+00:00,4135.60009765625,4142.10009765625,4121.60009765625,4128.7001953125,4247
2026-08-05 00:00:00+00:00,4128.60009765625,4193.7998046875,4126.2998046875,4186.60009765625,19228
2026-08-05 04:00:00+00:00,4186.10009765625,4238.5,4186.0,4229.89990234375,36240
2026-08-05 08:00:00+00:00,4229.89990234375,4252.2001953125,4209.10009765625,4248.5,30316
2026-08-05 12:00:00+00:00,4248.5,4325.5,4243.10009765625,4293.0,77865
2026-08-05 16:00:00+00:00,4293.60009765625,4328.2001953125,4285.0,4307.60009765625,31775
2026-08-05 20:00:00+00:00,4307.89990234375,4341.10009765625,4303.5,4337.2998046875,6938
2026-08-06 00:00:00+00:00,4337.2001953125,4363.7001953125,4319.60009765625,4324.89990234375,32976
2026-08-06 04:00:00+00:00,4324.5,4327.5,4306.2001953125,4321.7001953125,16086
2026-08-06 08:00:00+00:00,4322.0,4344.2001953125,4312.7001953125,4322.60009765625,18844
2026-08-06 12:00:00+00:00,4322.2001953125,4334.7001953125,4285.2001953125,4291.5,59778
2026-08-06 16:00:00+00:00,4291.7998046875,4309.7998046875,4281.2001953125,4307.7998046875,24762
2026-08-06 20:00:00+00:00,4307.7001953125,4311.7998046875,4293.60009765625,4311.0,3250
2026-08-07 00:00:00+00:00,4310.7001953125,4325.0,4288.0,4322.7998046875,14776
2026-08-07 04:00:00+00:00,4325.2998046875,4358.0,4320.2001953125,4348.89990234375,23243
2026-08-07 08:00:00+00:00,4349.2001953125,4387.10009765625,4347.89990234375,4380.7998046875,28868
2026-08-07 12:00:00+00:00,4380.60009765625,4432.2998046875,4361.0,4400.39990234375,81706
2026-08-07 16:00:00+00:00,4400.39990234375,4410.60009765625,4387.39990234375,4403.10009765625,27948
2026-08-07 20:00:00+00:00,4403.0,4404.60009765625,4395.2998046875,4399.7001953125,2589
2026-08-09 20:00:00+00:00,4398.0,4408.0,4390.7998046875,4392.0,2761
2026-08-10 00:00:00+00:00,4391.89990234375,4406.0,4373.89990234375,4387.7998046875,15250
2026-08-10 04:00:00+00:00,4387.7001953125,4421.5,4383.60009765625,4414.7001953125,16661
2026-08-10 08:00:00+00:00,4415.0,4416.0,4386.2998046875,4393.89990234375,16189
2026-08-10 12:00:00+00:00,4393.7998046875,4419.2001953125,4375.0,4417.89990234375,35007
2026-08-10 16:00:00+00:00,4418.10009765625,4453.7998046875,4408.60009765625,4446.7998046875,26899
2026-08-10 20:00:00+00:00,4447.0,4462.39990234375,4443.2001953125,4462.10009765625,3847
2026-08-11 00:00:00+00:00,4462.2998046875,4495.0,4453.0,4477.0,22500
2026-08-11 04:00:00+00:00,4476.5,4480.2998046875,4415.7001953125,4416.60009765625,23988
2026-08-11 08:00:00+00:00,4417.10009765625,4451.7998046875,4416.10009765625,4446.10009765625,18589
2026-08-11 12:00:00+00:00,4446.2001953125,4463.2998046875,4428.2001953125,4443.2001953125,43120
2026-08-11 16:00:00+00:00,4443.5,4445.7001953125,4419.7001953125,4429.7001953125,21729
2026-08-11 20:00:00+00:00,4429.2998046875,4437.7998046875,4421.39990234375,4430.39990234375,4367
2026-08-12 00:00:00+00:00,4430.60009765625,4475.7001953125,4426.0,4461.7998046875,16569
2026-08-12 04:00:00+00:00,4462.39990234375,4469.5,4444.0,4465.89990234375,15869
2026-08-12 08:00:00+00:00,4465.89990234375,4484.2001953125,4460.60009765625,4472.39990234375,17724
2026-08-12 12:00:00+00:00,4472.39990234375,4502.7001953125,4440.0,4480.39990234375,66467
2026-08-12 16:00:00+00:00,4480.2001953125,4486.2001953125,4455.89990234375,4473.89990234375,23254
2026-08-12 20:00:00+00:00,4473.7001953125,4474.2998046875,4456.5,4473.10009765625,2692
2026-08-13 00:00:00+00:00,4473.2001953125,4509.10009765625,4457.0,4458.2998046875,21611
2026-08-13 04:00:00+00:00,4458.7001953125,4465.2001953125,4425.60009765625,4426.39990234375,21110
2026-08-13 08:00:00+00:00,4426.39990234375,4454.2001953125,4420.2998046875,4444.39990234375,16024
2026-08-13 12:00:00+00:00,4444.5,4460.0,4408.7998046875,4422.39990234375,46034
2026-08-13 16:00:00+00:00,4422.2998046875,4430.60009765625,4400.0,4406.2001953125,24025
2026-08-13 20:00:00+00:00,4406.2001953125,4419.39990234375,4402.89990234375,4411.7998046875,5425
2026-08-14 00:00:00+00:00,4411.60009765625,4417.39990234375,4365.5,4379.60009765625,22767
2026-08-14 04:00:00+00:00,4379.2001953125,4401.60009765625,4365.60009765625,4399.7998046875,12930
2026-08-14 08:00:00+00:00,4399.7998046875,4426.0,4398.10009765625,4425.7998046875,16257
2026-08-14 12:00:00+00:00,4425.5,4454.60009765625,4421.7998046875,4449.0,45653
2026-08-14 16:00:00+00:00,4449.0,4454.2998046875,4427.5,4431.5,18128
2026-08-14 20:00:00+00:00,4431.39990234375,4437.2998046875,4426.89990234375,4437.2998046875,1871
2026-08-16 20:00:00+00:00,4433.7001953125,4442.5,4422.2998046875,4425.5,4231
2026-08-17 00:00:00+00:00,4426.0,4473.2001953125,4423.5,4453.7001953125,17235
2026-08-17 04:00:00+00:00,4453.5,4467.89990234375,4443.39990234375,4461.5,14099
2026-08-17 08:00:00+00:00,4461.7998046875,4462.60009765625,4445.7001953125,4453.39990234375,14538
2026-08-17 12:00:00+00:00,4453.10009765625,4485.2998046875,4433.39990234375,4484.7998046875,41787
2026-08-17 16:00:00+00:00,4485.0,4486.5,4454.5,4475.7001953125,24564
2026-08-17 20:00:00+00:00,4475.89990234375,4482.10009765625,4466.0,4482.0,3239
2026-08-18 00:00:00+00:00,4482.2998046875,4493.10009765625,4446.2998046875,4448.10009765625,17889
2026-08-18 04:00:00+00:00,4447.39990234375,4459.5,4441.39990234375,4451.2001953125,12958
2026-08-18 08:00:00+00:00,4451.60009765625,4456.2001953125,4442.39990234375,4452.2998046875,11747
2026-08-18 12:00:00+00:00,4452.60009765625,4463.0,4406.7998046875,4420.2001953125,58344
2026-08-18 16:00:00+00:00,4420.2998046875,4427.0,4392.2998046875,4400.0,20583
2026-08-18 20:00:00+00:00,4400.10009765625,4401.2001953125,4379.60009765625,4386.0,6473
2026-08-19 00:00:00+00:00,4386.10009765625,4415.7998046875,4378.0,4409.0,20598
2026-08-19 04:00:00+00:00,4408.89990234375,4417.2001953125,4388.2001953125,4408.2998046875,18185
2026-08-19 08:00:00+00:00,4408.39990234375,4429.10009765625,4404.7998046875,4419.10009765625,14580
2026-08-19 12:00:00+00:00,4419.7001953125,4557.60009765625,4417.0,4552.2001953125,128900
2026-08-19 16:00:00+00:00,4552.2001953125,4569.60009765625,4530.39990234375,4568.0,46084
2026-08-19 20:00:00+00:00,4568.39990234375,4583.7998046875,4562.7998046875,4569.2001953125,8845
2026-08-20 00:00:00+00:00,4568.7001953125,4578.60009765625,4542.10009765625,4555.7001953125,20428
2026-08-20 04:00:00+00:00,4556.39990234375,4556.60009765625,4534.7998046875,4547.60009765625,17658
2026-08-20 08:00:00+00:00,4547.89990234375,4555.89990234375,4521.2001953125,4523.10009765625,24930
2026-08-20 12:00:00+00:00,4523.2998046875,4597.10009765625,4506.0,4577.2998046875,85235
2026-08-20 16:00:00+00:00,4577.5,4588.0,4559.2001953125,4584.89990234375,24901
2026-08-20 20:00:00+00:00,4584.5,4589.0,4571.0,4582.2001953125,5466
2026-08-21 00:00:00+00:00,4582.2998046875,4600.2998046875,4565.5,4590.89990234375,18292
2026-08-21 04:00:00+00:00,4591.5,4625.0,4585.39990234375,4621.0,24963
2026-08-21 08:00:00+00:00,4621.39990234375,4661.7001953125,4615.7998046875,4654.39990234375,39405
2026-08-21 12:00:00+00:00,4654.7001953125,4673.0,4620.5,4672.0,64506
2026-08-21 16:00:00+00:00,4672.10009765625,4690.39990234375,4666.2998046875,4674.7001953125,35105
2026-08-21 20:00:00+00:00,4674.60009765625,4680.60009765625,4661.0,4680.60009765625,2580
2026-08-23 20:00:00+00:00,4675.39990234375,4682.0,4661.89990234375,4681.60009765625,5610
2026-08-24 00:00:00+00:00,4681.60009765625,4713.7998046875,4651.7998046875,4698.2001953125,31983
2026-08-24 04:00:00+00:00,4698.2001953125,4716.7001953125,4685.5,4697.39990234375,22091
2026-08-24 08:00:00+00:00,4697.7998046875,4728.2998046875,4684.2001953125,4715.0,34478
2026-08-24 12:00:00+00:00,4715.2001953125,4738.5,4696.5,4706.0,63522
2026-08-24 16:00:00+00:00,4706.0,4719.60009765625,4681.2001953125,4707.5,40134
2026-08-24 20:00:00+00:00,4707.89990234375,4740.60009765625,4703.39990234375,4737.2001953125,7547
2026-08-25 00:00:00+00:00,4737.2998046875,4755.0,4670.5,4688.2998046875,36903
2026-08-25 04:00:00+00:00,4689.39990234375,4709.60009765625,4679.2998046875,4686.10009765625,19944
2026-08-25 08:00:00+00:00,4686.10009765625,4703.5,4676.2998046875,4698.39990234375,22050
2026-08-25 12:00:00+00:00,4698.7001953125,4716.39990234375,4659.5,4709.5,58301
2026-08-25 16:00:00+00:00,4709.60009765625,4725.60009765625,4691.2998046875,4723.39990234375,27741
2026-08-25 20:00:00+00:00,4723.2998046875,4730.89990234375,4710.2998046875,4712.10009765625,5551
2026-08-26 00:00:00+00:00,4711.89990234375,4728.0,4686.2001953125,4701.10009765625,20788
2026-08-26 04:00:00+00:00,4699.7998046875,4706.2998046875,4681.10009765625,4685.10009765625,14048
2026-08-26 08:00:00+00:00,4684.89990234375,4687.0,4668.7998046875,4680.2998046875,17100
2026-08-26 12:00:00+00:00,4680.60009765625,4690.0,4638.2001953125,4651.39990234375,64795
2026-08-26 16:00:00+00:00,4651.60009765625,4660.2998046875,4640.7998046875,4648.89990234375,26174
2026-08-26 20:00:00+00:00,4649.0,4678.89990234375,4638.60009765625,4677.5,5370
2026-08-27 00:00:00+00:00,4677.89990234375,4697.7001953125,4654.5,4679.0,20021
2026-08-27 04:00:00+00:00,4679.7001953125,4681.7998046875,4647.2001953125,4653.39990234375,20182
2026-08-27 08:00:00+00:00,4654.0,4660.5,4618.89990234375,4652.2998046875,26986
2026-08-27 12:00:00+00:00,4652.0,4665.5,4616.0,4664.5,43894
2026-08-27 16:00:00+00:00,4664.7001953125,4672.39990234375,4654.7001953125,4662.7001953125,18692
2026-08-27 20:00:00+00:00,4662.7998046875,4664.7998046875,4647.2998046875,4647.60009765625,3690
2026-08-28 00:00:00+00:00,4647.7998046875,4655.7001953125,4628.0,4631.39990234375,12440
2026-08-28 04:00:00+00:00,4632.2998046875,4667.39990234375,4623.0,4665.0,16913
2026-08-28 08:00:00+00:00,4664.89990234375,4667.7001953125,4643.60009765625,4645.60009765625,14471
2026-08-28 12:00:00+00:00,4645.60009765625,4688.0,4574.7998046875,4575.7001953125,129294
2026-08-28 16:00:00+00:00,4575.89990234375,4580.89990234375,4495.0,4507.89990234375,88402
2026-08-28 20:00:00+00:00,4507.89990234375,4529.89990234375,4502.7001953125,4529.89990234375,3151
2026-08-30 20:00:00+00:00,4506.2998046875,4516.60009765625,4485.2001953125,4507.7998046875,9960
2026-08-31 00:00:00+00:00,4507.7998046875,4521.5,4445.60009765625,4472.0,33443
2026-08-31 04:00:00+00:00,4472.2998046875,4498.5,4462.5,4493.2998046875,17203
2026-08-31 08:00:00+00:00,4493.2998046875,4514.89990234375,4483.89990234375,4506.2001953125,14668
2026-08-31 12:00:00+00:00,4506.10009765625,4511.89990234375,4466.39990234375,4475.5,45678
2026-08-31 16:00:00+00:00,4475.89990234375,4502.7001953125,4473.0,4502.0,22501
2026-08-31 20:00:00+00:00,4502.2998046875,4504.89990234375,4490.2998046875,4501.0,3460
2026-09-01 00:00:00+00:00,4501.2998046875,4510.5,4477.10009765625,4487.0,15711
2026-09-01 04:00:00+00:00,4485.7001953125,4494.7001953125,4460.5,4468.7001953125,18204
2026-09-01 08:00:00+00:00,4468.60009765625,4468.60009765625,4413.0,4422.89990234375,41960
2026-09-01 12:00:00+00:00,4423.0,4424.89990234375,4374.10009765625,4421.7001953125,71985
2026-09-01 16:00:00+00:00,4421.60009765625,4423.2998046875,4369.7001953125,4374.0,36138
2026-09-01 20:00:00+00:00,4374.10009765625,4382.0,4367.7001953125,4370.60009765625,7910
2026-09-02 00:00:00+00:00,4370.7001953125,4380.89990234375,4329.2001953125,4348.7998046875,39577
2026-09-02 04:00:00+00:00,4349.89990234375,4377.7998046875,4347.7998046875,4369.7998046875,19681
2026-09-02 08:00:00+00:00,4370.10009765625,4380.2001953125,4349.10009765625,4379.60009765625,21127
2026-09-02 12:00:00+00:00,4379.5,4444.39990234375,4374.39990234375,4419.89990234375,73278
2026-09-02 16:00:00+00:00,4419.7001953125,4437.89990234375,4411.10009765625,4437.7001953125,21660
2026-09-02 20:00:00+00:00,4437.39990234375,4438.2001953125,4426.7001953125,4431.0,3940
2026-09-03 00:00:00+00:00,4431.2001953125,4478.2001953125,4427.7998046875,4477.10009765625,24825
2026-09-03 04:00:00+00:00,4477.2998046875,4486.0,4462.7998046875,4474.7001953125,28001
2026-09-03 08:00:00+00:00,4474.5,4493.39990234375,4464.89990234375,4490.2001953125,28998
2026-09-03 12:00:00+00:00,4490.0,4558.5,4484.10009765625,4540.7998046875,91674
2026-09-03 16:00:00+00:00,4540.7001953125,4543.39990234375,4520.2998046875,4522.89990234375,24775
2026-09-03 20:00:00+00:00,4522.7001953125,4527.2001953125,4517.7001953125,4526.89990234375,4090
2026-09-04 00:00:00+00:00,4527.0,4533.60009765625,4513.0,4513.7998046875,13915
2026-09-04 04:00:00+00:00,4513.10009765625,4537.7998046875,4506.60009765625,4530.2998046875,18130
2026-09-04 08:00:00+00:00,4530.39990234375,4533.60009765625,4510.0,4513.10009765625,14517
2026-09-04 12:00:00+00:00,4513.2998046875,4523.5,4412.0,4483.2998046875,106863
2026-09-04 16:00:00+00:00,4483.7998046875,4491.0,4459.0,4482.0,25348
2026-09-04 20:00:00+00:00,4481.7998046875,4482.2998046875,4475.60009765625,4476.60009765625,1799
2026-09-08 04:00:00+00:00,4483.5,4488.7998046875,4434.2998046875,4436.7001953125,19273
2026-09-08 08:00:00+00:00,4436.60009765625,4452.39990234375,4432.0,4450.89990234375,17765
2026-09-08 12:00:00+00:00,4450.89990234375,4457.89990234375,4429.5,4439.7998046875,42680
2026-09-08 16:00:00+00:00,4440.0,4448.60009765625,4401.10009765625,4404.5,37909
2026-09-08 20:00:00+00:00,4404.10009765625,4409.5,4381.0,4393.10009765625,7703
2026-09-09 00:00:00+00:00,4393.2998046875,4428.39990234375,4384.10009765625,4420.39990234375,16009
2026-09-09 04:00:00+00:00,4418.7001953125,4456.2998046875,4414.2001953125,4452.89990234375,22036
2026-09-09 08:00:00+00:00,4452.7998046875,4459.89990234375,4430.0,4451.60009765625,21061
2026-09-09 12:00:00+00:00,4451.5,4479.0,4419.2998046875,4442.7001953125,71151
2026-09-09 16:00:00+00:00,4442.89990234375,4466.7001953125,4435.7998046875,4444.39990234375,25192
2026-09-09 20:00:00+00:00,4444.2001953125,4450.39990234375,4436.7001953125,4437.5,5580
2026-09-10 00:00:00+00:00,4437.7001953125,4464.5,4433.2001953125,4451.89990234375,14482
2026-09-10 04:00:00+00:00,4452.39990234375,4479.89990234375,4447.5,4454.89990234375,24542
2026-09-10 08:00:00+00:00,4454.7001953125,4455.7001953125,4415.10009765625,4416.7001953125,25064
2026-09-10 12:00:00+00:00,4416.7998046875,4419.89990234375,4365.39990234375,4407.7998046875,81721
2026-09-10 16:00:00+00:00,4408.10009765625,4412.0,4354.7001953125,4365.7001953125,39456
2026-09-10 20:00:00+00:00,4365.5,4365.7998046875,4351.2998046875,4354.5,4401
2026-09-11 00:00:00+00:00,4355.5,4380.7001953125,4341.39990234375,4345.0,20824
2026-09-11 04:00:00+00:00,4344.2001953125,4402.0,4342.39990234375,4386.10009765625,19771
2026-09-11 08:00:00+00:00,4386.2998046875,4399.2998046875,4372.10009765625,4375.0,18500
2026-09-11 12:00:00+00:00,4375.2998046875,4444.89990234375,4333.0,4408.60009765625,91994
2026-09-11 16:00:00+00:00,4408.60009765625,4414.39990234375,4384.89990234375,4391.0,29331
2026-09-11 20:00:00+00:00,4391.0,4408.89990234375,4387.2998046875,4408.89990234375,1499
2026-09-13 20:00:00+00:00,4371.89990234375,4383.0,4368.60009765625,4373.2998046875,4532
2026-09-14 00:00:00+00:00,4373.2998046875,4396.7998046875,4367.10009765625,4370.60009765625,16934
2026-09-14 04:00:00+00:00,4370.60009765625,4379.2998046875,4348.0,4350.7001953125,15751
2026-09-14 08:00:00+00:00,4350.89990234375,4358.39990234375,4317.2998046875,4326.89990234375,28295
2026-09-14 12:00:00+00:00,4327.10009765625,4339.39990234375,4293.0,4329.10009765625,59275
2026-09-14 16:00:00+00:00,4329.2998046875,4358.89990234375,4323.2001953125,4324.10009765625,30760
2026-09-14 20:00:00+00:00,4324.10009765625,4343.60009765625,4322.7998046875,4329.0,7093
2026-09-15 00:00:00+00:00,4328.89990234375,4358.2001953125,4323.7998046875,4345.10009765625,18878
2026-09-15 04:00:00+00:00,4344.0,4350.39990234375,4316.60009765625,4320.7001953125,19589
2026-09-15 08:00:00+00:00,4320.7998046875,4326.7001953125,4301.60009765625,4324.39990234375,24047
2026-09-15 12:00:00+00:00,4324.39990234375,4340.7001953125,4311.0,4329.89990234375,43698
2026-09-15 16:00:00+00:00,4329.60009765625,4350.7998046875,4325.39990234375,4337.2998046875,27888
2026-09-15 20:00:00+00:00,4337.2998046875,4339.5,4321.2001953125,4323.2998046875,7592
2026-09-16 00:00:00+00:00,4323.89990234375,4381.89990234375,4315.2001953125,4367.2001953125,30515
2026-09-16 04:00:00+00:00,4368.0,4379.10009765625,4361.5,4369.0,14285
2026-09-16 08:00:00+00:00,4369.0,4394.7998046875,4362.60009765625,4382.7998046875,30851
2026-09-16 12:00:00+00:00,4382.7998046875,4405.2001953125,4364.5,4394.7001953125,53575
2026-09-16 16:00:00+00:00,4394.89990234375,4413.10009765625,4273.2998046875,4311.39990234375,103307
2026-09-16 20:00:00+00:00,4311.2001953125,4314.0,4294.5,4309.7001953125,8743
2026-09-17 00:00:00+00:00,4309.7998046875,4356.2001953125,4304.39990234375,4335.39990234375,28433
2026-09-17 04:00:00+00:00,4334.2001953125,4374.39990234375,4323.7001953125,4366.10009765625,20175
2026-09-17 08:00:00+00:00,4366.39990234375,4393.5,4343.7998046875,4390.0,26323
2026-09-17 12:00:00+00:00,4390.0,4423.2998046875,4383.7998046875,4409.7998046875,58250
2026-09-17 16:00:00+00:00,4410.10009765625,4412.7001953125,4381.60009765625,4385.2001953125,22513
2026-09-17 20:00:00+00:00,4385.60009765625,4388.5,4378.2998046875,4385.0,4374
2026-09-18 00:00:00+00:00,4384.39990234375,4404.60009765625,4372.2001953125,4396.60009765625,19226
2026-09-18 04:00:00+00:00,4397.60009765625,4439.7998046875,4391.7998046875,4433.2998046875,22949
2026-09-18 08:00:00+00:00,4433.2001953125,4438.2998046875,4411.39990234375,4420.7998046875,18576
2026-09-18 12:00:00+00:00,4420.89990234375,4421.89990234375,4381.0,4395.0,41762
2026-09-18 16:00:00+00:00,4395.2001953125,4435.2001953125,4393.39990234375,4415.60009765625,27367
2026-09-18 20:00:00+00:00,4415.60009765625,4424.89990234375,4414.39990234375,4424.89990234375,2172
2026-09-20 20:00:00+00:00,4415.0,4417.7998046875,4406.89990234375,4411.60009765625,2868
2026-09-21 00:00:00+00:00,4411.5,4422.10009765625,4395.39990234375,4395.7998046875,19091
2026-09-21 04:00:00+00:00,4396.7998046875,4402.89990234375,4379.0,4381.60009765625,17344
2026-09-21 08:00:00+00:00,4381.5,4409.39990234375,4377.5,4407.2998046875,17939
2026-09-21 12:00:00+00:00,4407.10009765625,4413.0,4360.2998046875,4386.2998046875,48324
2026-09-21 16:00:00+00:00,4386.5,4395.7001953125,4375.7001953125,4383.0,23522
2026-09-21 20:00:00+00:00,4383.0,4408.60009765625,4377.2998046875,4406.7998046875,7520
2026-09-22 00:00:00+00:00,4407.0,4414.10009765625,4376.2998046875,4379.10009765625,19512
2026-09-22 04:00:00+00:00,4378.5,4384.2001953125,4335.5,4337.5,27469
2026-09-22 08:00:00+00:00,4337.2001953125,4375.2998046875,4327.60009765625,4359.89990234375,36107
2026-09-22 12:00:00+00:00,4360.2001953125,4381.89990234375,4351.7998046875,4368.7001953125,46503
2026-09-22 16:00:00+00:00,4368.60009765625,4409.60009765625,4359.7998046875,4401.7998046875,32629
2026-09-22 20:00:00+00:00,4402.10009765625,4404.10009765625,4393.5,4402.0,5365
2026-09-23 00:00:00+00:00,4401.39990234375,4407.5,4370.0,4380.0,15964
2026-09-23 04:00:00+00:00,4379.39990234375,4384.39990234375,4355.10009765625,4356.2001953125,16670
2026-09-23 08:00:00+00:00,4356.2001953125,4359.7998046875,4330.89990234375,4346.2998046875,18985
2026-09-23 12:00:00+00:00,4346.39990234375,4355.60009765625,4313.2998046875,4318.2998046875,56156
2026-09-23 16:00:00+00:00,4318.2998046875,4331.5,4310.7001953125,4320.60009765625,25646
2026-09-23 20:00:00+00:00,4320.2998046875,4328.7998046875,4318.39990234375,4323.7998046875,5098
2026-09-24 00:00:00+00:00,4324.10009765625,4338.0,4308.0,4318.89990234375,22309
2026-09-24 04:00:00+00:00,4320.10009765625,4331.2001953125,4309.0,4313.2998046875,13848
2026-09-24 08:00:00+00:00,4313.39990234375,4320.2998046875,4278.2998046875,4300.39990234375,30255
2026-09-24 12:00:00+00:00,4300.2001953125,4320.0,4279.5,4291.2998046875,41607
2026-09-24 16:00:00+00:00,4291.5,4324.2998046875,4287.2001953125,4309.39990234375,41772
2026-09-24 20:00:00+00:00,4309.10009765625,4312.7998046875,4299.7001953125,4300.10009765625,7932
2026-09-25 00:00:00+00:00,4299.89990234375,4331.0,4299.2998046875,4305.7001953125,11760
2026-09-25 04:00:00+00:00,4304.7998046875,4317.0,4290.2998046875,4314.7998046875,15561
2026-09-25 08:00:00+00:00,4314.5,4351.60009765625,4310.0,4338.60009765625,22335
2026-09-25 12:00:00+00:00,4339.10009765625,4345.2998046875,4289.2001953125,4326.39990234375,49733
2026-09-25 16:00:00+00:00,4326.5,4336.0,4314.5,4326.60009765625,29103
2026-09-25 20:00:00+00:00,4326.5,4327.60009765625,4320.0,4321.2001953125,1901
2026-09-27 20:00:00+00:00,4308.7998046875,4310.0,4291.89990234375,4294.60009765625,4523
2026-09-28 00:00:00+00:00,4294.2001953125,4295.10009765625,4224.10009765625,4230.5,32941
2026-09-28 04:00:00+00:00,4229.5,4233.10009765625,4182.7001953125,4187.5,34228
2026-09-28 08:00:00+00:00,4187.39990234375,4193.0,4172.7001953125,4181.0,33477
2026-09-28 12:00:00+00:00,4180.89990234375,4203.7998046875,4143.10009765625,4156.39990234375,66445
2026-09-28 16:00:00+00:00,4156.60009765625,4181.0,4148.60009765625,4165.10009765625,40023
