timestamp,open,high,low,close
1997-10-29 00:00:00+00:00,404.5,408.0,402.0,402.70001220703125
1997-10-30 00:00:00+00:00,404.5,408.0,402.5,405.29998779296875
1997-10-31 00:00:00+00:00,402.20001220703125,405.5,401.5,404.20001220703125
1997-11-03 00:00:00+00:00,407.20001220703125,407.70001220703125,403.29998779296875,406.5
1997-11-04 00:00:00+00:00,406.5,407.5,405.0,405.70001220703125
1997-11-05 00:00:00+00:00,405.5,406.5,403.5,404.5
1997-11-06 00:00:00+00:00,395.5,398.0,385.0,389.0
1997-11-07 00:00:00+00:00,395.5,398.0,385.0,389.0
1997-11-10 00:00:00+00:00,391.5,392.79998779296875,386.1000061035156,387.3999938964844
1997-11-11 00:00:00+00:00,389.5,390.0,388.0,389.29998779296875
1997-11-12 00:00:00+00:00,390.0,392.5,390.0,391.0
1997-11-13 00:00:00+00:00,390.5,391.0,386.5,386.70001220703125
1997-11-14 00:00:00+00:00,385.0,385.0,379.5,384.0
1997-11-17 00:00:00+00:00,384.5,386.0,382.0,385.5
1997-11-18 00:00:00+00:00,385.5,393.0,385.5,392.79998779296875
1997-11-19 00:00:00+00:00,393.29998779296875,397.0,391.5,393.0
1997-11-20 00:00:00+00:00,392.5,393.70001220703125,390.1000061035156,392.20001220703125
1997-11-21 00:00:00+00:00,390.0,393.5,387.5,389.0
1997-11-24 00:00:00+00:00,388.20001220703125,389.0,385.1000061035156,386.5
1997-11-25 00:00:00+00:00,384.5,385.0,378.5,379.79998779296875
1997-11-26 00:00:00+00:00,378.5,384.0,378.0,383.29998779296875
1997-12-01 00:00:00+00:00,381.0,386.0,381.0,384.5
1997-12-02 00:00:00+00:00,386.0,389.0,386.0,388.5
1997-12-03 00:00:00+00:00,386.0,388.5,385.5,385.70001220703125
1997-12-04 00:00:00+00:00,385.0,385.0,379.0,381.0
1997-12-05 00:00:00+00:00,382.5,384.5,380.5,381.0
1997-12-08 00:00:00+00:00,379.8999938964844,380.8999938964844,376.0,376.70001220703125
1997-12-09 00:00:00+00:00,376.0,376.5,369.5,375.8999938964844
1997-12-10 00:00:00+00:00,379.0,380.0,370.0,372.8999938964844
1997-12-11 00:00:00+00:00,366.6000061035156,367.0,358.5,360.3999938964844
1997-12-12 00:00:00+00:00,360.0,362.0,359.0,360.20001220703125
1997-12-15 00:00:00+00:00,357.0,357.5,350.5,352.0
1997-12-16 00:00:00+00:00,346.0,346.0,339.5,340.6000061035156
1997-12-17 00:00:00+00:00,349.5,355.0,345.5,354.0
1997-12-18 00:00:00+00:00,353.5,358.5,353.5,356.70001220703125
1997-12-19 00:00:00+00:00,356.0,357.0,352.0,355.0
1997-12-22 00:00:00+00:00,355.0,356.0,352.70001220703125,353.1000061035156
1997-12-23 00:00:00+00:00,353.0,356.0,353.0,355.0
1997-12-24 00:00:00+00:00,359.0,366.3999938964844,359.0,366.3999938964844
1997-12-26 00:00:00+00:00,368.0,368.8999938964844,365.5,366.0
1997-12-29 00:00:00+00:00,365.0,367.0,363.5,365.5
1997-12-30 00:00:00+00:00,366.0,369.0,362.0,367.0
1997-12-31 00:00:00+00:00,366.5,371.0,365.0,370.79998779296875
1998-01-02 00:00:00+00:00,370.0,370.0,366.5,368.0
1998-01-05 00:00:00+00:00,366.0,366.0,363.5,364.3999938964844
1998-01-06 00:00:00+00:00,362.0,362.0,355.5,356.6000061035156
1998-01-07 00:00:00+00:00,360.0,363.5,358.5,363.5
1998-01-08 00:00:00+00:00,365.0,366.0,360.0,362.1000061035156
1998-01-09 00:00:00+00:00,364.0,365.0,364.0,364.1000061035156
1998-01-12 00:00:00+00:00,363.0,365.1000061035156,363.0,365.1000061035156
1998-01-13 00:00:00+00:00,363.0,375.20001220703125,363.0,375.20001220703125
1998-01-14 00:00:00+00:00,380.0,393.0,380.0,391.5
1998-01-15 00:00:00+00:00,391.6000061035156,391.6000061035156,391.6000061035156,391.6000061035156
1998-01-16 00:00:00+00:00,385.0,385.0,377.6000061035156,377.6000061035156
1998-01-20 00:00:00+00:00,379.0,379.0,378.5,378.5
1998-01-21 00:00:00+00:00,382.5,382.5,382.5,382.5
1998-01-22 00:00:00+00:00,388.0,388.0,387.1000061035156,387.1000061035156
1998-01-23 00:00:00+00:00,387.0,387.20001220703125,380.0,387.20001220703125
1998-01-26 00:00:00+00:00,386.6000061035156,386.6000061035156,386.6000061035156,386.6000061035156
1998-01-27 00:00:00+00:00,392.5,392.5,392.5,392.5
1998-01-28 00:00:00+00:00,386.5,391.0,383.0,390.70001220703125
1998-01-29 00:00:00+00:00,391.0,394.5,386.5,387.70001220703125
1998-01-30 00:00:00+00:00,387.0,388.5,386.0,388.1000061035156
1998-02-02 00:00:00+00:00,388.5,392.79998779296875,388.1000061035156,392.0
1998-02-03 00:00:00+00:00,386.0,388.0,383.6000061035156,386.20001220703125
1998-02-04 00:00:00+00:00,387.70001220703125,397.0,387.5,396.5
1998-02-05 00:00:00+00:00,405.0,407.0,395.79998779296875,399.29998779296875
1998-02-06 00:00:00+00:00,399.0,399.5,396.0,396.5
1998-02-09 00:00:00+00:00,396.0,397.5,387.0,387.79998779296875
1998-02-10 00:00:00+00:00,387.79998779296875,392.70001220703125,387.20001220703125,390.8999938964844
1998-02-11 00:00:00+00:00,389.5,395.0,388.5,390.8999938964844
1998-02-12 00:00:00+00:00,393.0,398.0,383.5,388.3999938964844
1998-02-13 00:00:00+00:00,388.0,391.0,386.20001220703125,387.8999938964844
1998-02-17 00:00:00+00:00,387.5,388.79998779296875,379.5,380.79998779296875
1998-02-18 00:00:00+00:00,380.0,380.0,374.20001220703125,377.70001220703125
1998-02-19 00:00:00+00:00,378.0,384.5,378.0,383.8999938964844
1998-02-20 00:00:00+00:00,384.20001220703125,385.8999938964844,379.0,379.20001220703125
1998-02-23 00:00:00+00:00,378.0,378.0,369.5,373.70001220703125
1998-02-24 00:00:00+00:00,374.0,374.5,372.0,373.79998779296875
1998-02-25 00:00:00+00:00,379.5,384.0,378.0,380.0
1998-02-26 00:00:00+00:00,378.5,383.0,377.0,382.6000061035156
1998-02-27 00:00:00+00:00,384.5,388.0,380.0,383.6000061035156
1998-03-02 00:00:00+00:00,385.5,390.0,385.5,388.0
1998-03-03 00:00:00+00:00,385.0,385.5,382.5,384.0
1998-03-04 00:00:00+00:00,386.0,387.79998779296875,383.5,384.5
1998-03-05 00:00:00+00:00,383.5,383.5,381.20001220703125,381.6000061035156
1998-03-06 00:00:00+00:00,382.0,384.0,378.1000061035156,379.29998779296875
1998-03-09 00:00:00+00:00,379.5,383.0,379.5,382.70001220703125
1998-03-10 00:00:00+00:00,384.5,390.5,384.5,388.5
1998-03-11 00:00:00+00:00,389.0,391.5,386.5,387.20001220703125
1998-03-12 00:00:00+00:00,388.0,392.5,386.0,387.8999938964844
1998-03-13 00:00:00+00:00,392.0,395.5,388.5,392.1000061035156
1998-03-16 00:00:00+00:00,398.8999938964844,402.79998779296875,394.5,402.5
1998-03-17 00:00:00+00:00,398.0,398.0,393.0,395.29998779296875
1998-03-18 00:00:00+00:00,393.79998779296875,413.79998779296875,393.79998779296875,409.0
1998-03-19 00:00:00+00:00,412.0,415.0,409.0,409.3999938964844
1998-03-20 00:00:00+00:00,411.0,415.0,408.5,412.29998779296875
1998-03-23 00:00:00+00:00,419.0,422.0,417.0,421.79998779296875
1998-03-24 00:00:00+00:00,421.5,422.5,412.0,415.3999938964844
1998-03-25 00:00:00+00:00,410.5,412.0,405.0,406.70001220703125
1998-03-26 00:00:00+00:00,412.0,417.0,410.0,416.3999938964844
1998-03-27 00:00:00+00:00,411.0,414.0,407.0,410.20001220703125
1998-03-30 00:00:00+00:00,409.0,413.0,407.0,407.3999938964844
1998-03-31 00:00:00+00:00,408.0,410.5,406.0,408.5
1998-04-01 00:00:00+00:00,409.5,412.0,408.5,409.5
1998-04-02 00:00:00+00:00,410.0,410.0,406.0,408.5
1998-04-03 00:00:00+00:00,418.0,418.20001220703125,414.0,418.20001220703125
1998-04-06 00:00:00+00:00,420.0,420.0,414.5,418.0
1998-04-07 00:00:00+00:00,417.6000061035156,420.5,416.5,420.5
1998-04-08 00:00:00+00:00,422.5,427.0,422.5,424.29998779296875
1998-04-09 00:00:00+00:00,429.5,430.0,429.0,429.0
1998-04-13 00:00:00+00:00,434.1000061035156,434.1000061035156,434.1000061035156,434.1000061035156
1998-04-14 00:00:00+00:00,437.0,440.0,437.0,439.1000061035156
1998-04-15 00:00:00+00:00,430.0,430.0,426.8999938964844,426.8999938964844
1998-04-16 00:00:00+00:00,415.70001220703125,415.70001220703125,415.70001220703125,415.70001220703125
1998-04-17 00:00:00+00:00,416.6000061035156,416.6000061035156,416.6000061035156,416.6000061035156
1998-04-20 00:00:00+00:00,421.8999938964844,421.8999938964844,421.8999938964844,421.8999938964844
1998-04-21 00:00:00+00:00,421.0,422.8999938964844,421.0,422.8999938964844
1998-04-22 00:00:00+00:00,426.70001220703125,426.70001220703125,426.70001220703125,426.70001220703125
1998-04-23 00:00:00+00:00,424.0,424.0,419.0,421.8999938964844
1998-04-24 00:00:00+00:00,414.0,415.79998779296875,414.0,415.79998779296875
1998-04-27 00:00:00+00:00,411.0,420.0,411.0,414.0
1998-04-28 00:00:00+00:00,406.0,408.8999938964844,401.20001220703125,404.0
1998-04-29 00:00:00+00:00,400.0,405.5,396.0,404.70001220703125
1998-04-30 00:00:00+00:00,402.5,407.5,400.0,400.3999938964844
1998-05-01 00:00:00+00:00,396.5,398.0,393.1000061035156,393.5
1998-05-04 00:00:00+00:00,394.5,398.0,391.5,395.0
1998-05-05 00:00:00+00:00,396.0,399.0,395.20001220703125,398.0
1998-05-06 00:00:00+00:00,395.8999938964844,398.0,393.0,395.0
1998-05-07 00:00:00+00:00,393.0,395.5,391.5,393.6000061035156
1998-05-08 00:00:00+00:00,395.0,398.5,393.0,396.0
1998-05-11 00:00:00+00:00,395.5,396.0,388.0,389.5
1998-05-12 00:00:00+00:00,388.5,389.5,385.0,387.20001220703125
1998-05-13 00:00:00+00:00,386.0,410.0,385.20001220703125,402.5
1998-05-14 00:00:00+00:00,402.5,405.0,399.5,400.6000061035156
1998-05-15 00:00:00+00:00,402.1000061035156,407.70001220703125,402.0,404.8999938964844
1998-05-18 00:00:00+00:00,403.8999938964844,407.0,392.0,394.70001220703125
1998-05-19 00:00:00+00:00,394.0,395.79998779296875,389.5,392.29998779296875
1998-05-20 00:00:00+00:00,389.5,392.0,378.20001220703125,380.70001220703125
1998-05-21 00:00:00+00:00,381.3999938964844,385.0,379.20001220703125,383.0
1998-05-22 00:00:00+00:00,382.5,382.5,377.0,378.70001220703125
1998-05-26 00:00:00+00:00,380.0,381.5,376.20001220703125,379.70001220703125
1998-05-27 00:00:00+00:00,376.0,376.5,372.1000061035156,374.1000061035156
1998-05-28 00:00:00+00:00,373.0,373.0,364.5,367.20001220703125
1998-05-29 00:00:00+00:00,364.5,369.0,358.5,368.20001220703125
1998-06-01 00:00:00+00:00,367.0,367.0,360.5,363.29998779296875
1998-06-02 00:00:00+00:00,365.0,369.70001220703125,362.20001220703125,364.5
1998-06-03 00:00:00+00:00,354.5,358.79998779296875,353.20001220703125,358.0
1998-06-04 00:00:00+00:00,362.0,364.0,358.5,362.70001220703125
1998-06-05 00:00:00+00:00,359.5,361.70001220703125,356.0,359.8999938964844
1998-06-08 00:00:00+00:00,358.0,364.5,356.5,364.20001220703125
1998-06-09 00:00:00+00:00,364.5,367.0,356.5,359.0
1998-06-10 00:00:00+00:00,356.0,358.5,353.5,357.29998779296875
1998-06-11 00:00:00+00:00,354.0,354.0,350.5,350.79998779296875
1998-06-12 00:00:00+00:00,349.6000061035156,350.29998779296875,345.5,349.0
1998-06-15 00:00:00+00:00,347.5,348.5,345.29998779296875,347.5
1998-06-16 00:00:00+00:00,346.5,356.5,346.5,355.8999938964844
1998-06-17 00:00:00+00:00,360.0,363.5,357.0,360.8999938964844
1998-06-18 00:00:00+00:00,363.0,363.0,356.70001220703125,358.20001220703125
1998-06-19 00:00:00+00:00,362.0,364.5,359.5,363.0
1998-06-22 00:00:00+00:00,359.0,359.0,356.20001220703125,357.8999938964844
1998-06-23 00:00:00+00:00,357.0,357.0,352.79998779296875,354.70001220703125
1998-06-24 00:00:00+00:00,352.0,353.0,351.20001220703125,352.3999938964844
1998-06-25 00:00:00+00:00,351.0,358.5,351.0,354.29998779296875
1998-06-26 00:00:00+00:00,354.0,355.0,351.5,353.20001220703125
1998-06-29 00:00:00+00:00,352.5,353.5,351.5,353.0
1998-06-30 00:00:00+00:00,355.5,361.6000061035156,355.5,361.6000061035156
1998-07-01 00:00:00+00:00,362.5,374.0,362.5,370.5
1998-07-02 00:00:00+00:00,371.0,385.0,369.0,375.6000061035156
1998-07-06 00:00:00+00:00,372.0,377.29998779296875,371.5,377.29998779296875
1998-07-07 00:00:00+00:00,380.0,387.0,380.0,386.0
1998-07-08 00:00:00+00:00,378.0,387.1000061035156,378.0,387.1000061035156
1998-07-09 00:00:00+00:00,391.0,391.0,386.5,386.5
1998-07-10 00:00:00+00:00,387.29998779296875,387.29998779296875,387.29998779296875,387.29998779296875
1998-07-13 00:00:00+00:00,388.0,388.0,386.70001220703125,386.70001220703125
1998-07-14 00:00:00+00:00,388.5,388.8999938964844,388.5,388.8999938964844
1998-07-15 00:00:00+00:00,392.0,394.0,392.0,392.29998779296875
1998-07-16 00:00:00+00:00,402.0,402.0,402.0,402.0
1998-07-17 00:00:00+00:00,405.0,405.0,402.0,402.0
1998-07-20 00:00:00+00:00,396.6000061035156,396.6000061035156,396.6000061035156,396.6000061035156
1998-07-21 00:00:00+00:00,387.0,387.0,387.0,387.0
1998-07-22 00:00:00+00:00,379.0,383.5,379.0,383.5
1998-07-23 00:00:00+00:00,381.20001220703125,381.20001220703125,381.20001220703125,381.20001220703125
1998-07-24 00:00:00+00:00,388.0,388.0,378.79998779296875,378.79998779296875
1998-07-27 00:00:00+00:00,375.5,375.5,375.5,375.5
1998-07-28 00:00:00+00:00,383.5,383.5,383.5,383.5
1998-07-29 00:00:00+00:00,381.5,383.0,379.20001220703125,380.5
1998-07-30 00:00:00+00:00,379.0,383.0,379.0,380.70001220703125
1998-07-31 00:00:00+00:00,380.70001220703125,381.79998779296875,377.0,377.6000061035156
1998-08-03 00:00:00+00:00,375.0,376.5,371.0,371.20001220703125
1998-08-04 00:00:00+00:00,373.5,378.79998779296875,373.5,377.0
1998-08-05 00:00:00+00:00,377.5,381.0,377.5,380.3999938964844
1998-08-06 00:00:00+00:00,381.0,387.5,381.0,386.79998779296875
1998-08-07 00:00:00+00:00,384.0,384.0,381.5,382.29998779296875
1998-08-10 00:00:00+00:00,379.5,382.5,378.5,381.5
1998-08-11 00:00:00+00:00,378.5,378.70001220703125,376.1000061035156,377.1000061035156
1998-08-12 00:00:00+00:00,379.5,380.5,374.0,374.3999938964844
1998-08-13 00:00:00+00:00,372.5,378.5,370.0,377.5
1998-08-14 00:00:00+00:00,375.5,375.5,369.0,370.29998779296875
1998-08-17 00:00:00+00:00,368.0,369.8999938964844,365.5,366.20001220703125
1998-08-18 00:00:00+00:00,368.5,373.0,365.5,370.3999938964844
1998-08-19 00:00:00+00:00,372.5,374.5,370.0,371.79998779296875
1998-08-20 00:00:00+00:00,371.5,377.0,371.5,373.79998779296875
1998-08-21 00:00:00+00:00,373.0,373.0,368.5,370.29998779296875
1998-08-24 00:00:00+00:00,370.29998779296875,373.0,368.1000061035156,372.70001220703125
1998-08-25 00:00:00+00:00,368.5,368.5,364.0,366.79998779296875
1998-08-26 00:00:00+00:00,363.1000061035156,365.5,360.5,362.0
1998-08-27 00:00:00+00:00,357.0,358.0,353.20001220703125,354.70001220703125
1998-08-28 00:00:00+00:00,351.20001220703125,357.0,349.1000061035156,355.6000061035156
1998-08-31 00:00:00+00:00,357.0,361.0,357.0,359.5
1998-09-01 00:00:00+00:00,362.0,366.5,362.0,364.8999938964844
1998-09-02 00:00:00+00:00,367.5,371.5,367.5,369.8999938964844
1998-09-03 00:00:00+00:00,365.0,371.79998779296875,362.5,370.1000061035156
1998-09-04 00:00:00+00:00,370.0,370.0,366.0,367.20001220703125
1998-09-08 00:00:00+00:00,365.0,365.5,358.5,361.20001220703125
1998-09-09 00:00:00+00:00,357.20001220703125,361.0,356.5,359.70001220703125
1998-09-10 00:00:00+00:00,364.0,367.0,363.5,365.5
1998-09-11 00:00:00+00:00,368.0,368.5,362.1000061035156,366.29998779296875
1998-09-14 00:00:00+00:00,365.5,369.0,362.5,367.3999938964844
1998-09-15 00:00:00+00:00,365.0,374.0,365.0,368.6000061035156
1998-09-16 00:00:00+00:00,366.5,369.0,360.3999938964844,361.8999938964844
1998-09-17 00:00:00+00:00,361.0,363.0,357.29998779296875,360.3999938964844
1998-09-18 00:00:00+00:00,357.0,364.0,356.0,363.3999938964844
1998-09-21 00:00:00+00:00,359.0,360.5,355.5,356.1000061035156
1998-09-22 00:00:00+00:00,354.0,356.5,352.5,353.29998779296875
1998-09-23 00:00:00+00:00,353.0,356.0,352.29998779296875,355.5
1998-09-24 00:00:00+00:00,357.5,362.3999938964844,357.0,360.8999938964844
1998-09-25 00:00:00+00:00,364.0,366.0,355.0,355.1000061035156
1998-09-28 00:00:00+00:00,355.0,355.0,351.1000061035156,353.79998779296875
1998-09-29 00:00:00+00:00,350.0,351.5,347.0,347.20001220703125
1998-09-30 00:00:00+00:00,350.5,355.5,346.0,353.3999938964844
1998-10-01 00:00:00+00:00,354.0,354.0,350.0,350.3999938964844
1998-10-02 00:00:00+00:00,349.5,350.0,348.0,348.0
1998-10-05 00:00:00+00:00,345.0,346.0,337.0,337.3999938964844
1998-10-06 00:00:00+00:00,341.0,342.20001220703125,338.5,342.20001220703125
1998-10-07 00:00:00+00:00,349.0,352.0,349.0,352.0
1998-10-08 00:00:00+00:00,354.0,356.0,349.5,349.5
1998-10-09 00:00:00+00:00,351.5,351.5,344.5,344.5
1998-10-12 00:00:00+00:00,342.5,342.5,342.5,342.5
1998-10-13 00:00:00+00:00,345.0,345.0,344.29998779296875,344.29998779296875
1998-10-14 00:00:00+00:00,341.0,341.0,341.0,341.0
1998-10-15 00:00:00+00:00,345.0,345.0,343.0,343.0
1998-10-16 00:00:00+00:00,346.70001220703125,346.70001220703125,346.70001220703125,346.70001220703125
1998-10-19 00:00:00+00:00,338.0,338.0,338.0,338.0
1998-10-20 00:00:00+00:00,337.0,337.0,337.0,337.0
1998-10-21 00:00:00+00:00,342.5,342.5,342.5,342.5
1998-10-22 00:00:00+00:00,341.5,341.5,337.8999938964844,337.8999938964844
1998-10-23 00:00:00+00:00,340.70001220703125,340.70001220703125,340.70001220703125,340.70001220703125
1998-10-26 00:00:00+00:00,340.0,341.70001220703125,340.0,341.70001220703125
1998-10-27 00:00:00+00:00,344.6000061035156,344.6000061035156,344.6000061035156,344.6000061035156
1998-10-28 00:00:00+00:00,342.0,342.5,338.29998779296875,339.1000061035156
1998-10-29 00:00:00+00:00,339.0,339.8999938964844,336.0,336.70001220703125
1998-10-30 00:00:00+00:00,335.0,337.5,334.0,336.3999938964844
1998-11-02 00:00:00+00:00,337.0,340.0,336.70001220703125,338.29998779296875
1998-11-03 00:00:00+00:00,339.0,343.5,338.0,341.0
1998-11-04 00:00:00+00:00,344.0,348.0,343.0,346.6000061035156
1998-11-05 00:00:00+00:00,347.0,349.79998779296875,345.5,346.29998779296875
1998-11-06 00:00:00+00:00,345.0,346.5,340.5,341.5
1998-11-09 00:00:00+00:00,338.0,340.3999938964844,337.29998779296875,338.29998779296875
1998-11-10 00:00:00+00:00,338.5,339.5,337.1000061035156,337.5
1998-11-11 00:00:00+00:00,339.79998779296875,341.70001220703125,339.5,339.79998779296875
1998-11-12 00:00:00+00:00,343.5,351.70001220703125,343.5,350.79998779296875
1998-11-13 00:00:00+00:00,352.0,353.0,347.5,348.6000061035156
1998-11-16 00:00:00+00:00,348.0,352.5,347.5,352.0
1998-11-17 00:00:00+00:00,351.0,351.0,348.20001220703125,348.8999938964844
1998-11-18 00:00:00+00:00,352.0,355.5,351.5,352.3999938964844
1998-11-19 00:00:00+00:00,359.5,363.0,358.20001220703125,362.29998779296875
1998-11-20 00:00:00+00:00,360.0,363.5,356.1000061035156,357.5
1998-11-23 00:00:00+00:00,355.5,355.5,351.0,352.3999938964844
1998-11-24 00:00:00+00:00,352.0,354.79998779296875,351.0,354.6000061035156
1998-11-25 00:00:00+00:00,356.0,357.0,353.5,354.0
1998-11-30 00:00:00+00:00,355.0,356.5,351.0,355.29998779296875
1998-12-01 00:00:00+00:00,354.0,354.0,351.0,352.1000061035156
1998-12-02 00:00:00+00:00,350.0,350.79998779296875,346.1000061035156,346.70001220703125
1998-12-03 00:00:00+00:00,346.1000061035156,349.0,346.0,347.70001220703125
1998-12-04 00:00:00+00:00,349.5,350.0,348.1000061035156,348.5
1998-12-07 00:00:00+00:00,348.0,350.5,347.20001220703125,348.0
1998-12-08 00:00:00+00:00,348.0,348.0,346.20001220703125,346.79998779296875
1998-12-09 00:00:00+00:00,352.5,354.0,351.20001220703125,352.5
1998-12-10 00:00:00+00:00,354.0,357.0,350.0,350.8999938964844
1998-12-11 00:00:00+00:00,352.3999938964844,354.0,348.20001220703125,350.79998779296875
1998-12-14 00:00:00+00:00,350.0,350.79998779296875,348.0,348.79998779296875
1998-12-15 00:00:00+00:00,351.0,354.5,351.0,351.79998779296875
1998-12-16 00:00:00+00:00,354.5,359.0,354.0,356.70001220703125
1998-12-17 00:00:00+00:00,357.5,357.5,347.29998779296875,349.5
1998-12-18 00:00:00+00:00,349.5,349.5,344.0,344.70001220703125
1998-12-21 00:00:00+00:00,347.0,347.0,341.5,344.0
1998-12-22 00:00:00+00:00,343.0,346.0,342.1000061035156,343.20001220703125
1998-12-23 00:00:00+00:00,343.0,346.0,342.0,345.70001220703125
1998-12-24 00:00:00+00:00,345.5,345.5,343.0,343.70001220703125
1998-12-28 00:00:00+00:00,345.0,348.5,343.0,347.70001220703125
1998-12-29 00:00:00+00:00,348.5,358.0,348.5,357.5
1998-12-30 00:00:00+00:00,360.5,362.0,357.5,361.3999938964844
1998-12-31 00:00:00+00:00,363.0,366.0,362.0,364.5
1999-01-04 00:00:00+00:00,363.79998779296875,365.0,361.0,363.79998779296875
1999-01-05 00:00:00+00:00,363.0,363.0,356.0,357.1000061035156
1999-01-06 00:00:00+00:00,359.0,360.0,355.6000061035156,355.6000061035156
1999-01-07 00:00:00+00:00,359.0,360.20001220703125,357.5,360.20001220703125
1999-01-08 00:00:00+00:00,357.0,361.5,357.0,360.3999938964844
1999-01-11 00:00:00+00:00,364.0,364.5,364.0,364.1000061035156
1999-01-12 00:00:00+00:00,359.0,359.0,354.5,355.5
1999-01-13 00:00:00+00:00,359.0,359.0,354.5,354.20001220703125
1999-01-14 00:00:00+00:00,354.0,354.0,354.0,353.3999938964844
1999-01-15 00:00:00+00:00,353.0,353.0,353.0,352.0
1999-01-19 00:00:00+00:00,353.0,355.0,353.0,353.5
1999-01-20 00:00:00+00:00,354.5,354.5,354.0,353.70001220703125
1999-01-21 00:00:00+00:00,355.5,355.5,355.5,353.20001220703125
1999-01-22 00:00:00+00:00,354.5,354.5,350.0,349.1000061035156
1999-01-25 00:00:00+00:00,354.5,354.5,350.0,352.5
1999-01-26 00:00:00+00:00,352.0,353.5,352.0,353.5
1999-01-27 00:00:00+00:00,350.79998779296875,351.5,347.20001220703125,347.5
1999-01-28 00:00:00+00:00,345.29998779296875,348.0,342.20001220703125,344.1000061035156
1999-01-29 00:00:00+00:00,347.5,348.0,344.5,346.8999938964844
1999-02-01 00:00:00+00:00,348.0,349.79998779296875,347.0,349.6000061035156
1999-02-02 00:00:00+00:00,349.0,357.0,348.0,355.6000061035156
1999-02-03 00:00:00+00:00,355.0,357.0,353.5,354.8999938964844
1999-02-04 00:00:00+00:00,354.0,364.0,352.0,362.0
1999-02-05 00:00:00+00:00,361.5,361.5,355.0,356.3999938964844
1999-02-08 00:00:00+00:00,354.6000061035156,356.0,354.0,355.0
1999-02-09 00:00:00+00:00,355.5,361.5,355.5,359.5
1999-02-10 00:00:00+00:00,362.0,363.0,359.0,361.0
1999-02-11 00:00:00+00:00,361.5,365.5,360.0,364.6000061035156
1999-02-12 00:00:00+00:00,368.20001220703125,373.0,365.5,370.6000061035156
1999-02-16 00:00:00+00:00,368.0,368.79998779296875,362.0,367.20001220703125
1999-02-17 00:00:00+00:00,365.5,367.20001220703125,354.5,365.3999938964844
1999-02-18 00:00:00+00:00,372.0,381.0,370.0,376.1000061035156
1999-02-19 00:00:00+00:00,382.5,385.0,373.0,376.1000061035156
1999-02-22 00:00:00+00:00,375.0,379.5,371.5,377.3999938964844
1999-02-23 00:00:00+00:00,380.0,387.79998779296875,380.0,384.1000061035156
1999-02-24 00:00:00+00:00,383.5,388.0,381.0,383.20001220703125
1999-02-25 00:00:00+00:00,387.0,387.0,376.5,380.3999938964844
1999-02-26 00:00:00+00:00,379.0,382.5,377.29998779296875,381.70001220703125
1999-03-01 00:00:00+00:00,380.5,381.5,376.5,380.1000061035156
1999-03-02 00:00:00+00:00,375.0,379.5,374.5,376.20001220703125
1999-03-03 00:00:00+00:00,374.0,375.0,369.0,372.20001220703125
1999-03-04 00:00:00+00:00,372.20001220703125,375.0,371.5,373.1000061035156
1999-03-05 00:00:00+00:00,375.5,377.5,374.5,377.20001220703125
1999-03-08 00:00:00+00:00,378.0,379.0,377.5,378.5
1999-03-09 00:00:00+00:00,377.8999938964844,378.5,375.0,375.5
1999-03-10 00:00:00+00:00,370.0,372.0,367.5,368.70001220703125
1999-03-11 00:00:00+00:00,370.5,371.5,368.70001220703125,369.3999938964844
1999-03-12 00:00:00+00:00,369.5,370.0,364.5,366.8999938964844
1999-03-15 00:00:00+00:00,366.0,366.5,363.0,364.20001220703125
1999-03-16 00:00:00+00:00,363.5,367.0,363.5,366.1000061035156
1999-03-17 00:00:00+00:00,367.0,370.3999938964844,367.0,368.79998779296875
1999-03-18 00:00:00+00:00,368.79998779296875,371.0,367.0,369.3999938964844
1999-03-19 00:00:00+00:00,371.0,374.0,370.20001220703125,371.70001220703125
1999-03-22 00:00:00+00:00,373.5,375.5,372.0,375.1000061035156
1999-03-23 00:00:00+00:00,375.1000061035156,377.0,373.20001220703125,376.0
1999-03-24 00:00:00+00:00,376.8999938964844,376.8999938964844,372.5,373.1000061035156
1999-03-25 00:00:00+00:00,372.0,372.0,369.20001220703125,370.6000061035156
1999-03-26 00:00:00+00:00,369.5,373.0,367.6000061035156,372.20001220703125
1999-03-29 00:00:00+00:00,370.5,371.0,358.0,359.5
1999-03-30 00:00:00+00:00,357.0,359.0,355.0,358.0
1999-03-31 00:00:00+00:00,359.0,361.0,358.0,359.1000061035156
1999-04-01 00:00:00+00:00,358.1000061035156,362.0,357.0,359.0
1999-04-05 00:00:00+00:00,363.0,363.0,360.0,359.6000061035156
1999-04-06 00:00:00+00:00,358.5,358.5,354.0,354.20001220703125
1999-04-07 00:00:00+00:00,353.5,356.0,353.5,355.3999938964844
1999-04-08 00:00:00+00:00,355.5,359.0,355.5,355.6000061035156
1999-04-09 00:00:00+00:00,355.5,355.5,355.5,357.70001220703125
1999-04-12 00:00:00+00:00,361.0,361.0,361.0,359.6000061035156
1999-04-13 00:00:00+00:00,361.0,361.0,361.0,360.3999938964844
1999-04-14 00:00:00+00:00,356.5,356.5,356.5,358.29998779296875
1999-04-15 00:00:00+00:00,351.5,351.5,351.5,361.20001220703125
1999-04-16 00:00:00+00:00,363.0,363.5,363.0,362.3999938964844
1999-04-19 00:00:00+00:00,366.0,367.0,366.0,365.29998779296875
1999-04-20 00:00:00+00:00,366.0,366.0,366.0,363.0
1999-04-21 00:00:00+00:00,366.0,366.0,366.0,360.79998779296875
1999-04-22 00:00:00+00:00,360.0,360.0,359.0,356.6000061035156
1999-04-23 00:00:00+00:00,360.0,360.0,359.0,355.1000061035156
1999-04-26 00:00:00+00:00,360.0,360.0,359.0,354.20001220703125
1999-04-27 00:00:00+00:00,356.5,356.5,356.5,356.5
1999-04-28 00:00:00+00:00,356.0,356.5,352.5,353.5
1999-04-29 00:00:00+00:00,349.0,352.5,346.0,350.70001220703125
1999-04-30 00:00:00+00:00,351.0,356.0,349.0,354.5
1999-05-03 00:00:00+00:00,354.0,354.5,348.0,348.20001220703125
1999-05-04 00:00:00+00:00,347.5,351.0,346.1000061035156,350.0
1999-05-05 00:00:00+00:00,349.0,355.5,349.0,352.8999938964844
1999-05-06 00:00:00+00:00,354.0,359.5,353.0,357.70001220703125
1999-05-07 00:00:00+00:00,356.0,361.0,354.0,356.8999938964844
1999-05-10 00:00:00+00:00,355.20001220703125,356.0,353.5,354.6000061035156
1999-05-11 00:00:00+00:00,354.5,356.0,354.0,355.1000061035156
1999-05-12 00:00:00+00:00,360.0,360.0,355.1000061035156,356.29998779296875
1999-05-13 00:00:00+00:00,357.0,358.79998779296875,356.0,358.6000061035156
1999-05-14 00:00:00+00:00,358.0,358.0,355.5,357.5
1999-05-17 00:00:00+00:00,355.5,357.5,355.5,356.0
1999-05-18 00:00:00+00:00,356.0,357.5,356.0,356.5
1999-05-19 00:00:00+00:00,356.0,358.0,352.5,355.79998779296875
1999-05-20 00:00:00+00:00,355.0,358.79998779296875,354.70001220703125,356.8999938964844
1999-05-21 00:00:00+00:00,359.5,362.5,357.5,358.3999938964844
1999-05-24 00:00:00+00:00,358.0,360.0,356.5,359.6000061035156
1999-05-25 00:00:00+00:00,359.0,360.70001220703125,357.70001220703125,359.70001220703125
1999-05-26 00:00:00+00:00,360.0,366.0,358.0,364.0
1999-05-27 00:00:00+00:00,364.0,366.5,363.0,365.6000061035156
1999-05-28 00:00:00+00:00,366.0,366.0,363.5,365.3999938964844
1999-06-01 00:00:00+00:00,361.5,363.5,361.5,362.1000061035156
1999-06-02 00:00:00+00:00,362.5,364.5,362.20001220703125,363.5
1999-06-03 00:00:00+00:00,366.0,368.5,364.5,367.5
1999-06-04 00:00:00+00:00,368.5,369.5,365.5,366.0
1999-06-07 00:00:00+00:00,367.0,367.0,362.0,363.1000061035156
1999-06-08 00:00:00+00:00,364.0,364.5,362.0,364.1000061035156
1999-06-09 00:00:00+00:00,366.5,369.0,356.0,366.70001220703125
1999-06-10 00:00:00+00:00,368.5,370.5,367.5,368.20001220703125
1999-06-11 00:00:00+00:00,367.0,369.5,365.20001220703125,368.5
1999-06-14 00:00:00+00:00,365.0,365.0,362.5,362.70001220703125
1999-06-15 00:00:00+00:00,361.20001220703125,361.20001220703125,355.0,356.20001220703125
1999-06-16 00:00:00+00:00,355.5,356.5,353.5,353.70001220703125
1999-06-17 00:00:00+00:00,353.5,353.5,349.0,349.79998779296875
1999-06-18 00:00:00+00:00,352.5,354.0,348.5,352.29998779296875
1999-06-21 00:00:00+00:00,351.5,351.5,341.5,343.29998779296875
1999-06-22 00:00:00+00:00,345.0,348.0,344.0,347.1000061035156
1999-06-23 00:00:00+00:00,346.70001220703125,349.0,346.0,348.20001220703125
1999-06-24 00:00:00+00:00,348.5,349.0,346.5,348.79998779296875
1999-06-25 00:00:00+00:00,350.0,351.0,347.0,348.20001220703125
1999-06-28 00:00:00+00:00,348.0,350.0,346.0,348.70001220703125
1999-06-29 00:00:00+00:00,349.0,349.5,347.0,347.8999938964844
1999-06-30 00:00:00+00:00,347.0,351.0,347.0,351.0
1999-07-01 00:00:00+00:00,349.0,350.5,349.0,350.0
1999-07-02 00:00:00+00:00,347.5,347.5,347.0,347.6000061035156
1999-07-06 00:00:00+00:00,345.0,346.0,345.0,346.0
1999-07-07 00:00:00+00:00,346.5,348.5,345.0,348.5
1999-07-08 00:00:00+00:00,355.0,356.0,354.0,356.0
1999-07-09 00:00:00+00:00,354.0,354.0,353.5,354.0
1999-07-12 00:00:00+00:00,351.5,351.5,351.5,351.5
1999-07-13 00:00:00+00:00,351.5,351.5,351.5,351.5
1999-07-14 00:00:00+00:00,348.0,350.5,348.0,350.5
1999-07-15 00:00:00+00:00,348.5,348.5,348.5,348.5
1999-07-16 00:00:00+00:00,348.0,350.5,348.0,348.5
1999-07-19 00:00:00+00:00,351.0,351.0,351.0,351.0
1999-07-20 00:00:00+00:00,358.0,359.0,358.0,359.0
1999-07-21 00:00:00+00:00,358.0,359.0,353.0,353.20001220703125
1999-07-22 00:00:00+00:00,358.0,359.0,353.0,353.70001220703125
1999-07-23 00:00:00+00:00,358.0,359.0,353.0,354.70001220703125
1999-07-26 00:00:00+00:00,362.0,362.0,362.0,362.0
1999-07-27 00:00:00+00:00,354.0,354.0,354.0,354.0
1999-07-28 00:00:00+00:00,345.5,346.0,341.5,345.0
1999-07-29 00:00:00+00:00,344.0,346.5,343.5,345.5
1999-07-30 00:00:00+00:00,346.0,346.5,343.1000061035156,344.0
1999-08-02 00:00:00+00:00,344.0,345.5,342.5,345.5
1999-08-03 00:00:00+00:00,348.5,352.0,348.5,351.20001220703125
1999-08-04 00:00:00+00:00,353.5,356.0,352.20001220703125,353.5
1999-08-05 00:00:00+00:00,353.5,356.5,350.5,351.5
1999-08-06 00:00:00+00:00,350.20001220703125,351.79998779296875,348.5,351.79998779296875
1999-08-09 00:00:00+00:00,351.5,354.0,351.5,353.0
1999-08-10 00:00:00+00:00,351.0,351.5,349.20001220703125,350.1000061035156
1999-08-11 00:00:00+00:00,351.20001220703125,352.5,351.0,352.0
1999-08-12 00:00:00+00:00,353.5,354.1000061035156,351.5,352.0
1999-08-13 00:00:00+00:00,352.5,353.0,350.6000061035156,351.0
1999-08-16 00:00:00+00:00,347.5,347.5,343.0,344.70001220703125
1999-08-17 00:00:00+00:00,348.0,348.3999938964844,346.5,348.29998779296875
1999-08-18 00:00:00+00:00,350.79998779296875,354.5,350.79998779296875,353.0
1999-08-19 00:00:00+00:00,352.5,353.79998779296875,351.5,353.0
1999-08-20 00:00:00+00:00,358.0,360.0,355.0,356.0
1999-08-23 00:00:00+00:00,351.5,353.79998779296875,350.0,352.0
1999-08-24 00:00:00+00:00,349.8999938964844,350.0,347.20001220703125,349.0
1999-08-25 00:00:00+00:00,347.0,348.5,346.29998779296875,347.20001220703125
1999-08-26 00:00:00+00:00,347.5,349.79998779296875,347.5,349.5
1999-08-27 00:00:00+00:00,349.5,350.0,346.5,347.3999938964844
1999-08-30 00:00:00+00:00,348.1000061035156,349.5,347.20001220703125,348.20001220703125
1999-08-31 00:00:00+00:00,349.0,351.5,348.5,350.3999938964844
1999-09-01 00:00:00+00:00,348.5,348.5,346.5,348.0
1999-09-02 00:00:00+00:00,349.0,353.5,349.0,353.3999938964844
1999-09-03 00:00:00+00:00,352.0,353.20001220703125,348.0,348.6000061035156
1999-09-07 00:00:00+00:00,355.0,355.8999938964844,354.0,355.5
1999-09-08 00:00:00+00:00,354.0,354.79998779296875,352.0,354.5
1999-09-09 00:00:00+00:00,356.0,361.0,346.0,360.8999938964844
1999-09-10 00:00:00+00:00,362.5,367.0,360.8999938964844,365.5
1999-09-13 00:00:00+00:00,366.0,374.5,353.5,373.5
1999-09-14 00:00:00+00:00,374.79998779296875,378.0,373.20001220703125,376.5
1999-09-15 00:00:00+00:00,375.0,375.0,370.0,373.3999938964844
1999-09-16 00:00:00+00:00,374.0,378.0,372.5,374.1000061035156
1999-09-17 00:00:00+00:00,373.5,374.0,371.1000061035156,372.5
1999-09-20 00:00:00+00:00,372.5,374.5,372.5,373.3999938964844
1999-09-21 00:00:00+00:00,377.0,380.5,376.0,379.0
1999-09-22 00:00:00+00:00,380.0,382.0,374.5,375.79998779296875
1999-09-23 00:00:00+00:00,374.5,374.79998779296875,369.5,374.0
1999-09-24 00:00:00+00:00,372.0,372.5,368.20001220703125,368.5
1999-09-27 00:00:00+00:00,379.0,383.0,376.5,380.6000061035156
1999-09-28 00:00:00+00:00,388.8999938964844,415.0,388.8999938964844,407.79998779296875
1999-09-29 00:00:00+00:00,415.0,420.0,397.0,407.20001220703125
1999-09-30 00:00:00+00:00,388.0,395.0,384.0,388.8999938964844
1999-10-01 00:00:00+00:00,393.0,398.0,392.0,395.29998779296875
1999-10-04 00:00:00+00:00,400.8999938964844,402.0,400.8999938964844,404.0
1999-10-05 00:00:00+00:00,404.0,404.0,397.0,397.0
1999-10-06 00:00:00+00:00,399.0,410.3999938964844,399.0,406.29998779296875
1999-10-07 00:00:00+00:00,401.0,401.0,401.0,411.6000061035156
1999-10-08 00:00:00+00:00,408.0,410.0,397.5,411.79998779296875
1999-10-11 00:00:00+00:00,408.0,410.0,407.5,415.20001220703125
1999-10-12 00:00:00+00:00,423.0,423.0,422.5,425.70001220703125
1999-10-13 00:00:00+00:00,423.0,423.0,422.5,425.3999938964844
1999-10-14 00:00:00+00:00,425.0,429.0,425.0,427.5
1999-10-15 00:00:00+00:00,417.0,423.0,417.0,421.0
1999-10-18 00:00:00+00:00,421.0,421.0,420.0,419.6000061035156
1999-10-19 00:00:00+00:00,420.0,420.0,420.0,422.0
1999-10-20 00:00:00+00:00,420.0,420.0,420.0,428.70001220703125
1999-10-21 00:00:00+00:00,425.0,431.0,425.0,426.70001220703125
1999-10-22 00:00:00+00:00,430.0,430.0,425.0,430.1000061035156
1999-10-25 00:00:00+00:00,435.0,435.0,435.0,428.6000061035156
1999-10-26 00:00:00+00:00,428.6000061035156,430.0,414.0,413.6000061035156
1999-10-27 00:00:00+00:00,401.0,404.79998779296875,395.5,404.3999938964844
1999-10-28 00:00:00+00:00,406.5,407.5,404.0,406.29998779296875
1999-10-29 00:00:00+00:00,404.5,409.5,401.0,401.20001220703125
1999-11-01 00:00:00+00:00,399.1000061035156,401.0,398.1000061035156,400.29998779296875
1999-11-02 00:00:00+00:00,400.0,401.0,395.5,400.3999938964844
1999-11-03 00:00:00+00:00,400.5,404.0,398.1000061035156,402.20001220703125
1999-11-04 00:00:00+00:00,403.0,407.0,401.0,405.5
1999-11-05 00:00:00+00:00,403.0,406.0,397.5,402.29998779296875
1999-11-08 00:00:00+00:00,401.5,405.0,397.1000061035156,404.6000061035156
1999-11-09 00:00:00+00:00,405.5,417.0,405.5,414.8999938964844
1999-11-10 00:00:00+00:00,413.0,427.5,412.5,426.8999938964844
1999-11-11 00:00:00+00:00,425.79998779296875,431.0,420.5,421.5
1999-11-12 00:00:00+00:00,420.0,425.0,419.0,423.0
1999-11-15 00:00:00+00:00,426.5,428.5,424.0,428.5
1999-11-16 00:00:00+00:00,428.0,432.0,424.20001220703125,426.5
1999-11-17 00:00:00+00:00,432.8999938964844,434.0,419.0,429.29998779296875
1999-11-18 00:00:00+00:00,424.20001220703125,425.0,412.20001220703125,414.0
1999-11-19 00:00:00+00:00,407.0,412.0,400.0,404.1000061035156
1999-11-22 00:00:00+00:00,404.0,414.0,404.0,405.70001220703125
1999-11-23 00:00:00+00:00,406.0,408.0,400.0,402.6000061035156
1999-11-24 00:00:00+00:00,403.0,409.0,402.6000061035156,406.79998779296875
1999-11-29 00:00:00+00:00,405.5,409.5,404.5,407.6000061035156
1999-11-30 00:00:00+00:00,407.6000061035156,419.5,407.0,418.79998779296875
1999-12-01 00:00:00+00:00,420.5,423.0,411.0,421.70001220703125
1999-12-02 00:00:00+00:00,418.5,419.8999938964844,416.0,419.3999938964844
1999-12-03 00:00:00+00:00,416.0,423.0,415.5,418.29998779296875
1999-12-06 00:00:00+00:00,416.0,421.0,410.5,417.3999938964844
1999-12-07 00:00:00+00:00,418.5,418.79998779296875,413.5,417.8999938964844
1999-12-08 00:00:00+00:00,418.0,423.0,417.0,418.0
1999-12-09 00:00:00+00:00,417.0,420.8999938964844,414.5,414.8999938964844
1999-12-10 00:00:00+00:00,415.6000061035156,421.5,415.6000061035156,419.5
1999-12-13 00:00:00+00:00,421.0,428.20001220703125,418.20001220703125,425.0
1999-12-14 00:00:00+00:00,425.1000061035156,426.0,422.5,424.20001220703125
1999-12-15 00:00:00+00:00,421.1000061035156,422.0,416.20001220703125,416.6000061035156
1999-12-16 00:00:00+00:00,416.6000061035156,424.0,416.5,418.5
1999-12-17 00:00:00+00:00,420.5,425.5,408.5,412.20001220703125
1999-12-20 00:00:00+00:00,411.5,412.5,407.1000061035156,411.70001220703125
1999-12-21 00:00:00+00:00,411.0,419.0,411.0,417.8999938964844
1999-12-22 00:00:00+00:00,418.0,429.5,417.8999938964844,428.1000061035156
1999-12-23 00:00:00+00:00,425.0,428.1000061035156,424.0,424.3999938964844
1999-12-27 00:00:00+00:00,425.0,425.0,421.0,422.3999938964844
1999-12-28 00:00:00+00:00,421.5,428.5,421.5,428.20001220703125
1999-12-29 00:00:00+00:00,428.5,434.0,428.5,431.29998779296875
1999-12-30 00:00:00+00:00,432.0,434.0,426.0,430.20001220703125
2000-01-04 00:00:00+00:00,428.0,430.0,421.0,429.70001220703125
2000-01-05 00:00:00+00:00,428.0,428.0,416.8999938964844,419.8999938964844
2000-01-06 00:00:00+00:00,415.0,417.0,409.0,412.0
2000-01-07 00:00:00+00:00,408.0,417.0,408.0,414.0
2000-01-10 00:00:00+00:00,414.0,415.0,414.0,415.0
2000-01-11 00:00:00+00:00,415.0,417.0,414.0,413.0
2000-01-12 00:00:00+00:00,415.0,415.0,415.0,417.3999938964844
2000-01-13 00:00:00+00:00,418.0,418.0,416.0,419.8999938964844
2000-01-14 00:00:00+00:00,419.0,428.0,419.0,425.3999938964844
2000-01-18 00:00:00+00:00,428.0,429.0,427.5,430.70001220703125
2000-01-19 00:00:00+00:00,437.0,439.0,437.0,443.20001220703125
2000-01-20 00:00:00+00:00,447.0,447.0,435.0,442.5
2000-01-21 00:00:00+00:00,441.3999938964844,449.5,441.3999938964844,445.5
2000-01-24 00:00:00+00:00,455.0,456.0,450.0,455.5
2000-01-25 00:00:00+00:00,459.0,459.0,454.0,461.3999938964844
2000-01-26 00:00:00+00:00,450.0,450.0,450.0,447.5
2000-01-27 00:00:00+00:00,436.0,446.0,435.0,445.6000061035156
2000-01-28 00:00:00+00:00,456.0,458.5,445.0,453.79998779296875
2000-01-31 00:00:00+00:00,455.0,458.5,454.5,455.0
2000-02-01 00:00:00+00:00,455.0,455.5,451.5,452.8999938964844
2000-02-02 00:00:00+00:00,459.5,468.0,459.5,466.20001220703125
2000-02-03 00:00:00+00:00,474.0,475.0,468.0,474.79998779296875
2000-02-04 00:00:00+00:00,477.0,480.5,472.5,479.0
2000-02-07 00:00:00+00:00,489.0,490.0,469.5,474.29998779296875
2000-02-08 00:00:00+00:00,484.0,502.0,479.0,498.5
2000-02-09 00:00:00+00:00,515.0,532.0,510.5,529.5999755859375
2000-02-10 00:00:00+00:00,511.0,519.5,505.0,517.9000244140625
2000-02-11 00:00:00+00:00,523.0,528.0,515.0,526.4000244140625
2000-02-14 00:00:00+00:00,516.4000244140625,520.0,514.0,517.2000122070312
2000-02-15 00:00:00+00:00,516.0,537.5,512.0,530.5
2000-02-16 00:00:00+00:00,531.2000122070312,544.9000244140625,529.0,542.4000244140625
2000-02-17 00:00:00+00:00,548.0,555.0,516.2000122070312,529.4000244140625
2000-02-18 00:00:00+00:00,510.0,515.0,489.3999938964844,503.20001220703125
2000-02-22 00:00:00+00:00,484.0,518.0,483.0,510.0
2000-02-23 00:00:00+00:00,492.0,498.0,470.0,471.8999938964844
2000-02-24 00:00:00+00:00,465.0,476.0,460.0,468.0
2000-02-25 00:00:00+00:00,465.0,468.0,448.0,452.1000061035156
2000-02-28 00:00:00+00:00,460.0,470.0,458.0,465.1000061035156
2000-02-29 00:00:00+00:00,474.0,480.0,468.0,471.70001220703125
2000-03-01 00:00:00+00:00,474.0,474.0,463.0,467.20001220703125
2000-03-02 00:00:00+00:00,460.0,466.29998779296875,445.0,452.5
2000-03-03 00:00:00+00:00,453.0,465.0,453.0,463.5
2000-03-06 00:00:00+00:00,461.0,465.0,460.0,464.1000061035156
2000-03-07 00:00:00+00:00,462.0,471.0,456.0,469.0
2000-03-08 00:00:00+00:00,470.0,473.5,468.0,468.20001220703125
2000-03-09 00:00:00+00:00,466.20001220703125,472.5,462.0,468.5
2000-03-10 00:00:00+00:00,471.0,475.0,467.0,470.70001220703125
2000-03-13 00:00:00+00:00,469.1000061035156,478.0,467.5,477.0
2000-03-14 00:00:00+00:00,477.0,484.5,475.5,478.1000061035156
2000-03-15 00:00:00+00:00,476.1000061035156,481.5,475.20001220703125,478.29998779296875
2000-03-16 00:00:00+00:00,480.0,485.0,480.0,481.70001220703125
2000-03-17 00:00:00+00:00,485.5,488.0,479.5,484.79998779296875
2000-03-20 00:00:00+00:00,484.5,489.8999938964844,482.70001220703125,487.20001220703125
2000-03-21 00:00:00+00:00,489.0,496.0,488.20001220703125,491.6000061035156
2000-03-22 00:00:00+00:00,494.0,499.79998779296875,490.0,493.79998779296875
2000-03-23 00:00:00+00:00,486.0,486.5,477.5,478.6000061035156
2000-03-24 00:00:00+00:00,475.5,480.5,473.5,479.8999938964844
2000-03-27 00:00:00+00:00,475.5,478.0,475.0,475.5
2000-03-28 00:00:00+00:00,477.5,483.0,465.0,479.29998779296875
2000-03-29 00:00:00+00:00,478.5,479.0,469.0,474.70001220703125
2000-03-30 00:00:00+00:00,473.0,481.0,471.0,479.0
2000-03-31 00:00:00+00:00,475.1000061035156,498.0,475.0,496.3999938964844
2000-04-03 00:00:00+00:00,496.5,505.0,476.5,498.70001220703125
2000-04-04 00:00:00+00:00,498.0,518.0,498.0,518.0
2000-04-05 00:00:00+00:00,514.0,517.0,513.5,511.3999938964844
2000-04-06 00:00:00+00:00,505.0,505.0,495.0,498.5
2000-04-07 00:00:00+00:00,498.5,498.5,471.5,472.8999938964844
2000-04-10 00:00:00+00:00,476.0,488.1000061035156,476.0,485.6000061035156
2000-04-11 00:00:00+00:00,489.0,489.0,408.0,493.1000061035156
2000-04-12 00:00:00+00:00,495.0,496.0,491.0,494.29998779296875
2000-04-13 00:00:00+00:00,496.0,505.0,480.0,499.79998779296875
2000-04-14 00:00:00+00:00,515.0,515.0,515.0,512.5999755859375
2000-04-17 00:00:00+00:00,515.0,515.0,515.0,505.1000061035156
2000-04-18 00:00:00+00:00,515.0,515.0,514.0,508.29998779296875
2000-04-19 00:00:00+00:00,498.0,517.0,495.0,506.79998779296875
2000-04-20 00:00:00+00:00,497.5,515.0,497.5,497.79998779296875
2000-04-24 00:00:00+00:00,483.5,590.0,483.5,565.2999877929688
2000-04-25 00:00:00+00:00,570.0,800.0,570.0,775.0
2000-04-26 00:00:00+00:00,440.0,444.0,433.0,438.1000061035156
2000-04-27 00:00:00+00:00,445.0,463.5,444.0,462.1000061035156
2000-04-28 00:00:00+00:00,494.0,503.0,477.0,500.0
2000-05-01 00:00:00+00:00,496.0,509.79998779296875,486.0,498.29998779296875
2000-05-02 00:00:00+00:00,489.0,494.0,481.0,483.20001220703125
2000-05-03 00:00:00+00:00,480.0,481.0,466.0,471.8999938964844
2000-05-04 00:00:00+00:00,472.5,484.0,472.5,480.20001220703125
2000-05-05 00:00:00+00:00,484.0,484.0,472.0,473.3999938964844
2000-05-08 00:00:00+00:00,469.5,482.0,468.20001220703125,475.0
2000-05-09 00:00:00+00:00,478.0,484.0,475.5,479.3999938964844
2000-05-10 00:00:00+00:00,481.0,486.0,481.0,486.0
2000-05-11 00:00:00+00:00,486.0,490.0,482.0,486.0
2000-05-12 00:00:00+00:00,488.0,489.6000061035156,480.1000061035156,484.79998779296875
2000-05-15 00:00:00+00:00,485.0,485.0,475.0,479.0
2000-05-16 00:00:00+00:00,478.0,484.0,475.5,483.5
2000-05-17 00:00:00+00:00,484.0,489.5,480.0,486.8999938964844
2000-05-18 00:00:00+00:00,487.5,507.0,487.5,505.79998779296875
2000-05-19 00:00:00+00:00,508.0,526.0,505.0,524.4000244140625
2000-05-22 00:00:00+00:00,524.4000244140625,533.0,518.0,530.7000122070312
2000-05-23 00:00:00+00:00,525.0,546.0,520.0,541.5
2000-05-24 00:00:00+00:00,549.0,555.0,544.0,548.7999877929688
2000-05-25 00:00:00+00:00,542.5999755859375,545.0,535.0,535.4000244140625
2000-05-26 00:00:00+00:00,535.0,539.7999877929688,525.0,539.4000244140625
2000-05-30 00:00:00+00:00,540.0,549.7999877929688,538.2000122070312,545.9000244140625
2000-05-31 00:00:00+00:00,538.5,545.0,536.5,539.4000244140625
2000-06-01 00:00:00+00:00,538.0,545.0,535.5,539.4000244140625
2000-06-02 00:00:00+00:00,543.0,554.0,543.0,552.2999877929688
2000-06-05 00:00:00+00:00,559.7999877929688,562.0,551.2000122070312,558.2999877929688
2000-06-06 00:00:00+00:00,556.0,558.0,549.0,553.0999755859375
2000-06-07 00:00:00+00:00,554.0,555.0,533.5,534.2999877929688
2000-06-08 00:00:00+00:00,536.0,544.7999877929688,531.0,539.9000244140625
2000-06-09 00:00:00+00:00,538.0,546.0,536.0,537.7999877929688
2000-06-12 00:00:00+00:00,536.5,547.5,533.9000244140625,544.0
2000-06-13 00:00:00+00:00,549.0,549.9000244140625,539.0,541.0999755859375
2000-06-14 00:00:00+00:00,529.0,537.0,525.0,530.0
2000-06-15 00:00:00+00:00,528.5,536.0,528.5,529.2999877929688
2000-06-16 00:00:00+00:00,535.0,537.0,533.0,534.0999755859375
2000-06-19 00:00:00+00:00,540.0,549.0,539.0,548.5
2000-06-20 00:00:00+00:00,556.0,566.0,556.0,562.2999877929688
2000-06-21 00:00:00+00:00,562.5,564.9000244140625,548.0,556.0999755859375
2000-06-22 00:00:00+00:00,566.0,568.0,560.0,562.0999755859375
2000-06-23 00:00:00+00:00,565.2000122070312,565.2000122070312,546.0,551.0999755859375
2000-06-26 00:00:00+00:00,560.0,569.0,555.2000122070312,565.4000244140625
2000-06-27 00:00:00+00:00,565.0,566.5,542.0999755859375,556.5
2000-06-28 00:00:00+00:00,566.0,575.0,565.0,573.5
2000-06-29 00:00:00+00:00,567.0999755859375,571.0,562.0999755859375,567.7000122070312
2000-06-30 00:00:00+00:00,560.5,567.2000122070312,553.0999755859375,565.5
2000-07-05 00:00:00+00:00,548.0,548.0,539.0,541.4000244140625
2000-07-06 00:00:00+00:00,545.0,564.0,542.0,564.0
2000-07-07 00:00:00+00:00,570.0,574.2000122070312,565.0,569.7999877929688
2000-07-10 00:00:00+00:00,574.2000122070312,574.2000122070312,563.0,570.7000122070312
2000-07-11 00:00:00+00:00,568.5,568.5,564.0,568.0
2000-07-12 00:00:00+00:00,569.0,569.0,567.0,561.7999877929688
2000-07-13 00:00:00+00:00,567.0,567.0,566.0,564.7000122070312
2000-07-14 00:00:00+00:00,573.0,575.0,570.0,575.7000122070312
2000-07-17 00:00:00+00:00,555.0,595.0,555.0,590.5
2000-07-18 00:00:00+00:00,586.0,586.0,585.0,586.9000244140625
2000-07-19 00:00:00+00:00,580.0,590.0,580.0,585.7000122070312
2000-07-20 00:00:00+00:00,590.0,590.0,580.0,583.0999755859375
2000-07-21 00:00:00+00:00,583.0,589.0,580.0,582.2000122070312
2000-07-24 00:00:00+00:00,589.0,589.0,585.0,577.9000244140625
2000-07-25 00:00:00+00:00,580.0,580.0,571.0,570.5999755859375
2000-07-26 00:00:00+00:00,555.0,575.0,555.0,560.4000244140625
2000-07-27 00:00:00+00:00,563.0999755859375,565.0,556.0999755859375,563.7999877929688
2000-07-28 00:00:00+00:00,558.0,567.0,558.0,565.7000122070312
2000-07-31 00:00:00+00:00,570.0,584.0,570.0,580.0
2000-08-01 00:00:00+00:00,587.0,593.0,585.0,591.9000244140625
2000-08-02 00:00:00+00:00,608.0,610.0,600.0,604.2000122070312
2000-08-03 00:00:00+00:00,586.0,590.0,561.0,563.5
2000-08-04 00:00:00+00:00,570.0,578.0,563.0,572.7999877929688
2000-08-07 00:00:00+00:00,566.0,566.7999877929688,559.0,564.2000122070312
2000-08-08 00:00:00+00:00,566.0,578.0,566.0,577.5999755859375
2000-08-09 00:00:00+00:00,576.0,584.0,571.0999755859375,572.2999877929688
2000-08-10 00:00:00+00:00,573.5999755859375,582.5,571.2999877929688,581.7999877929688
2000-08-11 00:00:00+00:00,565.5,569.0,561.0,566.4000244140625
2000-08-14 00:00:00+00:00,566.4000244140625,574.0,562.5,564.0
2000-08-15 00:00:00+00:00,566.0,573.0,566.0,572.2000122070312
2000-08-16 00:00:00+00:00,572.2000122070312,575.9000244140625,568.0,572.0
2000-08-17 00:00:00+00:00,571.0,571.0,564.2000122070312,566.5999755859375
2000-08-18 00:00:00+00:00,565.0,568.0,563.0999755859375,564.7999877929688
2000-08-21 00:00:00+00:00,564.0,573.0,564.0,571.5999755859375
2000-08-22 00:00:00+00:00,574.0,576.9000244140625,569.0,571.2999877929688
2000-08-23 00:00:00+00:00,570.7999877929688,575.7999877929688,565.2000122070312,571.4000244140625
2000-08-24 00:00:00+00:00,570.0,576.9000244140625,570.0,573.9000244140625
2000-08-25 00:00:00+00:00,574.0,582.0,573.0,580.7000122070312
2000-08-28 00:00:00+00:00,580.0,587.0,578.0,586.5999755859375
2000-08-29 00:00:00+00:00,586.0,596.9000244140625,585.0,593.9000244140625
2000-08-30 00:00:00+00:00,593.9000244140625,602.0,590.0999755859375,591.4000244140625
2000-08-31 00:00:00+00:00,589.0,592.0,584.5,586.7000122070312
2000-09-01 00:00:00+00:00,588.0,598.0,588.0,595.2999877929688
2000-09-05 00:00:00+00:00,602.0,604.5,595.5,601.2999877929688
2000-09-06 00:00:00+00:00,603.0,612.0,603.0,611.0999755859375
2000-09-07 00:00:00+00:00,611.5,614.0,605.5,606.5
2000-09-08 00:00:00+00:00,610.0,613.0,606.5,612.0999755859375
2000-09-11 00:00:00+00:00,607.5,607.5,607.5,607.5
2000-09-12 00:00:00+00:00,606.0,611.0,605.0,606.2000122070312
2000-09-13 00:00:00+00:00,600.0,603.0,592.0,596.0
2000-09-14 00:00:00+00:00,587.0,589.0,581.5,585.7999877929688
2000-09-15 00:00:00+00:00,585.7999877929688,594.0,585.7999877929688,592.0
2000-09-18 00:00:00+00:00,591.0,598.0,588.0,592.7999877929688
2000-09-19 00:00:00+00:00,595.0,595.0,591.0,591.7000122070312
2000-09-20 00:00:00+00:00,591.7000122070312,595.0,587.0,588.7999877929688
2000-09-21 00:00:00+00:00,585.0,587.0,580.0,585.2000122070312
2000-09-22 00:00:00+00:00,589.0,589.0,584.0,584.5
2000-09-25 00:00:00+00:00,583.5,584.0,577.5,580.5999755859375
2000-09-26 00:00:00+00:00,578.0,579.0,567.5,568.0
2000-09-27 00:00:00+00:00,568.0,571.0,557.5,569.7000122070312
2000-09-28 00:00:00+00:00,575.0,584.0,574.0,578.7000122070312
2000-09-29 00:00:00+00:00,578.0,582.0,573.0,578.7999877929688
2000-10-02 00:00:00+00:00,575.0,584.0,575.0,579.5
2000-10-03 00:00:00+00:00,581.0,584.0,580.0,580.7000122070312
2000-10-04 00:00:00+00:00,588.0,588.0,580.0,582.0
2000-10-05 00:00:00+00:00,586.5,588.0,580.0,590.2999877929688
2000-10-06 00:00:00+00:00,590.5,590.5,587.0,585.7999877929688
2000-10-09 00:00:00+00:00,590.0,590.0,590.0,587.2999877929688
2000-10-10 00:00:00+00:00,596.0,596.0,596.0,592.5
2000-10-11 00:00:00+00:00,595.0,595.0,590.0,593.0
2000-10-12 00:00:00+00:00,590.0,595.0,590.0,591.7999877929688
2000-10-13 00:00:00+00:00,595.0,595.0,593.0,591.2999877929688
2000-10-16 00:00:00+00:00,590.0,590.0,580.0,582.2999877929688
2000-10-17 00:00:00+00:00,590.0,590.0,581.0,581.9000244140625
2000-10-18 00:00:00+00:00,585.0,585.0,585.0,587.0999755859375
2000-10-19 00:00:00+00:00,595.0,600.0,595.0,602.9000244140625
2000-10-20 00:00:00+00:00,600.0,600.0,600.0,601.5
2000-10-23 00:00:00+00:00,590.0,590.0,590.0,593.5999755859375
2000-10-24 00:00:00+00:00,590.0,590.0,590.0,582.7000122070312
2000-10-25 00:00:00+00:00,590.0,590.0,590.0,588.2999877929688
2000-10-26 00:00:00+00:00,590.0,590.0,590.0,586.9000244140625
2000-10-27 00:00:00+00:00,568.0,569.5,564.0,566.0999755859375
2000-10-30 00:00:00+00:00,566.0,572.0,566.0,569.2000122070312
2000-10-31 00:00:00+00:00,569.2000122070312,580.0,569.0,578.0999755859375
2000-11-01 00:00:00+00:00,578.0999755859375,582.0,574.0,578.4000244140625
2000-11-02 00:00:00+00:00,580.0,596.0,580.0,594.7999877929688
2000-11-03 00:00:00+00:00,594.0,596.0,589.2000122070312,590.2999877929688
2000-11-06 00:00:00+00:00,585.0,587.0,582.0,584.5999755859375
2000-11-07 00:00:00+00:00,584.5999755859375,595.0,584.0,592.7000122070312
2000-11-08 00:00:00+00:00,582.7000122070312,594.0,581.2000122070312,592.2999877929688
2000-11-09 00:00:00+00:00,592.0,595.7999877929688,592.0,595.0999755859375
2000-11-10 00:00:00+00:00,598.0,598.0,590.2000122070312,592.5999755859375
2000-11-13 00:00:00+00:00,592.5999755859375,594.0,584.0,585.7999877929688
2000-11-14 00:00:00+00:00,587.0,589.9000244140625,583.0999755859375,589.4000244140625
2000-11-15 00:00:00+00:00,589.4000244140625,589.4000244140625,584.5,585.5
2000-11-16 00:00:00+00:00,580.0,581.5,578.0,578.7000122070312
2000-11-17 00:00:00+00:00,581.5,588.0,581.0,585.5
2000-11-20 00:00:00+00:00,584.0,592.0,584.0,589.0
2000-11-21 00:00:00+00:00,590.0,592.9000244140625,583.0999755859375,583.7999877929688
2000-11-22 00:00:00+00:00,585.0,587.9000244140625,581.0,583.2999877929688
2000-11-27 00:00:00+00:00,583.2999877929688,595.9000244140625,583.2999877929688,595.5
2000-11-28 00:00:00+00:00,596.0,602.0,594.0,599.7000122070312
2000-11-29 00:00:00+00:00,600.0,604.0,594.5,600.5999755859375
2000-11-30 00:00:00+00:00,602.0,609.7000122070312,600.2000122070312,605.9000244140625
2000-12-01 00:00:00+00:00,609.0,614.0,605.9000244140625,612.0
2000-12-04 00:00:00+00:00,628.0,629.9000244140625,616.0,622.0999755859375
2000-12-05 00:00:00+00:00,618.0999755859375,620.0,605.5,607.4000244140625
2000-12-06 00:00:00+00:00,600.0,605.7999877929688,598.0,605.4000244140625
2000-12-07 00:00:00+00:00,609.0,614.0,604.5,612.5999755859375
2000-12-08 00:00:00+00:00,610.0,612.0,602.0,607.9000244140625
2000-12-11 00:00:00+00:00,610.5,616.7999877929688,609.0,614.0999755859375
2000-12-12 00:00:00+00:00,618.0999755859375,622.0,615.0,619.5999755859375
2000-12-13 00:00:00+00:00,624.0,625.0,610.0,610.2000122070312
2000-12-14 00:00:00+00:00,613.0,619.9000244140625,610.0,618.2000122070312
2000-12-15 00:00:00+00:00,614.0,620.0,606.2000122070312,610.7000122070312
2000-12-18 00:00:00+00:00,601.0,606.5,601.0,604.0
2000-12-19 00:00:00+00:00,601.5,606.0,600.0,603.2999877929688
2000-12-20 00:00:00+00:00,603.5,609.9000244140625,603.5,608.2000122070312
2000-12-21 00:00:00+00:00,610.0,619.5,610.0,616.0
2000-12-22 00:00:00+00:00,611.0,614.5,609.0,610.0999755859375
2000-12-26 00:00:00+00:00,611.0,618.0,610.0999755859375,611.9000244140625
2000-12-27 00:00:00+00:00,611.0,618.0,611.0,614.5
2000-12-28 00:00:00+00:00,617.0,622.0,613.0,617.0
2000-12-29 00:00:00+00:00,615.0,615.0,607.0,609.5999755859375
2001-01-02 00:00:00+00:00,604.0,611.5,604.0,609.9000244140625
2001-01-03 00:00:00+00:00,613.0,622.0,611.0,619.4000244140625
2001-01-04 00:00:00+00:00,633.0,635.0,626.4000244140625,626.9000244140625
2001-01-05 00:00:00+00:00,618.0,618.0,615.0,620.7000122070312
2001-01-08 00:00:00+00:00,628.9000244140625,630.0,628.9000244140625,634.5
2001-01-09 00:00:00+00:00,633.0,636.0,633.0,636.0
2001-01-10 00:00:00+00:00,636.0,639.0,636.0,641.0999755859375
2001-01-11 00:00:00+00:00,635.0,640.0,632.9000244140625,628.0
2001-01-12 00:00:00+00:00,632.0,634.0,632.0,635.0999755859375
2001-01-16 00:00:00+00:00,635.2999877929688,637.0,634.0,631.5999755859375
2001-01-17 00:00:00+00:00,630.0,630.0,625.0,625.5
2001-01-18 00:00:00+00:00,620.0,620.0,610.0,609.5999755859375
2001-01-19 00:00:00+00:00,620.0,620.0,620.0,617.7999877929688
2001-01-22 00:00:00+00:00,618.0,618.0,617.0,621.7999877929688
2001-01-23 00:00:00+00:00,617.0,617.0,617.0,620.7999877929688
2001-01-24 00:00:00+00:00,616.0,616.0,607.0,605.5999755859375
2001-01-25 00:00:00+00:00,609.5,613.0,609.5,616.0
2001-01-26 00:00:00+00:00,613.0,613.0,613.0,612.0999755859375
2001-01-29 00:00:00+00:00,608.0,608.0,596.5,598.4000244140625
2001-01-30 00:00:00+00:00,599.0,603.5,597.2000122070312,601.5999755859375
2001-01-31 00:00:00+00:00,601.5,601.5,598.0,601.0999755859375
2001-02-01 00:00:00+00:00,598.7999877929688,601.5,597.2000122070312,597.4000244140625
2001-02-02 00:00:00+00:00,595.5,598.0,594.5,597.0
2001-02-05 00:00:00+00:00,598.0,604.4000244140625,597.0,603.7000122070312
2001-02-06 00:00:00+00:00,606.0,607.9000244140625,603.5,606.0
2001-02-07 00:00:00+00:00,603.0,605.5,602.5,603.0
2001-02-08 00:00:00+00:00,601.5,601.5,593.0999755859375,593.2999877929688
2001-02-09 00:00:00+00:00,591.5,596.9000244140625,588.5,593.5
2001-02-12 00:00:00+00:00,599.0,599.0,589.0,590.0999755859375
2001-02-13 00:00:00+00:00,591.5,595.0,588.5,593.7000122070312
2001-02-14 00:00:00+00:00,595.0,595.0,592.0,592.4000244140625
2001-02-15 00:00:00+00:00,591.5,596.0,590.5,595.0999755859375
2001-02-16 00:00:00+00:00,595.5,602.0,595.0,600.0999755859375
2001-02-20 00:00:00+00:00,606.0,606.5,600.0,603.7999877929688
2001-02-21 00:00:00+00:00,605.0,608.0,600.0,604.0
2001-02-22 00:00:00+00:00,600.0,602.0,595.0999755859375,598.7000122070312
2001-02-23 00:00:00+00:00,597.5,600.0,597.0,598.5
2001-02-26 00:00:00+00:00,602.0,604.7999877929688,600.0,604.2999877929688
2001-02-27 00:00:00+00:00,604.5,614.0,604.5,612.9000244140625
2001-02-28 00:00:00+00:00,614.0,614.0,609.0,610.0
2001-03-01 00:00:00+00:00,609.0,609.0,598.0,598.5999755859375
2001-03-02 00:00:00+00:00,596.0,596.0,580.0,581.0999755859375
2001-03-05 00:00:00+00:00,572.0,577.5,569.0,576.9000244140625
2001-03-06 00:00:00+00:00,583.5,584.5,581.0,582.0
2001-03-07 00:00:00+00:00,588.0,591.0,583.0,591.0
2001-03-08 00:00:00+00:00,596.0,599.5,594.5,599.4000244140625
2001-03-09 00:00:00+00:00,597.0,600.0,592.5,593.2999877929688
2001-03-12 00:00:00+00:00,592.0,593.0,584.0999755859375,585.0
2001-03-13 00:00:00+00:00,582.0,584.5,581.5,582.0
2001-03-14 00:00:00+00:00,587.0,588.5,584.5,584.5999755859375
2001-03-15 00:00:00+00:00,581.5,585.0,578.0,580.4000244140625
2001-03-16 00:00:00+00:00,579.0,583.0,579.0,580.4000244140625
2001-03-19 00:00:00+00:00,583.0,583.0,575.0,577.7000122070312
2001-03-20 00:00:00+00:00,575.0,578.0,571.0,573.7999877929688
2001-03-21 00:00:00+00:00,572.0,579.5,571.0,579.0
2001-03-22 00:00:00+00:00,580.0,579.0,568.2000122070312,569.0999755859375
2001-03-23 00:00:00+00:00,564.5,569.5,565.0,566.7999877929688
2001-03-26 00:00:00+00:00,567.0,572.5,566.0,572.0999755859375
2001-03-27 00:00:00+00:00,573.5,578.0,570.0,576.2000122070312
2001-03-28 00:00:00+00:00,575.0,575.0,570.0,570.5
2001-03-29 00:00:00+00:00,565.0,568.0,557.0,558.0
2001-03-30 00:00:00+00:00,559.0,562.0,554.5,555.0
2001-04-02 00:00:00+00:00,554.0,555.0,548.0,553.0
2001-04-03 00:00:00+00:00,570.0,581.0,561.0,574.9000244140625
2001-04-04 00:00:00+00:00,574.9000244140625,589.5,580.0,584.0
2001-04-05 00:00:00+00:00,575.0,575.0,575.0,577.0
2001-04-06 00:00:00+00:00,577.0,577.0,575.0,576.0
2001-04-09 00:00:00+00:00,578.5,585.0,585.0,579.0999755859375
2001-04-10 00:00:00+00:00,579.9000244140625,579.9000244140625,579.9000244140625,579.9000244140625
2001-04-11 00:00:00+00:00,595.0,595.0999755859375,585.0,593.4000244140625
2001-04-12 00:00:00+00:00,595.0,595.0,595.0,597.2999877929688
2001-04-16 00:00:00+00:00,614.0,614.0,600.0,624.9000244140625
2001-04-17 00:00:00+00:00,614.0,614.0,600.0,624.9000244140625
2001-04-18 00:00:00+00:00,627.0,627.0,627.0,627.0
2001-04-19 00:00:00+00:00,627.5,627.5,627.5,627.5
2001-04-20 00:00:00+00:00,625.0,625.0,622.0,628.4000244140625
2001-04-23 00:00:00+00:00,622.2000122070312,622.2000122070312,622.2000122070312,622.2000122070312
2001-04-24 00:00:00+00:00,615.9000244140625,615.9000244140625,615.9000244140625,615.9000244140625
2001-04-25 00:00:00+00:00,610.0,610.0,610.0,610.0
2001-04-26 00:00:00+00:00,592.0,597.0,590.0,593.5999755859375
2001-04-27 00:00:00+00:00,593.0,595.5,589.0,593.0999755859375
2001-04-30 00:00:00+00:00,596.0,596.0,589.0,595.0
2001-05-01 00:00:00+00:00,597.0,602.0,596.0,601.0
2001-05-02 00:00:00+00:00,607.0,613.5,602.0,613.2999877929688
2001-05-03 00:00:00+00:00,612.0,639.0,608.0,631.2999877929688
2001-05-04 00:00:00+00:00,626.0,631.2999877929688,613.0,619.0
2001-05-07 00:00:00+00:00,614.0,615.0,608.0,611.0
2001-05-08 00:00:00+00:00,607.0,608.0999755859375,601.5,604.7999877929688
2001-05-09 00:00:00+00:00,607.0,614.0,604.5,611.7000122070312
2001-05-10 00:00:00+00:00,608.0,608.0,604.0,607.5
2001-05-11 00:00:00+00:00,610.0,611.0,606.0,607.7999877929688
2001-05-14 00:00:00+00:00,606.5,606.5,604.2000122070312,606.5
2001-05-15 00:00:00+00:00,606.5,613.0,604.2000122070312,610.0
2001-05-16 00:00:00+00:00,611.0,614.5,610.0,612.0999755859375
2001-05-17 00:00:00+00:00,611.0,616.0,609.5,615.2000122070312
2001-05-18 00:00:00+00:00,613.0,619.7999877929688,611.0,617.0
2001-05-21 00:00:00+00:00,619.0,626.7999877929688,616.2999877929688,620.0
2001-05-22 00:00:00+00:00,618.0,618.0,614.2000122070312,616.5
2001-05-23 00:00:00+00:00,615.5,616.0,611.0,614.0999755859375
2001-05-24 00:00:00+00:00,616.0,621.0,615.0,619.0
2001-05-25 00:00:00+00:00,620.0,625.0,618.0,622.0
2001-05-29 00:00:00+00:00,622.0,624.7999877929688,619.0,619.2999877929688
2001-05-30 00:00:00+00:00,617.0,619.0,612.2000122070312,613.0999755859375
2001-05-31 00:00:00+00:00,618.0,611.2000122070312,600.5,603.0999755859375
2001-06-01 00:00:00+00:00,594.0,605.9000244140625,586.0,588.7999877929688
2001-06-04 00:00:00+00:00,590.0,593.7999877929688,585.0,591.9000244140625
2001-06-05 00:00:00+00:00,588.5,591.9000244140625,582.0,583.0999755859375
2001-06-06 00:00:00+00:00,584.0999755859375,589.0,581.2000122070312,583.0
2001-06-07 00:00:00+00:00,587.0,589.7999877929688,586.0,588.2999877929688
2001-06-08 00:00:00+00:00,591.0,594.0,589.0,593.5999755859375
2001-06-11 00:00:00+00:00,588.0,588.0,582.5,585.2000122070312
2001-06-12 00:00:00+00:00,584.0,584.0,578.0,578.7000122070312
2001-06-13 00:00:00+00:00,572.7000122070312,579.0,572.7000122070312,578.9000244140625
2001-06-14 00:00:00+00:00,576.0,583.0,576.0,580.0
2001-06-15 00:00:00+00:00,579.0,585.0,579.0,583.2000122070312
2001-06-18 00:00:00+00:00,581.0,583.0,578.2000122070312,580.4000244140625
2001-06-19 00:00:00+00:00,578.5,583.0,578.0999755859375,579.7000122070312
2001-06-20 00:00:00+00:00,581.0,587.0,580.0,584.5
2001-06-21 00:00:00+00:00,583.0,583.4000244140625,580.0,583.0
2001-06-22 00:00:00+00:00,576.0,581.0,574.0,574.0
2001-06-25 00:00:00+00:00,576.0,576.0,568.2000122070312,571.0
2001-06-26 00:00:00+00:00,572.0,570.5,567.2000122070312,569.5
2001-06-27 00:00:00+00:00,567.5999755859375,573.0,565.0,567.0
2001-06-28 00:00:00+00:00,565.2000122070312,566.0,562.2999877929688,562.7999877929688
2001-06-29 00:00:00+00:00,561.0,563.0,557.5,560.0999755859375
2001-07-02 00:00:00+00:00,561.0,564.0,555.0,555.0999755859375
2001-07-03 00:00:00+00:00,556.0,558.0,556.0,556.9000244140625
2001-07-05 00:00:00+00:00,557.4000244140625,557.4000244140625,555.0,551.0
2001-07-06 00:00:00+00:00,556.0,551.5,551.0,561.4000244140625
2001-07-09 00:00:00+00:00,564.0,564.0,564.0,559.5999755859375
2001-07-10 00:00:00+00:00,555.2999877929688,555.2999877929688,555.2999877929688,555.2999877929688
2001-07-11 00:00:00+00:00,559.0,562.0,559.0,567.2000122070312
2001-07-12 00:00:00+00:00,562.0,562.0,562.0,562.0
2001-07-13 00:00:00+00:00,555.0999755859375,555.0999755859375,555.0999755859375,555.0999755859375
2001-07-16 00:00:00+00:00,545.4000244140625,545.4000244140625,545.4000244140625,555.4000244140625
2001-07-17 00:00:00+00:00,546.0999755859375,546.0999755859375,546.0999755859375,544.0
2001-07-18 00:00:00+00:00,525.0,525.0,525.0,525.0
2001-07-19 00:00:00+00:00,522.5,522.5,522.0,514.0999755859375
2001-07-20 00:00:00+00:00,505.29998779296875,505.29998779296875,505.29998779296875,505.29998779296875
2001-07-23 00:00:00+00:00,498.0,498.0,498.0,498.0
2001-07-24 00:00:00+00:00,508.1000061035156,508.1000061035156,508.1000061035156,508.1000061035156
2001-07-25 00:00:00+00:00,509.6000061035156,509.6000061035156,509.6000061035156,509.6000061035156
2001-07-26 00:00:00+00:00,508.79998779296875,508.79998779296875,508.79998779296875,508.79998779296875
2001-07-27 00:00:00+00:00,505.0,505.1000061035156,502.0,503.70001220703125
2001-07-30 00:00:00+00:00,498.5,501.1000061035156,467.79998779296875,473.0
2001-07-31 00:00:00+00:00,478.0,479.0,473.0,474.3999938964844
2001-08-01 00:00:00+00:00,471.0,477.0,467.0,474.29998779296875
2001-08-02 00:00:00+00:00,479.0,483.79998779296875,469.0,481.5
2001-08-03 00:00:00+00:00,482.79998779296875,484.0,478.0,480.6000061035156
2001-08-06 00:00:00+00:00,475.0,475.0,465.20001220703125,466.20001220703125
2001-08-07 00:00:00+00:00,451.0,465.0,437.0,440.3999938964844
2001-08-08 00:00:00+00:00,443.0,445.0,438.0,441.5
2001-08-09 00:00:00+00:00,435.0,441.20001220703125,432.0,436.3999938964844
2001-08-10 00:00:00+00:00,445.0,459.0,437.0,451.0
2001-08-13 00:00:00+00:00,452.5,456.0,448.0,453.79998779296875
2001-08-14 00:00:00+00:00,448.5,453.5,437.5,441.5
2001-08-15 00:00:00+00:00,427.5,432.79998779296875,426.0,431.3999938964844
2001-08-16 00:00:00+00:00,425.0,442.79998779296875,422.0,441.8999938964844
2001-08-17 00:00:00+00:00,449.0,453.5,449.0,450.5
2001-08-20 00:00:00+00:00,440.0,441.0,435.0,435.5
2001-08-21 00:00:00+00:00,439.0,448.0,431.1000061035156,443.29998779296875
2001-08-22 00:00:00+00:00,446.8999938964844,449.5,443.5,448.5
2001-08-23 00:00:00+00:00,452.3999938964844,466.0,452.3999938964844,461.5
2001-08-24 00:00:00+00:00,459.0,459.0,452.0,452.8999938964844
2001-08-27 00:00:00+00:00,454.5,460.0,454.0,458.1000061035156
2001-08-28 00:00:00+00:00,461.0,466.79998779296875,460.0,460.8999938964844
2001-08-29 00:00:00+00:00,465.0,466.5,458.5,459.6000061035156
2001-08-30 00:00:00+00:00,445.5,447.0,439.5,440.29998779296875
2001-08-31 00:00:00+00:00,446.0,447.0,442.5,443.0
2001-09-04 00:00:00+00:00,446.79998779296875,446.79998779296875,441.0,444.3999938964844
2001-09-05 00:00:00+00:00,445.5,446.0,441.5,441.5
2001-09-06 00:00:00+00:00,441.5,441.5,437.0,437.3999938964844
2001-09-07 00:00:00+00:00,440.0,446.0,439.0,444.0
2001-09-10 00:00:00+00:00,440.0,444.0,437.0,438.29998779296875
2001-09-11 00:00:00+00:00,440.0,441.0,439.0,440.0
2001-09-14 00:00:00+00:00,462.0,475.0,462.0,473.29998779296875
2001-09-17 00:00:00+00:00,475.5,490.5,475.5,488.1000061035156
2001-09-18 00:00:00+00:00,486.5,487.0,482.0,485.1000061035156
2001-09-19 00:00:00+00:00,487.0,498.0,486.0,492.3999938964844
2001-09-20 00:00:00+00:00,490.0,493.0,485.0,490.6000061035156
2001-09-21 00:00:00+00:00,492.0,493.0,482.0,483.3999938964844
2001-09-24 00:00:00+00:00,472.0,474.0,469.0,471.79998779296875
2001-09-25 00:00:00+00:00,448.0,450.5,429.0,450.1000061035156
2001-09-26 00:00:00+00:00,450.0,450.0,445.0,446.0
2001-09-27 00:00:00+00:00,445.0,445.0,442.20001220703125,445.1000061035156
2001-09-28 00:00:00+00:00,433.0,433.0,433.0,433.29998779296875
2001-10-01 00:00:00+00:00,420.5,426.0,415.0,418.5
2001-10-02 00:00:00+00:00,406.0,415.0,406.0,419.20001220703125
2001-10-03 00:00:00+00:00,425.5,438.0,425.5,426.0
2001-10-04 00:00:00+00:00,426.0,435.0,426.0,430.1000061035156
2001-10-05 00:00:00+00:00,438.0,438.0,438.0,438.0
2001-10-08 00:00:00+00:00,436.0,436.0,436.0,432.5
2001-10-09 00:00:00+00:00,428.0,429.0,428.0,425.70001220703125
2001-10-10 00:00:00+00:00,425.0,425.0,424.0,431.0
2001-10-11 00:00:00+00:00,440.0,446.0,440.0,445.6000061035156
2001-10-12 00:00:00+00:00,445.0,459.0,442.0,450.0
2001-10-15 00:00:00+00:00,457.0,466.0,457.0,460.8999938964844
2001-10-16 00:00:00+00:00,445.20001220703125,445.20001220703125,445.20001220703125,445.20001220703125
2001-10-17 00:00:00+00:00,445.5,445.0,445.0,438.8999938964844
2001-10-18 00:00:00+00:00,428.0,428.0,428.0,431.29998779296875
2001-10-19 00:00:00+00:00,437.0,437.0,437.0,437.0
2001-10-22 00:00:00+00:00,435.0,435.0,435.0,427.0
2001-10-23 00:00:00+00:00,431.29998779296875,431.29998779296875,431.29998779296875,431.29998779296875
2001-10-24 00:00:00+00:00,427.1000061035156,427.1000061035156,427.1000061035156,427.1000061035156
2001-10-25 00:00:00+00:00,430.8999938964844,430.8999938964844,430.8999938964844,430.8999938964844
2001-10-26 00:00:00+00:00,430.3999938964844,430.3999938964844,430.3999938964844,430.3999938964844
2001-10-29 00:00:00+00:00,426.0,427.0,422.0,423.20001220703125
2001-10-30 00:00:00+00:00,424.0,424.0,420.20001220703125,421.29998779296875
2001-10-31 00:00:00+00:00,419.5,422.0,411.0,412.5
2001-11-01 00:00:00+00:00,413.0,422.0,413.0,421.6000061035156
2001-11-02 00:00:00+00:00,419.0,424.5,418.0,420.70001220703125
2001-11-05 00:00:00+00:00,422.0,425.5,422.0,423.0
2001-11-06 00:00:00+00:00,421.0,422.0,417.0,417.1000061035156
2001-11-07 00:00:00+00:00,416.0,416.0,413.0,414.0
2001-11-08 00:00:00+00:00,413.0,418.0,412.20001220703125,417.79998779296875
2001-11-09 00:00:00+00:00,420.0,425.0,419.5,422.6000061035156
2001-11-12 00:00:00+00:00,425.0,450.0,425.0,442.6000061035156
2001-11-13 00:00:00+00:00,432.0,432.0,416.0,419.70001220703125
2001-11-14 00:00:00+00:00,427.0,428.0,422.0,425.3999938964844
2001-11-15 00:00:00+00:00,422.0,425.0,421.5,423.0
2001-11-16 00:00:00+00:00,426.0,428.5,425.0,427.8999938964844
2001-11-19 00:00:00+00:00,429.79998779296875,438.0,427.0,437.0
2001-11-20 00:00:00+00:00,437.0,442.0,435.0,439.29998779296875
2001-11-21 00:00:00+00:00,441.0,445.0,441.0,442.0
2001-11-26 00:00:00+00:00,438.0,440.0,436.0,439.70001220703125
2001-11-27 00:00:00+00:00,445.0,444.5,438.0,438.3999938964844
2001-11-28 00:00:00+00:00,437.0,437.5,434.0,436.0
2001-11-29 00:00:00+00:00,437.0,445.0,436.5,444.20001220703125
2001-11-30 00:00:00+00:00,443.0,449.79998779296875,442.5,449.29998779296875
2001-12-03 00:00:00+00:00,454.0,459.5,452.0,457.70001220703125
2001-12-04 00:00:00+00:00,460.8999938964844,460.8999938964844,453.5,454.20001220703125
2001-12-05 00:00:00+00:00,455.5,457.0,453.0,453.6000061035156
2001-12-06 00:00:00+00:00,457.0,465.0,456.0,463.29998779296875
2001-12-07 00:00:00+00:00,470.0,470.0,470.0,470.0
2001-12-10 00:00:00+00:00,469.0,476.0,468.5,474.3999938964844
2001-12-11 00:00:00+00:00,462.0,464.5,456.0,460.70001220703125
2001-12-12 00:00:00+00:00,463.0,478.0,463.0,467.6000061035156
2001-12-13 00:00:00+00:00,465.0,469.5,465.0,468.79998779296875
2001-12-14 00:00:00+00:00,465.0,470.0,465.0,467.6000061035156
2001-12-17 00:00:00+00:00,471.0,471.0,463.0,467.6000061035156
2001-12-18 00:00:00+00:00,466.0,466.0,460.0,463.1000061035156
2001-12-19 00:00:00+00:00,466.0,466.0,456.5,458.6000061035156
2001-12-20 00:00:00+00:00,456.0,459.0,451.0,457.1000061035156
2001-12-21 00:00:00+00:00,459.0,473.0,458.0,471.29998779296875
2001-12-26 00:00:00+00:00,471.0,476.5,471.0,474.0
2001-12-27 00:00:00+00:00,476.0,483.0,473.0,480.70001220703125
2001-12-28 00:00:00+00:00,485.0,490.0,480.0,486.5
2001-12-31 00:00:00+00:00,483.0,491.0,483.0,493.0
2002-01-02 00:00:00+00:00,490.0,490.0,483.0,483.5
2002-01-03 00:00:00+00:00,486.0,486.0,482.0,485.5
2002-01-04 00:00:00+00:00,475.0,478.0,472.0,478.20001220703125
2002-01-07 00:00:00+00:00,470.0,475.0,470.0,476.29998779296875
2002-01-08 00:00:00+00:00,479.0,479.0,475.0,478.29998779296875
2002-01-09 00:00:00+00:00,481.0,482.0,481.0,483.0
2002-01-10 00:00:00+00:00,483.1000061035156,483.1000061035156,483.1000061035156,483.1000061035156
2002-01-11 00:00:00+00:00,483.0,483.0,483.0,483.3999938964844
2002-01-14 00:00:00+00:00,485.0,485.0,485.0,480.20001220703125
2002-01-15 00:00:00+00:00,477.29998779296875,477.29998779296875,477.29998779296875,477.29998779296875
2002-01-16 00:00:00+00:00,484.20001220703125,484.20001220703125,484.20001220703125,484.20001220703125
2002-01-17 00:00:00+00:00,486.0,486.0,485.5,485.8999938964844
2002-01-18 00:00:00+00:00,483.29998779296875,483.29998779296875,483.29998779296875,483.29998779296875
2002-01-22 00:00:00+00:00,480.0,480.0,480.0,479.8999938964844
2002-01-23 00:00:00+00:00,471.6000061035156,471.6000061035156,471.6000061035156,471.6000061035156
2002-01-24 00:00:00+00:00,466.29998779296875,466.29998779296875,466.29998779296875,466.29998779296875
2002-01-25 00:00:00+00:00,467.0,467.0,467.0,469.70001220703125
2002-01-28 00:00:00+00:00,475.0,475.0,475.0,465.20001220703125
2002-03-26 00:00:00+00:00,515.0,515.0,515.0,515.0
2002-03-27 00:00:00+00:00,515.0,515.0,515.0,515.0
2002-03-28 00:00:00+00:00,515.7000122070312,515.7000122070312,515.7000122070312,515.7000122070312
2002-04-01 00:00:00+00:00,517.7000122070312,517.7000122070312,517.7000122070312,517.7000122070312
2002-04-02 00:00:00+00:00,534.0,534.0,534.0,534.0
2002-04-03 00:00:00+00:00,527.0,527.0,527.0,527.0
2002-04-04 00:00:00+00:00,526.0,526.0,526.0,526.0
2002-04-05 00:00:00+00:00,528.5,528.5,528.5,528.5
2002-04-08 00:00:00+00:00,527.7000122070312,527.7000122070312,527.7000122070312,527.7000122070312
2002-04-09 00:00:00+00:00,530.7999877929688,530.7999877929688,530.7999877929688,530.2999877929688
2002-04-10 00:00:00+00:00,529.7999877929688,529.7999877929688,529.7999877929688,529.7999877929688
2002-04-11 00:00:00+00:00,533.0999755859375,533.0999755859375,533.0999755859375,533.0999755859375
2002-04-12 00:00:00+00:00,553.7000122070312,553.7000122070312,553.7000122070312,533.7000122070312
2002-04-15 00:00:00+00:00,533.0,533.0,533.0,533.0
2002-04-16 00:00:00+00:00,537.2999877929688,537.2999877929688,537.2999877929688,537.2999877929688
2002-04-17 00:00:00+00:00,537.2999877929688,545.5,545.5,546.7999877929688
2002-04-18 00:00:00+00:00,558.5999755859375,558.5999755859375,558.5999755859375,558.5999755859375
2002-04-19 00:00:00+00:00,553.5999755859375,553.5999755859375,553.5999755859375,553.5999755859375
2002-04-22 00:00:00+00:00,549.7999877929688,549.7999877929688,549.7999877929688,549.7999877929688
2002-04-23 00:00:00+00:00,548.7999877929688,548.7999877929688,548.7999877929688,548.7999877929688
2002-04-24 00:00:00+00:00,560.0999755859375,560.0999755859375,560.0999755859375,560.0999755859375
2002-04-25 00:00:00+00:00,561.5999755859375,561.5999755859375,561.5999755859375,561.5999755859375
2002-04-26 00:00:00+00:00,552.5,553.0,546.0,547.9000244140625
2002-04-29 00:00:00+00:00,545.0,545.0,538.0,538.9000244140625
2002-04-30 00:00:00+00:00,539.0,539.0,532.2000122070312,532.5
2002-05-01 00:00:00+00:00,531.0,531.0,513.0,514.5
2002-05-02 00:00:00+00:00,514.5,518.5,514.0,517.5999755859375
2002-05-03 00:00:00+00:00,518.5,523.0,515.0,517.0
2002-05-06 00:00:00+00:00,518.5,520.0,515.0,515.7999877929688
2002-05-07 00:00:00+00:00,519.5,524.5,516.0,522.0
2002-05-08 00:00:00+00:00,523.0,530.0,523.0,528.7000122070312
2002-05-09 00:00:00+00:00,530.0,530.0,520.0,523.7999877929688
2002-05-10 00:00:00+00:00,521.0,521.0,517.5,520.7999877929688
2002-05-13 00:00:00+00:00,523.5,526.0,522.0,525.2999877929688
2002-05-14 00:00:00+00:00,523.5,534.0,525.0,533.2999877929688
2002-05-15 00:00:00+00:00,533.0,536.0,532.0,532.9000244140625
2002-05-16 00:00:00+00:00,533.0,542.5,533.0,536.0
2002-05-17 00:00:00+00:00,533.0,539.0,534.0,537.7000122070312
2002-05-20 00:00:00+00:00,539.0,545.5,538.0,544.2000122070312
2002-05-21 00:00:00+00:00,545.5,545.5,536.2000122070312,538.0
2002-05-22 00:00:00+00:00,540.0,542.0,536.0,540.0
2002-05-23 00:00:00+00:00,541.0,542.0,532.5,541.5999755859375
2002-05-24 00:00:00+00:00,543.0,543.0,535.2000122070312,537.5
2002-05-28 00:00:00+00:00,540.0,546.5,540.0,545.0
2002-05-29 00:00:00+00:00,547.0,548.0,543.0,544.2999877929688
2002-05-30 00:00:00+00:00,545.0,551.7999877929688,542.0,550.0
2002-05-31 00:00:00+00:00,548.0,553.0,544.2000122070312,545.9000244140625
2002-06-03 00:00:00+00:00,544.0,548.0,542.5,547.4000244140625
2002-06-04 00:00:00+00:00,547.4000244140625,553.7999877929688,547.0999755859375,553.0
2002-06-05 00:00:00+00:00,547.0,556.0,545.0,549.7999877929688
2002-06-06 00:00:00+00:00,548.0,565.0,548.0,563.7000122070312
2002-06-07 00:00:00+00:00,563.5,569.7999877929688,561.2000122070312,563.5999755859375
2002-06-10 00:00:00+00:00,563.0,563.0,553.0,554.0
2002-06-11 00:00:00+00:00,553.9000244140625,558.0,552.5,556.4000244140625
2002-06-12 00:00:00+00:00,556.5,560.0,554.5,555.9000244140625
2002-06-13 00:00:00+00:00,552.5,556.5,552.2000122070312,555.7000122070312
2002-06-14 00:00:00+00:00,556.0999755859375,564.0,555.0,562.7000122070312
2002-06-17 00:00:00+00:00,562.0,563.5,556.0,562.2999877929688
2002-06-18 00:00:00+00:00,563.5,567.5,561.5,565.7999877929688
2002-06-19 00:00:00+00:00,564.0,572.0,564.0,569.5
2002-06-20 00:00:00+00:00,567.0,569.5,565.0,569.0999755859375
2002-06-21 00:00:00+00:00,570.0,570.0,562.5,562.7000122070312
2002-06-24 00:00:00+00:00,564.0,569.0,559.0,562.0
2002-06-25 00:00:00+00:00,562.0,567.5,557.0,562.2999877929688
2002-06-26 00:00:00+00:00,568.0,568.0,544.2000122070312,546.5
2002-06-27 00:00:00+00:00,540.0,544.0,538.0,540.0
2002-06-28 00:00:00+00:00,541.0,547.0,541.0,537.2999877929688
2002-07-01 00:00:00+00:00,528.0,535.0,530.5,531.5999755859375
2002-07-02 00:00:00+00:00,528.5,535.0,527.7999877929688,531.0999755859375
2002-07-03 00:00:00+00:00,531.0,540.0,530.0,527.5
2002-07-08 00:00:00+00:00,528.0,528.0,524.0,522.0999755859375
2002-07-09 00:00:00+00:00,523.0,523.0,523.0,520.0
2002-07-10 00:00:00+00:00,524.0,524.0,524.0,524.7000122070312
2002-07-11 00:00:00+00:00,529.0,533.0,529.0,529.2999877929688
2002-07-12 00:00:00+00:00,531.0,531.0,531.0,531.0
2002-07-15 00:00:00+00:00,529.0,529.0999755859375,529.0,533.9000244140625
2002-07-16 00:00:00+00:00,530.0999755859375,530.0999755859375,525.0,529.9000244140625
2002-07-17 00:00:00+00:00,525.7000122070312,525.7000122070312,525.7000122070312,525.7000122070312
2002-07-18 00:00:00+00:00,521.0,521.0,521.0,530.0
2002-07-19 00:00:00+00:00,523.0,535.0,535.0,530.5999755859375
2002-07-22 00:00:00+00:00,528.0,528.0,521.0,523.2000122070312
2002-07-23 00:00:00+00:00,523.5,525.0,523.5,522.2999877929688
2002-07-24 00:00:00+00:00,523.0,525.5,523.0,526.0
2002-07-25 00:00:00+00:00,529.0,529.0,529.0,529.7999877929688
2002-07-26 00:00:00+00:00,532.7000122070312,532.7000122070312,532.7000122070312,532.7000122070312
2002-07-29 00:00:00+00:00,520.5,523.0,519.0,519.5999755859375
2002-07-30 00:00:00+00:00,521.0,525.0,520.5,523.2000122070312
2002-07-31 00:00:00+00:00,524.0,526.0,521.5,524.5999755859375
2002-08-01 00:00:00+00:00,521.0,521.0,516.0,517.0
2002-08-02 00:00:00+00:00,517.0,523.0,517.0,519.7000122070312
2002-08-05 00:00:00+00:00,521.7999877929688,522.7999877929688,519.5,522.5999755859375
2002-08-06 00:00:00+00:00,526.0,527.0,522.0,525.2999877929688
2002-08-07 00:00:00+00:00,525.0,534.0,524.0,533.2000122070312
2002-08-08 00:00:00+00:00,531.5,540.7999877929688,531.5,539.5
2002-08-09 00:00:00+00:00,537.0,546.7999877929688,537.0,545.5
2002-08-12 00:00:00+00:00,548.5,553.5,547.0,548.0
2002-08-13 00:00:00+00:00,550.5,554.0,549.0,551.5999755859375
2002-08-14 00:00:00+00:00,552.0,561.0,552.0,560.2000122070312
2002-08-15 00:00:00+00:00,559.7999877929688,560.0,554.5,558.7999877929688
2002-08-16 00:00:00+00:00,552.0,557.0,550.0,557.0
2002-08-19 00:00:00+00:00,554.5,556.0,551.5,552.7999877929688
2002-08-20 00:00:00+00:00,552.5,552.5,544.2000122070312,546.7000122070312
2002-08-21 00:00:00+00:00,545.0,545.0,541.0,542.5
2002-08-22 00:00:00+00:00,541.0,546.0,539.5,544.9000244140625
2002-08-23 00:00:00+00:00,546.0,546.5,541.0,546.2000122070312
2002-08-26 00:00:00+00:00,541.5999755859375,551.0,541.2999877929688,549.7999877929688
2002-08-27 00:00:00+00:00,553.0,560.0,552.0,559.7000122070312
2002-08-28 00:00:00+00:00,560.0,578.0,558.0,560.2000122070312
2002-08-29 00:00:00+00:00,559.5,569.7999877929688,559.5,568.2999877929688
2002-08-30 00:00:00+00:00,569.0,570.5,562.5,565.7999877929688
2002-09-03 00:00:00+00:00,563.0,563.0,543.2000122070312,544.5999755859375
2002-09-04 00:00:00+00:00,544.0,546.0,535.0,537.0999755859375
2002-09-05 00:00:00+00:00,537.5,543.0,534.5,539.0
2002-09-06 00:00:00+00:00,542.0,547.0,541.0,542.4000244140625
2002-09-09 00:00:00+00:00,544.5,554.0,544.0999755859375,553.4000244140625
2002-09-10 00:00:00+00:00,554.5,554.5,547.0,549.0999755859375
2002-09-11 00:00:00+00:00,551.5,552.0,546.5,546.7999877929688
2002-09-12 00:00:00+00:00,547.0,554.0,546.0,552.4000244140625
2002-09-13 00:00:00+00:00,552.0,555.0,551.0,554.9000244140625
2002-09-16 00:00:00+00:00,555.5,556.5,553.5,555.2999877929688
2002-09-17 00:00:00+00:00,551.5,551.5,548.0,549.4000244140625
2002-09-18 00:00:00+00:00,549.2000122070312,555.7999877929688,549.0,554.2000122070312
2002-09-19 00:00:00+00:00,554.5,574.0,554.5,566.2000122070312
2002-09-20 00:00:00+00:00,568.7999877929688,572.0,557.0,558.0
2002-09-23 00:00:00+00:00,558.0,569.0,559.0,568.0
2002-09-24 00:00:00+00:00,570.0,574.0,565.0,572.9000244140625
2002-09-25 00:00:00+00:00,572.5,572.5,558.0,559.5999755859375
2002-09-26 00:00:00+00:00,557.5,561.0,557.5,558.4000244140625
2002-09-27 00:00:00+00:00,557.5,563.0,556.0,559.0
2002-09-30 00:00:00+00:00,560.0,568.0,558.5,564.5
2002-10-01 00:00:00+00:00,570.0,573.0,568.0,572.0999755859375
2002-10-02 00:00:00+00:00,572.0,570.0,567.0,570.0
2002-10-03 00:00:00+00:00,562.0,568.0,562.0,560.0999755859375
2002-10-04 00:00:00+00:00,559.0,560.0,559.0,560.9000244140625
2002-10-07 00:00:00+00:00,563.0,563.0,562.0,563.5
2002-10-08 00:00:00+00:00,570.0,570.0,569.0,573.9000244140625
2002-10-09 00:00:00+00:00,575.0,575.0,575.0,584.2999877929688
2002-10-10 00:00:00+00:00,592.0,588.5,580.0,578.0
2002-10-11 00:00:00+00:00,589.0,592.0,585.0,592.0999755859375
2002-10-14 00:00:00+00:00,592.4000244140625,592.4000244140625,592.4000244140625,592.4000244140625
2002-10-15 00:00:00+00:00,590.0,598.0,590.0,601.4000244140625
2002-10-16 00:00:00+00:00,597.0,602.0,597.0,603.5
2002-10-17 00:00:00+00:00,600.0,600.0,600.0,597.7000122070312
2002-10-18 00:00:00+00:00,600.0,600.0,600.0,598.9000244140625
2002-10-21 00:00:00+00:00,594.5,594.5,594.0,590.0999755859375
2002-10-22 00:00:00+00:00,591.7999877929688,591.7999877929688,591.7999877929688,591.7999877929688
2002-10-23 00:00:00+00:00,589.7999877929688,589.7999877929688,589.7999877929688,589.7999877929688
2002-10-24 00:00:00+00:00,589.0,589.0,589.0,595.2000122070312
2002-10-25 00:00:00+00:00,590.0,590.0,590.0,601.7999877929688
2002-10-28 00:00:00+00:00,598.0,598.0,598.0,601.7999877929688
2002-10-29 00:00:00+00:00,585.0,591.0,585.0,588.7000122070312
2002-10-30 00:00:00+00:00,586.0,588.0,584.0,586.9000244140625
2002-10-31 00:00:00+00:00,583.5,583.5,568.2000122070312,571.7999877929688
2002-11-01 00:00:00+00:00,572.0,579.0,572.0,577.5999755859375
2002-11-04 00:00:00+00:00,577.5999755859375,579.0,574.0,575.7000122070312
2002-11-05 00:00:00+00:00,573.0,581.5,572.0,581.0
2002-11-06 00:00:00+00:00,581.0,585.0,578.0,581.0
2002-11-07 00:00:00+00:00,578.5,585.5,578.0,584.0
2002-11-08 00:00:00+00:00,585.5,586.7999877929688,579.0,582.4000244140625
2002-11-11 00:00:00+00:00,579.0,579.0,570.0,572.7000122070312
2002-11-12 00:00:00+00:00,569.0,579.0,565.0,578.7000122070312
2002-11-13 00:00:00+00:00,581.0,590.9000244140625,581.0,585.2999877929688
2002-11-14 00:00:00+00:00,585.0,588.5,580.0,586.2999877929688
2002-11-15 00:00:00+00:00,596.7999877929688,600.0,592.5,598.0999755859375
2002-11-18 00:00:00+00:00,602.5,602.5,594.0,595.5999755859375
2002-11-19 00:00:00+00:00,592.5,599.0,590.0,592.0
2002-11-20 00:00:00+00:00,591.0,591.5,584.5,586.7999877929688
2002-11-21 00:00:00+00:00,586.7999877929688,590.0,585.0,588.4000244140625
2002-11-22 00:00:00+00:00,590.0,592.0,588.2000122070312,589.9000244140625
2002-11-25 00:00:00+00:00,592.5,593.0,584.5,584.5999755859375
2002-11-26 00:00:00+00:00,585.0,585.2000122070312,580.2000122070312,585.0
2002-11-27 00:00:00+00:00,584.2000122070312,584.5,581.5,581.9000244140625
2002-12-02 00:00:00+00:00,585.0,590.0,585.0,586.9000244140625
2002-12-03 00:00:00+00:00,585.0999755859375,589.5,585.0999755859375,587.7999877929688
2002-12-04 00:00:00+00:00,587.0,592.7999877929688,587.0,592.5
2002-12-05 00:00:00+00:00,593.5,595.5,590.2000122070312,594.7000122070312
2002-12-06 00:00:00+00:00,594.5,598.7999877929688,594.0,597.7999877929688
2002-12-09 00:00:00+00:00,599.5,605.0,598.5,599.9000244140625
2002-12-10 00:00:00+00:00,598.0,599.5,594.2000122070312,595.7999877929688
2002-12-11 00:00:00+00:00,595.0,595.0,592.5,594.9000244140625
2002-12-12 00:00:00+00:00,595.0,598.0,591.2000122070312,597.2000122070312
2002-12-13 00:00:00+00:00,597.2000122070312,604.0,597.2000122070312,601.7000122070312
2002-12-16 00:00:00+00:00,604.0,607.5,601.0,605.0999755859375
2002-12-17 00:00:00+00:00,607.5,610.0,607.0,609.9000244140625
2002-12-18 00:00:00+00:00,610.5,610.5,595.5,598.0
2002-12-19 00:00:00+00:00,603.5,606.5,594.2000122070312,595.4000244140625
2002-12-20 00:00:00+00:00,597.5,597.9000244140625,581.0,586.5
2002-12-23 00:00:00+00:00,588.0,592.0,585.4000244140625,588.4000244140625
2002-12-24 00:00:00+00:00,591.5,591.5,582.0,585.0
2002-12-26 00:00:00+00:00,590.0,591.0,586.0,587.7000122070312
2002-12-27 00:00:00+00:00,590.0,596.0,588.0,594.0999755859375
2002-12-30 00:00:00+00:00,597.0,604.0,596.0,598.5
2002-12-31 00:00:00+00:00,602.4000244140625,606.5,597.0,604.4000244140625
2003-01-02 00:00:00+00:00,610.0,615.0,605.0,610.0
2003-01-03 00:00:00+00:00,607.0,613.0,605.0,610.5
2003-01-06 00:00:00+00:00,608.0,615.0,608.0,616.7999877929688
2003-01-07 00:00:00+00:00,608.0,614.0,608.0,612.4000244140625
2003-01-08 00:00:00+00:00,612.0,615.0,612.0,618.0999755859375
2003-01-09 00:00:00+00:00,618.0,621.0,617.0,618.2999877929688
2003-01-10 00:00:00+00:00,624.0,624.0,624.0,623.2999877929688
2003-01-13 00:00:00+00:00,625.0,625.0,623.5,619.2000122070312
2003-01-14 00:00:00+00:00,622.0,625.0,622.0,619.2000122070312
2003-01-15 00:00:00+00:00,618.0,620.0,614.0,618.0999755859375
2003-01-16 00:00:00+00:00,622.0,623.7999877929688,622.0,622.7999877929688
2003-01-17 00:00:00+00:00,625.0,628.0,625.0,627.5
2003-01-21 00:00:00+00:00,629.0,635.0,629.0,633.5
2003-01-22 00:00:00+00:00,638.0,645.0,638.0,642.0999755859375
2003-01-23 00:00:00+00:00,640.0,660.0,649.0,650.5
2003-01-24 00:00:00+00:00,645.0999755859375,645.0999755859375,645.0999755859375,645.0999755859375
2003-01-27 00:00:00+00:00,657.0,657.0,650.0,646.2999877929688
2003-01-28 00:00:00+00:00,646.5999755859375,646.5999755859375,646.5999755859375,646.5999755859375
2003-01-29 00:00:00+00:00,638.5,649.7999877929688,637.0,647.5
2003-01-30 00:00:00+00:00,651.4000244140625,654.0,646.0,647.7999877929688
2003-01-31 00:00:00+00:00,647.5,660.0,647.0,658.9000244140625
2003-02-03 00:00:00+00:00,664.0,686.0,664.0,683.7000122070312
2003-02-04 00:00:00+00:00,682.0,694.0,670.0,676.0
2003-02-05 00:00:00+00:00,678.0,684.0,670.0,674.4000244140625
2003-02-06 00:00:00+00:00,672.5,681.0,663.7999877929688,667.4000244140625
2003-02-07 00:00:00+00:00,665.0,679.0,664.5,673.5999755859375
2003-02-10 00:00:00+00:00,673.5999755859375,676.0,664.0,666.9000244140625
2003-02-11 00:00:00+00:00,665.0,670.5999755859375,660.5,669.0
2003-02-12 00:00:00+00:00,672.5,681.0,668.5,675.4000244140625
2003-02-13 00:00:00+00:00,677.0,678.9000244140625,671.5,676.5999755859375
2003-02-14 00:00:00+00:00,676.5,682.0,674.0,675.0
2003-02-18 00:00:00+00:00,673.0,673.0,648.0,648.7999877929688
2003-02-19 00:00:00+00:00,651.0,658.0,642.5,654.7999877929688
2003-02-20 00:00:00+00:00,658.5,660.0,652.0,656.5
2003-02-21 00:00:00+00:00,654.0,660.0,654.0,659.0
2003-02-24 00:00:00+00:00,660.0,664.7999877929688,659.0,663.7999877929688
2003-02-25 00:00:00+00:00,666.0,673.5,665.5,669.0999755859375
2003-02-26 00:00:00+00:00,666.0,675.0,664.2000122070312,670.4000244140625
2003-02-27 00:00:00+00:00,672.0,674.7999877929688,666.5,667.0
2003-02-28 00:00:00+00:00,668.0,674.7999877929688,660.0,672.5
2003-03-03 00:00:00+00:00,670.0999755859375,674.0,665.2000122070312,673.5
2003-03-04 00:00:00+00:00,674.0,681.7999877929688,673.0,681.0
2003-03-05 00:00:00+00:00,683.2000122070312,692.0,681.7999877929688,691.5999755859375
2003-03-06 00:00:00+00:00,686.5,692.0,684.0,688.0
2003-03-07 00:00:00+00:00,689.0,689.0,683.2000122070312,683.5999755859375
2003-03-10 00:00:00+00:00,689.0,707.0,688.0,702.9000244140625
2003-03-11 00:00:00+00:00,700.0,704.0,693.0,694.7000122070312
2003-03-12 00:00:00+00:00,692.0,698.0,690.2000122070312,696.0
2003-03-13 00:00:00+00:00,694.0,695.0,674.0,682.2000122070312
2003-03-14 00:00:00+00:00,683.0,686.5,680.5,683.5999755859375
2003-03-17 00:00:00+00:00,683.5,694.9000244140625,680.2999877929688,686.2999877929688
2003-03-18 00:00:00+00:00,685.0,688.0,681.0,686.7000122070312
2003-03-19 00:00:00+00:00,675.0,695.0,671.0,671.7000122070312
2003-03-20 00:00:00+00:00,668.4000244140625,672.5,650.5,653.4000244140625
2003-03-21 00:00:00+00:00,651.0,657.0,647.2000122070312,652.0999755859375
2003-03-24 00:00:00+00:00,646.0,654.0,642.2000122070312,643.0
2003-03-25 00:00:00+00:00,644.0,645.2999877929688,625.2000122070312,635.2999877929688
2003-03-26 00:00:00+00:00,632.5,641.0,632.0,637.9000244140625
2003-03-27 00:00:00+00:00,640.0,640.0,628.0,633.9000244140625
2003-03-28 00:00:00+00:00,633.0,635.0,619.0,634.7000122070312
2003-03-31 00:00:00+00:00,636.0,649.5,636.0,648.4000244140625
2003-04-01 00:00:00+00:00,643.2000122070312,644.5,642.0,642.0999755859375
2003-04-02 00:00:00+00:00,641.0,641.0,631.0,635.4000244140625
2003-04-03 00:00:00+00:00,635.4000244140625,635.4000244140625,618.0,624.7000122070312
2003-04-04 00:00:00+00:00,624.0,624.0,618.0,622.0
2003-04-07 00:00:00+00:00,618.0,619.0,614.0,613.2999877929688
2003-04-08 00:00:00+00:00,615.0,625.0,615.0,629.2000122070312
2003-04-09 00:00:00+00:00,640.0,640.0,630.0,627.5999755859375
2003-04-10 00:00:00+00:00,624.0,625.0,624.0,626.0999755859375
2003-04-11 00:00:00+00:00,629.0,629.0,629.0,628.7000122070312
2003-04-14 00:00:00+00:00,629.0,634.0,629.0,633.0
2003-04-15 00:00:00+00:00,630.0,640.0,633.0,632.5999755859375
2003-04-16 00:00:00+00:00,630.0,634.0,630.0,634.0
2003-04-17 00:00:00+00:00,644.7000122070312,644.7000122070312,644.7000122070312,644.7000122070312
2003-04-21 00:00:00+00:00,648.7999877929688,648.7999877929688,648.5,650.9000244140625
2003-04-22 00:00:00+00:00,650.0,650.0,625.0,650.7000122070312
2003-04-23 00:00:00+00:00,640.0,640.0,640.0,646.0
2003-04-24 00:00:00+00:00,645.0,645.0,645.0,645.5999755859375
2003-04-25 00:00:00+00:00,645.0,645.0,645.0,645.0
2003-04-28 00:00:00+00:00,621.0,621.0,602.5,607.7000122070312
2003-04-29 00:00:00+00:00,608.5,608.5,593.0,594.0999755859375
2003-04-30 00:00:00+00:00,594.0999755859375,600.0,590.0,599.2999877929688
2003-05-01 00:00:00+00:00,602.0,602.0,594.2000122070312,595.5
2003-05-02 00:00:00+00:00,597.5,601.0,593.5,597.0999755859375
2003-05-05 00:00:00+00:00,599.0,600.2000122070312,595.2000122070312,597.2000122070312
2003-05-06 00:00:00+00:00,600.5,619.0,600.5,617.2000122070312
2003-05-07 00:00:00+00:00,616.5,629.7999877929688,615.0,626.7999877929688
2003-05-08 00:00:00+00:00,629.0,634.0,620.0,630.4000244140625
2003-05-09 00:00:00+00:00,630.5,638.0,629.5,634.0999755859375
2003-05-12 00:00:00+00:00,635.5,657.5,634.0999755859375,654.0999755859375
2003-05-13 00:00:00+00:00,650.5,654.5,637.0,643.7000122070312
2003-05-14 00:00:00+00:00,636.0,656.7999877929688,636.0,654.4000244140625
2003-05-15 00:00:00+00:00,652.0,659.5,652.0,652.5
2003-05-16 00:00:00+00:00,652.5,657.7999877929688,642.2000122070312,645.9000244140625
2003-05-19 00:00:00+00:00,646.5,656.0,646.0,652.0
2003-05-20 00:00:00+00:00,654.0,668.0,654.0,666.7000122070312
2003-05-21 00:00:00+00:00,667.0,674.0,665.2000122070312,670.2999877929688
2003-05-22 00:00:00+00:00,670.0,670.0,662.0,663.4000244140625
2003-05-23 00:00:00+00:00,662.5,666.7999877929688,658.5,664.0
2003-05-27 00:00:00+00:00,667.0,678.0,667.0,675.2999877929688
2003-05-28 00:00:00+00:00,676.2999877929688,678.0,660.2000122070312,662.7000122070312
2003-05-29 00:00:00+00:00,661.0,661.0,627.7999877929688,633.9000244140625
2003-05-30 00:00:00+00:00,634.5,640.0,633.0,636.7999877929688
2003-06-02 00:00:00+00:00,637.0,645.0,632.0,637.2000122070312
2003-06-03 00:00:00+00:00,642.5,657.0,641.0,651.7000122070312
2003-06-04 00:00:00+00:00,654.0,665.0,649.0,661.7999877929688
2003-06-05 00:00:00+00:00,663.5,668.0,659.0,665.0
2003-06-06 00:00:00+00:00,663.5,665.0,650.5,653.5
2003-06-09 00:00:00+00:00,652.5,658.0,652.5,653.5
2003-06-10 00:00:00+00:00,656.9000244140625,659.7999877929688,651.2000122070312,654.0
2003-06-11 00:00:00+00:00,651.7999877929688,652.7999877929688,645.0,651.9000244140625
2003-06-12 00:00:00+00:00,647.0,653.5,645.0,652.5
2003-06-13 00:00:00+00:00,651.5,665.5,651.5,664.5999755859375
2003-06-16 00:00:00+00:00,668.0,670.7999877929688,665.0,667.7000122070312
2003-06-17 00:00:00+00:00,672.5,672.5,660.2000122070312,661.0999755859375
2003-06-18 00:00:00+00:00,662.0,666.0,660.2000122070312,665.9000244140625
2003-06-19 00:00:00+00:00,662.0,684.0,662.0,679.4000244140625
2003-06-20 00:00:00+00:00,677.0,678.0,667.0,668.7999877929688
2003-06-23 00:00:00+00:00,665.0,672.5,665.0,668.9000244140625
2003-06-24 00:00:00+00:00,669.0,680.0,667.0,673.0
2003-06-25 00:00:00+00:00,667.0,672.0,663.2000122070312,665.0
2003-06-26 00:00:00+00:00,665.0,668.5,653.0,660.4000244140625
2003-06-27 00:00:00+00:00,662.0,673.0,656.0,673.2000122070312
2003-06-30 00:00:00+00:00,670.0,678.5,670.0,670.5999755859375
2003-07-01 00:00:00+00:00,679.0,679.0,677.0,680.5
2003-07-02 00:00:00+00:00,662.5,681.0,678.0,677.5
2003-07-03 00:00:00+00:00,682.0,682.0,682.0,682.0
2003-07-07 00:00:00+00:00,678.0,679.5,678.0,680.0
2003-07-08 00:00:00+00:00,670.0,672.0,657.0,674.0
2003-07-09 00:00:00+00:00,672.0,672.5,669.0,671.2999877929688
2003-07-10 00:00:00+00:00,677.0,679.5,677.0,681.5999755859375
2003-07-11 00:00:00+00:00,684.5,688.0,679.0,685.7000122070312
2003-07-14 00:00:00+00:00,692.5,692.5,692.5,692.5
2003-07-15 00:00:00+00:00,699.0,699.0,688.0,700.5
2003-07-16 00:00:00+00:00,690.0,690.0,690.0,688.7000122070312
2003-07-17 00:00:00+00:00,699.4000244140625,699.4000244140625,699.4000244140625,699.4000244140625
2003-07-18 00:00:00+00:00,699.0,699.4000244140625,699.0,698.5999755859375
2003-07-21 00:00:00+00:00,698.0,698.0,698.0,699.0
2003-07-22 00:00:00+00:00,703.0,703.0,703.0,697.9000244140625
2003-07-23 00:00:00+00:00,702.5,702.5,702.5,702.5
2003-07-24 00:00:00+00:00,700.0,701.0,700.0,704.5999755859375
2003-07-25 00:00:00+00:00,700.0,700.0,700.0,697.2000122070312
2003-07-28 00:00:00+00:00,702.0,702.0,700.0,703.4000244140625
2003-07-29 00:00:00+00:00,696.4000244140625,701.0,691.2000122070312,698.0
2003-07-30 00:00:00+00:00,695.0,695.0,682.5,685.0
2003-07-31 00:00:00+00:00,685.0,689.0,681.0,685.7000122070312
2003-08-01 00:00:00+00:00,687.0,687.0,674.5,678.9000244140625
2003-08-04 00:00:00+00:00,674.5,684.0,673.0,683.7000122070312
2003-08-05 00:00:00+00:00,677.5,683.0,677.5,680.0
2003-08-06 00:00:00+00:00,680.0,684.5,680.0,683.4000244140625
2003-08-07 00:00:00+00:00,685.0,685.0,677.0,681.7999877929688
2003-08-08 00:00:00+00:00,681.5,681.5,678.0,680.9000244140625
2003-08-11 00:00:00+00:00,684.5,696.0,684.5,695.4000244140625
2003-08-12 00:00:00+00:00,696.0,702.0,692.0,698.7000122070312
2003-08-13 00:00:00+00:00,693.5,693.5,686.0,690.5
2003-08-14 00:00:00+00:00,691.0,696.0,691.0,694.0
2003-08-15 00:00:00+00:00,694.0,697.0,693.0,696.5
2003-08-18 00:00:00+00:00,697.0,701.0,691.0,697.0
2003-08-19 00:00:00+00:00,697.0,701.0,694.2000122070312,699.7999877929688
2003-08-20 00:00:00+00:00,694.0999755859375,706.0,694.0999755859375,702.4000244140625
2003-08-21 00:00:00+00:00,704.5,709.0,703.0,705.7999877929688
2003-08-22 00:00:00+00:00,707.5,707.5,698.5,702.2999877929688
2003-08-25 00:00:00+00:00,702.5999755859375,702.5999755859375,689.0,693.2000122070312
2003-08-26 00:00:00+00:00,692.2000122070312,696.7999877929688,691.0,694.7000122070312
2003-08-27 00:00:00+00:00,694.0,715.0,694.0,713.7000122070312
2003-08-28 00:00:00+00:00,711.0,713.0,706.0,713.0
2003-08-29 00:00:00+00:00,712.5,714.0,708.0,708.5999755859375
2003-09-02 00:00:00+00:00,712.5,718.7999877929688,711.0,715.7000122070312
2003-09-03 00:00:00+00:00,715.7000122070312,717.0,711.5,714.5999755859375
2003-09-04 00:00:00+00:00,714.0,716.0,709.0,714.0999755859375
2003-09-05 00:00:00+00:00,714.0,717.0,712.5,714.7000122070312
2003-09-08 00:00:00+00:00,710.0,711.5,707.2000122070312,708.2999877929688
2003-09-09 00:00:00+00:00,708.0,718.0,706.5,709.5999755859375
2003-09-10 00:00:00+00:00,709.0,709.5,698.5,699.0
2003-09-11 00:00:00+00:00,698.5,703.0,692.5,701.5999755859375
2003-09-12 00:00:00+00:00,697.5,704.0,693.2000122070312,696.7999877929688
2003-09-15 00:00:00+00:00,698.0,703.0,696.7999877929688,697.7999877929688
2003-09-16 00:00:00+00:00,698.0,703.0,696.5,696.7000122070312
2003-09-17 00:00:00+00:00,696.0,696.0,691.5,692.5
2003-09-18 00:00:00+00:00,692.5,702.0,692.5,698.7999877929688
2003-09-19 00:00:00+00:00,696.5,699.0,695.5,696.2999877929688
2003-09-22 00:00:00+00:00,702.0,705.0,695.0,703.7000122070312
2003-09-23 00:00:00+00:00,710.0,710.0,703.0,705.9000244140625
2003-09-24 00:00:00+00:00,706.0,706.5,702.5,705.7999877929688
2003-09-25 00:00:00+00:00,707.5,718.0,707.5,715.7999877929688
2003-09-26 00:00:00+00:00,713.0,713.0,688.0,697.4000244140625
2003-09-29 00:00:00+00:00,703.0,705.0,696.0,702.7000122070312
2003-09-30 00:00:00+00:00,708.0,710.0,704.0,706.9000244140625
2003-10-01 00:00:00+00:00,710.0,713.5,708.0,712.7999877929688
2003-10-02 00:00:00+00:00,713.0,713.0,708.0,711.0
2003-10-03 00:00:00+00:00,705.0,725.0,705.0,717.5
2003-10-06 00:00:00+00:00,715.0,715.0,708.0,712.5999755859375
2003-10-07 00:00:00+00:00,724.0,725.0,719.0,721.4000244140625
2003-10-08 00:00:00+00:00,730.0,730.0,725.0,731.5999755859375
2003-10-09 00:00:00+00:00,733.0,734.0,722.0,725.4000244140625
2003-10-10 00:00:00+00:00,730.0,735.0,730.0,733.0999755859375
2003-10-13 00:00:00+00:00,725.0,732.0,725.0,731.2000122070312
2003-10-14 00:00:00+00:00,735.0,735.0,735.0,735.0
2003-10-15 00:00:00+00:00,732.0,732.0,732.0,729.2000122070312
2003-10-16 00:00:00+00:00,728.0,730.0,728.0,732.0999755859375
2003-10-17 00:00:00+00:00,729.0,729.0,729.0,730.7999877929688
2003-10-20 00:00:00+00:00,735.0,739.0,735.0,741.2000122070312
2003-10-21 00:00:00+00:00,740.0,742.0,740.0,740.2999877929688
2003-10-22 00:00:00+00:00,742.0,742.0,741.0,746.4000244140625
2003-10-23 00:00:00+00:00,748.0,748.0,745.0,752.7000122070312
2003-10-24 00:00:00+00:00,742.5,743.0,736.0,744.5999755859375
2003-10-27 00:00:00+00:00,752.0,752.0,752.0,753.7000122070312
2003-10-28 00:00:00+00:00,753.0,759.0,753.0,754.9000244140625
2003-12-18 00:00:00+00:00,835.0,835.0,835.0,833.5999755859375
2003-12-19 00:00:00+00:00,831.5,831.5,831.5,831.5
2003-12-22 00:00:00+00:00,808.2000122070312,808.2000122070312,808.2000122070312,808.2000122070312
2003-12-23 00:00:00+00:00,811.7999877929688,811.7999877929688,811.7999877929688,811.7999877929688
2003-12-24 00:00:00+00:00,831.5,831.5,831.5,831.5
2003-12-29 00:00:00+00:00,820.0,820.0,810.0,809.0999755859375
2003-12-30 00:00:00+00:00,812.0,819.0,810.0,812.0
2003-12-31 00:00:00+00:00,811.5,815.0,810.5,811.2999877929688
2004-01-05 00:00:00+00:00,818.0,838.0,818.0,842.5
2004-01-06 00:00:00+00:00,850.0,855.0,845.0,850.9000244140625
2004-01-07 00:00:00+00:00,845.0,846.0,838.5,844.9000244140625
2004-01-08 00:00:00+00:00,843.0,855.0,843.0,856.5
2004-01-09 00:00:00+00:00,854.0,857.0,853.0,855.0
2004-01-12 00:00:00+00:00,859.5999755859375,859.5999755859375,859.5999755859375,859.5999755859375
2004-01-13 00:00:00+00:00,865.5,870.0,865.0,865.7000122070312
2004-01-14 00:00:00+00:00,856.5,866.0,850.0,863.4000244140625
2004-01-15 00:00:00+00:00,858.0,862.0,858.0,857.9000244140625
2004-01-16 00:00:00+00:00,860.9000244140625,860.9000244140625,860.9000244140625,860.9000244140625
2004-01-20 00:00:00+00:00,868.0,868.0,868.0,865.2000122070312
2004-01-21 00:00:00+00:00,868.0,868.0,868.0,864.5999755859375
2004-01-22 00:00:00+00:00,865.0,873.0,865.0,874.7000122070312
2004-01-23 00:00:00+00:00,850.0,885.0,885.0,876.5
2004-01-26 00:00:00+00:00,883.0,885.0,883.0,860.2999877929688
2004-01-27 00:00:00+00:00,869.0999755859375,869.0999755859375,869.0999755859375,869.0999755859375
2004-01-28 00:00:00+00:00,853.5,856.0,848.0,850.0999755859375
2004-01-29 00:00:00+00:00,848.0,850.0,818.0,821.2999877929688
2004-01-30 00:00:00+00:00,822.5,834.0,816.0,830.2999877929688
2004-02-02 00:00:00+00:00,827.0,829.7999877929688,810.2000122070312,812.2999877929688
2004-02-03 00:00:00+00:00,810.0,830.0,810.0,826.2999877929688
2004-02-04 00:00:00+00:00,824.0,824.0,812.0,820.5999755859375
2004-02-05 00:00:00+00:00,818.0,822.0,815.0,816.4000244140625
2004-02-06 00:00:00+00:00,812.0,831.0,812.0,826.7000122070312
2004-02-09 00:00:00+00:00,824.0,837.0,824.0,832.7000122070312
2004-02-10 00:00:00+00:00,830.7000122070312,837.5,830.5,833.0999755859375
2004-02-11 00:00:00+00:00,833.0,845.0,830.0,842.7000122070312
2004-02-12 00:00:00+00:00,846.0,851.0,841.7000122070312,847.2999877929688
2004-02-13 00:00:00+00:00,852.5,853.0,844.0,845.5999755859375
2004-02-17 00:00:00+00:00,848.0,864.5,855.0,861.0999755859375
2004-02-18 00:00:00+00:00,860.0,863.7999877929688,858.5,858.7999877929688
2004-02-19 00:00:00+00:00,855.5,858.4000244140625,852.5,853.2999877929688
2004-02-20 00:00:00+00:00,854.0,856.0,838.0,839.2000122070312
2004-02-23 00:00:00+00:00,841.0,843.0,833.0,840.0
2004-02-24 00:00:00+00:00,842.0,858.7999877929688,842.0,856.0999755859375
2004-02-25 00:00:00+00:00,856.0,861.0,851.5,851.7999877929688
2004-02-26 00:00:00+00:00,854.5,869.7999877929688,848.0,867.4000244140625
2004-02-27 00:00:00+00:00,866.0,888.0,863.0,887.4000244140625
2004-03-01 00:00:00+00:00,881.5,906.7999877929688,880.0,906.0999755859375
2004-03-02 00:00:00+00:00,906.5,906.5,874.0,875.5
2004-03-03 00:00:00+00:00,880.0,885.0,869.0,883.5
2004-03-04 00:00:00+00:00,886.0,888.0,878.0,882.0999755859375
2004-03-05 00:00:00+00:00,878.5,889.0,876.0,887.0
2004-03-08 00:00:00+00:00,889.5,897.0,889.0,894.0
2004-03-09 00:00:00+00:00,891.0,899.5,891.0,897.2000122070312
2004-03-10 00:00:00+00:00,897.0,924.0,897.0,923.5999755859375
2004-03-11 00:00:00+00:00,920.5999755859375,920.5999755859375,901.5,902.7999877929688
2004-03-12 00:00:00+00:00,904.5,915.0,902.5,907.0999755859375
2004-03-15 00:00:00+00:00,909.0,914.7999877929688,909.0,914.0
2004-03-16 00:00:00+00:00,912.0,912.0,900.0,902.4000244140625
2004-03-17 00:00:00+00:00,902.0,908.0,900.0,906.7999877929688
2004-03-18 00:00:00+00:00,908.0,910.0,895.5,898.7000122070312
2004-03-19 00:00:00+00:00,898.5,903.5,890.0,890.0
2004-03-22 00:00:00+00:00,891.0,899.7999877929688,891.0,897.0
2004-03-23 00:00:00+00:00,896.5,917.0,896.0,914.4000244140625
2004-03-24 00:00:00+00:00,915.0,921.0,915.0,919.0999755859375
2004-03-25 00:00:00+00:00,915.0,921.0,904.2000122070312,912.7000122070312
2004-03-26 00:00:00+00:00,912.0,916.5,910.0,912.0999755859375
2004-03-29 00:00:00+00:00,912.5,912.5,888.2000122070312,888.9000244140625
2004-03-30 00:00:00+00:00,895.2000122070312,898.0,889.0,896.9000244140625
2004-03-31 00:00:00+00:00,896.0,907.5,895.0,908.7000122070312
2004-04-01 00:00:00+00:00,905.0,918.0,905.0,919.2999877929688
2004-04-02 00:00:00+00:00,913.0,915.9000244140625,890.0,905.7999877929688
2004-04-05 00:00:00+00:00,895.0,900.0999755859375,894.5,894.0
2004-04-06 00:00:00+00:00,896.0,896.0,892.0,892.0
2004-04-07 00:00:00+00:00,885.0,888.0,882.0,890.5
2004-04-08 00:00:00+00:00,900.0,900.0,900.0,915.2000122070312
2004-04-12 00:00:00+00:00,920.0,952.0,920.0,950.5
2004-04-13 00:00:00+00:00,941.5,941.5,936.0,940.5999755859375
2004-04-14 00:00:00+00:00,935.0,940.0,935.0,938.9000244140625
2004-04-15 00:00:00+00:00,939.0,939.0,936.0,935.4000244140625
2004-04-16 00:00:00+00:00,938.0,938.0,938.0,933.0
2004-04-19 00:00:00+00:00,954.0,954.0,954.0,950.2999877929688
2004-04-20 00:00:00+00:00,936.0,936.0,930.0,930.7000122070312
2004-04-21 00:00:00+00:00,922.0,922.0,911.0,906.5
2004-04-22 00:00:00+00:00,903.0,903.0,840.0,858.2999877929688
2004-04-23 00:00:00+00:00,879.0,879.0,879.0,864.5
2004-04-26 00:00:00+00:00,840.0,850.0,840.0,838.9000244140625
2004-04-27 00:00:00+00:00,872.0,872.0,872.0,863.5
2004-07-14 00:00:00+00:00,810.7000122070312,810.7000122070312,810.7000122070312,818.5
2004-07-15 00:00:00+00:00,818.5,818.5,815.0,816.0
2004-07-16 00:00:00+00:00,823.0,823.0,823.0,823.0
2004-07-19 00:00:00+00:00,824.0,835.0,835.0,828.5
2004-07-20 00:00:00+00:00,826.0999755859375,826.0999755859375,826.0999755859375,838.2999877929688
2004-07-21 00:00:00+00:00,839.0,839.0,838.0,830.4000244140625
2004-07-22 00:00:00+00:00,831.2000122070312,831.2000122070312,831.2000122070312,831.2000122070312
2004-07-23 00:00:00+00:00,830.0,830.0,810.0,820.0
2004-07-26 00:00:00+00:00,815.4000244140625,815.4000244140625,815.4000244140625,815.4000244140625
2004-07-27 00:00:00+00:00,818.0,818.0,818.0,813.2000122070312
2004-07-28 00:00:00+00:00,803.4000244140625,804.7999877929688,791.0,798.7999877929688
2004-07-29 00:00:00+00:00,797.5,822.0,794.7999877929688,817.7000122070312
2004-07-30 00:00:00+00:00,817.0,819.7999877929688,808.9000244140625,817.9000244140625
2004-08-02 00:00:00+00:00,819.0,832.0,819.0,826.2999877929688
2004-08-03 00:00:00+00:00,826.4000244140625,829.7999877929688,819.0,829.0999755859375
2004-08-04 00:00:00+00:00,830.0,834.5,827.0,831.2000122070312
2004-08-05 00:00:00+00:00,830.5,832.0,825.0,827.2999877929688
2004-08-06 00:00:00+00:00,830.0,832.0,825.0,832.0
2004-08-09 00:00:00+00:00,829.0999755859375,838.0,828.2000122070312,835.7999877929688
2004-08-10 00:00:00+00:00,832.0,851.5,832.0,850.4000244140625
2004-08-11 00:00:00+00:00,843.5,849.4000244140625,833.0,836.9000244140625
2004-08-12 00:00:00+00:00,839.5,852.0,839.5,848.5999755859375
2004-08-13 00:00:00+00:00,848.5999755859375,865.7999877929688,845.5999755859375,864.2000122070312
2004-08-16 00:00:00+00:00,864.2000122070312,885.7999877929688,864.2000122070312,883.2000122070312
2004-08-17 00:00:00+00:00,883.2000122070312,883.2000122070312,869.0,879.4000244140625
2004-08-18 00:00:00+00:00,876.5,876.5,851.0,858.9000244140625
2004-08-19 00:00:00+00:00,859.0,867.0,859.0,863.0
2004-08-20 00:00:00+00:00,863.0,863.0,847.0,854.2999877929688
2004-08-23 00:00:00+00:00,847.0,848.0,834.5,836.5999755859375
2004-08-24 00:00:00+00:00,836.5999755859375,848.5,835.0999755859375,845.2000122070312
2004-08-25 00:00:00+00:00,838.0,860.0,838.0,856.9000244140625
2004-08-26 00:00:00+00:00,857.0,859.5,850.0,855.4000244140625
2004-08-27 00:00:00+00:00,861.0,874.4000244140625,857.5,864.5
2004-08-30 00:00:00+00:00,861.0,869.5,858.0999755859375,867.0
2004-08-31 00:00:00+00:00,866.0,869.0,864.0,868.0999755859375
2004-09-01 00:00:00+00:00,869.9000244140625,874.7999877929688,866.0,873.9000244140625
2004-09-02 00:00:00+00:00,872.0,875.0,867.0,870.0
2004-09-03 00:00:00+00:00,870.0,870.0,858.0,859.4000244140625
2004-09-07 00:00:00+00:00,855.5,855.7999877929688,841.5,845.2999877929688
2004-09-08 00:00:00+00:00,848.2000122070312,850.0,828.0,846.4000244140625
2004-09-09 00:00:00+00:00,846.4000244140625,846.4000244140625,825.5,825.9000244140625
2004-09-10 00:00:00+00:00,829.4000244140625,839.0,825.0,834.5
2004-09-13 00:00:00+00:00,834.0,845.9000244140625,834.0,843.7999877929688
2004-09-14 00:00:00+00:00,844.0,849.0,841.0999755859375,848.0999755859375
2004-09-15 00:00:00+00:00,845.0999755859375,852.0,842.0,850.7000122070312
2004-09-16 00:00:00+00:00,850.0,850.0,838.2000122070312,842.2999877929688
2004-09-17 00:00:00+00:00,840.5,844.0,836.0,843.0999755859375
2004-09-20 00:00:00+00:00,839.0,844.0,835.0,841.9000244140625
2004-09-21 00:00:00+00:00,842.5,856.0,841.9000244140625,852.0
2004-09-22 00:00:00+00:00,854.0,855.0,845.0,847.5
2004-09-23 00:00:00+00:00,848.0,856.5,848.0,852.7000122070312
2004-09-24 00:00:00+00:00,857.0,861.0,850.0,857.2999877929688
2004-09-27 00:00:00+00:00,861.0,864.0,855.0,859.5
2004-09-28 00:00:00+00:00,860.5,884.7000122070312,860.5,877.0
2004-09-29 00:00:00+00:00,877.0,877.0,845.0,846.5
2004-09-30 00:00:00+00:00,853.0,864.0,847.0,861.0
2004-10-01 00:00:00+00:00,861.0,863.0,852.0,861.4000244140625
2004-10-04 00:00:00+00:00,853.5,853.5,815.0,831.0
2004-10-05 00:00:00+00:00,845.0,845.0,835.0,841.2000122070312
2004-10-06 00:00:00+00:00,848.0,848.0,848.0,847.7999877929688
2004-10-07 00:00:00+00:00,840.2999877929688,840.2999877929688,840.2999877929688,840.2999877929688
2004-10-08 00:00:00+00:00,840.0,844.0,840.0,843.0
2004-10-11 00:00:00+00:00,849.0,849.0,849.0,849.0
2004-10-12 00:00:00+00:00,839.0,839.0,839.0,842.9000244140625
2004-10-13 00:00:00+00:00,835.0,840.0,833.0,835.7999877929688
2004-10-14 00:00:00+00:00,845.0,845.0,845.0,845.9000244140625
2004-10-15 00:00:00+00:00,852.0,852.0,852.0,850.0
2004-10-18 00:00:00+00:00,843.0,843.0,843.0,842.0
2004-10-19 00:00:00+00:00,841.9000244140625,841.9000244140625,841.9000244140625,841.9000244140625
2004-10-20 00:00:00+00:00,855.0,855.0,855.0,851.0999755859375
2004-10-21 00:00:00+00:00,854.7999877929688,854.7999877929688,854.7999877929688,854.7999877929688
2004-10-22 00:00:00+00:00,855.0,855.0,850.0,848.4000244140625
2004-10-25 00:00:00+00:00,856.0,856.0,856.0,856.0
2004-10-26 00:00:00+00:00,869.5,869.5,852.0,847.9000244140625
2004-10-27 00:00:00+00:00,845.0,846.5,835.0,836.2000122070312
2004-10-28 00:00:00+00:00,836.0,836.0,816.0,831.5999755859375
2004-10-29 00:00:00+00:00,825.5,837.0,825.5,833.0
2004-11-01 00:00:00+00:00,836.0,840.0,828.0,832.4000244140625
2004-11-02 00:00:00+00:00,832.5,832.5,821.2000122070312,826.5999755859375
2004-11-03 00:00:00+00:00,825.0,833.0,825.0,828.2999877929688
2004-11-04 00:00:00+00:00,832.0,852.7999877929688,832.0,848.5999755859375
2004-11-05 00:00:00+00:00,850.0,852.0,836.2000122070312,851.9000244140625
2004-11-08 00:00:00+00:00,849.0,851.7999877929688,844.2000122070312,849.5999755859375
2004-11-09 00:00:00+00:00,851.5,853.7999877929688,845.0,850.2000122070312
2004-11-10 00:00:00+00:00,848.0,852.0,845.0,848.9000244140625
2004-11-11 00:00:00+00:00,849.0,859.7999877929688,842.5,854.5999755859375
2004-11-12 00:00:00+00:00,858.5,878.5,858.5,874.2000122070312
2004-11-15 00:00:00+00:00,872.0,882.7999877929688,871.9000244140625,877.2999877929688
2004-11-16 00:00:00+00:00,877.2999877929688,879.5,866.0,868.9000244140625
2004-11-17 00:00:00+00:00,869.0,877.5,853.0999755859375,875.5999755859375
2004-11-18 00:00:00+00:00,875.5,875.5,858.2000122070312,862.7000122070312
2004-11-19 00:00:00+00:00,863.2999877929688,863.2999877929688,845.5,859.7000122070312
2004-11-22 00:00:00+00:00,851.0,857.0,849.0,855.2000122070312
2004-11-23 00:00:00+00:00,853.9000244140625,858.0,853.5,856.9000244140625
2004-11-24 00:00:00+00:00,858.0,863.7999877929688,857.5,862.4000244140625
2004-11-29 00:00:00+00:00,865.2000122070312,866.5,859.5,865.4000244140625
2004-11-30 00:00:00+00:00,868.0,873.7999877929688,865.0,872.2999877929688
2004-12-01 00:00:00+00:00,872.0,879.0,867.2999877929688,878.5999755859375
2004-12-02 00:00:00+00:00,877.5,887.0,875.0999755859375,884.2000122070312
2004-12-03 00:00:00+00:00,884.0,884.2000122070312,866.0,874.7999877929688
2004-12-06 00:00:00+00:00,873.0,878.0,870.0999755859375,877.7000122070312
2004-12-07 00:00:00+00:00,872.5999755859375,872.5999755859375,867.0,871.0
2004-12-08 00:00:00+00:00,867.5,867.5,813.0,834.0999755859375
2004-12-09 00:00:00+00:00,831.5,839.0,815.2000122070312,817.0999755859375
2004-12-10 00:00:00+00:00,818.0,836.7999877929688,818.0,828.4000244140625
2004-12-13 00:00:00+00:00,832.0,838.5,829.0,831.2000122070312
2004-12-14 00:00:00+00:00,831.2000122070312,839.7999877929688,829.0,830.4000244140625
2004-12-15 00:00:00+00:00,834.0,843.0,828.0,842.0999755859375
2004-12-16 00:00:00+00:00,844.0,847.7000122070312,832.5,839.0999755859375
2004-12-17 00:00:00+00:00,838.0,840.0,833.0,837.0999755859375
2004-12-20 00:00:00+00:00,840.5,846.5,840.0,842.7999877929688
2004-12-21 00:00:00+00:00,844.9000244140625,848.5,839.0,841.5
2004-12-22 00:00:00+00:00,845.0,845.5,840.0999755859375,843.7000122070312
2004-12-23 00:00:00+00:00,842.0,845.0,833.5,840.2000122070312
2004-12-27 00:00:00+00:00,842.9000244140625,870.0,842.9000244140625,875.0
2004-12-28 00:00:00+00:00,868.5,879.0,865.5,875.2999877929688
2004-12-29 00:00:00+00:00,872.0,872.5,862.0,862.5
2004-12-30 00:00:00+00:00,862.0,866.5999755859375,860.0,863.7000122070312
2005-01-03 00:00:00+00:00,857.2000122070312,860.0,855.0,857.5
2005-01-04 00:00:00+00:00,857.0,857.0,846.0,847.7999877929688
2005-01-05 00:00:00+00:00,848.0,855.0,848.0,854.2999877929688
2005-01-06 00:00:00+00:00,849.0,849.5,848.0,847.5999755859375
2005-01-07 00:00:00+00:00,845.0,845.0,845.0,843.2000122070312
2005-01-10 00:00:00+00:00,848.9000244140625,848.9000244140625,848.9000244140625,848.9000244140625
2005-01-11 00:00:00+00:00,860.0,863.0,860.0,865.5
2005-01-12 00:00:00+00:00,863.2000122070312,865.0,863.0,863.5
2005-01-13 00:00:00+00:00,864.5,864.5,864.5,864.5
2005-01-14 00:00:00+00:00,864.5,864.5,864.5,859.2999877929688
2005-01-18 00:00:00+00:00,868.0,868.0,868.0,866.2000122070312
2005-01-19 00:00:00+00:00,879.0,879.0,870.0,870.5999755859375
2005-01-20 00:00:00+00:00,866.4000244140625,866.4000244140625,866.4000244140625,866.4000244140625
2005-01-21 00:00:00+00:00,876.2999877929688,876.2999877929688,876.2999877929688,876.2999877929688
2005-01-24 00:00:00+00:00,888.0,888.0,887.5,879.2000122070312
2005-01-25 00:00:00+00:00,880.0,880.0,880.0,872.9000244140625
2005-01-26 00:00:00+00:00,906.0,950.0,885.0,894.7999877929688
2005-01-27 00:00:00+00:00,905.0,905.0,880.0,897.2999877929688
2005-01-28 00:00:00+00:00,871.0,875.0,866.5,872.2999877929688
2005-01-31 00:00:00+00:00,871.0,876.0,868.0,873.7999877929688
2005-02-01 00:00:00+00:00,871.0,885.0,870.0,878.9000244140625
2005-02-02 00:00:00+00:00,876.0,880.0,869.0,873.2999877929688
2005-02-03 00:00:00+00:00,871.5999755859375,876.5999755859375,863.0,866.7999877929688
2005-02-04 00:00:00+00:00,868.0,870.0,864.0,866.0
2005-02-07 00:00:00+00:00,867.0,872.7999877929688,866.0,867.4000244140625
2005-02-08 00:00:00+00:00,866.0,866.0,853.0,857.2000122070312
2005-02-09 00:00:00+00:00,856.5,857.0,847.0,851.2999877929688
2005-02-10 00:00:00+00:00,854.0,870.0,850.0,869.2999877929688
2005-02-11 00:00:00+00:00,869.0,875.0,866.5,871.2000122070312
2005-02-14 00:00:00+00:00,867.7999877929688,879.0,867.5,875.0999755859375
2005-02-15 00:00:00+00:00,870.0,874.5,851.0,852.9000244140625
2005-02-16 00:00:00+00:00,853.0,861.0,851.5,856.0
2005-02-17 00:00:00+00:00,854.5999755859375,864.0,853.0,863.2000122070312
2005-02-18 00:00:00+00:00,860.0999755859375,865.7999877929688,860.0,865.5
2005-02-22 00:00:00+00:00,864.7999877929688,877.5,864.7000122070312,875.5999755859375
2005-02-23 00:00:00+00:00,871.5999755859375,872.5999755859375,862.0,867.4000244140625
2005-02-24 00:00:00+00:00,867.0,874.0,860.2000122070312,864.5999755859375
2005-02-25 00:00:00+00:00,865.7999877929688,866.0,857.0,859.0
2005-02-28 00:00:00+00:00,864.5,876.5,860.5,866.0
2005-03-01 00:00:00+00:00,866.0,869.0,860.2000122070312,862.5999755859375
2005-03-02 00:00:00+00:00,866.0,866.0,856.0,865.5999755859375
2005-03-03 00:00:00+00:00,867.5999755859375,869.5,865.0,868.5
2005-03-04 00:00:00+00:00,869.5,875.0,864.2000122070312,870.5
2005-03-07 00:00:00+00:00,870.5,873.5,864.2000122070312,868.0
2005-03-08 00:00:00+00:00,867.0999755859375,877.0,867.0999755859375,874.7999877929688
2005-03-09 00:00:00+00:00,868.0,880.0,868.0,876.4000244140625
2005-03-10 00:00:00+00:00,871.2000122070312,878.5,867.0,870.0
2005-03-11 00:00:00+00:00,869.0,871.7999877929688,862.5999755859375,870.2000122070312
2005-03-14 00:00:00+00:00,873.7999877929688,874.0,869.0,870.5
2005-03-15 00:00:00+00:00,868.5,880.0,866.0,876.7999877929688
2005-03-16 00:00:00+00:00,875.0,888.4000244140625,871.5,887.7999877929688
2005-03-17 00:00:00+00:00,887.5,889.0,877.0,879.5
2005-03-18 00:00:00+00:00,879.5,882.9000244140625,873.5,880.0
2005-03-21 00:00:00+00:00,877.7000122070312,877.7000122070312,870.0,870.2000122070312
2005-03-22 00:00:00+00:00,870.2000122070312,870.2000122070312,860.5,865.5
2005-03-23 00:00:00+00:00,868.0,868.0,855.0,856.0
2005-03-24 00:00:00+00:00,855.0,864.0,855.0,862.5
2005-03-28 00:00:00+00:00,865.5,865.5,858.0,861.0
2005-03-29 00:00:00+00:00,861.2999877929688,865.5,854.7999877929688,862.2000122070312
2005-03-30 00:00:00+00:00,865.2000122070312,870.0,860.0,868.0
2005-03-31 00:00:00+00:00,879.5,879.5,866.5,870.5999755859375
2005-04-01 00:00:00+00:00,874.0,874.0,863.0,868.7999877929688
2005-04-04 00:00:00+00:00,865.0,865.0,865.0,864.7000122070312
2005-04-05 00:00:00+00:00,871.5,871.5,862.0,865.2999877929688
2005-04-06 00:00:00+00:00,864.0,864.0,864.0,868.0999755859375
2005-04-07 00:00:00+00:00,868.0,868.0,868.0,866.5999755859375
2005-04-08 00:00:00+00:00,864.5,867.0,861.5,861.2999877929688
2005-04-11 00:00:00+00:00,866.0,866.0,866.0,860.7999877929688
2005-04-12 00:00:00+00:00,861.0,861.0,861.0,863.7999877929688
2005-04-13 00:00:00+00:00,861.0,861.0,861.0,867.5999755859375
2005-04-14 00:00:00+00:00,862.0,862.0,862.0,861.9000244140625
2005-04-15 00:00:00+00:00,859.0,859.0,859.0,864.5999755859375
2005-04-18 00:00:00+00:00,864.5,864.5,864.5,864.5
2005-04-19 00:00:00+00:00,868.0,870.0,868.0,873.2000122070312
2005-04-20 00:00:00+00:00,869.0,869.0,869.0,879.5999755859375
2005-04-21 00:00:00+00:00,876.4000244140625,876.4000244140625,876.4000244140625,876.4000244140625
2005-04-22 00:00:00+00:00,882.0,882.0,880.7999877929688,878.5
2005-04-25 00:00:00+00:00,866.0,881.7999877929688,866.0,881.2000122070312
2005-04-26 00:00:00+00:00,881.0,884.0,881.0,884.0999755859375
2005-04-27 00:00:00+00:00,873.4000244140625,873.4000244140625,873.4000244140625,873.4000244140625
2005-04-28 00:00:00+00:00,870.9000244140625,870.9000244140625,864.0,865.0
2005-04-29 00:00:00+00:00,865.0,871.5,860.9000244140625,868.5999755859375
2005-05-02 00:00:00+00:00,871.7999877929688,873.7999877929688,868.0,870.0
2005-05-03 00:00:00+00:00,870.0,871.5,868.0,869.9000244140625
2005-05-04 00:00:00+00:00,869.5,877.0,869.5,875.5
2005-05-05 00:00:00+00:00,875.0999755859375,876.9000244140625,873.0,876.7000122070312
2005-05-06 00:00:00+00:00,877.0,880.0,871.5,874.7999877929688
2005-05-09 00:00:00+00:00,874.2999877929688,879.4000244140625,870.5999755859375,878.5999755859375
2005-05-10 00:00:00+00:00,878.5999755859375,880.7999877929688,873.2000122070312,879.9000244140625
2005-05-11 00:00:00+00:00,879.0,885.7999877929688,877.2000122070312,881.2000122070312
2005-05-12 00:00:00+00:00,880.0,881.0,867.0,871.5999755859375
2005-05-13 00:00:00+00:00,867.0,870.0,864.0999755859375,865.4000244140625
2005-05-16 00:00:00+00:00,865.0,866.0,846.5,849.2999877929688
2005-05-17 00:00:00+00:00,849.0999755859375,863.0,849.0999755859375,862.2000122070312
2005-05-18 00:00:00+00:00,860.9000244140625,862.9000244140625,857.5,862.9000244140625
2005-05-19 00:00:00+00:00,861.5,869.7999877929688,861.5,867.4000244140625
2005-05-20 00:00:00+00:00,864.5,867.0,860.5999755859375,862.5
2005-05-23 00:00:00+00:00,862.5,868.0,854.0,866.7999877929688
2005-05-24 00:00:00+00:00,865.0,870.7999877929688,863.0,869.7999877929688
2005-05-25 00:00:00+00:00,869.0,872.0,864.0,865.2999877929688
2005-05-26 00:00:00+00:00,866.9000244140625,866.9000244140625,860.5999755859375,860.9000244140625
2005-05-27 00:00:00+00:00,861.0,866.0,860.0,864.7000122070312
2005-05-31 00:00:00+00:00,865.0,865.7000122070312,860.2999877929688,861.2999877929688
2005-06-01 00:00:00+00:00,864.7999877929688,874.9000244140625,862.0,871.0
2005-06-02 00:00:00+00:00,871.0,878.7999877929688,871.0,876.5
2005-06-03 00:00:00+00:00,875.0999755859375,878.5,873.5,875.5
2005-06-06 00:00:00+00:00,875.0,882.9000244140625,874.5,881.2000122070312
2005-06-07 00:00:00+00:00,881.2000122070312,881.2000122070312,876.0,879.9000244140625
2005-06-08 00:00:00+00:00,880.0,882.0,878.0,879.9000244140625
2005-06-09 00:00:00+00:00,878.0,878.0,870.2000122070312,872.5999755859375
2005-06-10 00:00:00+00:00,870.0,872.5999755859375,868.0,871.5999755859375
2005-06-13 00:00:00+00:00,872.5,878.0,871.5999755859375,874.9000244140625
2005-06-14 00:00:00+00:00,872.0999755859375,876.0,870.5,874.7000122070312
2005-06-15 00:00:00+00:00,874.5999755859375,884.2000122070312,874.5999755859375,882.4000244140625
2005-06-16 00:00:00+00:00,881.2000122070312,892.0,878.0,891.5
2005-06-17 00:00:00+00:00,892.0,905.0,889.5,898.0999755859375
2005-06-20 00:00:00+00:00,897.0,905.0,895.0,900.2999877929688
2005-06-21 00:00:00+00:00,898.0,898.0,879.0,884.2999877929688
2005-06-22 00:00:00+00:00,889.7999877929688,896.9000244140625,888.0,892.2999877929688
2005-06-23 00:00:00+00:00,891.5,893.5,888.0,892.0
2005-06-24 00:00:00+00:00,892.7999877929688,898.5,892.7999877929688,896.0
2005-06-27 00:00:00+00:00,890.7999877929688,898.5,890.0,892.2999877929688
2005-06-28 00:00:00+00:00,895.5,895.5,882.0,885.5999755859375
2005-06-29 00:00:00+00:00,882.5,889.9000244140625,882.5,889.2999877929688
2005-06-30 00:00:00+00:00,889.7999877929688,891.0,883.0,883.5
2005-07-01 00:00:00+00:00,884.0,887.0,882.0,872.9000244140625
2005-07-05 00:00:00+00:00,874.0,874.0,862.5,860.2999877929688
2005-07-06 00:00:00+00:00,872.0,870.0,870.0,862.5
2005-07-07 00:00:00+00:00,865.0999755859375,865.0999755859375,865.0999755859375,863.2000122070312
2005-07-08 00:00:00+00:00,870.0,870.0,864.5,863.2000122070312
2005-07-11 00:00:00+00:00,867.0,867.0,867.0,870.7999877929688
2005-07-12 00:00:00+00:00,877.0,877.0,877.0,878.2000122070312
2005-07-13 00:00:00+00:00,878.9000244140625,878.9000244140625,875.5,876.2999877929688
2005-07-14 00:00:00+00:00,875.0,875.0,872.0,869.4000244140625
2005-07-15 00:00:00+00:00,871.5,871.5,871.5,871.5
2005-07-18 00:00:00+00:00,871.5,888.0,871.5,873.9000244140625
2005-07-19 00:00:00+00:00,883.0,883.0,883.0,877.2000122070312
2005-07-20 00:00:00+00:00,882.0,882.0,882.0,882.0
2005-07-21 00:00:00+00:00,884.0,895.0,884.0,893.0
2005-07-22 00:00:00+00:00,898.5,898.5,898.5,898.5
2005-07-25 00:00:00+00:00,897.0999755859375,897.0999755859375,897.0999755859375,897.0999755859375
2005-07-26 00:00:00+00:00,895.5,905.0,890.5,893.2999877929688
2005-07-27 00:00:00+00:00,875.0,890.0,875.0,892.7999877929688
2005-07-28 00:00:00+00:00,887.9000244140625,888.0,884.0,885.4000244140625
2005-07-29 00:00:00+00:00,883.5,900.9000244140625,883.5,897.9000244140625
2005-08-01 00:00:00+00:00,899.0,911.0,899.0,910.2000122070312
2005-08-02 00:00:00+00:00,910.0,913.0,902.0,907.0
2005-08-03 00:00:00+00:00,905.0,918.9000244140625,903.2999877929688,918.0999755859375
2005-08-04 00:00:00+00:00,917.0,921.0,906.5,910.5999755859375
2005-08-05 00:00:00+00:00,908.0999755859375,916.0,906.9000244140625,910.5
2005-08-08 00:00:00+00:00,910.2999877929688,910.2999877929688,900.0,902.2000122070312
2005-08-09 00:00:00+00:00,907.0,909.5,897.0,909.0
2005-08-10 00:00:00+00:00,909.0,909.0,900.0,907.5
2005-08-11 00:00:00+00:00,911.5,919.7999877929688,910.0,919.7000122070312
2005-08-12 00:00:00+00:00,923.7000122070312,930.0,913.0,923.2000122070312
2005-08-15 00:00:00+00:00,923.0,923.0,905.0,905.2000122070312
2005-08-16 00:00:00+00:00,906.2000122070312,907.2000122070312,886.0,892.7000122070312
2005-08-17 00:00:00+00:00,891.0,899.9000244140625,887.0,889.5
2005-08-18 00:00:00+00:00,894.9000244140625,894.9000244140625,884.0,893.0
2005-08-19 00:00:00+00:00,891.0,893.0,886.2000122070312,889.2999877929688
2005-08-22 00:00:00+00:00,885.2999877929688,894.0,883.2999877929688,893.0999755859375
2005-08-23 00:00:00+00:00,893.5,898.4000244140625,893.0,898.0999755859375
2005-08-24 00:00:00+00:00,898.0,902.0,894.0,899.9000244140625
2005-08-25 00:00:00+00:00,895.0,900.9000244140625,892.0,897.5
2005-08-26 00:00:00+00:00,899.5,899.5,895.5,897.7999877929688
2005-08-29 00:00:00+00:00,896.0,906.0,896.0,904.4000244140625
2005-08-30 00:00:00+00:00,904.0,905.0,886.0,889.0
2005-08-31 00:00:00+00:00,889.0,895.5,886.5,894.5
2005-09-01 00:00:00+00:00,896.0,904.0,893.0,903.4000244140625
2005-09-02 00:00:00+00:00,901.0,914.2999877929688,901.0,911.5
2005-09-06 00:00:00+00:00,911.0,913.0,908.0,911.4000244140625
2005-09-07 00:00:00+00:00,912.0,912.0,905.2000122070312,908.9000244140625
2005-09-08 00:00:00+00:00,905.0,916.7999877929688,905.0,913.4000244140625
2005-09-09 00:00:00+00:00,913.0,916.7999877929688,906.0,916.4000244140625
2005-09-12 00:00:00+00:00,917.7999877929688,922.0,911.2000122070312,915.9000244140625
2005-09-13 00:00:00+00:00,912.9000244140625,915.9000244140625,909.2000122070312,913.5
2005-09-14 00:00:00+00:00,912.5,918.0,910.5,917.5
2005-09-15 00:00:00+00:00,916.0,923.7999877929688,913.2000122070312,919.7000122070312
2005-09-16 00:00:00+00:00,922.5,927.0,919.2000122070312,923.7999877929688
2005-09-19 00:00:00+00:00,924.0,934.0,924.0,933.0999755859375
2005-09-20 00:00:00+00:00,929.5,938.5,929.5,933.7999877929688
2005-09-21 00:00:00+00:00,934.0,936.5,926.7999877929688,936.2999877929688
2005-09-22 00:00:00+00:00,935.0,937.0,924.2000122070312,930.0
2005-09-23 00:00:00+00:00,927.5999755859375,930.5,923.0,927.0
2005-09-26 00:00:00+00:00,926.0,926.0,911.5,917.5
2005-09-27 00:00:00+00:00,919.7999877929688,923.0,916.0,918.0
2005-09-28 00:00:00+00:00,918.0,922.0,909.5,921.5
2005-09-29 00:00:00+00:00,921.2999877929688,929.0,920.0,924.7000122070312
2005-09-30 00:00:00+00:00,923.0,930.0,923.0,930.2999877929688
2005-10-03 00:00:00+00:00,925.0,927.0,925.0,922.7999877929688
2005-10-04 00:00:00+00:00,924.0,932.0999755859375,915.5,914.5
2005-10-05 00:00:00+00:00,915.5999755859375,922.0,915.5,918.5
2005-10-06 00:00:00+00:00,922.5,925.0,921.0,927.5999755859375
2005-10-07 00:00:00+00:00,928.0,933.0,928.0,937.5999755859375
2005-10-10 00:00:00+00:00,939.5,939.5,938.0,942.0999755859375
2005-10-11 00:00:00+00:00,945.0,946.0,942.0,945.5
2005-10-12 00:00:00+00:00,942.0,948.0,942.0,943.0
2005-10-13 00:00:00+00:00,942.0,942.0,932.0,931.9000244140625
2005-10-14 00:00:00+00:00,927.0,929.0,920.0,924.2999877929688
2005-10-17 00:00:00+00:00,926.2000122070312,926.2000122070312,926.2000122070312,933.5
2005-10-18 00:00:00+00:00,931.7000122070312,931.7000122070312,931.7000122070312,931.7000122070312
2005-10-19 00:00:00+00:00,931.7000122070312,934.4000244140625,931.7000122070312,926.2999877929688
2005-10-20 00:00:00+00:00,918.0999755859375,918.0999755859375,918.0999755859375,918.0999755859375
2005-10-21 00:00:00+00:00,926.0,927.0,926.0,929.7999877929688
2005-10-24 00:00:00+00:00,931.0,931.0,931.0,930.2999877929688
2005-10-25 00:00:00+00:00,945.0,950.0,945.0,943.5999755859375
2005-10-26 00:00:00+00:00,946.0,948.0,946.0,943.0
2005-10-27 00:00:00+00:00,948.0,948.0,945.5,942.4000244140625
2005-11-09 00:00:00+00:00,952.5,952.5,952.5,952.5
2005-11-14 00:00:00+00:00,952.5,952.5,952.5,952.5
2005-12-02 00:00:00+00:00,1008.9000244140625,1008.9000244140625,1008.9000244140625,1008.9000244140625
2005-12-29 00:00:00+00:00,972.0,974.0,961.0,964.2000122070312
2005-12-30 00:00:00+00:00,963.5,974.0,962.5,973.0
2006-01-03 00:00:00+00:00,972.0,972.0,972.0,975.7999877929688
2006-01-04 00:00:00+00:00,985.0,995.0,985.0,995.5999755859375
2006-01-05 00:00:00+00:00,990.0,990.0,990.0,984.5
2006-01-06 00:00:00+00:00,996.7999877929688,996.7999877929688,996.7999877929688,996.7999877929688
2006-01-09 00:00:00+00:00,1005.0,1005.0,1005.0,1012.2999877929688
2006-01-10 00:00:00+00:00,1010.0,1016.0,1010.0,1012.2000122070312
2006-01-11 00:00:00+00:00,1010.0,1016.0,1010.0,1019.2999877929688
2006-01-12 00:00:00+00:00,1022.5,1022.5,1013.0,1023.0
2006-01-13 00:00:00+00:00,1030.0,1030.0,1030.0,1035.0999755859375
2006-01-17 00:00:00+00:00,1045.0,1045.0,1045.0,1040.5999755859375
2006-01-18 00:00:00+00:00,1035.0,1035.0,1035.0,1021.4000244140625
2006-01-19 00:00:00+00:00,1048.0,1048.0,1048.0,1040.199951171875
2006-01-20 00:00:00+00:00,1053.0,1053.0,1053.0,1027.699951171875
2006-01-23 00:00:00+00:00,1058.0,1058.0,1053.0,1047.800048828125
2006-01-24 00:00:00+00:00,1054.0,1054.0,1054.0,1052.0
2006-01-25 00:00:00+00:00,1058.300048828125,1058.300048828125,1058.300048828125,1058.300048828125
2006-01-26 00:00:00+00:00,1065.0,1065.0,1065.0,1058.5999755859375
2006-01-27 00:00:00+00:00,1064.0,1065.0,1064.0,1066.699951171875
2006-03-20 00:00:00+00:00,1037.0,1047.0,1036.0,1045.300048828125
2006-03-21 00:00:00+00:00,1042.0,1042.0,1035.0,1035.699951171875
2006-03-22 00:00:00+00:00,1036.0,1048.0,1036.0,1046.0
2006-03-23 00:00:00+00:00,1046.9000244140625,1048.0,1035.0,1046.4000244140625
2006-03-24 00:00:00+00:00,1040.5999755859375,1052.0,1040.5999755859375,1051.5999755859375
2006-03-27 00:00:00+00:00,1056.0999755859375,1072.0,1055.0,1068.5
2006-03-28 00:00:00+00:00,1069.0,1075.0,1065.0,1074.300048828125
2006-03-29 00:00:00+00:00,1069.0,1088.0,1062.0,1076.9000244140625
2006-03-30 00:00:00+00:00,1076.9000244140625,1095.0,1076.0,1090.699951171875
2006-03-31 00:00:00+00:00,1087.699951171875,1087.699951171875,1050.0,1059.4000244140625
2006-04-03 00:00:00+00:00,1070.800048828125,1075.0,1065.0,1075.5999755859375
2006-04-04 00:00:00+00:00,1074.300048828125,1083.5,1073.0,1080.0999755859375
2006-04-05 00:00:00+00:00,1070.0,1075.0,1070.0,1067.5999755859375
2006-04-06 00:00:00+00:00,1085.800048828125,1085.800048828125,1085.800048828125,1085.800048828125
2006-04-07 00:00:00+00:00,1082.0,1082.0,1082.0,1066.9000244140625
2006-04-10 00:00:00+00:00,1010.9000244140625,1090.0,1090.0,1094.9000244140625
2006-04-11 00:00:00+00:00,1083.5999755859375,1083.5999755859375,1083.5999755859375,1083.5999755859375
2006-04-12 00:00:00+00:00,1100.0,1100.0,1100.0,1092.0
2006-04-13 00:00:00+00:00,1092.0,1092.0,1092.0,1080.199951171875
2006-04-17 00:00:00+00:00,1101.0,1101.0,1101.0,1103.0999755859375
2006-04-18 00:00:00+00:00,1110.199951171875,1102.0,1102.0,1114.0999755859375
2006-04-19 00:00:00+00:00,1125.0,1127.0,1125.0,1121.9000244140625
2006-04-20 00:00:00+00:00,1128.0,1128.0,1110.0,1100.300048828125
2006-04-21 00:00:00+00:00,1130.699951171875,1130.699951171875,1130.699951171875,1130.699951171875
2006-04-24 00:00:00+00:00,1124.199951171875,1124.199951171875,1124.199951171875,1124.199951171875
2006-04-25 00:00:00+00:00,1124.199951171875,1145.0,1124.199951171875,1137.5
2006-04-26 00:00:00+00:00,1144.0,1144.0,1140.0,1142.0
2006-04-27 00:00:00+00:00,1148.0,1159.800048828125,1126.199951171875,1146.0999755859375
2006-04-28 00:00:00+00:00,1142.199951171875,1163.800048828125,1142.0,1163.300048828125
2006-05-01 00:00:00+00:00,1163.699951171875,1179.5,1163.0,1177.800048828125
2006-05-02 00:00:00+00:00,1177.0,1186.0,1164.0,1185.4000244140625
2006-05-03 00:00:00+00:00,1187.5,1198.9000244140625,1178.5,1186.699951171875
2006-05-04 00:00:00+00:00,1185.0,1189.800048828125,1172.5,1176.4000244140625
2006-05-05 00:00:00+00:00,1179.9000244140625,1193.0,1179.9000244140625,1189.0999755859375
2006-05-08 00:00:00+00:00,1189.4000244140625,1202.0,1186.0,1201.9000244140625
2006-05-09 00:00:00+00:00,1201.0,1243.0,1198.5,1239.300048828125
2006-05-10 00:00:00+00:00,1244.5,1268.5,1240.0,1259.699951171875
2006-05-11 00:00:00+00:00,1259.699951171875,1299.800048828125,1255.5,1295.5999755859375
2006-05-12 00:00:00+00:00,1295.699951171875,1340.0,1286.0,1318.5
2006-05-15 00:00:00+00:00,1320.0,1320.0,1264.199951171875,1284.800048828125
2006-05-16 00:00:00+00:00,1279.0,1304.0,1265.0,1302.9000244140625
2006-05-17 00:00:00+00:00,1310.0999755859375,1347.0,1300.0,1316.4000244140625
2006-05-18 00:00:00+00:00,1310.0999755859375,1334.800048828125,1297.0,1297.800048828125
2006-05-19 00:00:00+00:00,1297.0,1330.0,1278.0,1313.4000244140625
2006-05-22 00:00:00+00:00,1299.0999755859375,1316.0,1271.0,1284.5999755859375
2006-05-23 00:00:00+00:00,1283.5,1327.0,1276.0,1321.5
2006-05-24 00:00:00+00:00,1322.0,1322.5,1281.199951171875,1285.0999755859375
2006-05-25 00:00:00+00:00,1278.0,1297.800048828125,1278.0,1295.0
2006-05-26 00:00:00+00:00,1293.0,1308.0,1288.0,1298.0999755859375
2006-05-30 00:00:00+00:00,1298.0999755859375,1303.5,1286.0,1291.4000244140625
2006-05-31 00:00:00+00:00,1290.0,1290.0,1235.0,1246.800048828125
2006-06-01 00:00:00+00:00,1252.0,1257.0999755859375,1215.0,1229.800048828125
2006-06-02 00:00:00+00:00,1225.199951171875,1245.0,1208.0,1244.9000244140625
2006-06-05 00:00:00+00:00,1247.800048828125,1263.5,1246.0,1258.5
2006-06-06 00:00:00+00:00,1253.5999755859375,1255.0,1231.199951171875,1235.9000244140625
2006-06-07 00:00:00+00:00,1228.0,1243.0,1218.0,1231.5
2006-06-08 00:00:00+00:00,1233.0,1247.0,1187.0,1190.0999755859375
2006-06-09 00:00:00+00:00,1190.0,1208.800048828125,1185.0,1190.199951171875
2006-06-12 00:00:00+00:00,1186.0,1196.0,1164.0,1171.4000244140625
2006-06-13 00:00:00+00:00,1177.0,1177.0,1115.5,1118.5
2006-06-14 00:00:00+00:00,1121.199951171875,1154.0,1095.0,1138.9000244140625
2006-06-15 00:00:00+00:00,1130.0,1174.5,1115.0,1160.9000244140625
2006-06-16 00:00:00+00:00,1174.800048828125,1175.0,1141.0,1144.5999755859375
2006-06-19 00:00:00+00:00,1151.0,1151.0,1134.5999755859375,1137.800048828125
2006-06-20 00:00:00+00:00,1135.0,1170.0,1130.0,1168.5
2006-06-21 00:00:00+00:00,1169.800048828125,1196.0,1163.0,1193.9000244140625
2006-06-22 00:00:00+00:00,1195.0,1201.0,1175.0,1176.0999755859375
2006-06-23 00:00:00+00:00,1178.0,1178.0,1162.0,1166.9000244140625
2006-06-26 00:00:00+00:00,1163.5999755859375,1192.9000244140625,1163.5999755859375,1181.300048828125
2006-06-27 00:00:00+00:00,1181.300048828125,1197.0,1176.0,1188.300048828125
2006-06-28 00:00:00+00:00,1179.0,1190.0,1175.0,1178.199951171875
2006-06-29 00:00:00+00:00,1172.0999755859375,1212.0,1172.0999755859375,1205.699951171875
2006-06-30 00:00:00+00:00,1207.0,1250.0,1206.0,1246.699951171875
2006-07-03 00:00:00+00:00,1246.699951171875,1246.699951171875,1246.699951171875,1246.699951171875
2006-07-05 00:00:00+00:00,1245.0,1245.0,1240.0,1253.5999755859375
2006-07-06 00:00:00+00:00,1250.0,1250.0,1240.0,1249.5999755859375
2006-07-07 00:00:00+00:00,1245.0,1245.0,1245.0,1243.699951171875
2006-07-10 00:00:00+00:00,1230.699951171875,1230.699951171875,1230.699951171875,1230.699951171875
2006-07-11 00:00:00+00:00,1249.0,1249.0,1238.0,1254.0
2006-07-12 00:00:00+00:00,1255.0,1256.300048828125,1255.0,1255.5999755859375
2006-07-13 00:00:00+00:00,1254.0,1254.0,1254.0,1264.0
2006-07-14 00:00:00+00:00,1243.0,1275.0,1243.0,1267.5
2006-07-17 00:00:00+00:00,1250.0,1250.0,1250.0,1250.0
2006-07-18 00:00:00+00:00,1234.5999755859375,1234.5999755859375,1234.5999755859375,1234.5999755859375
2006-07-19 00:00:00+00:00,1237.5,1237.5,1237.5,1237.5
2006-07-20 00:00:00+00:00,1226.300048828125,1226.300048828125,1226.300048828125,1226.300048828125
2006-07-21 00:00:00+00:00,1203.0,1203.0,1203.0,1220.5
2006-07-24 00:00:00+00:00,1209.300048828125,1209.300048828125,1209.300048828125,1209.300048828125
2006-07-25 00:00:00+00:00,1229.5,1229.5,1229.5,1229.5
2006-07-26 00:00:00+00:00,1234.4000244140625,1234.4000244140625,1234.4000244140625,1234.4000244140625
2006-07-27 00:00:00+00:00,1242.0,1242.0,1242.0,1242.0
2006-09-28 00:00:00+00:00,1149.0,1165.0,1147.0,1146.0
2006-09-29 00:00:00+00:00,1145.0,1145.0,1131.5,1141.199951171875
2006-10-02 00:00:00+00:00,1159.5,1159.5,1145.0,1153.199951171875
2006-10-03 00:00:00+00:00,1149.0,1149.0,1132.0,1124.9000244140625
2006-10-04 00:00:00+00:00,1123.5,1123.5,1078.0,1077.4000244140625
2006-10-05 00:00:00+00:00,1080.0,1093.0,1079.0,1082.199951171875
2006-10-06 00:00:00+00:00,1078.0,1078.0,1078.0,1078.800048828125
2006-10-09 00:00:00+00:00,1076.0,1076.0,1076.0,1086.4000244140625
2006-10-10 00:00:00+00:00,1086.800048828125,1086.800048828125,1086.800048828125,1067.699951171875
2006-10-11 00:00:00+00:00,1072.0,1072.0,1067.699951171875,1066.800048828125
2006-10-12 00:00:00+00:00,1068.5999755859375,1068.5999755859375,1068.5999755859375,1068.5999755859375
2006-10-13 00:00:00+00:00,1077.300048828125,1077.300048828125,1077.300048828125,1077.300048828125
2006-10-16 00:00:00+00:00,1090.0,1092.0,1090.0,1087.800048828125
2006-10-17 00:00:00+00:00,1079.5,1079.5,1079.5,1079.5
2006-10-18 00:00:00+00:00,1089.5999755859375,1089.5999755859375,1089.5999755859375,1089.5999755859375
2006-10-19 00:00:00+00:00,1091.300048828125,1091.300048828125,1091.300048828125,1091.300048828125
2006-10-20 00:00:00+00:00,1078.5999755859375,1078.5999755859375,1078.5999755859375,1078.5999755859375
2006-10-23 00:00:00+00:00,1070.9000244140625,1070.9000244140625,1070.9000244140625,1070.9000244140625
2006-10-24 00:00:00+00:00,1059.5999755859375,1059.5999755859375,1059.5999755859375,1059.5999755859375
2006-10-25 00:00:00+00:00,1065.5,1065.5,1065.5,1065.5
2006-10-26 00:00:00+00:00,1095.0,1095.0,1065.5,1080.300048828125
2006-10-27 00:00:00+00:00,1076.699951171875,1076.699951171875,1076.699951171875,1076.699951171875
2006-11-22 00:00:00+00:00,1154.0,1154.0,1154.0,1154.0
2006-11-27 00:00:00+00:00,1147.4000244140625,1147.4000244140625,1147.4000244140625,1147.4000244140625
2006-11-28 00:00:00+00:00,1150.5999755859375,1150.5999755859375,1150.5999755859375,1150.5999755859375
2006-12-28 00:00:00+00:00,1118.0,1124.300048828125,1110.0,1116.199951171875
2006-12-29 00:00:00+00:00,1118.0,1142.0,1112.0,1139.300048828125
2007-01-02 00:00:00+00:00,1147.0,1147.0,1137.0,1139.300048828125
2007-01-03 00:00:00+00:00,1135.0,1150.0,1127.0,1132.4000244140625
2007-01-04 00:00:00+00:00,1135.0,1137.0,1125.0,1132.5
2007-01-05 00:00:00+00:00,1129.5,1129.5,1120.0,1109.0
2007-01-08 00:00:00+00:00,1119.4000244140625,1119.4000244140625,1119.4000244140625,1119.4000244140625
2007-01-09 00:00:00+00:00,1132.0,1132.0,1119.0,1127.699951171875
2007-01-10 00:00:00+00:00,1150.800048828125,1150.800048828125,1150.800048828125,1150.800048828125
2007-01-11 00:00:00+00:00,1138.800048828125,1138.800048828125,1138.800048828125,1138.800048828125
2007-01-12 00:00:00+00:00,1146.0999755859375,1146.0999755859375,1146.0999755859375,1146.0999755859375
2007-01-16 00:00:00+00:00,1139.800048828125,1139.800048828125,1139.800048828125,1139.800048828125
2007-01-17 00:00:00+00:00,1148.5999755859375,1148.5999755859375,1148.5999755859375,1148.5999755859375
2007-01-18 00:00:00+00:00,1162.5,1162.5,1162.5,1162.5
2007-01-19 00:00:00+00:00,1178.5,1178.5,1178.5,1178.5
2007-01-22 00:00:00+00:00,1175.0999755859375,1175.0999755859375,1175.0999755859375,1175.0999755859375
2007-01-23 00:00:00+00:00,1193.199951171875,1193.199951171875,1193.199951171875,1193.199951171875
2007-01-24 00:00:00+00:00,1183.0999755859375,1183.0999755859375,1183.0999755859375,1183.0999755859375
2007-01-25 00:00:00+00:00,1194.0,1194.0,1194.0,1194.0
2007-01-26 00:00:00+00:00,1185.0,1194.0,1185.0,1187.5
2007-01-29 00:00:00+00:00,1175.0,1175.0,1175.0,1180.699951171875
2007-02-28 00:00:00+00:00,1193.0,1193.0,1193.0,1193.0
2007-03-29 00:00:00+00:00,1241.0,1252.199951171875,1234.0,1242.5999755859375
2007-03-30 00:00:00+00:00,1240.5,1251.300048828125,1240.0,1248.300048828125
2007-04-02 00:00:00+00:00,1242.0,1248.5,1240.0,1249.0
2007-04-03 00:00:00+00:00,1254.0999755859375,1255.0,1247.0,1252.300048828125
2007-04-04 00:00:00+00:00,1248.5,1257.0,1248.0,1258.9000244140625
2007-04-05 00:00:00+00:00,1257.0,1266.0,1257.0,1262.9000244140625
2007-04-09 00:00:00+00:00,1258.0,1258.0,1258.0,1261.300048828125
2007-04-10 00:00:00+00:00,1265.5999755859375,1265.5999755859375,1265.5999755859375,1265.5999755859375
2007-04-11 00:00:00+00:00,1264.699951171875,1268.0,1264.699951171875,1273.300048828125
2007-04-12 00:00:00+00:00,1271.5,1271.5,1271.5,1271.5
2007-04-13 00:00:00+00:00,1278.4000244140625,1278.4000244140625,1278.4000244140625,1278.4000244140625
2007-04-16 00:00:00+00:00,1282.9000244140625,1290.5,1278.4000244140625,1289.5
2007-04-17 00:00:00+00:00,1275.4000244140625,1275.9000244140625,1270.5999755859375,1280.9000244140625
2007-04-18 00:00:00+00:00,1289.0999755859375,1319.5999755859375,1289.0999755859375,1306.9000244140625
2007-04-19 00:00:00+00:00,1310.0,1310.0,1310.0,1309.800048828125
2007-04-20 00:00:00+00:00,1321.0,1348.0,1321.0,1341.199951171875
2007-04-23 00:00:00+00:00,1331.699951171875,1331.699951171875,1331.699951171875,1331.699951171875
2007-04-24 00:00:00+00:00,1332.0,1332.0,1332.0,1311.5
2007-04-25 00:00:00+00:00,1328.0,1328.0,1324.0,1317.199951171875
2007-04-26 00:00:00+00:00,1323.0,1323.0,1323.0,1303.5999755859375
2007-06-28 00:00:00+00:00,1273.5,1285.0,1273.5,1276.0
2007-06-29 00:00:00+00:00,1278.5,1280.199951171875,1275.0,1279.0
2007-07-02 00:00:00+00:00,1282.9000244140625,1289.800048828125,1277.5,1292.5999755859375
2007-07-03 00:00:00+00:00,1292.0,1294.9000244140625,1286.199951171875,1291.699951171875
2007-07-05 00:00:00+00:00,1296.0,1307.0,1296.0,1307.300048828125
2007-07-06 00:00:00+00:00,1296.5,1314.5999755859375,1296.5,1314.5999755859375
2007-07-09 00:00:00+00:00,1322.0,1322.0,1307.0,1321.0
2007-07-10 00:00:00+00:00,1317.0,1317.0,1313.0,1316.5
2007-07-11 00:00:00+00:00,1321.800048828125,1321.800048828125,1321.800048828125,1319.0999755859375
2007-07-12 00:00:00+00:00,1325.0,1329.9000244140625,1324.0,1333.699951171875
2007-07-13 00:00:00+00:00,1324.9000244140625,1326.5,1321.5,1330.5
2007-07-16 00:00:00+00:00,1330.0999755859375,1330.0999755859375,1330.0999755859375,1330.0999755859375
2007-07-17 00:00:00+00:00,1325.5999755859375,1325.5999755859375,1325.5999755859375,1325.5999755859375
2007-07-18 00:00:00+00:00,1340.199951171875,1340.199951171875,1340.199951171875,1340.199951171875
2007-07-19 00:00:00+00:00,1343.5999755859375,1343.800048828125,1343.5999755859375,1341.5
2007-07-20 00:00:00+00:00,1339.0,1339.0,1338.0,1349.5999755859375
2007-07-23 00:00:00+00:00,1350.0,1350.0,1347.0,1344.9000244140625
2007-07-24 00:00:00+00:00,1333.199951171875,1341.0,1333.199951171875,1336.5999755859375
2007-07-25 00:00:00+00:00,1333.9000244140625,1333.9000244140625,1333.9000244140625,1333.9000244140625
2007-07-26 00:00:00+00:00,1331.0999755859375,1331.0999755859375,1331.0999755859375,1331.0999755859375
2007-07-27 00:00:00+00:00,1305.0,1305.0,1305.0,1289.699951171875
2007-07-30 00:00:00+00:00,1284.800048828125,1284.800048828125,1284.800048828125,1284.800048828125
2007-07-31 00:00:00+00:00,1300.5999755859375,1300.5999755859375,1300.5999755859375,1300.5999755859375
2007-08-01 00:00:00+00:00,1288.9000244140625,1288.9000244140625,1288.9000244140625,1288.9000244140625
2007-08-02 00:00:00+00:00,1297.0,1297.0,1297.0,1297.0
2007-08-03 00:00:00+00:00,1296.0,1296.0,1296.0,1296.0
2007-08-06 00:00:00+00:00,1297.0,1297.0,1297.0,1297.0
2007-08-07 00:00:00+00:00,1289.300048828125,1289.300048828125,1289.300048828125,1289.300048828125
2007-08-08 00:00:00+00:00,1289.0999755859375,1289.0999755859375,1289.0999755859375,1289.0999755859375
2007-08-09 00:00:00+00:00,1273.300048828125,1273.300048828125,1273.300048828125,1273.300048828125
2007-08-10 00:00:00+00:00,1277.300048828125,1277.300048828125,1277.300048828125,1277.300048828125
2007-08-13 00:00:00+00:00,1285.0999755859375,1285.0999755859375,1285.0999755859375,1285.0999755859375
2007-08-14 00:00:00+00:00,1275.0,1275.0,1275.0,1275.0
2007-08-15 00:00:00+00:00,1269.5,1269.5,1269.5,1269.5
2007-08-16 00:00:00+00:00,1228.0,1228.0,1228.0,1228.0
2007-08-17 00:00:00+00:00,1229.5999755859375,1229.5999755859375,1229.5999755859375,1229.5999755859375
2007-08-20 00:00:00+00:00,1245.4000244140625,1245.4000244140625,1245.4000244140625,1245.4000244140625
2007-08-21 00:00:00+00:00,1249.4000244140625,1249.4000244140625,1249.4000244140625,1249.4000244140625
2007-08-22 00:00:00+00:00,1246.5999755859375,1246.5999755859375,1246.5999755859375,1246.5999755859375
2007-08-23 00:00:00+00:00,1243.0999755859375,1243.0999755859375,1243.0999755859375,1243.0999755859375
2007-08-24 00:00:00+00:00,1245.0,1245.0,1245.0,1245.0
2007-08-27 00:00:00+00:00,1250.300048828125,1250.300048828125,1250.300048828125,1250.300048828125
2007-08-28 00:00:00+00:00,1258.5999755859375,1258.5999755859375,1258.5999755859375,1258.5999755859375
2007-08-29 00:00:00+00:00,1264.800048828125,1264.800048828125,1264.800048828125,1264.800048828125
2007-08-30 00:00:00+00:00,1250.0999755859375,1250.0999755859375,1250.0999755859375,1260.0999755859375
2007-08-31 00:00:00+00:00,1271.5999755859375,1271.5999755859375,1271.5999755859375,1271.5999755859375
2007-09-04 00:00:00+00:00,1273.699951171875,1273.699951171875,1273.699951171875,1273.699951171875
2007-09-05 00:00:00+00:00,1273.0,1273.0,1273.0,1273.0
2007-09-06 00:00:00+00:00,1288.9000244140625,1288.9000244140625,1288.9000244140625,1288.9000244140625
2007-09-07 00:00:00+00:00,1295.0,1295.0,1295.0,1295.0
2007-09-10 00:00:00+00:00,1294.0,1294.0,1294.0,1294.0
2007-09-11 00:00:00+00:00,1302.5999755859375,1302.5999755859375,1302.5999755859375,1302.5999755859375
2007-09-12 00:00:00+00:00,1304.699951171875,1304.699951171875,1304.699951171875,1304.699951171875
2007-09-13 00:00:00+00:00,1299.9000244140625,1299.9000244140625,1299.9000244140625,1299.9000244140625
2007-09-14 00:00:00+00:00,1299.199951171875,1299.199951171875,1299.199951171875,1299.199951171875
2007-09-17 00:00:00+00:00,1302.5999755859375,1302.5999755859375,1302.5999755859375,1302.5999755859375
2007-09-18 00:00:00+00:00,1306.699951171875,1306.699951171875,1306.699951171875,1306.699951171875
2007-09-19 00:00:00+00:00,1306.699951171875,1306.699951171875,1306.699951171875,1308.5
2007-09-20 00:00:00+00:00,1328.5999755859375,1328.5999755859375,1328.5999755859375,1328.5999755859375
2007-09-21 00:00:00+00:00,1331.5999755859375,1331.5999755859375,1331.5999755859375,1331.5999755859375
2007-09-24 00:00:00+00:00,1344.199951171875,1344.199951171875,1344.199951171875,1344.199951171875
2007-09-25 00:00:00+00:00,1349.4000244140625,1349.4000244140625,1349.4000244140625,1349.4000244140625
2007-09-26 00:00:00+00:00,1351.5,1351.5,1351.5,1351.5
2007-09-27 00:00:00+00:00,1346.4000244140625,1367.0,1344.5,1364.699951171875
2007-09-28 00:00:00+00:00,1366.0,1395.5,1366.0,1395.199951171875
2007-10-01 00:00:00+00:00,1407.5,1407.5,1382.0,1396.199951171875
2007-10-02 00:00:00+00:00,1390.0999755859375,1390.0999755859375,1355.0,1350.0
2007-10-03 00:00:00+00:00,1366.0,1366.0,1359.0,1363.9000244140625
2007-10-04 00:00:00+00:00,1379.5,1379.9000244140625,1376.0,1377.4000244140625
2007-10-05 00:00:00+00:00,1384.0,1389.800048828125,1384.0,1389.800048828125
2007-10-08 00:00:00+00:00,1372.699951171875,1375.199951171875,1372.0,1375.199951171875
2007-10-09 00:00:00+00:00,1380.0,1380.0,1380.0,1381.5999755859375
2007-10-10 00:00:00+00:00,1402.5,1402.5,1402.5,1400.0
2007-10-11 00:00:00+00:00,1420.199951171875,1420.199951171875,1420.199951171875,1420.199951171875
2007-10-12 00:00:00+00:00,1414.699951171875,1414.699951171875,1414.699951171875,1414.699951171875
2007-10-15 00:00:00+00:00,1423.9000244140625,1423.9000244140625,1423.9000244140625,1423.9000244140625
2007-10-16 00:00:00+00:00,1422.9000244140625,1422.9000244140625,1422.9000244140625,1422.9000244140625
2007-10-17 00:00:00+00:00,1438.699951171875,1438.699951171875,1438.699951171875,1438.699951171875
2007-10-18 00:00:00+00:00,1448.0999755859375,1448.0999755859375,1448.0999755859375,1448.0999755859375
2007-10-19 00:00:00+00:00,1445.0999755859375,1445.0999755859375,1437.800048828125,1449.0999755859375
2007-10-22 00:00:00+00:00,1439.5999755859375,1439.5999755859375,1439.5999755859375,1439.5999755859375
2007-10-23 00:00:00+00:00,1452.800048828125,1452.800048828125,1452.800048828125,1452.800048828125
2007-10-24 00:00:00+00:00,1441.9000244140625,1441.9000244140625,1441.9000244140625,1441.9000244140625
2007-10-25 00:00:00+00:00,1455.0,1455.0,1452.5999755859375,1452.5999755859375
2007-10-26 00:00:00+00:00,1468.4000244140625,1473.300048828125,1468.4000244140625,1472.0999755859375
2007-10-29 00:00:00+00:00,1468.0,1468.0,1468.0,1468.0
2007-12-28 00:00:00+00:00,1525.4000244140625,1537.300048828125,1520.0999755859375,1540.5
2007-12-31 00:00:00+00:00,1539.0,1539.0,1513.0,1528.4000244140625
2008-01-02 00:00:00+00:00,1529.9000244140625,1549.0,1524.0999755859375,1547.0
2008-01-03 00:00:00+00:00,1549.699951171875,1550.0,1527.0,1541.800048828125
2008-01-04 00:00:00+00:00,1549.699951171875,1552.199951171875,1532.0,1539.0999755859375
2008-01-07 00:00:00+00:00,1528.800048828125,1542.9000244140625,1523.5999755859375,1524.199951171875
2008-01-08 00:00:00+00:00,1540.0,1544.5999755859375,1540.0,1553.5999755859375
2008-01-09 00:00:00+00:00,1554.0999755859375,1554.0999755859375,1551.5,1552.9000244140625
2008-01-10 00:00:00+00:00,1546.199951171875,1561.0,1540.0,1558.300048828125
2008-01-11 00:00:00+00:00,1568.199951171875,1568.199951171875,1568.199951171875,1568.199951171875
2008-01-14 00:00:00+00:00,1566.9000244140625,1586.0,1566.9000244140625,1582.800048828125
2008-01-15 00:00:00+00:00,1586.0,1605.9000244140625,1586.0,1592.5
2008-01-16 00:00:00+00:00,1574.0,1574.0,1574.0,1570.5999755859375
2008-01-17 00:00:00+00:00,1569.300048828125,1569.300048828125,1569.300048828125,1569.300048828125
2008-01-18 00:00:00+00:00,1544.699951171875,1566.5,1538.800048828125,1566.5
2008-01-22 00:00:00+00:00,1548.300048828125,1553.5,1541.300048828125,1547.5999755859375
2008-01-23 00:00:00+00:00,1540.0,1544.300048828125,1540.0,1557.5
2008-01-24 00:00:00+00:00,1614.0,1614.0,1614.0,1614.9000244140625
2008-01-25 00:00:00+00:00,1680.5,1693.800048828125,1608.699951171875,1680.699951171875
2008-01-28 00:00:00+00:00,1683.5,1746.0999755859375,1683.4000244140625,1752.199951171875
2008-01-29 00:00:00+00:00,1703.5,1703.5999755859375,1703.5,1736.9000244140625
2008-02-19 00:00:00+00:00,2115.0,2115.0,2115.0,2128.10009765625
2008-02-20 00:00:00+00:00,2113.800048828125,2113.800048828125,2113.800048828125,2113.800048828125
2008-02-21 00:00:00+00:00,2163.199951171875,2163.199951171875,2163.199951171875,2163.199951171875
2008-02-22 00:00:00+00:00,2142.800048828125,2142.800048828125,2142.800048828125,2142.800048828125
2008-02-25 00:00:00+00:00,2128.5,2128.5,2128.5,2128.5
2008-02-26 00:00:00+00:00,2130.89990234375,2130.89990234375,2130.89990234375,2130.89990234375
2008-02-27 00:00:00+00:00,2127.300048828125,2127.300048828125,2127.300048828125,2127.300048828125
2008-02-28 00:00:00+00:00,2129.800048828125,2129.800048828125,2129.800048828125,2129.800048828125
2008-02-29 00:00:00+00:00,2155.699951171875,2155.699951171875,2155.699951171875,2155.699951171875
2008-03-03 00:00:00+00:00,2216.60009765625,2216.60009765625,2216.60009765625,2216.60009765625
2008-03-04 00:00:00+00:00,2242.0,2242.0,2242.0,2242.0
2008-03-05 00:00:00+00:00,2251.10009765625,2251.10009765625,2251.10009765625,2251.10009765625
2008-03-06 00:00:00+00:00,2175.800048828125,2175.800048828125,2175.800048828125,2175.800048828125
2008-03-07 00:00:00+00:00,2016.699951171875,2016.699951171875,2016.699951171875,2016.699951171875
2008-03-10 00:00:00+00:00,2014.0999755859375,2014.0999755859375,2014.0999755859375,2014.0999755859375
2008-03-11 00:00:00+00:00,2027.4000244140625,2027.4000244140625,2027.4000244140625,2027.4000244140625
2008-03-12 00:00:00+00:00,2045.0,2045.0,2045.0,2045.0
2008-03-13 00:00:00+00:00,2072.5,2072.5,2072.5,2072.5
2008-03-14 00:00:00+00:00,2051.0,2051.0,2051.0,2051.0
2008-03-17 00:00:00+00:00,1948.4000244140625,1948.4000244140625,1948.4000244140625,1948.4000244140625
2008-03-18 00:00:00+00:00,1943.0,1943.0,1943.0,1943.0
2008-03-19 00:00:00+00:00,1862.0,1862.0,1862.0,1862.0
2008-03-20 00:00:00+00:00,1852.300048828125,1852.300048828125,1852.300048828125,1852.300048828125
2008-03-24 00:00:00+00:00,1864.199951171875,1864.199951171875,1864.199951171875,1864.199951171875
2008-03-25 00:00:00+00:00,1960.9000244140625,1960.9000244140625,1960.9000244140625,1960.9000244140625
2008-03-26 00:00:00+00:00,1987.5999755859375,1987.5999755859375,1987.5999755859375,1987.5999755859375
2008-03-27 00:00:00+00:00,2018.699951171875,2018.699951171875,2018.699951171875,2018.699951171875
2008-03-28 00:00:00+00:00,2026.5,2046.0,1977.800048828125,2037.800048828125
2008-03-31 00:00:00+00:00,2035.0,2040.0,1995.0,2024.4000244140625
2008-04-01 00:00:00+00:00,1928.800048828125,1948.0,1880.0,1928.800048828125
2008-04-02 00:00:00+00:00,1934.199951171875,1964.0999755859375,1928.0,1957.5999755859375
2008-04-03 00:00:00+00:00,1980.0999755859375,2004.0,1979.5,2005.9000244140625
2008-04-04 00:00:00+00:00,1986.699951171875,2025.5,1986.699951171875,2025.5
2008-04-07 00:00:00+00:00,2035.0,2036.0999755859375,2031.5999755859375,2041.9000244140625
2008-04-08 00:00:00+00:00,2030.0,2030.0,2030.0,2033.300048828125
2008-04-09 00:00:00+00:00,2025.0,2064.60009765625,2025.0,2064.60009765625
2008-04-10 00:00:00+00:00,2025.0,2065.0,2018.0,2065.0
2008-04-11 00:00:00+00:00,2026.0,2026.0,2026.0,2036.0999755859375
2008-04-14 00:00:00+00:00,2015.0,2015.0,1975.0,1993.5
2008-04-15 00:00:00+00:00,2000.800048828125,2005.0,1996.0,1988.4000244140625
2008-04-16 00:00:00+00:00,2005.5999755859375,2025.0,2005.5999755859375,2029.4000244140625
2008-04-17 00:00:00+00:00,2054.60009765625,2054.60009765625,2054.60009765625,2054.60009765625
2008-04-18 00:00:00+00:00,2066.300048828125,2066.300048828125,2050.0,2066.300048828125
2008-04-21 00:00:00+00:00,2019.300048828125,2019.300048828125,2019.300048828125,2019.300048828125
2008-04-22 00:00:00+00:00,2029.4000244140625,2029.4000244140625,2029.4000244140625,2029.4000244140625
2008-04-23 00:00:00+00:00,2025.5,2025.5,2020.0,2010.800048828125
2008-04-24 00:00:00+00:00,2000.0,2000.0,1995.0,1962.699951171875
2008-04-25 00:00:00+00:00,1960.0,1960.0,1960.0,1960.0
2008-04-28 00:00:00+00:00,1970.5999755859375,1970.5999755859375,1970.5999755859375,1970.5999755859375
2008-06-27 00:00:00+00:00,2064.39990234375,2085.199951171875,2050.0,2059.10009765625
2008-06-30 00:00:00+00:00,2077.300048828125,2086.60009765625,2049.0,2069.5
2008-07-01 00:00:00+00:00,2084.10009765625,2087.39990234375,2076.0,2086.199951171875
2008-07-02 00:00:00+00:00,2076.5,2085.0,2076.0,2074.5
2008-07-03 00:00:00+00:00,2089.60009765625,2089.60009765625,2045.0,2027.9000244140625
2008-07-07 00:00:00+00:00,1976.5,2000.5,1976.5,1981.300048828125
2008-07-08 00:00:00+00:00,1950.5999755859375,1999.9000244140625,1950.5999755859375,1950.4000244140625
2008-07-09 00:00:00+00:00,1969.300048828125,1969.300048828125,1969.300048828125,1974.5
2008-07-10 00:00:00+00:00,2000.9000244140625,2000.9000244140625,2000.9000244140625,2000.9000244140625
2008-07-11 00:00:00+00:00,2043.5,2043.5,2043.5,2047.199951171875
2008-07-14 00:00:00+00:00,2039.9000244140625,2039.9000244140625,2039.9000244140625,2039.9000244140625
2008-07-15 00:00:00+00:00,1985.800048828125,1985.800048828125,1985.800048828125,1985.800048828125
2008-07-16 00:00:00+00:00,1942.300048828125,1942.300048828125,1942.300048828125,1942.300048828125
2008-07-17 00:00:00+00:00,1940.0,1940.0,1890.0,1903.4000244140625
2008-07-18 00:00:00+00:00,1858.300048828125,1858.300048828125,1858.300048828125,1858.300048828125
2008-07-21 00:00:00+00:00,1854.0,1854.0,1854.0,1854.0
2008-07-22 00:00:00+00:00,1811.199951171875,1811.199951171875,1811.199951171875,1811.199951171875
2008-07-23 00:00:00+00:00,1759.0,1759.0,1759.0,1763.800048828125
2008-07-24 00:00:00+00:00,1716.800048828125,1716.800048828125,1716.800048828125,1716.800048828125
2008-07-25 00:00:00+00:00,1761.699951171875,1761.699951171875,1761.699951171875,1761.699951171875
2008-07-28 00:00:00+00:00,1779.699951171875,1779.699951171875,1779.699951171875,1779.699951171875
2008-07-29 00:00:00+00:00,1750.300048828125,1750.300048828125,1750.300048828125,1750.300048828125
2008-09-29 00:00:00+00:00,1125.0,1135.0,1069.0,1075.4000244140625
2008-09-30 00:00:00+00:00,1075.0,1075.0,995.2000122070312,1015.0999755859375
2008-10-01 00:00:00+00:00,1003.0,1045.0,1002.7999877929688,1029.699951171875
2008-10-02 00:00:00+00:00,996.0,996.0,972.5,979.5999755859375
2008-10-03 00:00:00+00:00,960.5,968.5999755859375,951.7999877929688,957.0
2008-10-06 00:00:00+00:00,948.7000122070312,991.0999755859375,948.7000122070312,973.2000122070312
2008-10-07 00:00:00+00:00,1012.2000122070312,1012.2000122070312,1012.2000122070312,1012.2000122070312
2008-10-08 00:00:00+00:00,999.5,1001.5,999.5,1003.5999755859375
2008-10-09 00:00:00+00:00,1013.5,1021.0,1012.9000244140625,1035.199951171875
2008-10-10 00:00:00+00:00,978.2000122070312,996.7000122070312,978.2000122070312,996.7000122070312
2008-10-13 00:00:00+00:00,992.2000122070312,992.2000122070312,979.2999877929688,989.0999755859375
2008-10-14 00:00:00+00:00,1035.0999755859375,1035.0999755859375,1035.0999755859375,1035.0999755859375
2008-10-15 00:00:00+00:00,959.7000122070312,966.7000122070312,959.7000122070312,966.7000122070312
2008-10-16 00:00:00+00:00,909.5,912.0,909.5,882.7999877929688
2008-10-17 00:00:00+00:00,878.0,878.2000122070312,872.5,872.5
2008-10-20 00:00:00+00:00,883.0999755859375,888.2000122070312,881.0,884.0
2008-10-21 00:00:00+00:00,905.0999755859375,909.7999877929688,905.0999755859375,883.2000122070312
2008-10-22 00:00:00+00:00,850.0,850.0,842.0,848.7000122070312
2008-10-23 00:00:00+00:00,793.0,793.2999877929688,786.0999755859375,804.0999755859375
2008-10-24 00:00:00+00:00,782.2999877929688,787.7999877929688,782.2999877929688,793.7999877929688
2008-10-27 00:00:00+00:00,815.0,815.0,761.7999877929688,791.7000122070312
2008-10-28 00:00:00+00:00,793.0,793.0,793.0,803.2999877929688
2008-10-29 00:00:00+00:00,818.0,818.0,816.5,811.0999755859375
2008-12-30 00:00:00+00:00,916.7000122070312,917.0,897.5999755859375,909.9000244140625
2008-12-31 00:00:00+00:00,913.0,943.2999877929688,901.0999755859375,936.2000122070312
2009-01-02 00:00:00+00:00,932.4000244140625,946.0999755859375,931.0,941.4000244140625
2009-01-05 00:00:00+00:00,940.0,952.2999877929688,925.2000122070312,952.2999877929688
2009-01-06 00:00:00+00:00,951.0999755859375,969.5,951.0999755859375,962.9000244140625
2009-01-07 00:00:00+00:00,985.0,987.0999755859375,983.4000244140625,985.0999755859375
2009-01-08 00:00:00+00:00,982.5999755859375,996.5,981.2000122070312,989.5999755859375
2009-01-09 00:00:00+00:00,1000.5,1000.5,1000.5,1000.5
2009-01-12 00:00:00+00:00,998.5,998.5,964.0,968.4000244140625
2009-01-13 00:00:00+00:00,958.5,958.5,936.5,950.5
2009-01-14 00:00:00+00:00,961.0,968.0,935.5,930.2999877929688
2009-01-15 00:00:00+00:00,914.0,914.0,914.0,916.7000122070312
2009-01-16 00:00:00+00:00,947.7999877929688,947.7999877929688,947.7999877929688,947.7999877929688
2009-01-20 00:00:00+00:00,944.0,944.0,944.0,943.7999877929688
2009-01-21 00:00:00+00:00,930.5,931.4000244140625,917.0,922.0999755859375
2009-01-22 00:00:00+00:00,931.2999877929688,931.4000244140625,931.2999877929688,932.0
2009-01-23 00:00:00+00:00,928.4000244140625,947.0,928.4000244140625,955.0999755859375
2009-01-26 00:00:00+00:00,953.0,953.0,953.0,971.0
2009-01-27 00:00:00+00:00,956.0999755859375,956.0999755859375,942.7000122070312,955.2999877929688
2009-01-28 00:00:00+00:00,960.0,960.0,960.0,960.0
2009-03-30 00:00:00+00:00,1137.0,1139.0,1112.5999755859375,1113.5999755859375
2009-03-31 00:00:00+00:00,1122.0,1130.199951171875,1118.699951171875,1120.800048828125
2009-04-01 00:00:00+00:00,1129.4000244140625,1141.699951171875,1119.0,1136.300048828125
2009-04-02 00:00:00+00:00,1138.0999755859375,1147.5,1132.199951171875,1158.699951171875
2009-04-03 00:00:00+00:00,1149.800048828125,1167.0999755859375,1149.800048828125,1159.4000244140625
2009-04-06 00:00:00+00:00,1158.0,1158.0,1144.5999755859375,1145.699951171875
2009-04-07 00:00:00+00:00,1163.199951171875,1167.800048828125,1163.199951171875,1167.800048828125
2009-04-08 00:00:00+00:00,1177.5,1177.5,1174.800048828125,1180.4000244140625
2009-04-09 00:00:00+00:00,1192.0,1202.0,1190.0,1190.0
2009-04-13 00:00:00+00:00,1214.5999755859375,1242.300048828125,1214.5999755859375,1240.4000244140625
2009-04-14 00:00:00+00:00,1223.0999755859375,1223.0999755859375,1208.0999755859375,1211.699951171875
2009-04-15 00:00:00+00:00,1221.699951171875,1221.699951171875,1221.699951171875,1220.9000244140625
2009-04-16 00:00:00+00:00,1208.5999755859375,1208.5999755859375,1208.5999755859375,1212.0
2009-04-17 00:00:00+00:00,1206.0999755859375,1206.0999755859375,1206.0999755859375,1206.0999755859375
2009-04-20 00:00:00+00:00,1161.0999755859375,1161.0999755859375,1158.800048828125,1161.0999755859375
2009-04-21 00:00:00+00:00,1162.300048828125,1162.300048828125,1150.0,1151.5999755859375
2009-04-22 00:00:00+00:00,1174.0,1175.300048828125,1174.0,1173.0999755859375
2009-04-23 00:00:00+00:00,1176.300048828125,1182.5,1176.300048828125,1182.5
2009-04-24 00:00:00+00:00,1186.199951171875,1186.199951171875,1177.699951171875,1180.0
2009-04-27 00:00:00+00:00,1146.300048828125,1146.300048828125,1142.0,1146.300048828125
2009-04-28 00:00:00+00:00,1078.0999755859375,1078.0999755859375,1078.0999755859375,1096.0999755859375
2009-06-29 00:00:00+00:00,1199.800048828125,1199.800048828125,1180.699951171875,1184.199951171875
2009-06-30 00:00:00+00:00,1196.4000244140625,1200.0,1165.5,1176.699951171875
2009-07-01 00:00:00+00:00,1173.0999755859375,1196.199951171875,1172.699951171875,1196.5
2009-07-02 00:00:00+00:00,1185.699951171875,1187.5999755859375,1183.0,1186.5999755859375
2009-07-06 00:00:00+00:00,1178.0,1178.0,1140.300048828125,1140.300048828125
2009-07-07 00:00:00+00:00,1145.0,1145.0,1126.9000244140625,1129.699951171875
2009-07-08 00:00:00+00:00,1112.0,1112.0,1090.0,1095.300048828125
2009-07-09 00:00:00+00:00,1103.4000244140625,1109.5,1102.300048828125,1104.0
2009-07-10 00:00:00+00:00,1103.0999755859375,1103.0999755859375,1103.0999755859375,1101.4000244140625
2009-07-13 00:00:00+00:00,1111.0999755859375,1111.0999755859375,1092.5999755859375,1111.0999755859375
2009-07-14 00:00:00+00:00,1107.199951171875,1125.0999755859375,1107.199951171875,1128.4000244140625
2009-07-15 00:00:00+00:00,1151.300048828125,1155.4000244140625,1151.300048828125,1151.300048828125
2009-07-16 00:00:00+00:00,1162.699951171875,1163.300048828125,1162.699951171875,1162.699951171875
2009-07-17 00:00:00+00:00,1168.5999755859375,1168.5999755859375,1168.5999755859375,1168.5999755859375
2009-07-20 00:00:00+00:00,1184.699951171875,1184.699951171875,1184.699951171875,1184.699951171875
2009-07-21 00:00:00+00:00,1172.800048828125,1172.800048828125,1172.800048828125,1172.800048828125
2009-07-22 00:00:00+00:00,1171.5,1171.5,1171.5,1171.5
2009-07-23 00:00:00+00:00,1182.5,1182.5,1182.5,1182.5
2009-07-24 00:00:00+00:00,1186.9000244140625,1186.9000244140625,1186.9000244140625,1186.9000244140625
2009-07-27 00:00:00+00:00,1198.699951171875,1217.9000244140625,1198.699951171875,1217.9000244140625
2009-07-28 00:00:00+00:00,1217.199951171875,1218.0999755859375,1213.0,1192.0
2009-07-29 00:00:00+00:00,1167.5999755859375,1167.5999755859375,1167.5999755859375,1167.5999755859375
2009-09-29 00:00:00+00:00,1278.4000244140625,1283.300048828125,1265.5,1270.9000244140625
2009-09-30 00:00:00+00:00,1273.0,1301.0999755859375,1272.9000244140625,1295.5999755859375
2009-10-01 00:00:00+00:00,1298.5,1298.5,1277.699951171875,1282.0
2009-10-02 00:00:00+00:00,1278.0,1279.0,1270.300048828125,1275.5999755859375
2009-10-05 00:00:00+00:00,1281.0,1284.0,1279.0,1294.5999755859375
2009-10-06 00:00:00+00:00,1312.5,1321.9000244140625,1307.0,1318.0999755859375
2009-10-07 00:00:00+00:00,1324.4000244140625,1332.0999755859375,1320.5,1320.5
2009-10-08 00:00:00+00:00,1330.5,1344.0,1330.5,1346.0
2009-10-09 00:00:00+00:00,1330.0,1340.699951171875,1330.0,1331.5999755859375
2009-10-12 00:00:00+00:00,1339.4000244140625,1339.4000244140625,1339.4000244140625,1339.4000244140625
2009-10-13 00:00:00+00:00,1357.800048828125,1357.800048828125,1357.199951171875,1352.800048828125
2009-10-14 00:00:00+00:00,1358.5,1359.5999755859375,1358.5,1358.5999755859375
2009-10-15 00:00:00+00:00,1348.5,1348.5,1348.5,1348.5
2009-10-16 00:00:00+00:00,1340.0,1341.0,1340.0,1341.699951171875
2009-10-19 00:00:00+00:00,1344.199951171875,1344.199951171875,1337.199951171875,1358.0999755859375
2009-10-20 00:00:00+00:00,1350.0,1350.0,1350.0,1350.0
2009-10-21 00:00:00+00:00,1354.699951171875,1368.0,1354.699951171875,1368.0999755859375
2009-10-22 00:00:00+00:00,1359.0,1361.800048828125,1359.0,1363.5999755859375
2009-10-23 00:00:00+00:00,1368.4000244140625,1368.4000244140625,1367.300048828125,1363.199951171875
2009-10-26 00:00:00+00:00,1339.5,1339.5,1339.5,1339.5
2009-10-27 00:00:00+00:00,1327.5999755859375,1329.9000244140625,1312.699951171875,1312.699951171875
2009-10-28 00:00:00+00:00,1307.0,1307.0,1307.0,1297.4000244140625
2009-11-27 00:00:00+00:00,1446.9000244140625,1446.9000244140625,1446.9000244140625,1446.9000244140625
2009-11-30 00:00:00+00:00,1459.5,1459.5,1459.5,1459.5
2009-12-01 00:00:00+00:00,1485.699951171875,1485.699951171875,1485.699951171875,1485.699951171875
2009-12-02 00:00:00+00:00,1505.300048828125,1505.300048828125,1505.300048828125,1505.300048828125
2009-12-03 00:00:00+00:00,1492.699951171875,1492.699951171875,1492.699951171875,1492.699951171875
2009-12-04 00:00:00+00:00,1448.699951171875,1448.699951171875,1448.699951171875,1448.699951171875
2009-12-07 00:00:00+00:00,1443.5999755859375,1443.5999755859375,1443.5999755859375,1443.5999755859375
2009-12-08 00:00:00+00:00,1439.4000244140625,1439.4000244140625,1439.4000244140625,1439.4000244140625
2009-12-09 00:00:00+00:00,1408.199951171875,1408.199951171875,1408.199951171875,1408.199951171875
2009-12-10 00:00:00+00:00,1423.5,1423.5,1423.5,1423.5
2009-12-11 00:00:00+00:00,1421.699951171875,1421.699951171875,1421.699951171875,1421.699951171875
2009-12-14 00:00:00+00:00,1446.199951171875,1446.199951171875,1446.199951171875,1446.199951171875
2009-12-15 00:00:00+00:00,1451.699951171875,1451.699951171875,1451.699951171875,1451.699951171875
2009-12-16 00:00:00+00:00,1456.800048828125,1456.800048828125,1456.800048828125,1456.800048828125
2009-12-17 00:00:00+00:00,1425.0999755859375,1425.0999755859375,1425.0999755859375,1425.0999755859375
2009-12-18 00:00:00+00:00,1428.5,1428.5,1428.5,1428.5
2009-12-21 00:00:00+00:00,1422.699951171875,1422.699951171875,1422.699951171875,1422.699951171875
2009-12-22 00:00:00+00:00,1396.0999755859375,1396.0999755859375,1396.0999755859375,1396.0999755859375
2009-12-23 00:00:00+00:00,1426.0,1426.0,1426.0,1426.0
2009-12-24 00:00:00+00:00,1467.0999755859375,1467.0999755859375,1467.0999755859375,1467.0999755859375
2009-12-28 00:00:00+00:00,1479.5,1479.5,1479.5,1479.5
2009-12-29 00:00:00+00:00,1466.300048828125,1466.300048828125,1466.300048828125,1466.300048828125
2009-12-30 00:00:00+00:00,1462.0999755859375,1470.5999755859375,1441.699951171875,1452.300048828125
2009-12-31 00:00:00+00:00,1460.0,1466.5,1451.5999755859375,1460.0
2010-01-04 00:00:00+00:00,1477.199951171875,1521.699951171875,1477.199951171875,1517.300048828125
2010-01-05 00:00:00+00:00,1530.800048828125,1521.4000244140625,1517.4000244140625,1530.800048828125
2010-01-06 00:00:00+00:00,1552.199951171875,1557.5999755859375,1531.800048828125,1552.199951171875
2010-01-07 00:00:00+00:00,1553.0,1553.0,1542.300048828125,1553.0
2010-01-08 00:00:00+00:00,1564.5999755859375,1563.0,1557.5,1564.5999755859375
2010-01-11 00:00:00+00:00,1588.300048828125,1589.5,1563.0,1588.300048828125
2010-01-12 00:00:00+00:00,1573.9000244140625,1612.5,1595.0,1573.9000244140625
2010-01-13 00:00:00+00:00,1574.5,1574.5,1557.0,1570.199951171875
2010-01-14 00:00:00+00:00,1600.0999755859375,1605.9000244140625,1605.9000244140625,1600.0999755859375
2010-01-15 00:00:00+00:00,1511.4000244140625,1593.0,1590.5,1591.4000244140625
2010-01-19 00:00:00+00:00,1635.0999755859375,1638.5,1613.699951171875,1635.0999755859375
2010-01-20 00:00:00+00:00,1611.0999755859375,1622.9000244140625,1606.4000244140625,1611.0999755859375
2010-01-21 00:00:00+00:00,1587.0999755859375,1588.300048828125,1588.300048828125,1587.0999755859375
2010-01-22 00:00:00+00:00,1536.4000244140625,1560.699951171875,1530.699951171875,1536.4000244140625
2010-01-25 00:00:00+00:00,1540.5,1543.5,1543.4000244140625,1540.5
2010-01-26 00:00:00+00:00,1522.199951171875,1529.4000244140625,1500.0,1522.199951171875
2010-01-27 00:00:00+00:00,1486.0999755859375,1521.0,1510.9000244140625,1486.0999755859375
2010-01-28 00:00:00+00:00,1489.199951171875,1489.199951171875,1489.199951171875,1489.199951171875
2010-01-29 00:00:00+00:00,1501.300048828125,1501.300048828125,1501.300048828125,1501.300048828125
2010-02-01 00:00:00+00:00,1534.5999755859375,1534.5999755859375,1534.5999755859375,1534.5999755859375
2010-02-02 00:00:00+00:00,1574.5,1574.5,1574.5,1574.5
2010-02-03 00:00:00+00:00,1571.9000244140625,1571.9000244140625,1571.9000244140625,1571.9000244140625
2010-02-04 00:00:00+00:00,1511.5,1511.5,1507.5,1511.5
2010-02-05 00:00:00+00:00,1471.300048828125,1471.300048828125,1471.300048828125,1471.300048828125
2010-02-08 00:00:00+00:00,1477.199951171875,1477.199951171875,1477.199951171875,1477.199951171875
2010-02-09 00:00:00+00:00,1498.5999755859375,1498.5999755859375,1498.5999755859375,1498.5999755859375
2010-02-10 00:00:00+00:00,1509.0999755859375,1509.0999755859375,1509.0999755859375,1509.0999755859375
2010-02-11 00:00:00+00:00,1515.5,1515.5,1515.5,1515.5
2010-02-12 00:00:00+00:00,1507.300048828125,1507.300048828125,1507.300048828125,1507.300048828125
2010-02-16 00:00:00+00:00,1533.9000244140625,1533.9000244140625,1533.9000244140625,1533.9000244140625
2010-02-17 00:00:00+00:00,1533.300048828125,1533.300048828125,1533.300048828125,1533.300048828125
2010-02-18 00:00:00+00:00,1515.800048828125,1515.800048828125,1515.800048828125,1515.800048828125
2010-02-19 00:00:00+00:00,1539.800048828125,1539.800048828125,1539.800048828125,1539.800048828125
2010-02-22 00:00:00+00:00,1528.0999755859375,1528.0999755859375,1528.0999755859375,1528.0999755859375
2010-02-23 00:00:00+00:00,1506.300048828125,1506.300048828125,1506.300048828125,1506.300048828125
2010-02-24 00:00:00+00:00,1503.5,1503.5,1503.5,1503.5
2010-02-25 00:00:00+00:00,1529.300048828125,1512.800048828125,1511.699951171875,1529.300048828125
2010-02-26 00:00:00+00:00,1538.0,1539.699951171875,1538.0,1538.0
2010-03-01 00:00:00+00:00,1542.0999755859375,1542.0999755859375,1542.0999755859375,1542.0999755859375
2010-03-02 00:00:00+00:00,1574.0999755859375,1574.0999755859375,1574.0999755859375,1574.0999755859375
2010-03-03 00:00:00+00:00,1581.5999755859375,1581.5999755859375,1581.5999755859375,1581.5999755859375
2010-03-04 00:00:00+00:00,1581.699951171875,1581.699951171875,1581.699951171875,1581.699951171875
2010-03-05 00:00:00+00:00,1577.199951171875,1577.199951171875,1577.199951171875,1577.199951171875
2010-03-08 00:00:00+00:00,1598.199951171875,1598.199951171875,1598.199951171875,1598.199951171875
2010-03-09 00:00:00+00:00,1595.0,1595.0,1595.0,1595.0
2010-03-10 00:00:00+00:00,1588.300048828125,1588.300048828125,1588.300048828125,1588.300048828125
2010-03-11 00:00:00+00:00,1610.800048828125,1592.0,1584.0,1610.800048828125
2010-03-12 00:00:00+00:00,1606.5,1606.5,1606.5,1606.5
2010-03-15 00:00:00+00:00,1613.9000244140625,1613.9000244140625,1613.9000244140625,1613.9000244140625
2010-03-16 00:00:00+00:00,1628.800048828125,1628.800048828125,1628.800048828125,1628.800048828125
2010-03-17 00:00:00+00:00,1633.699951171875,1633.699951171875,1633.699951171875,1633.699951171875
2010-03-18 00:00:00+00:00,1629.5,1629.5,1629.5,1629.5
2010-03-19 00:00:00+00:00,1607.0999755859375,1607.0999755859375,1607.0999755859375,1607.0999755859375
2010-03-22 00:00:00+00:00,1599.800048828125,1599.800048828125,1599.800048828125,1599.800048828125
2010-03-23 00:00:00+00:00,1607.800048828125,1607.800048828125,1607.800048828125,1607.800048828125
2010-03-24 00:00:00+00:00,1587.4000244140625,1587.4000244140625,1587.4000244140625,1587.4000244140625
2010-03-25 00:00:00+00:00,1605.9000244140625,1605.9000244140625,1605.9000244140625,1605.9000244140625
2010-03-26 00:00:00+00:00,1595.5,1595.5,1595.5,1595.5
2010-03-29 00:00:00+00:00,1627.4000244140625,1627.4000244140625,1627.4000244140625,1627.4000244140625
2010-03-30 00:00:00+00:00,1624.5,1631.800048828125,1612.9000244140625,1618.0999755859375
2010-03-31 00:00:00+00:00,1639.800048828125,1646.5999755859375,1612.699951171875,1639.800048828125
2010-04-01 00:00:00+00:00,1669.800048828125,1670.199951171875,1645.5,1669.800048828125
2010-04-05 00:00:00+00:00,1703.800048828125,1705.0999755859375,1677.5999755859375,1703.800048828125
2010-04-06 00:00:00+00:00,1698.5,1702.5999755859375,1680.9000244140625,1698.5
2010-04-07 00:00:00+00:00,1717.199951171875,1723.5999755859375,1702.4000244140625,1717.199951171875
2010-04-08 00:00:00+00:00,1711.0999755859375,1715.199951171875,1695.199951171875,1711.0999755859375
2010-04-09 00:00:00+00:00,1722.199951171875,1723.0999755859375,1713.699951171875,1722.199951171875
2010-04-12 00:00:00+00:00,1735.300048828125,1735.0,1724.9000244140625,1735.300048828125
2010-04-13 00:00:00+00:00,1711.800048828125,1722.0,1702.800048828125,1711.800048828125
2010-04-14 00:00:00+00:00,1730.199951171875,1729.5999755859375,1723.199951171875,1730.199951171875
2010-04-15 00:00:00+00:00,1722.300048828125,1722.5999755859375,1718.300048828125,1722.300048828125
2010-04-16 00:00:00+00:00,1690.800048828125,1720.0,1690.0999755859375,1690.800048828125
2010-04-19 00:00:00+00:00,1692.800048828125,1688.5,1674.5999755859375,1692.800048828125
2010-04-20 00:00:00+00:00,1718.0,1722.0,1715.300048828125,1718.0
2010-04-21 00:00:00+00:00,1737.0,1738.5,1737.0,1737.0
2010-04-22 00:00:00+00:00,1742.699951171875,1755.0,1723.4000244140625,1742.699951171875
2010-04-23 00:00:00+00:00,1740.199951171875,1742.300048828125,1734.699951171875,1740.199951171875
2010-04-26 00:00:00+00:00,1742.800048828125,1755.0,1742.0,1742.800048828125
2010-04-27 00:00:00+00:00,1718.699951171875,1734.4000244140625,1733.699951171875,1718.699951171875
2010-04-28 00:00:00+00:00,1711.4000244140625,1711.4000244140625,1711.4000244140625,1711.4000244140625
2010-04-29 00:00:00+00:00,1733.699951171875,1733.699951171875,1733.699951171875,1733.699951171875
2010-04-30 00:00:00+00:00,1745.0999755859375,1745.0999755859375,1745.0999755859375,1745.0999755859375
2010-05-03 00:00:00+00:00,1728.9000244140625,1728.9000244140625,1728.9000244140625,1728.9000244140625
2010-05-04 00:00:00+00:00,1685.800048828125,1685.800048828125,1685.800048828125,1685.800048828125
2010-05-05 00:00:00+00:00,1648.5999755859375,1648.5999755859375,1648.5999755859375,1648.5999755859375
2010-05-06 00:00:00+00:00,1665.5,1665.5,1665.5,1665.5
2010-05-07 00:00:00+00:00,1664.800048828125,1664.800048828125,1664.800048828125,1664.800048828125
2010-05-10 00:00:00+00:00,1691.5,1691.5,1691.5,1691.5
2010-05-11 00:00:00+00:00,1698.800048828125,1698.800048828125,1698.800048828125,1698.800048828125
2010-05-12 00:00:00+00:00,1745.300048828125,1745.300048828125,1745.300048828125,1745.300048828125
2010-05-13 00:00:00+00:00,1737.4000244140625,1737.4000244140625,1737.4000244140625,1737.4000244140625
2010-05-14 00:00:00+00:00,1713.4000244140625,1713.4000244140625,1713.4000244140625,1713.4000244140625
2010-05-17 00:00:00+00:00,1661.199951171875,1661.199951171875,1661.199951171875,1661.199951171875
2010-05-18 00:00:00+00:00,1688.5,1688.5,1688.5,1688.5
2010-05-19 00:00:00+00:00,1603.699951171875,1603.699951171875,1603.699951171875,1603.699951171875
2010-05-20 00:00:00+00:00,1493.800048828125,1493.800048828125,1493.800048828125,1493.800048828125
2010-05-21 00:00:00+00:00,1499.199951171875,1499.199951171875,1499.199951171875,1499.199951171875
2010-05-24 00:00:00+00:00,1532.5,1532.5,1532.5,1532.5
2010-05-25 00:00:00+00:00,1489.9000244140625,1489.9000244140625,1489.9000244140625,1489.9000244140625
2010-05-26 00:00:00+00:00,1528.300048828125,1528.300048828125,1528.300048828125,1528.300048828125
2010-05-27 00:00:00+00:00,1550.9000244140625,1546.0,1528.0,1550.9000244140625
2010-05-28 00:00:00+00:00,1547.4000244140625,1547.4000244140625,1547.4000244140625,1547.4000244140625
2010-06-01 00:00:00+00:00,1547.4000244140625,1547.4000244140625,1547.4000244140625,1547.4000244140625
2010-06-02 00:00:00+00:00,1548.4000244140625,1548.4000244140625,1548.4000244140625,1548.4000244140625
2010-06-03 00:00:00+00:00,1540.9000244140625,1540.9000244140625,1540.9000244140625,1540.9000244140625
2010-06-04 00:00:00+00:00,1523.300048828125,1540.9000244140625,1540.9000244140625,1523.300048828125
2010-06-07 00:00:00+00:00,1515.300048828125,1515.300048828125,1515.300048828125,1515.300048828125
2010-06-08 00:00:00+00:00,1526.800048828125,1526.800048828125,1526.800048828125,1526.800048828125
2010-06-09 00:00:00+00:00,1532.0,1532.0,1532.0,1532.0
2010-06-10 00:00:00+00:00,1534.199951171875,1534.199951171875,1534.199951171875,1534.199951171875
2010-06-11 00:00:00+00:00,1533.0,1533.0,1533.0,1533.0
2010-06-14 00:00:00+00:00,1561.4000244140625,1561.4000244140625,1561.4000244140625,1561.4000244140625
2010-06-15 00:00:00+00:00,1576.0,1576.0,1576.0,1576.0
2010-06-16 00:00:00+00:00,1567.5,1567.5,1567.5,1567.5
2010-06-17 00:00:00+00:00,1572.0,1570.0,1572.0,1572.0
2010-06-18 00:00:00+00:00,1587.0,1587.0,1587.0,1587.0
2010-06-21 00:00:00+00:00,1590.300048828125,1590.300048828125,1590.300048828125,1590.300048828125
2010-06-22 00:00:00+00:00,1593.0,1593.0,1593.0,1593.0
2010-06-23 00:00:00+00:00,1567.0,1618.0999755859375,1500.0,1567.0
2010-06-24 00:00:00+00:00,1561.5,1561.5,1561.5,1561.5
2010-06-25 00:00:00+00:00,1570.4000244140625,1570.4000244140625,1570.4000244140625,1570.4000244140625
2010-06-28 00:00:00+00:00,1565.5999755859375,1615.0,1615.0,1565.5999755859375
2010-06-29 00:00:00+00:00,1568.9000244140625,1569.699951171875,1532.5,1548.0999755859375
2010-06-30 00:00:00+00:00,1534.0,1541.0,1523.300048828125,1530.9000244140625
2010-07-01 00:00:00+00:00,1503.300048828125,1524.4000244140625,1496.5,1503.300048828125
2010-07-02 00:00:00+00:00,1499.199951171875,1515.199951171875,1499.0,1499.199951171875
2010-07-06 00:00:00+00:00,1506.0,1509.4000244140625,1493.300048828125,1513.800048828125
2010-07-07 00:00:00+00:00,1521.9000244140625,1519.300048828125,1506.0,1521.9000244140625
2010-07-08 00:00:00+00:00,1511.800048828125,1531.300048828125,1531.300048828125,1511.800048828125
2010-07-09 00:00:00+00:00,1529.0,1524.199951171875,1524.199951171875,1529.0
2010-07-12 00:00:00+00:00,1511.5,1511.5,1511.5,1511.5
2010-07-13 00:00:00+00:00,1531.5999755859375,1531.5999755859375,1531.5999755859375,1531.5999755859375
2010-07-14 00:00:00+00:00,1516.800048828125,1522.300048828125,1522.300048828125,1516.800048828125
2010-07-15 00:00:00+00:00,1529.9000244140625,1529.9000244140625,1529.9000244140625,1529.9000244140625
2010-07-16 00:00:00+00:00,1508.4000244140625,1508.4000244140625,1508.4000244140625,1508.4000244140625
2010-07-19 00:00:00+00:00,1509.4000244140625,1509.4000244140625,1509.4000244140625,1509.4000244140625
2010-07-20 00:00:00+00:00,1514.300048828125,1508.0,1500.9000244140625,1514.300048828125
2010-07-21 00:00:00+00:00,1524.800048828125,1524.800048828125,1524.800048828125,1524.800048828125
2010-07-22 00:00:00+00:00,1525.4000244140625,1527.300048828125,1513.0,1525.4000244140625
2010-07-23 00:00:00+00:00,1538.699951171875,1538.699951171875,1538.699951171875,1538.699951171875
2010-07-26 00:00:00+00:00,1552.699951171875,1552.699951171875,1552.699951171875,1552.699951171875
2010-07-27 00:00:00+00:00,1557.4000244140625,1557.699951171875,1531.300048828125,1534.5
2010-07-28 00:00:00+00:00,1539.5,1539.5,1539.5,1539.5
2010-07-29 00:00:00+00:00,1563.4000244140625,1565.0,1542.5999755859375,1563.4000244140625
2010-07-30 00:00:00+00:00,1576.800048828125,1574.800048828125,1550.9000244140625,1576.800048828125
2010-08-02 00:00:00+00:00,1576.800048828125,1592.800048828125,1592.800048828125,1576.800048828125
2010-08-03 00:00:00+00:00,1587.0999755859375,1587.0999755859375,1587.0999755859375,1587.0999755859375
2010-08-04 00:00:00+00:00,1586.199951171875,1586.199951171875,1586.199951171875,1586.199951171875
2010-08-05 00:00:00+00:00,1572.5,1572.5,1572.5,1572.5
2010-08-06 00:00:00+00:00,1570.800048828125,1585.300048828125,1568.699951171875,1570.800048828125
2010-08-09 00:00:00+00:00,1542.9000244140625,1542.9000244140625,1542.9000244140625,1542.9000244140625
2010-08-10 00:00:00+00:00,1537.0,1537.0,1537.0,1537.0
2010-08-11 00:00:00+00:00,1537.0,1537.0,1537.0,1537.0
2010-08-12 00:00:00+00:00,1538.0999755859375,1538.0999755859375,1538.0999755859375,1538.0999755859375
2010-08-13 00:00:00+00:00,1526.199951171875,1526.199951171875,1526.199951171875,1526.199951171875
2010-08-16 00:00:00+00:00,1537.300048828125,1537.300048828125,1537.300048828125,1537.300048828125
2010-08-17 00:00:00+00:00,1546.5999755859375,1546.5999755859375,1546.5999755859375,1546.5999755859375
2010-08-18 00:00:00+00:00,1536.5,1536.5,1536.5,1536.5
2010-08-19 00:00:00+00:00,1527.5,1527.5,1527.5,1527.5
2010-08-20 00:00:00+00:00,1513.9000244140625,1513.9000244140625,1513.9000244140625,1513.9000244140625
2010-08-23 00:00:00+00:00,1508.5999755859375,1508.5999755859375,1508.5999755859375,1508.5999755859375
2010-08-24 00:00:00+00:00,1517.699951171875,1517.699951171875,1517.699951171875,1517.699951171875
2010-08-25 00:00:00+00:00,1527.4000244140625,1527.4000244140625,1527.4000244140625,1527.4000244140625
2010-08-26 00:00:00+00:00,1539.9000244140625,1539.9000244140625,1539.9000244140625,1539.9000244140625
2010-08-27 00:00:00+00:00,1537.0,1537.0,1537.0,1537.0
2010-08-30 00:00:00+00:00,1533.0999755859375,1533.0999755859375,1533.0999755859375,1533.0999755859375
2010-08-31 00:00:00+00:00,1523.5,1523.5,1523.5,1523.5
2010-09-01 00:00:00+00:00,1535.699951171875,1535.699951171875,1535.699951171875,1535.699951171875
2010-09-02 00:00:00+00:00,1551.5,1551.5,1551.5,1551.5
2010-09-03 00:00:00+00:00,1561.0999755859375,1561.0999755859375,1561.0999755859375,1561.0999755859375
2010-09-07 00:00:00+00:00,1555.300048828125,1555.300048828125,1555.300048828125,1556.300048828125
2010-09-08 00:00:00+00:00,1562.199951171875,1562.199951171875,1562.199951171875,1562.199951171875
2010-09-09 00:00:00+00:00,1553.300048828125,1553.300048828125,1553.300048828125,1553.300048828125
2010-09-10 00:00:00+00:00,1542.5,1542.5,1542.5,1542.5
2010-09-13 00:00:00+00:00,1549.9000244140625,1549.9000244140625,1549.9000244140625,1549.9000244140625
2010-09-14 00:00:00+00:00,1594.4000244140625,1594.4000244140625,1594.4000244140625,1594.4000244140625
2010-09-15 00:00:00+00:00,1604.5,1604.5,1604.5,1605.300048828125
2010-09-16 00:00:00+00:00,1611.9000244140625,1611.9000244140625,1611.9000244140625,1611.9000244140625
2010-09-17 00:00:00+00:00,1621.9000244140625,1621.9000244140625,1621.9000244140625,1621.9000244140625
2010-09-20 00:00:00+00:00,1632.0,1632.0,1632.0,1632.0
2010-09-21 00:00:00+00:00,1612.4000244140625,1612.4000244140625,1612.4000244140625,1612.4000244140625
2010-09-22 00:00:00+00:00,1632.9000244140625,1632.9000244140625,1632.9000244140625,1632.9000244140625
2010-09-23 00:00:00+00:00,1650.199951171875,1650.199951171875,1650.199951171875,1645.9000244140625
2010-09-24 00:00:00+00:00,1639.800048828125,1639.800048828125,1639.800048828125,1639.800048828125
2010-09-27 00:00:00+00:00,1630.0999755859375,1630.0999755859375,1630.0999755859375,1630.0999755859375
2010-09-28 00:00:00+00:00,1635.699951171875,1635.699951171875,1635.699951171875,1635.699951171875
2010-09-29 00:00:00+00:00,1636.0,1651.300048828125,1635.0,1649.4000244140625
2010-09-30 00:00:00+00:00,1642.699951171875,1659.9000244140625,1636.9000244140625,1652.0
2010-10-01 00:00:00+00:00,1658.5999755859375,1681.0,1658.5999755859375,1675.9000244140625
2010-10-04 00:00:00+00:00,1668.199951171875,1671.5999755859375,1667.4000244140625,1667.699951171875
2010-10-05 00:00:00+00:00,1681.699951171875,1696.9000244140625,1666.699951171875,1695.5
2010-10-06 00:00:00+00:00,1697.0,1707.0999755859375,1697.0,1707.0
2010-10-07 00:00:00+00:00,1712.800048828125,1714.9000244140625,1693.0,1700.0
2010-10-08 00:00:00+00:00,1698.0,1698.5,1680.0,1704.199951171875
2010-10-11 00:00:00+00:00,1686.5999755859375,1686.5999755859375,1686.5999755859375,1686.5999755859375
2010-10-12 00:00:00+00:00,1679.800048828125,1683.699951171875,1678.0999755859375,1678.300048828125
2010-10-13 00:00:00+00:00,1679.800048828125,1690.0,1678.0999755859375,1702.4000244140625
2010-10-14 00:00:00+00:00,1713.5999755859375,1713.5999755859375,1713.5999755859375,1708.300048828125
2010-10-15 00:00:00+00:00,1694.9000244140625,1695.0,1694.300048828125,1691.0999755859375
2010-10-18 00:00:00+00:00,1695.0999755859375,1700.0,1678.9000244140625,1693.0
2010-10-19 00:00:00+00:00,1695.0999755859375,1697.800048828125,1690.5999755859375,1673.5999755859375
2010-10-20 00:00:00+00:00,1683.300048828125,1683.300048828125,1666.5,1683.300048828125
2010-10-21 00:00:00+00:00,1669.4000244140625,1686.300048828125,1678.699951171875,1669.4000244140625
2010-10-22 00:00:00+00:00,1671.0999755859375,1671.0999755859375,1669.199951171875,1671.0999755859375
2010-10-25 00:00:00+00:00,1693.0,1685.300048828125,1693.0,1693.0
2010-10-26 00:00:00+00:00,1693.5,1703.199951171875,1691.0,1702.0
2010-10-27 00:00:00+00:00,1693.5,1710.199951171875,1691.0,1676.0999755859375
2010-10-28 00:00:00+00:00,1690.0,1690.0,1690.0,1690.0
2010-10-29 00:00:00+00:00,1705.0999755859375,1705.0999755859375,1705.0999755859375,1705.0999755859375
2010-11-01 00:00:00+00:00,1725.0,1725.0,1725.0,1712.5
2010-11-02 00:00:00+00:00,1720.0999755859375,1720.0999755859375,1720.0999755859375,1720.0999755859375
2010-11-03 00:00:00+00:00,1698.199951171875,1698.199951171875,1698.199951171875,1698.199951171875
2010-11-04 00:00:00+00:00,1756.9000244140625,1756.9000244140625,1756.9000244140625,1756.9000244140625
2010-11-05 00:00:00+00:00,1769.9000244140625,1769.9000244140625,1769.9000244140625,1769.9000244140625
2010-11-08 00:00:00+00:00,1766.0999755859375,1766.0999755859375,1766.0999755859375,1766.0999755859375
2010-11-09 00:00:00+00:00,1804.5999755859375,1804.5999755859375,1804.5999755859375,1804.5999755859375
2010-11-10 00:00:00+00:00,1737.9000244140625,1737.9000244140625,1737.9000244140625,1737.9000244140625
2010-11-11 00:00:00+00:00,1745.800048828125,1745.800048828125,1745.800048828125,1745.800048828125
2010-11-12 00:00:00+00:00,1684.5999755859375,1684.5999755859375,1684.5999755859375,1684.5999755859375
2010-11-15 00:00:00+00:00,1685.800048828125,1685.800048828125,1685.800048828125,1685.699951171875
2010-11-16 00:00:00+00:00,1645.699951171875,1645.699951171875,1645.699951171875,1645.699951171875
2010-11-17 00:00:00+00:00,1640.9000244140625,1640.9000244140625,1640.9000244140625,1640.9000244140625
2010-11-18 00:00:00+00:00,1663.9000244140625,1663.9000244140625,1663.9000244140625,1663.9000244140625
2010-11-19 00:00:00+00:00,1671.0999755859375,1671.0999755859375,1671.0999755859375,1671.0999755859375
2010-11-22 00:00:00+00:00,1655.5,1655.5,1655.5,1655.5
2010-11-23 00:00:00+00:00,1657.699951171875,1657.699951171875,1657.699951171875,1657.699951171875
2010-11-24 00:00:00+00:00,1658.4000244140625,1658.4000244140625,1658.4000244140625,1658.4000244140625
2010-11-26 00:00:00+00:00,1645.199951171875,1645.199951171875,1645.199951171875,1645.199951171875
2010-11-29 00:00:00+00:00,1628.5999755859375,1620.0999755859375,1620.0,1628.5999755859375
2010-11-30 00:00:00+00:00,1628.5999755859375,1620.0999755859375,1620.0,1650.4000244140625
2010-12-01 00:00:00+00:00,1668.0,1668.0,1668.0,1668.0
2010-12-02 00:00:00+00:00,1697.0999755859375,1697.0999755859375,1697.0999755859375,1697.0999755859375
2010-12-03 00:00:00+00:00,1718.5,1718.5,1718.5,1718.5
2010-12-06 00:00:00+00:00,1716.5999755859375,1716.5999755859375,1716.5999755859375,1703.5999755859375
2010-12-07 00:00:00+00:00,1695.199951171875,1695.199951171875,1695.199951171875,1695.199951171875
2010-12-08 00:00:00+00:00,1676.4000244140625,1676.4000244140625,1676.4000244140625,1676.4000244140625
2010-12-09 00:00:00+00:00,1673.9000244140625,1673.9000244140625,1673.9000244140625,1673.9000244140625
2010-12-10 00:00:00+00:00,1670.300048828125,1670.300048828125,1670.300048828125,1670.300048828125
2010-12-13 00:00:00+00:00,1694.800048828125,1694.800048828125,1694.800048828125,1694.800048828125
2010-12-14 00:00:00+00:00,1711.4000244140625,1711.4000244140625,1711.4000244140625,1711.4000244140625
2010-12-15 00:00:00+00:00,1701.9000244140625,1701.9000244140625,1701.9000244140625,1701.9000244140625
2010-12-16 00:00:00+00:00,1696.0999755859375,1696.0999755859375,1696.0999755859375,1696.0999755859375
2010-12-17 00:00:00+00:00,1698.5,1698.5,1698.5,1698.5
2010-12-20 00:00:00+00:00,1710.699951171875,1710.699951171875,1710.699951171875,1710.699951171875
2010-12-21 00:00:00+00:00,1721.9000244140625,1721.9000244140625,1721.9000244140625,1721.9000244140625
2010-12-22 00:00:00+00:00,1730.9000244140625,1730.9000244140625,1730.9000244140625,1730.9000244140625
2010-12-23 00:00:00+00:00,1723.0999755859375,1723.0999755859375,1723.0999755859375,1723.0999755859375
2010-12-27 00:00:00+00:00,1735.5,1735.5,1735.5,1735.5
2010-12-28 00:00:00+00:00,1751.699951171875,1751.699951171875,1751.699951171875,1751.699951171875
2010-12-29 00:00:00+00:00,1754.199951171875,1754.199951171875,1754.199951171875,1754.199951171875
2010-12-30 00:00:00+00:00,1761.0,1770.0,1738.9000244140625,1744.300048828125
2010-12-31 00:00:00+00:00,1749.300048828125,1774.0,1723.199951171875,1773.300048828125
2011-01-03 00:00:00+00:00,1774.0,1784.4000244140625,1774.0,1781.0999755859375
2011-01-04 00:00:00+00:00,1767.800048828125,1769.300048828125,1738.199951171875,1743.0999755859375
2011-01-05 00:00:00+00:00,1733.800048828125,1734.0,1715.0,1730.300048828125
2011-01-06 00:00:00+00:00,1731.300048828125,1735.0,1731.300048828125,1732.699951171875
2011-01-07 00:00:00+00:00,1728.0,1740.300048828125,1717.800048828125,1735.0999755859375
2011-01-10 00:00:00+00:00,1747.5999755859375,1748.0,1739.0999755859375,1743.0
2011-01-11 00:00:00+00:00,1747.5,1770.699951171875,1747.5,1767.5999755859375
2011-01-12 00:00:00+00:00,1774.0,1802.300048828125,1774.0,1797.9000244140625
2011-01-13 00:00:00+00:00,1816.699951171875,1816.699951171875,1808.0,1818.5999755859375
2011-01-14 00:00:00+00:00,1808.0,1813.800048828125,1808.0,1813.4000244140625
2011-01-18 00:00:00+00:00,1810.0,1822.300048828125,1807.5,1823.5
2011-01-19 00:00:00+00:00,1845.800048828125,1845.800048828125,1845.800048828125,1833.300048828125
2011-01-20 00:00:00+00:00,1828.300048828125,1828.300048828125,1805.199951171875,1813.699951171875
2011-01-21 00:00:00+00:00,1814.0,1814.0,1812.5,1818.800048828125
2011-01-24 00:00:00+00:00,1814.5999755859375,1817.800048828125,1817.800048828125,1814.5999755859375
2011-01-25 00:00:00+00:00,1798.5,1798.5,1787.0,1784.199951171875
2011-01-26 00:00:00+00:00,1793.800048828125,1793.800048828125,1793.800048828125,1793.800048828125
2011-01-27 00:00:00+00:00,1800.0999755859375,1800.0999755859375,1800.0999755859375,1800.0999755859375
2011-01-28 00:00:00+00:00,1801.5999755859375,1801.5999755859375,1801.5999755859375,1801.5999755859375
2011-01-31 00:00:00+00:00,1797.5,1797.5,1797.5,1797.5
2011-02-01 00:00:00+00:00,1829.5999755859375,1829.5999755859375,1829.5999755859375,1829.5999755859375
2011-02-02 00:00:00+00:00,1825.199951171875,1825.199951171875,1825.199951171875,1825.199951171875
2011-02-03 00:00:00+00:00,1840.699951171875,1840.699951171875,1840.699951171875,1840.699951171875
2011-02-04 00:00:00+00:00,1842.4000244140625,1842.4000244140625,1842.4000244140625,1842.4000244140625
2011-02-07 00:00:00+00:00,1840.800048828125,1840.800048828125,1840.800048828125,1840.800048828125
2011-02-08 00:00:00+00:00,1858.5,1858.5,1858.5,1858.5
2011-02-09 00:00:00+00:00,1856.0,1856.0,1856.0,1856.0
2011-02-10 00:00:00+00:00,1827.4000244140625,1827.4000244140625,1827.4000244140625,1827.4000244140625
2011-02-11 00:00:00+00:00,1810.0999755859375,1810.0999755859375,1810.0999755859375,1810.0999755859375
2011-02-14 00:00:00+00:00,1826.5999755859375,1826.5999755859375,1826.5999755859375,1826.5999755859375
2011-02-15 00:00:00+00:00,1830.5999755859375,1830.5999755859375,1830.5999755859375,1830.5999755859375
2011-02-16 00:00:00+00:00,1833.300048828125,1833.300048828125,1833.300048828125,1833.300048828125
2011-02-17 00:00:00+00:00,1843.0,1843.0,1843.0,1843.0
2011-02-18 00:00:00+00:00,1843.300048828125,1843.300048828125,1843.300048828125,1843.300048828125
2011-02-22 00:00:00+00:00,1787.300048828125,1787.300048828125,1787.300048828125,1787.300048828125
2011-02-23 00:00:00+00:00,1783.199951171875,1783.199951171875,1783.199951171875,1783.199951171875
2011-02-24 00:00:00+00:00,1786.800048828125,1786.800048828125,1786.800048828125,1786.800048828125
2011-02-25 00:00:00+00:00,1787.0,1787.0,1787.0,1803.4000244140625
2011-02-28 00:00:00+00:00,1803.4000244140625,1803.4000244140625,1803.4000244140625,1809.199951171875
2011-03-01 00:00:00+00:00,1845.0999755859375,1845.0999755859375,1845.0999755859375,1845.0999755859375
2011-03-02 00:00:00+00:00,1859.300048828125,1859.300048828125,1859.300048828125,1859.300048828125
2011-03-03 00:00:00+00:00,1833.0,1833.0,1831.699951171875,1833.0
2011-03-04 00:00:00+00:00,1837.9000244140625,1837.9000244140625,1837.9000244140625,1837.9000244140625
2011-03-07 00:00:00+00:00,1820.4000244140625,1820.4000244140625,1820.4000244140625,1820.4000244140625
2011-03-08 00:00:00+00:00,1802.5999755859375,1802.5999755859375,1802.5999755859375,1802.5999755859375
2011-03-09 00:00:00+00:00,1802.0,1802.0,1802.0,1802.0
2011-03-10 00:00:00+00:00,1765.5999755859375,1765.5999755859375,1765.5999755859375,1765.5999755859375
2011-03-11 00:00:00+00:00,1781.699951171875,1781.699951171875,1781.699951171875,1781.699951171875
2011-03-14 00:00:00+00:00,1752.300048828125,1752.300048828125,1752.300048828125,1752.300048828125
2011-03-15 00:00:00+00:00,1705.5999755859375,1705.5999755859375,1723.199951171875,1705.5999755859375
2011-03-16 00:00:00+00:00,1700.5,1700.5,1700.5,1700.5
2011-03-17 00:00:00+00:00,1706.9000244140625,1706.9000244140625,1706.9000244140625,1706.9000244140625
2011-03-18 00:00:00+00:00,1723.4000244140625,1723.4000244140625,1723.4000244140625,1723.4000244140625
2011-03-21 00:00:00+00:00,1744.9000244140625,1744.9000244140625,1744.9000244140625,1744.9000244140625
2011-03-22 00:00:00+00:00,1739.4000244140625,1739.4000244140625,1739.4000244140625,1739.4000244140625
2011-03-23 00:00:00+00:00,1760.0,1760.0,1760.0,1760.0
2011-03-24 00:00:00+00:00,1760.0,1760.0,1760.0,1760.0
2011-03-25 00:00:00+00:00,1745.5999755859375,1745.5999755859375,1745.5999755859375,1745.5999755859375
2011-03-28 00:00:00+00:00,1747.800048828125,1747.800048828125,1747.800048828125,1747.800048828125
2011-03-29 00:00:00+00:00,1740.5999755859375,1740.5999755859375,1740.5999755859375,1740.5999755859375
2011-03-30 00:00:00+00:00,1742.800048828125,1775.0,1741.0,1771.4000244140625
2011-03-31 00:00:00+00:00,1762.5999755859375,1784.9000244140625,1762.4000244140625,1779.300048828125
2011-04-01 00:00:00+00:00,1774.699951171875,1782.0,1755.0,1774.9000244140625
2011-04-04 00:00:00+00:00,1781.0,1785.0999755859375,1775.5999755859375,1783.4000244140625
2011-04-05 00:00:00+00:00,1791.5,1797.5,1787.0,1796.800048828125
2011-04-06 00:00:00+00:00,1803.699951171875,1808.5,1803.699951171875,1797.800048828125
2011-04-07 00:00:00+00:00,1786.9000244140625,1786.9000244140625,1781.300048828125,1790.5999755859375
2011-04-08 00:00:00+00:00,1790.0999755859375,1810.0,1790.0999755859375,1812.0999755859375
2011-04-11 00:00:00+00:00,1799.5,1799.5,1799.5,1799.5
2011-04-12 00:00:00+00:00,1786.0,1787.0,1776.9000244140625,1778.800048828125
2011-04-13 00:00:00+00:00,1786.0,1787.0,1779.0,1781.699951171875
2011-04-14 00:00:00+00:00,1778.5,1798.5,1776.0,1798.5999755859375
2011-04-15 00:00:00+00:00,1799.0,1799.0,1796.4000244140625,1797.800048828125
2011-04-18 00:00:00+00:00,1785.800048828125,1785.800048828125,1785.800048828125,1785.800048828125
2011-04-19 00:00:00+00:00,1782.5999755859375,1782.5999755859375,1782.5999755859375,1782.5999755859375
2011-04-20 00:00:00+00:00,1801.0999755859375,1820.0999755859375,1791.5999755859375,1816.300048828125
2011-04-21 00:00:00+00:00,1827.9000244140625,1832.9000244140625,1827.9000244140625,1833.699951171875
2011-04-25 00:00:00+00:00,1847.0,1847.0,1839.0,1835.0999755859375
2011-04-26 00:00:00+00:00,1831.5,1831.5,1831.5,1812.4000244140625
2011-04-27 00:00:00+00:00,1825.199951171875,1825.199951171875,1825.199951171875,1825.199951171875
2011-04-28 00:00:00+00:00,1845.9000244140625,1845.9000244140625,1845.9000244140625,1845.9000244140625
2011-04-29 00:00:00+00:00,1845.9000244140625,1845.9000244140625,1845.9000244140625,1871.5
2011-05-02 00:00:00+00:00,1877.699951171875,1877.699951171875,1877.699951171875,1877.699951171875
2011-05-03 00:00:00+00:00,1862.5,1862.5,1862.5,1862.5
2011-05-04 00:00:00+00:00,1827.300048828125,1827.300048828125,1827.300048828125,1827.300048828125
2011-05-05 00:00:00+00:00,1779.199951171875,1779.199951171875,1779.199951171875,1779.199951171875
2011-05-06 00:00:00+00:00,1787.4000244140625,1787.4000244140625,1787.4000244140625,1787.4000244140625
2011-05-09 00:00:00+00:00,1796.0999755859375,1796.0999755859375,1796.0999755859375,1796.0999755859375
2011-05-10 00:00:00+00:00,1800.9000244140625,1800.9000244140625,1800.9000244140625,1800.9000244140625
2011-05-11 00:00:00+00:00,1777.800048828125,1777.800048828125,1777.800048828125,1777.800048828125
2011-05-12 00:00:00+00:00,1772.5,1772.5,1772.5,1772.5
2011-05-13 00:00:00+00:00,1770.800048828125,1770.800048828125,1770.800048828125,1770.800048828125
2011-05-16 00:00:00+00:00,1763.0,1763.0,1763.0,1763.0
2011-05-17 00:00:00+00:00,1764.0,1764.0,1764.0,1764.0
2011-05-18 00:00:00+00:00,1782.9000244140625,1782.9000244140625,1782.9000244140625,1782.9000244140625
2011-05-19 00:00:00+00:00,1772.0,1768.0999755859375,1768.0999755859375,1772.0
2011-05-20 00:00:00+00:00,1798.199951171875,1798.199951171875,1798.199951171875,1772.4000244140625
2011-05-23 00:00:00+00:00,1758.9000244140625,1758.9000244140625,1758.9000244140625,1758.9000244140625
2011-05-24 00:00:00+00:00,1765.5,1765.5,1765.5,1765.5
2011-05-25 00:00:00+00:00,1779.800048828125,1779.800048828125,1779.800048828125,1779.800048828125
2011-05-26 00:00:00+00:00,1778.0999755859375,1778.0999755859375,1778.0999755859375,1778.0999755859375
2011-05-27 00:00:00+00:00,1800.0,1800.0,1800.0,1800.0
2011-05-31 00:00:00+00:00,1834.0,1834.0,1834.0,1834.0
2011-06-01 00:00:00+00:00,1823.9000244140625,1823.9000244140625,1823.9000244140625,1823.9000244140625
2011-06-02 00:00:00+00:00,1817.800048828125,1817.800048828125,1817.800048828125,1817.800048828125
2011-06-03 00:00:00+00:00,1823.699951171875,1823.699951171875,1823.699951171875,1823.699951171875
2011-06-06 00:00:00+00:00,1821.199951171875,1821.199951171875,1821.199951171875,1821.199951171875
2011-06-07 00:00:00+00:00,1830.699951171875,1830.699951171875,1830.699951171875,1830.699951171875
2011-06-08 00:00:00+00:00,1831.199951171875,1831.199951171875,1831.199951171875,1831.199951171875
2011-06-09 00:00:00+00:00,1825.699951171875,1825.699951171875,1818.5,1844.699951171875
2011-06-10 00:00:00+00:00,1833.0,1833.0,1833.0,1833.0
2011-06-13 00:00:00+00:00,1806.800048828125,1806.800048828125,1806.800048828125,1806.800048828125
2011-06-14 00:00:00+00:00,1794.9000244140625,1794.9000244140625,1794.9000244140625,1794.9000244140625
2011-06-15 00:00:00+00:00,1774.199951171875,1774.199951171875,1774.199951171875,1774.199951171875
2011-06-16 00:00:00+00:00,1760.699951171875,1760.699951171875,1760.699951171875,1760.699951171875
2011-06-17 00:00:00+00:00,1770.5999755859375,1781.0,1770.5999755859375,1752.0999755859375
2011-06-20 00:00:00+00:00,1730.5,1730.5,1730.5,1730.5
2011-06-21 00:00:00+00:00,1747.199951171875,1747.199951171875,1747.199951171875,1747.199951171875
2011-06-22 00:00:00+00:00,1752.4000244140625,1752.4000244140625,1752.4000244140625,1752.4000244140625
2011-06-23 00:00:00+00:00,1694.5,1694.5,1694.5,1694.5
2011-06-24 00:00:00+00:00,1677.5999755859375,1677.5999755859375,1677.5999755859375,1677.5999755859375
2011-06-27 00:00:00+00:00,1673.0,1673.0,1673.0,1673.0
2011-06-28 00:00:00+00:00,1691.699951171875,1691.699951171875,1691.699951171875,1691.699951171875
2011-06-29 00:00:00+00:00,1702.0,1731.800048828125,1694.5,1723.800048828125
2011-06-30 00:00:00+00:00,1724.0999755859375,1730.300048828125,1719.5999755859375,1724.800048828125
2011-07-01 00:00:00+00:00,1712.699951171875,1721.0,1705.0,1716.800048828125
2011-07-05 00:00:00+00:00,1739.800048828125,1741.699951171875,1715.199951171875,1742.5999755859375
2011-07-06 00:00:00+00:00,1740.0,1742.5,1729.0,1733.4000244140625
2011-07-07 00:00:00+00:00,1735.5999755859375,1736.5,1725.800048828125,1741.0
2011-07-08 00:00:00+00:00,1747.199951171875,1750.699951171875,1747.0999755859375,1731.4000244140625
2011-07-11 00:00:00+00:00,1728.9000244140625,1730.699951171875,1726.5999755859375,1726.0
2011-07-12 00:00:00+00:00,1719.0999755859375,1727.0,1717.699951171875,1734.4000244140625
2011-07-13 00:00:00+00:00,1770.0999755859375,1770.4000244140625,1760.0,1767.0
2011-07-14 00:00:00+00:00,1774.5,1774.5,1774.5,1774.300048828125
2011-07-15 00:00:00+00:00,1770.4000244140625,1770.4000244140625,1758.0999755859375,1755.0
2011-07-18 00:00:00+00:00,1762.0,1769.300048828125,1762.0,1774.4000244140625
2011-07-19 00:00:00+00:00,1775.300048828125,1775.300048828125,1775.300048828125,1775.300048828125
2011-07-20 00:00:00+00:00,1772.4000244140625,1772.4000244140625,1766.800048828125,1775.0
2011-07-21 00:00:00+00:00,1786.699951171875,1779.0,1786.699951171875,1786.699951171875
2011-07-22 00:00:00+00:00,1792.0,1798.0,1792.0,1797.300048828125
2011-07-25 00:00:00+00:00,1794.0999755859375,1794.0999755859375,1794.0999755859375,1792.9000244140625
2011-07-26 00:00:00+00:00,1806.0999755859375,1806.0999755859375,1806.0999755859375,1806.0999755859375
2011-07-27 00:00:00+00:00,1806.9000244140625,1810.4000244140625,1806.9000244140625,1806.9000244140625
2011-07-28 00:00:00+00:00,1792.4000244140625,1792.4000244140625,1792.4000244140625,1792.4000244140625
2011-07-29 00:00:00+00:00,1785.300048828125,1785.300048828125,1785.300048828125,1785.300048828125
2011-08-01 00:00:00+00:00,1794.5999755859375,1794.5999755859375,1794.5999755859375,1794.5999755859375
2011-08-02 00:00:00+00:00,1793.5,1793.5,1793.5,1793.5
2011-08-03 00:00:00+00:00,1785.0,1785.0,1785.0,1785.0
2011-08-04 00:00:00+00:00,1729.4000244140625,1729.4000244140625,1729.4000244140625,1729.4000244140625
2011-08-05 00:00:00+00:00,1702.0,1702.0,1702.0,1719.0999755859375
2011-08-08 00:00:00+00:00,1723.5999755859375,1723.5999755859375,1723.5999755859375,1723.5999755859375
2011-08-09 00:00:00+00:00,1756.4000244140625,1756.4000244140625,1756.4000244140625,1756.4000244140625
2011-08-10 00:00:00+00:00,1771.699951171875,1771.699951171875,1771.699951171875,1771.699951171875
2011-08-11 00:00:00+00:00,1792.4000244140625,1792.4000244140625,1792.4000244140625,1792.4000244140625
2011-08-12 00:00:00+00:00,1976.699951171875,1976.699951171875,1976.699951171875,1796.699951171875
2011-08-15 00:00:00+00:00,1797.199951171875,1797.199951171875,1797.199951171875,1797.199951171875
2011-08-16 00:00:00+00:00,1818.0999755859375,1818.0999755859375,1818.0999755859375,1818.0999755859375
2011-08-17 00:00:00+00:00,1840.800048828125,1840.800048828125,1840.800048828125,1840.800048828125
2011-08-18 00:00:00+00:00,1847.699951171875,1847.699951171875,1840.0,1847.699951171875
2011-08-19 00:00:00+00:00,1874.9000244140625,1874.9000244140625,1874.9000244140625,1874.9000244140625
2011-08-22 00:00:00+00:00,1905.699951171875,1905.699951171875,1905.699951171875,1905.699951171875
2011-08-23 00:00:00+00:00,1880.0999755859375,1880.0999755859375,1880.0999755859375,1880.0999755859375
2011-08-24 00:00:00+00:00,1826.300048828125,1826.300048828125,1826.300048828125,1826.300048828125
2011-08-25 00:00:00+00:00,1822.4000244140625,1822.4000244140625,1822.4000244140625,1822.4000244140625
2011-08-26 00:00:00+00:00,1826.9000244140625,1826.9000244140625,1826.9000244140625,1826.9000244140625
2011-08-29 00:00:00+00:00,1825.0,1825.0,1825.0,1825.0
2011-08-30 00:00:00+00:00,1825.0,1810.0,1810.0,1853.0999755859375
2011-08-31 00:00:00+00:00,1856.199951171875,1856.199951171875,1856.199951171875,1856.199951171875
2011-09-01 00:00:00+00:00,1852.9000244140625,1852.9000244140625,1852.9000244140625,1852.9000244140625
2011-09-02 00:00:00+00:00,1884.800048828125,1884.800048828125,1884.800048828125,1884.800048828125
2011-09-06 00:00:00+00:00,1858.199951171875,1858.199951171875,1858.199951171875,1858.199951171875
2011-09-07 00:00:00+00:00,1828.699951171875,1828.699951171875,1828.699951171875,1828.699951171875
2011-09-08 00:00:00+00:00,1854.5,1854.5,1854.5,1854.5
2011-09-09 00:00:00+00:00,1837.9000244140625,1837.9000244140625,1837.9000244140625,1837.9000244140625
2011-09-12 00:00:00+00:00,1809.4000244140625,1809.4000244140625,1809.4000244140625,1809.4000244140625
2011-09-13 00:00:00+00:00,1813.5,1813.5,1813.5,1813.5
2011-09-14 00:00:00+00:00,1815.9000244140625,1815.9000244140625,1815.9000244140625,1815.9000244140625
2011-09-15 00:00:00+00:00,1780.5999755859375,1780.5999755859375,1780.5999755859375,1780.5999755859375
2011-09-16 00:00:00+00:00,1818.0999755859375,1818.0999755859375,1818.0999755859375,1813.9000244140625
2011-09-19 00:00:00+00:00,1772.0,1772.0,1772.0,1772.0
2011-09-20 00:00:00+00:00,1781.9000244140625,1781.9000244140625,1781.9000244140625,1781.9000244140625
2011-09-21 00:00:00+00:00,1788.199951171875,1788.199951171875,1788.199951171875,1788.199951171875
2011-09-22 00:00:00+00:00,1710.5999755859375,1710.5999755859375,1710.5999755859375,1710.5999755859375
2011-09-23 00:00:00+00:00,1613.199951171875,1613.199951171875,1613.199951171875,1613.199951171875
2011-09-26 00:00:00+00:00,1546.9000244140625,1546.9000244140625,1546.9000244140625,1546.9000244140625
2011-09-27 00:00:00+00:00,1574.0,1574.0,1574.0,1574.0
2011-09-28 00:00:00+00:00,1534.199951171875,1534.199951171875,1534.199951171875,1534.199951171875
2011-09-29 00:00:00+00:00,1529.5,1554.0999755859375,1508.199951171875,1528.300048828125
2011-09-30 00:00:00+00:00,1522.5,1540.800048828125,1500.0999755859375,1519.4000244140625
2011-10-03 00:00:00+00:00,1518.300048828125,1530.5,1495.0,1512.300048828125
2011-10-04 00:00:00+00:00,1507.0,1507.0,1445.0,1461.9000244140625
2011-10-05 00:00:00+00:00,1455.0999755859375,1480.800048828125,1440.0,1478.0
2011-10-06 00:00:00+00:00,1507.300048828125,1518.0,1498.0,1503.800048828125
2011-10-07 00:00:00+00:00,1531.699951171875,1532.0,1494.4000244140625,1489.0
2011-10-10 00:00:00+00:00,1514.9000244140625,1520.5999755859375,1511.4000244140625,1520.5999755859375
2011-10-11 00:00:00+00:00,1510.5999755859375,1514.5,1510.5999755859375,1515.199951171875
2011-10-12 00:00:00+00:00,1526.800048828125,1544.5,1526.800048828125,1550.5
2011-10-13 00:00:00+00:00,1528.5,1528.5,1528.5,1528.5
2011-10-14 00:00:00+00:00,1549.300048828125,1549.300048828125,1549.300048828125,1549.5
2011-10-17 00:00:00+00:00,1547.300048828125,1548.800048828125,1548.800048828125,1547.300048828125
2011-10-18 00:00:00+00:00,1536.699951171875,1536.699951171875,1536.699951171875,1536.699951171875
2011-10-19 00:00:00+00:00,1519.0999755859375,1519.0999755859375,1519.0999755859375,1519.0999755859375
2011-10-20 00:00:00+00:00,1499.4000244140625,1499.4000244140625,1480.5,1486.9000244140625
2011-10-21 00:00:00+00:00,1493.0,1508.0999755859375,1493.0,1503.699951171875
2011-10-24 00:00:00+00:00,1539.300048828125,1539.300048828125,1539.300048828125,1538.699951171875
2011-10-25 00:00:00+00:00,1543.800048828125,1543.800048828125,1543.800048828125,1565.5
2011-10-26 00:00:00+00:00,1594.4000244140625,1594.4000244140625,1588.800048828125,1594.0999755859375
2011-10-27 00:00:00+00:00,1595.0,1616.4000244140625,1595.0,1637.5999755859375
2011-10-28 00:00:00+00:00,1641.800048828125,1641.800048828125,1641.800048828125,1641.800048828125
2011-10-31 00:00:00+00:00,1597.5999755859375,1597.5999755859375,1597.5999755859375,1597.5999755859375
2011-11-01 00:00:00+00:00,1572.0,1572.0,1572.0,1578.800048828125
2011-11-02 00:00:00+00:00,1598.300048828125,1598.300048828125,1598.300048828125,1598.300048828125
2011-11-03 00:00:00+00:00,1644.5999755859375,1644.5999755859375,1644.5999755859375,1644.5999755859375
2011-11-04 00:00:00+00:00,1626.800048828125,1626.800048828125,1626.800048828125,1626.800048828125
2011-11-07 00:00:00+00:00,1626.800048828125,1655.5,1626.800048828125,1655.5
2011-11-08 00:00:00+00:00,1670.5999755859375,1670.5999755859375,1670.5999755859375,1670.5999755859375
2011-11-09 00:00:00+00:00,1641.699951171875,1641.699951171875,1641.699951171875,1641.699951171875
2011-11-10 00:00:00+00:00,1625.300048828125,1625.300048828125,1625.300048828125,1625.300048828125
2011-11-11 00:00:00+00:00,1645.199951171875,1645.199951171875,1645.199951171875,1645.199951171875
2011-11-14 00:00:00+00:00,1642.5999755859375,1642.5999755859375,1642.5999755859375,1642.5999755859375
2011-11-15 00:00:00+00:00,1641.199951171875,1641.199951171875,1641.199951171875,1641.199951171875
2011-11-16 00:00:00+00:00,1629.699951171875,1629.699951171875,1629.699951171875,1629.699951171875
2011-11-17 00:00:00+00:00,1579.5999755859375,1579.5999755859375,1579.5999755859375,1579.5999755859375
2011-11-18 00:00:00+00:00,1587.0,1587.0,1587.0,1587.0
2011-11-21 00:00:00+00:00,1542.0999755859375,1542.0999755859375,1542.0999755859375,1542.0999755859375
2011-11-22 00:00:00+00:00,1566.0,1570.5,1566.0,1570.5
2011-11-23 00:00:00+00:00,1556.800048828125,1556.800048828125,1556.800048828125,1556.800048828125
2011-11-25 00:00:00+00:00,1531.5999755859375,1531.5999755859375,1531.5999755859375,1531.5999755859375
2011-11-28 00:00:00+00:00,1538.0,1538.0,1538.0,1538.0
2011-11-29 00:00:00+00:00,1539.699951171875,1539.699951171875,1539.699951171875,1539.699951171875
2011-11-30 00:00:00+00:00,1559.800048828125,1559.800048828125,1559.800048828125,1559.800048828125
2011-12-01 00:00:00+00:00,1556.199951171875,1556.199951171875,1556.199951171875,1556.199951171875
2011-12-02 00:00:00+00:00,1547.5,1547.5,1547.5,1547.5
2011-12-05 00:00:00+00:00,1531.5,1531.5,1531.5,1531.5
2011-12-06 00:00:00+00:00,1523.0,1523.0,1523.0,1523.0
2011-12-07 00:00:00+00:00,1521.0,1521.0,1521.0,1521.0
2011-12-08 00:00:00+00:00,1493.4000244140625,1493.4000244140625,1493.4000244140625,1493.4000244140625
2011-12-09 00:00:00+00:00,1523.0,1523.0,1514.800048828125,1514.800048828125
2011-12-12 00:00:00+00:00,1485.9000244140625,1485.9000244140625,1485.9000244140625,1485.9000244140625
2011-12-13 00:00:00+00:00,1491.300048828125,1491.300048828125,1491.300048828125,1491.300048828125
2011-12-14 00:00:00+00:00,1425.300048828125,1425.300048828125,1425.300048828125,1425.300048828125
2011-12-15 00:00:00+00:00,1406.0,1406.0,1406.0,1406.0
2011-12-16 00:00:00+00:00,1416.300048828125,1416.300048828125,1416.300048828125,1416.300048828125
2011-12-19 00:00:00+00:00,1412.5999755859375,1412.5999755859375,1412.5999755859375,1412.5999755859375
2011-12-20 00:00:00+00:00,1431.9000244140625,1431.9000244140625,1431.9000244140625,1431.9000244140625
2011-12-21 00:00:00+00:00,1430.699951171875,1430.699951171875,1430.699951171875,1430.699951171875
2011-12-22 00:00:00+00:00,1423.4000244140625,1423.4000244140625,1423.4000244140625,1423.4000244140625
2011-12-23 00:00:00+00:00,1429.5,1429.5,1429.5,1429.5
2011-12-27 00:00:00+00:00,1433.9000244140625,1433.9000244140625,1433.9000244140625,1433.9000244140625
2011-12-28 00:00:00+00:00,1387.699951171875,1387.699951171875,1387.699951171875,1387.699951171875
2011-12-29 00:00:00+00:00,1387.199951171875,1387.199951171875,1347.0,1363.4000244140625
2011-12-30 00:00:00+00:00,1387.4000244140625,1399.699951171875,1372.4000244140625,1399.699951171875
2012-01-03 00:00:00+00:00,1408.0999755859375,1429.300048828125,1407.0,1427.300048828125
2012-01-04 00:00:00+00:00,1417.5,1437.800048828125,1415.5999755859375,1423.0999755859375
2012-01-05 00:00:00+00:00,1425.0,1425.0999755859375,1409.5999755859375,1414.5
2012-01-06 00:00:00+00:00,1415.0,1418.5999755859375,1401.4000244140625,1404.5
2012-01-09 00:00:00+00:00,1388.699951171875,1427.5999755859375,1388.699951171875,1427.5
2012-01-10 00:00:00+00:00,1466.0999755859375,1471.199951171875,1458.199951171875,1462.4000244140625
2012-01-11 00:00:00+00:00,1463.5999755859375,1496.5999755859375,1463.5999755859375,1496.5999755859375
2012-01-12 00:00:00+00:00,1498.699951171875,1499.0,1498.699951171875,1499.0
2012-01-13 00:00:00+00:00,1479.800048828125,1486.800048828125,1479.800048828125,1486.800048828125
2012-01-17 00:00:00+00:00,1498.0999755859375,1531.199951171875,1497.5999755859375,1526.699951171875
2012-01-18 00:00:00+00:00,1523.300048828125,1523.300048828125,1523.300048828125,1523.300048828125
2012-01-19 00:00:00+00:00,1529.199951171875,1529.199951171875,1516.0,1516.0
2012-01-20 00:00:00+00:00,1530.300048828125,1530.300048828125,1530.300048828125,1530.300048828125
2012-01-23 00:00:00+00:00,1547.0,1563.199951171875,1547.0,1559.0999755859375
2012-01-24 00:00:00+00:00,1547.0,1552.199951171875,1543.699951171875,1550.199951171875
2012-01-25 00:00:00+00:00,1574.0999755859375,1577.800048828125,1572.199951171875,1577.4000244140625
2012-01-26 00:00:00+00:00,1609.5999755859375,1613.800048828125,1609.5999755859375,1613.800048828125
2012-01-27 00:00:00+00:00,1620.0,1620.0,1620.0,1620.0
2012-01-30 00:00:00+00:00,1613.699951171875,1613.699951171875,1613.699951171875,1613.699951171875
2012-01-31 00:00:00+00:00,1581.0999755859375,1586.0,1581.0999755859375,1585.5
2012-02-01 00:00:00+00:00,1620.5999755859375,1620.5999755859375,1620.5999755859375,1620.5999755859375
2012-02-02 00:00:00+00:00,1627.300048828125,1627.300048828125,1627.300048828125,1627.300048828125
2012-02-03 00:00:00+00:00,1629.300048828125,1629.300048828125,1629.300048828125,1629.300048828125
2012-02-06 00:00:00+00:00,1627.199951171875,1627.199951171875,1627.199951171875,1627.199951171875
2012-02-07 00:00:00+00:00,1652.199951171875,1652.199951171875,1652.199951171875,1652.199951171875
2012-02-08 00:00:00+00:00,1665.5,1665.5,1665.5,1665.5
2012-02-09 00:00:00+00:00,1665.0,1665.0,1665.0,1665.0
2012-02-10 00:00:00+00:00,1657.199951171875,1657.199951171875,1657.199951171875,1657.199951171875
2012-02-13 00:00:00+00:00,1647.0999755859375,1647.0999755859375,1647.0999755859375,1647.0999755859375
2012-02-14 00:00:00+00:00,1625.4000244140625,1625.4000244140625,1625.4000244140625,1625.4000244140625
2012-02-15 00:00:00+00:00,1625.4000244140625,1635.5999755859375,1625.4000244140625,1635.5999755859375
2012-02-16 00:00:00+00:00,1623.5,1623.5,1623.5,1623.5
2012-02-17 00:00:00+00:00,1631.300048828125,1631.300048828125,1631.300048828125,1631.300048828125
2012-02-21 00:00:00+00:00,1682.4000244140625,1682.4000244140625,1682.4000244140625,1682.4000244140625
2012-02-22 00:00:00+00:00,1718.300048828125,1718.300048828125,1718.300048828125,1718.300048828125
2012-02-23 00:00:00+00:00,1720.5,1720.5,1720.5,1720.5
2012-02-24 00:00:00+00:00,1712.5999755859375,1712.5999755859375,1712.5999755859375,1712.5999755859375
2012-02-27 00:00:00+00:00,1712.5999755859375,1712.5999755859375,1711.800048828125,1711.800048828125
2012-02-28 00:00:00+00:00,1722.0,1722.0,1722.0,1722.0
2012-02-29 00:00:00+00:00,1691.0999755859375,1691.0999755859375,1691.0999755859375,1691.0999755859375
2012-03-01 00:00:00+00:00,1699.5999755859375,1699.5999755859375,1699.5999755859375,1699.5999755859375
2012-03-02 00:00:00+00:00,1690.199951171875,1690.199951171875,1690.199951171875,1690.199951171875
2012-03-05 00:00:00+00:00,1661.0999755859375,1661.0999755859375,1661.0999755859375,1661.0999755859375
2012-03-06 00:00:00+00:00,1610.4000244140625,1610.4000244140625,1610.4000244140625,1610.4000244140625
2012-03-07 00:00:00+00:00,1625.800048828125,1625.800048828125,1625.800048828125,1625.800048828125
2012-03-08 00:00:00+00:00,1655.199951171875,1655.199951171875,1655.199951171875,1655.199951171875
2012-03-09 00:00:00+00:00,1655.199951171875,1683.4000244140625,1655.199951171875,1683.4000244140625
2012-03-12 00:00:00+00:00,1694.199951171875,1694.199951171875,1694.199951171875,1694.199951171875
2012-03-13 00:00:00+00:00,1700.300048828125,1700.300048828125,1700.300048828125,1700.300048828125
2012-03-14 00:00:00+00:00,1673.800048828125,1673.800048828125,1673.800048828125,1673.800048828125
2012-03-15 00:00:00+00:00,1682.4000244140625,1682.4000244140625,1682.4000244140625,1682.4000244140625
2012-03-16 00:00:00+00:00,1674.0,1674.0,1674.0,1674.0
2012-03-19 00:00:00+00:00,1683.199951171875,1683.199951171875,1683.199951171875,1683.199951171875
2012-03-20 00:00:00+00:00,1652.800048828125,1652.800048828125,1652.800048828125,1652.800048828125
2012-03-21 00:00:00+00:00,1638.9000244140625,1638.9000244140625,1638.9000244140625,1638.9000244140625
2012-03-22 00:00:00+00:00,1611.5999755859375,1611.5999755859375,1611.5999755859375,1611.5999755859375
2012-03-23 00:00:00+00:00,1627.5,1627.5,1627.5,1627.5
2012-03-26 00:00:00+00:00,1646.300048828125,1646.5,1646.300048828125,1646.5
2012-03-27 00:00:00+00:00,1657.4000244140625,1657.4000244140625,1657.4000244140625,1657.4000244140625
2012-03-28 00:00:00+00:00,1635.0999755859375,1635.0999755859375,1635.0999755859375,1635.0999755859375
2012-03-29 00:00:00+00:00,1635.699951171875,1643.699951171875,1620.300048828125,1622.699951171875
2012-03-30 00:00:00+00:00,1628.9000244140625,1645.0,1623.300048828125,1638.300048828125
2012-04-02 00:00:00+00:00,1641.5,1654.9000244140625,1634.9000244140625,1649.0999755859375
2012-04-03 00:00:00+00:00,1652.5999755859375,1658.300048828125,1638.0,1655.199951171875
2012-04-04 00:00:00+00:00,1624.300048828125,1624.300048828125,1593.699951171875,1593.9000244140625
2012-04-05 00:00:00+00:00,1601.9000244140625,1602.9000244140625,1589.4000244140625,1602.9000244140625
2012-04-09 00:00:00+00:00,1613.5999755859375,1613.5999755859375,1613.5999755859375,1613.5999755859375
2012-04-10 00:00:00+00:00,1589.199951171875,1589.199951171875,1589.199951171875,1589.199951171875
2012-04-11 00:00:00+00:00,1590.699951171875,1590.699951171875,1579.300048828125,1579.800048828125
2012-04-12 00:00:00+00:00,1586.9000244140625,1601.5,1586.699951171875,1601.5
2012-04-13 00:00:00+00:00,1597.0999755859375,1597.0999755859375,1583.4000244140625,1583.4000244140625
2012-04-16 00:00:00+00:00,1564.0,1571.699951171875,1561.0,1571.699951171875
2012-04-17 00:00:00+00:00,1580.5999755859375,1580.5999755859375,1580.5999755859375,1580.5999755859375
2012-04-18 00:00:00+00:00,1586.4000244140625,1587.5,1575.300048828125,1575.300048828125
2012-04-19 00:00:00+00:00,1575.9000244140625,1575.9000244140625,1572.0,1574.199951171875
2012-04-20 00:00:00+00:00,1570.0,1580.4000244140625,1570.0,1580.4000244140625
2012-04-23 00:00:00+00:00,1562.5999755859375,1562.5999755859375,1552.5,1552.5
2012-04-24 00:00:00+00:00,1555.300048828125,1555.300048828125,1544.4000244140625,1544.4000244140625
2012-04-25 00:00:00+00:00,1552.699951171875,1552.699951171875,1543.5999755859375,1543.5999755859375
2012-04-26 00:00:00+00:00,1566.199951171875,1566.199951171875,1566.199951171875,1566.199951171875
2012-04-27 00:00:00+00:00,1571.699951171875,1571.699951171875,1571.699951171875,1571.699951171875
2012-04-30 00:00:00+00:00,1567.699951171875,1567.699951171875,1567.699951171875,1567.699951171875
2012-05-01 00:00:00+00:00,1568.0999755859375,1568.0999755859375,1568.0999755859375,1568.0999755859375
2012-05-02 00:00:00+00:00,1560.199951171875,1560.199951171875,1560.199951171875,1560.199951171875
2012-05-03 00:00:00+00:00,1528.9000244140625,1528.9000244140625,1528.9000244140625,1528.9000244140625
2012-05-04 00:00:00+00:00,1531.800048828125,1531.800048828125,1531.800048828125,1531.800048828125
2012-05-07 00:00:00+00:00,1525.9000244140625,1525.9000244140625,1525.9000244140625,1525.9000244140625
2012-05-08 00:00:00+00:00,1505.800048828125,1505.800048828125,1505.800048828125,1505.800048828125
2012-05-09 00:00:00+00:00,1496.699951171875,1496.699951171875,1496.699951171875,1496.699951171875
2012-05-10 00:00:00+00:00,1491.300048828125,1491.300048828125,1491.300048828125,1491.300048828125
2012-05-11 00:00:00+00:00,1469.0999755859375,1469.0999755859375,1469.0999755859375,1469.0999755859375
2012-05-14 00:00:00+00:00,1440.300048828125,1440.300048828125,1440.300048828125,1440.300048828125
2012-05-15 00:00:00+00:00,1444.199951171875,1444.199951171875,1444.199951171875,1444.199951171875
2012-05-16 00:00:00+00:00,1429.9000244140625,1429.9000244140625,1429.9000244140625,1429.9000244140625
2012-05-17 00:00:00+00:00,1451.199951171875,1451.199951171875,1451.199951171875,1451.199951171875
2012-05-18 00:00:00+00:00,1457.0999755859375,1457.0999755859375,1457.0999755859375,1457.0999755859375
2012-05-21 00:00:00+00:00,1459.5,1459.5,1459.5,1459.5
2012-05-22 00:00:00+00:00,1456.4000244140625,1456.4000244140625,1456.4000244140625,1456.4000244140625
2012-05-23 00:00:00+00:00,1412.300048828125,1412.300048828125,1412.300048828125,1412.300048828125
2012-05-24 00:00:00+00:00,1420.5999755859375,1420.5999755859375,1420.5999755859375,1420.5999755859375
2012-05-25 00:00:00+00:00,1424.699951171875,1424.699951171875,1424.699951171875,1424.699951171875
2012-05-29 00:00:00+00:00,1426.300048828125,1426.300048828125,1426.300048828125,1426.300048828125
2012-05-30 00:00:00+00:00,1399.699951171875,1399.699951171875,1399.699951171875,1399.699951171875
2012-05-31 00:00:00+00:00,1416.0999755859375,1416.0999755859375,1416.0999755859375,1416.0999755859375
2012-06-01 00:00:00+00:00,1431.699951171875,1431.699951171875,1431.699951171875,1431.699951171875
2012-06-04 00:00:00+00:00,1425.800048828125,1425.800048828125,1425.800048828125,1425.800048828125
2012-06-05 00:00:00+00:00,1439.0,1439.0,1439.0,1439.0
2012-06-06 00:00:00+00:00,1467.699951171875,1467.699951171875,1467.699951171875,1467.699951171875
2012-06-07 00:00:00+00:00,1439.4000244140625,1439.4000244140625,1439.4000244140625,1439.4000244140625
2012-06-08 00:00:00+00:00,1423.5999755859375,1423.5999755859375,1423.5999755859375,1423.5999755859375
2012-06-11 00:00:00+00:00,1447.800048828125,1447.800048828125,1447.800048828125,1447.800048828125
2012-06-12 00:00:00+00:00,1452.9000244140625,1452.9000244140625,1452.9000244140625,1452.9000244140625
2012-06-13 00:00:00+00:00,1465.300048828125,1465.300048828125,1465.300048828125,1465.300048828125
2012-06-14 00:00:00+00:00,1486.0999755859375,1486.0999755859375,1486.0999755859375,1486.0999755859375
2012-06-15 00:00:00+00:00,1485.699951171875,1485.699951171875,1485.699951171875,1485.699951171875
2012-06-18 00:00:00+00:00,1482.5999755859375,1482.5999755859375,1482.5999755859375,1482.5999755859375
2012-06-19 00:00:00+00:00,1478.9000244140625,1479.0,1478.9000244140625,1479.0
2012-06-20 00:00:00+00:00,1465.300048828125,1465.300048828125,1465.300048828125,1465.300048828125
2012-06-21 00:00:00+00:00,1437.0999755859375,1437.9000244140625,1437.0999755859375,1437.9000244140625
2012-06-22 00:00:00+00:00,1430.699951171875,1430.699951171875,1430.699951171875,1430.699951171875
2012-06-25 00:00:00+00:00,1439.0999755859375,1439.0999755859375,1439.0999755859375,1439.0999755859375
2012-06-26 00:00:00+00:00,1426.800048828125,1426.800048828125,1426.800048828125,1426.800048828125
2012-06-27 00:00:00+00:00,1409.699951171875,1409.699951171875,1409.699951171875,1409.699951171875
2012-06-28 00:00:00+00:00,1408.699951171875,1418.0999755859375,1382.0,1386.4000244140625
2012-06-29 00:00:00+00:00,1388.199951171875,1449.5,1382.800048828125,1449.0999755859375
2012-07-02 00:00:00+00:00,1436.0,1455.800048828125,1435.0,1455.5999755859375
2012-07-03 00:00:00+00:00,1464.5,1488.699951171875,1464.5,1488.699951171875
2012-07-05 00:00:00+00:00,1488.199951171875,1488.4000244140625,1474.699951171875,1475.0
2012-07-06 00:00:00+00:00,1451.9000244140625,1451.9000244140625,1446.800048828125,1446.800048828125
2012-07-09 00:00:00+00:00,1443.199951171875,1443.199951171875,1443.199951171875,1443.199951171875
2012-07-10 00:00:00+00:00,1434.4000244140625,1446.5999755859375,1427.0,1427.0
2012-07-11 00:00:00+00:00,1428.9000244140625,1428.9000244140625,1428.9000244140625,1428.9000244140625
2012-07-12 00:00:00+00:00,1409.800048828125,1409.800048828125,1409.800048828125,1409.800048828125
2012-07-13 00:00:00+00:00,1432.5,1432.5,1432.5,1432.5
2012-07-16 00:00:00+00:00,1414.800048828125,1414.800048828125,1414.800048828125,1414.800048828125
2012-07-17 00:00:00+00:00,1421.9000244140625,1421.9000244140625,1418.300048828125,1418.300048828125
2012-07-18 00:00:00+00:00,1401.800048828125,1415.0999755859375,1401.800048828125,1401.800048828125
2012-07-19 00:00:00+00:00,1420.699951171875,1420.699951171875,1420.699951171875,1420.699951171875
2012-07-20 00:00:00+00:00,1412.0999755859375,1412.0999755859375,1412.0999755859375,1412.0999755859375
2012-07-23 00:00:00+00:00,1396.5,1396.5,1396.5,1396.5
2012-07-24 00:00:00+00:00,1394.699951171875,1394.699951171875,1382.300048828125,1382.300048828125
2012-07-25 00:00:00+00:00,1395.0999755859375,1395.0999755859375,1395.0999755859375,1395.0999755859375
2012-07-26 00:00:00+00:00,1405.699951171875,1406.5999755859375,1405.699951171875,1406.5999755859375
2012-07-27 00:00:00+00:00,1406.699951171875,1406.699951171875,1406.699951171875,1406.699951171875
2012-07-30 00:00:00+00:00,1410.300048828125,1410.300048828125,1410.300048828125,1410.300048828125
2012-07-31 00:00:00+00:00,1415.4000244140625,1415.4000244140625,1415.4000244140625,1415.4000244140625
2012-08-01 00:00:00+00:00,1399.800048828125,1399.800048828125,1399.800048828125,1399.800048828125
2012-08-02 00:00:00+00:00,1386.300048828125,1386.300048828125,1386.300048828125,1386.300048828125
2012-08-03 00:00:00+00:00,1412.9000244140625,1412.9000244140625,1412.9000244140625,1412.9000244140625
2012-08-06 00:00:00+00:00,1400.4000244140625,1400.4000244140625,1400.4000244140625,1400.4000244140625
2012-08-07 00:00:00+00:00,1408.9000244140625,1408.9000244140625,1408.9000244140625,1408.9000244140625
2012-08-08 00:00:00+00:00,1408.699951171875,1408.699951171875,1408.699951171875,1408.699951171875
2012-08-09 00:00:00+00:00,1411.300048828125,1411.300048828125,1411.300048828125,1411.300048828125
2012-08-10 00:00:00+00:00,1398.4000244140625,1398.4000244140625,1398.4000244140625,1398.4000244140625
2012-08-13 00:00:00+00:00,1391.300048828125,1391.300048828125,1391.300048828125,1391.300048828125
2012-08-14 00:00:00+00:00,1397.5999755859375,1397.5999755859375,1397.5999755859375,1397.5999755859375
2012-08-15 00:00:00+00:00,1394.9000244140625,1394.9000244140625,1394.9000244140625,1394.9000244140625
2012-08-16 00:00:00+00:00,1433.9000244140625,1433.9000244140625,1433.9000244140625,1433.9000244140625
2012-08-17 00:00:00+00:00,1471.800048828125,1471.800048828125,1471.800048828125,1471.800048828125
2012-08-20 00:00:00+00:00,1496.9000244140625,1496.9000244140625,1496.9000244140625,1496.9000244140625
2012-08-21 00:00:00+00:00,1506.5,1506.5,1506.5,1506.5
2012-08-22 00:00:00+00:00,1525.199951171875,1525.199951171875,1525.199951171875,1525.199951171875
2012-08-23 00:00:00+00:00,1553.5999755859375,1553.5999755859375,1553.5999755859375,1553.5999755859375
2012-08-24 00:00:00+00:00,1553.0999755859375,1553.0999755859375,1553.0999755859375,1553.0999755859375
2012-08-27 00:00:00+00:00,1551.9000244140625,1551.9000244140625,1551.9000244140625,1551.9000244140625
2012-08-28 00:00:00+00:00,1530.699951171875,1530.699951171875,1519.0999755859375,1519.0999755859375
2012-08-29 00:00:00+00:00,1519.199951171875,1519.199951171875,1519.199951171875,1519.199951171875
2012-08-30 00:00:00+00:00,1481.699951171875,1560.699951171875,1460.5,1502.699951171875
2012-08-31 00:00:00+00:00,1536.300048828125,1536.300048828125,1536.300048828125,1536.300048828125
2012-09-04 00:00:00+00:00,1566.5,1566.5,1566.5,1566.5
2012-09-05 00:00:00+00:00,1574.5999755859375,1574.5999755859375,1574.5999755859375,1574.5999755859375
2012-09-06 00:00:00+00:00,1585.4000244140625,1585.4000244140625,1585.4000244140625,1585.4000244140625
2012-09-07 00:00:00+00:00,1595.300048828125,1595.300048828125,1595.300048828125,1595.300048828125
2012-09-10 00:00:00+00:00,1602.800048828125,1602.800048828125,1602.800048828125,1602.800048828125
2012-09-11 00:00:00+00:00,1606.0,1606.0,1606.0,1606.0
2012-09-12 00:00:00+00:00,1648.5999755859375,1648.5999755859375,1648.5999755859375,1648.5999755859375
2012-09-13 00:00:00+00:00,1678.5,1678.5,1678.5,1678.5
2012-09-14 00:00:00+00:00,1712.699951171875,1712.699951171875,1712.699951171875,1712.699951171875
2012-09-17 00:00:00+00:00,1671.5999755859375,1671.5999755859375,1671.5999755859375,1671.5999755859375
2012-09-18 00:00:00+00:00,1635.300048828125,1635.300048828125,1635.300048828125,1635.300048828125
2012-09-19 00:00:00+00:00,1639.9000244140625,1639.9000244140625,1639.9000244140625,1639.9000244140625
2012-09-20 00:00:00+00:00,1623.4000244140625,1623.4000244140625,1623.4000244140625,1623.4000244140625
2012-09-21 00:00:00+00:00,1637.0999755859375,1637.0999755859375,1637.0999755859375,1637.0999755859375
2012-09-24 00:00:00+00:00,1622.0,1625.0,1622.0,1622.0
2012-09-25 00:00:00+00:00,1631.800048828125,1642.0999755859375,1620.199951171875,1631.800048828125
2012-09-26 00:00:00+00:00,1634.4000244140625,1634.4000244140625,1634.4000244140625,1634.4000244140625
2012-09-27 00:00:00+00:00,1636.9000244140625,1657.800048828125,1627.9000244140625,1645.9000244140625
2012-09-28 00:00:00+00:00,1650.9000244140625,1671.5999755859375,1650.5999755859375,1665.300048828125
2012-10-01 00:00:00+00:00,1661.0,1683.699951171875,1648.199951171875,1681.5
2012-10-02 00:00:00+00:00,1675.4000244140625,1682.9000244140625,1674.0999755859375,1682.9000244140625
2012-10-03 00:00:00+00:00,1669.9000244140625,1690.300048828125,1669.9000244140625,1690.300048828125
2012-10-04 00:00:00+00:00,1695.699951171875,1721.4000244140625,1695.699951171875,1721.199951171875
2012-10-05 00:00:00+00:00,1725.5,1731.199951171875,1702.199951171875,1703.300048828125
2012-10-08 00:00:00+00:00,1687.699951171875,1694.9000244140625,1687.699951171875,1694.9000244140625
2012-10-09 00:00:00+00:00,1708.699951171875,1708.699951171875,1690.0,1691.5999755859375
2012-10-10 00:00:00+00:00,1686.699951171875,1688.300048828125,1670.0,1676.699951171875
2012-10-11 00:00:00+00:00,1669.0,1687.800048828125,1668.9000244140625,1687.800048828125
2012-10-12 00:00:00+00:00,1657.0999755859375,1657.0999755859375,1654.5,1657.0999755859375
2012-10-15 00:00:00+00:00,1641.0,1642.800048828125,1623.300048828125,1631.300048828125
2012-10-16 00:00:00+00:00,1644.5,1644.5,1642.699951171875,1642.699951171875
2012-10-17 00:00:00+00:00,1653.5999755859375,1668.0,1653.5,1668.0
2012-10-18 00:00:00+00:00,1652.5,1652.5,1641.199951171875,1641.199951171875
2012-10-19 00:00:00+00:00,1633.9000244140625,1633.9000244140625,1613.0,1613.0
2012-10-22 00:00:00+00:00,1609.699951171875,1609.699951171875,1609.699951171875,1609.699951171875
2012-10-23 00:00:00+00:00,1602.0,1604.4000244140625,1573.0999755859375,1573.0999755859375
2012-10-24 00:00:00+00:00,1576.0,1576.0,1560.199951171875,1560.199951171875
2012-10-25 00:00:00+00:00,1561.0,1567.0999755859375,1561.0,1567.0999755859375
2012-10-26 00:00:00+00:00,1544.300048828125,1544.300048828125,1544.300048828125,1544.300048828125
2012-10-31 00:00:00+00:00,1576.0,1576.0,1576.0,1576.0
2012-11-01 00:00:00+00:00,1570.699951171875,1570.699951171875,1570.699951171875,1570.699951171875
2012-11-02 00:00:00+00:00,1540.9000244140625,1540.9000244140625,1540.9000244140625,1540.9000244140625
2012-11-05 00:00:00+00:00,1538.699951171875,1538.699951171875,1538.699951171875,1538.699951171875
2012-11-06 00:00:00+00:00,1554.300048828125,1554.300048828125,1554.300048828125,1554.300048828125
2012-11-07 00:00:00+00:00,1537.699951171875,1537.699951171875,1522.5,1535.5
2012-11-08 00:00:00+00:00,1538.5,1538.5,1538.5,1538.5
2012-11-09 00:00:00+00:00,1555.4000244140625,1555.4000244140625,1555.4000244140625,1555.4000244140625
2012-11-12 00:00:00+00:00,1554.0,1562.5,1554.0,1562.5
2012-11-13 00:00:00+00:00,1583.4000244140625,1583.4000244140625,1583.4000244140625,1583.4000244140625
2012-11-14 00:00:00+00:00,1588.5999755859375,1588.5999755859375,1588.5999755859375,1588.5999755859375
2012-11-15 00:00:00+00:00,1570.300048828125,1570.300048828125,1570.300048828125,1570.300048828125
2012-11-16 00:00:00+00:00,1559.0,1559.0,1559.0,1559.0
2012-11-19 00:00:00+00:00,1581.0,1581.0,1581.0,1581.0
2012-11-20 00:00:00+00:00,1570.5,1570.5,1570.5,1570.5
2012-11-21 00:00:00+00:00,1581.4000244140625,1581.4000244140625,1581.4000244140625,1581.4000244140625
2012-11-23 00:00:00+00:00,1614.5999755859375,1614.5999755859375,1614.5999755859375,1614.5999755859375
2012-11-26 00:00:00+00:00,1618.0,1621.5,1618.0,1621.5
2012-11-27 00:00:00+00:00,1617.699951171875,1617.699951171875,1617.699951171875,1617.699951171875
2012-11-28 00:00:00+00:00,1659.800048828125,1660.0,1610.0,1610.0
2012-11-29 00:00:00+00:00,1614.0,1618.0,1614.0,1618.0
2012-11-30 00:00:00+00:00,1603.0999755859375,1603.0999755859375,1603.0999755859375,1603.0999755859375
2012-12-03 00:00:00+00:00,1612.300048828125,1612.300048828125,1612.300048828125,1612.300048828125
2012-12-04 00:00:00+00:00,1581.4000244140625,1581.4000244140625,1581.4000244140625,1581.4000244140625
2012-12-05 00:00:00+00:00,1582.699951171875,1582.699951171875,1582.699951171875,1582.699951171875
2012-12-06 00:00:00+00:00,1599.199951171875,1599.199951171875,1599.199951171875,1599.199951171875
2012-12-07 00:00:00+00:00,1605.5,1605.5,1605.5,1605.5
2012-12-10 00:00:00+00:00,1621.800048828125,1621.800048828125,1621.800048828125,1621.800048828125
2012-12-11 00:00:00+00:00,1638.5,1638.5,1638.5,1638.5
2012-12-12 00:00:00+00:00,1644.9000244140625,1644.9000244140625,1644.9000244140625,1644.9000244140625
2012-12-13 00:00:00+00:00,1611.9000244140625,1611.9000244140625,1611.9000244140625,1611.9000244140625
2012-12-14 00:00:00+00:00,1619.5,1619.5,1619.5,1619.5
2012-12-17 00:00:00+00:00,1609.5,1609.5,1609.5,1609.5
2012-12-18 00:00:00+00:00,1613.9000244140625,1613.9000244140625,1594.5,1594.5
2012-12-19 00:00:00+00:00,1593.699951171875,1593.699951171875,1593.699951171875,1593.699951171875
2012-12-20 00:00:00+00:00,1546.699951171875,1546.699951171875,1546.699951171875,1546.699951171875
2012-12-21 00:00:00+00:00,1537.4000244140625,1537.4000244140625,1537.4000244140625,1537.4000244140625
2012-12-24 00:00:00+00:00,1535.4000244140625,1535.4000244140625,1535.4000244140625,1535.4000244140625
2012-12-26 00:00:00+00:00,1535.4000244140625,1535.4000244140625,1535.4000244140625,1535.4000244140625
2012-12-27 00:00:00+00:00,1532.300048828125,1532.300048828125,1532.300048828125,1532.300048828125
2012-12-28 00:00:00+00:00,1537.0,1538.800048828125,1515.300048828125,1517.4000244140625
2012-12-31 00:00:00+00:00,1520.4000244140625,1539.300048828125,1516.300048828125,1538.699951171875
2013-01-02 00:00:00+00:00,1539.5,1578.4000244140625,1536.5999755859375,1565.0999755859375
2013-01-03 00:00:00+00:00,1565.699951171875,1576.699951171875,1563.9000244140625,1576.699951171875
2013-01-04 00:00:00+00:00,1548.5999755859375,1558.5,1543.5999755859375,1555.199951171875
2013-01-07 00:00:00+00:00,1563.0,1563.5,1549.199951171875,1553.800048828125
2013-01-08 00:00:00+00:00,1562.699951171875,1584.5,1562.4000244140625,1580.5999755859375
2013-01-09 00:00:00+00:00,1589.800048828125,1601.4000244140625,1589.0,1597.800048828125
2013-01-10 00:00:00+00:00,1604.800048828125,1632.4000244140625,1604.800048828125,1632.4000244140625
2013-01-11 00:00:00+00:00,1630.699951171875,1636.300048828125,1629.300048828125,1629.300048828125
2013-01-14 00:00:00+00:00,1639.300048828125,1662.300048828125,1639.300048828125,1656.300048828125
2013-01-15 00:00:00+00:00,1663.5,1693.4000244140625,1655.800048828125,1688.0
2013-01-16 00:00:00+00:00,1683.5999755859375,1692.199951171875,1682.4000244140625,1692.199951171875
2013-01-17 00:00:00+00:00,1673.0,1697.800048828125,1673.0,1697.800048828125
2013-01-18 00:00:00+00:00,1687.800048828125,1688.0,1669.0,1672.0999755859375
2013-01-22 00:00:00+00:00,1676.4000244140625,1698.4000244140625,1675.800048828125,1698.4000244140625
2013-01-23 00:00:00+00:00,1691.699951171875,1691.699951171875,1688.9000244140625,1691.699951171875
2013-01-24 00:00:00+00:00,1682.300048828125,1682.800048828125,1674.0,1682.800048828125
2013-01-25 00:00:00+00:00,1687.0,1694.0999755859375,1680.4000244140625,1693.9000244140625
2013-01-28 00:00:00+00:00,1684.199951171875,1686.9000244140625,1661.199951171875,1661.199951171875
2013-01-29 00:00:00+00:00,1677.4000244140625,1677.4000244140625,1677.4000244140625,1677.4000244140625
2013-01-30 00:00:00+00:00,1687.800048828125,1687.800048828125,1687.800048828125,1687.800048828125
2013-01-31 00:00:00+00:00,1673.9000244140625,1673.9000244140625,1673.9000244140625,1673.9000244140625
2013-02-01 00:00:00+00:00,1686.199951171875,1686.199951171875,1686.199951171875,1686.199951171875
2013-02-04 00:00:00+00:00,1696.5999755859375,1696.5999755859375,1696.5999755859375,1696.5999755859375
2013-02-05 00:00:00+00:00,1705.699951171875,1705.699951171875,1705.699951171875,1705.699951171875
2013-02-06 00:00:00+00:00,1736.5,1736.5,1736.5,1736.5
2013-02-07 00:00:00+00:00,1722.300048828125,1722.300048828125,1722.300048828125,1722.300048828125
2013-02-08 00:00:00+00:00,1713.5,1713.5,1713.5,1713.5
2013-02-11 00:00:00+00:00,1695.0,1695.0,1695.0,1695.0
2013-02-12 00:00:00+00:00,1716.0999755859375,1716.0999755859375,1716.0999755859375,1716.0999755859375
2013-02-13 00:00:00+00:00,1728.5999755859375,1728.5999755859375,1728.5999755859375,1728.5999755859375
2013-02-14 00:00:00+00:00,1709.800048828125,1709.800048828125,1709.800048828125,1709.800048828125
2013-02-15 00:00:00+00:00,1676.5999755859375,1676.5999755859375,1676.5999755859375,1676.5999755859375
2013-02-19 00:00:00+00:00,1696.4000244140625,1696.4000244140625,1696.4000244140625,1696.4000244140625
2013-02-20 00:00:00+00:00,1665.300048828125,1676.300048828125,1646.0,1646.0
2013-02-21 00:00:00+00:00,1618.9000244140625,1618.9000244140625,1618.9000244140625,1618.9000244140625
2013-02-22 00:00:00+00:00,1606.300048828125,1606.300048828125,1606.300048828125,1606.300048828125
2013-02-25 00:00:00+00:00,1619.5999755859375,1619.5999755859375,1619.5999755859375,1619.5999755859375
2013-02-26 00:00:00+00:00,1665.0,1665.0,1615.4000244140625,1615.4000244140625
2013-02-27 00:00:00+00:00,1606.0,1606.0,1599.0,1599.0
2013-02-28 00:00:00+00:00,1582.4000244140625,1582.4000244140625,1582.4000244140625,1582.4000244140625
2013-03-01 00:00:00+00:00,1571.0,1571.5,1571.0,1571.5
2013-03-04 00:00:00+00:00,1564.199951171875,1564.199951171875,1564.199951171875,1564.199951171875
2013-03-05 00:00:00+00:00,1583.699951171875,1583.699951171875,1583.699951171875,1583.699951171875
2013-03-06 00:00:00+00:00,1577.800048828125,1577.800048828125,1577.800048828125,1577.800048828125
2013-03-07 00:00:00+00:00,1593.0999755859375,1593.0999755859375,1593.0999755859375,1593.0999755859375
2013-03-08 00:00:00+00:00,1601.9000244140625,1601.9000244140625,1601.9000244140625,1601.9000244140625
2013-03-11 00:00:00+00:00,1599.199951171875,1599.199951171875,1599.199951171875,1599.199951171875
2013-03-12 00:00:00+00:00,1593.0,1593.0,1593.0,1593.0
2013-03-13 00:00:00+00:00,1591.0999755859375,1591.0999755859375,1591.0999755859375,1591.0999755859375
2013-03-14 00:00:00+00:00,1587.800048828125,1587.800048828125,1587.800048828125,1587.800048828125
2013-03-15 00:00:00+00:00,1591.4000244140625,1591.4000244140625,1591.4000244140625,1591.4000244140625
2013-03-18 00:00:00+00:00,1578.199951171875,1578.199951171875,1578.199951171875,1578.199951171875
2013-03-19 00:00:00+00:00,1554.4000244140625,1554.4000244140625,1554.4000244140625,1554.4000244140625
2013-03-20 00:00:00+00:00,1581.5,1581.5,1581.5,1581.5
2013-03-21 00:00:00+00:00,1579.0999755859375,1579.0999755859375,1579.0999755859375,1579.0999755859375
2013-03-22 00:00:00+00:00,1580.699951171875,1580.699951171875,1580.699951171875,1580.699951171875
2013-03-25 00:00:00+00:00,1582.4000244140625,1582.4000244140625,1582.4000244140625,1582.4000244140625
2013-03-26 00:00:00+00:00,1566.0,1566.0,1566.0,1566.0
2013-03-27 00:00:00+00:00,1571.5999755859375,1583.300048828125,1567.699951171875,1579.800048828125
2013-03-28 00:00:00+00:00,1580.800048828125,1586.9000244140625,1559.300048828125,1571.199951171875
2013-04-01 00:00:00+00:00,1571.199951171875,1601.300048828125,1568.699951171875,1596.4000244140625
2013-04-02 00:00:00+00:00,1594.800048828125,1595.800048828125,1571.800048828125,1571.800048828125
2013-04-03 00:00:00+00:00,1562.199951171875,1574.199951171875,1535.5,1539.800048828125
2013-04-04 00:00:00+00:00,1526.300048828125,1531.699951171875,1516.0999755859375,1516.699951171875
2013-04-05 00:00:00+00:00,1528.9000244140625,1539.4000244140625,1528.9000244140625,1534.4000244140625
2013-04-08 00:00:00+00:00,1535.9000244140625,1537.699951171875,1535.9000244140625,1535.9000244140625
2013-04-09 00:00:00+00:00,1552.0,1553.300048828125,1552.0,1552.0
2013-04-10 00:00:00+00:00,1533.5999755859375,1536.699951171875,1529.199951171875,1529.199951171875
2013-04-11 00:00:00+00:00,1525.0,1535.199951171875,1520.0,1535.199951171875
2013-04-12 00:00:00+00:00,1518.0999755859375,1520.0999755859375,1492.300048828125,1495.300048828125
2013-04-15 00:00:00+00:00,1430.800048828125,1430.800048828125,1424.199951171875,1424.199951171875
2013-04-16 00:00:00+00:00,1416.0,1450.0,1411.5999755859375,1450.0
2013-04-17 00:00:00+00:00,1434.800048828125,1434.800048828125,1434.800048828125,1434.800048828125
2013-04-18 00:00:00+00:00,1436.0,1436.0,1422.800048828125,1428.4000244140625
2013-04-19 00:00:00+00:00,1440.699951171875,1440.699951171875,1423.300048828125,1423.300048828125
2013-04-22 00:00:00+00:00,1427.199951171875,1437.800048828125,1427.199951171875,1435.800048828125
2013-04-23 00:00:00+00:00,1416.800048828125,1416.800048828125,1416.800048828125,1416.800048828125
2013-04-24 00:00:00+00:00,1429.800048828125,1429.800048828125,1429.800048828125,1429.800048828125
2013-04-25 00:00:00+00:00,1462.800048828125,1468.9000244140625,1462.800048828125,1462.800048828125
2013-04-26 00:00:00+00:00,1475.199951171875,1475.199951171875,1475.199951171875,1475.199951171875
2013-04-29 00:00:00+00:00,1505.5999755859375,1525.0,1505.199951171875,1505.5999755859375
2013-04-30 00:00:00+00:00,1505.4000244140625,1505.4000244140625,1505.4000244140625,1505.4000244140625
2013-05-01 00:00:00+00:00,1468.699951171875,1468.699951171875,1468.699951171875,1468.699951171875
2013-05-02 00:00:00+00:00,1500.699951171875,1500.699951171875,1500.699951171875,1500.699951171875
2013-05-03 00:00:00+00:00,1501.699951171875,1501.699951171875,1501.699951171875,1501.699951171875
2013-05-06 00:00:00+00:00,1508.199951171875,1508.199951171875,1508.199951171875,1508.199951171875
2013-05-07 00:00:00+00:00,1481.699951171875,1481.699951171875,1481.699951171875,1481.699951171875
2013-05-08 00:00:00+00:00,1505.4000244140625,1505.4000244140625,1505.4000244140625,1505.4000244140625
2013-05-09 00:00:00+00:00,1516.5,1516.5,1516.5,1516.5
2013-05-10 00:00:00+00:00,1486.0,1486.0,1486.0,1486.0
2013-05-13 00:00:00+00:00,1484.5,1484.5,1484.5,1484.5
2013-05-14 00:00:00+00:00,1501.9000244140625,1501.9000244140625,1501.9000244140625,1501.9000244140625
2013-05-15 00:00:00+00:00,1490.699951171875,1490.699951171875,1490.699951171875,1490.699951171875
2013-05-16 00:00:00+00:00,1485.5999755859375,1485.5999755859375,1485.5999755859375,1485.5999755859375
2013-05-17 00:00:00+00:00,1468.0,1468.0,1468.0,1468.0
2013-05-20 00:00:00+00:00,1484.5999755859375,1484.5999755859375,1484.5999755859375,1484.5999755859375
2013-05-21 00:00:00+00:00,1458.4000244140625,1458.4000244140625,1458.4000244140625,1458.4000244140625
2013-05-22 00:00:00+00:00,1469.199951171875,1469.199951171875,1469.199951171875,1469.199951171875
2013-05-23 00:00:00+00:00,1457.199951171875,1457.199951171875,1457.199951171875,1457.199951171875
2013-05-24 00:00:00+00:00,1451.9000244140625,1451.9000244140625,1451.9000244140625,1451.9000244140625
2013-05-28 00:00:00+00:00,1460.5999755859375,1460.5999755859375,1460.5999755859375,1460.5999755859375
2013-05-29 00:00:00+00:00,1451.800048828125,1451.800048828125,1451.800048828125,1451.800048828125
2013-05-30 00:00:00+00:00,1481.5,1481.5,1481.5,1481.5
2013-05-31 00:00:00+00:00,1460.5999755859375,1460.5999755859375,1460.5999755859375,1460.5999755859375
2013-06-03 00:00:00+00:00,1496.199951171875,1496.199951171875,1496.199951171875,1496.199951171875
2013-06-04 00:00:00+00:00,1493.0,1493.0,1489.9000244140625,1489.9000244140625
2013-06-05 00:00:00+00:00,1509.4000244140625,1509.4000244140625,1509.4000244140625,1509.4000244140625
2013-06-06 00:00:00+00:00,1508.5999755859375,1528.0999755859375,1497.0,1528.0999755859375
2013-06-07 00:00:00+00:00,1501.4000244140625,1501.4000244140625,1501.4000244140625,1501.4000244140625
2013-06-10 00:00:00+00:00,1511.699951171875,1511.699951171875,1505.699951171875,1505.699951171875
2013-06-11 00:00:00+00:00,1479.0,1479.0,1479.0,1479.0
2013-06-12 00:00:00+00:00,1481.4000244140625,1481.4000244140625,1481.4000244140625,1481.4000244140625
2013-06-13 00:00:00+00:00,1416.0999755859375,1446.199951171875,1416.0999755859375,1446.199951171875
2013-06-14 00:00:00+00:00,1446.5,1446.5,1446.5,1446.5
2013-06-17 00:00:00+00:00,1434.0999755859375,1434.0999755859375,1434.0999755859375,1434.0999755859375
2013-06-18 00:00:00+00:00,1439.4000244140625,1439.4000244140625,1439.4000244140625,1439.4000244140625
2013-06-19 00:00:00+00:00,1423.199951171875,1423.199951171875,1423.199951171875,1423.199951171875
2013-06-20 00:00:00+00:00,1363.0999755859375,1363.0999755859375,1363.0999755859375,1363.0999755859375
2013-06-21 00:00:00+00:00,1362.5,1362.5,1362.5,1362.5
2013-06-24 00:00:00+00:00,1387.4000244140625,1387.4000244140625,1322.0999755859375,1328.0999755859375
2013-06-25 00:00:00+00:00,1350.0,1350.0,1350.0,1350.0
2013-06-26 00:00:00+00:00,1303.699951171875,1303.699951171875,1303.699951171875,1303.699951171875
2013-06-27 00:00:00+00:00,1301.5,1329.0,1301.199951171875,1325.199951171875
2013-06-28 00:00:00+00:00,1314.0,1337.800048828125,1295.4000244140625,1336.9000244140625
2013-07-01 00:00:00+00:00,1338.5999755859375,1383.4000244140625,1332.9000244140625,1379.199951171875
2013-07-02 00:00:00+00:00,1380.0,1383.300048828125,1366.300048828125,1366.300048828125
2013-07-03 00:00:00+00:00,1363.0,1369.5,1345.300048828125,1345.300048828125
2013-07-05 00:00:00+00:00,1324.4000244140625,1324.9000244140625,1324.4000244140625,1324.9000244140625
2013-07-08 00:00:00+00:00,1332.5999755859375,1360.5,1332.5999755859375,1360.5
2013-07-09 00:00:00+00:00,1372.800048828125,1376.4000244140625,1367.0999755859375,1367.0999755859375
2013-07-10 00:00:00+00:00,1368.199951171875,1390.0999755859375,1368.0999755859375,1368.0999755859375
2013-07-11 00:00:00+00:00,1412.199951171875,1426.5,1400.0,1421.0999755859375
2013-07-12 00:00:00+00:00,1415.0,1415.0,1409.5999755859375,1409.5999755859375
2013-07-15 00:00:00+00:00,1421.800048828125,1423.0,1421.800048828125,1422.5
2013-07-16 00:00:00+00:00,1412.800048828125,1431.199951171875,1412.800048828125,1426.0999755859375
2013-07-17 00:00:00+00:00,1411.5999755859375,1411.5999755859375,1411.5999755859375,1411.5999755859375
2013-07-18 00:00:00+00:00,1413.300048828125,1413.300048828125,1413.300048828125,1413.300048828125
2013-07-19 00:00:00+00:00,1429.699951171875,1429.699951171875,1429.699951171875,1429.699951171875
2013-07-22 00:00:00+00:00,1447.0,1447.0,1447.0,1447.0
2013-07-23 00:00:00+00:00,1442.0999755859375,1442.0999755859375,1442.0999755859375,1442.0999755859375
2013-07-24 00:00:00+00:00,1455.199951171875,1455.199951171875,1455.199951171875,1455.199951171875
2013-07-25 00:00:00+00:00,1447.0,1447.0,1447.0,1447.0
2013-07-26 00:00:00+00:00,1462.0,1462.0,1421.9000244140625,1421.9000244140625
2013-07-29 00:00:00+00:00,1441.800048828125,1441.800048828125,1441.800048828125,1441.800048828125
2013-07-30 00:00:00+00:00,1436.5999755859375,1436.5999755859375,1436.5999755859375,1436.5999755859375
2013-07-31 00:00:00+00:00,1428.4000244140625,1428.4000244140625,1428.4000244140625,1428.4000244140625
2013-08-01 00:00:00+00:00,1442.9000244140625,1442.9000244140625,1442.9000244140625,1442.9000244140625
2013-08-02 00:00:00+00:00,1450.5999755859375,1450.5999755859375,1450.5999755859375,1450.5999755859375
2013-08-05 00:00:00+00:00,1447.199951171875,1447.199951171875,1447.199951171875,1447.199951171875
2013-08-06 00:00:00+00:00,1426.9000244140625,1426.9000244140625,1426.9000244140625,1426.9000244140625
2013-08-07 00:00:00+00:00,1437.4000244140625,1437.4000244140625,1437.4000244140625,1437.4000244140625
2013-08-08 00:00:00+00:00,1490.699951171875,1490.699951171875,1490.699951171875,1490.699951171875
2013-08-09 00:00:00+00:00,1499.699951171875,1499.699951171875,1499.699951171875,1499.699951171875
2013-08-12 00:00:00+00:00,1497.800048828125,1497.800048828125,1497.800048828125,1497.800048828125
2013-08-13 00:00:00+00:00,1498.800048828125,1498.800048828125,1498.800048828125,1498.800048828125
2013-08-14 00:00:00+00:00,1504.300048828125,1504.300048828125,1504.300048828125,1504.300048828125
2013-08-15 00:00:00+00:00,1531.4000244140625,1531.4000244140625,1531.4000244140625,1531.4000244140625
2013-08-16 00:00:00+00:00,1526.699951171875,1526.699951171875,1526.699951171875,1526.699951171875
2013-08-19 00:00:00+00:00,1508.0999755859375,1508.0999755859375,1508.0999755859375,1508.0999755859375
2013-08-20 00:00:00+00:00,1524.5999755859375,1524.5999755859375,1524.5999755859375,1524.5999755859375
2013-08-21 00:00:00+00:00,1518.199951171875,1518.199951171875,1518.199951171875,1518.199951171875
2013-08-22 00:00:00+00:00,1539.199951171875,1539.199951171875,1539.199951171875,1539.199951171875
2013-08-23 00:00:00+00:00,1540.699951171875,1540.699951171875,1540.699951171875,1540.699951171875
2013-08-26 00:00:00+00:00,1543.5999755859375,1543.5999755859375,1543.5999755859375,1543.5999755859375
2013-08-27 00:00:00+00:00,1531.199951171875,1531.199951171875,1531.199951171875,1531.199951171875
2013-08-28 00:00:00+00:00,1539.199951171875,1539.199951171875,1539.199951171875,1539.199951171875
2013-08-29 00:00:00+00:00,1521.5,1521.5,1521.5,1521.5
2013-08-30 00:00:00+00:00,1526.199951171875,1526.199951171875,1526.199951171875,1526.199951171875
2013-09-03 00:00:00+00:00,1537.300048828125,1537.300048828125,1537.300048828125,1537.300048828125
2013-09-04 00:00:00+00:00,1493.800048828125,1493.800048828125,1493.800048828125,1493.800048828125
2013-09-05 00:00:00+00:00,1481.199951171875,1481.199951171875,1481.199951171875,1481.199951171875
2013-09-06 00:00:00+00:00,1494.800048828125,1494.800048828125,1494.800048828125,1494.800048828125
2013-09-09 00:00:00+00:00,1482.0999755859375,1482.0999755859375,1482.0999755859375,1482.0999755859375
2013-09-10 00:00:00+00:00,1473.199951171875,1473.199951171875,1473.199951171875,1473.199951171875
2013-09-11 00:00:00+00:00,1477.9000244140625,1477.9000244140625,1472.5999755859375,1472.5999755859375
2013-09-12 00:00:00+00:00,1441.800048828125,1441.800048828125,1441.800048828125,1441.800048828125
2013-09-13 00:00:00+00:00,1443.5999755859375,1443.5999755859375,1443.5999755859375,1443.5999755859375
2013-09-16 00:00:00+00:00,1440.5999755859375,1440.5999755859375,1440.5999755859375,1440.5999755859375
2013-09-17 00:00:00+00:00,1421.800048828125,1421.800048828125,1421.800048828125,1421.800048828125
2013-09-18 00:00:00+00:00,1424.5999755859375,1424.5999755859375,1424.5999755859375,1424.5999755859375
2013-09-19 00:00:00+00:00,1482.0999755859375,1482.0999755859375,1472.4000244140625,1472.4000244140625
2013-09-20 00:00:00+00:00,1432.0999755859375,1432.0999755859375,1432.0999755859375,1432.0999755859375
2013-09-23 00:00:00+00:00,1425.4000244140625,1425.4000244140625,1425.4000244140625,1425.4000244140625
2013-09-24 00:00:00+00:00,1425.4000244140625,1425.4000244140625,1418.300048828125,1418.300048828125
2013-09-25 00:00:00+00:00,1428.300048828125,1428.300048828125,1428.300048828125,1428.300048828125
2013-09-26 00:00:00+00:00,1410.199951171875,1410.199951171875,1410.199951171875,1410.199951171875
2013-09-27 00:00:00+00:00,1408.800048828125,1421.0,1396.800048828125,1414.9000244140625
2013-09-30 00:00:00+00:00,1421.9000244140625,1430.9000244140625,1399.199951171875,1408.0999755859375
2013-10-01 00:00:00+00:00,1395.0,1410.5,1373.0,1381.699951171875
2013-10-02 00:00:00+00:00,1380.4000244140625,1395.4000244140625,1378.5,1389.800048828125
2013-10-03 00:00:00+00:00,1380.699951171875,1380.699951171875,1366.0,1369.5
2013-10-04 00:00:00+00:00,1376.0999755859375,1387.699951171875,1376.0999755859375,1384.699951171875
2013-10-07 00:00:00+00:00,1385.0999755859375,1400.4000244140625,1384.199951171875,1398.5999755859375
2013-10-08 00:00:00+00:00,1398.9000244140625,1405.0,1398.5,1400.199951171875
2013-10-09 00:00:00+00:00,1381.800048828125,1381.800048828125,1379.300048828125,1379.5
2013-10-10 00:00:00+00:00,1381.300048828125,1394.0,1381.300048828125,1392.300048828125
2013-10-11 00:00:00+00:00,1382.300048828125,1385.199951171875,1372.0,1372.0
2013-10-14 00:00:00+00:00,1372.699951171875,1380.5999755859375,1372.699951171875,1380.5999755859375
2013-10-15 00:00:00+00:00,1380.4000244140625,1380.4000244140625,1380.4000244140625,1380.4000244140625
2013-10-16 00:00:00+00:00,1395.199951171875,1395.199951171875,1395.199951171875,1395.199951171875
2013-10-17 00:00:00+00:00,1427.199951171875,1431.9000244140625,1427.199951171875,1431.9000244140625
2013-10-18 00:00:00+00:00,1434.800048828125,1435.4000244140625,1434.800048828125,1434.800048828125
2013-10-21 00:00:00+00:00,1431.300048828125,1439.199951171875,1431.300048828125,1435.699951171875
2013-10-22 00:00:00+00:00,1433.9000244140625,1447.800048828125,1433.9000244140625,1447.800048828125
2013-10-23 00:00:00+00:00,1436.699951171875,1436.699951171875,1436.699951171875,1436.699951171875
2013-10-24 00:00:00+00:00,1453.300048828125,1453.300048828125,1453.300048828125,1453.300048828125
2013-10-25 00:00:00+00:00,1452.199951171875,1452.5,1451.699951171875,1452.5
2013-10-28 00:00:00+00:00,1458.9000244140625,1470.0999755859375,1458.9000244140625,1470.0999755859375
2013-10-29 00:00:00+00:00,1465.300048828125,1465.300048828125,1459.0999755859375,1459.0999755859375
2013-10-30 00:00:00+00:00,1477.4000244140625,1477.4000244140625,1477.4000244140625,1477.4000244140625
2013-10-31 00:00:00+00:00,1445.9000244140625,1445.9000244140625,1445.9000244140625,1445.9000244140625
2013-11-01 00:00:00+00:00,1449.4000244140625,1449.4000244140625,1449.4000244140625,1449.4000244140625
2013-11-04 00:00:00+00:00,1453.9000244140625,1453.9000244140625,1453.9000244140625,1453.9000244140625
2013-11-05 00:00:00+00:00,1447.699951171875,1447.699951171875,1447.699951171875,1447.699951171875
2013-11-06 00:00:00+00:00,1465.5999755859375,1465.5999755859375,1465.5999755859375,1465.5999755859375
2013-11-07 00:00:00+00:00,1455.0,1455.0,1455.0,1455.0
2013-11-08 00:00:00+00:00,1441.0999755859375,1441.0999755859375,1441.0999755859375,1441.0999755859375
2013-11-11 00:00:00+00:00,1430.5999755859375,1430.5999755859375,1430.5999755859375,1430.5999755859375
2013-11-12 00:00:00+00:00,1437.800048828125,1437.800048828125,1437.800048828125,1437.800048828125
2013-11-13 00:00:00+00:00,1430.199951171875,1430.199951171875,1430.199951171875,1430.199951171875
2013-11-14 00:00:00+00:00,1442.300048828125,1442.300048828125,1442.300048828125,1442.300048828125
2013-11-15 00:00:00+00:00,1437.0999755859375,1437.0999755859375,1437.0999755859375,1437.0999755859375
2013-11-18 00:00:00+00:00,1409.199951171875,1409.199951171875,1409.199951171875,1409.199951171875
2013-11-19 00:00:00+00:00,1418.0999755859375,1418.0999755859375,1418.0999755859375,1418.0999755859375
2013-11-20 00:00:00+00:00,1397.800048828125,1397.800048828125,1397.800048828125,1397.800048828125
2013-11-21 00:00:00+00:00,1389.9000244140625,1389.9000244140625,1389.9000244140625,1389.9000244140625
2013-11-22 00:00:00+00:00,1380.9000244140625,1380.9000244140625,1380.9000244140625,1380.9000244140625
2013-11-25 00:00:00+00:00,1376.0,1376.0,1376.0,1376.0
2013-11-26 00:00:00+00:00,1370.4000244140625,1370.4000244140625,1370.4000244140625,1370.4000244140625
2013-11-27 00:00:00+00:00,1351.199951171875,1351.199951171875,1351.199951171875,1351.199951171875
2013-11-29 00:00:00+00:00,1367.9000244140625,1367.9000244140625,1367.9000244140625,1367.9000244140625
2013-12-02 00:00:00+00:00,1345.9000244140625,1345.9000244140625,1345.9000244140625,1345.9000244140625
2013-12-03 00:00:00+00:00,1354.9000244140625,1354.9000244140625,1354.9000244140625,1354.9000244140625
2013-12-04 00:00:00+00:00,1375.0999755859375,1375.0999755859375,1375.0999755859375,1375.0999755859375
2013-12-05 00:00:00+00:00,1362.5999755859375,1362.5999755859375,1362.5999755859375,1362.5999755859375
2013-12-06 00:00:00+00:00,1355.4000244140625,1355.4000244140625,1355.4000244140625,1355.4000244140625
2013-12-09 00:00:00+00:00,1367.5999755859375,1367.5999755859375,1367.5999755859375,1367.5999755859375
2013-12-10 00:00:00+00:00,1387.800048828125,1387.800048828125,1387.800048828125,1387.800048828125
2013-12-11 00:00:00+00:00,1384.300048828125,1384.300048828125,1384.300048828125,1384.300048828125
2013-12-12 00:00:00+00:00,1363.5,1363.5,1363.5,1363.5
2013-12-13 00:00:00+00:00,1362.0,1362.0,1362.0,1362.0
2013-12-16 00:00:00+00:00,1359.199951171875,1359.199951171875,1359.199951171875,1359.199951171875
2013-12-17 00:00:00+00:00,1343.699951171875,1343.699951171875,1343.699951171875,1343.699951171875
2013-12-18 00:00:00+00:00,1342.199951171875,1342.199951171875,1342.199951171875,1342.199951171875
2013-12-19 00:00:00+00:00,1318.0,1318.0,1318.0,1318.0
2013-12-20 00:00:00+00:00,1331.9000244140625,1331.9000244140625,1331.9000244140625,1331.9000244140625
2013-12-23 00:00:00+00:00,1327.300048828125,1327.300048828125,1327.300048828125,1327.300048828125
2013-12-24 00:00:00+00:00,1336.4000244140625,1336.4000244140625,1336.4000244140625,1336.4000244140625
2013-12-26 00:00:00+00:00,1362.5999755859375,1362.5999755859375,1362.5999755859375,1362.5999755859375
2013-12-27 00:00:00+00:00,1375.9000244140625,1375.9000244140625,1375.9000244140625,1375.9000244140625
2013-12-30 00:00:00+00:00,1377.0,1377.300048828125,1355.699951171875,1364.0
2013-12-31 00:00:00+00:00,1355.9000244140625,1371.0999755859375,1349.0,1371.0999755859375
2014-01-02 00:00:00+00:00,1376.0999755859375,1405.5999755859375,1376.0999755859375,1401.9000244140625
2014-01-03 00:00:00+00:00,1398.699951171875,1414.4000244140625,1398.699951171875,1411.5
2014-01-06 00:00:00+00:00,1399.300048828125,1414.800048828125,1397.300048828125,1413.699951171875
2014-01-07 00:00:00+00:00,1409.0999755859375,1413.5,1409.0999755859375,1412.699951171875
2014-01-08 00:00:00+00:00,1410.699951171875,1416.300048828125,1404.0,1412.199951171875
2014-01-09 00:00:00+00:00,1414.4000244140625,1417.699951171875,1412.5999755859375,1417.699951171875
2014-01-10 00:00:00+00:00,1416.9000244140625,1434.699951171875,1416.9000244140625,1434.699951171875
2014-01-13 00:00:00+00:00,1435.199951171875,1443.300048828125,1435.199951171875,1441.9000244140625
2014-01-14 00:00:00+00:00,1441.0999755859375,1441.0999755859375,1425.0999755859375,1431.9000244140625
2014-01-15 00:00:00+00:00,1420.199951171875,1427.0999755859375,1413.0,1427.0999755859375
2014-01-16 00:00:00+00:00,1426.199951171875,1430.0,1420.800048828125,1430.0
2014-01-17 00:00:00+00:00,1452.5999755859375,1452.5999755859375,1452.5999755859375,1452.5999755859375
2014-01-21 00:00:00+00:00,1453.0999755859375,1453.0999755859375,1442.0,1452.0
2014-01-22 00:00:00+00:00,1460.9000244140625,1460.9000244140625,1460.9000244140625,1460.9000244140625
2014-01-23 00:00:00+00:00,1457.9000244140625,1461.699951171875,1457.9000244140625,1461.699951171875
2014-01-24 00:00:00+00:00,1430.199951171875,1430.199951171875,1427.0999755859375,1427.0999755859375
2014-01-27 00:00:00+00:00,1423.800048828125,1424.300048828125,1415.9000244140625,1419.4000244140625
2014-01-28 00:00:00+00:00,1415.0,1415.0,1406.5,1407.699951171875
2014-01-29 00:00:00+00:00,1407.199951171875,1415.800048828125,1406.4000244140625,1406.4000244140625
2014-01-30 00:00:00+00:00,1380.699951171875,1380.699951171875,1380.699951171875,1380.699951171875
2014-01-31 00:00:00+00:00,1374.0999755859375,1374.0999755859375,1374.0999755859375,1374.0999755859375
2014-02-03 00:00:00+00:00,1385.0,1385.0,1385.0,1385.0
2014-02-04 00:00:00+00:00,1371.800048828125,1371.800048828125,1371.800048828125,1371.800048828125
2014-02-05 00:00:00+00:00,1377.699951171875,1377.699951171875,1377.699951171875,1377.699951171875
2014-02-06 00:00:00+00:00,1373.300048828125,1373.300048828125,1373.300048828125,1373.300048828125
2014-02-07 00:00:00+00:00,1377.5999755859375,1377.5999755859375,1377.5999755859375,1377.5999755859375
2014-02-10 00:00:00+00:00,1384.300048828125,1384.300048828125,1384.300048828125,1384.300048828125
2014-02-11 00:00:00+00:00,1386.199951171875,1386.199951171875,1386.199951171875,1386.199951171875
2014-02-12 00:00:00+00:00,1405.699951171875,1405.699951171875,1405.699951171875,1405.699951171875
2014-02-13 00:00:00+00:00,1415.0,1415.0,1415.0,1415.0
2014-02-14 00:00:00+00:00,1428.5,1428.5,1428.5,1428.5
2014-02-18 00:00:00+00:00,1422.9000244140625,1422.9000244140625,1422.9000244140625,1422.9000244140625
2014-02-19 00:00:00+00:00,1422.9000244140625,1422.9000244140625,1422.9000244140625,1422.9000244140625
2014-02-20 00:00:00+00:00,1410.9000244140625,1410.9000244140625,1410.9000244140625,1410.9000244140625
2014-02-21 00:00:00+00:00,1426.300048828125,1426.300048828125,1426.300048828125,1426.300048828125
2014-02-24 00:00:00+00:00,1440.199951171875,1440.199951171875,1440.199951171875,1440.199951171875
2014-02-25 00:00:00+00:00,1441.699951171875,1441.699951171875,1441.699951171875,1441.699951171875
2014-02-26 00:00:00+00:00,1428.199951171875,1428.199951171875,1428.199951171875,1428.199951171875
2014-02-27 00:00:00+00:00,1452.800048828125,1452.800048828125,1452.800048828125,1452.800048828125
2014-02-28 00:00:00+00:00,1446.199951171875,1446.199951171875,1446.199951171875,1446.199951171875
2014-03-03 00:00:00+00:00,1460.0999755859375,1460.0999755859375,1460.0999755859375,1460.0999755859375
2014-03-04 00:00:00+00:00,1463.5,1463.5,1463.5,1463.5
2014-03-05 00:00:00+00:00,1476.0,1476.0,1476.0,1476.0
2014-03-06 00:00:00+00:00,1486.199951171875,1486.199951171875,1486.199951171875,1486.199951171875
2014-03-07 00:00:00+00:00,1483.0,1483.0,1483.0,1483.0
2014-03-10 00:00:00+00:00,1476.5999755859375,1476.5999755859375,1476.5999755859375,1476.5999755859375
2014-03-11 00:00:00+00:00,1464.0,1464.0,1464.0,1464.0
2014-03-12 00:00:00+00:00,1475.699951171875,1475.699951171875,1475.699951171875,1475.699951171875
2014-03-13 00:00:00+00:00,1478.800048828125,1478.800048828125,1478.800048828125,1478.800048828125
2014-03-14 00:00:00+00:00,1469.0,1469.0,1469.0,1469.0
2014-03-17 00:00:00+00:00,1467.800048828125,1467.800048828125,1467.800048828125,1467.800048828125
2014-03-18 00:00:00+00:00,1461.199951171875,1461.199951171875,1461.199951171875,1461.199951171875
2014-03-19 00:00:00+00:00,1451.199951171875,1451.199951171875,1451.199951171875,1451.199951171875
2014-03-20 00:00:00+00:00,1434.300048828125,1434.300048828125,1434.300048828125,1434.300048828125
2014-03-21 00:00:00+00:00,1435.5,1435.5,1435.5,1435.5
2014-03-24 00:00:00+00:00,1430.699951171875,1430.699951171875,1430.699951171875,1430.699951171875
2014-03-25 00:00:00+00:00,1436.800048828125,1441.0,1420.4000244140625,1420.4000244140625
2014-03-26 00:00:00+00:00,1406.0,1406.0,1406.0,1406.0
2014-03-27 00:00:00+00:00,1396.699951171875,1396.699951171875,1396.699951171875,1396.699951171875
2014-03-28 00:00:00+00:00,1401.4000244140625,1410.800048828125,1399.199951171875,1404.699951171875
2014-03-31 00:00:00+00:00,1409.9000244140625,1424.4000244140625,1409.9000244140625,1418.5
2014-04-01 00:00:00+00:00,1418.5,1433.699951171875,1415.9000244140625,1428.0
2014-04-02 00:00:00+00:00,1428.0,1437.0999755859375,1427.0999755859375,1437.0999755859375
2014-04-03 00:00:00+00:00,1441.0999755859375,1443.800048828125,1439.5,1443.800048828125
2014-04-04 00:00:00+00:00,1441.5999755859375,1449.4000244140625,1440.0,1449.4000244140625
2014-04-07 00:00:00+00:00,1435.0999755859375,1435.800048828125,1426.300048828125,1426.300048828125
2014-04-08 00:00:00+00:00,1426.800048828125,1441.199951171875,1426.800048828125,1439.800048828125
2014-04-09 00:00:00+00:00,1439.300048828125,1442.199951171875,1435.0,1437.0
2014-04-10 00:00:00+00:00,1460.9000244140625,1460.9000244140625,1458.0,1458.4000244140625
2014-04-11 00:00:00+00:00,1461.5999755859375,1461.5999755859375,1457.0999755859375,1461.5999755859375
2014-04-14 00:00:00+00:00,1468.300048828125,1468.300048828125,1466.0999755859375,1466.800048828125
2014-04-15 00:00:00+00:00,1465.9000244140625,1465.9000244140625,1444.0999755859375,1444.0999755859375
2014-04-16 00:00:00+00:00,1442.0999755859375,1442.0999755859375,1437.199951171875,1437.199951171875
2014-04-17 00:00:00+00:00,1428.0999755859375,1428.0999755859375,1413.0999755859375,1428.0999755859375
2014-04-21 00:00:00+00:00,1400.0,1400.0,1400.0,1400.0
2014-04-22 00:00:00+00:00,1400.0,1400.4000244140625,1399.5999755859375,1399.5999755859375
2014-04-23 00:00:00+00:00,1401.0,1403.199951171875,1400.300048828125,1403.199951171875
2014-04-24 00:00:00+00:00,1411.9000244140625,1411.9000244140625,1407.300048828125,1408.0999755859375
2014-04-25 00:00:00+00:00,1422.800048828125,1422.800048828125,1422.800048828125,1422.800048828125
2014-04-28 00:00:00+00:00,1417.5,1418.199951171875,1417.5,1418.199951171875
2014-04-29 00:00:00+00:00,1405.0999755859375,1430.0999755859375,1405.0999755859375,1430.0999755859375
2014-04-30 00:00:00+00:00,1426.5999755859375,1426.5999755859375,1426.5999755859375,1426.5999755859375
2014-05-01 00:00:00+00:00,1426.199951171875,1426.199951171875,1426.199951171875,1426.199951171875
2014-05-02 00:00:00+00:00,1439.699951171875,1439.699951171875,1439.699951171875,1439.699951171875
2014-05-05 00:00:00+00:00,1447.4000244140625,1447.4000244140625,1447.4000244140625,1447.4000244140625
2014-05-06 00:00:00+00:00,1457.0999755859375,1457.0999755859375,1457.0999755859375,1457.0999755859375
2014-05-07 00:00:00+00:00,1433.800048828125,1433.800048828125,1433.800048828125,1433.800048828125
2014-05-08 00:00:00+00:00,1437.0999755859375,1437.0999755859375,1437.0999755859375,1437.0999755859375
2014-05-09 00:00:00+00:00,1428.9000244140625,1428.9000244140625,1428.9000244140625,1428.9000244140625
2014-05-12 00:00:00+00:00,1440.9000244140625,1440.9000244140625,1440.9000244140625,1440.9000244140625
2014-05-13 00:00:00+00:00,1454.699951171875,1454.699951171875,1454.699951171875,1454.699951171875
2014-05-14 00:00:00+00:00,1484.9000244140625,1484.9000244140625,1484.9000244140625,1484.9000244140625
2014-05-15 00:00:00+00:00,1469.0999755859375,1469.0999755859375,1469.0999755859375,1469.0999755859375
2014-05-16 00:00:00+00:00,1465.300048828125,1465.300048828125,1465.300048828125,1465.300048828125
2014-05-19 00:00:00+00:00,1469.4000244140625,1469.4000244140625,1469.4000244140625,1469.4000244140625
2014-05-20 00:00:00+00:00,1468.0999755859375,1468.0999755859375,1468.0999755859375,1468.0999755859375
2014-05-21 00:00:00+00:00,1479.0999755859375,1482.300048828125,1470.800048828125,1482.300048828125
2014-05-22 00:00:00+00:00,1482.9000244140625,1495.5,1482.9000244140625,1495.5
2014-05-23 00:00:00+00:00,1475.199951171875,1475.199951171875,1475.199951171875,1475.199951171875
2014-05-27 00:00:00+00:00,1464.699951171875,1464.699951171875,1464.699951171875,1464.699951171875
2014-05-28 00:00:00+00:00,1465.0999755859375,1465.0999755859375,1465.0999755859375,1465.0999755859375
2014-05-29 00:00:00+00:00,1452.300048828125,1462.0999755859375,1452.300048828125,1462.0999755859375
2014-05-30 00:00:00+00:00,1454.699951171875,1454.699951171875,1454.699951171875,1454.699951171875
2014-06-02 00:00:00+00:00,1438.699951171875,1438.699951171875,1438.699951171875,1438.699951171875
2014-06-03 00:00:00+00:00,1435.5,1435.5,1435.5,1435.5
2014-06-04 00:00:00+00:00,1435.9000244140625,1435.9000244140625,1435.9000244140625,1435.9000244140625
2014-06-05 00:00:00+00:00,1447.0999755859375,1447.0999755859375,1447.0999755859375,1447.0999755859375
2014-06-06 00:00:00+00:00,1455.0,1455.0,1455.0,1455.0
2014-06-09 00:00:00+00:00,1451.699951171875,1456.300048828125,1451.699951171875,1456.300048828125
2014-06-10 00:00:00+00:00,1485.199951171875,1485.4000244140625,1468.4000244140625,1484.199951171875
2014-06-11 00:00:00+00:00,1483.0999755859375,1483.0999755859375,1483.0999755859375,1483.0999755859375
2014-06-12 00:00:00+00:00,1443.300048828125,1443.300048828125,1443.300048828125,1443.300048828125
2014-06-13 00:00:00+00:00,1437.0,1437.0,1437.0,1437.0
2014-06-16 00:00:00+00:00,1441.0999755859375,1441.0999755859375,1441.0999755859375,1441.0999755859375
2014-06-17 00:00:00+00:00,1445.0999755859375,1445.0999755859375,1445.0999755859375,1445.0999755859375
2014-06-18 00:00:00+00:00,1452.800048828125,1452.800048828125,1452.800048828125,1452.800048828125
2014-06-19 00:00:00+00:00,1476.5,1476.5,1476.5,1476.5
2014-06-20 00:00:00+00:00,1459.300048828125,1459.300048828125,1459.300048828125,1459.300048828125
2014-06-23 00:00:00+00:00,1458.5999755859375,1458.5999755859375,1458.5999755859375,1458.5999755859375
2014-06-24 00:00:00+00:00,1460.0,1473.9000244140625,1460.0,1473.9000244140625
2014-06-25 00:00:00+00:00,1464.699951171875,1475.199951171875,1464.699951171875,1475.199951171875
2014-06-26 00:00:00+00:00,1472.0999755859375,1472.0999755859375,1472.0999755859375,1472.0999755859375
2014-06-27 00:00:00+00:00,1470.0,1486.0999755859375,1468.699951171875,1478.5
2014-06-30 00:00:00+00:00,1483.699951171875,1490.0,1479.0999755859375,1481.0
2014-07-01 00:00:00+00:00,1495.0,1513.5,1495.0,1513.5
2014-07-02 00:00:00+00:00,1510.0999755859375,1513.5,1502.5999755859375,1509.699951171875
2014-07-03 00:00:00+00:00,1501.0,1509.0,1501.0,1506.0999755859375
2014-07-07 00:00:00+00:00,1500.0,1504.199951171875,1494.5,1494.9000244140625
2014-07-08 00:00:00+00:00,1496.199951171875,1503.9000244140625,1492.699951171875,1495.4000244140625
2014-07-09 00:00:00+00:00,1505.800048828125,1505.9000244140625,1505.5,1505.9000244140625
2014-07-10 00:00:00+00:00,1512.0,1516.0,1512.0,1516.0
2014-07-11 00:00:00+00:00,1512.300048828125,1512.300048828125,1512.0,1512.300048828125
2014-07-14 00:00:00+00:00,1500.199951171875,1500.800048828125,1492.300048828125,1492.300048828125
2014-07-15 00:00:00+00:00,1497.9000244140625,1497.9000244140625,1484.300048828125,1484.300048828125
2014-07-16 00:00:00+00:00,1485.0,1485.0,1485.0,1485.0
2014-07-17 00:00:00+00:00,1503.0,1503.0,1503.0,1503.0
2014-07-18 00:00:00+00:00,1494.5,1497.5999755859375,1489.199951171875,1489.199951171875
2014-07-21 00:00:00+00:00,1492.699951171875,1492.699951171875,1487.0,1492.699951171875
2014-07-22 00:00:00+00:00,1493.300048828125,1494.0,1487.5999755859375,1487.5999755859375
2014-07-23 00:00:00+00:00,1485.0,1485.0,1485.0,1485.0
2014-07-24 00:00:00+00:00,1472.699951171875,1472.699951171875,1470.0,1472.699951171875
2014-07-25 00:00:00+00:00,1472.699951171875,1477.5999755859375,1472.699951171875,1477.5999755859375
2014-07-28 00:00:00+00:00,1487.800048828125,1489.4000244140625,1487.800048828125,1489.4000244140625
2014-07-29 00:00:00+00:00,1483.199951171875,1483.199951171875,1483.199951171875,1483.199951171875
2014-07-30 00:00:00+00:00,1472.5999755859375,1487.5,1472.5999755859375,1483.4000244140625
2014-07-31 00:00:00+00:00,1465.699951171875,1465.699951171875,1465.699951171875,1465.699951171875
2014-08-01 00:00:00+00:00,1463.800048828125,1463.800048828125,1463.800048828125,1463.800048828125
2014-08-04 00:00:00+00:00,1468.0999755859375,1468.0999755859375,1468.0999755859375,1468.0999755859375
2014-08-05 00:00:00+00:00,1457.4000244140625,1457.4000244140625,1457.4000244140625,1457.4000244140625
2014-08-06 00:00:00+00:00,1466.699951171875,1466.699951171875,1466.699951171875,1466.699951171875
2014-08-07 00:00:00+00:00,1483.0,1483.0,1483.0,1483.0
2014-08-08 00:00:00+00:00,1481.300048828125,1481.300048828125,1481.300048828125,1481.300048828125
2014-08-11 00:00:00+00:00,1472.5999755859375,1472.5999755859375,1472.5999755859375,1472.5999755859375
2014-08-12 00:00:00+00:00,1473.199951171875,1473.199951171875,1472.699951171875,1473.199951171875
2014-08-13 00:00:00+00:00,1470.9000244140625,1470.9000244140625,1470.9000244140625,1470.9000244140625
2014-08-14 00:00:00+00:00,1470.199951171875,1470.199951171875,1470.199951171875,1470.199951171875
2014-08-15 00:00:00+00:00,1458.199951171875,1458.199951171875,1458.199951171875,1458.199951171875
2014-08-18 00:00:00+00:00,1445.0,1445.5,1443.199951171875,1443.199951171875
2014-08-19 00:00:00+00:00,1436.5,1440.699951171875,1436.5,1437.5
2014-08-20 00:00:00+00:00,1427.699951171875,1427.699951171875,1427.699951171875,1427.699951171875
2014-08-21 00:00:00+00:00,1419.300048828125,1419.300048828125,1419.300048828125,1419.300048828125
2014-08-22 00:00:00+00:00,1420.5,1420.5,1420.5,1420.5
2014-08-25 00:00:00+00:00,1420.4000244140625,1420.4000244140625,1420.4000244140625,1420.4000244140625
2014-08-26 00:00:00+00:00,1421.5999755859375,1421.5999755859375,1421.5999755859375,1421.5999755859375
2014-08-27 00:00:00+00:00,1421.9000244140625,1421.9000244140625,1421.9000244140625,1421.9000244140625
2014-08-28 00:00:00+00:00,1427.199951171875,1427.199951171875,1427.199951171875,1427.199951171875
2014-08-29 00:00:00+00:00,1426.699951171875,1426.699951171875,1426.699951171875,1426.699951171875
2014-09-02 00:00:00+00:00,1421.4000244140625,1421.4000244140625,1406.9000244140625,1410.4000244140625
2014-09-03 00:00:00+00:00,1414.0,1414.0,1414.0,1414.0
2014-09-04 00:00:00+00:00,1409.800048828125,1409.800048828125,1409.800048828125,1409.800048828125
2014-09-05 00:00:00+00:00,1412.5,1412.5,1412.5,1412.5
2014-09-08 00:00:00+00:00,1399.0,1399.0,1399.0,1399.0
2014-09-09 00:00:00+00:00,1387.300048828125,1387.300048828125,1387.300048828125,1387.300048828125
2014-09-10 00:00:00+00:00,1382.5,1382.5,1382.5,1382.5
2014-09-11 00:00:00+00:00,1372.199951171875,1372.199951171875,1372.199951171875,1372.199951171875
2014-09-12 00:00:00+00:00,1372.0,1372.0,1372.0,1372.0
2014-09-15 00:00:00+00:00,1365.0,1365.0,1365.0,1365.0
2014-09-16 00:00:00+00:00,1368.800048828125,1368.800048828125,1368.800048828125,1368.800048828125
2014-09-17 00:00:00+00:00,1366.800048828125,1366.800048828125,1363.699951171875,1363.699951171875
2014-09-18 00:00:00+00:00,1351.0,1351.0,1351.0,1351.0
2014-09-19 00:00:00+00:00,1338.800048828125,1338.800048828125,1338.800048828125,1338.800048828125
2014-09-22 00:00:00+00:00,1331.699951171875,1331.699951171875,1331.699951171875,1331.699951171875
2014-09-23 00:00:00+00:00,1334.199951171875,1334.199951171875,1334.199951171875,1334.199951171875
2014-09-24 00:00:00+00:00,1320.9000244140625,1320.9000244140625,1320.9000244140625,1320.9000244140625
2014-09-25 00:00:00+00:00,1315.699951171875,1315.699951171875,1315.699951171875,1315.699951171875
2014-09-26 00:00:00+00:00,1303.5,1303.5,1303.5,1303.5
2014-09-29 00:00:00+00:00,1301.5,1311.699951171875,1297.699951171875,1307.800048828125
2014-09-30 00:00:00+00:00,1304.0,1311.5,1297.0999755859375,1298.5
2014-10-01 00:00:00+00:00,1293.5999755859375,1304.0999755859375,1262.699951171875,1287.699951171875
2014-10-02 00:00:00+00:00,1280.5999755859375,1292.300048828125,1265.699951171875,1269.0999755859375
2014-10-03 00:00:00+00:00,1267.9000244140625,1270.300048828125,1225.0999755859375,1226.0
2014-10-06 00:00:00+00:00,1209.0,1248.4000244140625,1191.0,1248.4000244140625
2014-10-07 00:00:00+00:00,1261.0999755859375,1262.300048828125,1261.0999755859375,1261.0999755859375
2014-10-08 00:00:00+00:00,1263.4000244140625,1278.199951171875,1263.4000244140625,1266.0999755859375
2014-10-09 00:00:00+00:00,1287.5999755859375,1289.800048828125,1277.800048828125,1277.800048828125
2014-10-10 00:00:00+00:00,1263.699951171875,1263.699951171875,1260.5,1261.0999755859375
2014-10-13 00:00:00+00:00,1260.699951171875,1260.699951171875,1260.699951171875,1260.699951171875
2014-10-14 00:00:00+00:00,1266.199951171875,1274.5999755859375,1265.9000244140625,1272.300048828125
2014-10-15 00:00:00+00:00,1252.199951171875,1270.4000244140625,1252.199951171875,1261.4000244140625
2014-10-16 00:00:00+00:00,1252.4000244140625,1252.4000244140625,1248.699951171875,1252.4000244140625
2014-10-17 00:00:00+00:00,1259.300048828125,1262.0,1259.300048828125,1262.0
2014-10-20 00:00:00+00:00,1267.9000244140625,1267.9000244140625,1267.9000244140625,1267.9000244140625
2014-10-21 00:00:00+00:00,1275.800048828125,1284.800048828125,1275.800048828125,1283.699951171875
2014-10-22 00:00:00+00:00,1274.0,1274.0999755859375,1271.5999755859375,1271.5999755859375
2014-10-23 00:00:00+00:00,1261.0,1261.0,1250.199951171875,1255.5
2014-10-24 00:00:00+00:00,1254.5,1254.5,1249.199951171875,1251.4000244140625
2014-10-27 00:00:00+00:00,1254.5999755859375,1255.199951171875,1253.0999755859375,1255.199951171875
2014-10-28 00:00:00+00:00,1267.0999755859375,1267.0999755859375,1267.0999755859375,1267.0999755859375
2014-10-29 00:00:00+00:00,1272.0,1272.0,1270.0,1270.0
2014-10-30 00:00:00+00:00,1243.5,1246.9000244140625,1243.5,1246.9000244140625
2014-10-31 00:00:00+00:00,1227.0,1236.199951171875,1227.0,1236.199951171875
2014-11-03 00:00:00+00:00,1243.699951171875,1243.699951171875,1243.699951171875,1243.699951171875
2014-11-04 00:00:00+00:00,1225.5999755859375,1225.5999755859375,1225.5999755859375,1225.5999755859375
2014-11-05 00:00:00+00:00,1210.5,1211.5,1210.5,1211.5
2014-11-06 00:00:00+00:00,1198.0,1198.0,1198.0,1198.0
2014-11-07 00:00:00+00:00,1213.300048828125,1213.300048828125,1213.300048828125,1213.300048828125
2014-11-10 00:00:00+00:00,1209.0999755859375,1209.0999755859375,1205.0,1207.4000244140625
2014-11-11 00:00:00+00:00,1207.199951171875,1207.199951171875,1207.199951171875,1207.199951171875
2014-11-12 00:00:00+00:00,1205.800048828125,1205.800048828125,1205.800048828125,1205.800048828125
2014-11-13 00:00:00+00:00,1199.5,1199.5,1199.5,1199.5
2014-11-14 00:00:00+00:00,1213.5999755859375,1213.5999755859375,1213.5999755859375,1213.5999755859375
2014-11-17 00:00:00+00:00,1201.800048828125,1201.800048828125,1201.800048828125,1201.800048828125
2014-11-18 00:00:00+00:00,1205.0999755859375,1205.0999755859375,1205.0999755859375,1205.0999755859375
2014-11-19 00:00:00+00:00,1199.800048828125,1199.800048828125,1199.800048828125,1199.800048828125
2014-11-20 00:00:00+00:00,1206.0999755859375,1206.0999755859375,1206.0999755859375,1206.0999755859375
2014-11-21 00:00:00+00:00,1227.800048828125,1227.800048828125,1227.800048828125,1227.800048828125
2014-11-24 00:00:00+00:00,1208.0,1208.0,1208.0,1208.0
2014-11-25 00:00:00+00:00,1223.5999755859375,1223.5999755859375,1223.5999755859375,1223.5999755859375
2014-11-26 00:00:00+00:00,1227.5,1227.5,1227.5,1227.5
2014-11-28 00:00:00+00:00,1210.4000244140625,1210.4000244140625,1210.4000244140625,1210.4000244140625
2014-12-01 00:00:00+00:00,1240.699951171875,1240.699951171875,1240.699951171875,1240.699951171875
2014-12-02 00:00:00+00:00,1216.5999755859375,1216.5999755859375,1216.5999755859375,1216.5999755859375
2014-12-03 00:00:00+00:00,1222.0999755859375,1227.0,1221.9000244140625,1227.0
2014-12-04 00:00:00+00:00,1235.199951171875,1245.4000244140625,1235.199951171875,1245.4000244140625
2014-12-05 00:00:00+00:00,1219.0,1219.0,1219.0,1219.0
2014-12-08 00:00:00+00:00,1228.9000244140625,1228.9000244140625,1228.9000244140625,1228.9000244140625
2014-12-09 00:00:00+00:00,1246.300048828125,1246.300048828125,1246.300048828125,1246.300048828125
2014-12-10 00:00:00+00:00,1242.0999755859375,1242.0999755859375,1242.0999755859375,1242.0999755859375
2014-12-11 00:00:00+00:00,1241.699951171875,1241.699951171875,1241.699951171875,1241.699951171875
2014-12-12 00:00:00+00:00,1231.0,1231.0,1228.300048828125,1231.0
2014-12-15 00:00:00+00:00,1214.4000244140625,1214.4000244140625,1214.4000244140625,1214.4000244140625
2014-12-16 00:00:00+00:00,1196.0,1196.0,1196.0,1196.0
2014-12-17 00:00:00+00:00,1199.0,1199.0,1199.0,1199.0
2014-12-18 00:00:00+00:00,1196.5999755859375,1196.5999755859375,1196.5999755859375,1196.5999755859375
2014-12-19 00:00:00+00:00,1196.5,1196.5,1196.5,1196.5
2014-12-22 00:00:00+00:00,1181.699951171875,1183.4000244140625,1181.699951171875,1181.699951171875
2014-12-23 00:00:00+00:00,1191.300048828125,1191.300048828125,1191.300048828125,1191.300048828125
2014-12-24 00:00:00+00:00,1190.699951171875,1190.699951171875,1190.699951171875,1190.699951171875
2014-12-26 00:00:00+00:00,1218.0999755859375,1218.0999755859375,1218.0999755859375,1218.0999755859375
2014-12-29 00:00:00+00:00,1201.300048828125,1201.300048828125,1201.300048828125,1201.300048828125
2014-12-30 00:00:00+00:00,1198.4000244140625,1222.0,1198.4000244140625,1218.0999755859375
2014-12-31 00:00:00+00:00,1218.300048828125,1219.9000244140625,1207.0999755859375,1208.9000244140625
2015-01-02 00:00:00+00:00,1209.9000244140625,1209.9000244140625,1187.699951171875,1203.0
2015-01-05 00:00:00+00:00,1199.699951171875,1215.199951171875,1199.0,1210.0999755859375
2015-01-06 00:00:00+00:00,1210.800048828125,1222.9000244140625,1210.699951171875,1220.800048828125
2015-01-07 00:00:00+00:00,1220.199951171875,1222.0,1218.800048828125,1220.699951171875
2015-01-08 00:00:00+00:00,1220.4000244140625,1223.699951171875,1215.5999755859375,1221.699951171875
2015-01-09 00:00:00+00:00,1218.9000244140625,1229.0999755859375,1218.9000244140625,1229.0999755859375
2015-01-12 00:00:00+00:00,1234.0,1245.0,1231.5999755859375,1240.4000244140625
2015-01-13 00:00:00+00:00,1238.0999755859375,1247.5999755859375,1236.0999755859375,1247.4000244140625
2015-01-14 00:00:00+00:00,1237.4000244140625,1245.699951171875,1230.5,1238.4000244140625
2015-01-15 00:00:00+00:00,1232.5,1262.0999755859375,1232.5,1262.0999755859375
2015-01-16 00:00:00+00:00,1264.0,1269.800048828125,1264.0,1269.800048828125
2015-01-20 00:00:00+00:00,1287.0,1287.0,1287.0,1287.0
2015-01-21 00:00:00+00:00,1277.300048828125,1277.300048828125,1277.300048828125,1277.300048828125
2015-01-22 00:00:00+00:00,1283.800048828125,1288.9000244140625,1283.800048828125,1284.0
2015-01-23 00:00:00+00:00,1288.800048828125,1288.800048828125,1268.0,1268.0
2015-01-26 00:00:00+00:00,1250.0,1254.699951171875,1250.0,1254.699951171875
2015-01-27 00:00:00+00:00,1263.800048828125,1268.5,1263.800048828125,1266.300048828125
2015-01-28 00:00:00+00:00,1258.300048828125,1258.300048828125,1257.5999755859375,1257.5999755859375
2015-01-29 00:00:00+00:00,1216.800048828125,1224.0,1216.800048828125,1216.800048828125
2015-01-30 00:00:00+00:00,1226.0,1239.199951171875,1226.0,1239.199951171875
2015-02-02 00:00:00+00:00,1232.0,1232.0,1228.0,1230.4000244140625
2015-02-03 00:00:00+00:00,1231.0999755859375,1237.199951171875,1229.300048828125,1237.199951171875
2015-02-04 00:00:00+00:00,1240.9000244140625,1240.9000244140625,1240.9000244140625,1240.9000244140625
2015-02-05 00:00:00+00:00,1242.0999755859375,1251.699951171875,1238.199951171875,1251.699951171875
2015-02-06 00:00:00+00:00,1223.5999755859375,1223.5999755859375,1223.5999755859375,1223.5999755859375
2015-02-09 00:00:00+00:00,1228.0,1228.0,1222.4000244140625,1222.4000244140625
2015-02-10 00:00:00+00:00,1209.300048828125,1209.300048828125,1209.300048828125,1209.300048828125
2015-02-11 00:00:00+00:00,1197.5,1197.5999755859375,1196.800048828125,1197.5999755859375
2015-02-12 00:00:00+00:00,1206.9000244140625,1206.9000244140625,1203.5,1203.5
2015-02-13 00:00:00+00:00,1210.5,1210.9000244140625,1210.5,1210.5
2015-02-17 00:00:00+00:00,1180.0,1180.0,1180.0,1180.0
2015-02-18 00:00:00+00:00,1174.5,1175.300048828125,1170.199951171875,1170.199951171875
2015-02-19 00:00:00+00:00,1174.699951171875,1175.800048828125,1170.0,1175.800048828125
2015-02-20 00:00:00+00:00,1176.5999755859375,1176.5999755859375,1168.0,1172.9000244140625
2015-02-23 00:00:00+00:00,1166.300048828125,1166.300048828125,1166.300048828125,1166.300048828125
2015-02-24 00:00:00+00:00,1159.800048828125,1168.0,1159.800048828125,1166.5999755859375
2015-02-25 00:00:00+00:00,1172.300048828125,1172.800048828125,1172.0,1172.800048828125
2015-02-26 00:00:00+00:00,1174.699951171875,1174.699951171875,1174.699951171875,1174.699951171875
2015-02-27 00:00:00+00:00,1190.5999755859375,1190.5999755859375,1186.699951171875,1186.699951171875
2015-03-02 00:00:00+00:00,1191.0,1191.0,1191.0,1191.0
2015-03-03 00:00:00+00:00,1190.699951171875,1190.699951171875,1190.699951171875,1190.699951171875
2015-03-04 00:00:00+00:00,1182.800048828125,1182.800048828125,1182.800048828125,1182.800048828125
2015-03-05 00:00:00+00:00,1181.199951171875,1181.199951171875,1181.199951171875,1181.199951171875
2015-03-06 00:00:00+00:00,1159.9000244140625,1159.9000244140625,1159.9000244140625,1159.9000244140625
2015-03-09 00:00:00+00:00,1153.800048828125,1157.199951171875,1149.699951171875,1149.699951171875
2015-03-10 00:00:00+00:00,1138.4000244140625,1138.4000244140625,1130.5,1130.5
2015-03-11 00:00:00+00:00,1133.199951171875,1133.199951171875,1116.4000244140625,1116.4000244140625
2015-03-12 00:00:00+00:00,1121.0,1121.0,1115.9000244140625,1115.9000244140625
2015-03-13 00:00:00+00:00,1120.800048828125,1120.800048828125,1116.199951171875,1116.199951171875
2015-03-16 00:00:00+00:00,1108.9000244140625,1108.9000244140625,1108.9000244140625,1108.9000244140625
2015-03-17 00:00:00+00:00,1094.699951171875,1094.699951171875,1094.699951171875,1094.699951171875
2015-03-18 00:00:00+00:00,1091.0,1093.5999755859375,1091.0,1093.5999755859375
2015-03-19 00:00:00+00:00,1116.0,1140.0,1115.5,1120.800048828125
2015-03-20 00:00:00+00:00,1142.199951171875,1142.199951171875,1142.199951171875,1142.199951171875
2015-03-23 00:00:00+00:00,1145.5,1145.5,1145.5,1145.5
2015-03-24 00:00:00+00:00,1142.5,1142.5,1142.5,1142.5
2015-03-25 00:00:00+00:00,1147.5,1147.5,1147.5,1147.5
2015-03-26 00:00:00+00:00,1155.0,1155.0,1155.0,1155.0
2015-03-27 00:00:00+00:00,1144.5999755859375,1144.5999755859375,1144.5999755859375,1144.5999755859375
2015-03-30 00:00:00+00:00,1142.300048828125,1142.300048828125,1115.0999755859375,1116.9000244140625
2015-03-31 00:00:00+00:00,1120.300048828125,1143.300048828125,1117.5,1142.5999755859375
2015-04-01 00:00:00+00:00,1141.0,1166.800048828125,1133.0,1165.199951171875
2015-04-02 00:00:00+00:00,1163.9000244140625,1163.9000244140625,1153.5999755859375,1153.800048828125
2015-04-06 00:00:00+00:00,1173.199951171875,1185.0,1173.199951171875,1179.9000244140625
2015-04-07 00:00:00+00:00,1170.5999755859375,1173.300048828125,1169.9000244140625,1173.300048828125
2015-04-08 00:00:00+00:00,1168.800048828125,1168.800048828125,1165.5,1165.5
2015-04-09 00:00:00+00:00,1167.699951171875,1167.699951171875,1156.4000244140625,1156.4000244140625
2015-04-10 00:00:00+00:00,1173.300048828125,1174.5999755859375,1170.0,1170.0
2015-04-13 00:00:00+00:00,1162.0999755859375,1162.0999755859375,1153.0999755859375,1153.5
2015-04-14 00:00:00+00:00,1157.300048828125,1158.800048828125,1147.300048828125,1153.699951171875
2015-04-15 00:00:00+00:00,1151.0999755859375,1155.9000244140625,1151.0999755859375,1155.9000244140625
2015-04-16 00:00:00+00:00,1155.300048828125,1158.5,1155.300048828125,1158.5
2015-04-17 00:00:00+00:00,1162.0999755859375,1166.800048828125,1162.0999755859375,1166.800048828125
2015-04-20 00:00:00+00:00,1148.0999755859375,1148.0999755859375,1148.0999755859375,1148.0999755859375
2015-04-21 00:00:00+00:00,1151.800048828125,1151.800048828125,1151.800048828125,1151.800048828125
2015-04-22 00:00:00+00:00,1139.0999755859375,1139.0999755859375,1129.699951171875,1129.699951171875
2015-04-23 00:00:00+00:00,1136.199951171875,1136.199951171875,1136.199951171875,1136.199951171875
2015-04-24 00:00:00+00:00,1127.9000244140625,1128.199951171875,1120.4000244140625,1120.4000244140625
2015-04-27 00:00:00+00:00,1129.199951171875,1152.699951171875,1129.199951171875,1152.699951171875
2015-04-28 00:00:00+00:00,1157.5,1157.5,1157.5,1157.5
2015-04-29 00:00:00+00:00,1160.4000244140625,1160.4000244140625,1153.4000244140625,1160.4000244140625
2015-04-30 00:00:00+00:00,1156.0,1156.0,1139.9000244140625,1139.9000244140625
2015-05-01 00:00:00+00:00,1129.0,1129.0,1129.0,1129.0
2015-05-04 00:00:00+00:00,1150.199951171875,1150.199951171875,1150.199951171875,1150.199951171875
2015-05-05 00:00:00+00:00,1148.0999755859375,1148.0999755859375,1148.0999755859375,1148.0999755859375
2015-05-06 00:00:00+00:00,1142.0999755859375,1142.0999755859375,1142.0999755859375,1142.0999755859375
2015-05-07 00:00:00+00:00,1138.9000244140625,1139.0,1131.4000244140625,1131.4000244140625
2015-05-08 00:00:00+00:00,1139.0999755859375,1144.199951171875,1139.0999755859375,1142.5
2015-05-11 00:00:00+00:00,1126.4000244140625,1126.4000244140625,1126.4000244140625,1126.4000244140625
2015-05-12 00:00:00+00:00,1132.4000244140625,1132.4000244140625,1132.4000244140625,1132.4000244140625
2015-05-13 00:00:00+00:00,1135.199951171875,1149.800048828125,1135.199951171875,1149.800048828125
2015-05-14 00:00:00+00:00,1161.300048828125,1161.300048828125,1161.300048828125,1161.300048828125
2015-05-15 00:00:00+00:00,1168.0,1168.0,1168.0,1168.0
2015-05-18 00:00:00+00:00,1177.4000244140625,1177.4000244140625,1177.4000244140625,1177.4000244140625
2015-05-19 00:00:00+00:00,1149.800048828125,1149.800048828125,1149.800048828125,1149.800048828125
2015-05-20 00:00:00+00:00,1155.800048828125,1155.800048828125,1155.800048828125,1155.800048828125
2015-05-21 00:00:00+00:00,1151.5,1155.699951171875,1151.5,1151.5
2015-05-22 00:00:00+00:00,1147.9000244140625,1147.9000244140625,1147.9000244140625,1147.9000244140625
2015-05-26 00:00:00+00:00,1127.5,1127.5,1123.4000244140625,1123.4000244140625
2015-05-27 00:00:00+00:00,1118.5,1118.5,1118.5,1118.5
2015-05-28 00:00:00+00:00,1121.0,1121.0,1114.699951171875,1115.800048828125
2015-05-29 00:00:00+00:00,1111.0,1111.0,1111.0,1111.0
2015-06-01 00:00:00+00:00,1109.199951171875,1109.199951171875,1103.699951171875,1103.699951171875
2015-06-02 00:00:00+00:00,1111.800048828125,1112.300048828125,1111.800048828125,1112.300048828125
2015-06-03 00:00:00+00:00,1103.5999755859375,1103.5999755859375,1103.5999755859375,1103.5999755859375
2015-06-04 00:00:00+00:00,1098.699951171875,1098.699951171875,1098.699951171875,1098.699951171875
2015-06-05 00:00:00+00:00,1099.199951171875,1099.199951171875,1091.300048828125,1091.300048828125
2015-06-08 00:00:00+00:00,1099.0,1100.5,1099.0,1100.5
2015-06-09 00:00:00+00:00,1107.800048828125,1107.800048828125,1107.800048828125,1107.800048828125
2015-06-10 00:00:00+00:00,1114.699951171875,1114.699951171875,1114.699951171875,1114.699951171875
2015-06-11 00:00:00+00:00,1104.699951171875,1104.699951171875,1104.699951171875,1104.699951171875
2015-06-12 00:00:00+00:00,1096.300048828125,1096.300048828125,1096.300048828125,1096.300048828125
2015-06-15 00:00:00+00:00,1081.5,1088.300048828125,1081.5,1088.300048828125
2015-06-16 00:00:00+00:00,1079.5,1079.5,1079.5,1079.5
2015-06-17 00:00:00+00:00,1075.9000244140625,1075.9000244140625,1070.699951171875,1072.4000244140625
2015-06-18 00:00:00+00:00,1095.199951171875,1095.199951171875,1082.5,1082.5
2015-06-19 00:00:00+00:00,1086.5,1086.5,1086.5,1086.5
2015-06-22 00:00:00+00:00,1060.300048828125,1060.300048828125,1060.300048828125,1060.300048828125
2015-06-23 00:00:00+00:00,1067.199951171875,1067.199951171875,1067.199951171875,1067.199951171875
2015-06-24 00:00:00+00:00,1074.0999755859375,1074.0999755859375,1074.0999755859375,1074.0999755859375
2015-06-25 00:00:00+00:00,1076.0999755859375,1084.0,1072.5,1084.0
2015-06-26 00:00:00+00:00,1084.4000244140625,1084.4000244140625,1080.699951171875,1080.699951171875
2015-06-29 00:00:00+00:00,1085.5,1097.5,1068.0999755859375,1081.4000244140625
2015-06-30 00:00:00+00:00,1080.800048828125,1086.0,1076.5,1078.5999755859375
2015-07-01 00:00:00+00:00,1085.199951171875,1089.0,1080.5,1086.9000244140625
2015-07-02 00:00:00+00:00,1079.4000244140625,1085.5999755859375,1074.5999755859375,1083.5999755859375
2015-07-06 00:00:00+00:00,1078.199951171875,1078.199951171875,1048.800048828125,1065.9000244140625
2015-07-07 00:00:00+00:00,1066.0999755859375,1069.0,1032.0,1041.0999755859375
2015-07-08 00:00:00+00:00,1038.5999755859375,1038.5999755859375,1019.2999877929688,1036.0999755859375
2015-07-09 00:00:00+00:00,1035.5,1035.5,1022.4000244140625,1022.4000244140625
2015-07-10 00:00:00+00:00,1031.0999755859375,1037.0,1031.0999755859375,1032.300048828125
2015-07-13 00:00:00+00:00,1036.0,1036.0,1036.0,1036.0
2015-07-14 00:00:00+00:00,1033.5,1034.5999755859375,1025.9000244140625,1027.9000244140625
2015-07-15 00:00:00+00:00,1030.0,1030.0,1021.5999755859375,1021.5999755859375
2015-07-16 00:00:00+00:00,1013.2000122070312,1013.2000122070312,1011.7999877929688,1012.0999755859375
2015-07-17 00:00:00+00:00,999.4000244140625,1001.0,998.0999755859375,1001.0
2015-07-20 00:00:00+00:00,974.2000122070312,990.2000122070312,974.2000122070312,990.2000122070312
2015-07-21 00:00:00+00:00,985.4000244140625,986.0,979.2000122070312,986.0
2015-07-22 00:00:00+00:00,971.4000244140625,981.5999755859375,970.0,981.5999755859375
2015-07-23 00:00:00+00:00,982.7999877929688,982.7999877929688,982.7999877929688,982.7999877929688
2015-07-24 00:00:00+00:00,981.0999755859375,982.4000244140625,981.0999755859375,982.4000244140625
2015-07-27 00:00:00+00:00,989.7000122070312,990.5,979.7999877929688,990.5
2015-07-28 00:00:00+00:00,987.7999877929688,987.7999877929688,987.7999877929688,987.7999877929688
2015-07-29 00:00:00+00:00,984.4000244140625,984.4000244140625,984.4000244140625,984.4000244140625
2015-07-30 00:00:00+00:00,988.2999877929688,988.5999755859375,982.0999755859375,988.5999755859375
2015-07-31 00:00:00+00:00,984.0,984.0,984.0,984.0
2015-08-03 00:00:00+00:00,980.0,980.0,966.5999755859375,966.5999755859375
2015-08-04 00:00:00+00:00,958.0,958.0,958.0,958.0
2015-08-05 00:00:00+00:00,950.5,950.5,950.5,950.5
2015-08-06 00:00:00+00:00,955.5999755859375,955.5999755859375,955.5999755859375,955.5999755859375
2015-08-07 00:00:00+00:00,961.7999877929688,961.7999877929688,961.7999877929688,961.7999877929688
2015-08-10 00:00:00+00:00,988.9000244140625,988.9000244140625,988.9000244140625,988.9000244140625
2015-08-11 00:00:00+00:00,991.4000244140625,991.4000244140625,991.4000244140625,991.4000244140625
2015-08-12 00:00:00+00:00,998.5999755859375,998.5999755859375,998.5999755859375,998.5999755859375
2015-08-13 00:00:00+00:00,998.7000122070312,998.7000122070312,993.7000122070312,993.7000122070312
2015-08-14 00:00:00+00:00,992.7000122070312,992.7000122070312,992.7000122070312,992.7000122070312
2015-08-17 00:00:00+00:00,997.9000244140625,999.5,997.9000244140625,999.5
2015-08-18 00:00:00+00:00,992.9000244140625,992.9000244140625,992.9000244140625,992.9000244140625
2015-08-19 00:00:00+00:00,1011.9000244140625,1011.9000244140625,1011.9000244140625,1011.9000244140625
2015-08-20 00:00:00+00:00,1034.0,1034.0,1034.0,1034.0
2015-08-21 00:00:00+00:00,1026.5,1026.5,1026.5,1026.5
2015-08-24 00:00:00+00:00,990.9000244140625,990.9000244140625,990.9000244140625,990.9000244140625
2015-08-25 00:00:00+00:00,976.0999755859375,976.0999755859375,976.0999755859375,976.0999755859375
2015-08-26 00:00:00+00:00,973.4000244140625,980.2000122070312,973.4000244140625,980.2000122070312
2015-08-27 00:00:00+00:00,1006.0,1006.0,1006.0,1006.0
2015-08-28 00:00:00+00:00,1008.2999877929688,1021.2999877929688,1008.2999877929688,1021.2999877929688
2015-08-31 00:00:00+00:00,1010.0999755859375,1010.0999755859375,1010.0999755859375,1010.0999755859375
2015-09-01 00:00:00+00:00,1007.5999755859375,1007.5999755859375,1007.5999755859375,1007.5999755859375
2015-09-02 00:00:00+00:00,1012.7999877929688,1012.7999877929688,1012.7999877929688,1012.7999877929688
2015-09-03 00:00:00+00:00,1014.0,1014.0,1009.2999877929688,1009.2999877929688
2015-09-04 00:00:00+00:00,991.5999755859375,991.5999755859375,991.5999755859375,991.5999755859375
2015-09-08 00:00:00+00:00,989.7999877929688,1002.0999755859375,989.7999877929688,1002.0999755859375
2015-09-09 00:00:00+00:00,980.4000244140625,980.4000244140625,980.4000244140625,980.4000244140625
2015-09-10 00:00:00+00:00,983.0,983.0,983.0,983.0
2015-09-11 00:00:00+00:00,979.4000244140625,979.4000244140625,965.2000122070312,965.2000122070312
2015-09-14 00:00:00+00:00,955.7000122070312,955.7000122070312,955.7000122070312,955.7000122070312
2015-09-15 00:00:00+00:00,958.2999877929688,958.2999877929688,958.2999877929688,958.2999877929688
2015-09-16 00:00:00+00:00,975.7999877929688,975.7999877929688,975.7999877929688,975.7999877929688
2015-09-17 00:00:00+00:00,968.5,968.5,968.5,968.5
2015-09-18 00:00:00+00:00,984.5,984.5,984.5,984.5
2015-09-21 00:00:00+00:00,973.7999877929688,973.7999877929688,973.7999877929688,973.7999877929688
2015-09-22 00:00:00+00:00,937.5999755859375,937.5999755859375,937.5999755859375,937.5999755859375
2015-09-23 00:00:00+00:00,932.5,932.5,932.5,932.5
2015-09-24 00:00:00+00:00,952.5,955.9000244140625,952.5,955.9000244140625
2015-09-25 00:00:00+00:00,951.2000122070312,951.2000122070312,951.2000122070312,951.2000122070312
2015-09-28 00:00:00+00:00,926.0999755859375,926.0999755859375,926.0999755859375,926.0999755859375
2015-09-29 00:00:00+00:00,917.7999877929688,921.4000244140625,899.5,917.0999755859375
2015-09-30 00:00:00+00:00,915.7000122070312,925.2000122070312,906.7000122070312,907.2000122070312
2015-10-01 00:00:00+00:00,910.5,913.4000244140625,900.0,903.2000122070312
2015-10-02 00:00:00+00:00,899.4000244140625,913.7000122070312,897.0999755859375,907.2999877929688
2015-10-05 00:00:00+00:00,914.2999877929688,926.0999755859375,906.4000244140625,911.0999755859375
2015-10-06 00:00:00+00:00,917.4000244140625,938.7000122070312,917.4000244140625,933.0
2015-10-07 00:00:00+00:00,935.0,952.5999755859375,935.0,944.5
2015-10-08 00:00:00+00:00,938.2999877929688,953.2999877929688,935.4000244140625,953.2999877929688
2015-10-09 00:00:00+00:00,966.5,980.2000122070312,966.5,979.5
2015-10-12 00:00:00+00:00,980.7000122070312,999.0,980.7000122070312,994.5999755859375
2015-10-13 00:00:00+00:00,995.0999755859375,995.0999755859375,989.7000122070312,991.5
2015-10-14 00:00:00+00:00,994.2000122070312,998.2999877929688,994.2000122070312,994.2000122070312
2015-10-15 00:00:00+00:00,998.7999877929688,1005.5999755859375,998.7999877929688,1005.5999755859375
2015-10-16 00:00:00+00:00,1014.9000244140625,1021.9000244140625,1014.9000244140625,1021.2999877929688
2015-10-19 00:00:00+00:00,1013.4000244140625,1013.4000244140625,1013.4000244140625,1013.4000244140625
2015-10-20 00:00:00+00:00,1020.5,1020.5,1018.9000244140625,1018.9000244140625
2015-10-21 00:00:00+00:00,1020.7999877929688,1020.7999877929688,1006.0,1006.0
2015-10-22 00:00:00+00:00,1012.2000122070312,1012.2000122070312,1012.2000122070312,1012.2000122070312
2015-10-23 00:00:00+00:00,1015.2000122070312,1015.2000122070312,1000.0,1000.0
2015-10-26 00:00:00+00:00,995.7999877929688,995.7999877929688,995.7999877929688,995.7999877929688
2015-10-27 00:00:00+00:00,988.4000244140625,988.4000244140625,987.5,988.4000244140625
2015-10-28 00:00:00+00:00,1001.0,1011.0,1001.0,1011.0
2015-10-29 00:00:00+00:00,991.7999877929688,991.7999877929688,991.7999877929688,991.7999877929688
2015-10-30 00:00:00+00:00,990.2000122070312,990.2000122070312,986.7000122070312,988.5999755859375
2015-11-02 00:00:00+00:00,978.4000244140625,978.4000244140625,978.4000244140625,978.4000244140625
2015-11-03 00:00:00+00:00,961.2000122070312,961.2000122070312,961.2000122070312,961.2000122070312
2015-11-04 00:00:00+00:00,954.0999755859375,954.0999755859375,954.0999755859375,954.0999755859375
2015-11-05 00:00:00+00:00,952.4000244140625,952.4000244140625,952.4000244140625,952.4000244140625
2015-11-06 00:00:00+00:00,939.5999755859375,939.5999755859375,939.5999755859375,939.5999755859375
2015-11-09 00:00:00+00:00,914.4000244140625,914.4000244140625,914.4000244140625,914.4000244140625
2015-11-10 00:00:00+00:00,899.5,899.5,899.5,899.5
2015-11-11 00:00:00+00:00,882.7999877929688,882.7999877929688,882.7999877929688,882.7999877929688
2015-11-12 00:00:00+00:00,875.7999877929688,875.7999877929688,875.7999877929688,875.7999877929688
2015-11-13 00:00:00+00:00,863.5,863.5,863.5,863.5
2015-11-16 00:00:00+00:00,865.2999877929688,865.2999877929688,865.2999877929688,865.2999877929688
2015-11-17 00:00:00+00:00,854.5999755859375,854.5999755859375,854.5999755859375,854.5999755859375
2015-11-18 00:00:00+00:00,847.5,847.5,847.5,847.5
2015-11-19 00:00:00+00:00,857.5999755859375,857.5999755859375,857.5999755859375,857.5999755859375
2015-11-20 00:00:00+00:00,855.2999877929688,855.2999877929688,855.2999877929688,855.2999877929688
2015-11-23 00:00:00+00:00,846.7999877929688,846.7999877929688,846.7999877929688,846.7999877929688
2015-11-24 00:00:00+00:00,840.5,840.5,840.5,840.5
2015-11-25 00:00:00+00:00,842.5,842.5,842.5,842.5
2015-11-27 00:00:00+00:00,850.5999755859375,853.2000122070312,832.2000122070312,833.0
2015-11-30 00:00:00+00:00,830.7000122070312,832.2999877929688,830.5,832.2999877929688
2015-12-01 00:00:00+00:00,835.5,844.5,835.4000244140625,835.4000244140625
2015-12-02 00:00:00+00:00,832.4000244140625,832.4000244140625,832.4000244140625,832.4000244140625
2015-12-03 00:00:00+00:00,847.5,847.5,847.5,847.5
2015-12-04 00:00:00+00:00,877.7999877929688,880.5,877.7000122070312,880.5
2015-12-07 00:00:00+00:00,863.0999755859375,863.0999755859375,863.0999755859375,863.0999755859375
2015-12-08 00:00:00+00:00,846.4000244140625,846.4000244140625,846.4000244140625,846.4000244140625
2015-12-09 00:00:00+00:00,865.5999755859375,865.5999755859375,865.5999755859375,865.5999755859375
2015-12-10 00:00:00+00:00,855.7000122070312,855.7000122070312,855.7000122070312,855.7000122070312
2015-12-11 00:00:00+00:00,843.5,843.5,843.5,843.5
2015-12-14 00:00:00+00:00,850.0,850.0,850.0,850.0
2015-12-15 00:00:00+00:00,855.5999755859375,855.5999755859375,855.5999755859375,855.5999755859375
2015-12-16 00:00:00+00:00,875.7999877929688,875.7999877929688,875.7999877929688,875.7999877929688
2015-12-17 00:00:00+00:00,844.5,844.5,844.5,844.5
2015-12-18 00:00:00+00:00,842.7000122070312,860.5999755859375,842.7000122070312,860.5999755859375
2015-12-21 00:00:00+00:00,881.0999755859375,881.0999755859375,881.0999755859375,881.0999755859375
2015-12-22 00:00:00+00:00,872.7999877929688,872.7999877929688,872.7999877929688,872.7999877929688
2015-12-23 00:00:00+00:00,867.9000244140625,867.9000244140625,867.9000244140625,867.9000244140625
2015-12-24 00:00:00+00:00,883.4000244140625,883.4000244140625,883.4000244140625,883.4000244140625
2015-12-28 00:00:00+00:00,880.5,880.5,880.0,880.0
2015-12-29 00:00:00+00:00,890.5999755859375,890.5999755859375,890.5999755859375,890.5999755859375
2015-12-30 00:00:00+00:00,888.4000244140625,893.5,851.7000122070312,871.0999755859375
2015-12-31 00:00:00+00:00,871.5999755859375,892.0999755859375,866.2999877929688,891.7000122070312
2016-01-04 00:00:00+00:00,890.5999755859375,891.9000244140625,877.4000244140625,883.2000122070312
2016-01-05 00:00:00+00:00,888.7999877929688,897.0,887.2999877929688,888.5999755859375
2016-01-06 00:00:00+00:00,875.0,880.0,873.7000122070312,873.7000122070312
2016-01-07 00:00:00+00:00,880.5,884.2000122070312,864.7999877929688,876.4000244140625
2016-01-08 00:00:00+00:00,876.5999755859375,883.9000244140625,872.0,877.0999755859375
2016-01-11 00:00:00+00:00,876.2999877929688,876.2999877929688,843.2999877929688,845.0
2016-01-12 00:00:00+00:00,845.5999755859375,845.5999755859375,832.7999877929688,837.5
2016-01-13 00:00:00+00:00,837.2000122070312,854.0,836.5,850.2000122070312
2016-01-14 00:00:00+00:00,847.0,847.0,831.5999755859375,834.0
2016-01-15 00:00:00+00:00,823.7999877929688,840.5,822.0999755859375,825.7000122070312
2016-01-19 00:00:00+00:00,821.0,831.4000244140625,821.0,828.7000122070312
2016-01-20 00:00:00+00:00,822.5,822.5,817.9000244140625,817.9000244140625
2016-01-21 00:00:00+00:00,814.2000122070312,818.0999755859375,812.2000122070312,818.0999755859375
2016-01-22 00:00:00+00:00,820.9000244140625,831.5999755859375,820.9000244140625,829.7000122070312
2016-01-25 00:00:00+00:00,859.0999755859375,863.2999877929688,859.0999755859375,859.7000122070312
2016-01-26 00:00:00+00:00,867.2000122070312,877.2999877929688,867.2000122070312,875.2000122070312
2016-01-27 00:00:00+00:00,880.4000244140625,880.4000244140625,880.4000244140625,880.4000244140625
2016-01-28 00:00:00+00:00,865.0,865.9000244140625,864.7000122070312,865.9000244140625
2016-01-29 00:00:00+00:00,872.2999877929688,872.2999877929688,872.2999877929688,872.2999877929688
2016-02-01 00:00:00+00:00,868.7999877929688,868.7999877929688,868.7999877929688,868.7999877929688
2016-02-02 00:00:00+00:00,854.4000244140625,854.4000244140625,854.4000244140625,854.4000244140625
2016-02-03 00:00:00+00:00,878.7999877929688,878.7999877929688,878.7999877929688,878.7999877929688
2016-02-04 00:00:00+00:00,904.4000244140625,904.4000244140625,904.4000244140625,904.4000244140625
2016-02-05 00:00:00+00:00,902.0,902.0,902.0,902.0
2016-02-08 00:00:00+00:00,927.0,927.0,927.0,927.0
2016-02-09 00:00:00+00:00,937.7000122070312,937.7000122070312,937.7000122070312,937.7000122070312
2016-02-10 00:00:00+00:00,929.2000122070312,933.2999877929688,929.2000122070312,933.2999877929688
2016-02-11 00:00:00+00:00,962.4000244140625,962.4000244140625,962.4000244140625,962.4000244140625
2016-02-12 00:00:00+00:00,954.0,957.2999877929688,954.0,957.2999877929688
2016-02-16 00:00:00+00:00,936.7000122070312,936.7000122070312,936.7000122070312,936.7000122070312
2016-02-17 00:00:00+00:00,948.7999877929688,948.7999877929688,948.7999877929688,948.7999877929688
2016-02-18 00:00:00+00:00,944.7000122070312,944.7000122070312,944.7000122070312,944.7000122070312
2016-02-19 00:00:00+00:00,944.5999755859375,944.5999755859375,944.5999755859375,944.5999755859375
2016-02-22 00:00:00+00:00,926.7999877929688,926.7999877929688,926.7999877929688,926.7999877929688
2016-02-23 00:00:00+00:00,942.7000122070312,942.7000122070312,942.7000122070312,942.7000122070312
2016-02-24 00:00:00+00:00,943.0,943.4000244140625,943.0,943.4000244140625
2016-02-25 00:00:00+00:00,943.2999877929688,943.2999877929688,926.0999755859375,926.0999755859375
2016-02-26 00:00:00+00:00,914.5,914.5,914.5,914.5
2016-02-29 00:00:00+00:00,933.7000122070312,933.7000122070312,933.7000122070312,933.7000122070312
2016-03-01 00:00:00+00:00,936.0999755859375,940.0999755859375,936.0999755859375,936.0999755859375
2016-03-02 00:00:00+00:00,931.7999877929688,938.2999877929688,931.7000122070312,935.7000122070312
2016-03-03 00:00:00+00:00,942.2000122070312,942.2000122070312,942.2000122070312,942.2000122070312
2016-03-04 00:00:00+00:00,985.7999877929688,985.7999877929688,985.7999877929688,985.7999877929688
2016-03-07 00:00:00+00:00,1001.5,1001.5,1001.5,1001.5
2016-03-08 00:00:00+00:00,988.9000244140625,988.9000244140625,988.9000244140625,988.9000244140625
2016-03-09 00:00:00+00:00,982.2999877929688,982.2999877929688,982.2999877929688,982.2999877929688
2016-03-10 00:00:00+00:00,977.2000122070312,979.4000244140625,977.2000122070312,977.2000122070312
2016-03-11 00:00:00+00:00,969.2000122070312,969.2000122070312,969.2000122070312,969.2000122070312
2016-03-14 00:00:00+00:00,964.9000244140625,964.9000244140625,964.9000244140625,964.9000244140625
2016-03-15 00:00:00+00:00,959.2999877929688,959.2999877929688,959.2999877929688,959.2999877929688
2016-03-16 00:00:00+00:00,958.2000122070312,958.2000122070312,958.2000122070312,958.2000122070312
2016-03-17 00:00:00+00:00,988.5999755859375,988.5999755859375,988.5999755859375,988.5999755859375
2016-03-18 00:00:00+00:00,970.0,970.0,970.0,970.0
2016-03-21 00:00:00+00:00,981.2999877929688,981.2999877929688,981.2999877929688,981.2999877929688
2016-03-22 00:00:00+00:00,996.2999877929688,996.2999877929688,996.2999877929688,996.2999877929688
2016-03-23 00:00:00+00:00,960.2999877929688,960.2999877929688,960.2999877929688,960.2999877929688
2016-03-24 00:00:00+00:00,951.9000244140625,951.9000244140625,951.9000244140625,951.9000244140625
2016-03-28 00:00:00+00:00,944.2000122070312,944.2000122070312,944.2000122070312,944.2000122070312
2016-03-29 00:00:00+00:00,964.7000122070312,964.7000122070312,964.7000122070312,964.7000122070312
2016-03-30 00:00:00+00:00,969.7000122070312,977.4000244140625,961.0,964.2999877929688
2016-03-31 00:00:00+00:00,965.9000244140625,982.0,964.0,976.5999755859375
2016-04-01 00:00:00+00:00,977.2999877929688,985.0,953.5999755859375,953.5999755859375
2016-04-04 00:00:00+00:00,957.5,957.5,941.7000122070312,942.5
2016-04-05 00:00:00+00:00,945.0,959.2999877929688,945.0,950.0
2016-04-06 00:00:00+00:00,951.7000122070312,957.7999877929688,942.5,942.9000244140625
2016-04-07 00:00:00+00:00,948.7000122070312,954.5,948.7000122070312,953.7999877929688
2016-04-08 00:00:00+00:00,967.5,967.5,967.5,967.5
2016-04-11 00:00:00+00:00,979.0,991.7999877929688,979.0,989.4000244140625
2016-04-12 00:00:00+00:00,987.9000244140625,1002.5999755859375,987.9000244140625,998.5
2016-04-13 00:00:00+00:00,1002.2000122070312,1002.2000122070312,1000.5,1002.2000122070312
2016-04-14 00:00:00+00:00,992.0999755859375,992.0999755859375,992.0999755859375,992.0999755859375
2016-04-15 00:00:00+00:00,990.4000244140625,990.4000244140625,985.5,988.5
2016-04-18 00:00:00+00:00,986.0,986.0,972.5999755859375,976.4000244140625
2016-04-19 00:00:00+00:00,980.7999877929688,1015.2000122070312,980.7999877929688,1014.0
2016-04-20 00:00:00+00:00,1015.9000244140625,1029.300048828125,1012.4000244140625,1026.699951171875
2016-04-21 00:00:00+00:00,1022.5999755859375,1030.5999755859375,1022.5999755859375,1030.5999755859375
2016-04-22 00:00:00+00:00,1010.0,1010.0,1010.0,1010.0
2016-04-25 00:00:00+00:00,1015.4000244140625,1016.7000122070312,1015.4000244140625,1016.7000122070312
2016-04-26 00:00:00+00:00,1006.2000122070312,1018.9000244140625,1006.2000122070312,1018.9000244140625
2016-04-27 00:00:00+00:00,1024.0999755859375,1024.0999755859375,1024.0999755859375,1024.0999755859375
2016-04-28 00:00:00+00:00,1021.0,1049.5,1021.0,1048.9000244140625
2016-04-29 00:00:00+00:00,1072.0,1077.9000244140625,1072.0,1077.9000244140625
2016-05-02 00:00:00+00:00,1084.5,1086.800048828125,1079.5,1084.9000244140625
2016-05-03 00:00:00+00:00,1070.0999755859375,1070.0999755859375,1070.0999755859375,1070.0999755859375
2016-05-04 00:00:00+00:00,1060.0,1060.0,1054.4000244140625,1054.4000244140625
2016-05-05 00:00:00+00:00,1068.699951171875,1068.699951171875,1060.0,1063.199951171875
2016-05-06 00:00:00+00:00,1079.0,1083.699951171875,1079.0,1083.699951171875
2016-05-09 00:00:00+00:00,1060.0,1060.0,1045.0,1045.699951171875
2016-05-10 00:00:00+00:00,1048.5,1048.5,1048.5,1048.5
2016-05-11 00:00:00+00:00,1066.5999755859375,1069.0,1064.4000244140625,1064.4000244140625
2016-05-12 00:00:00+00:00,1052.5,1052.5,1052.5,1052.5
2016-05-13 00:00:00+00:00,1060.300048828125,1060.9000244140625,1051.9000244140625,1051.9000244140625
2016-05-16 00:00:00+00:00,1053.0999755859375,1053.0999755859375,1053.0999755859375,1053.0999755859375
2016-05-17 00:00:00+00:00,1053.699951171875,1053.699951171875,1053.699951171875,1053.699951171875
2016-05-18 00:00:00+00:00,1042.0,1042.0,1042.0,1042.0
2016-05-19 00:00:00+00:00,1012.5,1012.5,1012.5,1012.5
2016-05-20 00:00:00+00:00,1022.5,1022.5,1022.5,1022.5
2016-05-23 00:00:00+00:00,1012.2999877929688,1012.2999877929688,1012.2999877929688,1012.2999877929688
2016-05-24 00:00:00+00:00,1003.7000122070312,1003.7000122070312,1003.7000122070312,1003.7000122070312
2016-05-25 00:00:00+00:00,994.2000122070312,994.2000122070312,994.2000122070312,994.2000122070312
2016-05-26 00:00:00+00:00,995.2999877929688,995.2999877929688,995.2999877929688,995.2999877929688
2016-05-31 00:00:00+00:00,973.2000122070312,983.2999877929688,973.2000122070312,978.7000122070312
2016-06-01 00:00:00+00:00,970.2000122070312,970.2000122070312,970.2000122070312,970.2000122070312
2016-06-02 00:00:00+00:00,958.4000244140625,958.4000244140625,958.4000244140625,958.4000244140625
2016-06-03 00:00:00+00:00,983.2000122070312,983.2000122070312,980.9000244140625,980.9000244140625
2016-06-06 00:00:00+00:00,991.4000244140625,995.5,989.2000122070312,995.5
2016-06-07 00:00:00+00:00,998.4000244140625,998.4000244140625,998.4000244140625,998.4000244140625
2016-06-08 00:00:00+00:00,1011.2999877929688,1011.2999877929688,1011.2999877929688,1011.2999877929688
2016-06-09 00:00:00+00:00,994.9000244140625,1003.4000244140625,994.9000244140625,1003.4000244140625
2016-06-10 00:00:00+00:00,993.7999877929688,993.7999877929688,993.7999877929688,993.7999877929688
2016-06-13 00:00:00+00:00,994.9000244140625,994.9000244140625,994.9000244140625,994.9000244140625
2016-06-14 00:00:00+00:00,971.5,971.5,971.5,971.5
2016-06-15 00:00:00+00:00,974.4000244140625,974.4000244140625,974.4000244140625,974.4000244140625
2016-06-16 00:00:00+00:00,977.9000244140625,977.9000244140625,977.9000244140625,977.9000244140625
2016-06-17 00:00:00+00:00,965.7000122070312,965.7000122070312,965.7000122070312,965.7000122070312
2016-06-20 00:00:00+00:00,986.7999877929688,986.7999877929688,986.7999877929688,986.7999877929688
2016-06-21 00:00:00+00:00,989.0999755859375,989.0999755859375,981.0999755859375,981.0999755859375
2016-06-22 00:00:00+00:00,983.0999755859375,983.0999755859375,983.0999755859375,983.0999755859375
2016-06-23 00:00:00+00:00,965.9000244140625,970.2000122070312,965.9000244140625,965.9000244140625
2016-06-24 00:00:00+00:00,982.7999877929688,986.7000122070312,982.7999877929688,986.7000122070312
2016-06-27 00:00:00+00:00,978.7999877929688,978.7999877929688,978.7999877929688,978.7999877929688
2016-06-28 00:00:00+00:00,978.5,978.5,978.5,978.5
2016-06-29 00:00:00+00:00,980.5,1012.0,980.4000244140625,1011.2999877929688
2016-06-30 00:00:00+00:00,1007.7000122070312,1027.0999755859375,1000.5,1021.5
2016-07-01 00:00:00+00:00,1025.9000244140625,1058.0999755859375,1024.800048828125,1054.699951171875
2016-07-05 00:00:00+00:00,1064.5999755859375,1073.199951171875,1052.0,1072.4000244140625
2016-07-06 00:00:00+00:00,1072.699951171875,1088.5,1068.0999755859375,1086.9000244140625
2016-07-07 00:00:00+00:00,1091.300048828125,1091.300048828125,1088.300048828125,1091.0999755859375
2016-07-08 00:00:00+00:00,1080.5,1097.0,1080.0999755859375,1097.0
2016-07-11 00:00:00+00:00,1094.0,1104.699951171875,1094.0,1104.699951171875
2016-07-12 00:00:00+00:00,1097.199951171875,1099.199951171875,1094.0,1094.4000244140625
2016-07-13 00:00:00+00:00,1095.5,1098.0,1095.0,1096.699951171875
2016-07-14 00:00:00+00:00,1088.0,1101.9000244140625,1088.0,1100.9000244140625
2016-07-15 00:00:00+00:00,1097.0,1097.0,1085.199951171875,1090.5
2016-07-18 00:00:00+00:00,1085.199951171875,1098.5,1085.199951171875,1098.5
2016-07-19 00:00:00+00:00,1088.0,1094.699951171875,1088.0,1094.699951171875
2016-07-20 00:00:00+00:00,1071.9000244140625,1087.800048828125,1066.5,1087.5999755859375
2016-07-21 00:00:00+00:00,1089.4000244140625,1105.199951171875,1089.4000244140625,1105.199951171875
2016-07-22 00:00:00+00:00,1085.5999755859375,1085.5999755859375,1085.0,1085.5999755859375
2016-07-25 00:00:00+00:00,1083.5,1085.0,1083.5,1085.0
2016-07-26 00:00:00+00:00,1097.699951171875,1097.699951171875,1096.199951171875,1096.4000244140625
2016-07-27 00:00:00+00:00,1104.0999755859375,1125.4000244140625,1104.0999755859375,1125.0
2016-07-28 00:00:00+00:00,1147.300048828125,1147.5999755859375,1135.5999755859375,1135.5999755859375
2016-07-29 00:00:00+00:00,1140.0,1150.5999755859375,1140.0,1147.300048828125
2016-08-01 00:00:00+00:00,1159.5999755859375,1161.0,1159.5999755859375,1160.0
2016-08-02 00:00:00+00:00,1169.9000244140625,1179.800048828125,1168.800048828125,1168.800048828125
2016-08-03 00:00:00+00:00,1166.9000244140625,1166.9000244140625,1166.9000244140625,1166.9000244140625
2016-08-04 00:00:00+00:00,1161.5999755859375,1161.9000244140625,1161.5999755859375,1161.9000244140625
2016-08-05 00:00:00+00:00,1144.0,1148.0,1144.0,1148.0
2016-08-08 00:00:00+00:00,1152.0,1152.0,1152.0,1152.0
2016-08-09 00:00:00+00:00,1159.9000244140625,1159.9000244140625,1156.5,1156.5
2016-08-10 00:00:00+00:00,1164.0,1180.5999755859375,1164.0,1180.5999755859375
2016-08-11 00:00:00+00:00,1154.199951171875,1154.199951171875,1142.0,1154.199951171875
2016-08-12 00:00:00+00:00,1144.0,1144.0,1126.800048828125,1126.800048828125
2016-08-15 00:00:00+00:00,1113.800048828125,1113.800048828125,1113.800048828125,1113.800048828125
2016-08-16 00:00:00+00:00,1121.800048828125,1121.800048828125,1121.800048828125,1121.800048828125
2016-08-17 00:00:00+00:00,1112.5,1112.5,1112.5,1112.5
2016-08-18 00:00:00+00:00,1131.0,1131.0,1131.0,1131.0
2016-08-19 00:00:00+00:00,1116.199951171875,1116.199951171875,1116.199951171875,1116.199951171875
2016-08-22 00:00:00+00:00,1106.5,1106.5,1106.5,1106.5
2016-08-23 00:00:00+00:00,1108.800048828125,1108.800048828125,1108.800048828125,1108.800048828125
2016-08-24 00:00:00+00:00,1079.699951171875,1079.699951171875,1079.699951171875,1079.699951171875
2016-08-25 00:00:00+00:00,1074.5,1074.5,1074.5,1074.5
2016-08-26 00:00:00+00:00,1075.199951171875,1075.199951171875,1075.199951171875,1075.199951171875
2016-08-29 00:00:00+00:00,1078.300048828125,1078.300048828125,1078.300048828125,1078.300048828125
2016-08-30 00:00:00+00:00,1053.800048828125,1053.800048828125,1053.800048828125,1053.800048828125
2016-08-31 00:00:00+00:00,1056.0999755859375,1056.0999755859375,1050.800048828125,1050.800048828125
2016-09-01 00:00:00+00:00,1046.199951171875,1046.199951171875,1046.199951171875,1046.199951171875
2016-09-02 00:00:00+00:00,1059.5,1059.5,1059.5,1059.5
2016-09-06 00:00:00+00:00,1069.9000244140625,1100.0,1069.9000244140625,1100.0
2016-09-07 00:00:00+00:00,1098.300048828125,1100.199951171875,1091.199951171875,1091.199951171875
2016-09-08 00:00:00+00:00,1083.0999755859375,1083.0999755859375,1083.0999755859375,1083.0999755859375
2016-09-09 00:00:00+00:00,1065.9000244140625,1065.9000244140625,1065.9000244140625,1065.9000244140625
2016-09-12 00:00:00+00:00,1041.300048828125,1041.300048828125,1041.300048828125,1041.300048828125
2016-09-13 00:00:00+00:00,1034.4000244140625,1034.4000244140625,1034.4000244140625,1034.4000244140625
2016-09-14 00:00:00+00:00,1039.300048828125,1039.300048828125,1039.300048828125,1039.300048828125
2016-09-15 00:00:00+00:00,1032.199951171875,1032.199951171875,1032.199951171875,1032.199951171875
2016-09-16 00:00:00+00:00,1016.0,1016.0,1016.0,1016.0
2016-09-19 00:00:00+00:00,1022.0999755859375,1022.0999755859375,1022.0999755859375,1022.0999755859375
2016-09-20 00:00:00+00:00,1030.5,1030.5,1030.5,1030.5
2016-09-21 00:00:00+00:00,1047.5,1047.5,1047.5,1047.5
2016-09-22 00:00:00+00:00,1062.4000244140625,1062.4000244140625,1062.4000244140625,1062.4000244140625
2016-09-23 00:00:00+00:00,1062.4000244140625,1062.4000244140625,1056.5999755859375,1056.5999755859375
2016-09-26 00:00:00+00:00,1042.5,1042.5,1042.5,1042.5
2016-09-27 00:00:00+00:00,1024.800048828125,1024.800048828125,1024.800048828125,1024.800048828125
2016-09-28 00:00:00+00:00,1021.9000244140625,1021.9000244140625,1021.9000244140625,1021.9000244140625
2016-09-29 00:00:00+00:00,1030.4000244140625,1041.699951171875,1020.0,1030.800048828125
2016-09-30 00:00:00+00:00,1026.0,1040.0,1025.0,1028.5999755859375
2016-10-03 00:00:00+00:00,1024.5,1024.5,1003.7000122070312,1003.7000122070312
2016-10-04 00:00:00+00:00,1005.7999877929688,1005.7999877929688,984.0,984.7000122070312
2016-10-05 00:00:00+00:00,992.5,992.5,970.4000244140625,972.2999877929688
2016-10-06 00:00:00+00:00,980.5,980.5,960.4000244140625,962.2999877929688
2016-10-07 00:00:00+00:00,966.2999877929688,970.9000244140625,958.7999877929688,958.7999877929688
2016-10-11 00:00:00+00:00,964.0,965.0999755859375,945.7999877929688,945.7999877929688
2016-10-12 00:00:00+00:00,949.0,950.2999877929688,938.4000244140625,938.4000244140625
2016-10-13 00:00:00+00:00,940.5,941.2000122070312,928.9000244140625,928.9000244140625
2016-10-14 00:00:00+00:00,936.2000122070312,936.2000122070312,932.0999755859375,935.9000244140625
2016-10-17 00:00:00+00:00,932.7000122070312,932.7000122070312,932.7000122070312,932.7000122070312
2016-10-18 00:00:00+00:00,943.7000122070312,950.5,943.0,943.0
2016-10-19 00:00:00+00:00,941.0,942.2999877929688,940.0999755859375,940.0999755859375
2016-10-20 00:00:00+00:00,943.2999877929688,943.2999877929688,930.5,931.2000122070312
2016-10-21 00:00:00+00:00,926.0,931.2999877929688,926.0,928.5999755859375
2016-10-24 00:00:00+00:00,944.4000244140625,944.7999877929688,932.7000122070312,935.4000244140625
2016-10-25 00:00:00+00:00,961.9000244140625,961.9000244140625,961.9000244140625,961.9000244140625
2016-10-26 00:00:00+00:00,960.5,960.5,960.5,960.5
2016-10-27 00:00:00+00:00,959.7999877929688,961.7000122070312,959.7999877929688,961.7000122070312
2016-10-28 00:00:00+00:00,969.5,978.5999755859375,966.0,978.2000122070312
2016-10-31 00:00:00+00:00,979.0,979.0,975.7999877929688,975.7999877929688
2016-11-01 00:00:00+00:00,995.0999755859375,995.0999755859375,995.0999755859375,995.0999755859375
2016-11-02 00:00:00+00:00,998.2000122070312,998.2000122070312,998.2000122070312,998.2000122070312
2016-11-03 00:00:00+00:00,991.5999755859375,991.5999755859375,991.5999755859375,991.5999755859375
2016-11-04 00:00:00+00:00,1001.7000122070312,1001.7000122070312,1001.7000122070312,1001.7000122070312
2016-11-07 00:00:00+00:00,998.5999755859375,998.5999755859375,998.5999755859375,998.5999755859375
2016-11-08 00:00:00+00:00,1005.7999877929688,1005.7999877929688,1005.7999877929688,1005.7999877929688
2016-11-09 00:00:00+00:00,1000.5,1000.5,997.7999877929688,1000.5
2016-11-10 00:00:00+00:00,1003.0,1003.5,979.5,979.5
2016-11-14 00:00:00+00:00,931.7000122070312,931.7000122070312,931.7000122070312,931.7000122070312
2016-11-15 00:00:00+00:00,932.7999877929688,932.7999877929688,932.7999877929688,932.7999877929688
2016-11-16 00:00:00+00:00,944.5,944.5,944.5,944.5
2016-11-17 00:00:00+00:00,942.5999755859375,942.5999755859375,942.5999755859375,942.5999755859375
2016-11-18 00:00:00+00:00,919.5,919.5,919.5,919.5
2016-11-21 00:00:00+00:00,933.7000122070312,933.7000122070312,933.7000122070312,933.7000122070312
2016-11-22 00:00:00+00:00,941.4000244140625,941.4000244140625,941.4000244140625,941.4000244140625
2016-11-23 00:00:00+00:00,929.5999755859375,929.5999755859375,929.5999755859375,929.5999755859375
2016-11-25 00:00:00+00:00,906.7999877929688,906.7999877929688,906.7999877929688,906.7999877929688
2016-11-28 00:00:00+00:00,921.2999877929688,921.2999877929688,921.2999877929688,921.2999877929688
2016-11-29 00:00:00+00:00,918.2999877929688,921.2000122070312,918.2999877929688,918.9000244140625
2016-11-30 00:00:00+00:00,908.0999755859375,908.0999755859375,908.0999755859375,908.0999755859375
2016-12-01 00:00:00+00:00,909.5999755859375,909.5999755859375,909.5999755859375,909.5999755859375
2016-12-02 00:00:00+00:00,931.0,931.0,931.0,931.0
2016-12-05 00:00:00+00:00,937.0,937.0,937.0,937.0
2016-12-06 00:00:00+00:00,934.0999755859375,934.0999755859375,934.0999755859375,934.0999755859375
2016-12-07 00:00:00+00:00,941.7000122070312,941.7000122070312,941.7000122070312,941.7000122070312
2016-12-08 00:00:00+00:00,942.4000244140625,942.4000244140625,942.4000244140625,942.4000244140625
2016-12-09 00:00:00+00:00,913.7000122070312,913.7000122070312,913.7000122070312,913.7000122070312
2016-12-12 00:00:00+00:00,932.5,932.5,932.5,932.5
2016-12-13 00:00:00+00:00,935.5,935.5,935.5,935.5
2016-12-14 00:00:00+00:00,939.5999755859375,939.5999755859375,939.5999755859375,939.5999755859375
2016-12-15 00:00:00+00:00,892.4000244140625,892.4000244140625,892.4000244140625,892.4000244140625
2016-12-16 00:00:00+00:00,933.0,933.0,933.0,933.0
2016-12-19 00:00:00+00:00,916.2000122070312,916.2000122070312,916.2000122070312,916.2000122070312
2016-12-20 00:00:00+00:00,922.9000244140625,922.9000244140625,922.9000244140625,922.9000244140625
2016-12-21 00:00:00+00:00,917.5,917.5,912.5999755859375,913.2999877929688
2016-12-22 00:00:00+00:00,906.4000244140625,906.4000244140625,906.4000244140625,906.4000244140625
2016-12-23 00:00:00+00:00,892.4000244140625,892.4000244140625,892.4000244140625,892.4000244140625
2016-12-27 00:00:00+00:00,903.2999877929688,903.2999877929688,903.2999877929688,903.2999877929688
2016-12-28 00:00:00+00:00,898.7999877929688,898.7999877929688,898.7999877929688,898.7999877929688
2016-12-29 00:00:00+00:00,900.7000122070312,907.4000244140625,896.0,897.7999877929688
2016-12-30 00:00:00+00:00,899.9000244140625,906.7000122070312,898.2000122070312,901.5999755859375
2017-01-03 00:00:00+00:00,911.4000244140625,943.0,908.2999877929688,939.2999877929688
2017-01-04 00:00:00+00:00,926.0,948.4000244140625,926.0,943.2999877929688
2017-01-05 00:00:00+00:00,952.0,973.4000244140625,950.9000244140625,972.0999755859375
2017-01-06 00:00:00+00:00,965.5999755859375,967.0999755859375,960.0,966.5
2017-01-09 00:00:00+00:00,970.2999877929688,979.9000244140625,965.0,978.5
2017-01-10 00:00:00+00:00,970.5,978.4000244140625,969.5,978.4000244140625
2017-01-11 00:00:00+00:00,970.5,972.5999755859375,967.0,972.2000122070312
2017-01-12 00:00:00+00:00,988.0,988.2999877929688,978.5,980.9000244140625
2017-01-13 00:00:00+00:00,981.2999877929688,986.2000122070312,981.2999877929688,982.4000244140625
2017-01-17 00:00:00+00:00,988.2999877929688,988.2999877929688,979.0999755859375,979.0999755859375
2017-01-18 00:00:00+00:00,968.0,968.0,968.0,968.0
2017-01-19 00:00:00+00:00,952.7999877929688,952.7999877929688,952.7999877929688,952.7999877929688
2017-01-20 00:00:00+00:00,963.2999877929688,979.5999755859375,960.7000122070312,972.2000122070312
2017-01-23 00:00:00+00:00,976.0999755859375,976.0999755859375,976.0999755859375,976.0999755859375
2017-01-24 00:00:00+00:00,982.5,1003.7999877929688,982.5,1003.7999877929688
2017-01-25 00:00:00+00:00,991.9000244140625,993.0,978.0,978.0
2017-01-26 00:00:00+00:00,977.0999755859375,977.9000244140625,977.0999755859375,977.9000244140625
2017-01-27 00:00:00+00:00,979.4000244140625,979.4000244140625,979.4000244140625,979.4000244140625
2017-01-30 00:00:00+00:00,978.7999877929688,989.7999877929688,978.7999877929688,989.7999877929688
2017-01-31 00:00:00+00:00,993.0,993.0,993.0,993.0
2017-02-01 00:00:00+00:00,996.2999877929688,996.2999877929688,996.2999877929688,996.2999877929688
2017-02-02 00:00:00+00:00,996.0999755859375,996.0999755859375,996.0999755859375,996.0999755859375
2017-02-03 00:00:00+00:00,1003.2000122070312,1003.2000122070312,1003.2000122070312,1003.2000122070312
2017-02-06 00:00:00+00:00,1010.5999755859375,1010.5999755859375,1010.5999755859375,1010.5999755859375
2017-02-07 00:00:00+00:00,1009.5,1009.5,1009.5,1009.5
2017-02-08 00:00:00+00:00,1016.4000244140625,1016.4000244140625,1016.4000244140625,1016.4000244140625
2017-02-09 00:00:00+00:00,1019.2000122070312,1019.2000122070312,1019.2000122070312,1019.2000122070312
2017-02-10 00:00:00+00:00,1008.7999877929688,1008.7999877929688,1008.7999877929688,1008.7999877929688
2017-02-13 00:00:00+00:00,998.2000122070312,998.2000122070312,998.2000122070312,998.2000122070312
2017-02-14 00:00:00+00:00,1000.0999755859375,1000.0999755859375,1000.0999755859375,1000.0999755859375
2017-02-15 00:00:00+00:00,1007.7999877929688,1007.7999877929688,1007.7999877929688,1007.7999877929688
2017-02-16 00:00:00+00:00,1013.0,1013.0,1013.0,1013.0
2017-02-17 00:00:00+00:00,1003.5,1003.5,1003.5,1003.5
2017-02-21 00:00:00+00:00,1003.5,1003.5,1003.5,1003.5
2017-02-22 00:00:00+00:00,1002.0,1002.0,1000.0,1000.5
2017-02-23 00:00:00+00:00,1009.7999877929688,1009.7999877929688,1009.7999877929688,1009.7999877929688
2017-02-24 00:00:00+00:00,1026.5,1026.5,1026.5,1026.5
2017-02-27 00:00:00+00:00,1034.0,1043.699951171875,1025.199951171875,1037.4000244140625
2017-02-28 00:00:00+00:00,1029.5,1029.5,1025.0,1029.5
2017-03-01 00:00:00+00:00,1027.4000244140625,1027.4000244140625,1017.4000244140625,1017.4000244140625
2017-03-02 00:00:00+00:00,1013.9000244140625,1015.7999877929688,988.4000244140625,988.4000244140625
2017-03-03 00:00:00+00:00,992.5999755859375,992.5999755859375,992.5999755859375,992.5999755859375
2017-03-06 00:00:00+00:00,976.7000122070312,976.7000122070312,976.7000122070312,976.7000122070312
2017-03-07 00:00:00+00:00,977.0999755859375,977.0999755859375,959.5999755859375,959.5999755859375
2017-03-08 00:00:00+00:00,948.2000122070312,948.2000122070312,948.2000122070312,948.2000122070312
2017-03-09 00:00:00+00:00,935.9000244140625,935.9000244140625,935.9000244140625,935.9000244140625
2017-03-10 00:00:00+00:00,936.9000244140625,936.9000244140625,936.9000244140625,936.9000244140625
2017-03-13 00:00:00+00:00,939.9000244140625,939.9000244140625,939.9000244140625,939.9000244140625
2017-03-14 00:00:00+00:00,937.7000122070312,937.7000122070312,937.7000122070312,937.7000122070312
2017-03-15 00:00:00+00:00,935.5999755859375,935.5999755859375,935.5999755859375,935.5999755859375
2017-03-16 00:00:00+00:00,957.2999877929688,957.2999877929688,957.2999877929688,957.2999877929688
2017-03-17 00:00:00+00:00,962.0,962.0,962.0,962.0
2017-03-20 00:00:00+00:00,971.4000244140625,971.4000244140625,971.4000244140625,971.4000244140625
2017-03-21 00:00:00+00:00,970.5999755859375,970.5999755859375,970.5999755859375,970.5999755859375
2017-03-22 00:00:00+00:00,961.0999755859375,961.0999755859375,961.0999755859375,961.0999755859375
2017-03-23 00:00:00+00:00,963.0999755859375,963.0999755859375,963.0999755859375,963.0999755859375
2017-03-24 00:00:00+00:00,964.0,967.2000122070312,964.0,967.2000122070312
2017-03-27 00:00:00+00:00,968.4000244140625,968.4000244140625,968.4000244140625,968.4000244140625
2017-03-28 00:00:00+00:00,956.9000244140625,956.9000244140625,956.9000244140625,956.9000244140625
2017-03-29 00:00:00+00:00,952.0999755859375,952.0999755859375,952.0999755859375,952.0999755859375
2017-03-30 00:00:00+00:00,954.0999755859375,959.5999755859375,946.0999755859375,951.5999755859375
2017-03-31 00:00:00+00:00,949.2999877929688,950.2000122070312,940.0,948.2000122070312
2017-04-03 00:00:00+00:00,953.0999755859375,955.9000244140625,950.2999877929688,954.7000122070312
2017-04-04 00:00:00+00:00,958.9000244140625,961.2999877929688,956.7000122070312,961.2000122070312
2017-04-05 00:00:00+00:00,960.2999877929688,964.4000244140625,955.5999755859375,956.4000244140625
2017-04-06 00:00:00+00:00,953.9000244140625,955.7000122070312,953.0999755859375,955.7000122070312
2017-04-07 00:00:00+00:00,959.0,959.0,959.0,959.0
2017-04-10 00:00:00+00:00,947.4000244140625,947.4000244140625,937.5,937.5
2017-04-11 00:00:00+00:00,943.5,965.9000244140625,943.5,965.9000244140625
2017-04-12 00:00:00+00:00,966.4000244140625,966.9000244140625,962.0,964.9000244140625
2017-04-13 00:00:00+00:00,973.0,977.2999877929688,971.2999877929688,973.7000122070312
2017-04-17 00:00:00+00:00,976.2000122070312,987.5,972.7000122070312,987.5
2017-04-18 00:00:00+00:00,983.0999755859375,983.0999755859375,975.7999877929688,975.7999877929688
2017-04-19 00:00:00+00:00,976.5999755859375,976.9000244140625,967.5,967.5
2017-04-20 00:00:00+00:00,974.0,979.9000244140625,974.0,978.0
2017-04-21 00:00:00+00:00,975.0,976.5,974.5,974.5
2017-04-24 00:00:00+00:00,957.2000122070312,957.2000122070312,957.2000122070312,957.2000122070312
2017-04-25 00:00:00+00:00,954.5,954.5999755859375,954.5,954.5999755859375
2017-04-26 00:00:00+00:00,952.5,952.5,945.9000244140625,945.9000244140625
2017-04-27 00:00:00+00:00,946.4000244140625,946.4000244140625,946.4000244140625,946.4000244140625
2017-04-28 00:00:00+00:00,946.2999877929688,946.2999877929688,946.2999877929688,946.2999877929688
2017-05-01 00:00:00+00:00,929.7999877929688,929.7999877929688,929.7999877929688,929.7999877929688
2017-05-02 00:00:00+00:00,923.5999755859375,923.5999755859375,923.5999755859375,923.5999755859375
2017-05-03 00:00:00+00:00,902.0,902.0,902.0,902.0
2017-05-04 00:00:00+00:00,905.2999877929688,905.2999877929688,905.2999877929688,905.2999877929688
2017-05-05 00:00:00+00:00,907.7000122070312,907.7000122070312,907.7000122070312,907.7000122070312
2017-05-08 00:00:00+00:00,917.0999755859375,918.0,917.0999755859375,917.0999755859375
2017-05-09 00:00:00+00:00,902.0,902.0,898.4000244140625,898.4000244140625
2017-05-10 00:00:00+00:00,907.4000244140625,907.4000244140625,907.4000244140625,907.4000244140625
2017-05-11 00:00:00+00:00,915.2000122070312,915.2000122070312,915.2000122070312,915.2000122070312
2017-05-12 00:00:00+00:00,915.0,915.0,915.0,915.0
2017-05-15 00:00:00+00:00,930.7000122070312,930.7000122070312,926.2000122070312,926.2000122070312
2017-05-16 00:00:00+00:00,934.5,934.5,934.5,934.5
2017-05-17 00:00:00+00:00,943.5999755859375,943.5999755859375,943.5999755859375,943.5999755859375
2017-05-18 00:00:00+00:00,934.2999877929688,934.2999877929688,934.2999877929688,934.2999877929688
2017-05-19 00:00:00+00:00,937.7000122070312,937.7000122070312,937.7000122070312,937.7000122070312
2017-05-22 00:00:00+00:00,947.7999877929688,947.7999877929688,947.7999877929688,947.7999877929688
2017-05-23 00:00:00+00:00,946.9000244140625,946.9000244140625,946.9000244140625,946.9000244140625
2017-05-24 00:00:00+00:00,944.5999755859375,944.5999755859375,944.5999755859375,944.5999755859375
2017-05-25 00:00:00+00:00,949.7999877929688,949.7999877929688,949.7999877929688,949.7999877929688
2017-05-26 00:00:00+00:00,959.7999877929688,959.7999877929688,959.7999877929688,959.7999877929688
2017-05-30 00:00:00+00:00,961.2999877929688,961.2999877929688,939.0,939.2999877929688
2017-05-31 00:00:00+00:00,948.5,948.5,948.5,948.5
2017-06-01 00:00:00+00:00,925.0,931.2999877929688,925.0,927.2999877929688
2017-06-02 00:00:00+00:00,931.0,951.7000122070312,931.0,951.7000122070312
2017-06-05 00:00:00+00:00,956.2999877929688,956.2999877929688,954.0999755859375,956.2999877929688
2017-06-06 00:00:00+00:00,962.0999755859375,962.0999755859375,962.0999755859375,962.0999755859375
2017-06-07 00:00:00+00:00,946.4000244140625,946.4000244140625,946.4000244140625,946.4000244140625
2017-06-08 00:00:00+00:00,936.9000244140625,936.9000244140625,936.9000244140625,936.9000244140625
2017-06-09 00:00:00+00:00,939.0999755859375,939.0999755859375,939.0999755859375,939.0999755859375
2017-06-12 00:00:00+00:00,943.2999877929688,943.2999877929688,943.2999877929688,943.2999877929688
2017-06-13 00:00:00+00:00,923.0,923.0,923.0,923.0
2017-06-14 00:00:00+00:00,925.4000244140625,950.7000122070312,925.4000244140625,950.7000122070312
2017-06-15 00:00:00+00:00,920.2999877929688,920.2999877929688,920.2999877929688,920.2999877929688
2017-06-16 00:00:00+00:00,925.9000244140625,925.9000244140625,925.9000244140625,925.9000244140625
2017-06-19 00:00:00+00:00,926.0,926.0,926.0,926.0
2017-06-20 00:00:00+00:00,920.5999755859375,920.5999755859375,920.5999755859375,920.5999755859375
2017-06-21 00:00:00+00:00,926.0999755859375,926.0999755859375,926.0999755859375,926.0999755859375
2017-06-22 00:00:00+00:00,924.7000122070312,924.7000122070312,924.7000122070312,924.7000122070312
2017-06-23 00:00:00+00:00,928.5,928.5,928.5,928.5
2017-06-26 00:00:00+00:00,915.7000122070312,915.7000122070312,915.7000122070312,915.7000122070312
2017-06-27 00:00:00+00:00,917.7999877929688,917.7999877929688,917.7999877929688,917.7999877929688
2017-06-28 00:00:00+00:00,920.7000122070312,920.7000122070312,920.7000122070312,920.7000122070312
2017-06-29 00:00:00+00:00,920.9000244140625,925.4000244140625,909.5999755859375,919.0
2017-06-30 00:00:00+00:00,919.0,927.5999755859375,919.0,923.7000122070312
2017-07-03 00:00:00+00:00,929.2999877929688,929.2999877929688,903.4000244140625,903.7999877929688
2017-07-05 00:00:00+00:00,905.7999877929688,906.7000122070312,902.5,905.7000122070312
2017-07-06 00:00:00+00:00,906.5,907.2000122070312,904.9000244140625,907.2000122070312
2017-07-07 00:00:00+00:00,907.2999877929688,910.7000122070312,900.0999755859375,901.0999755859375
2017-07-10 00:00:00+00:00,899.4000244140625,899.4000244140625,898.2999877929688,899.2999877929688
2017-07-11 00:00:00+00:00,900.2999877929688,901.0999755859375,890.2999877929688,896.0
2017-07-12 00:00:00+00:00,901.9000244140625,916.2999877929688,901.4000244140625,916.2999877929688
2017-07-13 00:00:00+00:00,917.9000244140625,917.9000244140625,904.5,904.5
2017-07-14 00:00:00+00:00,904.0999755859375,920.9000244140625,904.0999755859375,920.9000244140625
2017-07-17 00:00:00+00:00,927.5,927.5999755859375,927.2000122070312,927.5999755859375
2017-07-18 00:00:00+00:00,926.4000244140625,929.0,926.4000244140625,927.7000122070312
2017-07-19 00:00:00+00:00,924.5,924.9000244140625,920.0999755859375,921.5999755859375
2017-07-20 00:00:00+00:00,920.0,930.5,920.0,930.5
2017-07-21 00:00:00+00:00,934.7000122070312,934.7000122070312,934.7000122070312,934.7000122070312
2017-07-24 00:00:00+00:00,929.4000244140625,929.4000244140625,929.4000244140625,929.4000244140625
2017-07-25 00:00:00+00:00,929.2999877929688,929.2999877929688,928.5999755859375,928.9000244140625
2017-07-26 00:00:00+00:00,919.5,919.5,919.5,919.5
2017-07-27 00:00:00+00:00,923.2000122070312,923.2000122070312,923.2000122070312,923.2000122070312
2017-07-28 00:00:00+00:00,933.2000122070312,933.2000122070312,933.2000122070312,933.2000122070312
2017-07-31 00:00:00+00:00,937.7000122070312,937.7000122070312,937.7000122070312,937.7000122070312
2017-08-01 00:00:00+00:00,946.5,946.5,946.5,946.5
2017-08-02 00:00:00+00:00,950.7999877929688,950.7999877929688,950.7999877929688,950.7999877929688
2017-08-03 00:00:00+00:00,961.5999755859375,961.5999755859375,961.5999755859375,961.5999755859375
2017-08-04 00:00:00+00:00,962.5999755859375,966.0,962.5999755859375,966.0
2017-08-07 00:00:00+00:00,963.0,968.5999755859375,963.0,968.5999755859375
2017-08-08 00:00:00+00:00,971.7000122070312,971.7000122070312,971.7000122070312,971.7000122070312
2017-08-09 00:00:00+00:00,973.2999877929688,973.2999877929688,973.2999877929688,973.2999877929688
2017-08-10 00:00:00+00:00,983.4000244140625,983.4000244140625,983.4000244140625,983.4000244140625
2017-08-11 00:00:00+00:00,987.2000122070312,987.2000122070312,987.2000122070312,987.2000122070312
2017-08-14 00:00:00+00:00,972.4000244140625,972.4000244140625,972.4000244140625,972.4000244140625
2017-08-15 00:00:00+00:00,964.9000244140625,964.9000244140625,964.9000244140625,964.9000244140625
2017-08-16 00:00:00+00:00,972.0,972.0,972.0,972.0
2017-08-17 00:00:00+00:00,978.9000244140625,978.9000244140625,978.9000244140625,978.9000244140625
2017-08-18 00:00:00+00:00,979.5999755859375,979.5999755859375,979.5999755859375,979.5999755859375
2017-08-21 00:00:00+00:00,982.7000122070312,982.7000122070312,982.7000122070312,982.7000122070312
2017-08-22 00:00:00+00:00,978.5,978.5,978.5,978.5
2017-08-23 00:00:00+00:00,978.0999755859375,978.0999755859375,978.0999755859375,978.0999755859375
2017-08-24 00:00:00+00:00,979.7999877929688,979.7999877929688,979.7999877929688,979.7999877929688
2017-08-25 00:00:00+00:00,976.2999877929688,976.2999877929688,976.2999877929688,976.2999877929688
2017-08-28 00:00:00+00:00,986.5,986.5,986.5,986.5
2017-08-29 00:00:00+00:00,1000.7000122070312,1000.7000122070312,1000.7000122070312,1000.7000122070312
2017-08-30 00:00:00+00:00,993.5,993.5,993.5,993.5
2017-08-31 00:00:00+00:00,996.7999877929688,996.7999877929688,996.7999877929688,996.7999877929688
2017-09-01 00:00:00+00:00,1007.2999877929688,1007.2999877929688,1007.2999877929688,1007.2999877929688
2017-09-05 00:00:00+00:00,1007.4000244140625,1007.4000244140625,1007.4000244140625,1007.4000244140625
2017-09-06 00:00:00+00:00,1005.5999755859375,1005.5999755859375,1005.5999755859375,1005.5999755859375
2017-09-07 00:00:00+00:00,1015.2999877929688,1015.2999877929688,1015.2999877929688,1015.2999877929688
2017-09-08 00:00:00+00:00,1011.0999755859375,1011.0999755859375,1011.0999755859375,1011.0999755859375
2017-09-11 00:00:00+00:00,997.9000244140625,997.9000244140625,997.9000244140625,997.9000244140625
2017-09-12 00:00:00+00:00,986.0,987.0,985.5999755859375,985.5999755859375
2017-09-13 00:00:00+00:00,991.2000122070312,991.2000122070312,982.2999877929688,982.2999877929688
2017-09-14 00:00:00+00:00,980.0999755859375,980.0999755859375,980.0999755859375,980.0999755859375
2017-09-15 00:00:00+00:00,971.0,971.0,971.0,971.0
2017-09-18 00:00:00+00:00,960.2999877929688,960.2999877929688,960.2999877929688,960.2999877929688
2017-09-19 00:00:00+00:00,950.4000244140625,950.4000244140625,950.4000244140625,950.4000244140625
2017-09-20 00:00:00+00:00,944.9000244140625,944.9000244140625,944.9000244140625,944.9000244140625
2017-09-21 00:00:00+00:00,939.4000244140625,939.4000244140625,939.4000244140625,939.4000244140625
2017-09-22 00:00:00+00:00,931.7999877929688,931.7999877929688,931.7999877929688,931.7999877929688
2017-09-25 00:00:00+00:00,940.0,940.0,940.0,940.0
2017-09-26 00:00:00+00:00,924.5,924.5,924.5,924.5
2017-09-27 00:00:00+00:00,921.2999877929688,921.2999877929688,921.2999877929688,921.2999877929688
2017-09-28 00:00:00+00:00,921.2999877929688,924.5999755859375,914.0,921.0
2017-09-29 00:00:00+00:00,922.0,922.2999877929688,910.2999877929688,910.2999877929688
2017-10-02 00:00:00+00:00,910.0,913.0999755859375,906.7999877929688,911.5999755859375
2017-10-03 00:00:00+00:00,910.7999877929688,912.7999877929688,910.7999877929688,911.0999755859375
2017-10-04 00:00:00+00:00,912.5999755859375,912.5999755859375,910.5999755859375,910.5999755859375
2017-10-05 00:00:00+00:00,910.0,914.2000122070312,910.0,914.2000122070312
2017-10-06 00:00:00+00:00,911.5999755859375,915.5,905.2000122070312,912.9000244140625
2017-10-09 00:00:00+00:00,913.5,914.4000244140625,913.5,914.4000244140625
2017-10-10 00:00:00+00:00,931.9000244140625,933.0999755859375,931.9000244140625,933.0999755859375
2017-10-11 00:00:00+00:00,930.4000244140625,932.2000122070312,930.4000244140625,930.4000244140625
2017-10-12 00:00:00+00:00,939.0999755859375,939.0999755859375,939.0999755859375,939.0999755859375
2017-10-13 00:00:00+00:00,938.7999877929688,945.2000122070312,937.5,945.2000122070312
2017-10-16 00:00:00+00:00,940.0,940.0,939.4000244140625,939.4000244140625
2017-10-17 00:00:00+00:00,932.0999755859375,934.5,932.0999755859375,932.0999755859375
2017-10-18 00:00:00+00:00,930.0,930.0,921.9000244140625,921.9000244140625
2017-10-19 00:00:00+00:00,918.5999755859375,923.2000122070312,918.5999755859375,923.2000122070312
2017-10-20 00:00:00+00:00,921.0999755859375,925.0999755859375,917.5,924.0999755859375
2017-10-23 00:00:00+00:00,924.5,924.5,924.5,924.5
2017-10-24 00:00:00+00:00,921.2000122070312,922.7999877929688,921.2000122070312,922.7999877929688
2017-10-25 00:00:00+00:00,924.0,924.0,924.0,924.0
2017-10-26 00:00:00+00:00,920.2000122070312,920.2000122070312,918.2000122070312,918.2000122070312
2017-10-27 00:00:00+00:00,910.5999755859375,910.5999755859375,910.5999755859375,910.5999755859375
2017-10-30 00:00:00+00:00,914.4000244140625,918.9000244140625,914.0,918.9000244140625
2017-10-31 00:00:00+00:00,915.7999877929688,915.7999877929688,915.7999877929688,915.7999877929688
2017-11-01 00:00:00+00:00,933.0,933.0,933.0,933.0
2017-11-02 00:00:00+00:00,924.0999755859375,924.0999755859375,924.0999755859375,924.0999755859375
2017-11-03 00:00:00+00:00,918.5,918.5,918.5,918.5
2017-11-06 00:00:00+00:00,931.7000122070312,933.7999877929688,931.0,931.0
2017-11-07 00:00:00+00:00,928.2999877929688,928.7000122070312,922.0999755859375,922.0999755859375
2017-11-08 00:00:00+00:00,934.5999755859375,934.5999755859375,934.5999755859375,934.5999755859375
2017-11-09 00:00:00+00:00,937.2999877929688,937.2999877929688,937.2999877929688,937.2999877929688
2017-11-10 00:00:00+00:00,928.9000244140625,928.9000244140625,928.9000244140625,928.9000244140625
2017-11-13 00:00:00+00:00,932.4000244140625,932.4000244140625,932.4000244140625,932.4000244140625
2017-11-14 00:00:00+00:00,924.0999755859375,924.0999755859375,924.0999755859375,924.0999755859375
2017-11-15 00:00:00+00:00,928.2000122070312,929.9000244140625,926.4000244140625,929.9000244140625
2017-11-16 00:00:00+00:00,933.0,933.0,933.0,933.0
2017-11-17 00:00:00+00:00,951.4000244140625,951.4000244140625,951.4000244140625,951.4000244140625
2017-11-20 00:00:00+00:00,920.4000244140625,920.4000244140625,920.4000244140625,920.4000244140625
2017-11-21 00:00:00+00:00,934.7999877929688,934.7999877929688,934.7999877929688,934.7999877929688
2017-11-22 00:00:00+00:00,937.5999755859375,937.5999755859375,937.5999755859375,937.5999755859375
2017-11-24 00:00:00+00:00,942.2999877929688,942.2999877929688,942.2999877929688,942.2999877929688
2017-11-27 00:00:00+00:00,947.9000244140625,947.9000244140625,947.9000244140625,947.9000244140625
2017-11-28 00:00:00+00:00,950.0999755859375,950.0999755859375,950.0999755859375,950.0999755859375
2017-11-29 00:00:00+00:00,940.0,940.0,940.0,940.0
2017-11-30 00:00:00+00:00,941.2999877929688,941.2999877929688,941.2999877929688,941.2999877929688
2017-12-01 00:00:00+00:00,939.4000244140625,939.4000244140625,939.4000244140625,939.4000244140625
2017-12-04 00:00:00+00:00,924.7999877929688,927.7999877929688,924.7999877929688,924.7999877929688
2017-12-05 00:00:00+00:00,917.5999755859375,917.5999755859375,915.9000244140625,916.2999877929688
2017-12-06 00:00:00+00:00,915.4000244140625,915.4000244140625,901.9000244140625,901.9000244140625
2017-12-07 00:00:00+00:00,893.5999755859375,893.5999755859375,893.5999755859375,893.5999755859375
2017-12-08 00:00:00+00:00,882.7999877929688,882.7999877929688,882.7999877929688,882.7999877929688
2017-12-11 00:00:00+00:00,891.9000244140625,891.9000244140625,891.9000244140625,891.9000244140625
2017-12-12 00:00:00+00:00,874.7999877929688,874.7999877929688,874.7999877929688,874.7999877929688
2017-12-13 00:00:00+00:00,874.5,874.5,874.5,874.5
2017-12-14 00:00:00+00:00,880.2999877929688,880.2999877929688,880.2999877929688,880.2999877929688
2017-12-15 00:00:00+00:00,888.5,888.5,888.5,888.5
2017-12-18 00:00:00+00:00,912.2999877929688,912.2999877929688,912.2999877929688,912.2999877929688
2017-12-19 00:00:00+00:00,913.2000122070312,913.2000122070312,913.2000122070312,913.2000122070312
2017-12-20 00:00:00+00:00,920.5999755859375,920.5999755859375,920.5999755859375,920.5999755859375
2017-12-21 00:00:00+00:00,918.7999877929688,918.7999877929688,918.7999877929688,918.7999877929688
2017-12-22 00:00:00+00:00,922.0999755859375,922.0999755859375,922.0999755859375,922.0999755859375
2017-12-26 00:00:00+00:00,922.5999755859375,922.5999755859375,922.5999755859375,922.5999755859375
2017-12-27 00:00:00+00:00,922.7999877929688,922.7999877929688,922.7999877929688,922.7999877929688
2017-12-28 00:00:00+00:00,923.2000122070312,928.5,921.9000244140625,926.9000244140625
2017-12-29 00:00:00+00:00,926.9000244140625,935.2000122070312,926.9000244140625,934.2000122070312
2018-01-02 00:00:00+00:00,937.9000244140625,945.7999877929688,937.9000244140625,943.7999877929688
2018-01-03 00:00:00+00:00,941.5,959.9000244140625,941.5,957.7999877929688
2018-01-04 00:00:00+00:00,955.5,967.0,947.2000122070312,966.0999755859375
2018-01-05 00:00:00+00:00,963.0,971.2000122070312,963.0,971.2000122070312
2018-01-08 00:00:00+00:00,970.7999877929688,972.2999877929688,970.7999877929688,972.2999877929688
2018-01-09 00:00:00+00:00,967.9000244140625,967.9000244140625,967.9000244140625,967.9000244140625
2018-01-10 00:00:00+00:00,974.4000244140625,974.4000244140625,974.4000244140625,974.4000244140625
2018-01-11 00:00:00+00:00,986.9000244140625,986.9000244140625,984.0,986.9000244140625
2018-01-12 00:00:00+00:00,992.0,993.5,991.2000122070312,991.2000122070312
2018-01-16 00:00:00+00:00,1000.2000122070312,1000.2000122070312,1000.2000122070312,1000.2000122070312
2018-01-17 00:00:00+00:00,1004.7000122070312,1006.2000122070312,1002.5,1006.2000122070312
2018-01-18 00:00:00+00:00,1004.5,1005.0,1004.5,1005.0
2018-01-19 00:00:00+00:00,1012.4000244140625,1017.2999877929688,1010.0999755859375,1016.2000122070312
2018-01-22 00:00:00+00:00,997.0,998.5999755859375,994.0,994.2999877929688
2018-01-23 00:00:00+00:00,1005.2999877929688,1005.2999877929688,1005.2999877929688,1005.2999877929688
2018-01-24 00:00:00+00:00,1013.2999877929688,1013.2999877929688,1013.2999877929688,1013.2999877929688
2018-01-25 00:00:00+00:00,1022.5999755859375,1029.300048828125,1022.5999755859375,1029.300048828125
2018-01-26 00:00:00+00:00,1015.0,1015.0,1015.0,1015.0
2018-01-30 00:00:00+00:00,997.4000244140625,997.4000244140625,997.4000244140625,997.4000244140625
2018-01-31 00:00:00+00:00,1001.5999755859375,1001.5999755859375,1001.2999877929688,1001.2999877929688
2018-02-01 00:00:00+00:00,1004.7999877929688,1004.7999877929688,1004.7999877929688,1004.7999877929688
2018-02-02 00:00:00+00:00,996.4000244140625,996.4000244140625,996.4000244140625,996.4000244140625
2018-02-05 00:00:00+00:00,992.5,992.5,989.9000244140625,992.5
2018-02-06 00:00:00+00:00,991.2999877929688,991.2999877929688,991.2999877929688,991.2999877929688
2018-02-07 00:00:00+00:00,978.7000122070312,979.7999877929688,978.7000122070312,978.7000122070312
2018-02-08 00:00:00+00:00,975.4000244140625,975.4000244140625,975.4000244140625,975.4000244140625
2018-02-09 00:00:00+00:00,958.5,958.5,958.5,958.5
2018-02-12 00:00:00+00:00,969.7999877929688,969.7999877929688,969.7999877929688,969.7999877929688
2018-02-13 00:00:00+00:00,972.7000122070312,972.7000122070312,972.7000122070312,972.7000122070312
2018-02-14 00:00:00+00:00,996.0999755859375,996.0999755859375,996.0999755859375,996.0999755859375
2018-02-15 00:00:00+00:00,998.0999755859375,998.0999755859375,998.0999755859375,998.0999755859375
2018-02-16 00:00:00+00:00,1009.2999877929688,1009.2999877929688,1009.2999877929688,1009.2999877929688
2018-02-20 00:00:00+00:00,1001.0,1001.0,1001.0,1001.0
2018-02-21 00:00:00+00:00,994.4000244140625,998.0,993.5999755859375,993.5999755859375
2018-02-22 00:00:00+00:00,996.4000244140625,996.4000244140625,996.4000244140625,996.4000244140625
2018-02-23 00:00:00+00:00,995.7999877929688,995.7999877929688,995.7999877929688,995.7999877929688
2018-02-26 00:00:00+00:00,998.7999877929688,998.7999877929688,998.7999877929688,998.7999877929688
2018-02-27 00:00:00+00:00,984.7000122070312,984.7000122070312,983.0999755859375,983.0999755859375
2018-02-28 00:00:00+00:00,986.5999755859375,986.5999755859375,986.5999755859375,986.5999755859375
2018-03-01 00:00:00+00:00,956.2999877929688,956.2999877929688,956.2999877929688,956.2999877929688
2018-03-02 00:00:00+00:00,963.5999755859375,963.5999755859375,963.5999755859375,963.5999755859375
2018-03-05 00:00:00+00:00,960.5999755859375,960.5999755859375,960.5999755859375,960.5999755859375
2018-03-06 00:00:00+00:00,969.0999755859375,969.0999755859375,969.0999755859375,969.0999755859375
2018-03-07 00:00:00+00:00,951.7000122070312,951.7000122070312,951.7000122070312,951.7000122070312
2018-03-08 00:00:00+00:00,950.7999877929688,950.7999877929688,950.7999877929688,950.7999877929688
2018-03-09 00:00:00+00:00,962.7000122070312,962.7000122070312,962.7000122070312,962.7000122070312
2018-03-12 00:00:00+00:00,961.4000244140625,961.4000244140625,961.4000244140625,961.4000244140625
2018-03-13 00:00:00+00:00,965.7999877929688,965.7999877929688,965.7999877929688,965.7999877929688
2018-03-14 00:00:00+00:00,960.0,960.0,960.0,960.0
2018-03-15 00:00:00+00:00,955.4000244140625,955.4000244140625,955.4000244140625,955.4000244140625
2018-03-16 00:00:00+00:00,948.7000122070312,948.7000122070312,948.7000122070312,948.7000122070312
2018-03-19 00:00:00+00:00,952.9000244140625,952.9000244140625,952.9000244140625,952.9000244140625
2018-03-20 00:00:00+00:00,943.5,943.5,943.5,943.5
2018-03-21 00:00:00+00:00,949.0999755859375,949.0999755859375,949.0999755859375,949.0999755859375
2018-03-22 00:00:00+00:00,947.5999755859375,947.5999755859375,947.5999755859375,947.5999755859375
2018-03-23 00:00:00+00:00,946.9000244140625,946.9000244140625,946.9000244140625,946.9000244140625
2018-03-26 00:00:00+00:00,948.9000244140625,948.9000244140625,948.9000244140625,948.9000244140625
2018-03-27 00:00:00+00:00,945.2000122070312,945.2000122070312,945.2000122070312,945.2000122070312
2018-03-28 00:00:00+00:00,944.9000244140625,947.7000122070312,933.4000244140625,934.7000122070312
2018-03-29 00:00:00+00:00,938.0,938.0,927.2999877929688,927.2999877929688
2018-04-02 00:00:00+00:00,934.2999877929688,934.2999877929688,930.0,930.7000122070312
2018-04-03 00:00:00+00:00,933.9000244140625,933.9000244140625,918.7999877929688,925.2999877929688
2018-04-04 00:00:00+00:00,912.0999755859375,912.0999755859375,912.0999755859375,912.0999755859375
2018-04-05 00:00:00+00:00,908.7000122070312,909.7999877929688,906.5,909.7999877929688
2018-04-06 00:00:00+00:00,907.5,912.0,905.5,912.0
2018-04-09 00:00:00+00:00,933.9000244140625,933.9000244140625,933.9000244140625,933.9000244140625
2018-04-10 00:00:00+00:00,931.7000122070312,933.7999877929688,927.5999755859375,927.5999755859375
2018-04-11 00:00:00+00:00,929.5,929.5,928.7999877929688,928.7999877929688
2018-04-12 00:00:00+00:00,929.0,929.0,929.0,929.0
2018-04-13 00:00:00+00:00,927.2999877929688,927.2999877929688,927.2999877929688,927.2999877929688
2018-04-16 00:00:00+00:00,925.7000122070312,925.7000122070312,925.7000122070312,925.7000122070312
2018-04-17 00:00:00+00:00,933.9000244140625,933.9000244140625,933.9000244140625,933.9000244140625
2018-04-18 00:00:00+00:00,942.2000122070312,942.2000122070312,939.5,939.5
2018-04-19 00:00:00+00:00,947.7999877929688,947.7999877929688,933.7000122070312,933.7000122070312
2018-04-20 00:00:00+00:00,925.9000244140625,925.9000244140625,925.5999755859375,925.5999755859375
2018-04-23 00:00:00+00:00,919.2999877929688,919.2999877929688,916.2999877929688,916.2999877929688
2018-04-24 00:00:00+00:00,928.9000244140625,928.9000244140625,928.9000244140625,928.9000244140625
2018-04-25 00:00:00+00:00,906.5999755859375,906.5999755859375,906.5999755859375,906.5999755859375
2018-04-26 00:00:00+00:00,907.5999755859375,908.0,904.0,904.0
2018-04-27 00:00:00+00:00,910.0,911.0,908.7999877929688,911.0
2018-04-30 00:00:00+00:00,898.2000122070312,899.0,898.2000122070312,899.0
2018-05-01 00:00:00+00:00,888.7999877929688,888.7999877929688,888.7999877929688,888.7999877929688
2018-05-02 00:00:00+00:00,888.5,888.5,888.5,888.5
2018-05-03 00:00:00+00:00,898.7000122070312,898.7000122070312,898.7000122070312,898.7000122070312
2018-05-04 00:00:00+00:00,905.0,905.0,905.0,905.0
2018-05-07 00:00:00+00:00,908.0,908.0,908.0,908.0
2018-05-08 00:00:00+00:00,907.0999755859375,907.0999755859375,907.0999755859375,907.0999755859375
2018-05-09 00:00:00+00:00,911.5999755859375,911.5999755859375,911.5999755859375,911.5999755859375
2018-05-10 00:00:00+00:00,920.5,920.5,920.5,920.5
2018-05-11 00:00:00+00:00,922.4000244140625,922.4000244140625,922.4000244140625,922.4000244140625
2018-05-14 00:00:00+00:00,911.5,911.5,911.5,911.5
2018-05-15 00:00:00+00:00,893.7999877929688,893.7999877929688,893.7999877929688,893.7999877929688
2018-05-16 00:00:00+00:00,886.5,886.5,886.5,886.5
2018-05-17 00:00:00+00:00,889.0,889.0,889.0,889.0
2018-05-18 00:00:00+00:00,883.4000244140625,883.4000244140625,883.4000244140625,883.4000244140625
2018-05-21 00:00:00+00:00,896.7000122070312,896.7000122070312,896.7000122070312,896.7000122070312
2018-05-22 00:00:00+00:00,905.7000122070312,905.7000122070312,905.7000122070312,905.7000122070312
2018-05-23 00:00:00+00:00,897.7000122070312,897.7000122070312,897.7000122070312,897.7000122070312
2018-05-24 00:00:00+00:00,909.5,909.5,909.5,909.5
2018-05-25 00:00:00+00:00,898.2000122070312,898.2000122070312,898.2000122070312,898.2000122070312
2018-05-29 00:00:00+00:00,902.7999877929688,902.7999877929688,902.7999877929688,902.7999877929688
2018-05-30 00:00:00+00:00,902.7000122070312,908.5999755859375,902.7000122070312,906.5
2018-05-31 00:00:00+00:00,908.0999755859375,908.0999755859375,908.0999755859375,908.0999755859375
2018-06-01 00:00:00+00:00,904.7000122070312,904.7000122070312,904.7000122070312,904.7000122070312
2018-06-04 00:00:00+00:00,901.5,901.5,901.5,901.5
2018-06-05 00:00:00+00:00,899.2999877929688,899.2999877929688,899.2999877929688,899.2999877929688
2018-06-06 00:00:00+00:00,905.5999755859375,905.5999755859375,905.5999755859375,905.5999755859375
2018-06-07 00:00:00+00:00,898.2999877929688,898.2999877929688,898.2999877929688,898.2999877929688
2018-06-08 00:00:00+00:00,903.7000122070312,903.7000122070312,903.7000122070312,903.7000122070312
2018-06-11 00:00:00+00:00,904.4000244140625,904.4000244140625,904.4000244140625,904.4000244140625
2018-06-12 00:00:00+00:00,899.5,899.5,899.5,899.5
2018-06-13 00:00:00+00:00,900.5,900.5,900.5,900.5
2018-06-14 00:00:00+00:00,908.9000244140625,908.9000244140625,908.9000244140625,908.9000244140625
2018-06-15 00:00:00+00:00,908.9000244140625,908.9000244140625,885.7999877929688,885.7999877929688
2018-06-18 00:00:00+00:00,881.9000244140625,881.9000244140625,881.9000244140625,881.9000244140625
2018-06-19 00:00:00+00:00,862.9000244140625,862.9000244140625,862.9000244140625,862.9000244140625
2018-06-20 00:00:00+00:00,872.0999755859375,872.0999755859375,872.0999755859375,872.0999755859375
2018-06-21 00:00:00+00:00,861.2000122070312,861.2000122070312,861.2000122070312,861.2000122070312
2018-06-22 00:00:00+00:00,871.2999877929688,871.2999877929688,871.2999877929688,871.2999877929688
2018-06-25 00:00:00+00:00,866.7999877929688,866.7999877929688,866.7999877929688,866.7999877929688
2018-06-26 00:00:00+00:00,869.2999877929688,869.2999877929688,869.2999877929688,869.2999877929688
2018-06-27 00:00:00+00:00,856.2999877929688,856.2999877929688,856.2999877929688,856.2999877929688
2018-06-28 00:00:00+00:00,858.7999877929688,858.7999877929688,844.2999877929688,850.2999877929688
2018-06-29 00:00:00+00:00,849.7000122070312,852.4000244140625,844.0999755859375,852.4000244140625
2018-07-02 00:00:00+00:00,838.9000244140625,838.9000244140625,809.0,809.0
2018-07-03 00:00:00+00:00,817.0,844.0,796.9000244140625,841.7999877929688
2018-07-05 00:00:00+00:00,837.0999755859375,838.2999877929688,837.0999755859375,837.0999755859375
2018-07-06 00:00:00+00:00,844.2000122070312,844.2000122070312,842.5,844.2000122070312
2018-07-09 00:00:00+00:00,853.5,854.4000244140625,849.0,849.0
2018-07-10 00:00:00+00:00,851.0,851.0,842.0,842.0
2018-07-11 00:00:00+00:00,837.0,837.0,831.0,831.0
2018-07-12 00:00:00+00:00,842.2999877929688,842.2999877929688,842.2999877929688,842.2999877929688
2018-07-13 00:00:00+00:00,826.9000244140625,830.5999755859375,826.2000122070312,826.2000122070312
2018-07-16 00:00:00+00:00,820.7999877929688,822.2999877929688,820.7999877929688,822.2999877929688
2018-07-17 00:00:00+00:00,815.7999877929688,815.7999877929688,815.7999877929688,815.7999877929688
2018-07-18 00:00:00+00:00,813.7000122070312,813.7000122070312,813.7000122070312,813.7000122070312
2018-07-19 00:00:00+00:00,814.4000244140625,814.4000244140625,798.0,800.5999755859375
2018-07-20 00:00:00+00:00,825.5,826.5,823.5999755859375,823.5999755859375
2018-07-23 00:00:00+00:00,825.7999877929688,825.7999877929688,825.7999877929688,825.7999877929688
2018-07-24 00:00:00+00:00,829.5999755859375,829.5999755859375,829.5999755859375,829.5999755859375
2018-07-25 00:00:00+00:00,833.7999877929688,833.7999877929688,833.7999877929688,833.7999877929688
2018-07-26 00:00:00+00:00,826.5,832.7000122070312,826.5,832.4000244140625
2018-07-27 00:00:00+00:00,827.5,827.9000244140625,826.4000244140625,826.4000244140625
2018-07-30 00:00:00+00:00,825.0999755859375,829.2000122070312,824.4000244140625,826.5999755859375
2018-07-31 00:00:00+00:00,840.9000244140625,840.9000244140625,840.9000244140625,840.9000244140625
2018-08-01 00:00:00+00:00,812.4000244140625,812.4000244140625,812.4000244140625,812.4000244140625
2018-08-02 00:00:00+00:00,823.4000244140625,823.4000244140625,823.4000244140625,823.4000244140625
2018-08-03 00:00:00+00:00,832.0999755859375,832.0999755859375,832.0999755859375,832.0999755859375
2018-08-06 00:00:00+00:00,821.5,821.5,821.5,821.5
2018-08-07 00:00:00+00:00,826.5999755859375,826.5999755859375,826.5999755859375,826.5999755859375
2018-08-08 00:00:00+00:00,824.7000122070312,824.7000122070312,824.7000122070312,824.7000122070312
2018-08-09 00:00:00+00:00,829.2999877929688,829.2999877929688,829.2999877929688,829.2999877929688
2018-08-10 00:00:00+00:00,824.7999877929688,824.7999877929688,824.7999877929688,824.7999877929688
2018-08-13 00:00:00+00:00,794.5999755859375,794.5999755859375,794.5999755859375,794.5999755859375
2018-08-14 00:00:00+00:00,798.5,798.5,798.5,798.5
2018-08-15 00:00:00+00:00,768.7000122070312,768.7000122070312,768.7000122070312,768.7000122070312
2018-08-16 00:00:00+00:00,781.2999877929688,781.2999877929688,781.2999877929688,781.2999877929688
2018-08-17 00:00:00+00:00,774.0999755859375,774.0999755859375,774.0999755859375,774.0999755859375
2018-08-20 00:00:00+00:00,790.7000122070312,790.7000122070312,790.7000122070312,790.7000122070312
2018-08-21 00:00:00+00:00,789.7999877929688,789.7999877929688,789.7999877929688,789.7999877929688
2018-08-22 00:00:00+00:00,790.5,790.5,790.5,790.5
2018-08-23 00:00:00+00:00,777.5,777.5,773.4000244140625,775.2000122070312
2018-08-24 00:00:00+00:00,786.4000244140625,786.4000244140625,786.4000244140625,786.4000244140625
2018-08-27 00:00:00+00:00,801.2000122070312,801.2000122070312,801.2000122070312,801.2000122070312
2018-08-28 00:00:00+00:00,793.5,793.5,793.5,793.5
2018-08-29 00:00:00+00:00,794.7999877929688,794.7999877929688,794.7999877929688,794.7999877929688
2018-08-30 00:00:00+00:00,792.2000122070312,792.2000122070312,790.5,790.5
2018-08-31 00:00:00+00:00,785.9000244140625,785.9000244140625,785.9000244140625,785.9000244140625
2018-09-04 00:00:00+00:00,777.0,777.0,777.0,777.0
2018-09-05 00:00:00+00:00,783.0999755859375,783.0999755859375,781.0,783.0999755859375
2018-09-06 00:00:00+00:00,793.7999877929688,793.7999877929688,789.7000122070312,789.7000122070312
2018-09-07 00:00:00+00:00,779.2000122070312,779.2000122070312,779.2000122070312,779.2000122070312
2018-09-10 00:00:00+00:00,799.0999755859375,799.0999755859375,788.7999877929688,788.7999877929688
2018-09-11 00:00:00+00:00,788.0999755859375,788.0999755859375,788.0999755859375,788.0999755859375
2018-09-12 00:00:00+00:00,798.7000122070312,798.7000122070312,798.7000122070312,798.7000122070312
2018-09-13 00:00:00+00:00,802.0999755859375,802.0999755859375,802.0999755859375,802.0999755859375
2018-09-14 00:00:00+00:00,797.4000244140625,797.4000244140625,797.4000244140625,797.4000244140625
2018-09-17 00:00:00+00:00,799.7000122070312,799.7000122070312,799.7000122070312,799.7000122070312
2018-09-18 00:00:00+00:00,813.7000122070312,813.7000122070312,813.7000122070312,813.7000122070312
2018-09-19 00:00:00+00:00,820.7000122070312,820.7000122070312,820.7000122070312,820.7000122070312
2018-09-20 00:00:00+00:00,833.0999755859375,833.0999755859375,833.0999755859375,833.0999755859375
2018-09-21 00:00:00+00:00,828.5,828.5,828.5,828.5
2018-09-24 00:00:00+00:00,828.2000122070312,828.2000122070312,828.2000122070312,828.2000122070312
2018-09-25 00:00:00+00:00,821.7999877929688,821.7999877929688,821.7999877929688,821.7999877929688
2018-09-26 00:00:00+00:00,824.5,824.5,824.5,824.5
2018-09-27 00:00:00+00:00,823.0,831.9000244140625,806.0,810.2999877929688
2018-09-28 00:00:00+00:00,809.0,820.0,805.7999877929688,818.7000122070312
2018-10-01 00:00:00+00:00,812.0,824.0,812.0,824.0
2018-10-02 00:00:00+00:00,818.5,832.9000244140625,818.5,830.0999755859375
2018-10-03 00:00:00+00:00,832.2999877929688,834.7999877929688,827.2000122070312,832.2000122070312
2018-10-04 00:00:00+00:00,830.4000244140625,830.4000244140625,821.0,821.0
2018-10-05 00:00:00+00:00,821.4000244140625,821.4000244140625,821.0999755859375,821.0999755859375
2018-10-08 00:00:00+00:00,821.7999877929688,821.7999877929688,809.5,814.0999755859375
2018-10-09 00:00:00+00:00,819.0,825.5999755859375,819.0,825.5999755859375
2018-10-10 00:00:00+00:00,825.0,825.0,823.5,824.0999755859375
2018-10-11 00:00:00+00:00,842.7999877929688,842.7999877929688,842.7999877929688,842.7999877929688
2018-10-12 00:00:00+00:00,836.2000122070312,836.2000122070312,836.2000122070312,836.2000122070312
2018-10-15 00:00:00+00:00,844.7999877929688,845.2999877929688,842.5,842.5
2018-10-16 00:00:00+00:00,843.0999755859375,843.0999755859375,843.0999755859375,843.0999755859375
2018-10-17 00:00:00+00:00,839.9000244140625,839.9000244140625,836.9000244140625,836.9000244140625
2018-10-18 00:00:00+00:00,829.4000244140625,829.4000244140625,827.7999877929688,827.7999877929688
2018-10-19 00:00:00+00:00,833.2000122070312,836.0999755859375,832.2999877929688,832.2999877929688
2018-10-22 00:00:00+00:00,833.2000122070312,833.2000122070312,819.0,819.0
2018-10-23 00:00:00+00:00,821.0,834.9000244140625,820.0,832.4000244140625
2018-10-24 00:00:00+00:00,828.7000122070312,828.7000122070312,828.7000122070312,828.7000122070312
2018-10-25 00:00:00+00:00,828.7000122070312,828.7000122070312,828.7000122070312,828.7000122070312
2018-10-26 00:00:00+00:00,829.5,829.5,829.5,829.5
2018-10-29 00:00:00+00:00,832.0,832.0,832.0,832.0
2018-10-30 00:00:00+00:00,834.5999755859375,834.5999755859375,831.7000122070312,834.5999755859375
2018-10-31 00:00:00+00:00,839.4000244140625,839.4000244140625,839.4000244140625,839.4000244140625
2018-11-01 00:00:00+00:00,858.2999877929688,858.2999877929688,858.2999877929688,858.2999877929688
2018-11-02 00:00:00+00:00,871.9000244140625,871.9000244140625,871.9000244140625,871.9000244140625
2018-11-05 00:00:00+00:00,865.0,865.0,865.0,865.0
2018-11-06 00:00:00+00:00,872.0999755859375,872.0999755859375,867.7000122070312,867.7000122070312
2018-11-07 00:00:00+00:00,875.0999755859375,875.0999755859375,875.0999755859375,875.0999755859375
2018-11-08 00:00:00+00:00,866.7000122070312,866.7000122070312,866.7000122070312,866.7000122070312
2018-11-09 00:00:00+00:00,852.4000244140625,852.4000244140625,852.4000244140625,852.4000244140625
2018-11-12 00:00:00+00:00,841.7000122070312,841.7000122070312,841.7000122070312,841.7000122070312
2018-11-13 00:00:00+00:00,837.0999755859375,837.0999755859375,837.0999755859375,837.0999755859375
2018-11-14 00:00:00+00:00,830.7999877929688,830.7999877929688,830.7999877929688,830.7999877929688
2018-11-15 00:00:00+00:00,842.2999877929688,842.2999877929688,842.2999877929688,842.2999877929688
2018-11-16 00:00:00+00:00,843.5999755859375,843.5999755859375,843.5999755859375,843.5999755859375
2018-11-19 00:00:00+00:00,855.5,855.5,855.5,855.5
2018-11-20 00:00:00+00:00,844.9000244140625,844.9000244140625,844.9000244140625,844.9000244140625
2018-11-21 00:00:00+00:00,848.0999755859375,848.0999755859375,848.0999755859375,848.0999755859375
2018-11-23 00:00:00+00:00,842.9000244140625,842.9000244140625,842.9000244140625,842.9000244140625
2018-11-26 00:00:00+00:00,845.7000122070312,845.7000122070312,845.7000122070312,845.7000122070312
2018-11-27 00:00:00+00:00,833.2000122070312,833.2000122070312,833.2000122070312,833.2000122070312
2018-11-28 00:00:00+00:00,824.2000122070312,824.2000122070312,824.2000122070312,824.2000122070312
2018-11-29 00:00:00+00:00,822.7000122070312,824.5999755859375,819.0999755859375,819.0999755859375
2018-11-30 00:00:00+00:00,801.0,801.0,798.0,798.0
2018-12-03 00:00:00+00:00,808.9000244140625,808.9000244140625,808.9000244140625,808.9000244140625
2018-12-04 00:00:00+00:00,802.4000244140625,802.4000244140625,802.4000244140625,802.4000244140625
2018-12-06 00:00:00+00:00,787.7999877929688,787.7999877929688,787.7999877929688,787.7999877929688
2018-12-07 00:00:00+00:00,788.5999755859375,788.5999755859375,788.5999755859375,788.5999755859375
2018-12-10 00:00:00+00:00,780.2999877929688,780.2999877929688,780.2999877929688,780.2999877929688
2018-12-11 00:00:00+00:00,783.7000122070312,783.7000122070312,783.7000122070312,783.7000122070312
2018-12-12 00:00:00+00:00,805.2999877929688,805.2999877929688,805.2999877929688,805.2999877929688
2018-12-13 00:00:00+00:00,795.7000122070312,795.7000122070312,795.7000122070312,795.7000122070312
2018-12-14 00:00:00+00:00,783.5,783.5,783.5,783.5
2018-12-17 00:00:00+00:00,794.0999755859375,794.0999755859375,794.0999755859375,794.0999755859375
2018-12-18 00:00:00+00:00,793.0,793.0,789.5,793.0
2018-12-19 00:00:00+00:00,794.5999755859375,796.0,793.4000244140625,794.5999755859375
2018-12-20 00:00:00+00:00,794.5999755859375,794.5999755859375,794.5999755859375,794.5999755859375
2018-12-21 00:00:00+00:00,794.5999755859375,794.5999755859375,794.5999755859375,794.5999755859375
2018-12-24 00:00:00+00:00,788.7999877929688,788.7999877929688,788.7999877929688,788.7999877929688
2018-12-26 00:00:00+00:00,799.5,799.5,799.5,799.5
2018-12-27 00:00:00+00:00,795.2000122070312,795.5,795.2000122070312,795.5
2018-12-28 00:00:00+00:00,796.7000122070312,800.2999877929688,787.7999877929688,789.5999755859375
2018-12-31 00:00:00+00:00,790.2000122070312,796.0999755859375,788.5,795.9000244140625
2019-01-02 00:00:00+00:00,791.9000244140625,800.2000122070312,787.2999877929688,799.0999755859375
2019-01-03 00:00:00+00:00,795.7000122070312,796.7999877929688,791.9000244140625,794.5
2019-01-04 00:00:00+00:00,796.5999755859375,822.9000244140625,796.5999755859375,822.0
2019-01-07 00:00:00+00:00,824.2000122070312,825.4000244140625,818.4000244140625,818.4000244140625
2019-01-08 00:00:00+00:00,822.0,822.0,816.5,816.5
2019-01-09 00:00:00+00:00,821.7000122070312,823.7999877929688,820.0,820.0
2019-01-10 00:00:00+00:00,822.5,822.5,821.2000122070312,821.2999877929688
2019-01-11 00:00:00+00:00,813.0,813.0,813.0,813.0
2019-01-14 00:00:00+00:00,801.0,804.0999755859375,798.7999877929688,798.7999877929688
2019-01-15 00:00:00+00:00,795.5999755859375,797.5999755859375,795.5999755859375,795.5999755859375
2019-01-16 00:00:00+00:00,803.2000122070312,803.4000244140625,803.2000122070312,803.4000244140625
2019-01-17 00:00:00+00:00,807.7999877929688,807.7999877929688,807.7999877929688,807.7999877929688
2019-01-18 00:00:00+00:00,797.7999877929688,797.7999877929688,797.7999877929688,797.7999877929688
2019-01-22 00:00:00+00:00,786.5,787.5999755859375,786.5,786.5
2019-01-23 00:00:00+00:00,790.0,792.2999877929688,790.0,792.2999877929688
2019-01-24 00:00:00+00:00,789.0999755859375,799.0,789.0999755859375,799.0
2019-01-25 00:00:00+00:00,800.7999877929688,815.0999755859375,800.7999877929688,813.5
2019-01-28 00:00:00+00:00,809.7000122070312,809.7000122070312,809.7000122070312,809.7000122070312
2019-01-29 00:00:00+00:00,810.9000244140625,812.2999877929688,809.9000244140625,809.9000244140625
2019-01-30 00:00:00+00:00,812.0,812.0,812.0,812.0
2019-01-31 00:00:00+00:00,820.5,820.5,820.5,820.5
2019-02-01 00:00:00+00:00,822.5999755859375,823.0,822.5999755859375,822.5999755859375
2019-02-04 00:00:00+00:00,818.7000122070312,818.7000122070312,818.7000122070312,818.7000122070312
2019-02-05 00:00:00+00:00,815.7999877929688,815.7999877929688,815.7999877929688,815.7999877929688
2019-02-06 00:00:00+00:00,809.7999877929688,809.7999877929688,809.7999877929688,809.7999877929688
2019-02-07 00:00:00+00:00,793.2999877929688,793.2999877929688,793.2999877929688,793.2999877929688
2019-02-08 00:00:00+00:00,799.2999877929688,799.2999877929688,799.2999877929688,799.2999877929688
2019-02-11 00:00:00+00:00,782.7000122070312,782.7000122070312,782.7000122070312,782.7000122070312
2019-02-12 00:00:00+00:00,785.7000122070312,785.7000122070312,785.7000122070312,785.7000122070312
2019-02-13 00:00:00+00:00,788.0,788.0,788.0,788.0
2019-02-14 00:00:00+00:00,785.7000122070312,786.7999877929688,785.7000122070312,785.7000122070312
2019-02-15 00:00:00+00:00,803.4000244140625,803.4000244140625,803.4000244140625,803.4000244140625
2019-02-19 00:00:00+00:00,817.2999877929688,817.2999877929688,817.2999877929688,817.2999877929688
2019-02-20 00:00:00+00:00,830.5,830.5,830.5,830.5
2019-02-21 00:00:00+00:00,822.5999755859375,822.5999755859375,822.5999755859375,822.5999755859375
2019-02-22 00:00:00+00:00,842.2000122070312,842.2000122070312,842.2000122070312,842.2000122070312
2019-02-25 00:00:00+00:00,850.0,850.0,850.0,850.0
2019-02-26 00:00:00+00:00,857.0,857.0,857.0,857.0
2019-02-27 00:00:00+00:00,861.7999877929688,873.5,861.7999877929688,867.7999877929688
2019-02-28 00:00:00+00:00,869.7999877929688,873.0,868.5,873.0
2019-03-01 00:00:00+00:00,861.5999755859375,861.5999755859375,861.5999755859375,861.5999755859375
2019-03-04 00:00:00+00:00,836.7999877929688,836.7999877929688,836.7999877929688,836.7999877929688
2019-03-05 00:00:00+00:00,840.2000122070312,840.2000122070312,835.9000244140625,835.9000244140625
2019-03-06 00:00:00+00:00,828.2999877929688,828.4000244140625,826.2000122070312,826.2000122070312
2019-03-07 00:00:00+00:00,825.0,825.0,815.2999877929688,815.2999877929688
2019-03-08 00:00:00+00:00,814.0,817.9000244140625,814.0,816.0
2019-03-11 00:00:00+00:00,815.2000122070312,815.2000122070312,815.2000122070312,815.2000122070312
2019-03-12 00:00:00+00:00,831.0,831.0,831.0,831.0
2019-03-13 00:00:00+00:00,840.7999877929688,840.7999877929688,840.7999877929688,840.7999877929688
2019-03-14 00:00:00+00:00,825.5999755859375,825.5999755859375,825.5999755859375,825.5999755859375
2019-03-15 00:00:00+00:00,830.2999877929688,830.2999877929688,830.2999877929688,830.2999877929688
2019-03-18 00:00:00+00:00,832.5999755859375,832.5999755859375,832.5999755859375,832.5999755859375
2019-03-19 00:00:00+00:00,851.2000122070312,851.2000122070312,851.2000122070312,851.2000122070312
2019-03-20 00:00:00+00:00,855.2000122070312,858.5999755859375,855.2000122070312,858.2000122070312
2019-03-21 00:00:00+00:00,859.7000122070312,859.7000122070312,859.7000122070312,859.7000122070312
2019-03-22 00:00:00+00:00,847.2000122070312,847.2000122070312,847.2000122070312,847.2000122070312
2019-03-25 00:00:00+00:00,856.5,856.5,856.5,856.5
2019-03-26 00:00:00+00:00,858.9000244140625,858.9000244140625,858.9000244140625,858.9000244140625
2019-03-27 00:00:00+00:00,855.5999755859375,855.5999755859375,855.5999755859375,855.5999755859375
2019-03-28 00:00:00+00:00,853.4000244140625,864.4000244140625,833.4000244140625,838.2000122070312
2019-03-29 00:00:00+00:00,840.9000244140625,855.0,840.9000244140625,848.9000244140625
2019-04-01 00:00:00+00:00,849.9000244140625,856.2000122070312,847.7999877929688,850.0999755859375
2019-04-02 00:00:00+00:00,850.0999755859375,851.7999877929688,848.2000122070312,848.2000122070312
2019-04-03 00:00:00+00:00,849.7000122070312,870.0,848.9000244140625,869.4000244140625
2019-04-04 00:00:00+00:00,867.9000244140625,900.0,867.7000122070312,900.0
2019-04-05 00:00:00+00:00,901.0,901.0,901.0,901.0
2019-04-08 00:00:00+00:00,905.5,907.5999755859375,904.0,907.5999755859375
2019-04-09 00:00:00+00:00,901.2000122070312,901.2000122070312,892.0,893.9000244140625
2019-04-10 00:00:00+00:00,900.0,903.2000122070312,900.0,903.2000122070312
2019-04-11 00:00:00+00:00,890.7000122070312,893.0,890.2999877929688,890.2999877929688
2019-04-12 00:00:00+00:00,893.2000122070312,893.2000122070312,893.2000122070312,893.2000122070312
2019-04-15 00:00:00+00:00,890.2000122070312,890.2000122070312,890.2000122070312,890.2000122070312
2019-04-16 00:00:00+00:00,882.2999877929688,888.2999877929688,880.2000122070312,880.2000122070312
2019-04-17 00:00:00+00:00,886.7999877929688,886.7999877929688,886.7999877929688,886.7999877929688
2019-04-18 00:00:00+00:00,894.2000122070312,899.7999877929688,894.2000122070312,899.7999877929688
2019-04-22 00:00:00+00:00,907.9000244140625,907.9000244140625,897.5,897.5
2019-04-23 00:00:00+00:00,889.0999755859375,889.0999755859375,889.0999755859375,889.0999755859375
2019-04-24 00:00:00+00:00,883.9000244140625,883.9000244140625,883.9000244140625,883.9000244140625
2019-04-25 00:00:00+00:00,885.2999877929688,885.2999877929688,885.2999877929688,885.2999877929688
2019-04-26 00:00:00+00:00,897.9000244140625,898.2000122070312,897.9000244140625,898.2000122070312
2019-04-29 00:00:00+00:00,897.7000122070312,897.7000122070312,894.2999877929688,897.7000122070312
2019-04-30 00:00:00+00:00,888.0999755859375,888.0999755859375,888.0999755859375,888.0999755859375
2019-05-01 00:00:00+00:00,874.2000122070312,874.2000122070312,874.2000122070312,874.2000122070312
2019-05-02 00:00:00+00:00,851.0,851.0,851.0,851.0
2019-05-03 00:00:00+00:00,871.5999755859375,871.5999755859375,871.5999755859375,871.5999755859375
2019-05-06 00:00:00+00:00,877.7000122070312,877.7000122070312,877.7000122070312,877.7000122070312
2019-05-07 00:00:00+00:00,870.2000122070312,870.2000122070312,870.2000122070312,870.2000122070312
2019-05-08 00:00:00+00:00,861.2000122070312,861.2000122070312,861.2000122070312,861.2000122070312
2019-05-09 00:00:00+00:00,848.5999755859375,848.5999755859375,848.5999755859375,848.5999755859375
2019-05-10 00:00:00+00:00,862.4000244140625,862.4000244140625,862.4000244140625,862.4000244140625
2019-05-13 00:00:00+00:00,852.2999877929688,852.2999877929688,852.2999877929688,852.2999877929688
2019-05-14 00:00:00+00:00,856.5,856.5,856.5,856.5
2019-05-15 00:00:00+00:00,845.0,845.0,845.0,845.0
2019-05-16 00:00:00+00:00,830.9000244140625,830.9000244140625,830.9000244140625,830.9000244140625
2019-05-17 00:00:00+00:00,818.4000244140625,818.4000244140625,818.4000244140625,818.4000244140625
2019-05-20 00:00:00+00:00,811.5,811.5,811.5,811.5
2019-05-21 00:00:00+00:00,812.7000122070312,812.7000122070312,812.7000122070312,812.7000122070312
2019-05-22 00:00:00+00:00,802.7999877929688,802.7999877929688,802.7999877929688,802.7999877929688
2019-05-23 00:00:00+00:00,797.2000122070312,797.2000122070312,797.2000122070312,797.2000122070312
2019-05-24 00:00:00+00:00,800.5999755859375,800.5999755859375,800.5999755859375,800.5999755859375
2019-05-28 00:00:00+00:00,795.0,795.0,795.0,795.0
2019-05-29 00:00:00+00:00,789.5999755859375,789.5999755859375,789.5999755859375,789.5999755859375
2019-05-30 00:00:00+00:00,788.5,793.2000122070312,788.4000244140625,792.5
2019-05-31 00:00:00+00:00,792.5999755859375,792.5999755859375,792.5999755859375,792.5999755859375
2019-06-03 00:00:00+00:00,819.2000122070312,819.2000122070312,819.2000122070312,819.2000122070312
2019-06-04 00:00:00+00:00,817.4000244140625,817.4000244140625,817.4000244140625,817.4000244140625
2019-06-05 00:00:00+00:00,801.0999755859375,801.0999755859375,801.0999755859375,801.0999755859375
2019-06-06 00:00:00+00:00,802.2000122070312,802.2000122070312,802.2000122070312,802.2000122070312
2019-06-07 00:00:00+00:00,804.5999755859375,804.5999755859375,804.5999755859375,804.5999755859375
2019-06-10 00:00:00+00:00,803.7000122070312,803.7000122070312,803.7000122070312,803.7000122070312
2019-06-11 00:00:00+00:00,812.7999877929688,812.7999877929688,812.7999877929688,812.7999877929688
2019-06-12 00:00:00+00:00,809.0999755859375,809.0999755859375,809.0999755859375,809.0999755859375
2019-06-13 00:00:00+00:00,808.0,808.0,808.0,808.0
2019-06-14 00:00:00+00:00,803.2999877929688,803.2999877929688,803.2999877929688,803.2999877929688
2019-06-17 00:00:00+00:00,793.9000244140625,793.9000244140625,793.9000244140625,793.9000244140625
2019-06-18 00:00:00+00:00,796.0,801.4000244140625,796.0,801.4000244140625
2019-06-19 00:00:00+00:00,805.0999755859375,805.0999755859375,805.0999755859375,805.0999755859375
2019-06-20 00:00:00+00:00,804.5999755859375,804.5999755859375,804.5999755859375,804.5999755859375
2019-06-21 00:00:00+00:00,811.5,811.5,811.5,811.5
2019-06-24 00:00:00+00:00,812.2000122070312,812.2000122070312,812.2000122070312,812.2000122070312
2019-06-25 00:00:00+00:00,810.2999877929688,810.2999877929688,810.2999877929688,810.2999877929688
2019-06-26 00:00:00+00:00,817.0999755859375,817.0999755859375,817.0999755859375,817.0999755859375
2019-06-27 00:00:00+00:00,814.2000122070312,816.4000244140625,806.5999755859375,812.5999755859375
2019-06-28 00:00:00+00:00,814.2999877929688,837.5999755859375,812.2000122070312,835.5
2019-07-01 00:00:00+00:00,830.7000122070312,840.0,829.9000244140625,831.0999755859375
2019-07-02 00:00:00+00:00,830.9000244140625,836.5,824.7000122070312,827.2000122070312
2019-07-03 00:00:00+00:00,830.0,841.0999755859375,830.0,837.2000122070312
2019-07-05 00:00:00+00:00,820.7999877929688,820.7999877929688,805.2000122070312,805.2000122070312
2019-07-08 00:00:00+00:00,815.7000122070312,815.7000122070312,814.2999877929688,814.2999877929688
2019-07-09 00:00:00+00:00,809.0999755859375,809.0999755859375,809.0999755859375,809.0999755859375
2019-07-10 00:00:00+00:00,824.0999755859375,824.0999755859375,824.0999755859375,824.0999755859375
2019-07-11 00:00:00+00:00,825.0,825.0,825.0,825.0
2019-07-12 00:00:00+00:00,828.4000244140625,828.4000244140625,828.4000244140625,828.4000244140625
2019-07-15 00:00:00+00:00,839.5,839.5,839.5,839.5
2019-07-16 00:00:00+00:00,840.7000122070312,844.7000122070312,840.7000122070312,841.5
2019-07-17 00:00:00+00:00,841.7000122070312,841.7000122070312,841.7000122070312,841.7000122070312
2019-07-18 00:00:00+00:00,850.0,850.0,843.7000122070312,843.7000122070312
2019-07-19 00:00:00+00:00,845.9000244140625,845.9000244140625,845.9000244140625,845.9000244140625
2019-07-22 00:00:00+00:00,845.2999877929688,847.2999877929688,845.2999877929688,847.2999877929688
2019-07-23 00:00:00+00:00,855.7999877929688,855.7999877929688,855.7999877929688,855.7999877929688
2019-07-24 00:00:00+00:00,875.2000122070312,875.2000122070312,875.2000122070312,875.2000122070312
2019-07-25 00:00:00+00:00,880.0,881.0,868.4000244140625,868.4000244140625
2019-07-26 00:00:00+00:00,868.7999877929688,868.7999877929688,862.7000122070312,862.7000122070312
2019-07-29 00:00:00+00:00,877.7000122070312,877.7000122070312,876.7999877929688,876.7999877929688
2019-07-30 00:00:00+00:00,880.7000122070312,883.7999877929688,869.7999877929688,869.7999877929688
2019-07-31 00:00:00+00:00,876.0999755859375,876.0999755859375,876.0999755859375,876.0999755859375
2019-08-01 00:00:00+00:00,848.5,848.5,848.5,848.5
2019-08-02 00:00:00+00:00,850.2000122070312,850.2000122070312,850.2000122070312,850.2000122070312
2019-08-05 00:00:00+00:00,855.2000122070312,855.2000122070312,855.2000122070312,855.2000122070312
2019-08-06 00:00:00+00:00,850.5,850.5,850.5,850.5
2019-08-07 00:00:00+00:00,868.2999877929688,868.2999877929688,868.2999877929688,868.2999877929688
2019-08-08 00:00:00+00:00,864.7999877929688,864.7999877929688,864.7999877929688,864.7999877929688
2019-08-09 00:00:00+00:00,861.0999755859375,861.0999755859375,861.0999755859375,861.0999755859375
2019-08-12 00:00:00+00:00,861.0,861.0,861.0,861.0
2019-08-13 00:00:00+00:00,857.0,857.0,857.0,857.0
2019-08-14 00:00:00+00:00,845.2999877929688,845.2999877929688,845.2999877929688,845.2999877929688
2019-08-15 00:00:00+00:00,839.2999877929688,839.2999877929688,839.2999877929688,839.2999877929688
2019-08-16 00:00:00+00:00,848.7999877929688,848.7999877929688,848.7999877929688,848.7999877929688
2019-08-19 00:00:00+00:00,854.0999755859375,854.0999755859375,854.0999755859375,854.0999755859375
2019-08-20 00:00:00+00:00,850.0999755859375,850.0999755859375,850.0999755859375,850.0999755859375
2019-08-21 00:00:00+00:00,854.0999755859375,854.0999755859375,854.0999755859375,854.0999755859375
2019-08-22 00:00:00+00:00,855.0,859.2999877929688,855.0,859.2999877929688
2019-08-23 00:00:00+00:00,852.5,852.5,852.5,852.5
2019-08-26 00:00:00+00:00,855.0,855.0,855.0,855.0
2019-08-27 00:00:00+00:00,865.4000244140625,865.4000244140625,865.4000244140625,865.4000244140625
2019-08-28 00:00:00+00:00,906.0999755859375,906.0999755859375,906.0999755859375,906.0999755859375
2019-08-29 00:00:00+00:00,901.0,932.5,901.0,917.5
2019-08-30 00:00:00+00:00,934.0,937.4000244140625,929.5999755859375,929.5999755859375
2019-09-03 00:00:00+00:00,951.5999755859375,953.5999755859375,951.5999755859375,953.5999755859375
2019-09-04 00:00:00+00:00,977.2000122070312,988.5999755859375,977.2000122070312,982.5999755859375
2019-09-05 00:00:00+00:00,982.5999755859375,982.5999755859375,962.0999755859375,962.0999755859375
2019-09-06 00:00:00+00:00,956.9000244140625,956.9000244140625,956.9000244140625,956.9000244140625
2019-09-09 00:00:00+00:00,951.0999755859375,951.0999755859375,951.0999755859375,951.0999755859375
2019-09-10 00:00:00+00:00,935.2000122070312,935.2000122070312,935.2000122070312,935.2000122070312
2019-09-11 00:00:00+00:00,938.7999877929688,938.7999877929688,938.7999877929688,938.7999877929688
2019-09-12 00:00:00+00:00,951.7000122070312,951.7000122070312,951.7000122070312,951.7000122070312
2019-09-13 00:00:00+00:00,951.2999877929688,951.2999877929688,951.2999877929688,951.2999877929688
2019-09-16 00:00:00+00:00,938.2999877929688,938.2999877929688,938.2999877929688,938.2999877929688
2019-09-17 00:00:00+00:00,943.2999877929688,943.2999877929688,943.2999877929688,943.2999877929688
2019-09-18 00:00:00+00:00,933.7000122070312,933.7000122070312,933.7000122070312,933.7000122070312
2019-09-19 00:00:00+00:00,941.5,941.5,941.5,941.5
2019-09-20 00:00:00+00:00,941.7999877929688,941.7999877929688,941.7999877929688,941.7999877929688
2019-09-23 00:00:00+00:00,952.2999877929688,952.2999877929688,952.2999877929688,952.2999877929688
2019-09-24 00:00:00+00:00,953.7999877929688,953.7999877929688,953.7999877929688,953.7999877929688
2019-09-25 00:00:00+00:00,926.2999877929688,926.2999877929688,926.2999877929688,926.2999877929688
2019-09-26 00:00:00+00:00,935.0,935.0,935.0,935.0
2019-09-27 00:00:00+00:00,933.2999877929688,936.4000244140625,919.7000122070312,931.0
2019-09-30 00:00:00+00:00,934.2000122070312,935.2999877929688,880.0,883.4000244140625
2019-10-01 00:00:00+00:00,879.5,883.5999755859375,873.9000244140625,879.5999755859375
2019-10-02 00:00:00+00:00,878.7000122070312,888.2999877929688,878.7000122070312,888.2999877929688
2019-10-03 00:00:00+00:00,887.5,897.0,887.5,889.0
2019-10-04 00:00:00+00:00,881.7000122070312,881.7000122070312,881.7000122070312,881.7000122070312
2019-10-07 00:00:00+00:00,883.2000122070312,883.2000122070312,883.2000122070312,883.2000122070312
2019-10-08 00:00:00+00:00,890.0,890.0999755859375,885.2999877929688,885.2999877929688
2019-10-09 00:00:00+00:00,891.9000244140625,891.9000244140625,891.9000244140625,891.9000244140625
2019-10-10 00:00:00+00:00,903.0999755859375,903.0999755859375,903.0999755859375,903.0999755859375
2019-10-11 00:00:00+00:00,895.5,895.5,895.5,895.5
2019-10-14 00:00:00+00:00,894.5999755859375,894.5999755859375,894.5999755859375,894.5999755859375
2019-10-15 00:00:00+00:00,884.4000244140625,884.4000244140625,884.4000244140625,884.4000244140625
2019-10-16 00:00:00+00:00,879.2999877929688,886.5,879.0,886.5
2019-10-17 00:00:00+00:00,889.0,889.0,889.0,889.0
2019-10-18 00:00:00+00:00,887.2000122070312,893.4000244140625,887.2000122070312,892.2999877929688
2019-10-21 00:00:00+00:00,896.2000122070312,896.2000122070312,888.5,888.5
2019-10-22 00:00:00+00:00,892.2999877929688,892.2999877929688,892.2999877929688,892.2999877929688
2019-10-23 00:00:00+00:00,916.0,918.4000244140625,916.0,918.4000244140625
2019-10-24 00:00:00+00:00,924.7000122070312,924.7000122070312,921.5999755859375,921.5999755859375
2019-10-25 00:00:00+00:00,929.0999755859375,929.0999755859375,929.0999755859375,929.0999755859375
2019-10-28 00:00:00+00:00,929.0,931.7999877929688,914.7000122070312,914.7000122070312
2019-10-29 00:00:00+00:00,920.7000122070312,920.7000122070312,920.7000122070312,920.7000122070312
2019-10-30 00:00:00+00:00,926.5999755859375,926.5999755859375,923.0,926.5999755859375
2019-10-31 00:00:00+00:00,930.0,930.0,930.0,930.0
2019-11-01 00:00:00+00:00,950.2999877929688,950.2999877929688,950.2999877929688,950.2999877929688
2019-11-04 00:00:00+00:00,935.0999755859375,935.0999755859375,935.0999755859375,935.0999755859375
2019-11-05 00:00:00+00:00,926.7999877929688,926.7999877929688,926.7999877929688,926.7999877929688
2019-11-06 00:00:00+00:00,928.2999877929688,928.2999877929688,928.2999877929688,928.2999877929688
2019-11-07 00:00:00+00:00,910.5999755859375,910.5999755859375,910.5999755859375,910.5999755859375
2019-11-08 00:00:00+00:00,889.4000244140625,889.4000244140625,889.4000244140625,889.4000244140625
2019-11-11 00:00:00+00:00,877.2999877929688,877.2999877929688,877.2999877929688,877.2999877929688
2019-11-12 00:00:00+00:00,866.5999755859375,866.5999755859375,866.5999755859375,866.5999755859375
2019-11-13 00:00:00+00:00,871.5,871.5,871.5,871.5
2019-11-14 00:00:00+00:00,879.7999877929688,879.7999877929688,879.7999877929688,879.7999877929688
2019-11-15 00:00:00+00:00,891.5,891.5,891.5,891.5
2019-11-18 00:00:00+00:00,892.2000122070312,892.2000122070312,892.2000122070312,892.2000122070312
2019-11-19 00:00:00+00:00,909.0999755859375,909.0999755859375,909.0999755859375,909.0999755859375
2019-11-20 00:00:00+00:00,917.2000122070312,917.2000122070312,917.2000122070312,917.2000122070312
2019-11-21 00:00:00+00:00,914.7000122070312,914.7000122070312,914.7000122070312,914.7000122070312
2019-11-22 00:00:00+00:00,889.7999877929688,889.7999877929688,889.7999877929688,889.7999877929688
2019-11-25 00:00:00+00:00,897.5,897.5,897.5,897.5
2019-11-26 00:00:00+00:00,908.7999877929688,908.7999877929688,908.7999877929688,908.7999877929688
2019-11-27 00:00:00+00:00,892.9000244140625,892.9000244140625,892.9000244140625,892.9000244140625
2019-11-29 00:00:00+00:00,897.9000244140625,897.9000244140625,897.9000244140625,897.9000244140625
2019-12-02 00:00:00+00:00,897.2999877929688,897.2999877929688,897.2999877929688,897.2999877929688
2019-12-03 00:00:00+00:00,909.2000122070312,909.2000122070312,909.2000122070312,909.2000122070312
2019-12-04 00:00:00+00:00,899.5,899.5,899.5,899.5
2019-12-05 00:00:00+00:00,898.5,898.5,898.5,898.5
2019-12-06 00:00:00+00:00,896.7999877929688,896.7999877929688,896.7999877929688,896.7999877929688
2019-12-09 00:00:00+00:00,896.4000244140625,896.4000244140625,896.4000244140625,896.4000244140625
2019-12-10 00:00:00+00:00,920.5,920.5,920.5,920.5
2019-12-11 00:00:00+00:00,937.4000244140625,937.4000244140625,937.4000244140625,937.4000244140625
2019-12-12 00:00:00+00:00,942.7000122070312,942.7000122070312,942.7000122070312,942.7000122070312
2019-12-13 00:00:00+00:00,926.7000122070312,926.7000122070312,926.7000122070312,926.7000122070312
2019-12-16 00:00:00+00:00,929.2999877929688,929.2999877929688,929.2999877929688,929.2999877929688
2019-12-17 00:00:00+00:00,927.7999877929688,927.7999877929688,927.7999877929688,927.7999877929688
2019-12-18 00:00:00+00:00,933.7000122070312,933.7000122070312,933.7000122070312,933.7000122070312
2019-12-19 00:00:00+00:00,933.5,933.5,933.5,933.5
2019-12-20 00:00:00+00:00,933.5,933.5999755859375,912.0999755859375,912.0999755859375
2019-12-23 00:00:00+00:00,936.7000122070312,936.7000122070312,936.7000122070312,936.7000122070312
2019-12-24 00:00:00+00:00,941.2999877929688,941.2999877929688,941.2999877929688,941.2999877929688
2019-12-26 00:00:00+00:00,952.0999755859375,952.0999755859375,952.0999755859375,952.0999755859375
2019-12-27 00:00:00+00:00,949.2999877929688,949.2999877929688,949.2999877929688,949.2999877929688
2019-12-30 00:00:00+00:00,947.2000122070312,960.5999755859375,945.5999755859375,957.7000122070312
2019-12-31 00:00:00+00:00,959.7999877929688,981.0999755859375,959.7999877929688,971.4000244140625
2020-01-02 00:00:00+00:00,985.0,990.0,978.5999755859375,978.5999755859375
2020-01-03 00:00:00+00:00,986.5,987.2000122070312,980.5999755859375,984.5
2020-01-06 00:00:00+00:00,985.7999877929688,985.7999877929688,960.0,960.4000244140625
2020-01-07 00:00:00+00:00,965.2999877929688,973.0,959.9000244140625,966.0
2020-01-08 00:00:00+00:00,968.9000244140625,968.9000244140625,956.0,959.0
2020-01-09 00:00:00+00:00,967.0999755859375,967.0999755859375,967.0999755859375,967.0999755859375
2020-01-10 00:00:00+00:00,972.0,981.5,972.0,981.2000122070312
2020-01-13 00:00:00+00:00,978.7999877929688,978.7999877929688,970.0999755859375,977.2999877929688
2020-01-14 00:00:00+00:00,982.2000122070312,982.2000122070312,981.5,982.2000122070312
2020-01-15 00:00:00+00:00,993.4000244140625,1020.4000244140625,993.4000244140625,1020.4000244140625
2020-01-16 00:00:00+00:00,1035.0,1035.0,995.7000122070312,995.7000122070312
2020-01-17 00:00:00+00:00,1016.4000244140625,1019.4000244140625,1013.2999877929688,1019.4000244140625
2020-01-21 00:00:00+00:00,1002.0,1002.0,1002.0,1002.0
2020-01-22 00:00:00+00:00,1015.7999877929688,1015.7999877929688,1015.7999877929688,1015.7999877929688
2020-01-23 00:00:00+00:00,1001.7000122070312,1001.7000122070312,1001.7000122070312,1001.7000122070312
2020-01-24 00:00:00+00:00,1005.2000122070312,1005.2000122070312,1005.2000122070312,1005.2000122070312
2020-01-27 00:00:00+00:00,985.9000244140625,985.9000244140625,984.2999877929688,985.9000244140625
2020-01-28 00:00:00+00:00,990.0999755859375,990.0999755859375,990.0999755859375,990.0999755859375
2020-01-29 00:00:00+00:00,968.5999755859375,968.5999755859375,968.5999755859375,968.5999755859375
2020-01-30 00:00:00+00:00,973.7000122070312,977.0999755859375,973.7000122070312,977.0999755859375
2020-01-31 00:00:00+00:00,959.2000122070312,959.2000122070312,959.2000122070312,959.2000122070312
2020-02-03 00:00:00+00:00,968.0,968.0,968.0,968.0
2020-02-04 00:00:00+00:00,963.4000244140625,963.4000244140625,963.4000244140625,963.4000244140625
2020-02-05 00:00:00+00:00,984.4000244140625,984.4000244140625,984.4000244140625,984.4000244140625
2020-02-06 00:00:00+00:00,964.7000122070312,964.7000122070312,964.7000122070312,964.7000122070312
2020-02-07 00:00:00+00:00,966.5999755859375,966.5999755859375,966.5999755859375,966.5999755859375
2020-02-10 00:00:00+00:00,964.2999877929688,964.2999877929688,964.2999877929688,964.2999877929688
2020-02-11 00:00:00+00:00,970.9000244140625,970.9000244140625,970.9000244140625,970.9000244140625
2020-02-12 00:00:00+00:00,964.5,964.5,964.5,964.5
2020-02-13 00:00:00+00:00,971.9000244140625,971.9000244140625,971.9000244140625,971.9000244140625
2020-02-14 00:00:00+00:00,966.0,966.0,966.0,966.0
2020-02-18 00:00:00+00:00,991.2999877929688,991.2999877929688,991.2999877929688,991.2999877929688
2020-02-19 00:00:00+00:00,1001.7000122070312,1001.7000122070312,1001.7000122070312,1001.7000122070312
2020-02-20 00:00:00+00:00,976.2000122070312,976.2000122070312,976.2000122070312,976.2000122070312
2020-02-21 00:00:00+00:00,973.4000244140625,973.4000244140625,973.4000244140625,973.4000244140625
2020-02-24 00:00:00+00:00,971.7000122070312,971.7000122070312,971.7000122070312,971.7000122070312
2020-02-25 00:00:00+00:00,929.7999877929688,929.7999877929688,929.7999877929688,929.7999877929688
2020-02-26 00:00:00+00:00,912.2999877929688,912.2999877929688,912.2999877929688,912.2999877929688
2020-02-27 00:00:00+00:00,903.5999755859375,903.5999755859375,903.5999755859375,903.5999755859375
2020-02-28 00:00:00+00:00,862.7999877929688,862.7999877929688,862.7999877929688,862.7999877929688
2020-03-02 00:00:00+00:00,858.2999877929688,858.2999877929688,858.2999877929688,858.2999877929688
2020-03-03 00:00:00+00:00,868.2000122070312,868.2000122070312,868.2000122070312,868.2000122070312
2020-03-04 00:00:00+00:00,874.0999755859375,874.0999755859375,874.0999755859375,874.0999755859375
2020-03-05 00:00:00+00:00,864.5999755859375,864.5999755859375,864.5999755859375,864.5999755859375
2020-03-06 00:00:00+00:00,895.2999877929688,895.2999877929688,895.2999877929688,895.2999877929688
2020-03-09 00:00:00+00:00,861.7000122070312,861.7000122070312,861.7000122070312,861.7000122070312
2020-03-10 00:00:00+00:00,868.5,868.5,868.5,868.5
2020-03-11 00:00:00+00:00,867.2999877929688,867.2999877929688,867.2999877929688,867.2999877929688
2020-03-12 00:00:00+00:00,780.9000244140625,780.9000244140625,780.9000244140625,780.9000244140625
2020-03-13 00:00:00+00:00,743.0,743.0,743.0,743.0
2020-03-16 00:00:00+00:00,656.7000122070312,656.7000122070312,656.7000122070312,656.7000122070312
2020-03-17 00:00:00+00:00,664.4000244140625,664.4000244140625,664.4000244140625,664.4000244140625
2020-03-18 00:00:00+00:00,604.0999755859375,604.0999755859375,604.0999755859375,604.0999755859375
2020-03-19 00:00:00+00:00,595.9000244140625,595.9000244140625,595.9000244140625,595.9000244140625
2020-03-20 00:00:00+00:00,621.5999755859375,621.5999755859375,621.5999755859375,621.5999755859375
2020-03-23 00:00:00+00:00,617.4000244140625,627.5,609.2000122070312,627.5
2020-03-24 00:00:00+00:00,701.7000122070312,701.7000122070312,701.7000122070312,701.7000122070312
2020-03-25 00:00:00+00:00,745.5,745.5,745.5,745.5
2020-03-26 00:00:00+00:00,737.0,737.0,737.0,737.0
2020-03-27 00:00:00+00:00,732.2999877929688,740.0,732.2999877929688,740.0
2020-03-30 00:00:00+00:00,739.0999755859375,742.2000122070312,709.7000122070312,723.9000244140625
2020-03-31 00:00:00+00:00,717.7000122070312,724.4000244140625,713.0999755859375,724.4000244140625
2020-04-01 00:00:00+00:00,717.0,721.9000244140625,708.9000244140625,712.2999877929688
2020-04-02 00:00:00+00:00,721.0,726.0,721.0,726.0
2020-04-03 00:00:00+00:00,721.7999877929688,722.0,714.0999755859375,714.0999755859375
2020-04-06 00:00:00+00:00,720.7999877929688,728.0,719.5,728.0
2020-04-07 00:00:00+00:00,741.0,741.0,741.0,741.0
2020-04-08 00:00:00+00:00,729.5999755859375,731.2999877929688,729.5999755859375,729.5999755859375
2020-04-09 00:00:00+00:00,738.4000244140625,744.5999755859375,738.4000244140625,744.5999755859375
2020-04-13 00:00:00+00:00,745.7999877929688,745.7999877929688,745.7999877929688,745.7999877929688
2020-04-14 00:00:00+00:00,764.5999755859375,815.7000122070312,764.5999755859375,815.7000122070312
2020-04-15 00:00:00+00:00,800.5999755859375,800.5999755859375,800.5999755859375,800.5999755859375
2020-04-16 00:00:00+00:00,789.2999877929688,803.5999755859375,789.2999877929688,789.2999877929688
2020-04-17 00:00:00+00:00,781.2999877929688,781.2999877929688,781.2999877929688,781.2999877929688
2020-04-20 00:00:00+00:00,792.0,792.0,792.0,792.0
2020-04-21 00:00:00+00:00,758.0,758.0,758.0,758.0
2020-04-22 00:00:00+00:00,764.9000244140625,764.9000244140625,764.9000244140625,764.9000244140625
2020-04-23 00:00:00+00:00,787.5999755859375,787.5999755859375,787.5999755859375,787.5999755859375
2020-04-24 00:00:00+00:00,773.4000244140625,773.4000244140625,773.4000244140625,773.4000244140625
2020-04-27 00:00:00+00:00,776.5999755859375,776.5999755859375,776.5999755859375,776.5999755859375
2020-04-28 00:00:00+00:00,792.0,792.0,792.0,792.0
2020-04-29 00:00:00+00:00,795.4000244140625,795.4000244140625,795.4000244140625,795.4000244140625
2020-04-30 00:00:00+00:00,807.5999755859375,809.5,807.5999755859375,809.5
2020-05-01 00:00:00+00:00,769.9000244140625,769.9000244140625,769.9000244140625,769.9000244140625
2020-05-04 00:00:00+00:00,774.2000122070312,774.2000122070312,774.2000122070312,774.2000122070312
2020-05-05 00:00:00+00:00,780.0999755859375,780.0999755859375,780.0999755859375,780.0999755859375
2020-05-06 00:00:00+00:00,760.9000244140625,760.9000244140625,760.9000244140625,760.9000244140625
2020-05-07 00:00:00+00:00,777.5,777.5,777.5,777.5
2020-05-08 00:00:00+00:00,784.7000122070312,784.7000122070312,784.7000122070312,784.7000122070312
2020-05-11 00:00:00+00:00,776.7000122070312,776.7000122070312,776.7000122070312,776.7000122070312
2020-05-12 00:00:00+00:00,772.7999877929688,772.7999877929688,772.7999877929688,772.7999877929688
2020-05-13 00:00:00+00:00,765.2000122070312,765.2000122070312,765.2000122070312,765.2000122070312
2020-05-14 00:00:00+00:00,770.4000244140625,770.4000244140625,770.4000244140625,770.4000244140625
2020-05-15 00:00:00+00:00,812.5,812.5,812.5,812.5
2020-05-18 00:00:00+00:00,864.7000122070312,864.7000122070312,864.7000122070312,864.7000122070312
2020-05-19 00:00:00+00:00,885.0,885.0,885.0,885.0
2020-05-20 00:00:00+00:00,929.9000244140625,929.9000244140625,929.9000244140625,929.9000244140625
2020-05-21 00:00:00+00:00,861.9000244140625,861.9000244140625,861.9000244140625,861.9000244140625
2020-05-22 00:00:00+00:00,881.7000122070312,881.7000122070312,881.7000122070312,881.7000122070312
2020-05-26 00:00:00+00:00,868.7000122070312,868.7000122070312,868.7000122070312,868.7000122070312
2020-05-27 00:00:00+00:00,873.5,873.5,873.5,873.5
2020-05-28 00:00:00+00:00,867.7000122070312,867.7000122070312,864.0,864.0
2020-05-29 00:00:00+00:00,870.5,870.5,870.5,870.5
2020-06-01 00:00:00+00:00,897.0,897.0,897.0,897.0
2020-06-02 00:00:00+00:00,864.5999755859375,864.5999755859375,864.5999755859375,864.5999755859375
2020-06-03 00:00:00+00:00,857.7999877929688,857.7999877929688,857.7999877929688,857.7999877929688
2020-06-04 00:00:00+00:00,862.7999877929688,862.7999877929688,862.7999877929688,862.7999877929688
2020-06-05 00:00:00+00:00,830.0999755859375,830.0999755859375,830.0999755859375,830.0999755859375
2020-06-08 00:00:00+00:00,860.7000122070312,860.7000122070312,860.7000122070312,860.7000122070312
2020-06-09 00:00:00+00:00,862.2999877929688,862.2999877929688,862.2999877929688,862.2999877929688
2020-06-10 00:00:00+00:00,849.5,849.5,849.5,849.5
2020-06-11 00:00:00+00:00,826.0999755859375,826.0999755859375,826.0999755859375,826.0999755859375
2020-06-12 00:00:00+00:00,820.5999755859375,820.5999755859375,820.5999755859375,820.5999755859375
2020-06-15 00:00:00+00:00,823.2999877929688,823.2999877929688,823.2999877929688,823.2999877929688
2020-06-16 00:00:00+00:00,845.5,845.5,845.5,845.5
2020-06-17 00:00:00+00:00,839.7999877929688,839.7999877929688,839.7999877929688,839.7999877929688
2020-06-18 00:00:00+00:00,813.7999877929688,813.7999877929688,813.7999877929688,813.7999877929688
2020-06-19 00:00:00+00:00,828.9000244140625,828.9000244140625,828.9000244140625,828.9000244140625
2020-06-22 00:00:00+00:00,845.2999877929688,845.2999877929688,845.2999877929688,845.2999877929688
2020-06-23 00:00:00+00:00,847.5999755859375,847.5999755859375,847.5999755859375,847.5999755859375
2020-06-24 00:00:00+00:00,805.7999877929688,805.7999877929688,805.7999877929688,805.7999877929688
2020-06-25 00:00:00+00:00,803.9000244140625,803.9000244140625,803.9000244140625,803.9000244140625
2020-06-26 00:00:00+00:00,811.0999755859375,811.0999755859375,811.0999755859375,811.0999755859375
2020-06-29 00:00:00+00:00,807.5,819.0,805.4000244140625,816.7999877929688
2020-06-30 00:00:00+00:00,819.5,843.5,816.2999877929688,840.7000122070312
2020-07-01 00:00:00+00:00,845.0,845.0,817.9000244140625,825.2999877929688
2020-07-02 00:00:00+00:00,828.0,829.2000122070312,817.7999877929688,822.5
2020-07-06 00:00:00+00:00,820.0,840.0,820.0,827.7999877929688
2020-07-07 00:00:00+00:00,835.7999877929688,853.7999877929688,830.4000244140625,853.7999877929688
2020-07-08 00:00:00+00:00,851.5999755859375,874.0,851.5999755859375,874.0
2020-07-09 00:00:00+00:00,874.9000244140625,881.2000122070312,834.0,836.5999755859375
2020-07-10 00:00:00+00:00,844.5,845.0,836.5999755859375,836.5999755859375
2020-07-13 00:00:00+00:00,836.7999877929688,859.0,836.7999877929688,854.0999755859375
2020-07-14 00:00:00+00:00,841.2000122070312,842.5999755859375,817.5,828.2000122070312
2020-07-15 00:00:00+00:00,834.2999877929688,838.7000122070312,832.0,835.0
2020-07-16 00:00:00+00:00,838.2999877929688,839.0,828.7999877929688,828.7999877929688
2020-07-17 00:00:00+00:00,824.0999755859375,843.7999877929688,824.0999755859375,841.9000244140625
2020-07-20 00:00:00+00:00,847.0,850.7000122070312,847.0,850.7000122070312
2020-07-21 00:00:00+00:00,863.2000122070312,911.4000244140625,863.2000122070312,911.4000244140625
2020-07-22 00:00:00+00:00,920.0,949.2999877929688,900.5,949.2999877929688
2020-07-23 00:00:00+00:00,949.5999755859375,964.0,939.5,955.0999755859375
2020-07-24 00:00:00+00:00,939.7999877929688,949.0999755859375,939.7999877929688,947.9000244140625
2020-07-27 00:00:00+00:00,951.7000122070312,965.5999755859375,951.7000122070312,958.5999755859375
2020-07-28 00:00:00+00:00,954.5999755859375,979.4000244140625,942.9000244140625,977.9000244140625
2020-07-29 00:00:00+00:00,950.5999755859375,950.5999755859375,950.5999755859375,950.5999755859375
2020-07-30 00:00:00+00:00,905.9000244140625,905.9000244140625,905.9000244140625,905.9000244140625
2020-07-31 00:00:00+00:00,912.2000122070312,912.2000122070312,912.2000122070312,912.2000122070312
2020-08-03 00:00:00+00:00,924.9000244140625,924.9000244140625,924.9000244140625,924.9000244140625
2020-08-04 00:00:00+00:00,949.0999755859375,949.0999755859375,949.0999755859375,949.0999755859375
2020-08-05 00:00:00+00:00,976.9000244140625,983.4000244140625,976.9000244140625,983.4000244140625
2020-08-06 00:00:00+00:00,1002.4000244140625,1009.5999755859375,993.7999877929688,1009.5999755859375
2020-08-07 00:00:00+00:00,965.0999755859375,965.0999755859375,965.0999755859375,965.0999755859375
2020-08-10 00:00:00+00:00,997.5,997.5,997.5,997.5
2020-08-11 00:00:00+00:00,966.5999755859375,966.5999755859375,966.5999755859375,966.5999755859375
2020-08-12 00:00:00+00:00,954.4000244140625,954.4000244140625,954.4000244140625,954.4000244140625
2020-08-13 00:00:00+00:00,978.0999755859375,978.0999755859375,978.0999755859375,978.0999755859375
2020-08-14 00:00:00+00:00,954.4000244140625,954.4000244140625,954.4000244140625,954.4000244140625
2020-08-17 00:00:00+00:00,963.2999877929688,963.2999877929688,963.2999877929688,963.2999877929688
2020-08-18 00:00:00+00:00,971.0999755859375,971.0999755859375,971.0999755859375,971.0999755859375
2020-08-19 00:00:00+00:00,952.0,952.0,952.0,952.0
2020-08-20 00:00:00+00:00,923.0999755859375,923.0999755859375,923.0999755859375,923.0999755859375
2020-08-21 00:00:00+00:00,922.2999877929688,922.2999877929688,922.2999877929688,922.2999877929688
2020-08-24 00:00:00+00:00,920.7999877929688,920.7999877929688,920.7999877929688,920.7999877929688
2020-08-25 00:00:00+00:00,930.5999755859375,930.5999755859375,930.5999755859375,930.5999755859375
2020-08-26 00:00:00+00:00,936.4000244140625,936.4000244140625,936.4000244140625,936.4000244140625
2020-08-27 00:00:00+00:00,925.5999755859375,925.5999755859375,925.5999755859375,925.5999755859375
2020-08-28 00:00:00+00:00,937.5,937.5,937.5,937.5
2020-08-31 00:00:00+00:00,935.5999755859375,940.5999755859375,931.2999877929688,935.7000122070312
2020-09-01 00:00:00+00:00,950.5,950.5,950.5,950.5
2020-09-02 00:00:00+00:00,917.7999877929688,917.7999877929688,902.0,902.0
2020-09-03 00:00:00+00:00,907.5999755859375,907.5999755859375,887.5999755859375,887.5999755859375
2020-09-04 00:00:00+00:00,896.2999877929688,896.2999877929688,896.2999877929688,896.2999877929688
2020-09-08 00:00:00+00:00,908.4000244140625,908.4000244140625,908.4000244140625,908.4000244140625
2020-09-09 00:00:00+00:00,923.0999755859375,923.0999755859375,923.0999755859375,923.0999755859375
2020-09-10 00:00:00+00:00,939.4000244140625,939.4000244140625,939.4000244140625,939.4000244140625
2020-09-11 00:00:00+00:00,938.0,938.0,938.0,938.0
2020-09-14 00:00:00+00:00,957.0999755859375,957.0999755859375,957.0999755859375,957.0999755859375
2020-09-15 00:00:00+00:00,980.7999877929688,980.7999877929688,980.7999877929688,980.7999877929688
2020-09-16 00:00:00+00:00,972.2999877929688,972.2999877929688,972.2999877929688,972.2999877929688
2020-09-17 00:00:00+00:00,930.0,930.0,930.0,930.0
2020-09-18 00:00:00+00:00,937.5,937.5,937.5,937.5
2020-09-21 00:00:00+00:00,875.0999755859375,875.0999755859375,875.0999755859375,875.0999755859375
2020-09-22 00:00:00+00:00,880.5,880.5,856.5,856.5
2020-09-23 00:00:00+00:00,842.2999877929688,842.2999877929688,842.2999877929688,842.2999877929688
2020-09-24 00:00:00+00:00,837.0999755859375,837.0999755859375,837.0999755859375,837.0999755859375
2020-09-25 00:00:00+00:00,841.0999755859375,841.0999755859375,841.0999755859375,841.0999755859375
2020-09-28 00:00:00+00:00,881.9000244140625,881.9000244140625,881.9000244140625,881.9000244140625
2020-09-29 00:00:00+00:00,880.0999755859375,889.2000122070312,871.5,887.5
2020-09-30 00:00:00+00:00,884.0,904.4000244140625,866.0,901.0
2020-10-01 00:00:00+00:00,896.0,908.4000244140625,894.5999755859375,898.2000122070312
2020-10-02 00:00:00+00:00,890.0999755859375,890.4000244140625,880.9000244140625,883.4000244140625
2020-10-05 00:00:00+00:00,880.7000122070312,905.5,875.4000244140625,897.2000122070312
2020-10-06 00:00:00+00:00,900.0,900.0,856.7000122070312,863.9000244140625
2020-10-07 00:00:00+00:00,859.5,869.2000122070312,854.4000244140625,861.2000122070312
2020-10-08 00:00:00+00:00,863.5,863.5,857.4000244140625,858.2000122070312
2020-10-09 00:00:00+00:00,870.0,892.5,870.0,887.9000244140625
2020-10-12 00:00:00+00:00,884.0,888.0,870.0,870.0
2020-10-13 00:00:00+00:00,870.0,874.4000244140625,861.5,867.2000122070312
2020-10-14 00:00:00+00:00,875.2000122070312,875.2000122070312,853.5999755859375,858.0999755859375
2020-10-15 00:00:00+00:00,852.0,856.2999877929688,849.2999877929688,856.2999877929688
2020-10-16 00:00:00+00:00,856.4000244140625,868.2000122070312,853.5,864.2999877929688
2020-10-19 00:00:00+00:00,863.0999755859375,873.5999755859375,851.7000122070312,858.5999755859375
2020-10-20 00:00:00+00:00,851.0999755859375,872.4000244140625,848.4000244140625,872.4000244140625
2020-10-21 00:00:00+00:00,889.0999755859375,889.0999755859375,887.5999755859375,889.0999755859375
2020-10-22 00:00:00+00:00,879.0,879.0,879.0,879.0
2020-10-23 00:00:00+00:00,915.5,918.5,901.7000122070312,901.7000122070312
2020-10-26 00:00:00+00:00,872.9000244140625,872.9000244140625,872.5,872.5
2020-10-27 00:00:00+00:00,881.4000244140625,884.5,879.2999877929688,882.0999755859375
2020-10-28 00:00:00+00:00,854.7000122070312,870.2999877929688,854.7000122070312,870.2999877929688
2020-10-29 00:00:00+00:00,871.0,871.0,845.4000244140625,845.4000244140625
2020-10-30 00:00:00+00:00,842.7999877929688,845.7999877929688,840.2999877929688,844.5999755859375
2020-11-02 00:00:00+00:00,844.5,855.7999877929688,843.9000244140625,855.7999877929688
2020-11-03 00:00:00+00:00,868.0999755859375,871.4000244140625,868.0999755859375,871.4000244140625
2020-11-04 00:00:00+00:00,849.5,866.7000122070312,849.0,866.7000122070312
2020-11-05 00:00:00+00:00,896.7999877929688,896.7999877929688,896.7999877929688,896.7999877929688
2020-11-06 00:00:00+00:00,891.0,896.0,890.0,896.0
2020-11-09 00:00:00+00:00,884.4000244140625,884.4000244140625,847.5,864.5999755859375
2020-11-10 00:00:00+00:00,890.0,890.0,890.0,890.0
2020-11-11 00:00:00+00:00,870.0,870.0,865.0999755859375,865.0999755859375
2020-11-12 00:00:00+00:00,881.0999755859375,881.0999755859375,881.0999755859375,881.0999755859375
2020-11-13 00:00:00+00:00,893.4000244140625,893.4000244140625,893.4000244140625,893.4000244140625
2020-11-16 00:00:00+00:00,925.0,925.0,925.0,925.0
2020-11-17 00:00:00+00:00,934.5999755859375,934.5999755859375,934.5999755859375,934.5999755859375
2020-11-18 00:00:00+00:00,946.7000122070312,946.7000122070312,946.7000122070312,946.7000122070312
2020-11-19 00:00:00+00:00,948.2000122070312,948.2000122070312,948.2000122070312,948.2000122070312
2020-11-20 00:00:00+00:00,954.0999755859375,954.0999755859375,954.0999755859375,954.0999755859375
2020-11-23 00:00:00+00:00,929.0999755859375,929.0999755859375,929.0999755859375,929.0999755859375
2020-11-24 00:00:00+00:00,955.7000122070312,955.7000122070312,955.7000122070312,955.7000122070312
2020-11-25 00:00:00+00:00,967.2999877929688,967.2999877929688,967.2999877929688,967.2999877929688
2020-11-27 00:00:00+00:00,963.0,963.0,963.0,963.0
2020-11-30 00:00:00+00:00,964.0999755859375,964.0999755859375,964.0999755859375,964.0999755859375
2020-12-01 00:00:00+00:00,1002.2000122070312,1002.2000122070312,1002.2000122070312,1002.2000122070312
2020-12-02 00:00:00+00:00,1010.4000244140625,1010.4000244140625,1010.4000244140625,1010.4000244140625
2020-12-03 00:00:00+00:00,1037.0,1037.0,1037.0,1037.0
2020-12-04 00:00:00+00:00,1071.199951171875,1071.199951171875,1071.199951171875,1071.199951171875
2020-12-07 00:00:00+00:00,1047.199951171875,1047.199951171875,1047.199951171875,1047.199951171875
2020-12-08 00:00:00+00:00,1035.0,1035.0,1035.0,1035.0
2020-12-09 00:00:00+00:00,1016.9000244140625,1016.9000244140625,1016.9000244140625,1016.9000244140625
2020-12-10 00:00:00+00:00,1026.199951171875,1026.199951171875,1026.199951171875,1026.199951171875
2020-12-11 00:00:00+00:00,1020.5999755859375,1020.5999755859375,1020.5999755859375,1020.5999755859375
2020-12-14 00:00:00+00:00,1014.4000244140625,1014.4000244140625,1014.4000244140625,1014.4000244140625
2020-12-15 00:00:00+00:00,1038.0999755859375,1038.0999755859375,1038.0999755859375,1038.0999755859375
2020-12-16 00:00:00+00:00,1034.199951171875,1034.199951171875,1034.199951171875,1034.199951171875
2020-12-17 00:00:00+00:00,1048.9000244140625,1048.9000244140625,1048.9000244140625,1048.9000244140625
2020-12-18 00:00:00+00:00,1040.4000244140625,1041.9000244140625,1040.4000244140625,1041.9000244140625
2020-12-21 00:00:00+00:00,1015.0,1015.0,1015.0,1015.0
2020-12-22 00:00:00+00:00,1008.5,1008.5,1008.5,1008.5
2020-12-23 00:00:00+00:00,1016.2000122070312,1016.2000122070312,1016.2000122070312,1016.2000122070312
2020-12-24 00:00:00+00:00,1028.0,1028.0,1028.0,1028.0
2020-12-28 00:00:00+00:00,1042.199951171875,1042.199951171875,1042.199951171875,1042.199951171875
2020-12-29 00:00:00+00:00,1055.699951171875,1055.699951171875,1055.699951171875,1055.699951171875
2020-12-30 00:00:00+00:00,1058.5,1075.199951171875,1053.800048828125,1072.5999755859375
2020-12-31 00:00:00+00:00,1069.800048828125,1082.800048828125,1069.800048828125,1075.4000244140625
2021-01-04 00:00:00+00:00,1085.4000244140625,1117.5,1052.300048828125,1066.0
2021-01-05 00:00:00+00:00,1074.800048828125,1115.300048828125,1066.199951171875,1114.699951171875
2021-01-06 00:00:00+00:00,1108.0,1115.0,1098.0,1105.699951171875
2021-01-07 00:00:00+00:00,1098.5999755859375,1125.300048828125,1094.0,1119.699951171875
2021-01-08 00:00:00+00:00,1109.0,1117.0,1065.699951171875,1065.699951171875
2021-01-11 00:00:00+00:00,1044.800048828125,1045.5999755859375,1039.5999755859375,1039.5999755859375
2021-01-12 00:00:00+00:00,1063.5999755859375,1067.699951171875,1049.4000244140625,1062.9000244140625
2021-01-13 00:00:00+00:00,1105.9000244140625,1105.9000244140625,1105.9000244140625,1105.9000244140625
2021-01-14 00:00:00+00:00,1121.5999755859375,1121.5999755859375,1121.5999755859375,1121.5999755859375
2021-01-15 00:00:00+00:00,1115.5999755859375,1116.0999755859375,1078.9000244140625,1085.699951171875
2021-01-19 00:00:00+00:00,1083.0,1088.4000244140625,1083.0,1088.4000244140625
2021-01-20 00:00:00+00:00,1112.9000244140625,1113.199951171875,1112.0,1112.800048828125
2021-01-21 00:00:00+00:00,1124.199951171875,1128.5,1124.199951171875,1124.199951171875
2021-01-22 00:00:00+00:00,1127.199951171875,1127.199951171875,1108.199951171875,1108.199951171875
2021-01-25 00:00:00+00:00,1107.0,1113.300048828125,1101.199951171875,1101.199951171875
2021-01-26 00:00:00+00:00,1103.800048828125,1103.800048828125,1103.800048828125,1103.800048828125
2021-01-27 00:00:00+00:00,1075.5,1075.5,1075.5,1075.5
2021-01-28 00:00:00+00:00,1060.699951171875,1094.5999755859375,1060.699951171875,1068.699951171875
2021-01-29 00:00:00+00:00,1075.800048828125,1075.800048828125,1075.800048828125,1075.800048828125
2021-02-01 00:00:00+00:00,1092.9000244140625,1135.5,1092.9000244140625,1135.5
2021-02-02 00:00:00+00:00,1092.699951171875,1092.699951171875,1092.699951171875,1092.699951171875
2021-02-03 00:00:00+00:00,1111.5999755859375,1111.5999755859375,1111.5999755859375,1111.5999755859375
2021-02-04 00:00:00+00:00,1100.0999755859375,1100.0999755859375,1100.0999755859375,1100.0999755859375
2021-02-05 00:00:00+00:00,1130.300048828125,1130.300048828125,1130.300048828125,1130.300048828125
2021-02-08 00:00:00+00:00,1172.4000244140625,1172.4000244140625,1172.4000244140625,1172.4000244140625
2021-02-09 00:00:00+00:00,1191.4000244140625,1191.4000244140625,1191.4000244140625,1191.4000244140625
2021-02-10 00:00:00+00:00,1244.199951171875,1244.199951171875,1244.199951171875,1244.199951171875
2021-02-11 00:00:00+00:00,1250.699951171875,1250.699951171875,1244.4000244140625,1244.4000244140625
2021-02-12 00:00:00+00:00,1256.4000244140625,1256.4000244140625,1256.4000244140625,1256.4000244140625
2021-02-16 00:00:00+00:00,1277.0,1277.0,1277.0,1277.0
2021-02-17 00:00:00+00:00,1255.300048828125,1255.300048828125,1255.300048828125,1255.300048828125
2021-02-18 00:00:00+00:00,1272.4000244140625,1272.4000244140625,1272.4000244140625,1272.4000244140625
2021-02-19 00:00:00+00:00,1290.5999755859375,1290.5999755859375,1290.5999755859375,1290.5999755859375
2021-02-22 00:00:00+00:00,1280.0,1280.0,1280.0,1280.0
2021-02-23 00:00:00+00:00,1237.4000244140625,1237.4000244140625,1237.4000244140625,1237.4000244140625
2021-02-24 00:00:00+00:00,1255.5999755859375,1255.5999755859375,1255.5999755859375,1255.5999755859375
2021-02-25 00:00:00+00:00,1229.699951171875,1229.699951171875,1229.699951171875,1229.699951171875
2021-02-26 00:00:00+00:00,1183.5,1183.5,1183.5,1183.5
2021-03-01 00:00:00+00:00,1189.5999755859375,1189.5999755859375,1189.5999755859375,1189.5999755859375
2021-03-02 00:00:00+00:00,1212.699951171875,1212.699951171875,1212.699951171875,1212.699951171875
2021-03-03 00:00:00+00:00,1180.4000244140625,1180.4000244140625,1180.4000244140625,1180.4000244140625
2021-03-04 00:00:00+00:00,1134.199951171875,1134.199951171875,1134.199951171875,1134.199951171875
2021-03-05 00:00:00+00:00,1127.0999755859375,1127.0999755859375,1127.0999755859375,1127.0999755859375
2021-03-08 00:00:00+00:00,1151.0999755859375,1151.0999755859375,1151.0999755859375,1151.0999755859375
2021-03-09 00:00:00+00:00,1174.199951171875,1174.199951171875,1174.199951171875,1174.199951171875
2021-03-10 00:00:00+00:00,1188.0,1200.5999755859375,1188.0,1200.5999755859375
2021-03-11 00:00:00+00:00,1201.0999755859375,1201.0999755859375,1201.0999755859375,1201.0999755859375
2021-03-12 00:00:00+00:00,1199.0999755859375,1204.199951171875,1199.0999755859375,1199.0999755859375
2021-03-15 00:00:00+00:00,1208.300048828125,1208.300048828125,1208.300048828125,1208.300048828125
2021-03-16 00:00:00+00:00,1217.9000244140625,1217.9000244140625,1217.0999755859375,1217.9000244140625
2021-03-17 00:00:00+00:00,1198.0999755859375,1198.0999755859375,1198.0999755859375,1198.0999755859375
2021-03-18 00:00:00+00:00,1216.199951171875,1216.199951171875,1216.199951171875,1216.199951171875
2021-03-19 00:00:00+00:00,1198.9000244140625,1198.9000244140625,1198.9000244140625,1198.9000244140625
2021-03-22 00:00:00+00:00,1182.800048828125,1182.800048828125,1182.800048828125,1182.800048828125
2021-03-23 00:00:00+00:00,1176.5,1176.5,1170.5,1173.800048828125
2021-03-24 00:00:00+00:00,1179.5999755859375,1179.5999755859375,1179.5999755859375,1179.5999755859375
2021-03-25 00:00:00+00:00,1153.699951171875,1153.699951171875,1153.699951171875,1153.699951171875
2021-03-26 00:00:00+00:00,1177.5,1177.5,1177.5,1177.5
2021-03-29 00:00:00+00:00,1181.300048828125,1181.300048828125,1181.300048828125,1181.300048828125
2021-03-30 00:00:00+00:00,1177.0,1186.0,1153.199951171875,1157.699951171875
2021-03-31 00:00:00+00:00,1158.9000244140625,1193.800048828125,1158.800048828125,1188.5
2021-04-01 00:00:00+00:00,1188.4000244140625,1211.800048828125,1185.0,1206.199951171875
2021-04-05 00:00:00+00:00,1212.800048828125,1222.9000244140625,1206.699951171875,1207.0
2021-04-06 00:00:00+00:00,1211.0,1240.0999755859375,1211.0,1237.800048828125
2021-04-07 00:00:00+00:00,1245.9000244140625,1246.0,1228.699951171875,1229.300048828125
2021-04-08 00:00:00+00:00,1236.5,1236.800048828125,1230.300048828125,1233.300048828125
2021-04-09 00:00:00+00:00,1207.300048828125,1207.300048828125,1207.300048828125,1207.300048828125
2021-04-12 00:00:00+00:00,1170.4000244140625,1172.199951171875,1168.0,1172.199951171875
2021-04-13 00:00:00+00:00,1163.5,1180.300048828125,1155.0,1155.0
2021-04-14 00:00:00+00:00,1157.5,1181.699951171875,1156.4000244140625,1175.199951171875
2021-04-15 00:00:00+00:00,1197.800048828125,1197.800048828125,1197.800048828125,1197.800048828125
2021-04-16 00:00:00+00:00,1206.199951171875,1206.199951171875,1202.800048828125,1206.199951171875
2021-04-19 00:00:00+00:00,1218.4000244140625,1218.4000244140625,1204.0,1204.0
2021-04-20 00:00:00+00:00,1199.4000244140625,1199.4000244140625,1188.5999755859375,1193.800048828125
2021-04-21 00:00:00+00:00,1212.199951171875,1212.199951171875,1212.199951171875,1212.199951171875
2021-04-22 00:00:00+00:00,1209.9000244140625,1209.9000244140625,1205.9000244140625,1206.0
2021-04-23 00:00:00+00:00,1241.5,1241.5,1228.800048828125,1230.5
2021-04-26 00:00:00+00:00,1236.5,1242.5999755859375,1236.5,1242.5999755859375
2021-04-27 00:00:00+00:00,1246.9000244140625,1246.9000244140625,1246.9000244140625,1246.9000244140625
2021-04-28 00:00:00+00:00,1209.4000244140625,1209.4000244140625,1209.4000244140625,1209.4000244140625
2021-04-29 00:00:00+00:00,1195.0999755859375,1195.0999755859375,1195.0999755859375,1195.0999755859375
2021-04-30 00:00:00+00:00,1203.0,1203.0,1203.0,1203.0
2021-05-03 00:00:00+00:00,1227.9000244140625,1227.9000244140625,1227.9000244140625,1227.9000244140625
2021-05-04 00:00:00+00:00,1229.5999755859375,1229.5999755859375,1229.5999755859375,1229.5999755859375
2021-05-05 00:00:00+00:00,1226.5999755859375,1226.5999755859375,1226.5999755859375,1226.5999755859375
2021-05-06 00:00:00+00:00,1255.5,1255.5,1255.5,1255.5
2021-05-07 00:00:00+00:00,1252.300048828125,1252.300048828125,1252.300048828125,1252.300048828125
2021-05-10 00:00:00+00:00,1263.0,1263.0,1263.0,1263.0
2021-05-11 00:00:00+00:00,1238.699951171875,1238.699951171875,1238.699951171875,1238.699951171875
2021-05-12 00:00:00+00:00,1241.0,1241.0,1223.5,1223.5
2021-05-13 00:00:00+00:00,1204.5999755859375,1204.5999755859375,1204.5999755859375,1204.5999755859375
2021-05-14 00:00:00+00:00,1220.800048828125,1220.800048828125,1220.800048828125,1220.800048828125
2021-05-17 00:00:00+00:00,1242.5,1242.5,1242.5,1242.5
2021-05-18 00:00:00+00:00,1223.4000244140625,1223.4000244140625,1223.4000244140625,1223.4000244140625
2021-05-19 00:00:00+00:00,1195.0,1199.800048828125,1195.0,1199.800048828125
2021-05-20 00:00:00+00:00,1203.199951171875,1203.199951171875,1203.199951171875,1203.199951171875
2021-05-21 00:00:00+00:00,1167.800048828125,1167.800048828125,1167.800048828125,1167.800048828125
2021-05-24 00:00:00+00:00,1175.800048828125,1175.800048828125,1175.800048828125,1175.800048828125
2021-05-25 00:00:00+00:00,1195.0999755859375,1195.0999755859375,1195.0999755859375,1195.0999755859375
2021-05-26 00:00:00+00:00,1198.4000244140625,1198.4000244140625,1198.4000244140625,1198.4000244140625
2021-05-27 00:00:00+00:00,1172.300048828125,1177.4000244140625,1172.0,1177.4000244140625
2021-05-28 00:00:00+00:00,1180.800048828125,1180.800048828125,1180.800048828125,1180.800048828125
2021-06-01 00:00:00+00:00,1198.4000244140625,1198.4000244140625,1198.4000244140625,1198.4000244140625
2021-06-02 00:00:00+00:00,1191.4000244140625,1191.4000244140625,1191.4000244140625,1191.4000244140625
2021-06-03 00:00:00+00:00,1161.300048828125,1161.300048828125,1161.300048828125,1161.300048828125
2021-06-04 00:00:00+00:00,1163.199951171875,1163.199951171875,1163.199951171875,1163.199951171875
2021-06-07 00:00:00+00:00,1173.5999755859375,1173.5999755859375,1173.5999755859375,1173.5999755859375
2021-06-08 00:00:00+00:00,1161.5999755859375,1161.5999755859375,1161.5999755859375,1161.5999755859375
2021-06-09 00:00:00+00:00,1150.5999755859375,1150.5999755859375,1150.5999755859375,1150.5999755859375
2021-06-10 00:00:00+00:00,1144.800048828125,1144.800048828125,1144.800048828125,1144.800048828125
2021-06-11 00:00:00+00:00,1149.9000244140625,1149.9000244140625,1149.9000244140625,1149.9000244140625
2021-06-14 00:00:00+00:00,1164.0999755859375,1164.0999755859375,1164.0999755859375,1164.0999755859375
2021-06-15 00:00:00+00:00,1147.5999755859375,1147.5999755859375,1147.5999755859375,1147.5999755859375
2021-06-16 00:00:00+00:00,1141.0,1141.0,1141.0,1141.0
2021-06-17 00:00:00+00:00,1054.300048828125,1054.300048828125,1054.300048828125,1054.300048828125
2021-06-18 00:00:00+00:00,1040.0999755859375,1040.0999755859375,1040.0999755859375,1040.0999755859375
2021-06-21 00:00:00+00:00,1049.699951171875,1049.699951171875,1049.699951171875,1049.699951171875
2021-06-22 00:00:00+00:00,1069.300048828125,1069.300048828125,1069.300048828125,1069.300048828125
2021-06-23 00:00:00+00:00,1085.699951171875,1085.699951171875,1085.699951171875,1085.699951171875
2021-06-24 00:00:00+00:00,1093.0999755859375,1093.0999755859375,1093.0999755859375,1093.0999755859375
2021-06-25 00:00:00+00:00,1102.800048828125,1102.800048828125,1102.800048828125,1102.800048828125
2021-06-28 00:00:00+00:00,1096.9000244140625,1096.9000244140625,1096.9000244140625,1096.9000244140625
2021-06-29 00:00:00+00:00,1091.300048828125,1093.0999755859375,1057.5999755859375,1067.5
2021-06-30 00:00:00+00:00,1057.0,1070.5,1048.199951171875,1070.5
2021-07-01 00:00:00+00:00,1063.199951171875,1086.9000244140625,1063.199951171875,1078.4000244140625
2021-07-02 00:00:00+00:00,1082.5999755859375,1092.0,1079.5999755859375,1085.4000244140625
2021-07-06 00:00:00+00:00,1094.0,1114.5999755859375,1075.199951171875,1081.9000244140625
2021-07-07 00:00:00+00:00,1087.199951171875,1096.800048828125,1072.5999755859375,1080.199951171875
2021-07-08 00:00:00+00:00,1069.9000244140625,1079.300048828125,1062.199951171875,1073.199951171875
2021-07-09 00:00:00+00:00,1072.0999755859375,1094.4000244140625,1067.9000244140625,1094.4000244140625
2021-07-12 00:00:00+00:00,1099.800048828125,1121.699951171875,1099.800048828125,1121.699951171875
2021-07-13 00:00:00+00:00,1109.800048828125,1110.5,1102.199951171875,1109.800048828125
2021-07-14 00:00:00+00:00,1105.9000244140625,1128.800048828125,1103.5999755859375,1126.5
2021-07-15 00:00:00+00:00,1142.9000244140625,1142.9000244140625,1136.0,1136.0
2021-07-16 00:00:00+00:00,1110.0,1110.0,1104.0,1107.0
2021-07-19 00:00:00+00:00,1092.800048828125,1092.800048828125,1068.199951171875,1069.300048828125
2021-07-20 00:00:00+00:00,1076.5999755859375,1076.5999755859375,1052.800048828125,1064.300048828125
2021-07-21 00:00:00+00:00,1073.5999755859375,1073.5999755859375,1073.5999755859375,1073.5999755859375
2021-07-22 00:00:00+00:00,1088.800048828125,1088.800048828125,1088.800048828125,1088.800048828125
2021-07-23 00:00:00+00:00,1059.5999755859375,1059.5999755859375,1059.5999755859375,1059.5999755859375
2021-07-26 00:00:00+00:00,1060.5,1068.699951171875,1060.5,1068.699951171875
2021-07-27 00:00:00+00:00,1059.800048828125,1062.5,1047.800048828125,1047.800048828125
2021-07-28 00:00:00+00:00,1056.0999755859375,1056.0999755859375,1056.0999755859375,1056.0999755859375
2021-07-29 00:00:00+00:00,1071.199951171875,1074.699951171875,1063.0,1065.5
2021-07-30 00:00:00+00:00,1046.9000244140625,1046.9000244140625,1046.9000244140625,1046.9000244140625
2021-08-02 00:00:00+00:00,1054.9000244140625,1054.9000244140625,1054.9000244140625,1054.9000244140625
2021-08-03 00:00:00+00:00,1045.800048828125,1045.800048828125,1045.800048828125,1045.800048828125
2021-08-04 00:00:00+00:00,1020.4000244140625,1020.4000244140625,1020.4000244140625,1020.4000244140625
2021-08-05 00:00:00+00:00,1010.9000244140625,1010.9000244140625,1005.5,1005.5
2021-08-06 00:00:00+00:00,972.2999877929688,972.2999877929688,972.2999877929688,972.2999877929688
2021-08-09 00:00:00+00:00,965.0999755859375,970.9000244140625,965.0999755859375,970.9000244140625
2021-08-10 00:00:00+00:00,987.2000122070312,987.2000122070312,987.2000122070312,987.2000122070312
2021-08-11 00:00:00+00:00,1015.5,1015.5,1015.5,1015.5
2021-08-12 00:00:00+00:00,1017.2999877929688,1017.2999877929688,1017.2999877929688,1017.2999877929688
2021-08-13 00:00:00+00:00,1025.5,1025.5,1025.5,1025.5
2021-08-16 00:00:00+00:00,1020.5,1020.5,1020.5,1020.5
2021-08-17 00:00:00+00:00,993.4000244140625,993.4000244140625,993.4000244140625,993.4000244140625
2021-08-18 00:00:00+00:00,995.7999877929688,995.7999877929688,995.7999877929688,995.7999877929688
2021-08-19 00:00:00+00:00,970.5999755859375,970.5999755859375,970.5999755859375,970.5999755859375
2021-08-20 00:00:00+00:00,993.5,993.5,993.5,993.5
2021-08-23 00:00:00+00:00,1013.4000244140625,1013.4000244140625,1013.4000244140625,1013.4000244140625
2021-08-24 00:00:00+00:00,1009.4000244140625,1009.4000244140625,1009.4000244140625,1009.4000244140625
2021-08-25 00:00:00+00:00,992.7999877929688,992.7999877929688,992.7999877929688,992.7999877929688
2021-08-26 00:00:00+00:00,975.0,975.0,975.0,975.0
2021-08-27 00:00:00+00:00,1005.7999877929688,1005.7999877929688,1005.7999877929688,1005.7999877929688
2021-08-30 00:00:00+00:00,1010.0,1010.0,995.5,1001.9000244140625
2021-08-31 00:00:00+00:00,1006.5,1013.9000244140625,1006.5,1013.9000244140625
2021-09-01 00:00:00+00:00,1001.7000122070312,1001.9000244140625,1000.0,1000.0
2021-09-02 00:00:00+00:00,993.9000244140625,993.9000244140625,993.9000244140625,993.9000244140625
2021-09-03 00:00:00+00:00,1021.2000122070312,1021.2000122070312,1021.2000122070312,1021.2000122070312
2021-09-07 00:00:00+00:00,995.4000244140625,995.4000244140625,995.4000244140625,995.4000244140625
2021-09-08 00:00:00+00:00,975.2999877929688,975.2999877929688,975.2999877929688,975.2999877929688
2021-09-09 00:00:00+00:00,973.7999877929688,973.7999877929688,973.7999877929688,973.7999877929688
2021-09-10 00:00:00+00:00,969.0,973.5,956.0,956.7000122070312
2021-09-13 00:00:00+00:00,955.0,957.7000122070312,953.5,957.7000122070312
2021-09-14 00:00:00+00:00,939.0999755859375,939.0999755859375,939.0999755859375,939.0999755859375
2021-09-15 00:00:00+00:00,932.4000244140625,932.4000244140625,932.4000244140625,932.4000244140625
2021-09-16 00:00:00+00:00,925.2000122070312,925.2000122070312,925.2000122070312,925.2000122070312
2021-09-17 00:00:00+00:00,932.5,932.5,932.5,932.5
2021-09-20 00:00:00+00:00,912.0,917.0,900.7999877929688,900.7999877929688
2021-09-21 00:00:00+00:00,951.9000244140625,951.9000244140625,951.9000244140625,951.9000244140625
2021-09-22 00:00:00+00:00,983.5,1001.2999877929688,980.0999755859375,1001.2999877929688
2021-09-23 00:00:00+00:00,997.2000122070312,997.2000122070312,997.2000122070312,997.2000122070312
2021-09-24 00:00:00+00:00,980.9000244140625,980.9000244140625,980.9000244140625,980.9000244140625
2021-09-27 00:00:00+00:00,985.7000122070312,986.9000244140625,979.7999877929688,982.5999755859375
2021-09-28 00:00:00+00:00,960.5999755859375,960.5999755859375,960.5999755859375,960.5999755859375
2021-09-29 00:00:00+00:00,962.0999755859375,969.2000122070312,939.0,944.2999877929688
2021-09-30 00:00:00+00:00,946.5999755859375,966.9000244140625,946.5,960.9000244140625
2021-10-01 00:00:00+00:00,957.7000122070312,976.0,957.7000122070312,972.0999755859375
2021-10-04 00:00:00+00:00,960.0,963.7999877929688,951.2000122070312,960.2000122070312
2021-10-05 00:00:00+00:00,963.7999877929688,963.7999877929688,955.7999877929688,959.0
2021-10-06 00:00:00+00:00,957.2999877929688,975.9000244140625,949.2000122070312,975.7999877929688
2021-10-07 00:00:00+00:00,986.0999755859375,995.0,977.7000122070312,983.9000244140625
2021-10-08 00:00:00+00:00,1012.7999877929688,1030.5999755859375,1012.7999877929688,1026.5999755859375
2021-10-11 00:00:00+00:00,1004.9000244140625,1007.0999755859375,1004.9000244140625,1004.9000244140625
2021-10-12 00:00:00+00:00,1010.2000122070312,1010.2000122070312,1003.9000244140625,1009.7000122070312
2021-10-13 00:00:00+00:00,1022.2999877929688,1022.2999877929688,1022.2999877929688,1022.2999877929688
2021-10-14 00:00:00+00:00,1033.5,1058.0,1033.5,1050.5
2021-10-15 00:00:00+00:00,1057.300048828125,1057.4000244140625,1053.5999755859375,1056.699951171875
2021-10-18 00:00:00+00:00,1035.9000244140625,1035.9000244140625,1035.9000244140625,1035.9000244140625
2021-10-19 00:00:00+00:00,1044.5999755859375,1044.5999755859375,1044.5999755859375,1044.5999755859375
2021-10-20 00:00:00+00:00,1041.0999755859375,1054.0999755859375,1041.0999755859375,1050.199951171875
2021-10-21 00:00:00+00:00,1039.0,1047.699951171875,1038.800048828125,1047.699951171875
2021-10-22 00:00:00+00:00,1064.300048828125,1064.300048828125,1050.199951171875,1050.199951171875
2021-10-25 00:00:00+00:00,1059.699951171875,1062.199951171875,1059.699951171875,1062.199951171875
2021-10-26 00:00:00+00:00,1032.199951171875,1032.199951171875,1032.199951171875,1032.199951171875
2021-10-27 00:00:00+00:00,1018.0,1018.4000244140625,1017.0,1018.4000244140625
2021-10-28 00:00:00+00:00,1018.4000244140625,1025.0,1015.4000244140625,1022.7000122070312
2021-10-29 00:00:00+00:00,1019.5999755859375,1021.7999877929688,1019.5999755859375,1019.5999755859375
2021-11-01 00:00:00+00:00,1066.300048828125,1066.300048828125,1066.300048828125,1066.300048828125
2021-11-02 00:00:00+00:00,1038.199951171875,1039.0999755859375,1038.199951171875,1038.199951171875
2021-11-03 00:00:00+00:00,1021.2999877929688,1021.2999877929688,1021.2999877929688,1021.2999877929688
2021-11-04 00:00:00+00:00,1028.199951171875,1028.199951171875,1027.800048828125,1028.199951171875
2021-11-05 00:00:00+00:00,1034.699951171875,1034.699951171875,1034.699951171875,1034.699951171875
2021-11-08 00:00:00+00:00,1058.9000244140625,1058.9000244140625,1058.9000244140625,1058.9000244140625
2021-11-09 00:00:00+00:00,1060.199951171875,1060.199951171875,1060.199951171875,1060.199951171875
2021-11-10 00:00:00+00:00,1075.800048828125,1075.800048828125,1075.800048828125,1075.800048828125
2021-11-11 00:00:00+00:00,1093.300048828125,1093.300048828125,1093.300048828125,1093.300048828125
2021-11-12 00:00:00+00:00,1088.0999755859375,1088.0999755859375,1088.0999755859375,1088.0999755859375
2021-11-15 00:00:00+00:00,1095.800048828125,1095.800048828125,1095.800048828125,1095.800048828125
2021-11-16 00:00:00+00:00,1073.0,1073.0,1073.0,1073.0
2021-11-17 00:00:00+00:00,1067.699951171875,1067.699951171875,1067.699951171875,1067.699951171875
2021-11-18 00:00:00+00:00,1055.0,1055.0,1055.0,1055.0
2021-11-19 00:00:00+00:00,1034.5999755859375,1034.5999755859375,1034.5999755859375,1034.5999755859375
2021-11-22 00:00:00+00:00,1030.0,1030.0,1014.0,1014.0
2021-11-23 00:00:00+00:00,1002.0,1002.0,963.0999755859375,963.0999755859375
2021-11-24 00:00:00+00:00,974.2999877929688,974.2999877929688,974.2999877929688,974.2999877929688
2021-11-26 00:00:00+00:00,953.4000244140625,953.4000244140625,953.4000244140625,953.4000244140625
2021-11-29 00:00:00+00:00,962.7999877929688,970.0,957.2000122070312,963.5999755859375
2021-11-30 00:00:00+00:00,926.5999755859375,926.5999755859375,926.5999755859375,926.5999755859375
2021-12-01 00:00:00+00:00,934.5,934.5,934.5,934.5
2021-12-02 00:00:00+00:00,932.4000244140625,932.4000244140625,932.4000244140625,932.4000244140625
2021-12-03 00:00:00+00:00,925.5,925.5,925.5,925.5
2021-12-06 00:00:00+00:00,935.9000244140625,935.9000244140625,935.9000244140625,935.9000244140625
2021-12-07 00:00:00+00:00,949.2999877929688,949.2999877929688,949.2999877929688,949.2999877929688
2021-12-08 00:00:00+00:00,955.2000122070312,955.2000122070312,955.2000122070312,955.2000122070312
2021-12-09 00:00:00+00:00,937.2999877929688,937.2999877929688,937.2999877929688,937.2999877929688
2021-12-10 00:00:00+00:00,933.7999877929688,933.7999877929688,933.7999877929688,933.7999877929688
2021-12-13 00:00:00+00:00,924.0999755859375,924.0999755859375,924.0999755859375,924.0999755859375
2021-12-14 00:00:00+00:00,910.2999877929688,910.2999877929688,910.2999877929688,910.2999877929688
2021-12-15 00:00:00+00:00,893.5999755859375,893.5999755859375,893.5999755859375,893.5999755859375
2021-12-16 00:00:00+00:00,928.2999877929688,928.2999877929688,928.2999877929688,928.2999877929688
2021-12-17 00:00:00+00:00,933.9000244140625,933.9000244140625,933.9000244140625,933.9000244140625
2021-12-20 00:00:00+00:00,911.7000122070312,926.2000122070312,911.7000122070312,926.2000122070312
2021-12-21 00:00:00+00:00,927.5,927.5,927.5,927.5
2021-12-22 00:00:00+00:00,968.0999755859375,968.0999755859375,968.0999755859375,968.0999755859375
2021-12-23 00:00:00+00:00,974.5999755859375,974.5999755859375,974.5999755859375,974.5999755859375
2021-12-27 00:00:00+00:00,968.9000244140625,968.9000244140625,968.9000244140625,968.9000244140625
2021-12-28 00:00:00+00:00,979.0999755859375,979.0999755859375,979.0999755859375,979.0999755859375
2021-12-29 00:00:00+00:00,968.2000122070312,968.2000122070312,968.2000122070312,968.2000122070312
2021-12-30 00:00:00+00:00,967.2999877929688,971.0,955.7999877929688,963.5999755859375
2021-12-31 00:00:00+00:00,962.5,965.2999877929688,949.5999755859375,964.4000244140625
2022-01-03 00:00:00+00:00,978.2000122070312,978.2000122070312,928.7000122070312,953.7000122070312
2022-01-04 00:00:00+00:00,950.9000244140625,975.0,950.9000244140625,970.4000244140625
2022-01-05 00:00:00+00:00,980.0,1001.9000244140625,978.7999877929688,1001.9000244140625
2022-01-06 00:00:00+00:00,964.0,973.5999755859375,960.5,960.5999755859375
2022-01-07 00:00:00+00:00,970.2000122070312,970.2000122070312,957.0,957.0
2022-01-10 00:00:00+00:00,924.0,934.4000244140625,924.0,934.4000244140625
2022-01-11 00:00:00+00:00,947.5,973.7999877929688,947.5,973.7999877929688
2022-01-12 00:00:00+00:00,964.7000122070312,979.9000244140625,964.7000122070312,979.9000244140625
2022-01-13 00:00:00+00:00,971.9000244140625,971.9000244140625,971.9000244140625,971.9000244140625
2022-01-14 00:00:00+00:00,964.4000244140625,964.4000244140625,964.4000244140625,964.4000244140625
2022-01-18 00:00:00+00:00,971.5999755859375,979.2999877929688,963.4000244140625,979.2999877929688
2022-01-19 00:00:00+00:00,1027.0999755859375,1028.199951171875,1026.800048828125,1028.199951171875
2022-01-20 00:00:00+00:00,1053.4000244140625,1053.4000244140625,1050.5999755859375,1050.5999755859375
2022-01-21 00:00:00+00:00,1036.4000244140625,1036.9000244140625,1027.0,1034.699951171875
2022-01-24 00:00:00+00:00,1019.0,1019.9000244140625,1017.5,1019.9000244140625
2022-01-25 00:00:00+00:00,1021.4000244140625,1031.699951171875,1012.7999877929688,1023.7999877929688
2022-01-26 00:00:00+00:00,1046.0999755859375,1046.0999755859375,1046.0999755859375,1046.0999755859375
2022-01-27 00:00:00+00:00,1021.7000122070312,1021.7000122070312,1021.7000122070312,1021.7000122070312
2022-01-28 00:00:00+00:00,1027.5,1027.5,1000.0999755859375,1004.9000244140625
2022-01-31 00:00:00+00:00,1019.2000122070312,1019.2000122070312,1019.2000122070312,1019.2000122070312
2022-02-01 00:00:00+00:00,1021.7999877929688,1021.7999877929688,1021.7999877929688,1021.7999877929688
2022-02-02 00:00:00+00:00,1042.300048828125,1042.300048828125,1042.300048828125,1042.300048828125
2022-02-03 00:00:00+00:00,1028.9000244140625,1028.9000244140625,1028.9000244140625,1028.9000244140625
2022-02-04 00:00:00+00:00,1022.7999877929688,1022.7999877929688,1022.7999877929688,1022.7999877929688
2022-02-07 00:00:00+00:00,1018.9000244140625,1018.9000244140625,1018.9000244140625,1018.9000244140625
2022-02-08 00:00:00+00:00,1035.199951171875,1035.199951171875,1035.199951171875,1035.199951171875
2022-02-09 00:00:00+00:00,1036.0,1036.0,1036.0,1036.0
2022-02-10 00:00:00+00:00,1041.0999755859375,1041.0999755859375,1041.0999755859375,1041.0999755859375
2022-02-11 00:00:00+00:00,1017.2999877929688,1017.2999877929688,1017.2999877929688,1017.2999877929688
2022-02-14 00:00:00+00:00,1026.5999755859375,1026.5999755859375,1026.5999755859375,1026.5999755859375
2022-02-15 00:00:00+00:00,1019.0,1019.0,1019.0,1019.0
2022-02-16 00:00:00+00:00,1059.0,1062.199951171875,1059.0,1062.199951171875
2022-02-17 00:00:00+00:00,1091.199951171875,1091.199951171875,1091.199951171875,1091.199951171875
2022-02-18 00:00:00+00:00,1075.300048828125,1075.300048828125,1075.300048828125,1075.300048828125
2022-02-22 00:00:00+00:00,1084.5,1084.5,1084.5,1084.5
2022-02-23 00:00:00+00:00,1090.0999755859375,1090.0999755859375,1090.0999755859375,1090.0999755859375
2022-02-24 00:00:00+00:00,1060.4000244140625,1060.4000244140625,1060.4000244140625,1060.4000244140625
2022-02-25 00:00:00+00:00,1048.9000244140625,1048.9000244140625,1048.9000244140625,1048.9000244140625
2022-02-28 00:00:00+00:00,1063.9000244140625,1063.9000244140625,1037.800048828125,1037.800048828125
2022-03-01 00:00:00+00:00,1051.0999755859375,1051.0999755859375,1051.0999755859375,1051.0999755859375
2022-03-02 00:00:00+00:00,1056.199951171875,1067.5999755859375,1053.4000244140625,1067.5999755859375
2022-03-03 00:00:00+00:00,1080.0999755859375,1080.0999755859375,1080.0999755859375,1080.0999755859375
2022-03-04 00:00:00+00:00,1116.0999755859375,1116.0999755859375,1116.0999755859375,1116.0999755859375
2022-03-07 00:00:00+00:00,1148.800048828125,1154.0,1115.9000244140625,1115.9000244140625
2022-03-08 00:00:00+00:00,1152.5,1152.5,1152.5,1152.5
2022-03-09 00:00:00+00:00,1106.699951171875,1106.699951171875,1106.699951171875,1106.699951171875
2022-03-10 00:00:00+00:00,1094.4000244140625,1094.4000244140625,1094.4000244140625,1094.4000244140625
2022-03-11 00:00:00+00:00,1087.800048828125,1087.800048828125,1087.800048828125,1087.800048828125
2022-03-14 00:00:00+00:00,1051.5,1051.5,1051.5,1051.5
2022-03-15 00:00:00+00:00,1001.7999877929688,1001.7999877929688,1001.7999877929688,1001.7999877929688
2022-03-16 00:00:00+00:00,1003.5999755859375,1007.4000244140625,1003.5999755859375,1007.4000244140625
2022-03-17 00:00:00+00:00,1030.5999755859375,1030.5999755859375,1030.5999755859375,1030.5999755859375
2022-03-18 00:00:00+00:00,1035.199951171875,1035.199951171875,1035.199951171875,1035.199951171875
2022-03-21 00:00:00+00:00,1044.4000244140625,1044.4000244140625,1044.4000244140625,1044.4000244140625
2022-03-22 00:00:00+00:00,1024.800048828125,1024.800048828125,1024.800048828125,1024.800048828125
2022-03-23 00:00:00+00:00,1020.7000122070312,1020.9000244140625,1020.5999755859375,1020.7000122070312
2022-03-24 00:00:00+00:00,1030.5,1030.5,1030.5,1030.5
2022-03-25 00:00:00+00:00,1007.7999877929688,1007.7999877929688,1007.7999877929688,1007.7999877929688
2022-03-28 00:00:00+00:00,990.4000244140625,990.4000244140625,990.4000244140625,990.4000244140625
2022-03-29 00:00:00+00:00,972.2999877929688,972.2999877929688,972.2999877929688,972.2999877929688
2022-03-30 00:00:00+00:00,982.2000122070312,1004.7999877929688,981.2000122070312,996.7999877929688
2022-03-31 00:00:00+00:00,995.4000244140625,995.4000244140625,980.0999755859375,992.5
2022-04-01 00:00:00+00:00,992.7999877929688,998.2999877929688,982.7000122070312,985.0
2022-04-04 00:00:00+00:00,985.0,986.5,985.0,986.5
2022-04-05 00:00:00+00:00,979.2999877929688,979.2999877929688,969.4000244140625,969.4000244140625
2022-04-06 00:00:00+00:00,960.2999877929688,964.0,948.7999877929688,950.0999755859375
2022-04-07 00:00:00+00:00,953.0,954.9000244140625,942.5999755859375,954.9000244140625
2022-04-08 00:00:00+00:00,983.7000122070312,984.2000122070312,971.2999877929688,972.2000122070312
2022-04-11 00:00:00+00:00,978.7000122070312,989.2999877929688,973.7000122070312,973.9000244140625
2022-04-12 00:00:00+00:00,960.2000122070312,974.0,960.2000122070312,969.0
2022-04-13 00:00:00+00:00,970.0,986.0,970.0,985.2000122070312
2022-04-14 00:00:00+00:00,986.2999877929688,989.5999755859375,986.2999877929688,989.5999755859375
2022-04-18 00:00:00+00:00,1012.5999755859375,1015.4000244140625,1012.5999755859375,1015.4000244140625
2022-04-19 00:00:00+00:00,1016.2000122070312,1016.2000122070312,983.9000244140625,984.4000244140625
2022-04-20 00:00:00+00:00,982.7999877929688,982.7999877929688,982.7999877929688,982.7999877929688
2022-04-21 00:00:00+00:00,965.2999877929688,965.2999877929688,965.2999877929688,965.2999877929688
2022-04-22 00:00:00+00:00,958.9000244140625,958.9000244140625,925.0999755859375,925.0999755859375
2022-04-25 00:00:00+00:00,903.7000122070312,903.7000122070312,899.4000244140625,902.2999877929688
2022-04-26 00:00:00+00:00,912.7000122070312,913.5,902.5,911.9000244140625
2022-04-27 00:00:00+00:00,910.0999755859375,910.0999755859375,910.0999755859375,910.0999755859375
2022-04-28 00:00:00+00:00,906.5999755859375,910.4000244140625,902.2000122070312,910.4000244140625
2022-04-29 00:00:00+00:00,922.2000122070312,937.5999755859375,922.0999755859375,937.5999755859375
2022-05-02 00:00:00+00:00,930.5999755859375,930.5999755859375,930.5999755859375,930.5999755859375
2022-05-03 00:00:00+00:00,956.5,956.5,956.5,956.5
2022-05-04 00:00:00+00:00,978.2000122070312,979.5,978.2000122070312,978.2000122070312
2022-05-05 00:00:00+00:00,971.7999877929688,971.7999877929688,971.7999877929688,971.7999877929688
2022-05-06 00:00:00+00:00,954.5999755859375,954.5999755859375,954.5999755859375,954.5999755859375
2022-05-09 00:00:00+00:00,938.5,938.5,938.5,938.5
2022-05-10 00:00:00+00:00,958.7999877929688,958.7999877929688,953.5,953.5
2022-05-11 00:00:00+00:00,995.7000122070312,995.7000122070312,995.7000122070312,995.7000122070312
2022-05-12 00:00:00+00:00,936.9000244140625,936.9000244140625,936.9000244140625,936.9000244140625
2022-05-13 00:00:00+00:00,936.4000244140625,936.4000244140625,936.4000244140625,936.4000244140625
2022-05-16 00:00:00+00:00,929.0,929.0,929.0,929.0
2022-05-17 00:00:00+00:00,947.0999755859375,947.0999755859375,947.0999755859375,947.0999755859375
2022-05-18 00:00:00+00:00,927.9000244140625,927.9000244140625,927.9000244140625,927.9000244140625
2022-05-19 00:00:00+00:00,957.5,957.5,957.5,957.5
2022-05-20 00:00:00+00:00,946.2000122070312,946.2000122070312,946.2000122070312,946.2000122070312
2022-05-23 00:00:00+00:00,955.5,955.5,955.5,955.5
2022-05-24 00:00:00+00:00,946.7999877929688,946.7999877929688,946.7999877929688,946.7999877929688
2022-05-25 00:00:00+00:00,933.4000244140625,933.4000244140625,933.4000244140625,933.4000244140625
2022-05-26 00:00:00+00:00,941.5,941.5,941.5,941.5
2022-05-27 00:00:00+00:00,944.5,945.5,944.5,945.5
2022-05-31 00:00:00+00:00,969.2999877929688,969.2999877929688,969.2999877929688,969.2999877929688
2022-06-01 00:00:00+00:00,997.2000122070312,997.2000122070312,997.2000122070312,997.2000122070312
2022-06-02 00:00:00+00:00,1029.199951171875,1029.199951171875,1029.199951171875,1029.199951171875
2022-06-03 00:00:00+00:00,1017.2000122070312,1017.2000122070312,1017.2000122070312,1017.2000122070312
2022-06-06 00:00:00+00:00,1030.800048828125,1030.800048828125,1030.800048828125,1030.800048828125
2022-06-07 00:00:00+00:00,1013.7000122070312,1013.7000122070312,1013.7000122070312,1013.7000122070312
2022-06-08 00:00:00+00:00,1012.4000244140625,1012.4000244140625,1012.4000244140625,1012.4000244140625
2022-06-09 00:00:00+00:00,976.7000122070312,976.7000122070312,976.7000122070312,976.7000122070312
2022-06-10 00:00:00+00:00,971.7999877929688,971.7999877929688,971.7999877929688,971.7999877929688
2022-06-13 00:00:00+00:00,933.0999755859375,933.0999755859375,933.0999755859375,933.0999755859375
2022-06-14 00:00:00+00:00,911.5,911.5,911.5,911.5
2022-06-15 00:00:00+00:00,925.4000244140625,925.4000244140625,925.4000244140625,925.4000244140625
2022-06-16 00:00:00+00:00,951.9000244140625,951.9000244140625,951.9000244140625,951.9000244140625
2022-06-17 00:00:00+00:00,931.0,931.0,931.0,931.0
2022-06-21 00:00:00+00:00,940.0,940.0,940.0,940.0
2022-06-22 00:00:00+00:00,927.4000244140625,927.4000244140625,927.4000244140625,927.4000244140625
2022-06-23 00:00:00+00:00,904.9000244140625,904.9000244140625,904.9000244140625,904.9000244140625
2022-06-24 00:00:00+00:00,904.5,904.5,904.5,904.5
2022-06-27 00:00:00+00:00,904.9000244140625,904.9000244140625,903.2999877929688,904.9000244140625
2022-06-28 00:00:00+00:00,911.2000122070312,911.5,910.5999755859375,910.5999755859375
2022-06-29 00:00:00+00:00,908.7999877929688,932.7999877929688,907.5,910.7999877929688
2022-06-30 00:00:00+00:00,912.7999877929688,912.7999877929688,888.0999755859375,898.4000244140625
2022-07-01 00:00:00+00:00,880.0,892.4000244140625,861.0,875.4000244140625
2022-07-05 00:00:00+00:00,890.9000244140625,890.9000244140625,856.7999877929688,856.7999877929688
2022-07-06 00:00:00+00:00,853.0999755859375,853.0999755859375,847.7999877929688,847.7999877929688
2022-07-07 00:00:00+00:00,882.0,882.0,876.4000244140625,876.4000244140625
2022-07-08 00:00:00+00:00,872.5,894.0,872.5,894.0
2022-07-11 00:00:00+00:00,872.2000122070312,872.2000122070312,872.2000122070312,872.2000122070312
2022-07-12 00:00:00+00:00,839.7000122070312,839.7000122070312,839.7000122070312,839.7000122070312
2022-07-13 00:00:00+00:00,849.9000244140625,849.9000244140625,849.9000244140625,849.9000244140625
2022-07-14 00:00:00+00:00,830.5999755859375,830.5999755859375,830.5999755859375,830.5999755859375
2022-07-15 00:00:00+00:00,845.0,845.0,843.0,844.2000122070312
2022-07-18 00:00:00+00:00,864.7999877929688,864.7999877929688,864.7999877929688,864.7999877929688
2022-07-19 00:00:00+00:00,880.2999877929688,880.2999877929688,867.5999755859375,867.5999755859375
2022-07-20 00:00:00+00:00,855.0,855.0,842.0,851.5
2022-07-21 00:00:00+00:00,857.0999755859375,857.0999755859375,857.0999755859375,857.0999755859375
2022-07-22 00:00:00+00:00,861.2000122070312,861.2000122070312,861.2000122070312,861.2000122070312
2022-07-25 00:00:00+00:00,864.2999877929688,864.2999877929688,864.2999877929688,864.2999877929688
2022-07-26 00:00:00+00:00,859.0999755859375,859.0999755859375,859.0999755859375,859.0999755859375
2022-07-27 00:00:00+00:00,871.7999877929688,871.7999877929688,871.7999877929688,871.7999877929688
2022-07-28 00:00:00+00:00,884.2999877929688,884.2999877929688,865.7999877929688,871.9000244140625
2022-07-29 00:00:00+00:00,887.5999755859375,887.5999755859375,884.9000244140625,884.9000244140625
2022-08-01 00:00:00+00:00,896.7000122070312,896.7000122070312,896.7000122070312,896.7000122070312
2022-08-02 00:00:00+00:00,900.0999755859375,900.0999755859375,900.0999755859375,900.0999755859375
2022-08-03 00:00:00+00:00,885.5999755859375,885.5999755859375,883.7999877929688,885.5999755859375
2022-08-04 00:00:00+00:00,922.4000244140625,922.4000244140625,922.4000244140625,922.4000244140625
2022-08-05 00:00:00+00:00,921.9000244140625,921.9000244140625,921.9000244140625,921.9000244140625
2022-08-08 00:00:00+00:00,937.2999877929688,937.2999877929688,937.2999877929688,937.2999877929688
2022-08-09 00:00:00+00:00,931.9000244140625,931.9000244140625,931.9000244140625,931.9000244140625
2022-08-10 00:00:00+00:00,945.0,945.0,945.0,945.0
2022-08-11 00:00:00+00:00,958.2999877929688,958.2999877929688,958.2999877929688,958.2999877929688
2022-08-12 00:00:00+00:00,958.2999877929688,958.2999877929688,958.2999877929688,958.2999877929688
2022-08-15 00:00:00+00:00,932.5,932.5,932.5,932.5
2022-08-16 00:00:00+00:00,929.9000244140625,929.9000244140625,929.9000244140625,929.9000244140625
2022-08-17 00:00:00+00:00,918.0,918.0,918.0,918.0
2022-08-18 00:00:00+00:00,903.5999755859375,903.5999755859375,903.5999755859375,903.5999755859375
2022-08-19 00:00:00+00:00,886.9000244140625,886.9000244140625,886.9000244140625,886.9000244140625
2022-08-22 00:00:00+00:00,866.9000244140625,866.9000244140625,866.9000244140625,866.9000244140625
2022-08-23 00:00:00+00:00,875.2999877929688,875.2999877929688,875.2999877929688,875.2999877929688
2022-08-24 00:00:00+00:00,872.0,874.5,865.2000122070312,866.2999877929688
2022-08-25 00:00:00+00:00,873.2999877929688,873.2999877929688,873.2999877929688,873.2999877929688
2022-08-26 00:00:00+00:00,854.5999755859375,854.5999755859375,854.5999755859375,854.5999755859375
2022-08-29 00:00:00+00:00,853.5,853.5,853.5,853.5
2022-08-30 00:00:00+00:00,830.5999755859375,830.5999755859375,830.5999755859375,830.5999755859375
2022-08-31 00:00:00+00:00,826.4000244140625,826.4000244140625,826.4000244140625,826.4000244140625
2022-09-01 00:00:00+00:00,804.0,804.0,804.0,804.0
2022-09-02 00:00:00+00:00,809.7999877929688,817.0999755859375,806.4000244140625,817.0999755859375
2022-09-06 00:00:00+00:00,832.7000122070312,832.7000122070312,832.7000122070312,832.7000122070312
2022-09-07 00:00:00+00:00,846.0,846.0,846.0,846.0
2022-09-08 00:00:00+00:00,865.2000122070312,865.2000122070312,865.2000122070312,865.2000122070312
2022-09-09 00:00:00+00:00,876.0,876.0,876.0,876.0
2022-09-12 00:00:00+00:00,903.2999877929688,903.2999877929688,903.2999877929688,903.2999877929688
2022-09-13 00:00:00+00:00,882.7999877929688,882.7999877929688,882.7999877929688,882.7999877929688
2022-09-14 00:00:00+00:00,904.5,904.5,904.5,904.5
2022-09-15 00:00:00+00:00,905.0,905.0,905.0,905.0
2022-09-16 00:00:00+00:00,900.5,900.5,900.5,900.5
2022-09-19 00:00:00+00:00,918.0,918.0,918.0,918.0
2022-09-20 00:00:00+00:00,922.0,922.0,922.0,922.0
2022-09-21 00:00:00+00:00,915.9000244140625,915.9000244140625,915.9000244140625,915.9000244140625
2022-09-22 00:00:00+00:00,905.7999877929688,905.7999877929688,905.7999877929688,905.7999877929688
2022-09-23 00:00:00+00:00,859.2999877929688,859.2999877929688,853.7999877929688,858.5
2022-09-26 00:00:00+00:00,849.9000244140625,849.9000244140625,849.9000244140625,849.9000244140625
2022-09-27 00:00:00+00:00,847.9000244140625,847.9000244140625,847.9000244140625,847.9000244140625
2022-09-28 00:00:00+00:00,871.0999755859375,871.0999755859375,871.0999755859375,871.0999755859375
2022-09-29 00:00:00+00:00,870.5,877.4000244140625,846.2000122070312,871.2999877929688
2022-09-30 00:00:00+00:00,869.0,883.4000244140625,866.0,870.0
2022-10-03 00:00:00+00:00,895.0,915.2000122070312,895.0,911.2999877929688
2022-10-04 00:00:00+00:00,911.2999877929688,950.0,911.2999877929688,943.7000122070312
2022-10-05 00:00:00+00:00,946.4000244140625,946.4000244140625,918.9000244140625,924.5999755859375
2022-10-06 00:00:00+00:00,931.7000122070312,931.7000122070312,931.7000122070312,931.7000122070312
2022-10-07 00:00:00+00:00,945.0,945.0,929.2000122070312,929.2000122070312
2022-10-10 00:00:00+00:00,913.2000122070312,913.2000122070312,906.2000122070312,906.2000122070312
2022-10-11 00:00:00+00:00,902.7999877929688,909.5,899.0,909.5
2022-10-12 00:00:00+00:00,891.4000244140625,891.4000244140625,891.4000244140625,891.4000244140625
2022-10-13 00:00:00+00:00,890.0,906.7999877929688,890.0,906.7999877929688
2022-10-14 00:00:00+00:00,916.7999877929688,916.7999877929688,905.2999877929688,905.2999877929688
2022-10-17 00:00:00+00:00,924.0,924.0,924.0,924.0
2022-10-18 00:00:00+00:00,924.5999755859375,924.5999755859375,917.7000122070312,917.7000122070312
2022-10-19 00:00:00+00:00,891.5,891.5,891.5,891.5
2022-10-20 00:00:00+00:00,939.9000244140625,939.9000244140625,930.0999755859375,930.0999755859375
2022-10-21 00:00:00+00:00,954.5999755859375,960.0,949.2999877929688,954.5999755859375
2022-10-24 00:00:00+00:00,947.2999877929688,947.2999877929688,947.2999877929688,947.2999877929688
2022-10-25 00:00:00+00:00,934.0999755859375,939.7000122070312,934.0999755859375,939.7000122070312
2022-10-26 00:00:00+00:00,960.2999877929688,982.5,954.0999755859375,982.5
2022-10-27 00:00:00+00:00,987.4000244140625,987.4000244140625,987.4000244140625,987.4000244140625
2022-10-28 00:00:00+00:00,958.4000244140625,958.4000244140625,958.4000244140625,958.4000244140625
2022-10-31 00:00:00+00:00,939.4000244140625,939.4000244140625,939.4000244140625,939.4000244140625
2022-11-01 00:00:00+00:00,959.7999877929688,959.7999877929688,959.7999877929688,959.7999877929688
2022-11-02 00:00:00+00:00,960.2000122070312,960.2000122070312,960.2000122070312,960.2000122070312
2022-11-03 00:00:00+00:00,933.4000244140625,933.4000244140625,933.4000244140625,933.4000244140625
2022-11-04 00:00:00+00:00,969.7999877929688,969.7999877929688,969.7999877929688,969.7999877929688
2022-11-07 00:00:00+00:00,998.7000122070312,998.7000122070312,998.7000122070312,998.7000122070312
2022-11-08 00:00:00+00:00,1023.7999877929688,1023.7999877929688,1023.7999877929688,1023.7999877929688
2022-11-09 00:00:00+00:00,1006.5999755859375,1006.5999755859375,1006.5999755859375,1006.5999755859375
2022-11-10 00:00:00+00:00,1064.300048828125,1064.300048828125,1064.300048828125,1064.300048828125
2022-11-11 00:00:00+00:00,1047.4000244140625,1047.4000244140625,1047.4000244140625,1047.4000244140625
2022-11-14 00:00:00+00:00,1042.300048828125,1042.300048828125,1042.300048828125,1042.300048828125
2022-11-15 00:00:00+00:00,1031.699951171875,1031.699951171875,1031.699951171875,1031.699951171875
2022-11-16 00:00:00+00:00,1025.5,1025.5,1025.5,1025.5
2022-11-17 00:00:00+00:00,1000.7999877929688,1000.7999877929688,1000.7999877929688,1000.7999877929688
2022-11-18 00:00:00+00:00,1002.0,1002.0,1002.0,1002.0
2022-11-21 00:00:00+00:00,1005.5999755859375,1005.5999755859375,1005.5999755859375,1005.5999755859375
2022-11-22 00:00:00+00:00,1013.4000244140625,1013.4000244140625,1013.4000244140625,1013.4000244140625
2022-11-23 00:00:00+00:00,1014.5,1014.5,1014.5,1014.5
2022-11-25 00:00:00+00:00,1005.5,1005.5,1005.5,1005.5
2022-11-28 00:00:00+00:00,1017.0,1017.0,1017.0,1017.0
2022-11-29 00:00:00+00:00,1021.5999755859375,1021.5999755859375,1021.5999755859375,1021.5999755859375
2022-11-30 00:00:00+00:00,1052.300048828125,1052.300048828125,1052.300048828125,1052.300048828125
2022-12-01 00:00:00+00:00,1067.9000244140625,1067.9000244140625,1067.9000244140625,1067.9000244140625
2022-12-02 00:00:00+00:00,1039.5999755859375,1039.5999755859375,1039.5999755859375,1039.5999755859375
2022-12-05 00:00:00+00:00,1020.5,1020.5,1020.5,1020.5
2022-12-06 00:00:00+00:00,1008.4000244140625,1008.4000244140625,1008.4000244140625,1008.4000244140625
2022-12-07 00:00:00+00:00,1024.5,1024.5,1024.5,1024.5
2022-12-08 00:00:00+00:00,1027.5999755859375,1027.5999755859375,1027.5999755859375,1027.5999755859375
2022-12-09 00:00:00+00:00,1049.199951171875,1049.199951171875,1049.199951171875,1049.199951171875
2022-12-12 00:00:00+00:00,1021.0,1021.0,1021.0,1021.0
2022-12-13 00:00:00+00:00,1051.9000244140625,1051.9000244140625,1051.9000244140625,1051.9000244140625
2022-12-14 00:00:00+00:00,1051.699951171875,1051.699951171875,1051.699951171875,1051.699951171875
2022-12-15 00:00:00+00:00,1026.199951171875,1026.199951171875,1026.199951171875,1026.199951171875
2022-12-16 00:00:00+00:00,1013.0,1013.0,1013.0,1013.0
2022-12-19 00:00:00+00:00,1000.7000122070312,1000.7000122070312,1000.7000122070312,1000.7000122070312
2022-12-20 00:00:00+00:00,1026.0,1026.0,1026.0,1026.0
2022-12-21 00:00:00+00:00,1015.0,1015.0,1015.0,1015.0
2022-12-22 00:00:00+00:00,997.5999755859375,997.5999755859375,997.5999755859375,997.5999755859375
2022-12-23 00:00:00+00:00,1042.5999755859375,1042.5999755859375,1042.5999755859375,1042.5999755859375
2022-12-27 00:00:00+00:00,1042.699951171875,1042.699951171875,1042.699951171875,1042.699951171875
2022-12-28 00:00:00+00:00,1029.800048828125,1029.800048828125,1029.800048828125,1029.800048828125
2022-12-29 00:00:00+00:00,1013.2999877929688,1058.0999755859375,1010.2999877929688,1049.699951171875
2022-12-30 00:00:00+00:00,1055.800048828125,1077.5,1052.0999755859375,1073.699951171875
2023-01-03 00:00:00+00:00,1078.699951171875,1092.9000244140625,1074.5,1082.0
2023-01-04 00:00:00+00:00,1100.0,1100.5,1080.699951171875,1080.699951171875
2023-01-05 00:00:00+00:00,1079.0,1079.0,1059.0999755859375,1059.0999755859375
2023-01-06 00:00:00+00:00,1063.800048828125,1096.4000244140625,1063.800048828125,1092.5999755859375
2023-01-09 00:00:00+00:00,1093.699951171875,1093.699951171875,1086.300048828125,1086.300048828125
2023-01-10 00:00:00+00:00,1078.0,1078.0,1074.5,1076.5999755859375
2023-01-11 00:00:00+00:00,1080.0,1091.0,1073.800048828125,1073.800048828125
2023-01-12 00:00:00+00:00,1068.0,1074.5999755859375,1064.0,1074.5999755859375
2023-01-13 00:00:00+00:00,1067.300048828125,1067.300048828125,1049.0,1063.699951171875
2023-01-17 00:00:00+00:00,1056.0,1056.0,1037.5,1037.5
2023-01-18 00:00:00+00:00,1052.699951171875,1052.699951171875,1034.5,1034.5
2023-01-19 00:00:00+00:00,1042.0,1042.0,1014.0,1032.0
2023-01-20 00:00:00+00:00,1028.5,1044.199951171875,1028.5,1038.0999755859375
2023-01-23 00:00:00+00:00,1046.699951171875,1046.699951171875,1046.0,1046.699951171875
2023-01-24 00:00:00+00:00,1057.699951171875,1057.699951171875,1057.699951171875,1057.699951171875
2023-01-25 00:00:00+00:00,1040.4000244140625,1041.0,1035.199951171875,1037.0
2023-01-26 00:00:00+00:00,1013.5999755859375,1013.5999755859375,1013.5999755859375,1013.5999755859375
2023-01-27 00:00:00+00:00,1007.4000244140625,1007.4000244140625,1007.4000244140625,1007.4000244140625
2023-01-30 00:00:00+00:00,1011.4000244140625,1011.4000244140625,1011.4000244140625,1011.4000244140625
2023-01-31 00:00:00+00:00,1012.0,1012.0,1012.0,1012.0
2023-02-01 00:00:00+00:00,992.5999755859375,992.5999755859375,992.5999755859375,992.5999755859375
2023-02-02 00:00:00+00:00,1023.5,1023.5,1023.5,1023.5
2023-02-03 00:00:00+00:00,971.7999877929688,971.7999877929688,971.7999877929688,971.7999877929688
2023-02-06 00:00:00+00:00,966.0999755859375,966.0999755859375,966.0999755859375,966.0999755859375
2023-02-07 00:00:00+00:00,977.7000122070312,977.7000122070312,977.7000122070312,977.7000122070312
2023-02-08 00:00:00+00:00,978.7000122070312,978.7000122070312,978.7000122070312,978.7000122070312
2023-02-09 00:00:00+00:00,957.9000244140625,957.9000244140625,957.9000244140625,957.9000244140625
2023-02-10 00:00:00+00:00,957.5,967.5,945.5999755859375,945.5999755859375
2023-02-13 00:00:00+00:00,953.2999877929688,953.2999877929688,953.2999877929688,953.2999877929688
2023-02-14 00:00:00+00:00,933.0999755859375,933.0999755859375,933.0999755859375,933.0999755859375
2023-02-15 00:00:00+00:00,911.7000122070312,911.7000122070312,911.7000122070312,911.7000122070312
2023-02-16 00:00:00+00:00,903.4000244140625,925.0999755859375,903.4000244140625,925.0999755859375
2023-02-17 00:00:00+00:00,915.0,915.5,915.0,915.5
2023-02-21 00:00:00+00:00,942.7000122070312,942.7000122070312,942.7000122070312,942.7000122070312
2023-02-22 00:00:00+00:00,947.4000244140625,947.4000244140625,947.4000244140625,947.4000244140625
2023-02-23 00:00:00+00:00,939.5999755859375,939.5999755859375,939.5999755859375,939.5999755859375
2023-02-24 00:00:00+00:00,902.0,902.0,902.0,902.0
2023-02-27 00:00:00+00:00,941.5999755859375,941.5999755859375,941.5999755859375,941.5999755859375
2023-02-28 00:00:00+00:00,955.2000122070312,955.2000122070312,955.2000122070312,955.2000122070312
2023-03-01 00:00:00+00:00,961.5,961.5,961.5,961.5
2023-03-02 00:00:00+00:00,962.9000244140625,962.9000244140625,962.9000244140625,962.9000244140625
2023-03-03 00:00:00+00:00,977.2000122070312,977.2000122070312,977.2000122070312,977.2000122070312
2023-03-06 00:00:00+00:00,976.0999755859375,976.0999755859375,976.0999755859375,976.0999755859375
2023-03-07 00:00:00+00:00,933.4000244140625,933.4000244140625,933.4000244140625,933.4000244140625
2023-03-08 00:00:00+00:00,938.0999755859375,938.0999755859375,938.0999755859375,938.0999755859375
2023-03-09 00:00:00+00:00,946.7999877929688,946.7999877929688,946.7999877929688,946.7999877929688
2023-03-10 00:00:00+00:00,959.7000122070312,959.7000122070312,959.7000122070312,959.7000122070312
2023-03-13 00:00:00+00:00,1002.5,1002.5,1002.5,1002.5
2023-03-14 00:00:00+00:00,994.9000244140625,994.9000244140625,994.9000244140625,994.9000244140625
2023-03-15 00:00:00+00:00,967.9000244140625,967.9000244140625,967.5999755859375,967.9000244140625
2023-03-16 00:00:00+00:00,974.7000122070312,974.7000122070312,974.7000122070312,974.7000122070312
2023-03-17 00:00:00+00:00,976.7000122070312,976.7000122070312,976.7000122070312,976.7000122070312
2023-03-20 00:00:00+00:00,994.9000244140625,994.9000244140625,994.9000244140625,994.9000244140625
2023-03-21 00:00:00+00:00,974.7999877929688,974.7999877929688,974.7999877929688,974.7999877929688
2023-03-22 00:00:00+00:00,985.0999755859375,985.0999755859375,985.0999755859375,985.0999755859375
2023-03-23 00:00:00+00:00,991.0,991.0,991.0,991.0
2023-03-24 00:00:00+00:00,982.0,982.0,982.0,982.0
2023-03-27 00:00:00+00:00,975.2000122070312,975.2000122070312,975.2000122070312,975.2000122070312
2023-03-28 00:00:00+00:00,961.5,961.5,961.5,961.5
2023-03-29 00:00:00+00:00,963.5999755859375,963.5999755859375,963.5999755859375,963.5999755859375
2023-03-30 00:00:00+00:00,967.5,987.7000122070312,962.0,985.2000122070312
2023-03-31 00:00:00+00:00,984.2000122070312,997.0,979.4000244140625,994.0999755859375
2023-04-03 00:00:00+00:00,985.0,989.2000122070312,985.0,986.9000244140625
2023-04-04 00:00:00+00:00,986.0999755859375,1021.0,986.0999755859375,1018.7000122070312
2023-04-05 00:00:00+00:00,1016.7999877929688,1023.2000122070312,996.0,997.5
2023-04-06 00:00:00+00:00,999.4000244140625,1006.9000244140625,999.4000244140625,1006.9000244140625
2023-04-10 00:00:00+00:00,993.0999755859375,993.0999755859375,993.0999755859375,993.0999755859375
2023-04-11 00:00:00+00:00,996.5,996.5,995.5999755859375,995.5999755859375
2023-04-12 00:00:00+00:00,1018.0,1018.0,1018.0,1018.0
2023-04-13 00:00:00+00:00,1043.0,1056.0999755859375,1043.0,1056.0999755859375
2023-04-14 00:00:00+00:00,1044.5999755859375,1044.5999755859375,1044.5999755859375,1044.5999755859375
2023-04-17 00:00:00+00:00,1050.4000244140625,1050.4000244140625,1050.4000244140625,1050.4000244140625
2023-04-18 00:00:00+00:00,1086.5,1087.9000244140625,1086.5,1087.9000244140625
2023-04-19 00:00:00+00:00,1062.300048828125,1096.699951171875,1062.300048828125,1096.699951171875
2023-04-20 00:00:00+00:00,1098.699951171875,1101.699951171875,1098.699951171875,1098.699951171875
2023-04-21 00:00:00+00:00,1129.800048828125,1129.800048828125,1129.800048828125,1129.800048828125
2023-04-24 00:00:00+00:00,1088.800048828125,1088.800048828125,1088.800048828125,1088.800048828125
2023-04-25 00:00:00+00:00,1089.300048828125,1089.300048828125,1089.300048828125,1089.300048828125
2023-04-26 00:00:00+00:00,1097.0999755859375,1097.0999755859375,1097.0999755859375,1097.0999755859375
2023-04-27 00:00:00+00:00,1091.300048828125,1091.300048828125,1091.300048828125,1091.300048828125
2023-04-28 00:00:00+00:00,1088.199951171875,1088.199951171875,1088.199951171875,1088.199951171875
2023-05-01 00:00:00+00:00,1062.800048828125,1062.800048828125,1062.800048828125,1062.800048828125
2023-05-02 00:00:00+00:00,1076.4000244140625,1076.4000244140625,1076.4000244140625,1076.4000244140625
2023-05-03 00:00:00+00:00,1059.9000244140625,1059.9000244140625,1059.9000244140625,1059.9000244140625
2023-05-04 00:00:00+00:00,1048.4000244140625,1048.4000244140625,1048.4000244140625,1048.4000244140625
2023-05-05 00:00:00+00:00,1066.4000244140625,1066.4000244140625,1066.4000244140625,1066.4000244140625
2023-05-08 00:00:00+00:00,1088.800048828125,1088.800048828125,1088.800048828125,1088.800048828125
2023-05-09 00:00:00+00:00,1117.0999755859375,1117.0999755859375,1117.0999755859375,1117.0999755859375
2023-05-10 00:00:00+00:00,1122.199951171875,1122.199951171875,1122.199951171875,1122.199951171875
2023-05-11 00:00:00+00:00,1108.0999755859375,1108.0999755859375,1108.0999755859375,1108.0999755859375
2023-05-12 00:00:00+00:00,1070.0999755859375,1070.0999755859375,1070.0999755859375,1070.0999755859375
2023-05-15 00:00:00+00:00,1077.800048828125,1077.800048828125,1077.800048828125,1077.800048828125
2023-05-16 00:00:00+00:00,1070.0,1070.0,1070.0,1070.0
2023-05-17 00:00:00+00:00,1085.699951171875,1085.699951171875,1085.699951171875,1085.699951171875
2023-05-18 00:00:00+00:00,1061.300048828125,1061.300048828125,1061.300048828125,1061.300048828125
2023-05-19 00:00:00+00:00,1078.800048828125,1078.800048828125,1078.800048828125,1078.800048828125
2023-05-22 00:00:00+00:00,1080.4000244140625,1080.4000244140625,1080.4000244140625,1080.4000244140625
2023-05-23 00:00:00+00:00,1060.699951171875,1060.699951171875,1060.699951171875,1060.699951171875
2023-05-24 00:00:00+00:00,1032.5999755859375,1032.5999755859375,1032.5999755859375,1032.5999755859375
2023-05-25 00:00:00+00:00,1029.4000244140625,1029.4000244140625,1029.4000244140625,1029.4000244140625
2023-05-26 00:00:00+00:00,1031.199951171875,1031.199951171875,1031.199951171875,1031.199951171875
2023-05-30 00:00:00+00:00,1030.0,1030.0,1030.0,1030.0
2023-05-31 00:00:00+00:00,1007.0999755859375,1007.0999755859375,1007.0999755859375,1007.0999755859375
2023-06-01 00:00:00+00:00,1018.2000122070312,1018.2000122070312,1018.2000122070312,1018.2000122070312
2023-06-02 00:00:00+00:00,1011.5999755859375,1011.5999755859375,1011.5999755859375,1011.5999755859375
2023-06-05 00:00:00+00:00,1044.5,1044.5,1044.5,1044.5
2023-06-06 00:00:00+00:00,1046.800048828125,1046.800048828125,1046.800048828125,1046.800048828125
2023-06-07 00:00:00+00:00,1032.699951171875,1032.699951171875,1032.699951171875,1032.699951171875
2023-06-08 00:00:00+00:00,1022.0,1022.0,1022.0,1022.0
2023-06-09 00:00:00+00:00,1020.9000244140625,1020.9000244140625,1020.9000244140625,1020.9000244140625
2023-06-12 00:00:00+00:00,1003.4000244140625,1003.4000244140625,1003.4000244140625,1003.4000244140625
2023-06-13 00:00:00+00:00,990.0,990.0,990.0,990.0
2023-06-14 00:00:00+00:00,988.0999755859375,988.0999755859375,988.0999755859375,988.0999755859375
2023-06-15 00:00:00+00:00,1000.0,1000.0,1000.0,1000.0
2023-06-16 00:00:00+00:00,995.4000244140625,995.4000244140625,995.4000244140625,995.4000244140625
2023-06-20 00:00:00+00:00,976.0999755859375,976.0999755859375,976.0999755859375,976.0999755859375
2023-06-21 00:00:00+00:00,957.0999755859375,957.0999755859375,957.0999755859375,957.0999755859375
2023-06-22 00:00:00+00:00,934.5999755859375,934.5999755859375,934.5999755859375,934.5999755859375
2023-06-23 00:00:00+00:00,931.7999877929688,931.7999877929688,931.7999877929688,931.7999877929688
2023-06-26 00:00:00+00:00,936.7000122070312,936.7000122070312,936.7000122070312,936.7000122070312
2023-06-27 00:00:00+00:00,936.5999755859375,936.5999755859375,936.5999755859375,936.5999755859375
2023-06-28 00:00:00+00:00,923.4000244140625,923.4000244140625,923.4000244140625,923.4000244140625
2023-06-29 00:00:00+00:00,910.9000244140625,919.7000122070312,887.2999877929688,897.7999877929688
2023-06-30 00:00:00+00:00,899.2000122070312,904.5,884.0,904.5
2023-07-03 00:00:00+00:00,900.0,911.0,900.0,909.2999877929688
2023-07-05 00:00:00+00:00,917.0999755859375,918.0999755859375,909.7999877929688,918.0999755859375
2023-07-06 00:00:00+00:00,899.0999755859375,904.5,899.0999755859375,904.5
2023-07-07 00:00:00+00:00,897.7999877929688,910.9000244140625,897.7999877929688,910.0999755859375
2023-07-10 00:00:00+00:00,913.0,929.2000122070312,913.0,929.2000122070312
2023-07-11 00:00:00+00:00,922.5,929.2999877929688,922.5,925.5999755859375
2023-07-12 00:00:00+00:00,948.9000244140625,948.9000244140625,948.9000244140625,948.9000244140625
2023-07-13 00:00:00+00:00,974.4000244140625,975.2999877929688,974.4000244140625,975.2999877929688
2023-07-14 00:00:00+00:00,973.5,974.0,967.0,974.0
2023-07-17 00:00:00+00:00,965.2000122070312,977.7999877929688,965.0,977.7999877929688
2023-07-18 00:00:00+00:00,985.2000122070312,985.2000122070312,985.2000122070312,985.2000122070312
2023-07-19 00:00:00+00:00,975.4000244140625,975.4000244140625,975.4000244140625,975.4000244140625
2023-07-20 00:00:00+00:00,954.7000122070312,954.7000122070312,954.7000122070312,954.7000122070312
2023-07-21 00:00:00+00:00,963.0999755859375,963.0999755859375,963.0999755859375,963.0999755859375
2023-07-24 00:00:00+00:00,960.5,960.5,960.5,960.5
2023-07-25 00:00:00+00:00,967.7000122070312,967.7000122070312,967.7000122070312,967.7000122070312
2023-07-26 00:00:00+00:00,964.0,964.0,964.0,964.0
2023-07-27 00:00:00+00:00,937.0,937.0,937.0,937.0
2023-07-28 00:00:00+00:00,922.2999877929688,937.5999755859375,922.2999877929688,937.5999755859375
2023-07-31 00:00:00+00:00,949.7000122070312,949.7000122070312,949.7000122070312,949.7000122070312
2023-08-01 00:00:00+00:00,931.4000244140625,931.4000244140625,931.4000244140625,931.4000244140625
2023-08-02 00:00:00+00:00,921.2999877929688,921.2999877929688,921.2999877929688,921.2999877929688
2023-08-03 00:00:00+00:00,912.7999877929688,912.7999877929688,912.7999877929688,912.7999877929688
2023-08-04 00:00:00+00:00,908.5999755859375,919.4000244140625,908.4000244140625,919.4000244140625
2023-08-07 00:00:00+00:00,921.5,921.5,921.5,921.5
2023-08-08 00:00:00+00:00,897.9000244140625,897.9000244140625,897.9000244140625,897.9000244140625
2023-08-09 00:00:00+00:00,886.2000122070312,886.2000122070312,886.2000122070312,886.2000122070312
2023-08-10 00:00:00+00:00,908.2000122070312,908.2000122070312,908.2000122070312,908.2000122070312
2023-08-11 00:00:00+00:00,907.9000244140625,907.9000244140625,907.9000244140625,907.9000244140625
2023-08-14 00:00:00+00:00,900.0999755859375,900.0999755859375,900.0999755859375,900.0999755859375
2023-08-15 00:00:00+00:00,885.9000244140625,885.9000244140625,885.9000244140625,885.9000244140625
2023-08-16 00:00:00+00:00,885.2999877929688,885.2999877929688,885.2999877929688,885.2999877929688
2023-08-17 00:00:00+00:00,889.5999755859375,889.5999755859375,889.5999755859375,889.5999755859375
2023-08-18 00:00:00+00:00,909.2000122070312,909.2000122070312,909.2000122070312,909.2000122070312
2023-08-21 00:00:00+00:00,908.0,908.0,908.0,908.0
2023-08-22 00:00:00+00:00,919.5,919.5,919.5,919.5
2023-08-23 00:00:00+00:00,932.7000122070312,932.7000122070312,931.7000122070312,932.7000122070312
2023-08-24 00:00:00+00:00,939.0999755859375,939.0999755859375,939.0999755859375,939.0999755859375
2023-08-25 00:00:00+00:00,944.2999877929688,944.2999877929688,944.2999877929688,944.2999877929688
2023-08-28 00:00:00+00:00,968.2999877929688,968.2999877929688,968.2999877929688,968.2999877929688
2023-08-29 00:00:00+00:00,982.2000122070312,982.2000122070312,982.2000122070312,982.2000122070312
2023-08-30 00:00:00+00:00,980.2000122070312,980.2000122070312,980.2000122070312,980.2000122070312
2023-08-31 00:00:00+00:00,971.2999877929688,971.2999877929688,971.2999877929688,971.2999877929688
2023-09-01 00:00:00+00:00,965.5999755859375,965.5999755859375,965.5999755859375,965.5999755859375
2023-09-05 00:00:00+00:00,930.4000244140625,930.4000244140625,930.4000244140625,930.4000244140625
2023-09-06 00:00:00+00:00,912.2000122070312,912.2000122070312,912.2000122070312,912.2000122070312
2023-09-07 00:00:00+00:00,906.5,906.5,906.5,906.5
2023-09-08 00:00:00+00:00,891.7000122070312,891.7000122070312,891.7000122070312,891.7000122070312
2023-09-11 00:00:00+00:00,899.2000122070312,899.2000122070312,899.2000122070312,899.2000122070312
2023-09-12 00:00:00+00:00,909.7000122070312,909.7000122070312,909.7000122070312,909.7000122070312
2023-09-13 00:00:00+00:00,902.0999755859375,902.0999755859375,902.0999755859375,902.0999755859375
2023-09-14 00:00:00+00:00,908.0,908.0,908.0,908.0
2023-09-15 00:00:00+00:00,926.4000244140625,926.4000244140625,926.4000244140625,926.4000244140625
2023-09-18 00:00:00+00:00,938.2999877929688,938.2999877929688,938.2999877929688,938.2999877929688
2023-09-19 00:00:00+00:00,948.4000244140625,948.4000244140625,948.4000244140625,948.4000244140625
2023-09-20 00:00:00+00:00,942.2999877929688,942.2999877929688,942.2999877929688,942.2999877929688
2023-09-21 00:00:00+00:00,924.5999755859375,924.5999755859375,924.5999755859375,924.5999755859375
2023-09-22 00:00:00+00:00,934.0999755859375,934.0999755859375,934.0999755859375,934.0999755859375
2023-09-25 00:00:00+00:00,917.5,917.5,917.5,917.5
2023-09-26 00:00:00+00:00,906.5,906.5,906.5,906.5
2023-09-27 00:00:00+00:00,886.7999877929688,886.7999877929688,886.7999877929688,886.7999877929688
2023-09-28 00:00:00+00:00,888.5999755859375,908.4000244140625,884.7000122070312,905.2999877929688
2023-09-29 00:00:00+00:00,904.4000244140625,920.9000244140625,902.7999877929688,906.7999877929688
2023-10-02 00:00:00+00:00,909.5,910.4000244140625,875.0,876.9000244140625
2023-10-03 00:00:00+00:00,874.7999877929688,877.2999877929688,864.0,868.2999877929688
2023-10-04 00:00:00+00:00,866.5999755859375,867.0,858.9000244140625,864.5
2023-10-05 00:00:00+00:00,867.7999877929688,867.9000244140625,852.7999877929688,852.7999877929688
2023-10-06 00:00:00+00:00,854.5,871.7000122070312,850.5,871.7000122070312
2023-10-09 00:00:00+00:00,876.4000244140625,880.7000122070312,876.4000244140625,879.2000122070312
2023-10-10 00:00:00+00:00,880.5,880.5,880.5,880.5
2023-10-11 00:00:00+00:00,881.5999755859375,881.5999755859375,881.5999755859375,881.5999755859375
2023-10-12 00:00:00+00:00,875.5,875.5,867.0,867.0
2023-10-13 00:00:00+00:00,875.5,875.5,875.5,875.5
2023-10-16 00:00:00+00:00,890.4000244140625,890.4000244140625,890.4000244140625,890.4000244140625
2023-10-17 00:00:00+00:00,896.9000244140625,896.9000244140625,896.9000244140625,896.9000244140625
2023-10-18 00:00:00+00:00,901.2999877929688,901.2999877929688,884.5999755859375,884.5999755859375
2023-10-19 00:00:00+00:00,889.2999877929688,889.2999877929688,889.2999877929688,889.2999877929688
2023-10-20 00:00:00+00:00,896.7000122070312,896.7000122070312,896.7000122070312,896.7000122070312
2023-10-23 00:00:00+00:00,896.5999755859375,896.5999755859375,896.5999755859375,896.5999755859375
2023-10-24 00:00:00+00:00,883.4000244140625,884.5999755859375,881.2999877929688,884.5999755859375
2023-10-25 00:00:00+00:00,904.7999877929688,904.7999877929688,904.7999877929688,904.7999877929688
2023-10-26 00:00:00+00:00,900.0999755859375,900.0999755859375,900.0999755859375,900.0999755859375
2023-10-27 00:00:00+00:00,904.7000122070312,905.5,897.2000122070312,897.2000122070312
2023-10-30 00:00:00+00:00,931.7999877929688,931.7999877929688,931.7999877929688,931.7999877929688
2023-10-31 00:00:00+00:00,936.5,936.5,936.5,936.5
2023-11-01 00:00:00+00:00,922.5999755859375,922.5999755859375,922.5999755859375,922.5999755859375
2023-11-02 00:00:00+00:00,922.5,922.5,922.5,922.5
2023-11-03 00:00:00+00:00,936.5999755859375,936.5999755859375,936.5999755859375,936.5999755859375
2023-11-06 00:00:00+00:00,910.2000122070312,910.2000122070312,910.2000122070312,910.2000122070312
2023-11-07 00:00:00+00:00,891.5,891.5,891.5,891.5
2023-11-08 00:00:00+00:00,865.4000244140625,865.4000244140625,865.4000244140625,865.4000244140625
2023-11-09 00:00:00+00:00,856.5999755859375,856.5999755859375,856.5999755859375,856.5999755859375
2023-11-10 00:00:00+00:00,838.5999755859375,838.5999755859375,838.5999755859375,838.5999755859375
2023-11-13 00:00:00+00:00,857.0,857.0,857.0,857.0
2023-11-14 00:00:00+00:00,886.2000122070312,886.2000122070312,886.2000122070312,886.2000122070312
2023-11-15 00:00:00+00:00,895.2999877929688,895.2999877929688,895.2999877929688,895.2999877929688
2023-11-16 00:00:00+00:00,897.0999755859375,897.0999755859375,897.0999755859375,897.0999755859375
2023-11-17 00:00:00+00:00,894.7000122070312,894.7000122070312,894.7000122070312,894.7000122070312
2023-11-20 00:00:00+00:00,921.5,921.5,921.5,921.5
2023-11-21 00:00:00+00:00,940.0,940.0,940.0,940.0
2023-11-22 00:00:00+00:00,924.5999755859375,924.5999755859375,924.5999755859375,924.5999755859375
2023-11-24 00:00:00+00:00,931.0999755859375,931.0999755859375,931.0999755859375,931.0999755859375
2023-11-27 00:00:00+00:00,917.0999755859375,917.0999755859375,917.0999755859375,917.0999755859375
2023-11-28 00:00:00+00:00,944.0999755859375,944.0999755859375,944.0999755859375,944.0999755859375
2023-11-29 00:00:00+00:00,930.2000122070312,936.4000244140625,930.2000122070312,936.4000244140625
2023-11-30 00:00:00+00:00,931.2000122070312,931.2000122070312,931.2000122070312,931.2000122070312
2023-12-01 00:00:00+00:00,932.0,932.0,932.0,932.0
2023-12-04 00:00:00+00:00,921.0999755859375,921.0999755859375,921.0999755859375,921.0999755859375
2023-12-05 00:00:00+00:00,902.5999755859375,902.5999755859375,902.5999755859375,902.5999755859375
2023-12-06 00:00:00+00:00,889.7000122070312,889.7000122070312,889.7000122070312,889.7000122070312
2023-12-07 00:00:00+00:00,908.0999755859375,908.0999755859375,908.0999755859375,908.0999755859375
2023-12-08 00:00:00+00:00,916.2000122070312,916.2000122070312,916.2000122070312,916.2000122070312
2023-12-11 00:00:00+00:00,912.0999755859375,912.0999755859375,912.0999755859375,912.0999755859375
2023-12-12 00:00:00+00:00,927.4000244140625,927.4000244140625,927.4000244140625,927.4000244140625
2023-12-13 00:00:00+00:00,918.5,918.5,918.5,918.5
2023-12-14 00:00:00+00:00,965.0999755859375,965.0999755859375,965.0999755859375,965.0999755859375
2023-12-15 00:00:00+00:00,949.7999877929688,949.7999877929688,949.7999877929688,949.7999877929688
2023-12-18 00:00:00+00:00,951.5,951.5,951.5,951.5
2023-12-19 00:00:00+00:00,963.0,963.0,963.0,963.0
2023-12-20 00:00:00+00:00,971.2999877929688,971.2999877929688,971.2999877929688,971.2999877929688
2023-12-21 00:00:00+00:00,967.5999755859375,967.5999755859375,967.5999755859375,967.5999755859375
2023-12-22 00:00:00+00:00,979.5,979.5,979.5,979.5
2023-12-26 00:00:00+00:00,980.0999755859375,980.0999755859375,980.0999755859375,980.0999755859375
2023-12-27 00:00:00+00:00,981.5,1000.0999755859375,981.5,1000.0999755859375
2023-12-28 00:00:00+00:00,1003.0999755859375,1016.0,998.5,1007.4000244140625
2023-12-29 00:00:00+00:00,1005.5,1006.7000122070312,993.5,995.0
2024-01-02 00:00:00+00:00,990.0,998.2999877929688,985.4000244140625,985.5
2024-01-03 00:00:00+00:00,974.7000122070312,975.7999877929688,965.2999877929688,974.4000244140625
2024-01-04 00:00:00+00:00,966.0,966.4000244140625,953.9000244140625,953.9000244140625
2024-01-05 00:00:00+00:00,949.7999877929688,965.7000122070312,944.5,959.2999877929688
2024-01-08 00:00:00+00:00,945.0,946.7000122070312,945.0,946.7000122070312
2024-01-09 00:00:00+00:00,944.4000244140625,944.4000244140625,931.0,931.0
2024-01-10 00:00:00+00:00,927.5,927.5,918.7999877929688,918.7999877929688
2024-01-11 00:00:00+00:00,907.2999877929688,909.0,907.2000122070312,909.0
2024-01-12 00:00:00+00:00,910.0999755859375,910.0999755859375,910.0999755859375,910.0999755859375
2024-01-16 00:00:00+00:00,895.0999755859375,896.7999877929688,893.0999755859375,895.0999755859375
2024-01-17 00:00:00+00:00,894.2000122070312,894.2000122070312,878.7999877929688,882.7999877929688
2024-01-18 00:00:00+00:00,903.2999877929688,903.2999877929688,903.2999877929688,903.2999877929688
2024-01-19 00:00:00+00:00,897.2999877929688,898.0,897.2999877929688,897.2999877929688
2024-01-22 00:00:00+00:00,894.4000244140625,894.4000244140625,894.4000244140625,894.4000244140625
2024-01-23 00:00:00+00:00,896.2000122070312,896.2000122070312,896.2000122070312,896.2000122070312
2024-01-24 00:00:00+00:00,902.0999755859375,906.7000122070312,902.0,905.5999755859375
2024-01-25 00:00:00+00:00,887.4000244140625,887.4000244140625,887.4000244140625,887.4000244140625
2024-01-26 00:00:00+00:00,911.2999877929688,911.2999877929688,911.2999877929688,911.2999877929688
2024-01-29 00:00:00+00:00,928.5999755859375,928.5999755859375,928.5999755859375,928.5999755859375
2024-01-30 00:00:00+00:00,915.7000122070312,926.0,915.7000122070312,923.2999877929688
2024-01-31 00:00:00+00:00,924.4000244140625,924.4000244140625,924.4000244140625,924.4000244140625
2024-02-01 00:00:00+00:00,914.0,914.0,914.0,914.0
2024-02-02 00:00:00+00:00,893.7999877929688,893.7999877929688,893.7999877929688,893.7999877929688
2024-02-05 00:00:00+00:00,895.9000244140625,895.9000244140625,895.9000244140625,895.9000244140625
2024-02-06 00:00:00+00:00,903.2000122070312,903.2000122070312,903.2000122070312,903.2000122070312
2024-02-07 00:00:00+00:00,879.4000244140625,879.4000244140625,879.4000244140625,879.4000244140625
2024-02-08 00:00:00+00:00,886.5999755859375,886.5999755859375,886.5999755859375,886.5999755859375
2024-02-09 00:00:00+00:00,871.4000244140625,871.4000244140625,871.4000244140625,871.4000244140625
2024-02-12 00:00:00+00:00,891.0999755859375,891.0999755859375,891.0999755859375,891.0999755859375
2024-02-13 00:00:00+00:00,872.7000122070312,872.7000122070312,872.7000122070312,872.7000122070312
2024-02-14 00:00:00+00:00,891.2000122070312,891.2000122070312,891.2000122070312,891.2000122070312
2024-02-15 00:00:00+00:00,899.0999755859375,899.0999755859375,899.0999755859375,899.0999755859375
2024-02-16 00:00:00+00:00,907.5999755859375,907.5999755859375,907.5999755859375,907.5999755859375
2024-02-20 00:00:00+00:00,909.7000122070312,909.7000122070312,909.7000122070312,909.7000122070312
2024-02-21 00:00:00+00:00,885.0,885.0,885.0,885.0
2024-02-22 00:00:00+00:00,901.7000122070312,901.7000122070312,901.7000122070312,901.7000122070312
2024-02-23 00:00:00+00:00,906.0,906.0,906.0,906.0
2024-02-26 00:00:00+00:00,876.7999877929688,876.7999877929688,876.7999877929688,876.7999877929688
2024-02-27 00:00:00+00:00,892.7999877929688,892.7999877929688,892.7999877929688,892.7999877929688
2024-02-28 00:00:00+00:00,881.9000244140625,881.9000244140625,877.5999755859375,880.7000122070312
2024-02-29 00:00:00+00:00,879.9000244140625,879.9000244140625,879.9000244140625,879.9000244140625
2024-03-01 00:00:00+00:00,884.2000122070312,884.2000122070312,884.2000122070312,884.2000122070312
2024-03-04 00:00:00+00:00,900.5,900.5,900.5,900.5
2024-03-05 00:00:00+00:00,883.2999877929688,883.2999877929688,883.2999877929688,883.2999877929688
2024-03-06 00:00:00+00:00,910.7000122070312,910.7000122070312,910.7000122070312,910.7000122070312
2024-03-07 00:00:00+00:00,920.0999755859375,920.0999755859375,920.0999755859375,920.0999755859375
2024-03-08 00:00:00+00:00,912.0,912.0,912.0,912.0
2024-03-11 00:00:00+00:00,937.7000122070312,937.7000122070312,937.7000122070312,937.7000122070312
2024-03-12 00:00:00+00:00,925.4000244140625,925.4000244140625,925.4000244140625,925.4000244140625
2024-03-13 00:00:00+00:00,942.2999877929688,942.2999877929688,942.2999877929688,942.2999877929688
2024-03-14 00:00:00+00:00,933.4000244140625,933.4000244140625,933.4000244140625,933.4000244140625
2024-03-15 00:00:00+00:00,941.2000122070312,941.2000122070312,941.2000122070312,941.2000122070312
2024-03-18 00:00:00+00:00,918.5,918.5,918.5,918.5
2024-03-19 00:00:00+00:00,898.9000244140625,898.9000244140625,898.9000244140625,898.9000244140625
2024-03-20 00:00:00+00:00,897.0999755859375,897.0999755859375,897.0999755859375,897.0999755859375
2024-03-21 00:00:00+00:00,910.7000122070312,910.7000122070312,910.7000122070312,910.7000122070312
2024-03-22 00:00:00+00:00,896.0999755859375,896.0999755859375,896.0999755859375,896.0999755859375
2024-03-25 00:00:00+00:00,906.7000122070312,906.7000122070312,906.7000122070312,906.7000122070312
2024-03-26 00:00:00+00:00,908.5999755859375,908.5999755859375,908.5999755859375,908.5999755859375
2024-03-27 00:00:00+00:00,903.7999877929688,907.7999877929688,888.7999877929688,895.9000244140625
2024-03-28 00:00:00+00:00,897.9000244140625,909.0999755859375,891.9000244140625,907.7000122070312
2024-04-01 00:00:00+00:00,909.0,911.2999877929688,894.5,900.9000244140625
2024-04-02 00:00:00+00:00,910.9000244140625,924.7000122070312,910.9000244140625,922.2000122070312
2024-04-03 00:00:00+00:00,927.0,938.7999877929688,927.0,934.0
2024-04-04 00:00:00+00:00,940.0,943.2999877929688,939.7999877929688,939.7999877929688
2024-04-05 00:00:00+00:00,929.0,929.5,928.5,928.5
2024-04-08 00:00:00+00:00,961.9000244140625,965.5,961.9000244140625,961.9000244140625
2024-04-09 00:00:00+00:00,969.9000244140625,982.2999877929688,969.9000244140625,972.4000244140625
2024-04-10 00:00:00+00:00,966.0,966.0,958.7000122070312,964.5999755859375
2024-04-11 00:00:00+00:00,976.0999755859375,976.0999755859375,976.0999755859375,976.0999755859375
2024-04-12 00:00:00+00:00,990.5,990.5,990.5,990.5
2024-04-15 00:00:00+00:00,969.7999877929688,969.7999877929688,969.7999877929688,969.7999877929688
2024-04-16 00:00:00+00:00,964.0,964.0,964.0,964.0
2024-04-17 00:00:00+00:00,942.7000122070312,942.7000122070312,942.7000122070312,942.7000122070312
2024-04-18 00:00:00+00:00,942.2999877929688,946.0999755859375,940.0,945.2999877929688
2024-04-19 00:00:00+00:00,944.0999755859375,944.0999755859375,934.0999755859375,934.0999755859375
2024-04-22 00:00:00+00:00,922.2000122070312,922.2000122070312,922.2000122070312,922.2000122070312
2024-04-23 00:00:00+00:00,915.0999755859375,926.0,913.7000122070312,913.7000122070312
2024-04-24 00:00:00+00:00,910.5,910.5,908.0999755859375,910.0
2024-04-25 00:00:00+00:00,905.4000244140625,913.7000122070312,905.4000244140625,913.7000122070312
2024-04-26 00:00:00+00:00,914.2999877929688,914.2999877929688,914.2999877929688,914.2999877929688
2024-04-29 00:00:00+00:00,939.7999877929688,954.0999755859375,939.7999877929688,954.0999755859375
2024-04-30 00:00:00+00:00,941.2000122070312,941.2000122070312,941.2000122070312,941.2000122070312
2024-05-01 00:00:00+00:00,950.4000244140625,950.4000244140625,949.0,949.0
2024-05-02 00:00:00+00:00,956.7000122070312,956.7000122070312,956.7000122070312,956.7000122070312
2024-05-03 00:00:00+00:00,959.5999755859375,959.5999755859375,959.5999755859375,959.5999755859375
2024-05-06 00:00:00+00:00,959.2999877929688,959.2999877929688,959.2999877929688,959.2999877929688
2024-05-07 00:00:00+00:00,960.2000122070312,981.4000244140625,960.0,981.4000244140625
2024-05-08 00:00:00+00:00,973.7999877929688,978.5999755859375,973.7999877929688,978.5999755859375
2024-05-09 00:00:00+00:00,984.7000122070312,984.7000122070312,984.7000122070312,984.7000122070312
2024-05-10 00:00:00+00:00,1001.0999755859375,1001.0999755859375,1001.0999755859375,1001.0999755859375
2024-05-13 00:00:00+00:00,1005.2999877929688,1005.2999877929688,1005.2999877929688,1005.2999877929688
2024-05-14 00:00:00+00:00,1039.300048828125,1039.300048828125,1039.300048828125,1039.300048828125
2024-05-15 00:00:00+00:00,1055.0,1063.300048828125,1055.0,1063.300048828125
2024-05-16 00:00:00+00:00,1065.4000244140625,1065.4000244140625,1065.4000244140625,1065.4000244140625
2024-05-17 00:00:00+00:00,1084.5999755859375,1084.5999755859375,1084.5999755859375,1084.5999755859375
2024-05-20 00:00:00+00:00,1059.699951171875,1059.699951171875,1059.699951171875,1059.699951171875
2024-05-21 00:00:00+00:00,1056.699951171875,1056.699951171875,1056.699951171875,1056.699951171875
2024-05-22 00:00:00+00:00,1044.0999755859375,1044.0999755859375,1044.0999755859375,1044.0999755859375
2024-05-23 00:00:00+00:00,1025.699951171875,1025.699951171875,1025.699951171875,1025.699951171875
2024-05-24 00:00:00+00:00,1034.800048828125,1034.800048828125,1034.800048828125,1034.800048828125
2024-05-28 00:00:00+00:00,1061.699951171875,1061.699951171875,1061.699951171875,1061.699951171875
2024-05-29 00:00:00+00:00,1042.699951171875,1042.699951171875,1042.699951171875,1042.699951171875
2024-05-30 00:00:00+00:00,1034.800048828125,1038.300048828125,1032.699951171875,1032.9000244140625
2024-05-31 00:00:00+00:00,1028.0,1037.699951171875,1028.0,1037.699951171875
2024-06-03 00:00:00+00:00,1018.5,1018.5,1018.5,1018.5
2024-06-04 00:00:00+00:00,991.5999755859375,991.5999755859375,991.5999755859375,991.5999755859375
2024-06-05 00:00:00+00:00,996.0,996.0,996.0,996.0
2024-06-06 00:00:00+00:00,1008.2999877929688,1008.2999877929688,1008.2999877929688,1008.2999877929688
2024-06-07 00:00:00+00:00,967.7999877929688,967.7999877929688,967.7999877929688,967.7999877929688
2024-06-10 00:00:00+00:00,972.5,972.5,972.5,972.5
2024-06-11 00:00:00+00:00,955.5999755859375,955.5999755859375,955.5999755859375,955.5999755859375
2024-06-12 00:00:00+00:00,968.2000122070312,968.2000122070312,968.2000122070312,968.2000122070312
2024-06-13 00:00:00+00:00,951.2999877929688,951.2999877929688,951.2999877929688,951.2999877929688
2024-06-14 00:00:00+00:00,955.2999877929688,955.2999877929688,955.2999877929688,955.2999877929688
2024-06-17 00:00:00+00:00,963.2000122070312,967.7999877929688,961.2000122070312,967.7999877929688
2024-06-18 00:00:00+00:00,974.0999755859375,974.0999755859375,974.0999755859375,974.0999755859375
2024-06-20 00:00:00+00:00,981.5999755859375,981.5999755859375,981.5999755859375,981.5999755859375
2024-06-21 00:00:00+00:00,993.7000122070312,993.7000122070312,993.7000122070312,993.7000122070312
2024-06-24 00:00:00+00:00,999.0999755859375,999.0999755859375,999.0999755859375,999.0999755859375
2024-06-25 00:00:00+00:00,983.7000122070312,983.7000122070312,983.7000122070312,983.7000122070312
2024-06-26 00:00:00+00:00,1020.7000122070312,1020.7000122070312,1020.7000122070312,1020.7000122070312
2024-06-27 00:00:00+00:00,1016.5,1016.7000122070312,986.4000244140625,991.7000122070312
2024-06-28 00:00:00+00:00,988.9000244140625,1012.4000244140625,987.5,1001.9000244140625
2024-07-01 00:00:00+00:00,983.2000122070312,990.7999877929688,978.2999877929688,978.2999877929688
2024-07-02 00:00:00+00:00,998.2000122070312,1003.5999755859375,998.2000122070312,998.2000122070312
2024-07-03 00:00:00+00:00,1002.0,1002.0,1002.0,1002.0
2024-07-05 00:00:00+00:00,1039.0999755859375,1039.199951171875,1032.300048828125,1035.300048828125
2024-07-08 00:00:00+00:00,1003.7000122070312,1003.7000122070312,1003.7000122070312,1003.7000122070312
2024-07-09 00:00:00+00:00,996.2999877929688,996.2999877929688,989.7000122070312,989.7000122070312
2024-07-10 00:00:00+00:00,997.5,997.5,997.5,997.5
2024-07-11 00:00:00+00:00,994.5,1012.4000244140625,994.5,1005.5
2024-07-12 00:00:00+00:00,1004.5,1004.5,996.0999755859375,999.0
2024-07-15 00:00:00+00:00,990.4000244140625,1015.2000122070312,990.4000244140625,998.5
2024-07-16 00:00:00+00:00,1000.0,1010.0,1000.0,1000.0
2024-07-17 00:00:00+00:00,996.9000244140625,996.9000244140625,996.9000244140625,996.9000244140625
2024-07-18 00:00:00+00:00,974.7000122070312,974.7000122070312,974.7000122070312,974.7000122070312
2024-07-19 00:00:00+00:00,963.0,963.0,962.5,962.5
2024-07-22 00:00:00+00:00,961.0,961.0,945.4000244140625,945.4000244140625
2024-07-23 00:00:00+00:00,945.0,945.0,945.0,945.0
2024-07-24 00:00:00+00:00,958.7999877929688,958.7999877929688,958.7999877929688,958.7999877929688
2024-07-25 00:00:00+00:00,941.2000122070312,941.2000122070312,934.9000244140625,934.9000244140625
2024-07-26 00:00:00+00:00,934.0999755859375,934.0999755859375,934.0999755859375,934.0999755859375
2024-07-29 00:00:00+00:00,949.0,949.0,949.0,949.0
2024-07-30 00:00:00+00:00,955.0,965.0,955.0,965.0
2024-07-31 00:00:00+00:00,982.2000122070312,982.2000122070312,982.2000122070312,982.2000122070312
2024-08-01 00:00:00+00:00,965.4000244140625,965.4000244140625,965.4000244140625,965.4000244140625
2024-08-02 00:00:00+00:00,967.2000122070312,967.2000122070312,962.7000122070312,962.7000122070312
2024-08-05 00:00:00+00:00,911.0,911.0,911.0,911.0
2024-08-06 00:00:00+00:00,911.2999877929688,915.4000244140625,911.2999877929688,915.4000244140625
2024-08-07 00:00:00+00:00,924.0999755859375,924.0999755859375,924.0999755859375,924.0999755859375
2024-08-08 00:00:00+00:00,934.2999877929688,934.2999877929688,934.2999877929688,934.2999877929688
2024-08-09 00:00:00+00:00,928.2999877929688,928.2999877929688,927.5999755859375,927.5999755859375
2024-08-12 00:00:00+00:00,945.0999755859375,945.0999755859375,945.0999755859375,945.0999755859375
2024-08-13 00:00:00+00:00,943.0999755859375,943.0999755859375,943.0999755859375,943.0999755859375
2024-08-14 00:00:00+00:00,927.5999755859375,927.5999755859375,927.5999755859375,927.5999755859375
2024-08-15 00:00:00+00:00,960.0,960.0,960.0,960.0
2024-08-16 00:00:00+00:00,957.2999877929688,957.2999877929688,957.2999877929688,957.2999877929688
2024-08-19 00:00:00+00:00,958.9000244140625,958.9000244140625,958.9000244140625,958.9000244140625
2024-08-20 00:00:00+00:00,951.5999755859375,951.5999755859375,951.5999755859375,951.5999755859375
2024-08-21 00:00:00+00:00,969.4000244140625,980.2000122070312,968.2000122070312,968.2000122070312
2024-08-22 00:00:00+00:00,948.5999755859375,948.5999755859375,948.5999755859375,948.5999755859375
2024-08-23 00:00:00+00:00,960.4000244140625,960.4000244140625,960.4000244140625,960.4000244140625
2024-08-26 00:00:00+00:00,968.5999755859375,968.5999755859375,968.5999755859375,968.5999755859375
2024-08-27 00:00:00+00:00,959.0,959.0,959.0,959.0
2024-08-28 00:00:00+00:00,933.7000122070312,933.7000122070312,933.7000122070312,933.7000122070312
2024-08-29 00:00:00+00:00,936.4000244140625,943.2000122070312,936.4000244140625,941.4000244140625
2024-08-30 00:00:00+00:00,927.7999877929688,927.7999877929688,927.7999877929688,927.7999877929688
2024-09-03 00:00:00+00:00,905.2999877929688,905.2999877929688,905.2999877929688,905.2999877929688
2024-09-04 00:00:00+00:00,903.7999877929688,903.7999877929688,903.7999877929688,903.7999877929688
2024-09-05 00:00:00+00:00,925.9000244140625,925.9000244140625,925.9000244140625,925.9000244140625
2024-09-06 00:00:00+00:00,914.2999877929688,914.2999877929688,914.2999877929688,914.2999877929688
2024-09-09 00:00:00+00:00,942.5,942.5,942.5,942.5
2024-09-10 00:00:00+00:00,939.9000244140625,939.9000244140625,939.9000244140625,939.9000244140625
2024-09-11 00:00:00+00:00,952.4000244140625,952.4000244140625,952.4000244140625,952.4000244140625
2024-09-12 00:00:00+00:00,971.7000122070312,981.9000244140625,971.7000122070312,981.9000244140625
2024-09-13 00:00:00+00:00,1006.5,1006.5,1006.5,1006.5
2024-09-16 00:00:00+00:00,987.9000244140625,987.9000244140625,987.9000244140625,987.9000244140625
2024-09-17 00:00:00+00:00,994.7999877929688,994.7999877929688,982.7999877929688,982.7999877929688
2024-09-18 00:00:00+00:00,974.7999877929688,974.7999877929688,974.7999877929688,974.7999877929688
2024-09-19 00:00:00+00:00,994.0999755859375,994.0999755859375,994.0999755859375,994.0999755859375
2024-09-20 00:00:00+00:00,981.5999755859375,981.5999755859375,981.5999755859375,981.5999755859375
2024-09-23 00:00:00+00:00,961.5,961.5,961.5,961.5
2024-09-24 00:00:00+00:00,987.4000244140625,987.4000244140625,987.4000244140625,987.4000244140625
2024-09-25 00:00:00+00:00,991.4000244140625,991.4000244140625,991.4000244140625,991.4000244140625
2024-09-26 00:00:00+00:00,1011.0999755859375,1011.0999755859375,1011.0999755859375,1011.0999755859375
2024-09-27 00:00:00+00:00,1011.7999877929688,1018.5999755859375,998.0,1008.5
2024-09-30 00:00:00+00:00,1007.7999877929688,1008.4000244140625,969.7000122070312,979.0
2024-10-01 00:00:00+00:00,977.5999755859375,993.0999755859375,977.5999755859375,988.4000244140625
2024-10-02 00:00:00+00:00,1004.4000244140625,1004.4000244140625,1004.4000244140625,1004.4000244140625
2024-10-03 00:00:00+00:00,980.0999755859375,993.2000122070312,978.0,993.2000122070312
2024-10-04 00:00:00+00:00,990.0,994.0,989.2000122070312,989.7999877929688
2024-10-07 00:00:00+00:00,981.0,981.0,971.2999877929688,977.0
2024-10-08 00:00:00+00:00,965.9000244140625,965.9000244140625,951.7000122070312,951.7000122070312
2024-10-09 00:00:00+00:00,948.0,952.2000122070312,948.0,948.7000122070312
2024-10-10 00:00:00+00:00,967.7000122070312,967.7000122070312,967.7000122070312,967.7000122070312
2024-10-11 00:00:00+00:00,985.0,985.0,985.0,985.0
2024-10-14 00:00:00+00:00,994.9000244140625,994.9000244140625,994.9000244140625,994.9000244140625
2024-10-15 00:00:00+00:00,987.7000122070312,987.7000122070312,987.7000122070312,987.7000122070312
2024-10-16 00:00:00+00:00,993.7999877929688,993.7999877929688,993.7999877929688,993.7999877929688
2024-10-17 00:00:00+00:00,997.0,997.0,997.0,997.0
2024-10-18 00:00:00+00:00,1006.9000244140625,1015.0999755859375,1006.9000244140625,1015.0999755859375
2024-10-21 00:00:00+00:00,1010.7000122070312,1010.7000122070312,1007.5999755859375,1007.5999755859375
2024-10-22 00:00:00+00:00,1033.0,1033.0,1033.0,1033.0
2024-10-23 00:00:00+00:00,1024.0999755859375,1024.0999755859375,1019.7999877929688,1019.7999877929688
2024-10-24 00:00:00+00:00,1024.199951171875,1024.199951171875,1024.199951171875,1024.199951171875
2024-10-25 00:00:00+00:00,1027.199951171875,1027.199951171875,1027.0,1027.199951171875
2024-10-28 00:00:00+00:00,1036.9000244140625,1040.0,1036.9000244140625,1037.300048828125
2024-10-29 00:00:00+00:00,1050.0,1051.0,1050.0,1051.0
2024-10-30 00:00:00+00:00,1053.800048828125,1053.800048828125,1013.0999755859375,1013.0999755859375
2024-10-31 00:00:00+00:00,991.5999755859375,991.5999755859375,991.5999755859375,991.5999755859375
2024-11-01 00:00:00+00:00,995.0999755859375,995.0999755859375,995.0999755859375,995.0999755859375
2024-11-04 00:00:00+00:00,982.4000244140625,982.4000244140625,982.4000244140625,982.4000244140625
2024-11-05 00:00:00+00:00,1000.4000244140625,1000.4000244140625,1000.4000244140625,1000.4000244140625
2024-11-06 00:00:00+00:00,986.0,986.0,986.0,986.0
2024-11-07 00:00:00+00:00,986.7999877929688,992.7999877929688,986.7999877929688,992.7999877929688
2024-11-08 00:00:00+00:00,973.5999755859375,973.5999755859375,973.5999755859375,973.5999755859375
2024-11-11 00:00:00+00:00,979.7999877929688,979.7999877929688,964.2999877929688,964.2999877929688
2024-11-12 00:00:00+00:00,942.9000244140625,942.9000244140625,942.9000244140625,942.9000244140625
2024-11-13 00:00:00+00:00,938.0999755859375,938.0999755859375,938.0999755859375,938.0999755859375
2024-11-14 00:00:00+00:00,938.7000122070312,938.7000122070312,938.7000122070312,938.7000122070312
2024-11-15 00:00:00+00:00,939.7999877929688,939.7999877929688,939.7999877929688,939.7999877929688
2024-11-18 00:00:00+00:00,969.0999755859375,969.0999755859375,969.0999755859375,969.0999755859375
2024-11-19 00:00:00+00:00,973.2999877929688,973.2999877929688,973.2999877929688,973.2999877929688
2024-11-20 00:00:00+00:00,960.7000122070312,960.7000122070312,960.7000122070312,960.7000122070312
2024-11-21 00:00:00+00:00,965.2000122070312,965.2000122070312,965.2000122070312,965.2000122070312
2024-11-22 00:00:00+00:00,969.7000122070312,969.7000122070312,969.7000122070312,969.7000122070312
2024-11-25 00:00:00+00:00,938.7999877929688,938.7999877929688,938.7999877929688,938.7999877929688
2024-11-26 00:00:00+00:00,923.2999877929688,923.2999877929688,923.2999877929688,923.2999877929688
2024-11-27 00:00:00+00:00,924.7999877929688,938.0,924.7999877929688,926.9000244140625
2024-11-29 00:00:00+00:00,949.9000244140625,949.9000244140625,949.5,949.5
2024-12-02 00:00:00+00:00,945.9000244140625,945.9000244140625,945.9000244140625,945.9000244140625
2024-12-03 00:00:00+00:00,955.7999877929688,955.7999877929688,955.7999877929688,955.7999877929688
2024-12-04 00:00:00+00:00,948.9000244140625,948.9000244140625,948.9000244140625,948.9000244140625
2024-12-05 00:00:00+00:00,937.2000122070312,937.2000122070312,937.2000122070312,937.2000122070312
2024-12-06 00:00:00+00:00,930.0,930.0,930.0,930.0
2024-12-09 00:00:00+00:00,950.2000122070312,950.2000122070312,950.2000122070312,950.2000122070312
2024-12-10 00:00:00+00:00,945.2999877929688,945.2999877929688,945.2999877929688,945.2999877929688
2024-12-11 00:00:00+00:00,947.0,947.0,947.0,947.0
2024-12-12 00:00:00+00:00,937.0,937.0,936.0999755859375,936.5999755859375
2024-12-13 00:00:00+00:00,921.2999877929688,921.2999877929688,921.2999877929688,921.2999877929688
2024-12-16 00:00:00+00:00,938.2999877929688,938.2999877929688,938.2999877929688,938.2999877929688
2024-12-17 00:00:00+00:00,941.5,941.5,941.5,941.5
2024-12-18 00:00:00+00:00,932.5999755859375,932.5999755859375,932.5999755859375,932.5999755859375
2024-12-19 00:00:00+00:00,921.5,921.5,921.5,921.5
2024-12-20 00:00:00+00:00,932.0,934.4000244140625,932.0,934.4000244140625
2024-12-23 00:00:00+00:00,946.9000244140625,946.9000244140625,946.9000244140625,946.9000244140625
2024-12-24 00:00:00+00:00,958.5,958.5,958.5,958.5
2024-12-26 00:00:00+00:00,952.2000122070312,952.2000122070312,952.2000122070312,952.2000122070312
2024-12-27 00:00:00+00:00,917.5,917.5,917.5,917.5
2024-12-30 00:00:00+00:00,920.0,925.2000122070312,896.5,902.4000244140625
2024-12-31 00:00:00+00:00,898.0999755859375,900.5,893.5,894.0
2025-01-02 00:00:00+00:00,894.2000122070312,913.5,894.2000122070312,908.9000244140625
2025-01-03 00:00:00+00:00,934.5999755859375,934.5999755859375,934.5999755859375,934.5999755859375
2025-01-06 00:00:00+00:00,930.7000122070312,936.2000122070312,929.2999877929688,929.2999877929688
2025-01-07 00:00:00+00:00,956.2000122070312,965.5,956.2000122070312,962.7999877929688
2025-01-08 00:00:00+00:00,968.4000244140625,969.7999877929688,968.0,969.7999877929688
2025-01-09 00:00:00+00:00,965.0999755859375,970.2999877929688,965.0999755859375,970.2999877929688
2025-01-10 00:00:00+00:00,983.0,983.2000122070312,982.0,982.0999755859375
2025-01-13 00:00:00+00:00,963.9000244140625,963.9000244140625,962.0999755859375,962.0999755859375
2025-01-14 00:00:00+00:00,936.2000122070312,936.2000122070312,936.2000122070312,936.2000122070312
2025-01-15 00:00:00+00:00,935.5,938.2999877929688,931.2999877929688,931.2999877929688
2025-01-16 00:00:00+00:00,934.2999877929688,934.2999877929688,934.2999877929688,934.2999877929688
2025-01-17 00:00:00+00:00,950.7999877929688,951.0999755859375,950.7999877929688,951.0999755859375
2025-01-21 00:00:00+00:00,947.5,959.9000244140625,946.5999755859375,957.2000122070312
2025-01-22 00:00:00+00:00,956.0,959.0999755859375,956.0,958.2000122070312
2025-01-23 00:00:00+00:00,957.0999755859375,957.0999755859375,957.0999755859375,957.0999755859375
2025-01-24 00:00:00+00:00,958.9000244140625,959.4000244140625,957.5999755859375,957.5999755859375
2025-01-27 00:00:00+00:00,959.4000244140625,959.4000244140625,946.4000244140625,946.9000244140625
2025-01-28 00:00:00+00:00,947.0,947.0,947.0,947.0
2025-01-29 00:00:00+00:00,971.5999755859375,971.7000122070312,965.4000244140625,965.4000244140625
2025-01-30 00:00:00+00:00,978.4000244140625,1018.0,977.9000244140625,1016.5
2025-01-31 00:00:00+00:00,1033.199951171875,1033.199951171875,1033.199951171875,1033.199951171875
2025-02-03 00:00:00+00:00,991.7999877929688,991.7999877929688,991.7999877929688,991.7999877929688
2025-02-04 00:00:00+00:00,1002.5,1002.5,1002.5,1002.5
2025-02-05 00:00:00+00:00,1015.5999755859375,1015.5999755859375,1015.5999755859375,1015.5999755859375
2025-02-06 00:00:00+00:00,1013.7000122070312,1013.7000122070312,1013.7000122070312,1013.7000122070312
2025-02-07 00:00:00+00:00,1011.0999755859375,1011.0999755859375,1011.0999755859375,1011.0999755859375
2025-02-10 00:00:00+00:00,1022.5,1022.5,1022.5,1022.5
2025-02-11 00:00:00+00:00,1026.9000244140625,1026.9000244140625,1026.9000244140625,1026.9000244140625
2025-02-12 00:00:00+00:00,1033.199951171875,1038.699951171875,1033.199951171875,1038.699951171875
2025-02-13 00:00:00+00:00,1033.699951171875,1033.699951171875,1033.699951171875,1033.699951171875
2025-02-14 00:00:00+00:00,1009.7999877929688,1009.7999877929688,1009.7999877929688,1009.7999877929688
2025-02-18 00:00:00+00:00,996.5999755859375,996.5999755859375,996.5999755859375,996.5999755859375
2025-02-19 00:00:00+00:00,976.7000122070312,976.7000122070312,976.7000122070312,976.7000122070312
2025-02-20 00:00:00+00:00,987.7999877929688,987.7999877929688,987.7999877929688,987.7999877929688
2025-02-21 00:00:00+00:00,978.2999877929688,978.2999877929688,978.2999877929688,978.2999877929688
2025-02-24 00:00:00+00:00,961.2000122070312,961.2000122070312,961.2000122070312,961.2000122070312
2025-02-25 00:00:00+00:00,960.5999755859375,960.5999755859375,960.5999755859375,960.5999755859375
2025-02-26 00:00:00+00:00,967.7999877929688,967.7999877929688,967.7999877929688,967.7999877929688
2025-02-27 00:00:00+00:00,962.7000122070312,962.7000122070312,951.9000244140625,951.9000244140625
2025-02-28 00:00:00+00:00,932.2999877929688,932.2999877929688,932.2999877929688,932.2999877929688
2025-03-03 00:00:00+00:00,966.5999755859375,966.5999755859375,966.5999755859375,966.5999755859375
2025-03-04 00:00:00+00:00,966.5,966.5,966.5,966.5
2025-03-05 00:00:00+00:00,969.4000244140625,969.4000244140625,969.4000244140625,969.4000244140625
2025-03-06 00:00:00+00:00,974.7999877929688,974.7999877929688,974.7999877929688,974.7999877929688
2025-03-07 00:00:00+00:00,976.5,976.5,961.5999755859375,961.5999755859375
2025-03-10 00:00:00+00:00,962.0,962.0,962.0,962.0
2025-03-11 00:00:00+00:00,975.4000244140625,975.4000244140625,975.4000244140625,975.4000244140625
2025-03-12 00:00:00+00:00,992.2000122070312,992.2000122070312,992.2000122070312,992.2000122070312
2025-03-13 00:00:00+00:00,1002.5,1002.5,1002.5,1002.5
2025-03-14 00:00:00+00:00,1010.0,1010.0,1010.0,1010.0
2025-03-17 00:00:00+00:00,1023.5,1023.5,1023.5,1023.5
2025-03-18 00:00:00+00:00,1020.5,1020.5,1020.5,1020.5
2025-03-19 00:00:00+00:00,1006.2999877929688,1006.2999877929688,1006.2999877929688,1006.2999877929688
2025-03-20 00:00:00+00:00,989.5,989.5,989.5,989.5
2025-03-21 00:00:00+00:00,976.2000122070312,976.2000122070312,976.2000122070312,976.2000122070312
2025-03-24 00:00:00+00:00,962.5999755859375,962.5999755859375,962.5999755859375,962.5999755859375
2025-03-25 00:00:00+00:00,973.0999755859375,973.0999755859375,973.0999755859375,973.0999755859375
2025-03-26 00:00:00+00:00,967.9000244140625,967.9000244140625,967.9000244140625,967.9000244140625
2025-03-27 00:00:00+00:00,983.2000122070312,983.2000122070312,983.2000122070312,983.2000122070312
2025-03-28 00:00:00+00:00,989.5,994.2999877929688,969.7000122070312,977.7000122070312
2025-03-31 00:00:00+00:00,984.7999877929688,1011.2000122070312,984.7999877929688,1009.7000122070312
2025-04-01 00:00:00+00:00,1005.5999755859375,1005.5999755859375,986.0999755859375,987.0999755859375
2025-04-02 00:00:00+00:00,988.7999877929688,992.4000244140625,977.9000244140625,977.9000244140625
2025-04-03 00:00:00+00:00,975.2999877929688,975.5999755859375,936.0,942.5
2025-04-04 00:00:00+00:00,936.2999877929688,936.2999877929688,899.9000244140625,902.0
2025-04-07 00:00:00+00:00,888.0,909.7000122070312,884.5,894.0
2025-04-08 00:00:00+00:00,906.7000122070312,906.7999877929688,899.5999755859375,899.5999755859375
2025-04-09 00:00:00+00:00,903.7000122070312,908.5999755859375,903.7000122070312,908.5999755859375
2025-04-10 00:00:00+00:00,926.9000244140625,927.2999877929688,922.4000244140625,922.4000244140625
2025-04-11 00:00:00+00:00,928.7000122070312,937.0,928.7000122070312,934.2999877929688
2025-04-14 00:00:00+00:00,950.7999877929688,950.7999877929688,948.5999755859375,948.5999755859375
2025-04-15 00:00:00+00:00,960.7000122070312,960.7000122070312,960.2000122070312,960.2000122070312
2025-04-16 00:00:00+00:00,957.7000122070312,969.7000122070312,957.7000122070312,969.7000122070312
2025-04-17 00:00:00+00:00,967.2999877929688,967.2999877929688,967.2999877929688,967.2999877929688
2025-04-21 00:00:00+00:00,957.7999877929688,957.7999877929688,957.7999877929688,957.7999877929688
2025-04-22 00:00:00+00:00,955.0,955.0,953.4000244140625,953.4000244140625
2025-04-23 00:00:00+00:00,970.7000122070312,970.7000122070312,970.7000122070312,970.7000122070312
2025-04-24 00:00:00+00:00,971.5999755859375,971.5999755859375,971.5999755859375,971.5999755859375
2025-04-25 00:00:00+00:00,964.7999877929688,964.7999877929688,964.7999877929688,964.7999877929688
2025-04-28 00:00:00+00:00,982.7000122070312,987.4000244140625,979.2999877929688,987.4000244140625
2025-04-29 00:00:00+00:00,987.2000122070312,989.9000244140625,976.2000122070312,978.7000122070312
2025-04-30 00:00:00+00:00,964.4000244140625,966.7999877929688,960.7000122070312,963.7999877929688
2025-05-01 00:00:00+00:00,964.7000122070312,964.7999877929688,964.7000122070312,964.7999877929688
2025-05-02 00:00:00+00:00,976.7000122070312,977.2000122070312,962.9000244140625,962.9000244140625
2025-05-05 00:00:00+00:00,957.5,957.5,957.5,957.5
2025-05-06 00:00:00+00:00,987.7999877929688,987.7999877929688,987.7999877929688,987.7999877929688
2025-05-07 00:00:00+00:00,979.7999877929688,979.7999877929688,979.7999877929688,979.7999877929688
2025-05-08 00:00:00+00:00,976.2999877929688,976.2999877929688,976.2999877929688,976.2999877929688
2025-05-09 00:00:00+00:00,998.5,998.5,998.5,998.5
2025-05-12 00:00:00+00:00,974.2999877929688,974.2999877929688,974.2999877929688,974.2999877929688
2025-05-13 00:00:00+00:00,991.0,991.0,991.0,991.0
2025-05-14 00:00:00+00:00,982.7000122070312,983.5,980.7999877929688,980.7999877929688
2025-05-15 00:00:00+00:00,996.5,996.5,996.5,996.5
2025-05-16 00:00:00+00:00,990.2000122070312,990.2000122070312,990.2000122070312,990.2000122070312
2025-05-19 00:00:00+00:00,1004.5,1004.5,1004.5,1004.5
2025-05-20 00:00:00+00:00,1053.800048828125,1053.800048828125,1053.800048828125,1053.800048828125
2025-05-21 00:00:00+00:00,1082.5999755859375,1082.5999755859375,1082.5999755859375,1082.5999755859375
2025-05-22 00:00:00+00:00,1078.199951171875,1078.199951171875,1078.199951171875,1078.199951171875
2025-05-23 00:00:00+00:00,1087.4000244140625,1087.4000244140625,1087.4000244140625,1087.4000244140625
2025-05-27 00:00:00+00:00,1075.5999755859375,1075.5999755859375,1075.5999755859375,1075.5999755859375
2025-05-28 00:00:00+00:00,1070.5999755859375,1070.5999755859375,1070.5999755859375,1070.5999755859375
2025-05-29 00:00:00+00:00,1079.199951171875,1080.300048828125,1074.699951171875,1074.699951171875
2025-05-30 00:00:00+00:00,1051.699951171875,1051.699951171875,1051.699951171875,1051.699951171875
2025-06-02 00:00:00+00:00,1060.300048828125,1060.300048828125,1060.300048828125,1060.300048828125
2025-06-03 00:00:00+00:00,1052.300048828125,1071.300048828125,1051.699951171875,1071.300048828125
2025-06-04 00:00:00+00:00,1076.300048828125,1089.5,1076.300048828125,1088.699951171875
2025-06-05 00:00:00+00:00,1085.9000244140625,1133.699951171875,1085.9000244140625,1133.699951171875
2025-06-06 00:00:00+00:00,1155.0,1169.9000244140625,1155.0,1166.699951171875
2025-06-09 00:00:00+00:00,1177.0999755859375,1213.5999755859375,1177.0999755859375,1213.5999755859375
2025-06-10 00:00:00+00:00,1225.0,1225.0,1209.800048828125,1209.800048828125
2025-06-11 00:00:00+00:00,1267.199951171875,1267.699951171875,1258.0999755859375,1258.0999755859375
2025-06-12 00:00:00+00:00,1272.699951171875,1272.699951171875,1272.699951171875,1272.699951171875
2025-06-13 00:00:00+00:00,1230.699951171875,1231.0,1210.0,1210.800048828125
2025-06-16 00:00:00+00:00,1251.5,1251.5,1247.9000244140625,1251.5
2025-06-17 00:00:00+00:00,1260.0999755859375,1260.0999755859375,1260.0999755859375,1260.0999755859375
2025-06-18 00:00:00+00:00,1311.5,1311.5,1311.5,1311.5
2025-06-20 00:00:00+00:00,1337.699951171875,1345.800048828125,1263.699951171875,1263.699951171875
2025-06-23 00:00:00+00:00,1283.4000244140625,1283.4000244140625,1283.4000244140625,1283.4000244140625
2025-06-24 00:00:00+00:00,1304.199951171875,1304.199951171875,1304.199951171875,1304.199951171875
2025-06-25 00:00:00+00:00,1329.5999755859375,1329.5999755859375,1329.5999755859375,1329.5999755859375
2025-06-26 00:00:00+00:00,1399.800048828125,1399.800048828125,1399.800048828125,1399.800048828125
2025-06-27 00:00:00+00:00,1413.199951171875,1425.199951171875,1320.0,1340.9000244140625
2025-06-30 00:00:00+00:00,1346.0,1376.199951171875,1334.0,1334.0
2025-07-01 00:00:00+00:00,1363.0,1365.800048828125,1343.699951171875,1345.9000244140625
2025-07-02 00:00:00+00:00,1367.9000244140625,1428.5999755859375,1367.9000244140625,1421.0
2025-07-03 00:00:00+00:00,1418.0,1418.0,1351.699951171875,1372.0
2025-07-04 00:00:00+00:00,1385.800048828125,1385.800048828125,1382.5,1382.5
2025-07-07 00:00:00+00:00,1387.0,1389.300048828125,1351.699951171875,1361.800048828125
2025-07-08 00:00:00+00:00,1374.9000244140625,1384.5999755859375,1354.300048828125,1376.5999755859375
2025-07-09 00:00:00+00:00,1362.9000244140625,1370.5999755859375,1362.9000244140625,1370.5999755859375
2025-07-10 00:00:00+00:00,1409.800048828125,1409.800048828125,1394.800048828125,1394.9000244140625
2025-07-11 00:00:00+00:00,1395.4000244140625,1457.0999755859375,1393.800048828125,1452.0
2025-07-14 00:00:00+00:00,1431.0,1431.0,1398.5,1399.699951171875
2025-07-15 00:00:00+00:00,1395.0,1395.0,1395.0,1395.0
2025-07-16 00:00:00+00:00,1417.0999755859375,1417.0999755859375,1417.0999755859375,1417.0999755859375
2025-07-17 00:00:00+00:00,1422.300048828125,1471.9000244140625,1415.300048828125,1454.4000244140625
2025-07-18 00:00:00+00:00,1472.0,1487.300048828125,1438.5,1438.5
2025-07-21 00:00:00+00:00,1491.199951171875,1491.199951171875,1477.699951171875,1477.699951171875
2025-07-22 00:00:00+00:00,1464.0,1465.5,1464.0,1465.5
2025-07-23 00:00:00+00:00,1463.4000244140625,1463.4000244140625,1437.699951171875,1437.699951171875
2025-07-24 00:00:00+00:00,1424.5999755859375,1424.5999755859375,1424.5999755859375,1424.5999755859375
2025-07-25 00:00:00+00:00,1410.0,1410.0999755859375,1398.0,1407.4000244140625
2025-07-28 00:00:00+00:00,1404.0999755859375,1404.0999755859375,1404.0999755859375,1404.0999755859375
2025-07-29 00:00:00+00:00,1404.0,1404.0,1404.0,1404.0
2025-07-30 00:00:00+00:00,1406.699951171875,1406.699951171875,1276.199951171875,1360.699951171875
2025-07-31 00:00:00+00:00,1303.800048828125,1303.800048828125,1286.4000244140625,1286.4000244140625
2025-08-01 00:00:00+00:00,1289.0,1315.199951171875,1284.5,1304.0
2025-08-04 00:00:00+00:00,1323.4000244140625,1351.199951171875,1323.4000244140625,1326.4000244140625
2025-08-05 00:00:00+00:00,1317.9000244140625,1317.9000244140625,1317.199951171875,1317.199951171875
2025-08-06 00:00:00+00:00,1326.0,1338.300048828125,1326.0,1326.0
2025-08-07 00:00:00+00:00,1339.9000244140625,1339.9000244140625,1339.9000244140625,1339.9000244140625
2025-08-08 00:00:00+00:00,1325.5999755859375,1325.5999755859375,1325.5999755859375,1325.5999755859375
2025-08-11 00:00:00+00:00,1329.9000244140625,1329.9000244140625,1329.9000244140625,1329.9000244140625
2025-08-12 00:00:00+00:00,1341.9000244140625,1341.9000244140625,1341.9000244140625,1341.9000244140625
2025-08-13 00:00:00+00:00,1331.5,1331.5,1331.5,1331.5
2025-08-14 00:00:00+00:00,1350.300048828125,1350.300048828125,1350.300048828125,1350.300048828125
2025-08-15 00:00:00+00:00,1334.300048828125,1334.300048828125,1334.300048828125,1334.300048828125
2025-08-18 00:00:00+00:00,1326.4000244140625,1326.4000244140625,1326.4000244140625,1326.4000244140625
2025-08-19 00:00:00+00:00,1302.300048828125,1302.300048828125,1302.300048828125,1302.300048828125
2025-08-20 00:00:00+00:00,1334.0,1334.0,1334.0,1334.0
2025-08-21 00:00:00+00:00,1351.199951171875,1351.199951171875,1351.199951171875,1351.199951171875
2025-08-22 00:00:00+00:00,1355.4000244140625,1355.4000244140625,1355.4000244140625,1355.4000244140625
2025-08-25 00:00:00+00:00,1331.5999755859375,1331.5999755859375,1331.5999755859375,1331.5999755859375
2025-08-26 00:00:00+00:00,1342.4000244140625,1342.4000244140625,1342.4000244140625,1342.4000244140625
2025-08-27 00:00:00+00:00,1341.4000244140625,1341.4000244140625,1341.4000244140625,1341.4000244140625
2025-08-28 00:00:00+00:00,1356.4000244140625,1356.4000244140625,1356.4000244140625,1356.4000244140625
2025-08-29 00:00:00+00:00,1365.699951171875,1365.699951171875,1365.699951171875,1365.699951171875
2025-09-02 00:00:00+00:00,1405.800048828125,1405.800048828125,1405.800048828125,1405.800048828125
2025-09-03 00:00:00+00:00,1448.5999755859375,1448.5999755859375,1448.5999755859375,1448.5999755859375
2025-09-04 00:00:00+00:00,1371.199951171875,1371.199951171875,1371.199951171875,1371.199951171875
2025-09-05 00:00:00+00:00,1381.699951171875,1381.699951171875,1381.699951171875,1381.699951171875
2025-09-08 00:00:00+00:00,1380.800048828125,1380.800048828125,1380.800048828125,1380.800048828125
2025-09-09 00:00:00+00:00,1367.300048828125,1367.300048828125,1367.300048828125,1367.300048828125
2025-09-10 00:00:00+00:00,1392.9000244140625,1392.9000244140625,1392.9000244140625,1392.9000244140625
2025-09-11 00:00:00+00:00,1395.4000244140625,1395.4000244140625,1395.4000244140625,1395.4000244140625
2025-09-12 00:00:00+00:00,1407.300048828125,1407.300048828125,1407.300048828125,1407.300048828125
2025-09-15 00:00:00+00:00,1412.800048828125,1412.800048828125,1412.800048828125,1412.800048828125
2025-09-16 00:00:00+00:00,1398.5,1398.5,1398.5,1398.5
2025-09-17 00:00:00+00:00,1372.699951171875,1372.699951171875,1372.699951171875,1372.699951171875
2025-09-18 00:00:00+00:00,1397.4000244140625,1397.4000244140625,1397.4000244140625,1397.4000244140625
2025-09-19 00:00:00+00:00,1414.300048828125,1414.300048828125,1414.300048828125,1414.300048828125
2025-09-22 00:00:00+00:00,1423.699951171875,1423.699951171875,1423.699951171875,1423.699951171875
2025-09-23 00:00:00+00:00,1504.199951171875,1504.199951171875,1504.199951171875,1504.199951171875
2025-09-24 00:00:00+00:00,1484.5,1484.5,1484.5,1484.5
2025-09-25 00:00:00+00:00,1515.0,1530.699951171875,1515.0,1530.699951171875
2025-09-26 00:00:00+00:00,1581.800048828125,1582.699951171875,1581.800048828125,1582.699951171875
2025-09-29 00:00:00+00:00,1592.199951171875,1629.4000244140625,1588.0,1609.300048828125
2025-09-30 00:00:00+00:00,1617.0999755859375,1628.4000244140625,1567.0,1584.5999755859375
2025-10-01 00:00:00+00:00,1593.300048828125,1598.0,1563.699951171875,1569.9000244140625
2025-10-02 00:00:00+00:00,1581.0,1590.0,1543.699951171875,1563.800048828125
2025-10-03 00:00:00+00:00,1590.4000244140625,1623.0,1590.4000244140625,1619.300048828125
2025-10-06 00:00:00+00:00,1624.9000244140625,1650.199951171875,1616.0,1634.9000244140625
2025-10-07 00:00:00+00:00,1614.5,1640.5,1614.4000244140625,1626.5999755859375
2025-10-08 00:00:00+00:00,1681.800048828125,1681.800048828125,1678.0,1678.0
2025-10-09 00:00:00+00:00,1661.800048828125,1700.699951171875,1634.0999755859375,1634.0999755859375
2025-10-10 00:00:00+00:00,1636.4000244140625,1642.5999755859375,1600.0,1600.699951171875
2025-10-13 00:00:00+00:00,1660.0,1682.9000244140625,1660.0,1669.5999755859375
2025-10-14 00:00:00+00:00,1666.199951171875,1674.0999755859375,1631.800048828125,1655.0999755859375
2025-10-15 00:00:00+00:00,1662.0999755859375,1668.699951171875,1662.0999755859375,1668.699951171875
2025-10-16 00:00:00+00:00,1656.699951171875,1741.199951171875,1656.699951171875,1734.9000244140625
2025-10-17 00:00:00+00:00,1675.0,1675.0,1602.300048828125,1602.300048828125
2025-10-20 00:00:00+00:00,1580.0,1634.9000244140625,1580.0,1634.9000244140625
2025-10-21 00:00:00+00:00,1591.699951171875,1591.699951171875,1504.0,1504.0
2025-10-22 00:00:00+00:00,1477.0999755859375,1536.0,1477.0999755859375,1536.0
2025-10-23 00:00:00+00:00,1583.800048828125,1588.5,1583.800048828125,1587.5999755859375
2025-10-24 00:00:00+00:00,1593.9000244140625,1593.9000244140625,1593.9000244140625,1593.9000244140625
2025-10-27 00:00:00+00:00,1583.0,1586.199951171875,1578.4000244140625,1578.4000244140625
2025-10-28 00:00:00+00:00,1577.0,1577.0,1577.0,1577.0
2025-10-29 00:00:00+00:00,1591.300048828125,1591.300048828125,1591.300048828125,1591.300048828125
2025-10-30 00:00:00+00:00,1587.0999755859375,1608.300048828125,1587.0999755859375,1608.300048828125
2025-10-31 00:00:00+00:00,1569.800048828125,1569.800048828125,1569.800048828125,1569.800048828125
2025-11-03 00:00:00+00:00,1574.0,1574.0,1574.0,1574.0
2025-11-04 00:00:00+00:00,1542.300048828125,1542.300048828125,1542.300048828125,1542.300048828125
2025-11-05 00:00:00+00:00,1553.5,1553.5,1553.5,1553.5
2025-11-06 00:00:00+00:00,1528.300048828125,1528.300048828125,1528.300048828125,1528.300048828125
2025-11-07 00:00:00+00:00,1539.300048828125,1539.300048828125,1539.300048828125,1539.300048828125
2025-11-10 00:00:00+00:00,1591.0999755859375,1591.0999755859375,1591.0999755859375,1591.0999755859375
2025-11-11 00:00:00+00:00,1589.4000244140625,1589.4000244140625,1589.4000244140625,1589.4000244140625
2025-11-12 00:00:00+00:00,1622.300048828125,1622.300048828125,1622.300048828125,1622.300048828125
2025-11-13 00:00:00+00:00,1603.9000244140625,1603.9000244140625,1603.9000244140625,1603.9000244140625
2025-11-14 00:00:00+00:00,1555.199951171875,1555.199951171875,1555.199951171875,1555.199951171875
2025-11-17 00:00:00+00:00,1545.699951171875,1545.699951171875,1545.699951171875,1545.699951171875
2025-11-18 00:00:00+00:00,1545.199951171875,1554.0,1545.199951171875,1545.199951171875
2025-11-19 00:00:00+00:00,1557.4000244140625,1590.5,1546.9000244140625,1546.9000244140625
2025-11-20 00:00:00+00:00,1506.199951171875,1506.199951171875,1506.199951171875,1506.199951171875
2025-11-21 00:00:00+00:00,1513.800048828125,1513.800048828125,1513.800048828125,1513.800048828125
2025-11-24 00:00:00+00:00,1542.5,1542.5,1542.5,1542.5
2025-11-25 00:00:00+00:00,1556.9000244140625,1556.9000244140625,1556.9000244140625,1556.9000244140625
2025-11-26 00:00:00+00:00,1552.4000244140625,1591.0,1552.4000244140625,1578.9000244140625
2025-11-28 00:00:00+00:00,1677.699951171875,1677.699951171875,1677.699951171875,1677.699951171875
2025-12-01 00:00:00+00:00,1670.0999755859375,1670.0999755859375,1670.0999755859375,1670.0999755859375
2025-12-02 00:00:00+00:00,1644.0,1644.0,1644.0,1644.0
2025-12-03 00:00:00+00:00,1656.5,1656.5,1656.5,1656.5
2025-12-04 00:00:00+00:00,1654.4000244140625,1654.4000244140625,1654.4000244140625,1654.4000244140625
2025-12-05 00:00:00+00:00,1655.0,1655.0,1655.0,1655.0
2025-12-08 00:00:00+00:00,1655.0,1655.0,1655.0,1655.0
2025-12-09 00:00:00+00:00,1695.0999755859375,1695.0999755859375,1695.0999755859375,1695.0999755859375
2025-12-10 00:00:00+00:00,1641.800048828125,1641.800048828125,1641.800048828125,1641.800048828125
2025-12-11 00:00:00+00:00,1707.800048828125,1707.800048828125,1707.800048828125,1707.800048828125
2025-12-12 00:00:00+00:00,1757.0999755859375,1757.0999755859375,1757.0999755859375,1757.0999755859375
2025-12-15 00:00:00+00:00,1810.5,1810.5,1810.0,1810.5
2025-12-16 00:00:00+00:00,1870.0999755859375,1870.0999755859375,1870.0999755859375,1870.0999755859375
2025-12-17 00:00:00+00:00,1932.699951171875,1932.699951171875,1932.699951171875,1932.699951171875
2025-12-18 00:00:00+00:00,1955.5,1955.5,1955.5,1955.5
2025-12-19 00:00:00+00:00,2013.199951171875,2013.199951171875,2013.199951171875,2013.199951171875
2025-12-22 00:00:00+00:00,2104.5,2119.89990234375,2084.0,2084.0
2025-12-23 00:00:00+00:00,2282.0,2282.0,2282.0,2282.0
2025-12-24 00:00:00+00:00,2242.39990234375,2242.39990234375,2242.39990234375,2242.39990234375
2025-12-26 00:00:00+00:00,2467.699951171875,2467.699951171875,2467.699951171875,2467.699951171875
2025-12-29 00:00:00+00:00,2104.800048828125,2104.800048828125,2104.800048828125,2104.800048828125
2025-12-30 00:00:00+00:00,2065.0,2242.10009765625,2055.199951171875,2232.300048828125
2025-12-31 00:00:00+00:00,2162.0,2162.0,1978.9000244140625,2034.5
2026-01-02 00:00:00+00:00,2104.0,2143.0,2090.0,2125.699951171875
2026-01-05 00:00:00+00:00,2242.800048828125,2284.60009765625,2242.60009765625,2269.5
2026-01-06 00:00:00+00:00,2332.800048828125,2434.0,2298.699951171875,2434.0
2026-01-07 00:00:00+00:00,2358.199951171875,2372.5,2253.39990234375,2253.39990234375
2026-01-08 00:00:00+00:00,2251.699951171875,2251.699951171875,2251.699951171875,2251.699951171875
2026-01-09 00:00:00+00:00,2260.0,2278.300048828125,2260.0,2278.300048828125
2026-01-12 00:00:00+00:00,2359.60009765625,2359.60009765625,2359.60009765625,2359.60009765625
2026-01-13 00:00:00+00:00,2320.60009765625,2376.5,2317.800048828125,2333.800048828125
2026-01-14 00:00:00+00:00,2367.10009765625,2400.0,2367.10009765625,2367.10009765625
2026-01-15 00:00:00+00:00,2390.0,2390.0,2390.0,2390.0
2026-01-16 00:00:00+00:00,2285.800048828125,2303.800048828125,2240.5,2303.800048828125
2026-01-20 00:00:00+00:00,2418.0,2431.5,2406.300048828125,2431.5
2026-01-21 00:00:00+00:00,2477.199951171875,2480.39990234375,2463.0,2480.39990234375
2026-01-22 00:00:00+00:00,2561.800048828125,2561.800048828125,2561.800048828125,2561.800048828125
2026-01-23 00:00:00+00:00,2645.800048828125,2722.10009765625,2640.5,2722.10009765625
2026-01-26 00:00:00+00:00,2852.39990234375,2852.39990234375,2852.39990234375,2852.39990234375
2026-01-27 00:00:00+00:00,2513.199951171875,2513.199951171875,2513.199951171875,2513.199951171875
2026-01-28 00:00:00+00:00,2605.699951171875,2605.699951171875,2605.699951171875,2605.699951171875
2026-01-29 00:00:00+00:00,2597.39990234375,2597.39990234375,2597.39990234375,2597.39990234375
2026-01-30 00:00:00+00:00,2470.0,2470.0,2102.800048828125,2102.800048828125
2026-02-02 00:00:00+00:00,2096.699951171875,2105.0,2082.89990234375,2093.5
2026-02-03 00:00:00+00:00,2195.60009765625,2195.60009765625,2195.60009765625,2195.60009765625
2026-02-04 00:00:00+00:00,2245.0,2282.39990234375,2162.699951171875,2162.699951171875
2026-02-05 00:00:00+00:00,2080.0,2080.0,2061.60009765625,2061.60009765625
2026-02-06 00:00:00+00:00,2093.300048828125,2093.300048828125,2093.300048828125,2093.300048828125
2026-02-09 00:00:00+00:00,2108.89990234375,2108.89990234375,2108.89990234375,2108.89990234375
2026-02-10 00:00:00+00:00,2091.60009765625,2091.60009765625,2091.60009765625,2091.60009765625
2026-02-11 00:00:00+00:00,2137.89990234375,2137.89990234375,2137.89990234375,2137.89990234375
2026-02-12 00:00:00+00:00,2014.0,2014.0,2014.0,2014.0
2026-02-13 00:00:00+00:00,2071.199951171875,2071.199951171875,2071.199951171875,2071.199951171875
2026-02-17 00:00:00+00:00,2012.5,2012.5,2012.5,2012.5
2026-02-18 00:00:00+00:00,2106.39990234375,2106.39990234375,2106.39990234375,2106.39990234375
2026-02-19 00:00:00+00:00,2062.300048828125,2062.300048828125,2062.300048828125,2062.300048828125
2026-02-20 00:00:00+00:00,2169.699951171875,2169.699951171875,2169.699951171875,2169.699951171875
2026-02-23 00:00:00+00:00,2146.39990234375,2146.39990234375,2146.39990234375,2146.39990234375
2026-02-24 00:00:00+00:00,2181.10009765625,2181.10009765625,2181.10009765625,2181.10009765625
2026-02-25 00:00:00+00:00,2325.60009765625,2325.60009765625,2325.60009765625,2325.60009765625
2026-02-26 00:00:00+00:00,2291.5,2291.5,2230.699951171875,2230.699951171875
2026-02-27 00:00:00+00:00,2358.300048828125,2365.60009765625,2357.39990234375,2365.60009765625
2026-03-02 00:00:00+00:00,2311.89990234375,2311.89990234375,2311.89990234375,2311.89990234375
2026-03-03 00:00:00+00:00,2074.800048828125,2074.800048828125,2074.800048828125,2074.800048828125
2026-03-04 00:00:00+00:00,2154.699951171875,2154.699951171875,2154.699951171875,2154.699951171875
2026-03-05 00:00:00+00:00,2130.0,2130.0,2130.0,2130.0
2026-03-06 00:00:00+00:00,2142.39990234375,2142.39990234375,2142.39990234375,2142.39990234375
2026-03-09 00:00:00+00:00,2169.60009765625,2169.60009765625,2169.60009765625,2169.60009765625
2026-03-10 00:00:00+00:00,2235.0,2235.0,2235.0,2235.0
2026-03-11 00:00:00+00:00,2205.0,2205.0,2205.0,2205.0
2026-03-12 00:00:00+00:00,2160.0,2160.0,2160.0,2160.0
2026-03-13 00:00:00+00:00,2036.5999755859375,2036.5999755859375,2036.5999755859375,2036.5999755859375
2026-03-16 00:00:00+00:00,2070.699951171875,2105.800048828125,2070.699951171875,2089.5
2026-03-17 00:00:00+00:00,2131.800048828125,2131.800048828125,2131.800048828125,2131.800048828125
2026-03-18 00:00:00+00:00,2052.0,2052.0,2052.0,2052.0
2026-03-19 00:00:00+00:00,1910.0,1939.199951171875,1910.0,1939.199951171875
2026-03-20 00:00:00+00:00,1970.5999755859375,1970.5999755859375,1970.5999755859375,1970.5999755859375
2026-03-23 00:00:00+00:00,1860.300048828125,1860.300048828125,1860.300048828125,1860.300048828125
2026-03-24 00:00:00+00:00,1892.0,1892.0,1892.0,1892.0
2026-03-25 00:00:00+00:00,1925.199951171875,1925.199951171875,1925.199951171875,1925.199951171875
2026-03-26 00:00:00+00:00,1838.300048828125,1838.300048828125,1838.300048828125,1838.300048828125
2026-03-27 00:00:00+00:00,1870.5999755859375,1870.5999755859375,1870.5999755859375,1870.5999755859375
2026-03-30 00:00:00+00:00,1843.300048828125,1915.0999755859375,1822.5,1885.5999755859375
2026-03-31 00:00:00+00:00,1870.0,1950.0,1870.0,1950.0
2026-04-01 00:00:00+00:00,1959.0999755859375,1969.300048828125,1930.5999755859375,1969.300048828125
2026-04-02 00:00:00+00:00,1890.300048828125,1963.800048828125,1890.300048828125,1963.800048828125
2026-04-06 00:00:00+00:00,1958.199951171875,1958.199951171875,1958.199951171875,1958.199951171875
2026-04-07 00:00:00+00:00,1940.0,1943.0999755859375,1929.0999755859375,1929.0999755859375
2026-04-08 00:00:00+00:00,1974.199951171875,2075.0,1964.800048828125,2050.60009765625
2026-04-09 00:00:00+00:00,2004.0,2106.89990234375,2004.0,2096.60009765625
2026-04-10 00:00:00+00:00,2036.0,2049.10009765625,2036.0,2049.10009765625
2026-04-13 00:00:00+00:00,2033.0,2061.800048828125,2026.0,2061.800048828125
2026-04-14 00:00:00+00:00,2078.300048828125,2091.5,2075.10009765625,2084.60009765625
2026-04-15 00:00:00+00:00,2126.300048828125,2132.199951171875,2093.10009765625,2112.89990234375
2026-04-16 00:00:00+00:00,2094.10009765625,2094.10009765625,2094.10009765625,2094.10009765625
2026-04-17 00:00:00+00:00,2124.5,2124.5,2109.5,2124.5
2026-04-20 00:00:00+00:00,2074.0,2074.0,2070.699951171875,2070.699951171875
2026-04-21 00:00:00+00:00,2024.300048828125,2024.300048828125,2024.300048828125,2024.300048828125
2026-04-22 00:00:00+00:00,2072.60009765625,2072.60009765625,2072.60009765625,2072.60009765625
2026-04-23 00:00:00+00:00,2003.0,2022.5999755859375,2003.0,2022.5999755859375
2026-04-24 00:00:00+00:00,2015.0,2015.0,2015.0,2015.0
2026-04-27 00:00:00+00:00,2008.300048828125,2011.0,1981.0999755859375,1981.0999755859375
2026-04-28 00:00:00+00:00,1942.300048828125,1942.300048828125,1942.300048828125,1942.300048828125
2026-04-29 00:00:00+00:00,1929.9000244140625,1933.0,1876.0,1885.300048828125
2026-04-30 00:00:00+00:00,1891.9000244140625,1979.0,1891.9000244140625,1979.0
2026-05-01 00:00:00+00:00,1996.5999755859375,1996.5999755859375,1996.5999755859375,1996.5999755859375
2026-05-04 00:00:00+00:00,1946.9000244140625,1946.9000244140625,1946.9000244140625,1946.9000244140625
2026-05-05 00:00:00+00:00,1960.699951171875,1960.699951171875,1960.699951171875,1960.699951171875
2026-05-06 00:00:00+00:00,2058.10009765625,2058.10009765625,2048.699951171875,2048.699951171875
2026-05-07 00:00:00+00:00,2068.199951171875,2068.199951171875,2048.10009765625,2048.10009765625
2026-05-08 00:00:00+00:00,2042.0,2047.199951171875,2042.0,2047.199951171875
2026-05-11 00:00:00+00:00,2115.5,2115.5,2115.5,2115.5
2026-05-12 00:00:00+00:00,2110.0,2110.0,2110.0,2110.0
2026-05-13 00:00:00+00:00,2133.199951171875,2197.60009765625,2133.199951171875,2187.10009765625
2026-05-14 00:00:00+00:00,2083.5,2083.5,2083.5,2083.5
2026-05-15 00:00:00+00:00,1981.300048828125,1981.300048828125,1981.300048828125,1981.300048828125
2026-05-18 00:00:00+00:00,1968.0999755859375,1968.0999755859375,1968.0999755859375,1968.0999755859375
2026-05-19 00:00:00+00:00,1933.800048828125,1933.800048828125,1933.800048828125,1933.800048828125
2026-05-20 00:00:00+00:00,1949.800048828125,1949.800048828125,1949.800048828125,1949.800048828125
2026-05-21 00:00:00+00:00,1955.0999755859375,1955.0999755859375,1955.0999755859375,1955.0999755859375
2026-05-22 00:00:00+00:00,1931.5999755859375,1931.5999755859375,1931.5999755859375,1931.5999755859375
2026-05-26 00:00:00+00:00,1942.199951171875,1942.199951171875,1942.199951171875,1942.199951171875
2026-05-27 00:00:00+00:00,1914.199951171875,1918.699951171875,1911.0999755859375,1918.699951171875
2026-05-28 00:00:00+00:00,1899.4000244140625,1948.699951171875,1885.199951171875,1921.5999755859375
2026-05-29 00:00:00+00:00,1922.199951171875,1922.199951171875,1922.199951171875,1922.199951171875
2026-06-01 00:00:00+00:00,1922.4000244140625,1922.4000244140625,1922.4000244140625,1922.4000244140625
2026-06-02 00:00:00+00:00,1937.4000244140625,1937.4000244140625,1937.4000244140625,1937.4000244140625
2026-06-03 00:00:00+00:00,1868.699951171875,1868.699951171875,1868.699951171875,1868.699951171875
2026-06-04 00:00:00+00:00,1894.0,1894.0,1894.0,1894.0
2026-06-05 00:00:00+00:00,1792.0,1792.0,1792.0,1792.0
2026-06-08 00:00:00+00:00,1749.4000244140625,1749.4000244140625,1749.4000244140625,1749.4000244140625
2026-06-09 00:00:00+00:00,1708.5999755859375,1708.5999755859375,1708.5999755859375,1708.5999755859375
2026-06-10 00:00:00+00:00,1688.0,1688.0,1688.0,1688.0
2026-06-11 00:00:00+00:00,1682.0999755859375,1682.0999755859375,1662.5999755859375,1662.5999755859375
2026-06-12 00:00:00+00:00,1709.199951171875,1709.199951171875,1709.199951171875,1709.199951171875
2026-06-15 00:00:00+00:00,1770.0,1770.0,1770.0,1770.0
2026-06-16 00:00:00+00:00,1812.0999755859375,1812.0999755859375,1812.0999755859375,1812.0999755859375
2026-06-17 00:00:00+00:00,1790.699951171875,1790.699951171875,1790.699951171875,1790.699951171875
2026-06-18 00:00:00+00:00,1705.199951171875,1705.199951171875,1705.199951171875,1705.199951171875
2026-06-22 00:00:00+00:00,1670.300048828125,1670.300048828125,1670.300048828125,1670.300048828125
2026-06-23 00:00:00+00:00,1660.9000244140625,1660.9000244140625,1660.9000244140625,1660.9000244140625
2026-06-24 00:00:00+00:00,1580.5999755859375,1580.5999755859375,1580.5999755859375,1580.5999755859375
2026-06-25 00:00:00+00:00,1601.699951171875,1601.699951171875,1601.699951171875,1601.699951171875
2026-06-26 00:00:00+00:00,1630.9000244140625,1630.9000244140625,1630.9000244140625,1630.9000244140625
2026-06-29 00:00:00+00:00,1612.0999755859375,1621.5,1566.0,1574.5
2026-06-30 00:00:00+00:00,1574.0999755859375,1588.199951171875,1550.0,1550.199951171875
2026-07-01 00:00:00+00:00,1531.300048828125,1588.9000244140625,1530.699951171875,1588.9000244140625
2026-07-02 00:00:00+00:00,1625.0999755859375,1625.0999755859375,1616.5999755859375,1616.5999755859375
2026-07-06 00:00:00+00:00,1664.300048828125,1666.4000244140625,1626.800048828125,1631.699951171875
2026-07-07 00:00:00+00:00,1651.199951171875,1651.199951171875,1651.199951171875,1651.199951171875
2026-07-08 00:00:00+00:00,1627.0,1627.0,1576.4000244140625,1576.4000244140625
2026-07-09 00:00:00+00:00,1620.0,1620.0,1618.800048828125,1618.800048828125
2026-07-10 00:00:00+00:00,1618.0999755859375,1618.0999755859375,1618.0999755859375,1618.0999755859375
2026-07-13 00:00:00+00:00,1602.199951171875,1602.199951171875,1602.199951171875,1602.199951171875
2026-07-14 00:00:00+00:00,1635.0,1639.699951171875,1631.5,1631.5
2026-07-15 00:00:00+00:00,1631.5,1631.5,1631.5,1631.5
2026-07-16 00:00:00+00:00,1645.5,1654.300048828125,1635.5,1635.699951171875
2026-07-17 00:00:00+00:00,1610.199951171875,1610.199951171875,1593.800048828125,1605.800048828125
2026-07-20 00:00:00+00:00,1592.199951171875,1592.199951171875,1592.199951171875,1592.199951171875
2026-07-21 00:00:00+00:00,1626.0999755859375,1626.0999755859375,1626.0999755859375,1626.0999755859375
2026-07-22 00:00:00+00:00,1643.199951171875,1643.199951171875,1643.199951171875,1643.199951171875
2026-07-23 00:00:00+00:00,1599.0999755859375,1599.0999755859375,1599.0999755859375,1599.0999755859375
2026-07-24 00:00:00+00:00,1593.4000244140625,1593.4000244140625,1593.4000244140625,1593.4000244140625
2026-07-27 00:00:00+00:00,1620.5999755859375,1620.5999755859375,1620.5999755859375,1620.5999755859375
2026-07-28 00:00:00+00:00,1630.0,1630.0,1612.199951171875,1612.199951171875
2026-07-29 00:00:00+00:00,1590.0999755859375,1590.0999755859375,1590.0999755859375,1590.0999755859375
2026-07-30 00:00:00+00:00,1612.0999755859375,1651.9000244140625,1612.0999755859375,1651.9000244140625
2026-07-31 00:00:00+00:00,1650.300048828125,1650.300048828125,1650.300048828125,1650.300048828125
2026-08-03 00:00:00+00:00,1618.0,1618.0,1618.0,1618.0
2026-08-04 00:00:00+00:00,1747.300048828125,1747.300048828125,1747.300048828125,1747.300048828125
2026-08-05 00:00:00+00:00,1737.4000244140625,1737.4000244140625,1737.4000244140625,1737.4000244140625
2026-08-06 00:00:00+00:00,1729.0,1729.0,1729.0,1729.0
2026-08-07 00:00:00+00:00,1750.0999755859375,1750.0999755859375,1750.0999755859375,1750.0999755859375
2026-08-10 00:00:00+00:00,1744.5,1744.5,1744.5,1744.5
2026-08-11 00:00:00+00:00,1745.800048828125,1745.800048828125,1745.800048828125,1745.800048828125
2026-08-12 00:00:00+00:00,1761.0999755859375,1761.0999755859375,1761.0999755859375,1761.0999755859375
2026-08-13 00:00:00+00:00,1725.199951171875,1725.199951171875,1725.199951171875,1725.199951171875
2026-08-14 00:00:00+00:00,1750.0,1750.0,1750.0,1750.0
2026-08-17 00:00:00+00:00,1781.5,1781.5,1781.5,1781.5
2026-08-18 00:00:00+00:00,1726.4000244140625,1726.4000244140625,1726.4000244140625,1726.4000244140625
2026-08-19 00:00:00+00:00,1802.5999755859375,1802.5999755859375,1802.5999755859375,1802.5999755859375
2026-08-20 00:00:00+00:00,1831.0,1831.0,1831.0,1831.0
2026-08-21 00:00:00+00:00,1887.300048828125,1887.300048828125,1887.300048828125,1887.300048828125
2026-08-24 00:00:00+00:00,1880.0999755859375,1880.0999755859375,1880.0999755859375,1880.0999755859375
2026-08-25 00:00:00+00:00,1852.5999755859375,1852.5999755859375,1852.5999755859375,1852.5999755859375
2026-08-26 00:00:00+00:00,1835.699951171875,1835.699951171875,1835.699951171875,1835.699951171875
2026-08-27 00:00:00+00:00,1845.300048828125,1845.300048828125,1845.300048828125,1845.300048828125
2026-08-28 00:00:00+00:00,1853.0,1887.9000244140625,1847.5999755859375,1847.5999755859375
2026-08-31 00:00:00+00:00,1788.4000244140625,1788.4000244140625,1788.4000244140625,1788.4000244140625
2026-09-01 00:00:00+00:00,1761.5,1761.5,1761.5,1761.5
2026-09-02 00:00:00+00:00,1759.800048828125,1759.800048828125,1759.800048828125,1759.800048828125
2026-09-03 00:00:00+00:00,1828.4000244140625,1828.4000244140625,1828.4000244140625,1828.4000244140625
2026-09-04 00:00:00+00:00,1821.0,1821.0,1821.0,1821.0
2026-09-08 00:00:00+00:00,1848.199951171875,1848.199951171875,1848.199951171875,1848.199951171875
2026-09-09 00:00:00+00:00,1914.4000244140625,1916.800048828125,1904.199951171875,1914.4000244140625
2026-09-10 00:00:00+00:00,1797.0999755859375,1797.0999755859375,1797.0999755859375,1797.0999755859375
2026-09-11 00:00:00+00:00,1793.5,1793.5,1793.5,1793.5
2026-09-14 00:00:00+00:00,1775.9000244140625,1775.9000244140625,1775.9000244140625,1775.9000244140625
2026-09-15 00:00:00+00:00,1773.199951171875,1773.199951171875,1773.199951171875,1773.199951171875
2026-09-16 00:00:00+00:00,1783.199951171875,1783.199951171875,1783.199951171875,1783.199951171875
2026-09-17 00:00:00+00:00,1791.4000244140625,1791.4000244140625,1791.4000244140625,1791.4000244140625
2026-09-18 00:00:00+00:00,1795.0,1803.5,1795.0,1803.5
2026-09-21 00:00:00+00:00,1798.5,1798.5,1798.5,1798.5
2026-09-22 00:00:00+00:00,1791.0999755859375,1822.5999755859375,1791.0999755859375,1822.5999755859375
2026-09-23 00:00:00+00:00,1745.699951171875,1745.699951171875,1745.699951171875,1745.699951171875
2026-09-24 00:00:00+00:00,1749.0999755859375,1749.0999755859375,1749.0999755859375,1749.0999755859375
2026-09-25 00:00:00+00:00,1774.699951171875,1774.699951171875,1774.699951171875,1774.699951171875
2026-09-28 00:00:00+00:00,1800.300048828125,1800.9000244140625,1726.5999755859375,1746.4000244140625
